basin_id,paradigm,model,period,kge,kge_prime,selected_run
01022500,IC-CMA-ES,XAJ-Base,train,0.6841805906030526,0.6841805906030526,True
01022500,IC-CMA-ES,XAJ-Base,test,0.7754456171355555,0.7754456171355555,True
01022500,IC-CMA-ES,XAJ-TGD,train,0.7739791106779585,0.7739791106779585,True
01022500,IC-CMA-ES,XAJ-TGD,test,0.731415991222181,0.731415991222181,True
01022500,IC-CMA-ES,XAJ-CN,train,0.9002920301817113,0.9002920301817113,True
01022500,IC-CMA-ES,XAJ-CN,test,0.85645540927202,0.85645540927202,True
01022500,dPL-MLP,XAJ-Base,train,0.6804131677121045,0.6804131677121045,True
01022500,dPL-MLP,XAJ-Base,test,0.783397585978614,0.783397585978614,True
01022500,dPL-MLP,XAJ-TGD,train,0.7377123110619652,0.7377123110619652,True
01022500,dPL-MLP,XAJ-TGD,test,0.7336014402283065,0.7336014402283065,True
01022500,dPL-MLP,XAJ-CN,train,0.8671756513792351,0.8671756513792351,True
01022500,dPL-MLP,XAJ-CN,test,0.8266523941325716,0.8266523941325716,True
01031500,IC-CMA-ES,XAJ-Base,train,0.627606762463474,0.627606762463474,True
01031500,IC-CMA-ES,XAJ-Base,test,0.6256982619147154,0.6256982619147154,True
01031500,IC-CMA-ES,XAJ-TGD,train,0.6537301859539546,0.6537301859539546,True
01031500,IC-CMA-ES,XAJ-TGD,test,0.6630425190851054,0.6630425190851054,True
01031500,IC-CMA-ES,XAJ-CN,train,0.89598564421113,0.89598564421113,True
01031500,IC-CMA-ES,XAJ-CN,test,0.8651233441392872,0.8651233441392872,True
01031500,dPL-MLP,XAJ-Base,train,0.5875828405861748,0.5875828405861748,True
01031500,dPL-MLP,XAJ-Base,test,0.6537049648882446,0.6537049648882446,True
01031500,dPL-MLP,XAJ-TGD,train,0.5889151145767748,0.5889151145767748,True
01031500,dPL-MLP,XAJ-TGD,test,0.6577667709722892,0.6577667709722892,True
01031500,dPL-MLP,XAJ-CN,train,0.8528400918673305,0.8528400918673305,True
01031500,dPL-MLP,XAJ-CN,test,0.8626650952457179,0.8626650952457179,True
01047000,IC-CMA-ES,XAJ-Base,train,0.5965102898507894,0.5965102898507894,True
01047000,IC-CMA-ES,XAJ-Base,test,0.6536538638773675,0.6536538638773675,True
01047000,IC-CMA-ES,XAJ-TGD,train,0.6405492099387277,0.6405492099387277,True
01047000,IC-CMA-ES,XAJ-TGD,test,0.6715479346113582,0.6715479346113582,True
01047000,IC-CMA-ES,XAJ-CN,train,0.8876682600951086,0.8876682600951086,True
01047000,IC-CMA-ES,XAJ-CN,test,0.8555181340434186,0.8555181340434186,True
01047000,dPL-MLP,XAJ-Base,train,0.5684169099836238,0.5684169099836238,True
01047000,dPL-MLP,XAJ-Base,test,0.6879177894919426,0.6879177894919426,True
01047000,dPL-MLP,XAJ-TGD,train,0.6023582774857623,0.6023582774857623,True
01047000,dPL-MLP,XAJ-TGD,test,0.6500938570936099,0.6500938570936099,True
01047000,dPL-MLP,XAJ-CN,train,0.8464949752865728,0.8464949752865728,True
01047000,dPL-MLP,XAJ-CN,test,0.8465030107600997,0.8465030107600997,True
01052500,IC-CMA-ES,XAJ-Base,train,0.311299627582523,0.311299627582523,True
01052500,IC-CMA-ES,XAJ-Base,test,0.412352479746684,0.412352479746684,True
01052500,IC-CMA-ES,XAJ-TGD,train,0.7859487698031827,0.7859487698031827,True
01052500,IC-CMA-ES,XAJ-TGD,test,0.6993041702415925,0.6993041702415925,True
01052500,IC-CMA-ES,XAJ-CN,train,0.8793853743994584,0.8793853743994584,True
01052500,IC-CMA-ES,XAJ-CN,test,0.8106025730392704,0.8106025730392704,True
01052500,dPL-MLP,XAJ-Base,train,0.3088400022929548,0.3088400022929548,True
01052500,dPL-MLP,XAJ-Base,test,0.3749675924036951,0.3749675924036951,True
01052500,dPL-MLP,XAJ-TGD,train,0.7703575426549746,0.7703575426549746,True
01052500,dPL-MLP,XAJ-TGD,test,0.6827129619105807,0.6827129619105807,True
01052500,dPL-MLP,XAJ-CN,train,0.8675568490543064,0.8675568490543064,True
01052500,dPL-MLP,XAJ-CN,test,0.7957292031394432,0.7957292031394432,True
01054200,IC-CMA-ES,XAJ-Base,train,0.5920096596277791,0.5920096596277791,True
01054200,IC-CMA-ES,XAJ-Base,test,0.6251181965889503,0.6251181965889503,True
01054200,IC-CMA-ES,XAJ-TGD,train,0.6490409867305125,0.6490409867305125,True
01054200,IC-CMA-ES,XAJ-TGD,test,0.6744098804141362,0.6744098804141362,True
01054200,IC-CMA-ES,XAJ-CN,train,0.8301610008722681,0.8301610008722681,True
01054200,IC-CMA-ES,XAJ-CN,test,0.8133777392497494,0.8133777392497494,True
01054200,dPL-MLP,XAJ-Base,train,0.580954087246061,0.580954087246061,True
01054200,dPL-MLP,XAJ-Base,test,0.608388672131831,0.608388672131831,True
01054200,dPL-MLP,XAJ-TGD,train,0.5384306054422288,0.5384306054422288,True
01054200,dPL-MLP,XAJ-TGD,test,0.5531968909529625,0.5531968909529625,True
01054200,dPL-MLP,XAJ-CN,train,0.8098189413090455,0.8098189413090455,True
01054200,dPL-MLP,XAJ-CN,test,0.8116360191038647,0.8116360191038647,True
01055000,IC-CMA-ES,XAJ-Base,train,0.5647864221692689,0.5647864221692689,True
01055000,IC-CMA-ES,XAJ-Base,test,0.5996013980958563,0.5996013980958563,True
01055000,IC-CMA-ES,XAJ-TGD,train,0.6214130524167643,0.6214130524167643,True
01055000,IC-CMA-ES,XAJ-TGD,test,0.6530330830759743,0.6530330830759743,True
01055000,IC-CMA-ES,XAJ-CN,train,0.8658969369821542,0.8658969369821542,True
01055000,IC-CMA-ES,XAJ-CN,test,0.7988105571749797,0.7988105571749797,True
01055000,dPL-MLP,XAJ-Base,train,0.5491832736177207,0.5491832736177207,True
01055000,dPL-MLP,XAJ-Base,test,0.6032957785019655,0.6032957785019655,True
01055000,dPL-MLP,XAJ-TGD,train,0.5783418622335856,0.5783418622335856,True
01055000,dPL-MLP,XAJ-TGD,test,0.6114210033420037,0.6114210033420037,True
01055000,dPL-MLP,XAJ-CN,train,0.830866672575761,0.830866672575761,True
01055000,dPL-MLP,XAJ-CN,test,0.8016997928648992,0.8016997928648992,True
01057000,IC-CMA-ES,XAJ-Base,train,0.6975526203037088,0.6975526203037088,True
01057000,IC-CMA-ES,XAJ-Base,test,0.5135348718482158,0.5135348718482158,True
01057000,IC-CMA-ES,XAJ-TGD,train,0.7569004510647608,0.7569004510647608,True
01057000,IC-CMA-ES,XAJ-TGD,test,0.5726660153190646,0.5726660153190646,True
01057000,IC-CMA-ES,XAJ-CN,train,0.918764977060134,0.918764977060134,True
01057000,IC-CMA-ES,XAJ-CN,test,0.6833663674366555,0.6833663674366555,True
01057000,dPL-MLP,XAJ-Base,train,0.6734124019953915,0.6734124019953915,True
01057000,dPL-MLP,XAJ-Base,test,0.6370083096066024,0.6370083096066024,True
01057000,dPL-MLP,XAJ-TGD,train,0.6113715827142758,0.6113715827142758,True
01057000,dPL-MLP,XAJ-TGD,test,0.6697263707246383,0.6697263707246383,True
01057000,dPL-MLP,XAJ-CN,train,0.8863790483876066,0.8863790483876066,True
01057000,dPL-MLP,XAJ-CN,test,0.7415418500412986,0.7415418500412986,True
01073000,IC-CMA-ES,XAJ-Base,train,0.7920935854512686,0.7920935854512686,True
01073000,IC-CMA-ES,XAJ-Base,test,0.7617016970353587,0.7617016970353587,True
01073000,IC-CMA-ES,XAJ-TGD,train,0.8321858640435413,0.8321858640435413,True
01073000,IC-CMA-ES,XAJ-TGD,test,0.7988218443395448,0.7988218443395448,True
01073000,IC-CMA-ES,XAJ-CN,train,0.930295858120345,0.930295858120345,True
01073000,IC-CMA-ES,XAJ-CN,test,0.7890171220561553,0.7890171220561553,True
01073000,dPL-MLP,XAJ-Base,train,0.7751567098830531,0.7751567098830531,True
01073000,dPL-MLP,XAJ-Base,test,0.8048762429370189,0.8048762429370189,True
01073000,dPL-MLP,XAJ-TGD,train,0.7987285149301557,0.7987285149301557,True
01073000,dPL-MLP,XAJ-TGD,test,0.7927992542116049,0.7927992542116049,True
01073000,dPL-MLP,XAJ-CN,train,0.9175602151882708,0.9175602151882708,True
01073000,dPL-MLP,XAJ-CN,test,0.7887245370488756,0.7887245370488756,True
01078000,IC-CMA-ES,XAJ-Base,train,0.6213803544845774,0.6213803544845774,True
01078000,IC-CMA-ES,XAJ-Base,test,0.6347907132765149,0.6347907132765149,True
01078000,IC-CMA-ES,XAJ-TGD,train,0.7460371682266218,0.7460371682266218,True
01078000,IC-CMA-ES,XAJ-TGD,test,0.6882472000506983,0.6882472000506983,True
01078000,IC-CMA-ES,XAJ-CN,train,0.9310914124102856,0.9310914124102856,True
01078000,IC-CMA-ES,XAJ-CN,test,0.8136373883352173,0.8136373883352173,True
01078000,dPL-MLP,XAJ-Base,train,0.6169236527810318,0.6169236527810318,True
01078000,dPL-MLP,XAJ-Base,test,0.6572170227681832,0.6572170227681832,True
01078000,dPL-MLP,XAJ-TGD,train,0.7286726093192961,0.7286726093192961,True
01078000,dPL-MLP,XAJ-TGD,test,0.7077263057007968,0.7077263057007968,True
01078000,dPL-MLP,XAJ-CN,train,0.9146687967100144,0.9146687967100144,True
01078000,dPL-MLP,XAJ-CN,test,0.832807896172191,0.832807896172191,True
01123000,IC-CMA-ES,XAJ-Base,train,0.8808699535130526,0.8808699535130526,True
01123000,IC-CMA-ES,XAJ-Base,test,0.8429455837554847,0.8429455837554847,True
01123000,IC-CMA-ES,XAJ-TGD,train,0.9000545235291247,0.9000545235291247,True
01123000,IC-CMA-ES,XAJ-TGD,test,0.8553092686743067,0.8553092686743067,True
01123000,IC-CMA-ES,XAJ-CN,train,0.8962902523841478,0.8962902523841478,True
01123000,IC-CMA-ES,XAJ-CN,test,0.842230204411972,0.842230204411972,True
01123000,dPL-MLP,XAJ-Base,train,0.8758105030837676,0.8758105030837676,True
01123000,dPL-MLP,XAJ-Base,test,0.8560801612239031,0.8560801612239031,True
01123000,dPL-MLP,XAJ-TGD,train,0.8736779198628902,0.8736779198628902,True
01123000,dPL-MLP,XAJ-TGD,test,0.8728291993640234,0.8728291993640234,True
01123000,dPL-MLP,XAJ-CN,train,0.8770594140987524,0.8770594140987524,True
01123000,dPL-MLP,XAJ-CN,test,0.827820316170256,0.827820316170256,True
01134500,IC-CMA-ES,XAJ-Base,train,0.4325642034120336,0.4325642034120336,True
01134500,IC-CMA-ES,XAJ-Base,test,0.5018861398301999,0.5018861398301999,True
01134500,IC-CMA-ES,XAJ-TGD,train,0.7285728956259541,0.7285728956259541,True
01134500,IC-CMA-ES,XAJ-TGD,test,0.7007452985082971,0.7007452985082971,True
01134500,IC-CMA-ES,XAJ-CN,train,0.8523780333745073,0.8523780333745073,True
01134500,IC-CMA-ES,XAJ-CN,test,0.8521338090634416,0.8521338090634416,True
01134500,dPL-MLP,XAJ-Base,train,0.4115909948059392,0.4115909948059392,True
01134500,dPL-MLP,XAJ-Base,test,0.5426081403085895,0.5426081403085895,True
01134500,dPL-MLP,XAJ-TGD,train,0.6822004576516926,0.6822004576516926,True
01134500,dPL-MLP,XAJ-TGD,test,0.7132248862378991,0.7132248862378991,True
01134500,dPL-MLP,XAJ-CN,train,0.8025237672943332,0.8025237672943332,True
01134500,dPL-MLP,XAJ-CN,test,0.8577653783445096,0.8577653783445096,True
01137500,IC-CMA-ES,XAJ-Base,train,0.5651541654376184,0.5651541654376184,True
01137500,IC-CMA-ES,XAJ-Base,test,0.629614718145131,0.629614718145131,True
01137500,IC-CMA-ES,XAJ-TGD,train,0.6773740966526718,0.6773740966526718,True
01137500,IC-CMA-ES,XAJ-TGD,test,0.6512363859736252,0.6512363859736252,True
01137500,IC-CMA-ES,XAJ-CN,train,0.8673742243962759,0.8673742243962759,True
01137500,IC-CMA-ES,XAJ-CN,test,0.8178186900882981,0.8178186900882981,True
01137500,dPL-MLP,XAJ-Base,train,0.548772380694192,0.548772380694192,True
01137500,dPL-MLP,XAJ-Base,test,0.5945361592963226,0.5945361592963226,True
01137500,dPL-MLP,XAJ-TGD,train,0.6542883654677496,0.6542883654677496,True
01137500,dPL-MLP,XAJ-TGD,test,0.6162384089765067,0.6162384089765067,True
01137500,dPL-MLP,XAJ-CN,train,0.8445936020380083,0.8445936020380083,True
01137500,dPL-MLP,XAJ-CN,test,0.7995474317118488,0.7995474317118488,True
01139000,IC-CMA-ES,XAJ-Base,train,0.572359502635059,0.572359502635059,True
01139000,IC-CMA-ES,XAJ-Base,test,0.5952990116386414,0.5952990116386414,True
01139000,IC-CMA-ES,XAJ-TGD,train,0.7703247285694595,0.7703247285694595,True
01139000,IC-CMA-ES,XAJ-TGD,test,0.7457148235719847,0.7457148235719847,True
01139000,IC-CMA-ES,XAJ-CN,train,0.8764983354934363,0.8764983354934363,True
01139000,IC-CMA-ES,XAJ-CN,test,0.8711210825763364,0.8711210825763364,True
01139000,dPL-MLP,XAJ-Base,train,0.5764286635006188,0.5764286635006188,True
01139000,dPL-MLP,XAJ-Base,test,0.606969304473995,0.606969304473995,True
01139000,dPL-MLP,XAJ-TGD,train,0.7436448792677051,0.7436448792677051,True
01139000,dPL-MLP,XAJ-TGD,test,0.7372404742226403,0.7372404742226403,True
01139000,dPL-MLP,XAJ-CN,train,0.8652298114378106,0.8652298114378106,True
01139000,dPL-MLP,XAJ-CN,test,0.865685638235896,0.865685638235896,True
01139800,IC-CMA-ES,XAJ-Base,train,0.4118506357521735,0.4118506357521735,True
01139800,IC-CMA-ES,XAJ-Base,test,0.3569905371290448,0.3569905371290448,True
01139800,IC-CMA-ES,XAJ-TGD,train,0.7374121239533558,0.7374121239533558,True
01139800,IC-CMA-ES,XAJ-TGD,test,0.6787880651670306,0.6787880651670306,True
01139800,IC-CMA-ES,XAJ-CN,train,0.8240002900931994,0.8240002900931994,True
01139800,IC-CMA-ES,XAJ-CN,test,0.6878119788459284,0.6878119788459284,True
01139800,dPL-MLP,XAJ-Base,train,0.3970634312516922,0.3970634312516922,True
01139800,dPL-MLP,XAJ-Base,test,0.3925797189257818,0.3925797189257818,True
01139800,dPL-MLP,XAJ-TGD,train,0.6971654696715128,0.6971654696715128,True
01139800,dPL-MLP,XAJ-TGD,test,0.736088796442284,0.736088796442284,True
01139800,dPL-MLP,XAJ-CN,train,0.8126463847852348,0.8126463847852348,True
01139800,dPL-MLP,XAJ-CN,test,0.6816862468099445,0.6816862468099445,True
01142500,IC-CMA-ES,XAJ-Base,train,0.5014777348071252,0.5014777348071252,True
01142500,IC-CMA-ES,XAJ-Base,test,0.5132939106158052,0.5132939106158052,True
01142500,IC-CMA-ES,XAJ-TGD,train,0.7960352446253827,0.7960352446253827,True
01142500,IC-CMA-ES,XAJ-TGD,test,0.7283641215807588,0.7283641215807588,True
01142500,IC-CMA-ES,XAJ-CN,train,0.8837988254173974,0.8837988254173974,True
01142500,IC-CMA-ES,XAJ-CN,test,0.8184162240840035,0.8184162240840035,True
01142500,dPL-MLP,XAJ-Base,train,0.4828848476393308,0.4828848476393308,True
01142500,dPL-MLP,XAJ-Base,test,0.5170767245549306,0.5170767245549306,True
01142500,dPL-MLP,XAJ-TGD,train,0.7829010662834155,0.7829010662834155,True
01142500,dPL-MLP,XAJ-TGD,test,0.7514511646143377,0.7514511646143377,True
01142500,dPL-MLP,XAJ-CN,train,0.87174407979696,0.87174407979696,True
01142500,dPL-MLP,XAJ-CN,test,0.8163738242344816,0.8163738242344816,True
01144000,IC-CMA-ES,XAJ-Base,train,0.5228529290213688,0.5228529290213688,True
01144000,IC-CMA-ES,XAJ-Base,test,0.5431531107739894,0.5431531107739894,True
01144000,IC-CMA-ES,XAJ-TGD,train,0.7682820435655564,0.7682820435655564,True
01144000,IC-CMA-ES,XAJ-TGD,test,0.7465862221965667,0.7465862221965667,True
01144000,IC-CMA-ES,XAJ-CN,train,0.8982013238501378,0.8982013238501378,True
01144000,IC-CMA-ES,XAJ-CN,test,0.8286345980805961,0.8286345980805961,True
01144000,dPL-MLP,XAJ-Base,train,0.5218322372844237,0.5218322372844237,True
01144000,dPL-MLP,XAJ-Base,test,0.5553132804330552,0.5553132804330552,True
01144000,dPL-MLP,XAJ-TGD,train,0.7514093294521639,0.7514093294521639,True
01144000,dPL-MLP,XAJ-TGD,test,0.7648224171546153,0.7648224171546153,True
01144000,dPL-MLP,XAJ-CN,train,0.8841768343752148,0.8841768343752148,True
01144000,dPL-MLP,XAJ-CN,test,0.833808193507455,0.833808193507455,True
01162500,IC-CMA-ES,XAJ-Base,train,0.7088983186921272,0.7088983186921272,True
01162500,IC-CMA-ES,XAJ-Base,test,0.739864403793085,0.739864403793085,True
01162500,IC-CMA-ES,XAJ-TGD,train,0.7780325009262378,0.7780325009262378,True
01162500,IC-CMA-ES,XAJ-TGD,test,0.7827435137526745,0.7827435137526745,True
01162500,IC-CMA-ES,XAJ-CN,train,0.9253987983896091,0.9253987983896091,True
01162500,IC-CMA-ES,XAJ-CN,test,0.8587352119057268,0.8587352119057268,True
01162500,dPL-MLP,XAJ-Base,train,0.6910340481647603,0.6910340481647603,True
01162500,dPL-MLP,XAJ-Base,test,0.7379271071332122,0.7379271071332122,True
01162500,dPL-MLP,XAJ-TGD,train,0.7097776582966906,0.7097776582966906,True
01162500,dPL-MLP,XAJ-TGD,test,0.7332735039491767,0.7332735039491767,True
01162500,dPL-MLP,XAJ-CN,train,0.8907580309858847,0.8907580309858847,True
01162500,dPL-MLP,XAJ-CN,test,0.821462619729747,0.821462619729747,True
01169000,IC-CMA-ES,XAJ-Base,train,0.6444629015258523,0.6444629015258523,True
01169000,IC-CMA-ES,XAJ-Base,test,0.6497267137274814,0.6497267137274814,True
01169000,IC-CMA-ES,XAJ-TGD,train,0.7280350073848334,0.7280350073848334,True
01169000,IC-CMA-ES,XAJ-TGD,test,0.6968335435823649,0.6968335435823649,True
01169000,IC-CMA-ES,XAJ-CN,train,0.8859937049492344,0.8859937049492344,True
01169000,IC-CMA-ES,XAJ-CN,test,0.829958678434363,0.829958678434363,True
01169000,dPL-MLP,XAJ-Base,train,0.6455165742163734,0.6455165742163734,True
01169000,dPL-MLP,XAJ-Base,test,0.6564565559903367,0.6564565559903367,True
01169000,dPL-MLP,XAJ-TGD,train,0.5920572987236229,0.5920572987236229,True
01169000,dPL-MLP,XAJ-TGD,test,0.582484010381124,0.582484010381124,True
01169000,dPL-MLP,XAJ-CN,train,0.8777442952216772,0.8777442952216772,True
01169000,dPL-MLP,XAJ-CN,test,0.829591109070512,0.829591109070512,True
01170100,IC-CMA-ES,XAJ-Base,train,0.6459189571472939,0.6459189571472939,True
01170100,IC-CMA-ES,XAJ-Base,test,0.6437944096918153,0.6437944096918153,True
01170100,IC-CMA-ES,XAJ-TGD,train,0.7117940782568275,0.7117940782568275,True
01170100,IC-CMA-ES,XAJ-TGD,test,0.6788665099343669,0.6788665099343669,True
01170100,IC-CMA-ES,XAJ-CN,train,0.886687264099136,0.886687264099136,True
01170100,IC-CMA-ES,XAJ-CN,test,0.7985991829481731,0.7985991829481731,True
01170100,dPL-MLP,XAJ-Base,train,0.627130034431344,0.627130034431344,True
01170100,dPL-MLP,XAJ-Base,test,0.6035319208878549,0.6035319208878549,True
01170100,dPL-MLP,XAJ-TGD,train,0.6583021580698468,0.6583021580698468,True
01170100,dPL-MLP,XAJ-TGD,test,0.6059336994774163,0.6059336994774163,True
01170100,dPL-MLP,XAJ-CN,train,0.8754232862500871,0.8754232862500871,True
01170100,dPL-MLP,XAJ-CN,test,0.7924759309329215,0.7924759309329215,True
01181000,IC-CMA-ES,XAJ-Base,train,0.7078447264087332,0.7078447264087332,True
01181000,IC-CMA-ES,XAJ-Base,test,0.7358587587228084,0.7358587587228084,True
01181000,IC-CMA-ES,XAJ-TGD,train,0.7682431883459757,0.7682431883459757,True
01181000,IC-CMA-ES,XAJ-TGD,test,0.7394777565842731,0.7394777565842731,True
01181000,IC-CMA-ES,XAJ-CN,train,0.8728524908418457,0.8728524908418457,True
01181000,IC-CMA-ES,XAJ-CN,test,0.8239939289747485,0.8239939289747485,True
01181000,dPL-MLP,XAJ-Base,train,0.684841918536779,0.684841918536779,True
01181000,dPL-MLP,XAJ-Base,test,0.7132892885262224,0.7132892885262224,True
01181000,dPL-MLP,XAJ-TGD,train,0.7062441356947258,0.7062441356947258,True
01181000,dPL-MLP,XAJ-TGD,test,0.6986044824281654,0.6986044824281654,True
01181000,dPL-MLP,XAJ-CN,train,0.8538428322874723,0.8538428322874723,True
01181000,dPL-MLP,XAJ-CN,test,0.8058691324472735,0.8058691324472735,True
01187300,IC-CMA-ES,XAJ-Base,train,0.7359538436075914,0.7359538436075914,True
01187300,IC-CMA-ES,XAJ-Base,test,0.7499560666856229,0.7499560666856229,True
01187300,IC-CMA-ES,XAJ-TGD,train,0.7828496856097097,0.7828496856097097,True
01187300,IC-CMA-ES,XAJ-TGD,test,0.7859868241747665,0.7859868241747665,True
01187300,IC-CMA-ES,XAJ-CN,train,0.8587290391264842,0.8587290391264842,True
01187300,IC-CMA-ES,XAJ-CN,test,0.7935912284005698,0.7935912284005698,True
01187300,dPL-MLP,XAJ-Base,train,0.7314685767922243,0.7314685767922243,True
01187300,dPL-MLP,XAJ-Base,test,0.7562949518520288,0.7562949518520288,True
01187300,dPL-MLP,XAJ-TGD,train,0.7584389387993813,0.7584389387993813,True
01187300,dPL-MLP,XAJ-TGD,test,0.7736995296932705,0.7736995296932705,True
01187300,dPL-MLP,XAJ-CN,train,0.8233421759936104,0.8233421759936104,True
01187300,dPL-MLP,XAJ-CN,test,0.8041258685147384,0.8041258685147384,True
01195100,IC-CMA-ES,XAJ-Base,train,0.8634634998812066,0.8634634998812066,True
01195100,IC-CMA-ES,XAJ-Base,test,0.77747612974823,0.77747612974823,True
01195100,IC-CMA-ES,XAJ-TGD,train,0.8721998558731247,0.8721998558731247,True
01195100,IC-CMA-ES,XAJ-TGD,test,0.7851244362685367,0.7851244362685367,True
01195100,IC-CMA-ES,XAJ-CN,train,0.8769259286917475,0.8769259286917475,True
01195100,IC-CMA-ES,XAJ-CN,test,0.7901001045726833,0.7901001045726833,True
01195100,dPL-MLP,XAJ-Base,train,0.831654486726741,0.831654486726741,True
01195100,dPL-MLP,XAJ-Base,test,0.8133030433345353,0.8133030433345353,True
01195100,dPL-MLP,XAJ-TGD,train,0.8249165277756598,0.8249165277756598,True
01195100,dPL-MLP,XAJ-TGD,test,0.8166552343164767,0.8166552343164767,True
01195100,dPL-MLP,XAJ-CN,train,0.844979437389459,0.844979437389459,True
01195100,dPL-MLP,XAJ-CN,test,0.7969695527156898,0.7969695527156898,True
04296000,IC-CMA-ES,XAJ-Base,train,0.437426486513447,0.437426486513447,True
04296000,IC-CMA-ES,XAJ-Base,test,0.524220576065391,0.524220576065391,True
04296000,IC-CMA-ES,XAJ-TGD,train,0.8363441274434645,0.8363441274434645,True
04296000,IC-CMA-ES,XAJ-TGD,test,0.7421341606201723,0.7421341606201723,True
04296000,IC-CMA-ES,XAJ-CN,train,0.9103080041246788,0.9103080041246788,True
04296000,IC-CMA-ES,XAJ-CN,test,0.8478406223167697,0.8478406223167697,True
04296000,dPL-MLP,XAJ-Base,train,0.4336128132590254,0.4336128132590254,True
04296000,dPL-MLP,XAJ-Base,test,0.4918218593485217,0.4918218593485217,True
04296000,dPL-MLP,XAJ-TGD,train,0.7957492419660243,0.7957492419660243,True
04296000,dPL-MLP,XAJ-TGD,test,0.7180926051807259,0.7180926051807259,True
04296000,dPL-MLP,XAJ-CN,train,0.8894428003414132,0.8894428003414132,True
04296000,dPL-MLP,XAJ-CN,test,0.8347189022613271,0.8347189022613271,True
01333000,IC-CMA-ES,XAJ-Base,train,0.6813422863515958,0.6813422863515958,True
01333000,IC-CMA-ES,XAJ-Base,test,0.6695369271014883,0.6695369271014883,True
01333000,IC-CMA-ES,XAJ-TGD,train,0.7278504196728995,0.7278504196728995,True
01333000,IC-CMA-ES,XAJ-TGD,test,0.7156293450020671,0.7156293450020671,True
01333000,IC-CMA-ES,XAJ-CN,train,0.8778778625427254,0.8778778625427254,True
01333000,IC-CMA-ES,XAJ-CN,test,0.7923346320180926,0.7923346320180926,True
01333000,dPL-MLP,XAJ-Base,train,0.6360046013388607,0.6360046013388607,True
01333000,dPL-MLP,XAJ-Base,test,0.6447856755515187,0.6447856755515187,True
01333000,dPL-MLP,XAJ-TGD,train,0.6933803430750346,0.6933803430750346,True
01333000,dPL-MLP,XAJ-TGD,test,0.6812533310906785,0.6812533310906785,True
01333000,dPL-MLP,XAJ-CN,train,0.8568263477343591,0.8568263477343591,True
01333000,dPL-MLP,XAJ-CN,test,0.776151759930473,0.776151759930473,True
01350000,IC-CMA-ES,XAJ-Base,train,0.6543680468013445,0.6543680468013445,True
01350000,IC-CMA-ES,XAJ-Base,test,0.6809300143890256,0.6809300143890256,True
01350000,IC-CMA-ES,XAJ-TGD,train,0.7316823078360812,0.7316823078360812,True
01350000,IC-CMA-ES,XAJ-TGD,test,0.7120890610363272,0.7120890610363272,True
01350000,IC-CMA-ES,XAJ-CN,train,0.8464801799996726,0.8464801799996726,True
01350000,IC-CMA-ES,XAJ-CN,test,0.7937659374199577,0.7937659374199577,True
01350000,dPL-MLP,XAJ-Base,train,0.6463096893217026,0.6463096893217026,True
01350000,dPL-MLP,XAJ-Base,test,0.7055023511011107,0.7055023511011107,True
01350000,dPL-MLP,XAJ-TGD,train,0.675358531746673,0.675358531746673,True
01350000,dPL-MLP,XAJ-TGD,test,0.7552796484423017,0.7552796484423017,True
01350000,dPL-MLP,XAJ-CN,train,0.8270730676734482,0.8270730676734482,True
01350000,dPL-MLP,XAJ-CN,test,0.7842126313424624,0.7842126313424624,True
01350080,IC-CMA-ES,XAJ-Base,train,0.5612709447954805,0.5612709447954805,True
01350080,IC-CMA-ES,XAJ-Base,test,0.4753836116671424,0.4753836116671424,True
01350080,IC-CMA-ES,XAJ-TGD,train,0.6521276238464111,0.6521276238464111,True
01350080,IC-CMA-ES,XAJ-TGD,test,0.5428085686032428,0.5428085686032428,True
01350080,IC-CMA-ES,XAJ-CN,train,0.860683575214181,0.860683575214181,True
01350080,IC-CMA-ES,XAJ-CN,test,0.6176131046563897,0.6176131046563897,True
01350080,dPL-MLP,XAJ-Base,train,0.4815096245314689,0.4815096245314689,True
01350080,dPL-MLP,XAJ-Base,test,0.6151806145378875,0.6151806145378875,True
01350080,dPL-MLP,XAJ-TGD,train,0.5206232123405513,0.5206232123405513,True
01350080,dPL-MLP,XAJ-TGD,test,0.6688908539544021,0.6688908539544021,True
01350080,dPL-MLP,XAJ-CN,train,0.7713106320515175,0.7713106320515175,True
01350080,dPL-MLP,XAJ-CN,test,0.6843224283206715,0.6843224283206715,True
01350140,IC-CMA-ES,XAJ-Base,train,0.5499994953429937,0.5499994953429937,True
01350140,IC-CMA-ES,XAJ-Base,test,0.4759365869350175,0.4759365869350175,True
01350140,IC-CMA-ES,XAJ-TGD,train,0.6260006407111545,0.6260006407111545,True
01350140,IC-CMA-ES,XAJ-TGD,test,0.536246655658563,0.536246655658563,True
01350140,IC-CMA-ES,XAJ-CN,train,0.7870440954464354,0.7870440954464354,True
01350140,IC-CMA-ES,XAJ-CN,test,0.6040569768156994,0.6040569768156994,True
01350140,dPL-MLP,XAJ-Base,train,0.4982887828019514,0.4982887828019514,True
01350140,dPL-MLP,XAJ-Base,test,0.5576558595580772,0.5576558595580772,True
01350140,dPL-MLP,XAJ-TGD,train,0.5434694280848488,0.5434694280848488,True
01350140,dPL-MLP,XAJ-TGD,test,0.594923545807704,0.594923545807704,True
01350140,dPL-MLP,XAJ-CN,train,0.6835086098947095,0.6835086098947095,True
01350140,dPL-MLP,XAJ-CN,test,0.6618263810198749,0.6618263810198749,True
01365000,IC-CMA-ES,XAJ-Base,train,0.6709301405081355,0.6709301405081355,True
01365000,IC-CMA-ES,XAJ-Base,test,0.6505077405104626,0.6505077405104626,True
01365000,IC-CMA-ES,XAJ-TGD,train,0.7039866180767297,0.7039866180767297,True
01365000,IC-CMA-ES,XAJ-TGD,test,0.667577521662325,0.667577521662325,True
01365000,IC-CMA-ES,XAJ-CN,train,0.8466148723280111,0.8466148723280111,True
01365000,IC-CMA-ES,XAJ-CN,test,0.7605939277435103,0.7605939277435103,True
01365000,dPL-MLP,XAJ-Base,train,0.6379412408493925,0.6379412408493925,True
01365000,dPL-MLP,XAJ-Base,test,0.7191656891176201,0.7191656891176201,True
01365000,dPL-MLP,XAJ-TGD,train,0.6653792246593473,0.6653792246593473,True
01365000,dPL-MLP,XAJ-TGD,test,0.7263869539817162,0.7263869539817162,True
01365000,dPL-MLP,XAJ-CN,train,0.811834550781805,0.811834550781805,True
01365000,dPL-MLP,XAJ-CN,test,0.7682248311331521,0.7682248311331521,True
01411300,IC-CMA-ES,XAJ-Base,train,0.90985631600737,0.90985631600737,True
01411300,IC-CMA-ES,XAJ-Base,test,0.7305987046445745,0.7305987046445745,True
01411300,IC-CMA-ES,XAJ-TGD,train,0.919636053639847,0.919636053639847,True
01411300,IC-CMA-ES,XAJ-TGD,test,0.7288026327196697,0.7288026327196697,True
01411300,IC-CMA-ES,XAJ-CN,train,0.9182397174146448,0.9182397174146448,True
01411300,IC-CMA-ES,XAJ-CN,test,0.7313356934146038,0.7313356934146038,True
01411300,dPL-MLP,XAJ-Base,train,0.9029589572339054,0.9029589572339054,True
01411300,dPL-MLP,XAJ-Base,test,0.7261156795882746,0.7261156795882746,True
01411300,dPL-MLP,XAJ-TGD,train,0.896361127078968,0.896361127078968,True
01411300,dPL-MLP,XAJ-TGD,test,0.7516473835657322,0.7516473835657322,True
01411300,dPL-MLP,XAJ-CN,train,0.908251383617715,0.908251383617715,True
01411300,dPL-MLP,XAJ-CN,test,0.7266110934343608,0.7266110934343608,True
01413500,IC-CMA-ES,XAJ-Base,train,0.6809956580317755,0.6809956580317755,True
01413500,IC-CMA-ES,XAJ-Base,test,0.5656064808562677,0.5656064808562677,True
01413500,IC-CMA-ES,XAJ-TGD,train,0.7236601137565594,0.7236601137565594,True
01413500,IC-CMA-ES,XAJ-TGD,test,0.6313752273813771,0.6313752273813771,True
01413500,IC-CMA-ES,XAJ-CN,train,0.8873424809826473,0.8873424809826473,True
01413500,IC-CMA-ES,XAJ-CN,test,0.7000791288541606,0.7000791288541606,True
01413500,dPL-MLP,XAJ-Base,train,0.6628061946555259,0.6628061946555259,True
01413500,dPL-MLP,XAJ-Base,test,0.6368194150091775,0.6368194150091775,True
01413500,dPL-MLP,XAJ-TGD,train,0.6801886873139888,0.6801886873139888,True
01413500,dPL-MLP,XAJ-TGD,test,0.7071176465009625,0.7071176465009625,True
01413500,dPL-MLP,XAJ-CN,train,0.8470797963421244,0.8470797963421244,True
01413500,dPL-MLP,XAJ-CN,test,0.7297731617657673,0.7297731617657673,True
01414500,IC-CMA-ES,XAJ-Base,train,0.6510399924910136,0.6510399924910136,True
01414500,IC-CMA-ES,XAJ-Base,test,0.5289167380313037,0.5289167380313037,True
01414500,IC-CMA-ES,XAJ-TGD,train,0.6810499975600748,0.6810499975600748,True
01414500,IC-CMA-ES,XAJ-TGD,test,0.6069110339877579,0.6069110339877579,True
01414500,IC-CMA-ES,XAJ-CN,train,0.8315484776271655,0.8315484776271655,True
01414500,IC-CMA-ES,XAJ-CN,test,0.6506478324194964,0.6506478324194964,True
01414500,dPL-MLP,XAJ-Base,train,0.6300651178279716,0.6300651178279716,True
01414500,dPL-MLP,XAJ-Base,test,0.6129347819612851,0.6129347819612851,True
01414500,dPL-MLP,XAJ-TGD,train,0.6289657047742558,0.6289657047742558,True
01414500,dPL-MLP,XAJ-TGD,test,0.6796566581469792,0.6796566581469792,True
01414500,dPL-MLP,XAJ-CN,train,0.8012723592671587,0.8012723592671587,True
01414500,dPL-MLP,XAJ-CN,test,0.6820010485775136,0.6820010485775136,True
01415000,IC-CMA-ES,XAJ-Base,train,0.7247347476997956,0.7247347476997956,True
01415000,IC-CMA-ES,XAJ-Base,test,0.5053905438201566,0.5053905438201566,True
01415000,IC-CMA-ES,XAJ-TGD,train,0.754212938745347,0.754212938745347,True
01415000,IC-CMA-ES,XAJ-TGD,test,0.5658271654689833,0.5658271654689833,True
01415000,IC-CMA-ES,XAJ-CN,train,0.8713275070936248,0.8713275070936248,True
01415000,IC-CMA-ES,XAJ-CN,test,0.644314534524852,0.644314534524852,True
01415000,dPL-MLP,XAJ-Base,train,0.6947448951316568,0.6947448951316568,True
01415000,dPL-MLP,XAJ-Base,test,0.6003342615577362,0.6003342615577362,True
01415000,dPL-MLP,XAJ-TGD,train,0.7063064952539662,0.7063064952539662,True
01415000,dPL-MLP,XAJ-TGD,test,0.662947896228335,0.662947896228335,True
01415000,dPL-MLP,XAJ-CN,train,0.84764049412943,0.84764049412943,True
01415000,dPL-MLP,XAJ-CN,test,0.6620211007233643,0.6620211007233643,True
01423000,IC-CMA-ES,XAJ-Base,train,0.7041544274002569,0.7041544274002569,True
01423000,IC-CMA-ES,XAJ-Base,test,0.6569137519969239,0.6569137519969239,True
01423000,IC-CMA-ES,XAJ-TGD,train,0.7478177468957459,0.7478177468957459,True
01423000,IC-CMA-ES,XAJ-TGD,test,0.7135584767012177,0.7135584767012177,True
01423000,IC-CMA-ES,XAJ-CN,train,0.903361749716458,0.903361749716458,True
01423000,IC-CMA-ES,XAJ-CN,test,0.7523945441464484,0.7523945441464484,True
01423000,dPL-MLP,XAJ-Base,train,0.6789112387581506,0.6789112387581506,True
01423000,dPL-MLP,XAJ-Base,test,0.6895798136367165,0.6895798136367165,True
01423000,dPL-MLP,XAJ-TGD,train,0.7123488133901844,0.7123488133901844,True
01423000,dPL-MLP,XAJ-TGD,test,0.7365988972671988,0.7365988972671988,True
01423000,dPL-MLP,XAJ-CN,train,0.8566508875964295,0.8566508875964295,True
01423000,dPL-MLP,XAJ-CN,test,0.809321305661107,0.809321305661107,True
01434025,IC-CMA-ES,XAJ-Base,train,0.564564092685252,0.564564092685252,True
01434025,IC-CMA-ES,XAJ-Base,test,0.5012246510597929,0.5012246510597929,True
01434025,IC-CMA-ES,XAJ-TGD,train,0.5892570810556834,0.5892570810556834,True
01434025,IC-CMA-ES,XAJ-TGD,test,0.5133080107306256,0.5133080107306256,True
01434025,IC-CMA-ES,XAJ-CN,train,0.7128485934721762,0.7128485934721762,True
01434025,IC-CMA-ES,XAJ-CN,test,0.6384445370407339,0.6384445370407339,True
01434025,dPL-MLP,XAJ-Base,train,0.5227144575836242,0.5227144575836242,True
01434025,dPL-MLP,XAJ-Base,test,0.591701348880491,0.591701348880491,True
01434025,dPL-MLP,XAJ-TGD,train,0.4820793252581247,0.4820793252581247,True
01434025,dPL-MLP,XAJ-TGD,test,0.6546354701645176,0.6546354701645176,True
01434025,dPL-MLP,XAJ-CN,train,0.6788124737981105,0.6788124737981105,True
01434025,dPL-MLP,XAJ-CN,test,0.6931033818900919,0.6931033818900919,True
01435000,IC-CMA-ES,XAJ-Base,train,0.6354993229300503,0.6354993229300503,True
01435000,IC-CMA-ES,XAJ-Base,test,0.6550791572483627,0.6550791572483627,True
01435000,IC-CMA-ES,XAJ-TGD,train,0.6679722623850892,0.6679722623850892,True
01435000,IC-CMA-ES,XAJ-TGD,test,0.7016629762283539,0.7016629762283539,True
01435000,IC-CMA-ES,XAJ-CN,train,0.799285563410846,0.799285563410846,True
01435000,IC-CMA-ES,XAJ-CN,test,0.751565303414322,0.751565303414322,True
01435000,dPL-MLP,XAJ-Base,train,0.6001818699871311,0.6001818699871311,True
01435000,dPL-MLP,XAJ-Base,test,0.7227846595831677,0.7227846595831677,True
01435000,dPL-MLP,XAJ-TGD,train,0.6179503147833068,0.6179503147833068,True
01435000,dPL-MLP,XAJ-TGD,test,0.7521322278739673,0.7521322278739673,True
01435000,dPL-MLP,XAJ-CN,train,0.7838229947291159,0.7838229947291159,True
01435000,dPL-MLP,XAJ-CN,test,0.7683919717370158,0.7683919717370158,True
01439500,IC-CMA-ES,XAJ-Base,train,0.7790502691375045,0.7790502691375045,True
01439500,IC-CMA-ES,XAJ-Base,test,0.7471117323727244,0.7471117323727244,True
01439500,IC-CMA-ES,XAJ-TGD,train,0.8266705838151693,0.8266705838151693,True
01439500,IC-CMA-ES,XAJ-TGD,test,0.7583390068282538,0.7583390068282538,True
01439500,IC-CMA-ES,XAJ-CN,train,0.8973009260966734,0.8973009260966734,True
01439500,IC-CMA-ES,XAJ-CN,test,0.7748753256910064,0.7748753256910064,True
01439500,dPL-MLP,XAJ-Base,train,0.7614112888593613,0.7614112888593613,True
01439500,dPL-MLP,XAJ-Base,test,0.7680517251342729,0.7680517251342729,True
01439500,dPL-MLP,XAJ-TGD,train,0.7810170556943348,0.7810170556943348,True
01439500,dPL-MLP,XAJ-TGD,test,0.8234615838578314,0.8234615838578314,True
01439500,dPL-MLP,XAJ-CN,train,0.8817273404481561,0.8817273404481561,True
01439500,dPL-MLP,XAJ-CN,test,0.7759648527241927,0.7759648527241927,True
01440000,IC-CMA-ES,XAJ-Base,train,0.8089232875626247,0.8089232875626247,True
01440000,IC-CMA-ES,XAJ-Base,test,0.7856057747746266,0.7856057747746266,True
01440000,IC-CMA-ES,XAJ-TGD,train,0.8376491592063555,0.8376491592063555,True
01440000,IC-CMA-ES,XAJ-TGD,test,0.7658518133828576,0.7658518133828576,True
01440000,IC-CMA-ES,XAJ-CN,train,0.8812594389234195,0.8812594389234195,True
01440000,IC-CMA-ES,XAJ-CN,test,0.8250331090586802,0.8250331090586802,True
01440000,dPL-MLP,XAJ-Base,train,0.7762206814582382,0.7762206814582382,True
01440000,dPL-MLP,XAJ-Base,test,0.8326114181590427,0.8326114181590427,True
01440000,dPL-MLP,XAJ-TGD,train,0.7828950908063006,0.7828950908063006,True
01440000,dPL-MLP,XAJ-TGD,test,0.8429324102870422,0.8429324102870422,True
01440000,dPL-MLP,XAJ-CN,train,0.8583857005021269,0.8583857005021269,True
01440000,dPL-MLP,XAJ-CN,test,0.8411324526772366,0.8411324526772366,True
01440400,IC-CMA-ES,XAJ-Base,train,0.7870182539339012,0.7870182539339012,True
01440400,IC-CMA-ES,XAJ-Base,test,0.7548988259354098,0.7548988259354098,True
01440400,IC-CMA-ES,XAJ-TGD,train,0.825229210299366,0.825229210299366,True
01440400,IC-CMA-ES,XAJ-TGD,test,0.7691251898397082,0.7691251898397082,True
01440400,IC-CMA-ES,XAJ-CN,train,0.8783011847703538,0.8783011847703538,True
01440400,IC-CMA-ES,XAJ-CN,test,0.7714913528556618,0.7714913528556618,True
01440400,dPL-MLP,XAJ-Base,train,0.7725328467449529,0.7725328467449529,True
01440400,dPL-MLP,XAJ-Base,test,0.768332335912605,0.768332335912605,True
01440400,dPL-MLP,XAJ-TGD,train,0.7910230028757599,0.7910230028757599,True
01440400,dPL-MLP,XAJ-TGD,test,0.7867249853311211,0.7867249853311211,True
01440400,dPL-MLP,XAJ-CN,train,0.8621691201747493,0.8621691201747493,True
01440400,dPL-MLP,XAJ-CN,test,0.7649560565993248,0.7649560565993248,True
01451800,IC-CMA-ES,XAJ-Base,train,0.858104176837865,0.858104176837865,True
01451800,IC-CMA-ES,XAJ-Base,test,0.8581125654529957,0.8581125654529957,True
01451800,IC-CMA-ES,XAJ-TGD,train,0.8781180831640477,0.8781180831640477,True
01451800,IC-CMA-ES,XAJ-TGD,test,0.8755004752817215,0.8755004752817215,True
01451800,IC-CMA-ES,XAJ-CN,train,0.8989350640311179,0.8989350640311179,True
01451800,IC-CMA-ES,XAJ-CN,test,0.8637283735128063,0.8637283735128063,True
01451800,dPL-MLP,XAJ-Base,train,0.8482314885506476,0.8482314885506476,True
01451800,dPL-MLP,XAJ-Base,test,0.8646492549039979,0.8646492549039979,True
01451800,dPL-MLP,XAJ-TGD,train,0.8485995464218687,0.8485995464218687,True
01451800,dPL-MLP,XAJ-TGD,test,0.8690886092579131,0.8690886092579131,True
01451800,dPL-MLP,XAJ-CN,train,0.8751592516441646,0.8751592516441646,True
01451800,dPL-MLP,XAJ-CN,test,0.876757930266417,0.876757930266417,True
01466500,IC-CMA-ES,XAJ-Base,train,0.8762420353704798,0.8762420353704798,True
01466500,IC-CMA-ES,XAJ-Base,test,0.5532997760076359,0.5532997760076359,True
01466500,IC-CMA-ES,XAJ-TGD,train,0.898221612395546,0.898221612395546,True
01466500,IC-CMA-ES,XAJ-TGD,test,0.6408191762007878,0.6408191762007878,True
01466500,IC-CMA-ES,XAJ-CN,train,0.8952737262628213,0.8952737262628213,True
01466500,IC-CMA-ES,XAJ-CN,test,0.6551513041880619,0.6551513041880619,True
01466500,dPL-MLP,XAJ-Base,train,0.805326627762964,0.805326627762964,True
01466500,dPL-MLP,XAJ-Base,test,0.4309521198542886,0.4309521198542886,True
01466500,dPL-MLP,XAJ-TGD,train,0.7574030560002676,0.7574030560002676,True
01466500,dPL-MLP,XAJ-TGD,test,0.3886399921719439,0.3886399921719439,True
01466500,dPL-MLP,XAJ-CN,train,0.7414360007667555,0.7414360007667555,True
01466500,dPL-MLP,XAJ-CN,test,0.3417350812702546,0.3417350812702546,True
01484100,IC-CMA-ES,XAJ-Base,train,0.8801199975531846,0.8801199975531846,True
01484100,IC-CMA-ES,XAJ-Base,test,0.7706254341989798,0.7706254341989798,True
01484100,IC-CMA-ES,XAJ-TGD,train,0.8980445395989478,0.8980445395989478,True
01484100,IC-CMA-ES,XAJ-TGD,test,0.7581936637047211,0.7581936637047211,True
01484100,IC-CMA-ES,XAJ-CN,train,0.8918681677336648,0.8918681677336648,True
01484100,IC-CMA-ES,XAJ-CN,test,0.7291715781986942,0.7291715781986942,True
01484100,dPL-MLP,XAJ-Base,train,0.800047378176618,0.800047378176618,True
01484100,dPL-MLP,XAJ-Base,test,0.7625664729046697,0.7625664729046697,True
01484100,dPL-MLP,XAJ-TGD,train,0.8283745437802575,0.8283745437802575,True
01484100,dPL-MLP,XAJ-TGD,test,0.7629133662445313,0.7629133662445313,True
01484100,dPL-MLP,XAJ-CN,train,0.8346218879780432,0.8346218879780432,True
01484100,dPL-MLP,XAJ-CN,test,0.7898689005439783,0.7898689005439783,True
01487000,IC-CMA-ES,XAJ-Base,train,0.9270231528578396,0.9270231528578396,True
01487000,IC-CMA-ES,XAJ-Base,test,0.8520500276447691,0.8520500276447691,True
01487000,IC-CMA-ES,XAJ-TGD,train,0.9265420082763752,0.9265420082763752,True
01487000,IC-CMA-ES,XAJ-TGD,test,0.8445452857883768,0.8445452857883768,True
01487000,IC-CMA-ES,XAJ-CN,train,0.9290538718711576,0.9290538718711576,True
01487000,IC-CMA-ES,XAJ-CN,test,0.886098065846425,0.886098065846425,True
01487000,dPL-MLP,XAJ-Base,train,0.9012472033488262,0.9012472033488262,True
01487000,dPL-MLP,XAJ-Base,test,0.8344583890813634,0.8344583890813634,True
01487000,dPL-MLP,XAJ-TGD,train,0.9016992458977868,0.9016992458977868,True
01487000,dPL-MLP,XAJ-TGD,test,0.8714970565643395,0.8714970565643395,True
01487000,dPL-MLP,XAJ-CN,train,0.9111034521864344,0.9111034521864344,True
01487000,dPL-MLP,XAJ-CN,test,0.8822020014693795,0.8822020014693795,True
01491000,IC-CMA-ES,XAJ-Base,train,0.8692111915994736,0.8692111915994736,True
01491000,IC-CMA-ES,XAJ-Base,test,0.7959264166723918,0.7959264166723918,True
01491000,IC-CMA-ES,XAJ-TGD,train,0.8794790621873083,0.8794790621873083,True
01491000,IC-CMA-ES,XAJ-TGD,test,0.8094276480433812,0.8094276480433812,True
01491000,IC-CMA-ES,XAJ-CN,train,0.8853366006600263,0.8853366006600263,True
01491000,IC-CMA-ES,XAJ-CN,test,0.8344546673018453,0.8344546673018453,True
01491000,dPL-MLP,XAJ-Base,train,0.799521815767672,0.799521815767672,True
01491000,dPL-MLP,XAJ-Base,test,0.7368551396172082,0.7368551396172082,True
01491000,dPL-MLP,XAJ-TGD,train,0.7967552827154407,0.7967552827154407,True
01491000,dPL-MLP,XAJ-TGD,test,0.7294974609345184,0.7294974609345184,True
01491000,dPL-MLP,XAJ-CN,train,0.8575113236132895,0.8575113236132895,True
01491000,dPL-MLP,XAJ-CN,test,0.8127231670503973,0.8127231670503973,True
01510000,IC-CMA-ES,XAJ-Base,train,0.5974184227683952,0.5974184227683952,True
01510000,IC-CMA-ES,XAJ-Base,test,0.6007752970598825,0.6007752970598825,True
01510000,IC-CMA-ES,XAJ-TGD,train,0.7027040785674248,0.7027040785674248,True
01510000,IC-CMA-ES,XAJ-TGD,test,0.6625968063581245,0.6625968063581245,True
01510000,IC-CMA-ES,XAJ-CN,train,0.8619481660888628,0.8619481660888628,True
01510000,IC-CMA-ES,XAJ-CN,test,0.7893121720892049,0.7893121720892049,True
01510000,dPL-MLP,XAJ-Base,train,0.5849474958963158,0.5849474958963158,True
01510000,dPL-MLP,XAJ-Base,test,0.5867892158793644,0.5867892158793644,True
01510000,dPL-MLP,XAJ-TGD,train,0.6672710794244596,0.6672710794244596,True
01510000,dPL-MLP,XAJ-TGD,test,0.6555267236492388,0.6555267236492388,True
01510000,dPL-MLP,XAJ-CN,train,0.8454903948048224,0.8454903948048224,True
01510000,dPL-MLP,XAJ-CN,test,0.7582958767294615,0.7582958767294615,True
01516500,IC-CMA-ES,XAJ-Base,train,0.6014751371424576,0.6014751371424576,True
01516500,IC-CMA-ES,XAJ-Base,test,0.3092200629371074,0.3092200629371074,True
01516500,IC-CMA-ES,XAJ-TGD,train,0.6719084197992086,0.6719084197992086,True
01516500,IC-CMA-ES,XAJ-TGD,test,0.2881936274717117,0.2881936274717117,True
01516500,IC-CMA-ES,XAJ-CN,train,0.7634345934620759,0.7634345934620759,True
01516500,IC-CMA-ES,XAJ-CN,test,0.347810257280266,0.347810257280266,True
01516500,dPL-MLP,XAJ-Base,train,0.5589132330157728,0.5589132330157728,True
01516500,dPL-MLP,XAJ-Base,test,0.3493528757594493,0.3493528757594493,True
01516500,dPL-MLP,XAJ-TGD,train,0.6206966843683004,0.6206966843683004,True
01516500,dPL-MLP,XAJ-TGD,test,0.3964196050624603,0.3964196050624603,True
01516500,dPL-MLP,XAJ-CN,train,0.7581921949833803,0.7581921949833803,True
01516500,dPL-MLP,XAJ-CN,test,0.3066693590016115,0.3066693590016115,True
01518862,IC-CMA-ES,XAJ-Base,train,0.6744812227224806,0.6744812227224806,True
01518862,IC-CMA-ES,XAJ-Base,test,0.65290361952965,0.65290361952965,True
01518862,IC-CMA-ES,XAJ-TGD,train,0.7295873260778072,0.7295873260778072,True
01518862,IC-CMA-ES,XAJ-TGD,test,0.719337861286038,0.719337861286038,True
01518862,IC-CMA-ES,XAJ-CN,train,0.8279725392141879,0.8279725392141879,True
01518862,IC-CMA-ES,XAJ-CN,test,0.7626637070018907,0.7626637070018907,True
01518862,dPL-MLP,XAJ-Base,train,0.627927936084271,0.627927936084271,True
01518862,dPL-MLP,XAJ-Base,test,0.6580839040855384,0.6580839040855384,True
01518862,dPL-MLP,XAJ-TGD,train,0.6947077820990425,0.6947077820990425,True
01518862,dPL-MLP,XAJ-TGD,test,0.6997813955415768,0.6997813955415768,True
01518862,dPL-MLP,XAJ-CN,train,0.7972573746512055,0.7972573746512055,True
01518862,dPL-MLP,XAJ-CN,test,0.7620917823359101,0.7620917823359101,True
01532000,IC-CMA-ES,XAJ-Base,train,0.7382864639546118,0.7382864639546118,True
01532000,IC-CMA-ES,XAJ-Base,test,0.6398166750337793,0.6398166750337793,True
01532000,IC-CMA-ES,XAJ-TGD,train,0.780258067045389,0.780258067045389,True
01532000,IC-CMA-ES,XAJ-TGD,test,0.6702055132769689,0.6702055132769689,True
01532000,IC-CMA-ES,XAJ-CN,train,0.8614341186429841,0.8614341186429841,True
01532000,IC-CMA-ES,XAJ-CN,test,0.7305731370124904,0.7305731370124904,True
01532000,dPL-MLP,XAJ-Base,train,0.7337010399656032,0.7337010399656032,True
01532000,dPL-MLP,XAJ-Base,test,0.637362405526769,0.637362405526769,True
01532000,dPL-MLP,XAJ-TGD,train,0.755147763138601,0.755147763138601,True
01532000,dPL-MLP,XAJ-TGD,test,0.6926810982781788,0.6926810982781788,True
01532000,dPL-MLP,XAJ-CN,train,0.8650774656519008,0.8650774656519008,True
01532000,dPL-MLP,XAJ-CN,test,0.7209926402525733,0.7209926402525733,True
01539000,IC-CMA-ES,XAJ-Base,train,0.7645134300030307,0.7645134300030307,True
01539000,IC-CMA-ES,XAJ-Base,test,0.803503874026668,0.803503874026668,True
01539000,IC-CMA-ES,XAJ-TGD,train,0.7917410830075609,0.7917410830075609,True
01539000,IC-CMA-ES,XAJ-TGD,test,0.8113095128374015,0.8113095128374015,True
01539000,IC-CMA-ES,XAJ-CN,train,0.8882341759762892,0.8882341759762892,True
01539000,IC-CMA-ES,XAJ-CN,test,0.8281687562723358,0.8281687562723358,True
01539000,dPL-MLP,XAJ-Base,train,0.755078272913341,0.755078272913341,True
01539000,dPL-MLP,XAJ-Base,test,0.7931165174652461,0.7931165174652461,True
01539000,dPL-MLP,XAJ-TGD,train,0.7619205202308171,0.7619205202308171,True
01539000,dPL-MLP,XAJ-TGD,test,0.8170418090784602,0.8170418090784602,True
01539000,dPL-MLP,XAJ-CN,train,0.8716450774137646,0.8716450774137646,True
01539000,dPL-MLP,XAJ-CN,test,0.8150005374459149,0.8150005374459149,True
01542810,IC-CMA-ES,XAJ-Base,train,0.6803792072258998,0.6803792072258998,True
01542810,IC-CMA-ES,XAJ-Base,test,0.6678748759311826,0.6678748759311826,True
01542810,IC-CMA-ES,XAJ-TGD,train,0.7039966012259924,0.7039966012259924,True
01542810,IC-CMA-ES,XAJ-TGD,test,0.6955560302401826,0.6955560302401826,True
01542810,IC-CMA-ES,XAJ-CN,train,0.8530654892317617,0.8530654892317617,True
01542810,IC-CMA-ES,XAJ-CN,test,0.7747882837403112,0.7747882837403112,True
01542810,dPL-MLP,XAJ-Base,train,0.6593890323320681,0.6593890323320681,True
01542810,dPL-MLP,XAJ-Base,test,0.6856871920694833,0.6856871920694833,True
01542810,dPL-MLP,XAJ-TGD,train,0.6812191322885255,0.6812191322885255,True
01542810,dPL-MLP,XAJ-TGD,test,0.7059272681961407,0.7059272681961407,True
01542810,dPL-MLP,XAJ-CN,train,0.8425828606446646,0.8425828606446646,True
01542810,dPL-MLP,XAJ-CN,test,0.762558498259033,0.762558498259033,True
01543000,IC-CMA-ES,XAJ-Base,train,0.7253031345170342,0.7253031345170342,True
01543000,IC-CMA-ES,XAJ-Base,test,0.729499857079459,0.729499857079459,True
01543000,IC-CMA-ES,XAJ-TGD,train,0.7621175662741507,0.7621175662741507,True
01543000,IC-CMA-ES,XAJ-TGD,test,0.7358670329232061,0.7358670329232061,True
01543000,IC-CMA-ES,XAJ-CN,train,0.8976879812353852,0.8976879812353852,True
01543000,IC-CMA-ES,XAJ-CN,test,0.8398607292549153,0.8398607292549153,True
01543000,dPL-MLP,XAJ-Base,train,0.7096711398156049,0.7096711398156049,True
01543000,dPL-MLP,XAJ-Base,test,0.7490283646591762,0.7490283646591762,True
01543000,dPL-MLP,XAJ-TGD,train,0.7241407116603473,0.7241407116603473,True
01543000,dPL-MLP,XAJ-TGD,test,0.7616874812065769,0.7616874812065769,True
01543000,dPL-MLP,XAJ-CN,train,0.8803545155214985,0.8803545155214985,True
01543000,dPL-MLP,XAJ-CN,test,0.843761648323005,0.843761648323005,True
01543500,IC-CMA-ES,XAJ-Base,train,0.7414096887740371,0.7414096887740371,True
01543500,IC-CMA-ES,XAJ-Base,test,0.7443988691276361,0.7443988691276361,True
01543500,IC-CMA-ES,XAJ-TGD,train,0.7768857478009681,0.7768857478009681,True
01543500,IC-CMA-ES,XAJ-TGD,test,0.769349252793601,0.769349252793601,True
01543500,IC-CMA-ES,XAJ-CN,train,0.9054586587600634,0.9054586587600634,True
01543500,IC-CMA-ES,XAJ-CN,test,0.8573287242905412,0.8573287242905412,True
01543500,dPL-MLP,XAJ-Base,train,0.7366605845934309,0.7366605845934309,True
01543500,dPL-MLP,XAJ-Base,test,0.743204298985364,0.743204298985364,True
01543500,dPL-MLP,XAJ-TGD,train,0.7627755133508995,0.7627755133508995,True
01543500,dPL-MLP,XAJ-TGD,test,0.7789279820035426,0.7789279820035426,True
01543500,dPL-MLP,XAJ-CN,train,0.8861201545037879,0.8861201545037879,True
01543500,dPL-MLP,XAJ-CN,test,0.8516755937199112,0.8516755937199112,True
01544500,IC-CMA-ES,XAJ-Base,train,0.6803525000978238,0.6803525000978238,True
01544500,IC-CMA-ES,XAJ-Base,test,0.6482999121693991,0.6482999121693991,True
01544500,IC-CMA-ES,XAJ-TGD,train,0.7143803778248252,0.7143803778248252,True
01544500,IC-CMA-ES,XAJ-TGD,test,0.6665333226866916,0.6665333226866916,True
01544500,IC-CMA-ES,XAJ-CN,train,0.875581447763237,0.875581447763237,True
01544500,IC-CMA-ES,XAJ-CN,test,0.7172005005035709,0.7172005005035709,True
01544500,dPL-MLP,XAJ-Base,train,0.6639592249361339,0.6639592249361339,True
01544500,dPL-MLP,XAJ-Base,test,0.7039544262883042,0.7039544262883042,True
01544500,dPL-MLP,XAJ-TGD,train,0.6741345340464173,0.6741345340464173,True
01544500,dPL-MLP,XAJ-TGD,test,0.7419256902473288,0.7419256902473288,True
01544500,dPL-MLP,XAJ-CN,train,0.8736829430064434,0.8736829430064434,True
01544500,dPL-MLP,XAJ-CN,test,0.7074741142209757,0.7074741142209757,True
01545600,IC-CMA-ES,XAJ-Base,train,0.6931561403603425,0.6931561403603425,True
01545600,IC-CMA-ES,XAJ-Base,test,0.5915810065748424,0.5915810065748424,True
01545600,IC-CMA-ES,XAJ-TGD,train,0.7437757831035353,0.7437757831035353,True
01545600,IC-CMA-ES,XAJ-TGD,test,0.635378166386937,0.635378166386937,True
01545600,IC-CMA-ES,XAJ-CN,train,0.8816393184259484,0.8816393184259484,True
01545600,IC-CMA-ES,XAJ-CN,test,0.6862316575035412,0.6862316575035412,True
01545600,dPL-MLP,XAJ-Base,train,0.6787998806855637,0.6787998806855637,True
01545600,dPL-MLP,XAJ-Base,test,0.6453526089271764,0.6453526089271764,True
01545600,dPL-MLP,XAJ-TGD,train,0.7063457895422853,0.7063457895422853,True
01545600,dPL-MLP,XAJ-TGD,test,0.6976147242887463,0.6976147242887463,True
01545600,dPL-MLP,XAJ-CN,train,0.8679411182611771,0.8679411182611771,True
01545600,dPL-MLP,XAJ-CN,test,0.6662034591930199,0.6662034591930199,True
01547700,IC-CMA-ES,XAJ-Base,train,0.6877092808342202,0.6877092808342202,True
01547700,IC-CMA-ES,XAJ-Base,test,0.7828081252332234,0.7828081252332234,True
01547700,IC-CMA-ES,XAJ-TGD,train,0.7570153626368057,0.7570153626368057,True
01547700,IC-CMA-ES,XAJ-TGD,test,0.7746043310876723,0.7746043310876723,True
01547700,IC-CMA-ES,XAJ-CN,train,0.8633374216962095,0.8633374216962095,True
01547700,IC-CMA-ES,XAJ-CN,test,0.8086334920756625,0.8086334920756625,True
01547700,dPL-MLP,XAJ-Base,train,0.6630435766218326,0.6630435766218326,True
01547700,dPL-MLP,XAJ-Base,test,0.7562892931196792,0.7562892931196792,True
01547700,dPL-MLP,XAJ-TGD,train,0.6919315782364049,0.6919315782364049,True
01547700,dPL-MLP,XAJ-TGD,test,0.7503576488636937,0.7503576488636937,True
01547700,dPL-MLP,XAJ-CN,train,0.8412472418551834,0.8412472418551834,True
01547700,dPL-MLP,XAJ-CN,test,0.812247822538184,0.812247822538184,True
01548500,IC-CMA-ES,XAJ-Base,train,0.6941819880788294,0.6941819880788294,True
01548500,IC-CMA-ES,XAJ-Base,test,0.5436221277230584,0.5436221277230584,True
01548500,IC-CMA-ES,XAJ-TGD,train,0.7553556671163414,0.7553556671163414,True
01548500,IC-CMA-ES,XAJ-TGD,test,0.5874717067984414,0.5874717067984414,True
01548500,IC-CMA-ES,XAJ-CN,train,0.8999856523722208,0.8999856523722208,True
01548500,IC-CMA-ES,XAJ-CN,test,0.6176986322136584,0.6176986322136584,True
01548500,dPL-MLP,XAJ-Base,train,0.6929866522022101,0.6929866522022101,True
01548500,dPL-MLP,XAJ-Base,test,0.5683227278942493,0.5683227278942493,True
01548500,dPL-MLP,XAJ-TGD,train,0.7370295937533242,0.7370295937533242,True
01548500,dPL-MLP,XAJ-TGD,test,0.6221779117396986,0.6221779117396986,True
01548500,dPL-MLP,XAJ-CN,train,0.8846943513742511,0.8846943513742511,True
01548500,dPL-MLP,XAJ-CN,test,0.5587899614005376,0.5587899614005376,True
01549500,IC-CMA-ES,XAJ-Base,train,0.627368643932449,0.627368643932449,True
01549500,IC-CMA-ES,XAJ-Base,test,0.3271286406649855,0.3271286406649855,True
01549500,IC-CMA-ES,XAJ-TGD,train,0.6706745433862955,0.6706745433862955,True
01549500,IC-CMA-ES,XAJ-TGD,test,0.3060602125210595,0.3060602125210595,True
01549500,IC-CMA-ES,XAJ-CN,train,0.8267512113315981,0.8267512113315981,True
01549500,IC-CMA-ES,XAJ-CN,test,0.3765137424645661,0.3765137424645661,True
01549500,dPL-MLP,XAJ-Base,train,0.6184980481462663,0.6184980481462663,True
01549500,dPL-MLP,XAJ-Base,test,0.3975361035453033,0.3975361035453033,True
01549500,dPL-MLP,XAJ-TGD,train,0.6422709145281984,0.6422709145281984,True
01549500,dPL-MLP,XAJ-TGD,test,0.4645505095518064,0.4645505095518064,True
01549500,dPL-MLP,XAJ-CN,train,0.8238792561715929,0.8238792561715929,True
01549500,dPL-MLP,XAJ-CN,test,0.3781218196898122,0.3781218196898122,True
01550000,IC-CMA-ES,XAJ-Base,train,0.6912292873638113,0.6912292873638113,True
01550000,IC-CMA-ES,XAJ-Base,test,0.5591994726912013,0.5591994726912013,True
01550000,IC-CMA-ES,XAJ-TGD,train,0.7215333549130853,0.7215333549130853,True
01550000,IC-CMA-ES,XAJ-TGD,test,0.6076412900349246,0.6076412900349246,True
01550000,IC-CMA-ES,XAJ-CN,train,0.8577777497271324,0.8577777497271324,True
01550000,IC-CMA-ES,XAJ-CN,test,0.6495172838455295,0.6495172838455295,True
01550000,dPL-MLP,XAJ-Base,train,0.6774150928930487,0.6774150928930487,True
01550000,dPL-MLP,XAJ-Base,test,0.6212908598135478,0.6212908598135478,True
01550000,dPL-MLP,XAJ-TGD,train,0.6817577540929591,0.6817577540929591,True
01550000,dPL-MLP,XAJ-TGD,test,0.6601393726133952,0.6601393726133952,True
01550000,dPL-MLP,XAJ-CN,train,0.8500333098811896,0.8500333098811896,True
01550000,dPL-MLP,XAJ-CN,test,0.6522369813981109,0.6522369813981109,True
01552000,IC-CMA-ES,XAJ-Base,train,0.7224779656571121,0.7224779656571121,True
01552000,IC-CMA-ES,XAJ-Base,test,0.5328248979549749,0.5328248979549749,True
01552000,IC-CMA-ES,XAJ-TGD,train,0.752279160021773,0.752279160021773,True
01552000,IC-CMA-ES,XAJ-TGD,test,0.5433220488342305,0.5433220488342305,True
01552000,IC-CMA-ES,XAJ-CN,train,0.8546046907177105,0.8546046907177105,True
01552000,IC-CMA-ES,XAJ-CN,test,0.6284891196622548,0.6284891196622548,True
01552000,dPL-MLP,XAJ-Base,train,0.6984885877603373,0.6984885877603373,True
01552000,dPL-MLP,XAJ-Base,test,0.6771759829439671,0.6771759829439671,True
01552000,dPL-MLP,XAJ-TGD,train,0.6665520995988964,0.6665520995988964,True
01552000,dPL-MLP,XAJ-TGD,test,0.733706501267356,0.733706501267356,True
01552000,dPL-MLP,XAJ-CN,train,0.8412201079776438,0.8412201079776438,True
01552000,dPL-MLP,XAJ-CN,test,0.6797547471610291,0.6797547471610291,True
01552500,IC-CMA-ES,XAJ-Base,train,0.6553545502386575,0.6553545502386575,True
01552500,IC-CMA-ES,XAJ-Base,test,0.6824565649404306,0.6824565649404306,True
01552500,IC-CMA-ES,XAJ-TGD,train,0.6816153845802833,0.6816153845802833,True
01552500,IC-CMA-ES,XAJ-TGD,test,0.7067987218155275,0.7067987218155275,True
01552500,IC-CMA-ES,XAJ-CN,train,0.7661051769863116,0.7661051769863116,True
01552500,IC-CMA-ES,XAJ-CN,test,0.7736689833209063,0.7736689833209063,True
01552500,dPL-MLP,XAJ-Base,train,0.638947869735756,0.638947869735756,True
01552500,dPL-MLP,XAJ-Base,test,0.7338505072173134,0.7338505072173134,True
01552500,dPL-MLP,XAJ-TGD,train,0.655771901185441,0.655771901185441,True
01552500,dPL-MLP,XAJ-TGD,test,0.765663908465423,0.765663908465423,True
01552500,dPL-MLP,XAJ-CN,train,0.7556763158855551,0.7556763158855551,True
01552500,dPL-MLP,XAJ-CN,test,0.7905647216358787,0.7905647216358787,True
01557500,IC-CMA-ES,XAJ-Base,train,0.6348137369328879,0.6348137369328879,True
01557500,IC-CMA-ES,XAJ-Base,test,0.7419848660326811,0.7419848660326811,True
01557500,IC-CMA-ES,XAJ-TGD,train,0.708587770858234,0.708587770858234,True
01557500,IC-CMA-ES,XAJ-TGD,test,0.6816717279353648,0.6816717279353648,True
01557500,IC-CMA-ES,XAJ-CN,train,0.8519456905603805,0.8519456905603805,True
01557500,IC-CMA-ES,XAJ-CN,test,0.8422464426197892,0.8422464426197892,True
01557500,dPL-MLP,XAJ-Base,train,0.6256734995531634,0.6256734995531634,True
01557500,dPL-MLP,XAJ-Base,test,0.7550471377874372,0.7550471377874372,True
01557500,dPL-MLP,XAJ-TGD,train,0.6685226160607927,0.6685226160607927,True
01557500,dPL-MLP,XAJ-TGD,test,0.7646219886251493,0.7646219886251493,True
01557500,dPL-MLP,XAJ-CN,train,0.8251728652123276,0.8251728652123276,True
01557500,dPL-MLP,XAJ-CN,test,0.8414280584951255,0.8414280584951255,True
01567500,IC-CMA-ES,XAJ-Base,train,0.5726470546996479,0.5726470546996479,True
01567500,IC-CMA-ES,XAJ-Base,test,0.4995674304528407,0.4995674304528407,True
01567500,IC-CMA-ES,XAJ-TGD,train,0.6585363346074776,0.6585363346074776,True
01567500,IC-CMA-ES,XAJ-TGD,test,0.4751900430412283,0.4751900430412283,True
01567500,IC-CMA-ES,XAJ-CN,train,0.7636649528758117,0.7636649528758117,True
01567500,IC-CMA-ES,XAJ-CN,test,0.5662343596123973,0.5662343596123973,True
01567500,dPL-MLP,XAJ-Base,train,0.5148686074564695,0.5148686074564695,True
01567500,dPL-MLP,XAJ-Base,test,0.7581430935069097,0.7581430935069097,True
01567500,dPL-MLP,XAJ-TGD,train,0.5404866570092008,0.5404866570092008,True
01567500,dPL-MLP,XAJ-TGD,test,0.8101294814548249,0.8101294814548249,True
01567500,dPL-MLP,XAJ-CN,train,0.6875261320067245,0.6875261320067245,True
01567500,dPL-MLP,XAJ-CN,test,0.764364856564642,0.764364856564642,True
01568000,IC-CMA-ES,XAJ-Base,train,0.7218812854058675,0.7218812854058675,True
01568000,IC-CMA-ES,XAJ-Base,test,0.782338276157148,0.782338276157148,True
01568000,IC-CMA-ES,XAJ-TGD,train,0.8049994143082806,0.8049994143082806,True
01568000,IC-CMA-ES,XAJ-TGD,test,0.7797432655082233,0.7797432655082233,True
01568000,IC-CMA-ES,XAJ-CN,train,0.8866772166621617,0.8866772166621617,True
01568000,IC-CMA-ES,XAJ-CN,test,0.8452497057185442,0.8452497057185442,True
01568000,dPL-MLP,XAJ-Base,train,0.7060647149959798,0.7060647149959798,True
01568000,dPL-MLP,XAJ-Base,test,0.793558301050986,0.793558301050986,True
01568000,dPL-MLP,XAJ-TGD,train,0.7599147759553431,0.7599147759553431,True
01568000,dPL-MLP,XAJ-TGD,test,0.8037469705282475,0.8037469705282475,True
01568000,dPL-MLP,XAJ-CN,train,0.861902368169052,0.861902368169052,True
01568000,dPL-MLP,XAJ-CN,test,0.8158338858702293,0.8158338858702293,True
01580000,IC-CMA-ES,XAJ-Base,train,0.8435795201671662,0.8435795201671662,True
01580000,IC-CMA-ES,XAJ-Base,test,0.7381954198155434,0.7381954198155434,True
01580000,IC-CMA-ES,XAJ-TGD,train,0.8548837581105816,0.8548837581105816,True
01580000,IC-CMA-ES,XAJ-TGD,test,0.7418130044885474,0.7418130044885474,True
01580000,IC-CMA-ES,XAJ-CN,train,0.868455513401456,0.868455513401456,True
01580000,IC-CMA-ES,XAJ-CN,test,0.7648217389523698,0.7648217389523698,True
01580000,dPL-MLP,XAJ-Base,train,0.8050910190203593,0.8050910190203593,True
01580000,dPL-MLP,XAJ-Base,test,0.743823629222487,0.743823629222487,True
01580000,dPL-MLP,XAJ-TGD,train,0.8036423033050162,0.8036423033050162,True
01580000,dPL-MLP,XAJ-TGD,test,0.7452148843228401,0.7452148843228401,True
01580000,dPL-MLP,XAJ-CN,train,0.8325871860232293,0.8325871860232293,True
01580000,dPL-MLP,XAJ-CN,test,0.784484457992038,0.784484457992038,True
01583500,IC-CMA-ES,XAJ-Base,train,0.8172743356001717,0.8172743356001717,True
01583500,IC-CMA-ES,XAJ-Base,test,0.6783658090669733,0.6783658090669733,True
01583500,IC-CMA-ES,XAJ-TGD,train,0.8264139255939966,0.8264139255939966,True
01583500,IC-CMA-ES,XAJ-TGD,test,0.6576713507238696,0.6576713507238696,True
01583500,IC-CMA-ES,XAJ-CN,train,0.851740607067557,0.851740607067557,True
01583500,IC-CMA-ES,XAJ-CN,test,0.6632902634390794,0.6632902634390794,True
01583500,dPL-MLP,XAJ-Base,train,0.7591495892391338,0.7591495892391338,True
01583500,dPL-MLP,XAJ-Base,test,0.6969244072587981,0.6969244072587981,True
01583500,dPL-MLP,XAJ-TGD,train,0.7256692338177289,0.7256692338177289,True
01583500,dPL-MLP,XAJ-TGD,test,0.6840283741996338,0.6840283741996338,True
01583500,dPL-MLP,XAJ-CN,train,0.7908022084247819,0.7908022084247819,True
01583500,dPL-MLP,XAJ-CN,test,0.6871354850607048,0.6871354850607048,True
01586610,IC-CMA-ES,XAJ-Base,train,0.8724438518148966,0.8724438518148966,True
01586610,IC-CMA-ES,XAJ-Base,test,0.6208334102644222,0.6208334102644222,True
01586610,IC-CMA-ES,XAJ-TGD,train,0.8802836414524146,0.8802836414524146,True
01586610,IC-CMA-ES,XAJ-TGD,test,0.6360888250447447,0.6360888250447447,True
01586610,IC-CMA-ES,XAJ-CN,train,0.911020786145457,0.911020786145457,True
01586610,IC-CMA-ES,XAJ-CN,test,0.6691673881934268,0.6691673881934268,True
01586610,dPL-MLP,XAJ-Base,train,0.8541367406073124,0.8541367406073124,True
01586610,dPL-MLP,XAJ-Base,test,0.620958910252001,0.620958910252001,True
01586610,dPL-MLP,XAJ-TGD,train,0.8422679009116248,0.8422679009116248,True
01586610,dPL-MLP,XAJ-TGD,test,0.6248897900522087,0.6248897900522087,True
01586610,dPL-MLP,XAJ-CN,train,0.8785164492589381,0.8785164492589381,True
01586610,dPL-MLP,XAJ-CN,test,0.6587276933205476,0.6587276933205476,True
01591400,IC-CMA-ES,XAJ-Base,train,0.8283841181361893,0.8283841181361893,True
01591400,IC-CMA-ES,XAJ-Base,test,0.6227457297711836,0.6227457297711836,True
01591400,IC-CMA-ES,XAJ-TGD,train,0.8543472233177882,0.8543472233177882,True
01591400,IC-CMA-ES,XAJ-TGD,test,0.6779917208382478,0.6779917208382478,True
01591400,IC-CMA-ES,XAJ-CN,train,0.884995605365878,0.884995605365878,True
01591400,IC-CMA-ES,XAJ-CN,test,0.7087043587740794,0.7087043587740794,True
01591400,dPL-MLP,XAJ-Base,train,0.8226592373004604,0.8226592373004604,True
01591400,dPL-MLP,XAJ-Base,test,0.6251897534767412,0.6251897534767412,True
01591400,dPL-MLP,XAJ-TGD,train,0.83303916179414,0.83303916179414,True
01591400,dPL-MLP,XAJ-TGD,test,0.6586828155176223,0.6586828155176223,True
01591400,dPL-MLP,XAJ-CN,train,0.8528465121015528,0.8528465121015528,True
01591400,dPL-MLP,XAJ-CN,test,0.6903671861241416,0.6903671861241416,True
01594950,IC-CMA-ES,XAJ-Base,train,0.7317403977701422,0.7317403977701422,True
01594950,IC-CMA-ES,XAJ-Base,test,0.5825028905951,0.5825028905951,True
01594950,IC-CMA-ES,XAJ-TGD,train,0.7552134479655608,0.7552134479655608,True
01594950,IC-CMA-ES,XAJ-TGD,test,0.6094568121795446,0.6094568121795446,True
01594950,IC-CMA-ES,XAJ-CN,train,0.8237867450612979,0.8237867450612979,True
01594950,IC-CMA-ES,XAJ-CN,test,0.640349861267693,0.640349861267693,True
01594950,dPL-MLP,XAJ-Base,train,0.7293983730246397,0.7293983730246397,True
01594950,dPL-MLP,XAJ-Base,test,0.6064650606725046,0.6064650606725046,True
01594950,dPL-MLP,XAJ-TGD,train,0.6997662350327132,0.6997662350327132,True
01594950,dPL-MLP,XAJ-TGD,test,0.6527428673144613,0.6527428673144613,True
01594950,dPL-MLP,XAJ-CN,train,0.7983395006491618,0.7983395006491618,True
01594950,dPL-MLP,XAJ-CN,test,0.6509508494271661,0.6509508494271661,True
01596500,IC-CMA-ES,XAJ-Base,train,0.691738878432939,0.691738878432939,True
01596500,IC-CMA-ES,XAJ-Base,test,0.6453472836080173,0.6453472836080173,True
01596500,IC-CMA-ES,XAJ-TGD,train,0.7991717675738879,0.7991717675738879,True
01596500,IC-CMA-ES,XAJ-TGD,test,0.6838094687328634,0.6838094687328634,True
01596500,IC-CMA-ES,XAJ-CN,train,0.8973859309677362,0.8973859309677362,True
01596500,IC-CMA-ES,XAJ-CN,test,0.8247416870682124,0.8247416870682124,True
01596500,dPL-MLP,XAJ-Base,train,0.6853932083535188,0.6853932083535188,True
01596500,dPL-MLP,XAJ-Base,test,0.6444504827010431,0.6444504827010431,True
01596500,dPL-MLP,XAJ-TGD,train,0.7594042076622022,0.7594042076622022,True
01596500,dPL-MLP,XAJ-TGD,test,0.6596445347623854,0.6596445347623854,True
01596500,dPL-MLP,XAJ-CN,train,0.8675680168083639,0.8675680168083639,True
01596500,dPL-MLP,XAJ-CN,test,0.810682564882022,0.810682564882022,True
01605500,IC-CMA-ES,XAJ-Base,train,0.7774580155880746,0.7774580155880746,True
01605500,IC-CMA-ES,XAJ-Base,test,0.6415378267070174,0.6415378267070174,True
01605500,IC-CMA-ES,XAJ-TGD,train,0.7968430245714626,0.7968430245714626,True
01605500,IC-CMA-ES,XAJ-TGD,test,0.6444279207589201,0.6444279207589201,True
01605500,IC-CMA-ES,XAJ-CN,train,0.815749454546334,0.815749454546334,True
01605500,IC-CMA-ES,XAJ-CN,test,0.7005034497510105,0.7005034497510105,True
01605500,dPL-MLP,XAJ-Base,train,0.5153513811488803,0.5153513811488803,True
01605500,dPL-MLP,XAJ-Base,test,0.6947656704041645,0.6947656704041645,True
01605500,dPL-MLP,XAJ-TGD,train,0.5379774987006526,0.5379774987006526,True
01605500,dPL-MLP,XAJ-TGD,test,0.7312885423630247,0.7312885423630247,True
01605500,dPL-MLP,XAJ-CN,train,0.6330332043454139,0.6330332043454139,True
01605500,dPL-MLP,XAJ-CN,test,0.7473960901243283,0.7473960901243283,True
01606500,IC-CMA-ES,XAJ-Base,train,0.8667047101516585,0.8667047101516585,True
01606500,IC-CMA-ES,XAJ-Base,test,0.683403491353926,0.683403491353926,True
01606500,IC-CMA-ES,XAJ-TGD,train,0.9034332172833724,0.9034332172833724,True
01606500,IC-CMA-ES,XAJ-TGD,test,0.7167851986936695,0.7167851986936695,True
01606500,IC-CMA-ES,XAJ-CN,train,0.9235808007335006,0.9235808007335006,True
01606500,IC-CMA-ES,XAJ-CN,test,0.7916067400516338,0.7916067400516338,True
01606500,dPL-MLP,XAJ-Base,train,0.7887983408845869,0.7887983408845869,True
01606500,dPL-MLP,XAJ-Base,test,0.7018491278163825,0.7018491278163825,True
01606500,dPL-MLP,XAJ-TGD,train,0.8430130112148507,0.8430130112148507,True
01606500,dPL-MLP,XAJ-TGD,test,0.7395339576802971,0.7395339576802971,True
01606500,dPL-MLP,XAJ-CN,train,0.8727066631211597,0.8727066631211597,True
01606500,dPL-MLP,XAJ-CN,test,0.7663522227460555,0.7663522227460555,True
01632000,IC-CMA-ES,XAJ-Base,train,0.827338948207289,0.827338948207289,True
01632000,IC-CMA-ES,XAJ-Base,test,0.5762261219289793,0.5762261219289793,True
01632000,IC-CMA-ES,XAJ-TGD,train,0.870965102188672,0.870965102188672,True
01632000,IC-CMA-ES,XAJ-TGD,test,0.6312661165099621,0.6312661165099621,True
01632000,IC-CMA-ES,XAJ-CN,train,0.893958130983075,0.893958130983075,True
01632000,IC-CMA-ES,XAJ-CN,test,0.6606307368165286,0.6606307368165286,True
01632000,dPL-MLP,XAJ-Base,train,0.7933275527674482,0.7933275527674482,True
01632000,dPL-MLP,XAJ-Base,test,0.5684649984716978,0.5684649984716978,True
01632000,dPL-MLP,XAJ-TGD,train,0.8215129693980342,0.8215129693980342,True
01632000,dPL-MLP,XAJ-TGD,test,0.6128313217453158,0.6128313217453158,True
01632000,dPL-MLP,XAJ-CN,train,0.8329165750313583,0.8329165750313583,True
01632000,dPL-MLP,XAJ-CN,test,0.648293364484346,0.648293364484346,True
01632900,IC-CMA-ES,XAJ-Base,train,0.7969797078900941,0.7969797078900941,True
01632900,IC-CMA-ES,XAJ-Base,test,0.5931579979339281,0.5931579979339281,True
01632900,IC-CMA-ES,XAJ-TGD,train,0.8417599378505585,0.8417599378505585,True
01632900,IC-CMA-ES,XAJ-TGD,test,0.6695944502374354,0.6695944502374354,True
01632900,IC-CMA-ES,XAJ-CN,train,0.8717494836353183,0.8717494836353183,True
01632900,IC-CMA-ES,XAJ-CN,test,0.7017047806616518,0.7017047806616518,True
01632900,dPL-MLP,XAJ-Base,train,0.7738021219400595,0.7738021219400595,True
01632900,dPL-MLP,XAJ-Base,test,0.5992400655186022,0.5992400655186022,True
01632900,dPL-MLP,XAJ-TGD,train,0.7931646122585827,0.7931646122585827,True
01632900,dPL-MLP,XAJ-TGD,test,0.6483459261918739,0.6483459261918739,True
01632900,dPL-MLP,XAJ-CN,train,0.8374298486479526,0.8374298486479526,True
01632900,dPL-MLP,XAJ-CN,test,0.6202696021028778,0.6202696021028778,True
01634500,IC-CMA-ES,XAJ-Base,train,0.7636260474190789,0.7636260474190789,True
01634500,IC-CMA-ES,XAJ-Base,test,0.4815856668721479,0.4815856668721479,True
01634500,IC-CMA-ES,XAJ-TGD,train,0.8398816373618714,0.8398816373618714,True
01634500,IC-CMA-ES,XAJ-TGD,test,0.4554025996455124,0.4554025996455124,True
01634500,IC-CMA-ES,XAJ-CN,train,0.8648499910811314,0.8648499910811314,True
01634500,IC-CMA-ES,XAJ-CN,test,0.4663128441002983,0.4663128441002983,True
01634500,dPL-MLP,XAJ-Base,train,0.7361753141002576,0.7361753141002576,True
01634500,dPL-MLP,XAJ-Base,test,0.5275492070476069,0.5275492070476069,True
01634500,dPL-MLP,XAJ-TGD,train,0.7901557998201343,0.7901557998201343,True
01634500,dPL-MLP,XAJ-TGD,test,0.5645884412300721,0.5645884412300721,True
01634500,dPL-MLP,XAJ-CN,train,0.8242620830678771,0.8242620830678771,True
01634500,dPL-MLP,XAJ-CN,test,0.583335230578214,0.583335230578214,True
01638480,IC-CMA-ES,XAJ-Base,train,0.7832613651399838,0.7832613651399838,True
01638480,IC-CMA-ES,XAJ-Base,test,0.7074602010389213,0.7074602010389213,True
01638480,IC-CMA-ES,XAJ-TGD,train,0.807707154167076,0.807707154167076,True
01638480,IC-CMA-ES,XAJ-TGD,test,0.7359957443157408,0.7359957443157408,True
01638480,IC-CMA-ES,XAJ-CN,train,0.8148073636927232,0.8148073636927232,True
01638480,IC-CMA-ES,XAJ-CN,test,0.7752540959609947,0.7752540959609947,True
01638480,dPL-MLP,XAJ-Base,train,0.7505397761952223,0.7505397761952223,True
01638480,dPL-MLP,XAJ-Base,test,0.7035186428028268,0.7035186428028268,True
01638480,dPL-MLP,XAJ-TGD,train,0.7578197198517053,0.7578197198517053,True
01638480,dPL-MLP,XAJ-TGD,test,0.7363449370689564,0.7363449370689564,True
01638480,dPL-MLP,XAJ-CN,train,0.7510919428666903,0.7510919428666903,True
01638480,dPL-MLP,XAJ-CN,test,0.7402867672827633,0.7402867672827633,True
01639500,IC-CMA-ES,XAJ-Base,train,0.8413358868382121,0.8413358868382121,True
01639500,IC-CMA-ES,XAJ-Base,test,0.6926781522611292,0.6926781522611292,True
01639500,IC-CMA-ES,XAJ-TGD,train,0.8656398634575962,0.8656398634575962,True
01639500,IC-CMA-ES,XAJ-TGD,test,0.7296110831807479,0.7296110831807479,True
01639500,IC-CMA-ES,XAJ-CN,train,0.8842250134770302,0.8842250134770302,True
01639500,IC-CMA-ES,XAJ-CN,test,0.755628406044423,0.755628406044423,True
01639500,dPL-MLP,XAJ-Base,train,0.8220767962987509,0.8220767962987509,True
01639500,dPL-MLP,XAJ-Base,test,0.6703945958277092,0.6703945958277092,True
01639500,dPL-MLP,XAJ-TGD,train,0.8420417871652822,0.8420417871652822,True
01639500,dPL-MLP,XAJ-TGD,test,0.7210801250298366,0.7210801250298366,True
01639500,dPL-MLP,XAJ-CN,train,0.8190172217322891,0.8190172217322891,True
01639500,dPL-MLP,XAJ-CN,test,0.6726645197157789,0.6726645197157789,True
01644000,IC-CMA-ES,XAJ-Base,train,0.8711663899028358,0.8711663899028358,True
01644000,IC-CMA-ES,XAJ-Base,test,0.7489843243090009,0.7489843243090009,True
01644000,IC-CMA-ES,XAJ-TGD,train,0.8857397144573491,0.8857397144573491,True
01644000,IC-CMA-ES,XAJ-TGD,test,0.7726857268978875,0.7726857268978875,True
01644000,IC-CMA-ES,XAJ-CN,train,0.8982817886255728,0.8982817886255728,True
01644000,IC-CMA-ES,XAJ-CN,test,0.7792112682668584,0.7792112682668584,True
01644000,dPL-MLP,XAJ-Base,train,0.8639631296627783,0.8639631296627783,True
01644000,dPL-MLP,XAJ-Base,test,0.7360184774124141,0.7360184774124141,True
01644000,dPL-MLP,XAJ-TGD,train,0.8738312097999485,0.8738312097999485,True
01644000,dPL-MLP,XAJ-TGD,test,0.7837891483630005,0.7837891483630005,True
01644000,dPL-MLP,XAJ-CN,train,0.8816783489021078,0.8816783489021078,True
01644000,dPL-MLP,XAJ-CN,test,0.7625640976661878,0.7625640976661878,True
01664000,IC-CMA-ES,XAJ-Base,train,0.8538981839503749,0.8538981839503749,True
01664000,IC-CMA-ES,XAJ-Base,test,0.6623280333193615,0.6623280333193615,True
01664000,IC-CMA-ES,XAJ-TGD,train,0.8741253353681402,0.8741253353681402,True
01664000,IC-CMA-ES,XAJ-TGD,test,0.6680276239076612,0.6680276239076612,True
01664000,IC-CMA-ES,XAJ-CN,train,0.8860506071686968,0.8860506071686968,True
01664000,IC-CMA-ES,XAJ-CN,test,0.6304770640345643,0.6304770640345643,True
01664000,dPL-MLP,XAJ-Base,train,0.8494354698888853,0.8494354698888853,True
01664000,dPL-MLP,XAJ-Base,test,0.689100638677931,0.689100638677931,True
01664000,dPL-MLP,XAJ-TGD,train,0.8285207832819759,0.8285207832819759,True
01664000,dPL-MLP,XAJ-TGD,test,0.7254846305962764,0.7254846305962764,True
01664000,dPL-MLP,XAJ-CN,train,0.8595614854780914,0.8595614854780914,True
01664000,dPL-MLP,XAJ-CN,test,0.6389714563158955,0.6389714563158955,True
01666500,IC-CMA-ES,XAJ-Base,train,0.8237920074000279,0.8237920074000279,True
01666500,IC-CMA-ES,XAJ-Base,test,0.6152089501030618,0.6152089501030618,True
01666500,IC-CMA-ES,XAJ-TGD,train,0.8454653853483024,0.8454653853483024,True
01666500,IC-CMA-ES,XAJ-TGD,test,0.6068210959498039,0.6068210959498039,True
01666500,IC-CMA-ES,XAJ-CN,train,0.8503016418654709,0.8503016418654709,True
01666500,IC-CMA-ES,XAJ-CN,test,0.5995745396892864,0.5995745396892864,True
01666500,dPL-MLP,XAJ-Base,train,0.7403825657548156,0.7403825657548156,True
01666500,dPL-MLP,XAJ-Base,test,0.6706399086121593,0.6706399086121593,True
01666500,dPL-MLP,XAJ-TGD,train,0.7629872964505677,0.7629872964505677,True
01666500,dPL-MLP,XAJ-TGD,test,0.6786420582513246,0.6786420582513246,True
01666500,dPL-MLP,XAJ-CN,train,0.7763660937965202,0.7763660937965202,True
01666500,dPL-MLP,XAJ-CN,test,0.6572905517829672,0.6572905517829672,True
01667500,IC-CMA-ES,XAJ-Base,train,0.8494985023100772,0.8494985023100772,True
01667500,IC-CMA-ES,XAJ-Base,test,0.8064111668268765,0.8064111668268765,True
01667500,IC-CMA-ES,XAJ-TGD,train,0.8557905969169355,0.8557905969169355,True
01667500,IC-CMA-ES,XAJ-TGD,test,0.8042197683656189,0.8042197683656189,True
01667500,IC-CMA-ES,XAJ-CN,train,0.8675920804734156,0.8675920804734156,True
01667500,IC-CMA-ES,XAJ-CN,test,0.8055623919471537,0.8055623919471537,True
01667500,dPL-MLP,XAJ-Base,train,0.7493756513901835,0.7493756513901835,True
01667500,dPL-MLP,XAJ-Base,test,0.8028016868157721,0.8028016868157721,True
01667500,dPL-MLP,XAJ-TGD,train,0.7345769183563751,0.7345769183563751,True
01667500,dPL-MLP,XAJ-TGD,test,0.818496672932816,0.818496672932816,True
01667500,dPL-MLP,XAJ-CN,train,0.7633205793386456,0.7633205793386456,True
01667500,dPL-MLP,XAJ-CN,test,0.8049865819582718,0.8049865819582718,True
01669000,IC-CMA-ES,XAJ-Base,train,0.9008421046125756,0.9008421046125756,True
01669000,IC-CMA-ES,XAJ-Base,test,0.8471815283792947,0.8471815283792947,True
01669000,IC-CMA-ES,XAJ-TGD,train,0.9149454704865736,0.9149454704865736,True
01669000,IC-CMA-ES,XAJ-TGD,test,0.8370837156806532,0.8370837156806532,True
01669000,IC-CMA-ES,XAJ-CN,train,0.9112824775312434,0.9112824775312434,True
01669000,IC-CMA-ES,XAJ-CN,test,0.8473060841304968,0.8473060841304968,True
01669000,dPL-MLP,XAJ-Base,train,0.8868906557460233,0.8868906557460233,True
01669000,dPL-MLP,XAJ-Base,test,0.8411710868283045,0.8411710868283045,True
01669000,dPL-MLP,XAJ-TGD,train,0.8979565947741244,0.8979565947741244,True
01669000,dPL-MLP,XAJ-TGD,test,0.8410581216691368,0.8410581216691368,True
01669000,dPL-MLP,XAJ-CN,train,0.8975033766911314,0.8975033766911314,True
01669000,dPL-MLP,XAJ-CN,test,0.8260769980665608,0.8260769980665608,True
01669520,IC-CMA-ES,XAJ-Base,train,0.893684285224736,0.893684285224736,True
01669520,IC-CMA-ES,XAJ-Base,test,0.7859500249701473,0.7859500249701473,True
01669520,IC-CMA-ES,XAJ-TGD,train,0.9071000654775386,0.9071000654775386,True
01669520,IC-CMA-ES,XAJ-TGD,test,0.7900709619377249,0.7900709619377249,True
01669520,IC-CMA-ES,XAJ-CN,train,0.9102294078759277,0.9102294078759277,True
01669520,IC-CMA-ES,XAJ-CN,test,0.8054480896140845,0.8054480896140845,True
01669520,dPL-MLP,XAJ-Base,train,0.8720836884173042,0.8720836884173042,True
01669520,dPL-MLP,XAJ-Base,test,0.7438490852256378,0.7438490852256378,True
01669520,dPL-MLP,XAJ-TGD,train,0.8832396993967468,0.8832396993967468,True
01669520,dPL-MLP,XAJ-TGD,test,0.7456957179497834,0.7456957179497834,True
01669520,dPL-MLP,XAJ-CN,train,0.894431654448757,0.894431654448757,True
01669520,dPL-MLP,XAJ-CN,test,0.7672967530448478,0.7672967530448478,True
02011400,IC-CMA-ES,XAJ-Base,train,0.8617029602061198,0.8617029602061198,True
02011400,IC-CMA-ES,XAJ-Base,test,0.7208426776047206,0.7208426776047206,True
02011400,IC-CMA-ES,XAJ-TGD,train,0.8906301388478757,0.8906301388478757,True
02011400,IC-CMA-ES,XAJ-TGD,test,0.759824068730905,0.759824068730905,True
02011400,IC-CMA-ES,XAJ-CN,train,0.907498234974218,0.907498234974218,True
02011400,IC-CMA-ES,XAJ-CN,test,0.7649947345241186,0.7649947345241186,True
02011400,dPL-MLP,XAJ-Base,train,0.8548802372976272,0.8548802372976272,True
02011400,dPL-MLP,XAJ-Base,test,0.712195933631022,0.712195933631022,True
02011400,dPL-MLP,XAJ-TGD,train,0.8589182155590034,0.8589182155590034,True
02011400,dPL-MLP,XAJ-TGD,test,0.7875246048398763,0.7875246048398763,True
02011400,dPL-MLP,XAJ-CN,train,0.8865081679850557,0.8865081679850557,True
02011400,dPL-MLP,XAJ-CN,test,0.7981891644770063,0.7981891644770063,True
02013000,IC-CMA-ES,XAJ-Base,train,0.7993405651706343,0.7993405651706343,True
02013000,IC-CMA-ES,XAJ-Base,test,0.6064718414428316,0.6064718414428316,True
02013000,IC-CMA-ES,XAJ-TGD,train,0.8493269216489214,0.8493269216489214,True
02013000,IC-CMA-ES,XAJ-TGD,test,0.6629197764386696,0.6629197764386696,True
02013000,IC-CMA-ES,XAJ-CN,train,0.8784282291485829,0.8784282291485829,True
02013000,IC-CMA-ES,XAJ-CN,test,0.710810367397168,0.710810367397168,True
02013000,dPL-MLP,XAJ-Base,train,0.805272089372085,0.805272089372085,True
02013000,dPL-MLP,XAJ-Base,test,0.6666993740244433,0.6666993740244433,True
02013000,dPL-MLP,XAJ-TGD,train,0.8451768131107286,0.8451768131107286,True
02013000,dPL-MLP,XAJ-TGD,test,0.6965070147391248,0.6965070147391248,True
02013000,dPL-MLP,XAJ-CN,train,0.8649676160656488,0.8649676160656488,True
02013000,dPL-MLP,XAJ-CN,test,0.7207609552383181,0.7207609552383181,True
02014000,IC-CMA-ES,XAJ-Base,train,0.8540096363970248,0.8540096363970248,True
02014000,IC-CMA-ES,XAJ-Base,test,0.6663299863624665,0.6663299863624665,True
02014000,IC-CMA-ES,XAJ-TGD,train,0.8925701848604001,0.8925701848604001,True
02014000,IC-CMA-ES,XAJ-TGD,test,0.7278237082464396,0.7278237082464396,True
02014000,IC-CMA-ES,XAJ-CN,train,0.9098058712258476,0.9098058712258476,True
02014000,IC-CMA-ES,XAJ-CN,test,0.7399511261753251,0.7399511261753251,True
02014000,dPL-MLP,XAJ-Base,train,0.8402329382925817,0.8402329382925817,True
02014000,dPL-MLP,XAJ-Base,test,0.6895527932378842,0.6895527932378842,True
02014000,dPL-MLP,XAJ-TGD,train,0.852242128835267,0.852242128835267,True
02014000,dPL-MLP,XAJ-TGD,test,0.745416898414319,0.745416898414319,True
02014000,dPL-MLP,XAJ-CN,train,0.8766615567589737,0.8766615567589737,True
02014000,dPL-MLP,XAJ-CN,test,0.7500267248311462,0.7500267248311462,True
02015700,IC-CMA-ES,XAJ-Base,train,0.8250612921340392,0.8250612921340392,True
02015700,IC-CMA-ES,XAJ-Base,test,0.7213188968423309,0.7213188968423309,True
02015700,IC-CMA-ES,XAJ-TGD,train,0.8531969732555672,0.8531969732555672,True
02015700,IC-CMA-ES,XAJ-TGD,test,0.7422196441805923,0.7422196441805923,True
02015700,IC-CMA-ES,XAJ-CN,train,0.87046202573331,0.87046202573331,True
02015700,IC-CMA-ES,XAJ-CN,test,0.7405537111987519,0.7405537111987519,True
02015700,dPL-MLP,XAJ-Base,train,0.7942179412233616,0.7942179412233616,True
02015700,dPL-MLP,XAJ-Base,test,0.705142836805097,0.705142836805097,True
02015700,dPL-MLP,XAJ-TGD,train,0.8002685100626747,0.8002685100626747,True
02015700,dPL-MLP,XAJ-TGD,test,0.7651340917941306,0.7651340917941306,True
02015700,dPL-MLP,XAJ-CN,train,0.8377657897542653,0.8377657897542653,True
02015700,dPL-MLP,XAJ-CN,test,0.7784390141178131,0.7784390141178131,True
02016000,IC-CMA-ES,XAJ-Base,train,0.8821449585166702,0.8821449585166702,True
02016000,IC-CMA-ES,XAJ-Base,test,0.7633110978790407,0.7633110978790407,True
02016000,IC-CMA-ES,XAJ-TGD,train,0.9032194034905288,0.9032194034905288,True
02016000,IC-CMA-ES,XAJ-TGD,test,0.8030613117811423,0.8030613117811423,True
02016000,IC-CMA-ES,XAJ-CN,train,0.9185415208947684,0.9185415208947684,True
02016000,IC-CMA-ES,XAJ-CN,test,0.8204810467837396,0.8204810467837396,True
02016000,dPL-MLP,XAJ-Base,train,0.8650734392514043,0.8650734392514043,True
02016000,dPL-MLP,XAJ-Base,test,0.7452248841593135,0.7452248841593135,True
02016000,dPL-MLP,XAJ-TGD,train,0.8869307198312428,0.8869307198312428,True
02016000,dPL-MLP,XAJ-TGD,test,0.8089205050569195,0.8089205050569195,True
02016000,dPL-MLP,XAJ-CN,train,0.8960717845551915,0.8960717845551915,True
02016000,dPL-MLP,XAJ-CN,test,0.7963586494408111,0.7963586494408111,True
02017500,IC-CMA-ES,XAJ-Base,train,0.8477224841132036,0.8477224841132036,True
02017500,IC-CMA-ES,XAJ-Base,test,0.6974069872623387,0.6974069872623387,True
02017500,IC-CMA-ES,XAJ-TGD,train,0.8730060275683469,0.8730060275683469,True
02017500,IC-CMA-ES,XAJ-TGD,test,0.7165415762682501,0.7165415762682501,True
02017500,IC-CMA-ES,XAJ-CN,train,0.8919560711688042,0.8919560711688042,True
02017500,IC-CMA-ES,XAJ-CN,test,0.7464321502571258,0.7464321502571258,True
02017500,dPL-MLP,XAJ-Base,train,0.8398650188022702,0.8398650188022702,True
02017500,dPL-MLP,XAJ-Base,test,0.7250716679973395,0.7250716679973395,True
02017500,dPL-MLP,XAJ-TGD,train,0.8485737917164531,0.8485737917164531,True
02017500,dPL-MLP,XAJ-TGD,test,0.7722835333782689,0.7722835333782689,True
02017500,dPL-MLP,XAJ-CN,train,0.8761472946738174,0.8761472946738174,True
02017500,dPL-MLP,XAJ-CN,test,0.7788648426089428,0.7788648426089428,True
02018000,IC-CMA-ES,XAJ-Base,train,0.8429304207083841,0.8429304207083841,True
02018000,IC-CMA-ES,XAJ-Base,test,0.7273130206908599,0.7273130206908599,True
02018000,IC-CMA-ES,XAJ-TGD,train,0.8887784718842697,0.8887784718842697,True
02018000,IC-CMA-ES,XAJ-TGD,test,0.7086719285469094,0.7086719285469094,True
02018000,IC-CMA-ES,XAJ-CN,train,0.8982387439897512,0.8982387439897512,True
02018000,IC-CMA-ES,XAJ-CN,test,0.7213548744983267,0.7213548744983267,True
02018000,dPL-MLP,XAJ-Base,train,0.8455439716676995,0.8455439716676995,True
02018000,dPL-MLP,XAJ-Base,test,0.6972153141119889,0.6972153141119889,True
02018000,dPL-MLP,XAJ-TGD,train,0.8465661969604374,0.8465661969604374,True
02018000,dPL-MLP,XAJ-TGD,test,0.7559288779226243,0.7559288779226243,True
02018000,dPL-MLP,XAJ-CN,train,0.8698198829938392,0.8698198829938392,True
02018000,dPL-MLP,XAJ-CN,test,0.7444082731173661,0.7444082731173661,True
02027000,IC-CMA-ES,XAJ-Base,train,0.8617393850933781,0.8617393850933781,True
02027000,IC-CMA-ES,XAJ-Base,test,0.6520661811815385,0.6520661811815385,True
02027000,IC-CMA-ES,XAJ-TGD,train,0.8749549836545163,0.8749549836545163,True
02027000,IC-CMA-ES,XAJ-TGD,test,0.6656275167659789,0.6656275167659789,True
02027000,IC-CMA-ES,XAJ-CN,train,0.8722354285814014,0.8722354285814014,True
02027000,IC-CMA-ES,XAJ-CN,test,0.6773492459546432,0.6773492459546432,True
02027000,dPL-MLP,XAJ-Base,train,0.8248806472553443,0.8248806472553443,True
02027000,dPL-MLP,XAJ-Base,test,0.619788092360082,0.619788092360082,True
02027000,dPL-MLP,XAJ-TGD,train,0.8137841456686715,0.8137841456686715,True
02027000,dPL-MLP,XAJ-TGD,test,0.6326346873585005,0.6326346873585005,True
02027000,dPL-MLP,XAJ-CN,train,0.8460556892944168,0.8460556892944168,True
02027000,dPL-MLP,XAJ-CN,test,0.6466411152427834,0.6466411152427834,True
02027500,IC-CMA-ES,XAJ-Base,train,0.7912979158177894,0.7912979158177894,True
02027500,IC-CMA-ES,XAJ-Base,test,0.5593051061112835,0.5593051061112835,True
02027500,IC-CMA-ES,XAJ-TGD,train,0.8006487807363829,0.8006487807363829,True
02027500,IC-CMA-ES,XAJ-TGD,test,0.5701109869698369,0.5701109869698369,True
02027500,IC-CMA-ES,XAJ-CN,train,0.797150713628445,0.797150713628445,True
02027500,IC-CMA-ES,XAJ-CN,test,0.5615703052724534,0.5615703052724534,True
02027500,dPL-MLP,XAJ-Base,train,0.6753948328845282,0.6753948328845282,True
02027500,dPL-MLP,XAJ-Base,test,0.567582946951534,0.567582946951534,True
02027500,dPL-MLP,XAJ-TGD,train,0.6697897564587423,0.6697897564587423,True
02027500,dPL-MLP,XAJ-TGD,test,0.5848755621169115,0.5848755621169115,True
02027500,dPL-MLP,XAJ-CN,train,0.641019226819604,0.641019226819604,True
02027500,dPL-MLP,XAJ-CN,test,0.5717890112305495,0.5717890112305495,True
02028500,IC-CMA-ES,XAJ-Base,train,0.8123252871737217,0.8123252871737217,True
02028500,IC-CMA-ES,XAJ-Base,test,0.7071239797397768,0.7071239797397768,True
02028500,IC-CMA-ES,XAJ-TGD,train,0.8316993189484467,0.8316993189484467,True
02028500,IC-CMA-ES,XAJ-TGD,test,0.7231994297987943,0.7231994297987943,True
02028500,IC-CMA-ES,XAJ-CN,train,0.8337012485272854,0.8337012485272854,True
02028500,IC-CMA-ES,XAJ-CN,test,0.7303967705183347,0.7303967705183347,True
02028500,dPL-MLP,XAJ-Base,train,0.7308878799151357,0.7308878799151357,True
02028500,dPL-MLP,XAJ-Base,test,0.7729993444177793,0.7729993444177793,True
02028500,dPL-MLP,XAJ-TGD,train,0.7506643099863821,0.7506643099863821,True
02028500,dPL-MLP,XAJ-TGD,test,0.7861437935704134,0.7861437935704134,True
02028500,dPL-MLP,XAJ-CN,train,0.7450476642393922,0.7450476642393922,True
02028500,dPL-MLP,XAJ-CN,test,0.7902983766319361,0.7902983766319361,True
02038850,IC-CMA-ES,XAJ-Base,train,0.83493172563292,0.83493172563292,True
02038850,IC-CMA-ES,XAJ-Base,test,0.6772588676175857,0.6772588676175857,True
02038850,IC-CMA-ES,XAJ-TGD,train,0.8333516412553904,0.8333516412553904,True
02038850,IC-CMA-ES,XAJ-TGD,test,0.6719619091305762,0.6719619091305762,True
02038850,IC-CMA-ES,XAJ-CN,train,0.820560125079008,0.820560125079008,True
02038850,IC-CMA-ES,XAJ-CN,test,0.6848687043329442,0.6848687043329442,True
02038850,dPL-MLP,XAJ-Base,train,0.7818714659452826,0.7818714659452826,True
02038850,dPL-MLP,XAJ-Base,test,0.5991363423053574,0.5991363423053574,True
02038850,dPL-MLP,XAJ-TGD,train,0.7477694623791831,0.7477694623791831,True
02038850,dPL-MLP,XAJ-TGD,test,0.5067981298077402,0.5067981298077402,True
02038850,dPL-MLP,XAJ-CN,train,0.7710086413807145,0.7710086413807145,True
02038850,dPL-MLP,XAJ-CN,test,0.6063700155896327,0.6063700155896327,True
02046000,IC-CMA-ES,XAJ-Base,train,0.8798988697795402,0.8798988697795402,True
02046000,IC-CMA-ES,XAJ-Base,test,0.7646965923735023,0.7646965923735023,True
02046000,IC-CMA-ES,XAJ-TGD,train,0.8959454058533785,0.8959454058533785,True
02046000,IC-CMA-ES,XAJ-TGD,test,0.7451743815724474,0.7451743815724474,True
02046000,IC-CMA-ES,XAJ-CN,train,0.8898134861694675,0.8898134861694675,True
02046000,IC-CMA-ES,XAJ-CN,test,0.7627239029515189,0.7627239029515189,True
02046000,dPL-MLP,XAJ-Base,train,0.866564434911514,0.866564434911514,True
02046000,dPL-MLP,XAJ-Base,test,0.7773031716140179,0.7773031716140179,True
02046000,dPL-MLP,XAJ-TGD,train,0.8809063377937958,0.8809063377937958,True
02046000,dPL-MLP,XAJ-TGD,test,0.7910982150844275,0.7910982150844275,True
02046000,dPL-MLP,XAJ-CN,train,0.8740086357977197,0.8740086357977197,True
02046000,dPL-MLP,XAJ-CN,test,0.790738229213146,0.790738229213146,True
02051500,IC-CMA-ES,XAJ-Base,train,0.8911313838218822,0.8911313838218822,True
02051500,IC-CMA-ES,XAJ-Base,test,0.8405802347561099,0.8405802347561099,True
02051500,IC-CMA-ES,XAJ-TGD,train,0.9143653861068668,0.9143653861068668,True
02051500,IC-CMA-ES,XAJ-TGD,test,0.838375176847583,0.838375176847583,True
02051500,IC-CMA-ES,XAJ-CN,train,0.9083458443203758,0.9083458443203758,True
02051500,IC-CMA-ES,XAJ-CN,test,0.8330170072350946,0.8330170072350946,True
02051500,dPL-MLP,XAJ-Base,train,0.8698620784911638,0.8698620784911638,True
02051500,dPL-MLP,XAJ-Base,test,0.8345422939965311,0.8345422939965311,True
02051500,dPL-MLP,XAJ-TGD,train,0.8647383048231985,0.8647383048231985,True
02051500,dPL-MLP,XAJ-TGD,test,0.8264200621708324,0.8264200621708324,True
02051500,dPL-MLP,XAJ-CN,train,0.8868970496415898,0.8868970496415898,True
02051500,dPL-MLP,XAJ-CN,test,0.8354015938994519,0.8354015938994519,True
02053200,IC-CMA-ES,XAJ-Base,train,0.8928742138649226,0.8928742138649226,True
02053200,IC-CMA-ES,XAJ-Base,test,0.8852896631801254,0.8852896631801254,True
02053200,IC-CMA-ES,XAJ-TGD,train,0.8981677712247272,0.8981677712247272,True
02053200,IC-CMA-ES,XAJ-TGD,test,0.8731692725842835,0.8731692725842835,True
02053200,IC-CMA-ES,XAJ-CN,train,0.8933946966271953,0.8933946966271953,True
02053200,IC-CMA-ES,XAJ-CN,test,0.8800513068593337,0.8800513068593337,True
02053200,dPL-MLP,XAJ-Base,train,0.881191863461682,0.881191863461682,True
02053200,dPL-MLP,XAJ-Base,test,0.8767218458457405,0.8767218458457405,True
02053200,dPL-MLP,XAJ-TGD,train,0.8551189090830906,0.8551189090830906,True
02053200,dPL-MLP,XAJ-TGD,test,0.8449847251801136,0.8449847251801136,True
02053200,dPL-MLP,XAJ-CN,train,0.8688627756265441,0.8688627756265441,True
02053200,dPL-MLP,XAJ-CN,test,0.8719371684126025,0.8719371684126025,True
02053800,IC-CMA-ES,XAJ-Base,train,0.8561249157608122,0.8561249157608122,True
02053800,IC-CMA-ES,XAJ-Base,test,0.7111721172864404,0.7111721172864404,True
02053800,IC-CMA-ES,XAJ-TGD,train,0.875961066231821,0.875961066231821,True
02053800,IC-CMA-ES,XAJ-TGD,test,0.7292003900207482,0.7292003900207482,True
02053800,IC-CMA-ES,XAJ-CN,train,0.8784782538092964,0.8784782538092964,True
02053800,IC-CMA-ES,XAJ-CN,test,0.7306205657509068,0.7306205657509068,True
02053800,dPL-MLP,XAJ-Base,train,0.8098048699327769,0.8098048699327769,True
02053800,dPL-MLP,XAJ-Base,test,0.6755683095203842,0.6755683095203842,True
02053800,dPL-MLP,XAJ-TGD,train,0.8395776373944183,0.8395776373944183,True
02053800,dPL-MLP,XAJ-TGD,test,0.7133604217037564,0.7133604217037564,True
02053800,dPL-MLP,XAJ-CN,train,0.8489191575309555,0.8489191575309555,True
02053800,dPL-MLP,XAJ-CN,test,0.6882707253824214,0.6882707253824214,True
02055100,IC-CMA-ES,XAJ-Base,train,0.5946006308105674,0.5946006308105674,True
02055100,IC-CMA-ES,XAJ-Base,test,0.3547664550934489,0.3547664550934489,True
02055100,IC-CMA-ES,XAJ-TGD,train,0.6303045513903578,0.6303045513903578,True
02055100,IC-CMA-ES,XAJ-TGD,test,0.4205645939633368,0.4205645939633368,True
02055100,IC-CMA-ES,XAJ-CN,train,0.637326662805935,0.637326662805935,True
02055100,IC-CMA-ES,XAJ-CN,test,0.4300625453389246,0.4300625453389246,True
02055100,dPL-MLP,XAJ-Base,train,0.3410092988907582,0.3410092988907582,True
02055100,dPL-MLP,XAJ-Base,test,0.6737101369105136,0.6737101369105136,True
02055100,dPL-MLP,XAJ-TGD,train,0.3529381357907397,0.3529381357907397,True
02055100,dPL-MLP,XAJ-TGD,test,0.6966968712857831,0.6966968712857831,True
02055100,dPL-MLP,XAJ-CN,train,0.4031279085806096,0.4031279085806096,True
02055100,dPL-MLP,XAJ-CN,test,0.7202520832800703,0.7202520832800703,True
02056900,IC-CMA-ES,XAJ-Base,train,0.8913500989571572,0.8913500989571572,True
02056900,IC-CMA-ES,XAJ-Base,test,0.7757785400393721,0.7757785400393721,True
02056900,IC-CMA-ES,XAJ-TGD,train,0.905179650979111,0.905179650979111,True
02056900,IC-CMA-ES,XAJ-TGD,test,0.7618758743139906,0.7618758743139906,True
02056900,IC-CMA-ES,XAJ-CN,train,0.9087595699654248,0.9087595699654248,True
02056900,IC-CMA-ES,XAJ-CN,test,0.7841728769111055,0.7841728769111055,True
02056900,dPL-MLP,XAJ-Base,train,0.873772960634154,0.873772960634154,True
02056900,dPL-MLP,XAJ-Base,test,0.7606211331424366,0.7606211331424366,True
02056900,dPL-MLP,XAJ-TGD,train,0.8747885552152445,0.8747885552152445,True
02056900,dPL-MLP,XAJ-TGD,test,0.733970587515852,0.733970587515852,True
02056900,dPL-MLP,XAJ-CN,train,0.8712096654879183,0.8712096654879183,True
02056900,dPL-MLP,XAJ-CN,test,0.7713260144886445,0.7713260144886445,True
02059500,IC-CMA-ES,XAJ-Base,train,0.8305204239750134,0.8305204239750134,True
02059500,IC-CMA-ES,XAJ-Base,test,0.6393730833641456,0.6393730833641456,True
02059500,IC-CMA-ES,XAJ-TGD,train,0.8316218813965749,0.8316218813965749,True
02059500,IC-CMA-ES,XAJ-TGD,test,0.634451409873741,0.634451409873741,True
02059500,IC-CMA-ES,XAJ-CN,train,0.8371774334293449,0.8371774334293449,True
02059500,IC-CMA-ES,XAJ-CN,test,0.6570515041760019,0.6570515041760019,True
02059500,dPL-MLP,XAJ-Base,train,0.5857940218668811,0.5857940218668811,True
02059500,dPL-MLP,XAJ-Base,test,0.6316238917731918,0.6316238917731918,True
02059500,dPL-MLP,XAJ-TGD,train,0.5832058190238382,0.5832058190238382,True
02059500,dPL-MLP,XAJ-TGD,test,0.5788695840529662,0.5788695840529662,True
02059500,dPL-MLP,XAJ-CN,train,0.6069543997268079,0.6069543997268079,True
02059500,dPL-MLP,XAJ-CN,test,0.7014161143270462,0.7014161143270462,True
02064000,IC-CMA-ES,XAJ-Base,train,0.9121455293220078,0.9121455293220078,True
02064000,IC-CMA-ES,XAJ-Base,test,0.7528439552779437,0.7528439552779437,True
02064000,IC-CMA-ES,XAJ-TGD,train,0.9216775624443672,0.9216775624443672,True
02064000,IC-CMA-ES,XAJ-TGD,test,0.7440206425206519,0.7440206425206519,True
02064000,IC-CMA-ES,XAJ-CN,train,0.9297588295216752,0.9297588295216752,True
02064000,IC-CMA-ES,XAJ-CN,test,0.7537366586843894,0.7537366586843894,True
02064000,dPL-MLP,XAJ-Base,train,0.751413667072943,0.751413667072943,True
02064000,dPL-MLP,XAJ-Base,test,0.5834866807090379,0.5834866807090379,True
02064000,dPL-MLP,XAJ-TGD,train,0.7441012615665392,0.7441012615665392,True
02064000,dPL-MLP,XAJ-TGD,test,0.5799933989004076,0.5799933989004076,True
02064000,dPL-MLP,XAJ-CN,train,0.8074322213045639,0.8074322213045639,True
02064000,dPL-MLP,XAJ-CN,test,0.6602052273839034,0.6602052273839034,True
02065500,IC-CMA-ES,XAJ-Base,train,0.8801886775834946,0.8801886775834946,True
02065500,IC-CMA-ES,XAJ-Base,test,0.7328141940303728,0.7328141940303728,True
02065500,IC-CMA-ES,XAJ-TGD,train,0.8926104824074363,0.8926104824074363,True
02065500,IC-CMA-ES,XAJ-TGD,test,0.7194382915484121,0.7194382915484121,True
02065500,IC-CMA-ES,XAJ-CN,train,0.8853051881332357,0.8853051881332357,True
02065500,IC-CMA-ES,XAJ-CN,test,0.7172864214231094,0.7172864214231094,True
02065500,dPL-MLP,XAJ-Base,train,0.7901017663714467,0.7901017663714467,True
02065500,dPL-MLP,XAJ-Base,test,0.5616651002082209,0.5616651002082209,True
02065500,dPL-MLP,XAJ-TGD,train,0.80174226413036,0.80174226413036,True
02065500,dPL-MLP,XAJ-TGD,test,0.6448856817625985,0.6448856817625985,True
02065500,dPL-MLP,XAJ-CN,train,0.8409209550794494,0.8409209550794494,True
02065500,dPL-MLP,XAJ-CN,test,0.6236644901857381,0.6236644901857381,True
02069700,IC-CMA-ES,XAJ-Base,train,0.8495883219772786,0.8495883219772786,True
02069700,IC-CMA-ES,XAJ-Base,test,0.5171656797574138,0.5171656797574138,True
02069700,IC-CMA-ES,XAJ-TGD,train,0.8603135420658128,0.8603135420658128,True
02069700,IC-CMA-ES,XAJ-TGD,test,0.554488044149007,0.554488044149007,True
02069700,IC-CMA-ES,XAJ-CN,train,0.8667798790997623,0.8667798790997623,True
02069700,IC-CMA-ES,XAJ-CN,test,0.577892290957043,0.577892290957043,True
02069700,dPL-MLP,XAJ-Base,train,0.7633286819349704,0.7633286819349704,True
02069700,dPL-MLP,XAJ-Base,test,0.7235851952222181,0.7235851952222181,True
02069700,dPL-MLP,XAJ-TGD,train,0.7898107578136229,0.7898107578136229,True
02069700,dPL-MLP,XAJ-TGD,test,0.6561123601377707,0.6561123601377707,True
02069700,dPL-MLP,XAJ-CN,train,0.7972740948318493,0.7972740948318493,True
02069700,dPL-MLP,XAJ-CN,test,0.671298062466059,0.671298062466059,True
02070000,IC-CMA-ES,XAJ-Base,train,0.8836366902893948,0.8836366902893948,True
02070000,IC-CMA-ES,XAJ-Base,test,0.6734655155006986,0.6734655155006986,True
02070000,IC-CMA-ES,XAJ-TGD,train,0.8940673527039236,0.8940673527039236,True
02070000,IC-CMA-ES,XAJ-TGD,test,0.695746458168686,0.695746458168686,True
02070000,IC-CMA-ES,XAJ-CN,train,0.8930357601563763,0.8930357601563763,True
02070000,IC-CMA-ES,XAJ-CN,test,0.6471338489027454,0.6471338489027454,True
02070000,dPL-MLP,XAJ-Base,train,0.7696828498459195,0.7696828498459195,True
02070000,dPL-MLP,XAJ-Base,test,0.7348200560801823,0.7348200560801823,True
02070000,dPL-MLP,XAJ-TGD,train,0.7640229738526871,0.7640229738526871,True
02070000,dPL-MLP,XAJ-TGD,test,0.7433403581023739,0.7433403581023739,True
02070000,dPL-MLP,XAJ-CN,train,0.8184476157179605,0.8184476157179605,True
02070000,dPL-MLP,XAJ-CN,test,0.7129883201121354,0.7129883201121354,True
02074500,IC-CMA-ES,XAJ-Base,train,0.8365707819313617,0.8365707819313617,True
02074500,IC-CMA-ES,XAJ-Base,test,0.8127404816234582,0.8127404816234582,True
02074500,IC-CMA-ES,XAJ-TGD,train,0.8523246352125805,0.8523246352125805,True
02074500,IC-CMA-ES,XAJ-TGD,test,0.8500900391276325,0.8500900391276325,True
02074500,IC-CMA-ES,XAJ-CN,train,0.8485879438918271,0.8485879438918271,True
02074500,IC-CMA-ES,XAJ-CN,test,0.8259541919043343,0.8259541919043343,True
02074500,dPL-MLP,XAJ-Base,train,0.7767084200106207,0.7767084200106207,True
02074500,dPL-MLP,XAJ-Base,test,0.7454193442591288,0.7454193442591288,True
02074500,dPL-MLP,XAJ-TGD,train,0.7417333682900719,0.7417333682900719,True
02074500,dPL-MLP,XAJ-TGD,test,0.702805519921788,0.702805519921788,True
02074500,dPL-MLP,XAJ-CN,train,0.7977459351798736,0.7977459351798736,True
02074500,dPL-MLP,XAJ-CN,test,0.8278504149953948,0.8278504149953948,True
02077200,IC-CMA-ES,XAJ-Base,train,0.6783752097064017,0.6783752097064017,True
02077200,IC-CMA-ES,XAJ-Base,test,0.3909252349019643,0.3909252349019643,True
02077200,IC-CMA-ES,XAJ-TGD,train,0.6958363480789321,0.6958363480789321,True
02077200,IC-CMA-ES,XAJ-TGD,test,0.4462089551966579,0.4462089551966579,True
02077200,IC-CMA-ES,XAJ-CN,train,0.6867306840633554,0.6867306840633554,True
02077200,IC-CMA-ES,XAJ-CN,test,0.4450722244174535,0.4450722244174535,True
02077200,dPL-MLP,XAJ-Base,train,0.5754930766213587,0.5754930766213587,True
02077200,dPL-MLP,XAJ-Base,test,0.6960534302428576,0.6960534302428576,True
02077200,dPL-MLP,XAJ-TGD,train,0.5638209274229282,0.5638209274229282,True
02077200,dPL-MLP,XAJ-TGD,test,0.6744511689176023,0.6744511689176023,True
02077200,dPL-MLP,XAJ-CN,train,0.5482566397465745,0.5482566397465745,True
02077200,dPL-MLP,XAJ-CN,test,0.766348803309087,0.766348803309087,True
02081500,IC-CMA-ES,XAJ-Base,train,0.8496412674629491,0.8496412674629491,True
02081500,IC-CMA-ES,XAJ-Base,test,0.7273114355560298,0.7273114355560298,True
02081500,IC-CMA-ES,XAJ-TGD,train,0.8555014370147216,0.8555014370147216,True
02081500,IC-CMA-ES,XAJ-TGD,test,0.7590339135255555,0.7590339135255555,True
02081500,IC-CMA-ES,XAJ-CN,train,0.851270882346609,0.851270882346609,True
02081500,IC-CMA-ES,XAJ-CN,test,0.6804856793490605,0.6804856793490605,True
02081500,dPL-MLP,XAJ-Base,train,0.8421844290734768,0.8421844290734768,True
02081500,dPL-MLP,XAJ-Base,test,0.7607333596223703,0.7607333596223703,True
02081500,dPL-MLP,XAJ-TGD,train,0.8424845440705394,0.8424845440705394,True
02081500,dPL-MLP,XAJ-TGD,test,0.7549078324346724,0.7549078324346724,True
02081500,dPL-MLP,XAJ-CN,train,0.8104520050171247,0.8104520050171247,True
02081500,dPL-MLP,XAJ-CN,test,0.8030400979950774,0.8030400979950774,True
02082950,IC-CMA-ES,XAJ-Base,train,0.8437152946736615,0.8437152946736615,True
02082950,IC-CMA-ES,XAJ-Base,test,0.7940760835236408,0.7940760835236408,True
02082950,IC-CMA-ES,XAJ-TGD,train,0.8769066855869551,0.8769066855869551,True
02082950,IC-CMA-ES,XAJ-TGD,test,0.7993184032267002,0.7993184032267002,True
02082950,IC-CMA-ES,XAJ-CN,train,0.8747439876339537,0.8747439876339537,True
02082950,IC-CMA-ES,XAJ-CN,test,0.7974999413297754,0.7974999413297754,True
02082950,dPL-MLP,XAJ-Base,train,0.8064354977891304,0.8064354977891304,True
02082950,dPL-MLP,XAJ-Base,test,0.8252667718634381,0.8252667718634381,True
02082950,dPL-MLP,XAJ-TGD,train,0.8173138235796489,0.8173138235796489,True
02082950,dPL-MLP,XAJ-TGD,test,0.8381932318423387,0.8381932318423387,True
02082950,dPL-MLP,XAJ-CN,train,0.8174449495021814,0.8174449495021814,True
02082950,dPL-MLP,XAJ-CN,test,0.8169113892032127,0.8169113892032127,True
02092500,IC-CMA-ES,XAJ-Base,train,0.8722863323967003,0.8722863323967003,True
02092500,IC-CMA-ES,XAJ-Base,test,0.8463406412086871,0.8463406412086871,True
02092500,IC-CMA-ES,XAJ-TGD,train,0.8882102059410427,0.8882102059410427,True
02092500,IC-CMA-ES,XAJ-TGD,test,0.8002720079353591,0.8002720079353591,True
02092500,IC-CMA-ES,XAJ-CN,train,0.8875828253000234,0.8875828253000234,True
02092500,IC-CMA-ES,XAJ-CN,test,0.8222662317810111,0.8222662317810111,True
02092500,dPL-MLP,XAJ-Base,train,0.8782300810131761,0.8782300810131761,True
02092500,dPL-MLP,XAJ-Base,test,0.7991499262181659,0.7991499262181659,True
02092500,dPL-MLP,XAJ-TGD,train,0.876064060163828,0.876064060163828,True
02092500,dPL-MLP,XAJ-TGD,test,0.8565637735536188,0.8565637735536188,True
02092500,dPL-MLP,XAJ-CN,train,0.8288529917999208,0.8288529917999208,True
02092500,dPL-MLP,XAJ-CN,test,0.7005999765921563,0.7005999765921563,True
02096846,IC-CMA-ES,XAJ-Base,train,0.759108689088021,0.759108689088021,True
02096846,IC-CMA-ES,XAJ-Base,test,0.4152513354751002,0.4152513354751002,True
02096846,IC-CMA-ES,XAJ-TGD,train,0.7777850372924774,0.7777850372924774,True
02096846,IC-CMA-ES,XAJ-TGD,test,0.4371326715662323,0.4371326715662323,True
02096846,IC-CMA-ES,XAJ-CN,train,0.7766007248725985,0.7766007248725985,True
02096846,IC-CMA-ES,XAJ-CN,test,0.4707014310203823,0.4707014310203823,True
02096846,dPL-MLP,XAJ-Base,train,0.6999788219198956,0.6999788219198956,True
02096846,dPL-MLP,XAJ-Base,test,0.6142050747059813,0.6142050747059813,True
02096846,dPL-MLP,XAJ-TGD,train,0.7202652033203254,0.7202652033203254,True
02096846,dPL-MLP,XAJ-TGD,test,0.5643681988225073,0.5643681988225073,True
02096846,dPL-MLP,XAJ-CN,train,0.7160116205053453,0.7160116205053453,True
02096846,dPL-MLP,XAJ-CN,test,0.5217241000106367,0.5217241000106367,True
02102908,IC-CMA-ES,XAJ-Base,train,0.8208972829651111,0.8208972829651111,True
02102908,IC-CMA-ES,XAJ-Base,test,0.4159509752717883,0.4159509752717883,True
02102908,IC-CMA-ES,XAJ-TGD,train,0.8213242460289765,0.8213242460289765,True
02102908,IC-CMA-ES,XAJ-TGD,test,0.433457054013782,0.433457054013782,True
02102908,IC-CMA-ES,XAJ-CN,train,0.8200310871056019,0.8200310871056019,True
02102908,IC-CMA-ES,XAJ-CN,test,0.446494336387174,0.446494336387174,True
02102908,dPL-MLP,XAJ-Base,train,0.7961226107648607,0.7961226107648607,True
02102908,dPL-MLP,XAJ-Base,test,0.6977539974754399,0.6977539974754399,True
02102908,dPL-MLP,XAJ-TGD,train,0.8012458996159874,0.8012458996159874,True
02102908,dPL-MLP,XAJ-TGD,test,0.6465458247588014,0.6465458247588014,True
02102908,dPL-MLP,XAJ-CN,train,0.7994791257918267,0.7994791257918267,True
02102908,dPL-MLP,XAJ-CN,test,0.6613861242317913,0.6613861242317913,True
02108000,IC-CMA-ES,XAJ-Base,train,0.8893316764624565,0.8893316764624565,True
02108000,IC-CMA-ES,XAJ-Base,test,0.879223236722754,0.879223236722754,True
02108000,IC-CMA-ES,XAJ-TGD,train,0.8978298340759285,0.8978298340759285,True
02108000,IC-CMA-ES,XAJ-TGD,test,0.8831140961618982,0.8831140961618982,True
02108000,IC-CMA-ES,XAJ-CN,train,0.8969360871959584,0.8969360871959584,True
02108000,IC-CMA-ES,XAJ-CN,test,0.8806022564408797,0.8806022564408797,True
02108000,dPL-MLP,XAJ-Base,train,0.8517054803733523,0.8517054803733523,True
02108000,dPL-MLP,XAJ-Base,test,0.7931819105846375,0.7931819105846375,True
02108000,dPL-MLP,XAJ-TGD,train,0.8838651786680556,0.8838651786680556,True
02108000,dPL-MLP,XAJ-TGD,test,0.8699960443802308,0.8699960443802308,True
02108000,dPL-MLP,XAJ-CN,train,0.8326659191139036,0.8326659191139036,True
02108000,dPL-MLP,XAJ-CN,test,0.7712849168082611,0.7712849168082611,True
02111180,IC-CMA-ES,XAJ-Base,train,0.8677988533693987,0.8677988533693987,True
02111180,IC-CMA-ES,XAJ-Base,test,0.7375617932270664,0.7375617932270664,True
02111180,IC-CMA-ES,XAJ-TGD,train,0.8745813962577454,0.8745813962577454,True
02111180,IC-CMA-ES,XAJ-TGD,test,0.741255575296039,0.741255575296039,True
02111180,IC-CMA-ES,XAJ-CN,train,0.8772074762527635,0.8772074762527635,True
02111180,IC-CMA-ES,XAJ-CN,test,0.7463522077102525,0.7463522077102525,True
02111180,dPL-MLP,XAJ-Base,train,0.8513217705274227,0.8513217705274227,True
02111180,dPL-MLP,XAJ-Base,test,0.7897780867177255,0.7897780867177255,True
02111180,dPL-MLP,XAJ-TGD,train,0.8341604352767135,0.8341604352767135,True
02111180,dPL-MLP,XAJ-TGD,test,0.789708295606463,0.789708295606463,True
02111180,dPL-MLP,XAJ-CN,train,0.8708248833843628,0.8708248833843628,True
02111180,dPL-MLP,XAJ-CN,test,0.7613030853207469,0.7613030853207469,True
02111500,IC-CMA-ES,XAJ-Base,train,0.8894611001972504,0.8894611001972504,True
02111500,IC-CMA-ES,XAJ-Base,test,0.7439287291149276,0.7439287291149276,True
02111500,IC-CMA-ES,XAJ-TGD,train,0.8945080132045282,0.8945080132045282,True
02111500,IC-CMA-ES,XAJ-TGD,test,0.7264446107881836,0.7264446107881836,True
02111500,IC-CMA-ES,XAJ-CN,train,0.8861810755352326,0.8861810755352326,True
02111500,IC-CMA-ES,XAJ-CN,test,0.7392898418815397,0.7392898418815397,True
02111500,dPL-MLP,XAJ-Base,train,0.8825231043959924,0.8825231043959924,True
02111500,dPL-MLP,XAJ-Base,test,0.7384222577751776,0.7384222577751776,True
02111500,dPL-MLP,XAJ-TGD,train,0.8820978028772894,0.8820978028772894,True
02111500,dPL-MLP,XAJ-TGD,test,0.7445247089649931,0.7445247089649931,True
02111500,dPL-MLP,XAJ-CN,train,0.8864017440136222,0.8864017440136222,True
02111500,dPL-MLP,XAJ-CN,test,0.7193822082943028,0.7193822082943028,True
02112120,IC-CMA-ES,XAJ-Base,train,0.8584379996244077,0.8584379996244077,True
02112120,IC-CMA-ES,XAJ-Base,test,0.8213006194363828,0.8213006194363828,True
02112120,IC-CMA-ES,XAJ-TGD,train,0.8662054466798392,0.8662054466798392,True
02112120,IC-CMA-ES,XAJ-TGD,test,0.8379722142758046,0.8379722142758046,True
02112120,IC-CMA-ES,XAJ-CN,train,0.8649683777505959,0.8649683777505959,True
02112120,IC-CMA-ES,XAJ-CN,test,0.8324022110075054,0.8324022110075054,True
02112120,dPL-MLP,XAJ-Base,train,0.8434358450123578,0.8434358450123578,True
02112120,dPL-MLP,XAJ-Base,test,0.8134851884763812,0.8134851884763812,True
02112120,dPL-MLP,XAJ-TGD,train,0.8416200803749013,0.8416200803749013,True
02112120,dPL-MLP,XAJ-TGD,test,0.8204882123802277,0.8204882123802277,True
02112120,dPL-MLP,XAJ-CN,train,0.8456122379365698,0.8456122379365698,True
02112120,dPL-MLP,XAJ-CN,test,0.7977814143753883,0.7977814143753883,True
02112360,IC-CMA-ES,XAJ-Base,train,0.805580970014487,0.805580970014487,True
02112360,IC-CMA-ES,XAJ-Base,test,0.7345233805989986,0.7345233805989986,True
02112360,IC-CMA-ES,XAJ-TGD,train,0.8102174688346266,0.8102174688346266,True
02112360,IC-CMA-ES,XAJ-TGD,test,0.7594683192856004,0.7594683192856004,True
02112360,IC-CMA-ES,XAJ-CN,train,0.8061516308553327,0.8061516308553327,True
02112360,IC-CMA-ES,XAJ-CN,test,0.7462176284243491,0.7462176284243491,True
02112360,dPL-MLP,XAJ-Base,train,0.7845013662501844,0.7845013662501844,True
02112360,dPL-MLP,XAJ-Base,test,0.7555872806582881,0.7555872806582881,True
02112360,dPL-MLP,XAJ-TGD,train,0.7839930060631592,0.7839930060631592,True
02112360,dPL-MLP,XAJ-TGD,test,0.7454699437590412,0.7454699437590412,True
02112360,dPL-MLP,XAJ-CN,train,0.7763199368657641,0.7763199368657641,True
02112360,dPL-MLP,XAJ-CN,test,0.7870538730817026,0.7870538730817026,True
02118500,IC-CMA-ES,XAJ-Base,train,0.857762573138887,0.857762573138887,True
02118500,IC-CMA-ES,XAJ-Base,test,0.7356431392135563,0.7356431392135563,True
02118500,IC-CMA-ES,XAJ-TGD,train,0.8918027945318596,0.8918027945318596,True
02118500,IC-CMA-ES,XAJ-TGD,test,0.8024080429070919,0.8024080429070919,True
02118500,IC-CMA-ES,XAJ-CN,train,0.8869880198567344,0.8869880198567344,True
02118500,IC-CMA-ES,XAJ-CN,test,0.7826806532370718,0.7826806532370718,True
02118500,dPL-MLP,XAJ-Base,train,0.8184130278945105,0.8184130278945105,True
02118500,dPL-MLP,XAJ-Base,test,0.8194979373193962,0.8194979373193962,True
02118500,dPL-MLP,XAJ-TGD,train,0.8155496195822818,0.8155496195822818,True
02118500,dPL-MLP,XAJ-TGD,test,0.7917092812635537,0.7917092812635537,True
02118500,dPL-MLP,XAJ-CN,train,0.828419555773473,0.828419555773473,True
02118500,dPL-MLP,XAJ-CN,test,0.8586376981326437,0.8586376981326437,True
02125000,IC-CMA-ES,XAJ-Base,train,0.8463401890734451,0.8463401890734451,True
02125000,IC-CMA-ES,XAJ-Base,test,0.7701115821137821,0.7701115821137821,True
02125000,IC-CMA-ES,XAJ-TGD,train,0.8469770920300328,0.8469770920300328,True
02125000,IC-CMA-ES,XAJ-TGD,test,0.7787342930248256,0.7787342930248256,True
02125000,IC-CMA-ES,XAJ-CN,train,0.8502222076398053,0.8502222076398053,True
02125000,IC-CMA-ES,XAJ-CN,test,0.7444926531360867,0.7444926531360867,True
02125000,dPL-MLP,XAJ-Base,train,0.811830767284721,0.811830767284721,True
02125000,dPL-MLP,XAJ-Base,test,0.7363405680586537,0.7363405680586537,True
02125000,dPL-MLP,XAJ-TGD,train,0.812998528598979,0.812998528598979,True
02125000,dPL-MLP,XAJ-TGD,test,0.7393218191134688,0.7393218191134688,True
02125000,dPL-MLP,XAJ-CN,train,0.8152205196817217,0.8152205196817217,True
02125000,dPL-MLP,XAJ-CN,test,0.7374639639625058,0.7374639639625058,True
02128000,IC-CMA-ES,XAJ-Base,train,0.8794476740120033,0.8794476740120033,True
02128000,IC-CMA-ES,XAJ-Base,test,0.6929868705777256,0.6929868705777256,True
02128000,IC-CMA-ES,XAJ-TGD,train,0.8895472732358434,0.8895472732358434,True
02128000,IC-CMA-ES,XAJ-TGD,test,0.6753067534738508,0.6753067534738508,True
02128000,IC-CMA-ES,XAJ-CN,train,0.8847648285864456,0.8847648285864456,True
02128000,IC-CMA-ES,XAJ-CN,test,0.6799573107211444,0.6799573107211444,True
02128000,dPL-MLP,XAJ-Base,train,0.8391695151629764,0.8391695151629764,True
02128000,dPL-MLP,XAJ-Base,test,0.6235024675957711,0.6235024675957711,True
02128000,dPL-MLP,XAJ-TGD,train,0.8230603246049892,0.8230603246049892,True
02128000,dPL-MLP,XAJ-TGD,test,0.593086056257105,0.593086056257105,True
02128000,dPL-MLP,XAJ-CN,train,0.8511241683526446,0.8511241683526446,True
02128000,dPL-MLP,XAJ-CN,test,0.6752250800123499,0.6752250800123499,True
02137727,IC-CMA-ES,XAJ-Base,train,0.899410027248867,0.899410027248867,True
02137727,IC-CMA-ES,XAJ-Base,test,0.7198804729009125,0.7198804729009125,True
02137727,IC-CMA-ES,XAJ-TGD,train,0.9074485407786088,0.9074485407786088,True
02137727,IC-CMA-ES,XAJ-TGD,test,0.7407720459726683,0.7407720459726683,True
02137727,IC-CMA-ES,XAJ-CN,train,0.9081040364163628,0.9081040364163628,True
02137727,IC-CMA-ES,XAJ-CN,test,0.7498496643190282,0.7498496643190282,True
02137727,dPL-MLP,XAJ-Base,train,0.8854474249656087,0.8854474249656087,True
02137727,dPL-MLP,XAJ-Base,test,0.7104897607152695,0.7104897607152695,True
02137727,dPL-MLP,XAJ-TGD,train,0.884133454960658,0.884133454960658,True
02137727,dPL-MLP,XAJ-TGD,test,0.7473150514040008,0.7473150514040008,True
02137727,dPL-MLP,XAJ-CN,train,0.8964564111429144,0.8964564111429144,True
02137727,dPL-MLP,XAJ-CN,test,0.7221179778631681,0.7221179778631681,True
02140991,IC-CMA-ES,XAJ-Base,train,0.938762418867283,0.938762418867283,True
02140991,IC-CMA-ES,XAJ-Base,test,0.741349059859515,0.741349059859515,True
02140991,IC-CMA-ES,XAJ-TGD,train,0.9484219313024144,0.9484219313024144,True
02140991,IC-CMA-ES,XAJ-TGD,test,0.7774391297253206,0.7774391297253206,True
02140991,IC-CMA-ES,XAJ-CN,train,0.935625358734318,0.935625358734318,True
02140991,IC-CMA-ES,XAJ-CN,test,0.7587321581977893,0.7587321581977893,True
02140991,dPL-MLP,XAJ-Base,train,0.9196836632545456,0.9196836632545456,True
02140991,dPL-MLP,XAJ-Base,test,0.7887518805621853,0.7887518805621853,True
02140991,dPL-MLP,XAJ-TGD,train,0.9051623977460628,0.9051623977460628,True
02140991,dPL-MLP,XAJ-TGD,test,0.8214988274366064,0.8214988274366064,True
02140991,dPL-MLP,XAJ-CN,train,0.9406852810686854,0.9406852810686854,True
02140991,dPL-MLP,XAJ-CN,test,0.7871617237080732,0.7871617237080732,True
02143000,IC-CMA-ES,XAJ-Base,train,0.8806832457643451,0.8806832457643451,True
02143000,IC-CMA-ES,XAJ-Base,test,0.8131783750987985,0.8131783750987985,True
02143000,IC-CMA-ES,XAJ-TGD,train,0.8916391706389677,0.8916391706389677,True
02143000,IC-CMA-ES,XAJ-TGD,test,0.829962619569815,0.829962619569815,True
02143000,IC-CMA-ES,XAJ-CN,train,0.8984869073603703,0.8984869073603703,True
02143000,IC-CMA-ES,XAJ-CN,test,0.8280266770087472,0.8280266770087472,True
02143000,dPL-MLP,XAJ-Base,train,0.8626574481819789,0.8626574481819789,True
02143000,dPL-MLP,XAJ-Base,test,0.8113407838294462,0.8113407838294462,True
02143000,dPL-MLP,XAJ-TGD,train,0.8665533562922374,0.8665533562922374,True
02143000,dPL-MLP,XAJ-TGD,test,0.8100179296426944,0.8100179296426944,True
02143000,dPL-MLP,XAJ-CN,train,0.8799883630906508,0.8799883630906508,True
02143000,dPL-MLP,XAJ-CN,test,0.8355767035605359,0.8355767035605359,True
02143040,IC-CMA-ES,XAJ-Base,train,0.8584896049558299,0.8584896049558299,True
02143040,IC-CMA-ES,XAJ-Base,test,0.8441524515620836,0.8441524515620836,True
02143040,IC-CMA-ES,XAJ-TGD,train,0.8638108927348815,0.8638108927348815,True
02143040,IC-CMA-ES,XAJ-TGD,test,0.8528557666868932,0.8528557666868932,True
02143040,IC-CMA-ES,XAJ-CN,train,0.8652075221131628,0.8652075221131628,True
02143040,IC-CMA-ES,XAJ-CN,test,0.8434389764463858,0.8434389764463858,True
02143040,dPL-MLP,XAJ-Base,train,0.8455800299802999,0.8455800299802999,True
02143040,dPL-MLP,XAJ-Base,test,0.8418467053139703,0.8418467053139703,True
02143040,dPL-MLP,XAJ-TGD,train,0.8481324438576086,0.8481324438576086,True
02143040,dPL-MLP,XAJ-TGD,test,0.8561095819278475,0.8561095819278475,True
02143040,dPL-MLP,XAJ-CN,train,0.8404349159576057,0.8404349159576057,True
02143040,dPL-MLP,XAJ-CN,test,0.8068730756661526,0.8068730756661526,True
02149000,IC-CMA-ES,XAJ-Base,train,0.891931047907031,0.891931047907031,True
02149000,IC-CMA-ES,XAJ-Base,test,0.6161750701430105,0.6161750701430105,True
02149000,IC-CMA-ES,XAJ-TGD,train,0.890284497022274,0.890284497022274,True
02149000,IC-CMA-ES,XAJ-TGD,test,0.7051653065287591,0.7051653065287591,True
02149000,IC-CMA-ES,XAJ-CN,train,0.8987542272687967,0.8987542272687967,True
02149000,IC-CMA-ES,XAJ-CN,test,0.617547437716193,0.617547437716193,True
02149000,dPL-MLP,XAJ-Base,train,0.8778860788569425,0.8778860788569425,True
02149000,dPL-MLP,XAJ-Base,test,0.683472519841843,0.683472519841843,True
02149000,dPL-MLP,XAJ-TGD,train,0.8791552021985839,0.8791552021985839,True
02149000,dPL-MLP,XAJ-TGD,test,0.5632372922979161,0.5632372922979161,True
02149000,dPL-MLP,XAJ-CN,train,0.8844874572209823,0.8844874572209823,True
02149000,dPL-MLP,XAJ-CN,test,0.6742852776533149,0.6742852776533149,True
02152100,IC-CMA-ES,XAJ-Base,train,0.865222492945491,0.865222492945491,True
02152100,IC-CMA-ES,XAJ-Base,test,0.7850658368512744,0.7850658368512744,True
02152100,IC-CMA-ES,XAJ-TGD,train,0.8694551254617274,0.8694551254617274,True
02152100,IC-CMA-ES,XAJ-TGD,test,0.776316499928896,0.776316499928896,True
02152100,IC-CMA-ES,XAJ-CN,train,0.8672565288572897,0.8672565288572897,True
02152100,IC-CMA-ES,XAJ-CN,test,0.7703479978211065,0.7703479978211065,True
02152100,dPL-MLP,XAJ-Base,train,0.8442932356996579,0.8442932356996579,True
02152100,dPL-MLP,XAJ-Base,test,0.7582079349674882,0.7582079349674882,True
02152100,dPL-MLP,XAJ-TGD,train,0.8292978882846841,0.8292978882846841,True
02152100,dPL-MLP,XAJ-TGD,test,0.8348244706984806,0.8348244706984806,True
02152100,dPL-MLP,XAJ-CN,train,0.8387872599995622,0.8387872599995622,True
02152100,dPL-MLP,XAJ-CN,test,0.7222297082845728,0.7222297082845728,True
02177000,IC-CMA-ES,XAJ-Base,train,0.9602250364189312,0.9602250364189312,True
02177000,IC-CMA-ES,XAJ-Base,test,0.8745758664908602,0.8745758664908602,True
02177000,IC-CMA-ES,XAJ-TGD,train,0.9611369198243046,0.9611369198243046,True
02177000,IC-CMA-ES,XAJ-TGD,test,0.872038345521253,0.872038345521253,True
02177000,IC-CMA-ES,XAJ-CN,train,0.9602849064313204,0.9602849064313204,True
02177000,IC-CMA-ES,XAJ-CN,test,0.8696960388945434,0.8696960388945434,True
02177000,dPL-MLP,XAJ-Base,train,0.9515993271580594,0.9515993271580594,True
02177000,dPL-MLP,XAJ-Base,test,0.8812330034055503,0.8812330034055503,True
02177000,dPL-MLP,XAJ-TGD,train,0.917002395160124,0.917002395160124,True
02177000,dPL-MLP,XAJ-TGD,test,0.8499371598736318,0.8499371598736318,True
02177000,dPL-MLP,XAJ-CN,train,0.9564835281848508,0.9564835281848508,True
02177000,dPL-MLP,XAJ-CN,test,0.8900800568612254,0.8900800568612254,True
02178400,IC-CMA-ES,XAJ-Base,train,0.9399655108891708,0.9399655108891708,True
02178400,IC-CMA-ES,XAJ-Base,test,0.8607709743905818,0.8607709743905818,True
02178400,IC-CMA-ES,XAJ-TGD,train,0.938802497991404,0.938802497991404,True
02178400,IC-CMA-ES,XAJ-TGD,test,0.8820461457164643,0.8820461457164643,True
02178400,IC-CMA-ES,XAJ-CN,train,0.938270629651598,0.938270629651598,True
02178400,IC-CMA-ES,XAJ-CN,test,0.8846923826788211,0.8846923826788211,True
02178400,dPL-MLP,XAJ-Base,train,0.91878940170999,0.91878940170999,True
02178400,dPL-MLP,XAJ-Base,test,0.8973716590839143,0.8973716590839143,True
02178400,dPL-MLP,XAJ-TGD,train,0.8928543949900067,0.8928543949900067,True
02178400,dPL-MLP,XAJ-TGD,test,0.8971319640521812,0.8971319640521812,True
02178400,dPL-MLP,XAJ-CN,train,0.9094231658906408,0.9094231658906408,True
02178400,dPL-MLP,XAJ-CN,test,0.8939342948800166,0.8939342948800166,True
02193340,IC-CMA-ES,XAJ-Base,train,0.8282875273197805,0.8282875273197805,True
02193340,IC-CMA-ES,XAJ-Base,test,0.6857056115994865,0.6857056115994865,True
02193340,IC-CMA-ES,XAJ-TGD,train,0.8356834955900414,0.8356834955900414,True
02193340,IC-CMA-ES,XAJ-TGD,test,0.697585755836236,0.697585755836236,True
02193340,IC-CMA-ES,XAJ-CN,train,0.7933087524668692,0.7933087524668692,True
02193340,IC-CMA-ES,XAJ-CN,test,0.7352135157942934,0.7352135157942934,True
02193340,dPL-MLP,XAJ-Base,train,0.7448626484759131,0.7448626484759131,True
02193340,dPL-MLP,XAJ-Base,test,0.6852466614847502,0.6852466614847502,True
02193340,dPL-MLP,XAJ-TGD,train,0.746289122535475,0.746289122535475,True
02193340,dPL-MLP,XAJ-TGD,test,0.7186587639006388,0.7186587639006388,True
02193340,dPL-MLP,XAJ-CN,train,0.7518805635680179,0.7518805635680179,True
02193340,dPL-MLP,XAJ-CN,test,0.6840068865561735,0.6840068865561735,True
02196000,IC-CMA-ES,XAJ-Base,train,0.9045356461351785,0.9045356461351785,True
02196000,IC-CMA-ES,XAJ-Base,test,0.5947717270001346,0.5947717270001346,True
02196000,IC-CMA-ES,XAJ-TGD,train,0.9025582817056168,0.9025582817056168,True
02196000,IC-CMA-ES,XAJ-TGD,test,0.6055404251876405,0.6055404251876405,True
02196000,IC-CMA-ES,XAJ-CN,train,0.9006874101323071,0.9006874101323071,True
02196000,IC-CMA-ES,XAJ-CN,test,0.6124598686543881,0.6124598686543881,True
02196000,dPL-MLP,XAJ-Base,train,0.8750836462780829,0.8750836462780829,True
02196000,dPL-MLP,XAJ-Base,test,0.6165784150471041,0.6165784150471041,True
02196000,dPL-MLP,XAJ-TGD,train,,,True
02196000,dPL-MLP,XAJ-TGD,test,,,True
02196000,dPL-MLP,XAJ-CN,train,0.866521269629523,0.866521269629523,True
02196000,dPL-MLP,XAJ-CN,test,0.6544729024311257,0.6544729024311257,True
02198100,IC-CMA-ES,XAJ-Base,train,0.7769971899367359,0.7769971899367359,True
02198100,IC-CMA-ES,XAJ-Base,test,0.6586424704886945,0.6586424704886945,True
02198100,IC-CMA-ES,XAJ-TGD,train,0.7910154884161184,0.7910154884161184,True
02198100,IC-CMA-ES,XAJ-TGD,test,0.6745035232854577,0.6745035232854577,True
02198100,IC-CMA-ES,XAJ-CN,train,0.7880550408642217,0.7880550408642217,True
02198100,IC-CMA-ES,XAJ-CN,test,0.6825583336870344,0.6825583336870344,True
02198100,dPL-MLP,XAJ-Base,train,0.6814596771480887,0.6814596771480887,True
02198100,dPL-MLP,XAJ-Base,test,0.5944123227578929,0.5944123227578929,True
02198100,dPL-MLP,XAJ-TGD,train,0.6775294972859368,0.6775294972859368,True
02198100,dPL-MLP,XAJ-TGD,test,0.5792586797239017,0.5792586797239017,True
02198100,dPL-MLP,XAJ-CN,train,0.71722997966366,0.71722997966366,True
02198100,dPL-MLP,XAJ-CN,test,0.6079733740977471,0.6079733740977471,True
02202600,IC-CMA-ES,XAJ-Base,train,0.8979977285332483,0.8979977285332483,True
02202600,IC-CMA-ES,XAJ-Base,test,0.6150416767104372,0.6150416767104372,True
02202600,IC-CMA-ES,XAJ-TGD,train,0.8987666429819935,0.8987666429819935,True
02202600,IC-CMA-ES,XAJ-TGD,test,0.5957085668488954,0.5957085668488954,True
02202600,IC-CMA-ES,XAJ-CN,train,0.8973057423604445,0.8973057423604445,True
02202600,IC-CMA-ES,XAJ-CN,test,0.5842459197192575,0.5842459197192575,True
02202600,dPL-MLP,XAJ-Base,train,0.8765460314197644,0.8765460314197644,True
02202600,dPL-MLP,XAJ-Base,test,0.6478047545758681,0.6478047545758681,True
02202600,dPL-MLP,XAJ-TGD,train,0.8625836619804697,0.8625836619804697,True
02202600,dPL-MLP,XAJ-TGD,test,0.6964740218536473,0.6964740218536473,True
02202600,dPL-MLP,XAJ-CN,train,0.8691591537418569,0.8691591537418569,True
02202600,dPL-MLP,XAJ-CN,test,0.6742358548753797,0.6742358548753797,True
02212600,IC-CMA-ES,XAJ-Base,train,0.8537502992044765,0.8537502992044765,True
02212600,IC-CMA-ES,XAJ-Base,test,0.8352860282636757,0.8352860282636757,True
02212600,IC-CMA-ES,XAJ-TGD,train,0.8870380739766036,0.8870380739766036,True
02212600,IC-CMA-ES,XAJ-TGD,test,0.8132321537606785,0.8132321537606785,True
02212600,IC-CMA-ES,XAJ-CN,train,0.8845948840127589,0.8845948840127589,True
02212600,IC-CMA-ES,XAJ-CN,test,0.7637578324950749,0.7637578324950749,True
02212600,dPL-MLP,XAJ-Base,train,0.8357590498110603,0.8357590498110603,True
02212600,dPL-MLP,XAJ-Base,test,0.5434481830590525,0.5434481830590525,True
02212600,dPL-MLP,XAJ-TGD,train,0.8038430234314717,0.8038430234314717,True
02212600,dPL-MLP,XAJ-TGD,test,0.7736751891064726,0.7736751891064726,True
02212600,dPL-MLP,XAJ-CN,train,0.8355862592549537,0.8355862592549537,True
02212600,dPL-MLP,XAJ-CN,test,0.5815055091212074,0.5815055091212074,True
02215100,IC-CMA-ES,XAJ-Base,train,0.920431468368052,0.920431468368052,True
02215100,IC-CMA-ES,XAJ-Base,test,0.8227434660569064,0.8227434660569064,True
02215100,IC-CMA-ES,XAJ-TGD,train,0.9146660591257864,0.9146660591257864,True
02215100,IC-CMA-ES,XAJ-TGD,test,0.8076331044577897,0.8076331044577897,True
02215100,IC-CMA-ES,XAJ-CN,train,0.9255141807811142,0.9255141807811142,True
02215100,IC-CMA-ES,XAJ-CN,test,0.8109964835722039,0.8109964835722039,True
02215100,dPL-MLP,XAJ-Base,train,0.8974415613002183,0.8974415613002183,True
02215100,dPL-MLP,XAJ-Base,test,0.7962367001388073,0.7962367001388073,True
02215100,dPL-MLP,XAJ-TGD,train,0.9029661963402938,0.9029661963402938,True
02215100,dPL-MLP,XAJ-TGD,test,0.80699093804359,0.80699093804359,True
02215100,dPL-MLP,XAJ-CN,train,0.9002461947201662,0.9002461947201662,True
02215100,dPL-MLP,XAJ-CN,test,0.7729773800527321,0.7729773800527321,True
02216180,IC-CMA-ES,XAJ-Base,train,0.8307611054079075,0.8307611054079075,True
02216180,IC-CMA-ES,XAJ-Base,test,0.7531955354260623,0.7531955354260623,True
02216180,IC-CMA-ES,XAJ-TGD,train,0.8304843029345957,0.8304843029345957,True
02216180,IC-CMA-ES,XAJ-TGD,test,0.7031403105010219,0.7031403105010219,True
02216180,IC-CMA-ES,XAJ-CN,train,0.8399787844580233,0.8399787844580233,True
02216180,IC-CMA-ES,XAJ-CN,test,0.7392604388671227,0.7392604388671227,True
02216180,dPL-MLP,XAJ-Base,train,0.8240642419523392,0.8240642419523392,True
02216180,dPL-MLP,XAJ-Base,test,0.7511523937446601,0.7511523937446601,True
02216180,dPL-MLP,XAJ-TGD,train,0.8048419624417237,0.8048419624417237,True
02216180,dPL-MLP,XAJ-TGD,test,0.7929587011849144,0.7929587011849144,True
02216180,dPL-MLP,XAJ-CN,train,0.8185240151094174,0.8185240151094174,True
02216180,dPL-MLP,XAJ-CN,test,0.70833157166728,0.70833157166728,True
02221525,IC-CMA-ES,XAJ-Base,train,0.9111528811893858,0.9111528811893858,True
02221525,IC-CMA-ES,XAJ-Base,test,0.85014827084956,0.85014827084956,True
02221525,IC-CMA-ES,XAJ-TGD,train,0.9070878407767724,0.9070878407767724,True
02221525,IC-CMA-ES,XAJ-TGD,test,0.8541385327241583,0.8541385327241583,True
02221525,IC-CMA-ES,XAJ-CN,train,0.9072352333937362,0.9072352333937362,True
02221525,IC-CMA-ES,XAJ-CN,test,0.843115204634417,0.843115204634417,True
02221525,dPL-MLP,XAJ-Base,train,0.8456871476568637,0.8456871476568637,True
02221525,dPL-MLP,XAJ-Base,test,0.6855094507585247,0.6855094507585247,True
02221525,dPL-MLP,XAJ-TGD,train,0.8769691969050026,0.8769691969050026,True
02221525,dPL-MLP,XAJ-TGD,test,0.8343855280908,0.8343855280908,True
02221525,dPL-MLP,XAJ-CN,train,0.8668134692962685,0.8668134692962685,True
02221525,dPL-MLP,XAJ-CN,test,0.7640960476438428,0.7640960476438428,True
02231000,IC-CMA-ES,XAJ-Base,train,0.9166163074132272,0.9166163074132272,True
02231000,IC-CMA-ES,XAJ-Base,test,0.7949896955300197,0.7949896955300197,True
02231000,IC-CMA-ES,XAJ-TGD,train,0.9145007514606344,0.9145007514606344,True
02231000,IC-CMA-ES,XAJ-TGD,test,0.7710794045316106,0.7710794045316106,True
02231000,IC-CMA-ES,XAJ-CN,train,0.9162864278439417,0.9162864278439417,True
02231000,IC-CMA-ES,XAJ-CN,test,0.8090811388537709,0.8090811388537709,True
02231000,dPL-MLP,XAJ-Base,train,0.8664877060596796,0.8664877060596796,True
02231000,dPL-MLP,XAJ-Base,test,0.7821961664714049,0.7821961664714049,True
02231000,dPL-MLP,XAJ-TGD,train,0.8841752685965838,0.8841752685965838,True
02231000,dPL-MLP,XAJ-TGD,test,0.7208261604504858,0.7208261604504858,True
02231000,dPL-MLP,XAJ-CN,train,0.8310117428952565,0.8310117428952565,True
02231000,dPL-MLP,XAJ-CN,test,0.796442947749851,0.796442947749851,True
02245500,IC-CMA-ES,XAJ-Base,train,0.8019430446877018,0.8019430446877018,True
02245500,IC-CMA-ES,XAJ-Base,test,0.7968188721339771,0.7968188721339771,True
02245500,IC-CMA-ES,XAJ-TGD,train,0.8127131018107461,0.8127131018107461,True
02245500,IC-CMA-ES,XAJ-TGD,test,0.8127317970351828,0.8127317970351828,True
02245500,IC-CMA-ES,XAJ-CN,train,0.8105316716607505,0.8105316716607505,True
02245500,IC-CMA-ES,XAJ-CN,test,0.8080114922924322,0.8080114922924322,True
02245500,dPL-MLP,XAJ-Base,train,0.7976453153417737,0.7976453153417737,True
02245500,dPL-MLP,XAJ-Base,test,0.8026708934395712,0.8026708934395712,True
02245500,dPL-MLP,XAJ-TGD,train,0.7765374115253927,0.7765374115253927,True
02245500,dPL-MLP,XAJ-TGD,test,0.8020813890368231,0.8020813890368231,True
02245500,dPL-MLP,XAJ-CN,train,0.7927164949116746,0.7927164949116746,True
02245500,dPL-MLP,XAJ-CN,test,0.8182570450604995,0.8182570450604995,True
02246000,IC-CMA-ES,XAJ-Base,train,0.8270739937382734,0.8270739937382734,True
02246000,IC-CMA-ES,XAJ-Base,test,0.7182664907858343,0.7182664907858343,True
02246000,IC-CMA-ES,XAJ-TGD,train,0.8198296272785057,0.8198296272785057,True
02246000,IC-CMA-ES,XAJ-TGD,test,0.714968606890704,0.714968606890704,True
02246000,IC-CMA-ES,XAJ-CN,train,0.8196459459325188,0.8196459459325188,True
02246000,IC-CMA-ES,XAJ-CN,test,0.7103402946870563,0.7103402946870563,True
02246000,dPL-MLP,XAJ-Base,train,0.7170277467156213,0.7170277467156213,True
02246000,dPL-MLP,XAJ-Base,test,0.8154154306470348,0.8154154306470348,True
02246000,dPL-MLP,XAJ-TGD,train,0.7338088497547162,0.7338088497547162,True
02246000,dPL-MLP,XAJ-TGD,test,0.7715955628507777,0.7715955628507777,True
02246000,dPL-MLP,XAJ-CN,train,0.6742363888093914,0.6742363888093914,True
02246000,dPL-MLP,XAJ-CN,test,0.8325402529758132,0.8325402529758132,True
02296500,IC-CMA-ES,XAJ-Base,train,0.8791951477621618,0.8791951477621618,True
02296500,IC-CMA-ES,XAJ-Base,test,0.8865058318535415,0.8865058318535415,True
02296500,IC-CMA-ES,XAJ-TGD,train,0.8801387829612706,0.8801387829612706,True
02296500,IC-CMA-ES,XAJ-TGD,test,0.8817932212686517,0.8817932212686517,True
02296500,IC-CMA-ES,XAJ-CN,train,0.880018743600159,0.880018743600159,True
02296500,IC-CMA-ES,XAJ-CN,test,0.8670747619223759,0.8670747619223759,True
02296500,dPL-MLP,XAJ-Base,train,0.5573042267687245,0.5573042267687245,True
02296500,dPL-MLP,XAJ-Base,test,0.6320165594086058,0.6320165594086058,True
02296500,dPL-MLP,XAJ-TGD,train,0.7846997028741495,0.7846997028741495,True
02296500,dPL-MLP,XAJ-TGD,test,0.8763835297104594,0.8763835297104594,True
02296500,dPL-MLP,XAJ-CN,train,0.646150263090677,0.646150263090677,True
02296500,dPL-MLP,XAJ-CN,test,0.727385829011527,0.727385829011527,True
02297155,IC-CMA-ES,XAJ-Base,train,0.837873910119644,0.837873910119644,True
02297155,IC-CMA-ES,XAJ-Base,test,0.2402841078376504,0.2402841078376504,True
02297155,IC-CMA-ES,XAJ-TGD,train,0.8374216136408907,0.8374216136408907,True
02297155,IC-CMA-ES,XAJ-TGD,test,0.2627703676446837,0.2627703676446837,True
02297155,IC-CMA-ES,XAJ-CN,train,0.8378285490445068,0.8378285490445068,True
02297155,IC-CMA-ES,XAJ-CN,test,0.2549220000138041,0.2549220000138041,True
02297155,dPL-MLP,XAJ-Base,train,0.7288947048755863,0.7288947048755863,True
02297155,dPL-MLP,XAJ-Base,test,0.4725266694976276,0.4725266694976276,True
02297155,dPL-MLP,XAJ-TGD,train,0.7301595076780836,0.7301595076780836,True
02297155,dPL-MLP,XAJ-TGD,test,0.4845673807211288,0.4845673807211288,True
02297155,dPL-MLP,XAJ-CN,train,0.738235381966392,0.738235381966392,True
02297155,dPL-MLP,XAJ-CN,test,0.4217741746710725,0.4217741746710725,True
02297310,IC-CMA-ES,XAJ-Base,train,0.8998351603060875,0.8998351603060875,True
02297310,IC-CMA-ES,XAJ-Base,test,0.7914952351251744,0.7914952351251744,True
02297310,IC-CMA-ES,XAJ-TGD,train,0.8950244149030319,0.8950244149030319,True
02297310,IC-CMA-ES,XAJ-TGD,test,0.7520448830113219,0.7520448830113219,True
02297310,IC-CMA-ES,XAJ-CN,train,0.9004441174545008,0.9004441174545008,True
02297310,IC-CMA-ES,XAJ-CN,test,0.7883725004691298,0.7883725004691298,True
02297310,dPL-MLP,XAJ-Base,train,0.7556063900192891,0.7556063900192891,True
02297310,dPL-MLP,XAJ-Base,test,0.8525313627680011,0.8525313627680011,True
02297310,dPL-MLP,XAJ-TGD,train,0.8037201076884374,0.8037201076884374,True
02297310,dPL-MLP,XAJ-TGD,test,0.8134424229067105,0.8134424229067105,True
02297310,dPL-MLP,XAJ-CN,train,0.7796927838708536,0.7796927838708536,True
02297310,dPL-MLP,XAJ-CN,test,0.8563774725696877,0.8563774725696877,True
02298123,IC-CMA-ES,XAJ-Base,train,0.8521924213284937,0.8521924213284937,True
02298123,IC-CMA-ES,XAJ-Base,test,0.7089087953009214,0.7089087953009214,True
02298123,IC-CMA-ES,XAJ-TGD,train,0.8497024910928646,0.8497024910928646,True
02298123,IC-CMA-ES,XAJ-TGD,test,0.7137579867832973,0.7137579867832973,True
02298123,IC-CMA-ES,XAJ-CN,train,0.8479995342759994,0.8479995342759994,True
02298123,IC-CMA-ES,XAJ-CN,test,0.7084250134752499,0.7084250134752499,True
02298123,dPL-MLP,XAJ-Base,train,0.8240778979304599,0.8240778979304599,True
02298123,dPL-MLP,XAJ-Base,test,0.7635435782090324,0.7635435782090324,True
02298123,dPL-MLP,XAJ-TGD,train,0.8022170681910405,0.8022170681910405,True
02298123,dPL-MLP,XAJ-TGD,test,0.8039647457999746,0.8039647457999746,True
02298123,dPL-MLP,XAJ-CN,train,0.8174103602979326,0.8174103602979326,True
02298123,dPL-MLP,XAJ-CN,test,0.7600805523106039,0.7600805523106039,True
02298608,IC-CMA-ES,XAJ-Base,train,0.8922100210262578,0.8922100210262578,True
02298608,IC-CMA-ES,XAJ-Base,test,0.746919982330833,0.746919982330833,True
02298608,IC-CMA-ES,XAJ-TGD,train,0.8946046569921146,0.8946046569921146,True
02298608,IC-CMA-ES,XAJ-TGD,test,0.7539973304910569,0.7539973304910569,True
02298608,IC-CMA-ES,XAJ-CN,train,0.89150422285633,0.89150422285633,True
02298608,IC-CMA-ES,XAJ-CN,test,0.7414106569907724,0.7414106569907724,True
02298608,dPL-MLP,XAJ-Base,train,0.6864528996069559,0.6864528996069559,True
02298608,dPL-MLP,XAJ-Base,test,0.7663459445825698,0.7663459445825698,True
02298608,dPL-MLP,XAJ-TGD,train,0.8332920969708815,0.8332920969708815,True
02298608,dPL-MLP,XAJ-TGD,test,0.8199899850788351,0.8199899850788351,True
02298608,dPL-MLP,XAJ-CN,train,0.7305481021699515,0.7305481021699515,True
02298608,dPL-MLP,XAJ-CN,test,0.8094498551058553,0.8094498551058553,True
02299950,IC-CMA-ES,XAJ-Base,train,0.8506627495064848,0.8506627495064848,True
02299950,IC-CMA-ES,XAJ-Base,test,0.732432371876298,0.732432371876298,True
02299950,IC-CMA-ES,XAJ-TGD,train,0.8487919760822108,0.8487919760822108,True
02299950,IC-CMA-ES,XAJ-TGD,test,0.7448742291372185,0.7448742291372185,True
02299950,IC-CMA-ES,XAJ-CN,train,0.8374496669169453,0.8374496669169453,True
02299950,IC-CMA-ES,XAJ-CN,test,0.7198159148327549,0.7198159148327549,True
02299950,dPL-MLP,XAJ-Base,train,0.7548492627877885,0.7548492627877885,True
02299950,dPL-MLP,XAJ-Base,test,0.7949465205015929,0.7949465205015929,True
02299950,dPL-MLP,XAJ-TGD,train,0.8074991761882124,0.8074991761882124,True
02299950,dPL-MLP,XAJ-TGD,test,0.7473873970661152,0.7473873970661152,True
02299950,dPL-MLP,XAJ-CN,train,0.7951403918230606,0.7951403918230606,True
02299950,dPL-MLP,XAJ-CN,test,0.7853314306802215,0.7853314306802215,True
02300700,IC-CMA-ES,XAJ-Base,train,0.7826449519365883,0.7826449519365883,True
02300700,IC-CMA-ES,XAJ-Base,test,0.702347730781267,0.702347730781267,True
02300700,IC-CMA-ES,XAJ-TGD,train,0.7791668626379831,0.7791668626379831,True
02300700,IC-CMA-ES,XAJ-TGD,test,0.7232450391918988,0.7232450391918988,True
02300700,IC-CMA-ES,XAJ-CN,train,0.7762900007665936,0.7762900007665936,True
02300700,IC-CMA-ES,XAJ-CN,test,0.6556210432106383,0.6556210432106383,True
02300700,dPL-MLP,XAJ-Base,train,0.7039695089459554,0.7039695089459554,True
02300700,dPL-MLP,XAJ-Base,test,0.7020769428175531,0.7020769428175531,True
02300700,dPL-MLP,XAJ-TGD,train,0.7092408165383666,0.7092408165383666,True
02300700,dPL-MLP,XAJ-TGD,test,0.7094153376748606,0.7094153376748606,True
02300700,dPL-MLP,XAJ-CN,train,0.7113898199469697,0.7113898199469697,True
02300700,dPL-MLP,XAJ-CN,test,0.7166875034343605,0.7166875034343605,True
02342933,IC-CMA-ES,XAJ-Base,train,0.8995600956580135,0.8995600956580135,True
02342933,IC-CMA-ES,XAJ-Base,test,0.8557064808723545,0.8557064808723545,True
02342933,IC-CMA-ES,XAJ-TGD,train,0.9097421811214944,0.9097421811214944,True
02342933,IC-CMA-ES,XAJ-TGD,test,0.7903658032115011,0.7903658032115011,True
02342933,IC-CMA-ES,XAJ-CN,train,0.8924103494167125,0.8924103494167125,True
02342933,IC-CMA-ES,XAJ-CN,test,0.8451566475108261,0.8451566475108261,True
02342933,dPL-MLP,XAJ-Base,train,0.8456002588795088,0.8456002588795088,True
02342933,dPL-MLP,XAJ-Base,test,0.7691275679244329,0.7691275679244329,True
02342933,dPL-MLP,XAJ-TGD,train,0.8832283228659562,0.8832283228659562,True
02342933,dPL-MLP,XAJ-TGD,test,0.8335390110930823,0.8335390110930823,True
02342933,dPL-MLP,XAJ-CN,train,0.8636272117920658,0.8636272117920658,True
02342933,dPL-MLP,XAJ-CN,test,0.7830801408034508,0.7830801408034508,True
02349900,IC-CMA-ES,XAJ-Base,train,0.9166529335251152,0.9166529335251152,True
02349900,IC-CMA-ES,XAJ-Base,test,0.7854085150033573,0.7854085150033573,True
02349900,IC-CMA-ES,XAJ-TGD,train,0.9183283933196588,0.9183283933196588,True
02349900,IC-CMA-ES,XAJ-TGD,test,0.781760953166958,0.781760953166958,True
02349900,IC-CMA-ES,XAJ-CN,train,0.9095864670761435,0.9095864670761435,True
02349900,IC-CMA-ES,XAJ-CN,test,0.7812263003871127,0.7812263003871127,True
02349900,dPL-MLP,XAJ-Base,train,0.8419478956807609,0.8419478956807609,True
02349900,dPL-MLP,XAJ-Base,test,0.8207162217549704,0.8207162217549704,True
02349900,dPL-MLP,XAJ-TGD,train,0.8351268546146762,0.8351268546146762,True
02349900,dPL-MLP,XAJ-TGD,test,0.8034392487916079,0.8034392487916079,True
02349900,dPL-MLP,XAJ-CN,train,0.8705739380526005,0.8705739380526005,True
02349900,dPL-MLP,XAJ-CN,test,0.7680332486165324,0.7680332486165324,True
02350900,IC-CMA-ES,XAJ-Base,train,0.9498096574042614,0.9498096574042614,True
02350900,IC-CMA-ES,XAJ-Base,test,0.8968040901199833,0.8968040901199833,True
02350900,IC-CMA-ES,XAJ-TGD,train,0.9526809497756128,0.9526809497756128,True
02350900,IC-CMA-ES,XAJ-TGD,test,0.8560564940978355,0.8560564940978355,True
02350900,IC-CMA-ES,XAJ-CN,train,0.9518501049019484,0.9518501049019484,True
02350900,IC-CMA-ES,XAJ-CN,test,0.8671367002201861,0.8671367002201861,True
02350900,dPL-MLP,XAJ-Base,train,0.8216749906217704,0.8216749906217704,True
02350900,dPL-MLP,XAJ-Base,test,0.7200250105437789,0.7200250105437789,True
02350900,dPL-MLP,XAJ-TGD,train,0.8732779799424458,0.8732779799424458,True
02350900,dPL-MLP,XAJ-TGD,test,0.8080450788872497,0.8080450788872497,True
02350900,dPL-MLP,XAJ-CN,train,0.8438203405362223,0.8438203405362223,True
02350900,dPL-MLP,XAJ-CN,test,0.7444889309796676,0.7444889309796676,True
02361000,IC-CMA-ES,XAJ-Base,train,0.9160316507311824,0.9160316507311824,True
02361000,IC-CMA-ES,XAJ-Base,test,0.6306253742333052,0.6306253742333052,True
02361000,IC-CMA-ES,XAJ-TGD,train,0.9106665136056368,0.9106665136056368,True
02361000,IC-CMA-ES,XAJ-TGD,test,0.6476887363144794,0.6476887363144794,True
02361000,IC-CMA-ES,XAJ-CN,train,0.9159240877315394,0.9159240877315394,True
02361000,IC-CMA-ES,XAJ-CN,test,0.6300682289235171,0.6300682289235171,True
02361000,dPL-MLP,XAJ-Base,train,0.7174908101070943,0.7174908101070943,True
02361000,dPL-MLP,XAJ-Base,test,0.8552479631029424,0.8552479631029424,True
02361000,dPL-MLP,XAJ-TGD,train,0.7388564559132663,0.7388564559132663,True
02361000,dPL-MLP,XAJ-TGD,test,0.8786780255090453,0.8786780255090453,True
02361000,dPL-MLP,XAJ-CN,train,0.7350788136166853,0.7350788136166853,True
02361000,dPL-MLP,XAJ-CN,test,0.8747577498944674,0.8747577498944674,True
02363000,IC-CMA-ES,XAJ-Base,train,0.9603387015876602,0.9603387015876602,True
02363000,IC-CMA-ES,XAJ-Base,test,0.8515224914217716,0.8515224914217716,True
02363000,IC-CMA-ES,XAJ-TGD,train,0.961231027146372,0.961231027146372,True
02363000,IC-CMA-ES,XAJ-TGD,test,0.8474881520326585,0.8474881520326585,True
02363000,IC-CMA-ES,XAJ-CN,train,0.959565599971422,0.959565599971422,True
02363000,IC-CMA-ES,XAJ-CN,test,0.8424516918228381,0.8424516918228381,True
02363000,dPL-MLP,XAJ-Base,train,0.8405782920682238,0.8405782920682238,True
02363000,dPL-MLP,XAJ-Base,test,0.8785395665202108,0.8785395665202108,True
02363000,dPL-MLP,XAJ-TGD,train,0.8679550127887441,0.8679550127887441,True
02363000,dPL-MLP,XAJ-TGD,test,0.8687481453607591,0.8687481453607591,True
02363000,dPL-MLP,XAJ-CN,train,0.8454228094160168,0.8454228094160168,True
02363000,dPL-MLP,XAJ-CN,test,0.8801323743648273,0.8801323743648273,True
02369800,IC-CMA-ES,XAJ-Base,train,0.8825996864644309,0.8825996864644309,True
02369800,IC-CMA-ES,XAJ-Base,test,0.6491477847655552,0.6491477847655552,True
02369800,IC-CMA-ES,XAJ-TGD,train,0.8826474971324008,0.8826474971324008,True
02369800,IC-CMA-ES,XAJ-TGD,test,0.6491366684562998,0.6491366684562998,True
02369800,IC-CMA-ES,XAJ-CN,train,0.8751757639770277,0.8751757639770277,True
02369800,IC-CMA-ES,XAJ-CN,test,0.6421291516498846,0.6421291516498846,True
02369800,dPL-MLP,XAJ-Base,train,0.6441606001890983,0.6441606001890983,True
02369800,dPL-MLP,XAJ-Base,test,0.7854704592962546,0.7854704592962546,True
02369800,dPL-MLP,XAJ-TGD,train,0.670234213976344,0.670234213976344,True
02369800,dPL-MLP,XAJ-TGD,test,0.8425357153526156,0.8425357153526156,True
02369800,dPL-MLP,XAJ-CN,train,0.6399167949681621,0.6399167949681621,True
02369800,dPL-MLP,XAJ-CN,test,0.848684083028556,0.848684083028556,True
02371500,IC-CMA-ES,XAJ-Base,train,0.923594868863352,0.923594868863352,True
02371500,IC-CMA-ES,XAJ-Base,test,0.8377182167237943,0.8377182167237943,True
02371500,IC-CMA-ES,XAJ-TGD,train,0.9256534744745728,0.9256534744745728,True
02371500,IC-CMA-ES,XAJ-TGD,test,0.8524341153568574,0.8524341153568574,True
02371500,IC-CMA-ES,XAJ-CN,train,0.924400596149392,0.924400596149392,True
02371500,IC-CMA-ES,XAJ-CN,test,0.8775210631789522,0.8775210631789522,True
02371500,dPL-MLP,XAJ-Base,train,0.8729828814698678,0.8729828814698678,True
02371500,dPL-MLP,XAJ-Base,test,0.8805592342758415,0.8805592342758415,True
02371500,dPL-MLP,XAJ-TGD,train,0.8720135648028151,0.8720135648028151,True
02371500,dPL-MLP,XAJ-TGD,test,0.8744054418494649,0.8744054418494649,True
02371500,dPL-MLP,XAJ-CN,train,0.8349417932167162,0.8349417932167162,True
02371500,dPL-MLP,XAJ-CN,test,0.8951683149462438,0.8951683149462438,True
02372250,IC-CMA-ES,XAJ-Base,train,0.9029368729424232,0.9029368729424232,True
02372250,IC-CMA-ES,XAJ-Base,test,0.8483552237977695,0.8483552237977695,True
02372250,IC-CMA-ES,XAJ-TGD,train,0.9257421542126496,0.9257421542126496,True
02372250,IC-CMA-ES,XAJ-TGD,test,0.8489093279251858,0.8489093279251858,True
02372250,IC-CMA-ES,XAJ-CN,train,0.9143335289952376,0.9143335289952376,True
02372250,IC-CMA-ES,XAJ-CN,test,0.8536176532607527,0.8536176532607527,True
02372250,dPL-MLP,XAJ-Base,train,0.7770922819255264,0.7770922819255264,True
02372250,dPL-MLP,XAJ-Base,test,0.8358665584152438,0.8358665584152438,True
02372250,dPL-MLP,XAJ-TGD,train,0.7591325319390118,0.7591325319390118,True
02372250,dPL-MLP,XAJ-TGD,test,0.817522679621906,0.817522679621906,True
02372250,dPL-MLP,XAJ-CN,train,0.7389256542516374,0.7389256542516374,True
02372250,dPL-MLP,XAJ-CN,test,0.8031319953481053,0.8031319953481053,True
02374500,IC-CMA-ES,XAJ-Base,train,0.9279021196619234,0.9279021196619234,True
02374500,IC-CMA-ES,XAJ-Base,test,0.7689007147583994,0.7689007147583994,True
02374500,IC-CMA-ES,XAJ-TGD,train,0.9278455255536566,0.9278455255536566,True
02374500,IC-CMA-ES,XAJ-TGD,test,0.7750748766822804,0.7750748766822804,True
02374500,IC-CMA-ES,XAJ-CN,train,0.9273494221830128,0.9273494221830128,True
02374500,IC-CMA-ES,XAJ-CN,test,0.7774098665324939,0.7774098665324939,True
02374500,dPL-MLP,XAJ-Base,train,0.855376032350997,0.855376032350997,True
02374500,dPL-MLP,XAJ-Base,test,0.7869188376234759,0.7869188376234759,True
02374500,dPL-MLP,XAJ-TGD,train,0.8274302294419155,0.8274302294419155,True
02374500,dPL-MLP,XAJ-TGD,test,0.7314451697373192,0.7314451697373192,True
02374500,dPL-MLP,XAJ-CN,train,0.840778630659892,0.840778630659892,True
02374500,dPL-MLP,XAJ-CN,test,0.7536220649213263,0.7536220649213263,True
02381600,IC-CMA-ES,XAJ-Base,train,0.6478660430937642,0.6478660430937642,True
02381600,IC-CMA-ES,XAJ-Base,test,0.621219258456126,0.621219258456126,True
02381600,IC-CMA-ES,XAJ-TGD,train,0.6476237064423405,0.6476237064423405,True
02381600,IC-CMA-ES,XAJ-TGD,test,0.6209495169659205,0.6209495169659205,True
02381600,IC-CMA-ES,XAJ-CN,train,0.6448625957601284,0.6448625957601284,True
02381600,IC-CMA-ES,XAJ-CN,test,0.6154820420085665,0.6154820420085665,True
02381600,dPL-MLP,XAJ-Base,train,0.5143018671037768,0.5143018671037768,True
02381600,dPL-MLP,XAJ-Base,test,0.5275732356018245,0.5275732356018245,True
02381600,dPL-MLP,XAJ-TGD,train,0.5039164198891062,0.5039164198891062,True
02381600,dPL-MLP,XAJ-TGD,test,0.5370040529073827,0.5370040529073827,True
02381600,dPL-MLP,XAJ-CN,train,0.5564808980429139,0.5564808980429139,True
02381600,dPL-MLP,XAJ-CN,test,0.572438147869494,0.572438147869494,True
02384540,IC-CMA-ES,XAJ-Base,train,0.8525110132226573,0.8525110132226573,True
02384540,IC-CMA-ES,XAJ-Base,test,0.4898161897645217,0.4898161897645217,True
02384540,IC-CMA-ES,XAJ-TGD,train,0.8591597239055124,0.8591597239055124,True
02384540,IC-CMA-ES,XAJ-TGD,test,0.4951347106052132,0.4951347106052132,True
02384540,IC-CMA-ES,XAJ-CN,train,0.856655457856665,0.856655457856665,True
02384540,IC-CMA-ES,XAJ-CN,test,0.5221841533722537,0.5221841533722537,True
02384540,dPL-MLP,XAJ-Base,train,0.8342294057281878,0.8342294057281878,True
02384540,dPL-MLP,XAJ-Base,test,0.5159792770869931,0.5159792770869931,True
02384540,dPL-MLP,XAJ-TGD,train,0.8422292999048471,0.8422292999048471,True
02384540,dPL-MLP,XAJ-TGD,test,0.4659302951405497,0.4659302951405497,True
02384540,dPL-MLP,XAJ-CN,train,0.8442359518962828,0.8442359518962828,True
02384540,dPL-MLP,XAJ-CN,test,0.4465097706655472,0.4465097706655472,True
02395120,IC-CMA-ES,XAJ-Base,train,0.8993104378547189,0.8993104378547189,True
02395120,IC-CMA-ES,XAJ-Base,test,0.7643243008445715,0.7643243008445715,True
02395120,IC-CMA-ES,XAJ-TGD,train,0.9017774383219432,0.9017774383219432,True
02395120,IC-CMA-ES,XAJ-TGD,test,0.7610544139521762,0.7610544139521762,True
02395120,IC-CMA-ES,XAJ-CN,train,0.8940700768900364,0.8940700768900364,True
02395120,IC-CMA-ES,XAJ-CN,test,0.7541126633413617,0.7541126633413617,True
02395120,dPL-MLP,XAJ-Base,train,0.8902292546405574,0.8902292546405574,True
02395120,dPL-MLP,XAJ-Base,test,0.7706867363098089,0.7706867363098089,True
02395120,dPL-MLP,XAJ-TGD,train,0.8897568787386492,0.8897568787386492,True
02395120,dPL-MLP,XAJ-TGD,test,0.7856788664762968,0.7856788664762968,True
02395120,dPL-MLP,XAJ-CN,train,0.8768326528633398,0.8768326528633398,True
02395120,dPL-MLP,XAJ-CN,test,0.7814877403010994,0.7814877403010994,True
02415000,IC-CMA-ES,XAJ-Base,train,0.9344388164379496,0.9344388164379496,True
02415000,IC-CMA-ES,XAJ-Base,test,0.8205619644550955,0.8205619644550955,True
02415000,IC-CMA-ES,XAJ-TGD,train,0.9386952352873704,0.9386952352873704,True
02415000,IC-CMA-ES,XAJ-TGD,test,0.8107014385324194,0.8107014385324194,True
02415000,IC-CMA-ES,XAJ-CN,train,0.9371787595273406,0.9371787595273406,True
02415000,IC-CMA-ES,XAJ-CN,test,0.8106591941439668,0.8106591941439668,True
02415000,dPL-MLP,XAJ-Base,train,0.9234614365052248,0.9234614365052248,True
02415000,dPL-MLP,XAJ-Base,test,0.8361933513006793,0.8361933513006793,True
02415000,dPL-MLP,XAJ-TGD,train,0.9114581220542548,0.9114581220542548,True
02415000,dPL-MLP,XAJ-TGD,test,0.8054361666741343,0.8054361666741343,True
02415000,dPL-MLP,XAJ-CN,train,0.9064332321841388,0.9064332321841388,True
02415000,dPL-MLP,XAJ-CN,test,0.855397214251916,0.855397214251916,True
02427250,IC-CMA-ES,XAJ-Base,train,0.9400162404131044,0.9400162404131044,True
02427250,IC-CMA-ES,XAJ-Base,test,0.788840587325153,0.788840587325153,True
02427250,IC-CMA-ES,XAJ-TGD,train,0.9400650848259006,0.9400650848259006,True
02427250,IC-CMA-ES,XAJ-TGD,test,0.789463877085811,0.789463877085811,True
02427250,IC-CMA-ES,XAJ-CN,train,0.936805727777248,0.936805727777248,True
02427250,IC-CMA-ES,XAJ-CN,test,0.7775024729531765,0.7775024729531765,True
02427250,dPL-MLP,XAJ-Base,train,0.9274473938884272,0.9274473938884272,True
02427250,dPL-MLP,XAJ-Base,test,0.8162953298792509,0.8162953298792509,True
02427250,dPL-MLP,XAJ-TGD,train,0.9205553536922372,0.9205553536922372,True
02427250,dPL-MLP,XAJ-TGD,test,0.8367544641372573,0.8367544641372573,True
02427250,dPL-MLP,XAJ-CN,train,0.9269121889258324,0.9269121889258324,True
02427250,dPL-MLP,XAJ-CN,test,0.8036823852514644,0.8036823852514644,True
02430085,IC-CMA-ES,XAJ-Base,train,0.8670846987526086,0.8670846987526086,True
02430085,IC-CMA-ES,XAJ-Base,test,0.7388201884238232,0.7388201884238232,True
02430085,IC-CMA-ES,XAJ-TGD,train,0.8693298737135896,0.8693298737135896,True
02430085,IC-CMA-ES,XAJ-TGD,test,0.7348217510542874,0.7348217510542874,True
02430085,IC-CMA-ES,XAJ-CN,train,0.8663123703015176,0.8663123703015176,True
02430085,IC-CMA-ES,XAJ-CN,test,0.7506341685507789,0.7506341685507789,True
02430085,dPL-MLP,XAJ-Base,train,0.7973911672766832,0.7973911672766832,True
02430085,dPL-MLP,XAJ-Base,test,0.6559316893313103,0.6559316893313103,True
02430085,dPL-MLP,XAJ-TGD,train,0.8057690336179602,0.8057690336179602,True
02430085,dPL-MLP,XAJ-TGD,test,0.7060202144224423,0.7060202144224423,True
02430085,dPL-MLP,XAJ-CN,train,0.7954205401629646,0.7954205401629646,True
02430085,dPL-MLP,XAJ-CN,test,0.6676511865053956,0.6676511865053956,True
02450250,IC-CMA-ES,XAJ-Base,train,0.9032530084157996,0.9032530084157996,True
02450250,IC-CMA-ES,XAJ-Base,test,0.8344507631904678,0.8344507631904678,True
02450250,IC-CMA-ES,XAJ-TGD,train,0.9059136982251326,0.9059136982251326,True
02450250,IC-CMA-ES,XAJ-TGD,test,0.8366954733369758,0.8366954733369758,True
02450250,IC-CMA-ES,XAJ-CN,train,0.9070779047105476,0.9070779047105476,True
02450250,IC-CMA-ES,XAJ-CN,test,0.8422259468260054,0.8422259468260054,True
02450250,dPL-MLP,XAJ-Base,train,0.8810308304424839,0.8810308304424839,True
02450250,dPL-MLP,XAJ-Base,test,0.8689008059492563,0.8689008059492563,True
02450250,dPL-MLP,XAJ-TGD,train,0.8759611046280801,0.8759611046280801,True
02450250,dPL-MLP,XAJ-TGD,test,0.8835606834094724,0.8835606834094724,True
02450250,dPL-MLP,XAJ-CN,train,0.8858918518203401,0.8858918518203401,True
02450250,dPL-MLP,XAJ-CN,test,0.8477328699128636,0.8477328699128636,True
02464000,IC-CMA-ES,XAJ-Base,train,0.9269715063411864,0.9269715063411864,True
02464000,IC-CMA-ES,XAJ-Base,test,0.8346594889340222,0.8346594889340222,True
02464000,IC-CMA-ES,XAJ-TGD,train,0.9324706912316024,0.9324706912316024,True
02464000,IC-CMA-ES,XAJ-TGD,test,0.8411237451121706,0.8411237451121706,True
02464000,IC-CMA-ES,XAJ-CN,train,0.9290714848091552,0.9290714848091552,True
02464000,IC-CMA-ES,XAJ-CN,test,0.8340591288770794,0.8340591288770794,True
02464000,dPL-MLP,XAJ-Base,train,0.9243887640939548,0.9243887640939548,True
02464000,dPL-MLP,XAJ-Base,test,0.8598616823331033,0.8598616823331033,True
02464000,dPL-MLP,XAJ-TGD,train,0.912161111676165,0.912161111676165,True
02464000,dPL-MLP,XAJ-TGD,test,0.8643342972428071,0.8643342972428071,True
02464000,dPL-MLP,XAJ-CN,train,0.915910551829717,0.915910551829717,True
02464000,dPL-MLP,XAJ-CN,test,0.8720226310271635,0.8720226310271635,True
02464360,IC-CMA-ES,XAJ-Base,train,0.9027084522621244,0.9027084522621244,True
02464360,IC-CMA-ES,XAJ-Base,test,0.8298467331288262,0.8298467331288262,True
02464360,IC-CMA-ES,XAJ-TGD,train,0.9060406526426428,0.9060406526426428,True
02464360,IC-CMA-ES,XAJ-TGD,test,0.8463060221166547,0.8463060221166547,True
02464360,IC-CMA-ES,XAJ-CN,train,0.9062356167745872,0.9062356167745872,True
02464360,IC-CMA-ES,XAJ-CN,test,0.8343776382390364,0.8343776382390364,True
02464360,dPL-MLP,XAJ-Base,train,0.8987684378680437,0.8987684378680437,True
02464360,dPL-MLP,XAJ-Base,test,0.838526327610931,0.838526327610931,True
02464360,dPL-MLP,XAJ-TGD,train,0.9044768199742372,0.9044768199742372,True
02464360,dPL-MLP,XAJ-TGD,test,0.8505188436078264,0.8505188436078264,True
02464360,dPL-MLP,XAJ-CN,train,0.8898228049747219,0.8898228049747219,True
02464360,dPL-MLP,XAJ-CN,test,0.8232398220731301,0.8232398220731301,True
02465493,IC-CMA-ES,XAJ-Base,train,0.9261955696436152,0.9261955696436152,True
02465493,IC-CMA-ES,XAJ-Base,test,0.6812725529172914,0.6812725529172914,True
02465493,IC-CMA-ES,XAJ-TGD,train,0.9281879845669208,0.9281879845669208,True
02465493,IC-CMA-ES,XAJ-TGD,test,0.689602414081032,0.689602414081032,True
02465493,IC-CMA-ES,XAJ-CN,train,0.9264147734340136,0.9264147734340136,True
02465493,IC-CMA-ES,XAJ-CN,test,0.7014564432012426,0.7014564432012426,True
02465493,dPL-MLP,XAJ-Base,train,0.7364520323043772,0.7364520323043772,True
02465493,dPL-MLP,XAJ-Base,test,0.6158155175232402,0.6158155175232402,True
02465493,dPL-MLP,XAJ-TGD,train,0.8228125938428383,0.8228125938428383,True
02465493,dPL-MLP,XAJ-TGD,test,0.6697016005760357,0.6697016005760357,True
02465493,dPL-MLP,XAJ-CN,train,0.8009870505635539,0.8009870505635539,True
02465493,dPL-MLP,XAJ-CN,test,0.6531174384839659,0.6531174384839659,True
02469800,IC-CMA-ES,XAJ-Base,train,0.9186315905773088,0.9186315905773088,True
02469800,IC-CMA-ES,XAJ-Base,test,0.8650458244826197,0.8650458244826197,True
02469800,IC-CMA-ES,XAJ-TGD,train,0.9159981832706952,0.9159981832706952,True
02469800,IC-CMA-ES,XAJ-TGD,test,0.8622634353486646,0.8622634353486646,True
02469800,IC-CMA-ES,XAJ-CN,train,0.9159550233279734,0.9159550233279734,True
02469800,IC-CMA-ES,XAJ-CN,test,0.8452152307381223,0.8452152307381223,True
02469800,dPL-MLP,XAJ-Base,train,0.9102123492041616,0.9102123492041616,True
02469800,dPL-MLP,XAJ-Base,test,0.8473234605901024,0.8473234605901024,True
02469800,dPL-MLP,XAJ-TGD,train,0.9100767227456882,0.9100767227456882,True
02469800,dPL-MLP,XAJ-TGD,test,0.8513161132007285,0.8513161132007285,True
02469800,dPL-MLP,XAJ-CN,train,0.9063705254621,0.9063705254621,True
02469800,dPL-MLP,XAJ-CN,test,0.8524352371950603,0.8524352371950603,True
02472000,IC-CMA-ES,XAJ-Base,train,0.9285855634779808,0.9285855634779808,True
02472000,IC-CMA-ES,XAJ-Base,test,0.8206325101831226,0.8206325101831226,True
02472000,IC-CMA-ES,XAJ-TGD,train,0.93228279411474,0.93228279411474,True
02472000,IC-CMA-ES,XAJ-TGD,test,0.8206053003644597,0.8206053003644597,True
02472000,IC-CMA-ES,XAJ-CN,train,0.9266601234754172,0.9266601234754172,True
02472000,IC-CMA-ES,XAJ-CN,test,0.8102361223839171,0.8102361223839171,True
02472000,dPL-MLP,XAJ-Base,train,0.912157003206009,0.912157003206009,True
02472000,dPL-MLP,XAJ-Base,test,0.8360524292505714,0.8360524292505714,True
02472000,dPL-MLP,XAJ-TGD,train,0.9105707731147792,0.9105707731147792,True
02472000,dPL-MLP,XAJ-TGD,test,0.8173688201338651,0.8173688201338651,True
02472000,dPL-MLP,XAJ-CN,train,0.9067057058924234,0.9067057058924234,True
02472000,dPL-MLP,XAJ-CN,test,0.8176214191225255,0.8176214191225255,True
02472500,IC-CMA-ES,XAJ-Base,train,0.925634313036146,0.925634313036146,True
02472500,IC-CMA-ES,XAJ-Base,test,0.8880209316177045,0.8880209316177045,True
02472500,IC-CMA-ES,XAJ-TGD,train,0.9242543904497484,0.9242543904497484,True
02472500,IC-CMA-ES,XAJ-TGD,test,0.8714317452592539,0.8714317452592539,True
02472500,IC-CMA-ES,XAJ-CN,train,0.925294858157966,0.925294858157966,True
02472500,IC-CMA-ES,XAJ-CN,test,0.8887903866698035,0.8887903866698035,True
02472500,dPL-MLP,XAJ-Base,train,0.8782619029557763,0.8782619029557763,True
02472500,dPL-MLP,XAJ-Base,test,0.8405114037914123,0.8405114037914123,True
02472500,dPL-MLP,XAJ-TGD,train,0.8859657513240918,0.8859657513240918,True
02472500,dPL-MLP,XAJ-TGD,test,0.8517632153729067,0.8517632153729067,True
02472500,dPL-MLP,XAJ-CN,train,0.8655797321378191,0.8655797321378191,True
02472500,dPL-MLP,XAJ-CN,test,0.8227072025951738,0.8227072025951738,True
02479155,IC-CMA-ES,XAJ-Base,train,0.9045417919685464,0.9045417919685464,True
02479155,IC-CMA-ES,XAJ-Base,test,0.5447960728785882,0.5447960728785882,True
02479155,IC-CMA-ES,XAJ-TGD,train,0.9085893529737274,0.9085893529737274,True
02479155,IC-CMA-ES,XAJ-TGD,test,0.5693864478673972,0.5693864478673972,True
02479155,IC-CMA-ES,XAJ-CN,train,0.9082794399456016,0.9082794399456016,True
02479155,IC-CMA-ES,XAJ-CN,test,0.5576700012765774,0.5576700012765774,True
02479155,dPL-MLP,XAJ-Base,train,0.8855404523814857,0.8855404523814857,True
02479155,dPL-MLP,XAJ-Base,test,0.7416314968948683,0.7416314968948683,True
02479155,dPL-MLP,XAJ-TGD,train,0.8963284026497278,0.8963284026497278,True
02479155,dPL-MLP,XAJ-TGD,test,0.7011493979871601,0.7011493979871601,True
02479155,dPL-MLP,XAJ-CN,train,0.8958955956947656,0.8958955956947656,True
02479155,dPL-MLP,XAJ-CN,test,0.7266937526353443,0.7266937526353443,True
02479300,IC-CMA-ES,XAJ-Base,train,0.908965395302518,0.908965395302518,True
02479300,IC-CMA-ES,XAJ-Base,test,0.8389547621425406,0.8389547621425406,True
02479300,IC-CMA-ES,XAJ-TGD,train,0.9095155511528528,0.9095155511528528,True
02479300,IC-CMA-ES,XAJ-TGD,test,0.8359681649672412,0.8359681649672412,True
02479300,IC-CMA-ES,XAJ-CN,train,0.9088582213902888,0.9088582213902888,True
02479300,IC-CMA-ES,XAJ-CN,test,0.8472999246798706,0.8472999246798706,True
02479300,dPL-MLP,XAJ-Base,train,0.867087590402817,0.867087590402817,True
02479300,dPL-MLP,XAJ-Base,test,0.8749094522394794,0.8749094522394794,True
02479300,dPL-MLP,XAJ-TGD,train,0.8831846306972467,0.8831846306972467,True
02479300,dPL-MLP,XAJ-TGD,test,0.8585509039613985,0.8585509039613985,True
02479300,dPL-MLP,XAJ-CN,train,0.8462427136810663,0.8462427136810663,True
02479300,dPL-MLP,XAJ-CN,test,0.86560917192905,0.86560917192905,True
02479560,IC-CMA-ES,XAJ-Base,train,0.9244170251005388,0.9244170251005388,True
02479560,IC-CMA-ES,XAJ-Base,test,0.8259445882183021,0.8259445882183021,True
02479560,IC-CMA-ES,XAJ-TGD,train,0.92563468267827,0.92563468267827,True
02479560,IC-CMA-ES,XAJ-TGD,test,0.8279170690127307,0.8279170690127307,True
02479560,IC-CMA-ES,XAJ-CN,train,0.9221725063431504,0.9221725063431504,True
02479560,IC-CMA-ES,XAJ-CN,test,0.8255508326832213,0.8255508326832213,True
02479560,dPL-MLP,XAJ-Base,train,0.8884436304219557,0.8884436304219557,True
02479560,dPL-MLP,XAJ-Base,test,0.8825309324804174,0.8825309324804174,True
02479560,dPL-MLP,XAJ-TGD,train,0.9030171534245764,0.9030171534245764,True
02479560,dPL-MLP,XAJ-TGD,test,0.8696832078353749,0.8696832078353749,True
02479560,dPL-MLP,XAJ-CN,train,0.8601618509385117,0.8601618509385117,True
02479560,dPL-MLP,XAJ-CN,test,0.8928318857873219,0.8928318857873219,True
02481000,IC-CMA-ES,XAJ-Base,train,0.889365202969324,0.889365202969324,True
02481000,IC-CMA-ES,XAJ-Base,test,0.7260306861681523,0.7260306861681523,True
02481000,IC-CMA-ES,XAJ-TGD,train,0.8965353915204674,0.8965353915204674,True
02481000,IC-CMA-ES,XAJ-TGD,test,0.7297134236357374,0.7297134236357374,True
02481000,IC-CMA-ES,XAJ-CN,train,0.8935368145838387,0.8935368145838387,True
02481000,IC-CMA-ES,XAJ-CN,test,0.7116150756780919,0.7116150756780919,True
02481000,dPL-MLP,XAJ-Base,train,0.8692127101909863,0.8692127101909863,True
02481000,dPL-MLP,XAJ-Base,test,0.7838610149756335,0.7838610149756335,True
02481000,dPL-MLP,XAJ-TGD,train,0.8702360287603101,0.8702360287603101,True
02481000,dPL-MLP,XAJ-TGD,test,0.7598269825478272,0.7598269825478272,True
02481000,dPL-MLP,XAJ-CN,train,0.8771754644617752,0.8771754644617752,True
02481000,dPL-MLP,XAJ-CN,test,0.75238992828018,0.75238992828018,True
02481510,IC-CMA-ES,XAJ-Base,train,0.9166275132858862,0.9166275132858862,True
02481510,IC-CMA-ES,XAJ-Base,test,0.803988436791519,0.803988436791519,True
02481510,IC-CMA-ES,XAJ-TGD,train,0.9185719221784978,0.9185719221784978,True
02481510,IC-CMA-ES,XAJ-TGD,test,0.8056039723796454,0.8056039723796454,True
02481510,IC-CMA-ES,XAJ-CN,train,0.9186401519305004,0.9186401519305004,True
02481510,IC-CMA-ES,XAJ-CN,test,0.8073598316869924,0.8073598316869924,True
02481510,dPL-MLP,XAJ-Base,train,0.905244095127421,0.905244095127421,True
02481510,dPL-MLP,XAJ-Base,test,0.8286869874324687,0.8286869874324687,True
02481510,dPL-MLP,XAJ-TGD,train,0.9101672687729856,0.9101672687729856,True
02481510,dPL-MLP,XAJ-TGD,test,0.8156472034398508,0.8156472034398508,True
02481510,dPL-MLP,XAJ-CN,train,0.8995768194854831,0.8995768194854831,True
02481510,dPL-MLP,XAJ-CN,test,0.8519735744642554,0.8519735744642554,True
04015330,IC-CMA-ES,XAJ-Base,train,0.5980127161696045,0.5980127161696045,True
04015330,IC-CMA-ES,XAJ-Base,test,0.5622679430327101,0.5622679430327101,True
04015330,IC-CMA-ES,XAJ-TGD,train,0.6626323982828767,0.6626323982828767,True
04015330,IC-CMA-ES,XAJ-TGD,test,0.6156372018771604,0.6156372018771604,True
04015330,IC-CMA-ES,XAJ-CN,train,0.8243238534430055,0.8243238534430055,True
04015330,IC-CMA-ES,XAJ-CN,test,0.7972970917022866,0.7972970917022866,True
04015330,dPL-MLP,XAJ-Base,train,0.5845525454451381,0.5845525454451381,True
04015330,dPL-MLP,XAJ-Base,test,0.5768114549324959,0.5768114549324959,True
04015330,dPL-MLP,XAJ-TGD,train,,,True
04015330,dPL-MLP,XAJ-TGD,test,,,True
04015330,dPL-MLP,XAJ-CN,train,0.8144293911277172,0.8144293911277172,True
04015330,dPL-MLP,XAJ-CN,test,0.8065070629644675,0.8065070629644675,True
04024430,IC-CMA-ES,XAJ-Base,train,0.6482586176749909,0.6482586176749909,True
04024430,IC-CMA-ES,XAJ-Base,test,0.5570521622353285,0.5570521622353285,True
04024430,IC-CMA-ES,XAJ-TGD,train,0.7265029804049234,0.7265029804049234,True
04024430,IC-CMA-ES,XAJ-TGD,test,0.6158269702155144,0.6158269702155144,True
04024430,IC-CMA-ES,XAJ-CN,train,0.8428421690633516,0.8428421690633516,True
04024430,IC-CMA-ES,XAJ-CN,test,0.7390913257873499,0.7390913257873499,True
04024430,dPL-MLP,XAJ-Base,train,0.6494569799006692,0.6494569799006692,True
04024430,dPL-MLP,XAJ-Base,test,0.5209090098403808,0.5209090098403808,True
04024430,dPL-MLP,XAJ-TGD,train,0.7180979277186327,0.7180979277186327,True
04024430,dPL-MLP,XAJ-TGD,test,0.5969776568460902,0.5969776568460902,True
04024430,dPL-MLP,XAJ-CN,train,0.8324135487578621,0.8324135487578621,True
04024430,dPL-MLP,XAJ-CN,test,0.7224835620965904,0.7224835620965904,True
04027000,IC-CMA-ES,XAJ-Base,train,0.5497457232934397,0.5497457232934397,True
04027000,IC-CMA-ES,XAJ-Base,test,0.4748031344991624,0.4748031344991624,True
04027000,IC-CMA-ES,XAJ-TGD,train,0.7529816085420833,0.7529816085420833,True
04027000,IC-CMA-ES,XAJ-TGD,test,0.737345569650325,0.737345569650325,True
04027000,IC-CMA-ES,XAJ-CN,train,0.8631400059089851,0.8631400059089851,True
04027000,IC-CMA-ES,XAJ-CN,test,0.7849742306317963,0.7849742306317963,True
04027000,dPL-MLP,XAJ-Base,train,0.5433486077490166,0.5433486077490166,True
04027000,dPL-MLP,XAJ-Base,test,0.479999165874775,0.479999165874775,True
04027000,dPL-MLP,XAJ-TGD,train,0.7327007287020366,0.7327007287020366,True
04027000,dPL-MLP,XAJ-TGD,test,0.7294577782715791,0.7294577782715791,True
04027000,dPL-MLP,XAJ-CN,train,0.8496770426763072,0.8496770426763072,True
04027000,dPL-MLP,XAJ-CN,test,0.829032092042782,0.829032092042782,True
04040500,IC-CMA-ES,XAJ-Base,train,0.4227950236017607,0.4227950236017607,True
04040500,IC-CMA-ES,XAJ-Base,test,0.3616102559052115,0.3616102559052115,True
04040500,IC-CMA-ES,XAJ-TGD,train,0.818227829597059,0.818227829597059,True
04040500,IC-CMA-ES,XAJ-TGD,test,0.7671723073653978,0.7671723073653978,True
04040500,IC-CMA-ES,XAJ-CN,train,0.9265418863275644,0.9265418863275644,True
04040500,IC-CMA-ES,XAJ-CN,test,0.7932916262603553,0.7932916262603553,True
04040500,dPL-MLP,XAJ-Base,train,0.424503908983925,0.424503908983925,True
04040500,dPL-MLP,XAJ-Base,test,0.3730234920383749,0.3730234920383749,True
04040500,dPL-MLP,XAJ-TGD,train,0.7996070711579006,0.7996070711579006,True
04040500,dPL-MLP,XAJ-TGD,test,0.7620407790553778,0.7620407790553778,True
04040500,dPL-MLP,XAJ-CN,train,0.9094256957656556,0.9094256957656556,True
04040500,dPL-MLP,XAJ-CN,test,0.7953098783524433,0.7953098783524433,True
04043050,IC-CMA-ES,XAJ-Base,train,0.2122780211023349,0.2122780211023349,True
04043050,IC-CMA-ES,XAJ-Base,test,0.2546665889485209,0.2546665889485209,True
04043050,IC-CMA-ES,XAJ-TGD,train,0.7399889536798563,0.7399889536798563,True
04043050,IC-CMA-ES,XAJ-TGD,test,0.5209764571338813,0.5209764571338813,True
04043050,IC-CMA-ES,XAJ-CN,train,0.8687830965710317,0.8687830965710317,True
04043050,IC-CMA-ES,XAJ-CN,test,0.65835604520692,0.65835604520692,True
04043050,dPL-MLP,XAJ-Base,train,0.188515002714983,0.188515002714983,True
04043050,dPL-MLP,XAJ-Base,test,0.2625451146301509,0.2625451146301509,True
04043050,dPL-MLP,XAJ-TGD,train,0.7312647035092996,0.7312647035092996,True
04043050,dPL-MLP,XAJ-TGD,test,0.5502238335655638,0.5502238335655638,True
04043050,dPL-MLP,XAJ-CN,train,0.8443008784502056,0.8443008784502056,True
04043050,dPL-MLP,XAJ-CN,test,0.6541835610111577,0.6541835610111577,True
04045500,IC-CMA-ES,XAJ-Base,train,0.3300046986100594,0.3300046986100594,True
04045500,IC-CMA-ES,XAJ-Base,test,0.2721444744197475,0.2721444744197475,True
04045500,IC-CMA-ES,XAJ-TGD,train,0.8259692315346385,0.8259692315346385,True
04045500,IC-CMA-ES,XAJ-TGD,test,0.6735384548663955,0.6735384548663955,True
04045500,IC-CMA-ES,XAJ-CN,train,0.9193880933864034,0.9193880933864034,True
04045500,IC-CMA-ES,XAJ-CN,test,0.5757272018697802,0.5757272018697802,True
04045500,dPL-MLP,XAJ-Base,train,0.3447337301356871,0.3447337301356871,True
04045500,dPL-MLP,XAJ-Base,test,0.3200937402547544,0.3200937402547544,True
04045500,dPL-MLP,XAJ-TGD,train,0.8198442783163101,0.8198442783163101,True
04045500,dPL-MLP,XAJ-TGD,test,0.5886285543086422,0.5886285543086422,True
04045500,dPL-MLP,XAJ-CN,train,0.898495561870639,0.898495561870639,True
04045500,dPL-MLP,XAJ-CN,test,0.4865902389984627,0.4865902389984627,True
04057510,IC-CMA-ES,XAJ-Base,train,0.5536799027082536,0.5536799027082536,True
04057510,IC-CMA-ES,XAJ-Base,test,0.3858298446208572,0.3858298446208572,True
04057510,IC-CMA-ES,XAJ-TGD,train,0.8250231534086727,0.8250231534086727,True
04057510,IC-CMA-ES,XAJ-TGD,test,0.5992001319587054,0.5992001319587054,True
04057510,IC-CMA-ES,XAJ-CN,train,0.9102517522680936,0.9102517522680936,True
04057510,IC-CMA-ES,XAJ-CN,test,0.5665732906589306,0.5665732906589306,True
04057510,dPL-MLP,XAJ-Base,train,0.5187517958352105,0.5187517958352105,True
04057510,dPL-MLP,XAJ-Base,test,0.3500691667384965,0.3500691667384965,True
04057510,dPL-MLP,XAJ-TGD,train,0.8146296123805327,0.8146296123805327,True
04057510,dPL-MLP,XAJ-TGD,test,0.6034781234426614,0.6034781234426614,True
04057510,dPL-MLP,XAJ-CN,train,0.8322697583038595,0.8322697583038595,True
04057510,dPL-MLP,XAJ-CN,test,0.5177788406919763,0.5177788406919763,True
04057800,IC-CMA-ES,XAJ-Base,train,0.4709196309636514,0.4709196309636514,True
04057800,IC-CMA-ES,XAJ-Base,test,0.2644459670462425,0.2644459670462425,True
04057800,IC-CMA-ES,XAJ-TGD,train,0.7984043757017525,0.7984043757017525,True
04057800,IC-CMA-ES,XAJ-TGD,test,0.6366679924369006,0.6366679924369006,True
04057800,IC-CMA-ES,XAJ-CN,train,0.92980363106652,0.92980363106652,True
04057800,IC-CMA-ES,XAJ-CN,test,0.585889471637159,0.585889471637159,True
04057800,dPL-MLP,XAJ-Base,train,0.4567333491288573,0.4567333491288573,True
04057800,dPL-MLP,XAJ-Base,test,0.3184963336273582,0.3184963336273582,True
04057800,dPL-MLP,XAJ-TGD,train,0.749422724710849,0.749422724710849,True
04057800,dPL-MLP,XAJ-TGD,test,0.6923588284252942,0.6923588284252942,True
04057800,dPL-MLP,XAJ-CN,train,0.9067661609668098,0.9067661609668098,True
04057800,dPL-MLP,XAJ-CN,test,0.6317800756562988,0.6317800756562988,True
04059500,IC-CMA-ES,XAJ-Base,train,0.5640849229219471,0.5640849229219471,True
04059500,IC-CMA-ES,XAJ-Base,test,0.396645170455534,0.396645170455534,True
04059500,IC-CMA-ES,XAJ-TGD,train,0.8158247539333916,0.8158247539333916,True
04059500,IC-CMA-ES,XAJ-TGD,test,0.7441386027813844,0.7441386027813844,True
04059500,IC-CMA-ES,XAJ-CN,train,0.9186552136957492,0.9186552136957492,True
04059500,IC-CMA-ES,XAJ-CN,test,0.689963622317688,0.689963622317688,True
04059500,dPL-MLP,XAJ-Base,train,0.5532758545325429,0.5532758545325429,True
04059500,dPL-MLP,XAJ-Base,test,0.4022525114760351,0.4022525114760351,True
04059500,dPL-MLP,XAJ-TGD,train,0.7987378873642837,0.7987378873642837,True
04059500,dPL-MLP,XAJ-TGD,test,0.7520569682774164,0.7520569682774164,True
04059500,dPL-MLP,XAJ-CN,train,0.8926128899796293,0.8926128899796293,True
04059500,dPL-MLP,XAJ-CN,test,0.7021166211294334,0.7021166211294334,True
04063700,IC-CMA-ES,XAJ-Base,train,0.6955083396209683,0.6955083396209683,True
04063700,IC-CMA-ES,XAJ-Base,test,0.4293767556963709,0.4293767556963709,True
04063700,IC-CMA-ES,XAJ-TGD,train,0.84276524333103,0.84276524333103,True
04063700,IC-CMA-ES,XAJ-TGD,test,0.583652968909222,0.583652968909222,True
04063700,IC-CMA-ES,XAJ-CN,train,0.9138288807925536,0.9138288807925536,True
04063700,IC-CMA-ES,XAJ-CN,test,0.5887555994266104,0.5887555994266104,True
04063700,dPL-MLP,XAJ-Base,train,0.6653989245258991,0.6653989245258991,True
04063700,dPL-MLP,XAJ-Base,test,0.4119832505126016,0.4119832505126016,True
04063700,dPL-MLP,XAJ-TGD,train,0.829067861119737,0.829067861119737,True
04063700,dPL-MLP,XAJ-TGD,test,0.5767445137267173,0.5767445137267173,True
04063700,dPL-MLP,XAJ-CN,train,0.8310604013977655,0.8310604013977655,True
04063700,dPL-MLP,XAJ-CN,test,0.4018637076628415,0.4018637076628415,True
04074950,IC-CMA-ES,XAJ-Base,train,0.762180772691559,0.762180772691559,True
04074950,IC-CMA-ES,XAJ-Base,test,0.5905574480056023,0.5905574480056023,True
04074950,IC-CMA-ES,XAJ-TGD,train,0.7561058087397031,0.7561058087397031,True
04074950,IC-CMA-ES,XAJ-TGD,test,0.574224272263366,0.574224272263366,True
04074950,IC-CMA-ES,XAJ-CN,train,0.858283104168404,0.858283104168404,True
04074950,IC-CMA-ES,XAJ-CN,test,0.8379141596525075,0.8379141596525075,True
04074950,dPL-MLP,XAJ-Base,train,0.7193295519596503,0.7193295519596503,True
04074950,dPL-MLP,XAJ-Base,test,0.5442442809694823,0.5442442809694823,True
04074950,dPL-MLP,XAJ-TGD,train,0.7512578704305453,0.7512578704305453,True
04074950,dPL-MLP,XAJ-TGD,test,0.732281444334391,0.732281444334391,True
04074950,dPL-MLP,XAJ-CN,train,0.7384906289727189,0.7384906289727189,True
04074950,dPL-MLP,XAJ-CN,test,0.6814120487558577,0.6814120487558577,True
04105700,IC-CMA-ES,XAJ-Base,train,0.8249168499749739,0.8249168499749739,True
04105700,IC-CMA-ES,XAJ-Base,test,0.6882655368076571,0.6882655368076571,True
04105700,IC-CMA-ES,XAJ-TGD,train,0.8457361575734903,0.8457361575734903,True
04105700,IC-CMA-ES,XAJ-TGD,test,0.5824322732937474,0.5824322732937474,True
04105700,IC-CMA-ES,XAJ-CN,train,0.8829603587347173,0.8829603587347173,True
04105700,IC-CMA-ES,XAJ-CN,test,0.713027288328024,0.713027288328024,True
04105700,dPL-MLP,XAJ-Base,train,0.8150204150448535,0.8150204150448535,True
04105700,dPL-MLP,XAJ-Base,test,0.665448254310262,0.665448254310262,True
04105700,dPL-MLP,XAJ-TGD,train,0.8337711635969658,0.8337711635969658,True
04105700,dPL-MLP,XAJ-TGD,test,0.5391530847402419,0.5391530847402419,True
04105700,dPL-MLP,XAJ-CN,train,0.8719382740968341,0.8719382740968341,True
04105700,dPL-MLP,XAJ-CN,test,0.6359702518720055,0.6359702518720055,True
04115265,IC-CMA-ES,XAJ-Base,train,0.6343915848082757,0.6343915848082757,True
04115265,IC-CMA-ES,XAJ-Base,test,0.5623313801240617,0.5623313801240617,True
04115265,IC-CMA-ES,XAJ-TGD,train,0.7224286768705157,0.7224286768705157,True
04115265,IC-CMA-ES,XAJ-TGD,test,0.4848203306740601,0.4848203306740601,True
04115265,IC-CMA-ES,XAJ-CN,train,0.7833181397855172,0.7833181397855172,True
04115265,IC-CMA-ES,XAJ-CN,test,0.2830882857119533,0.2830882857119533,True
04115265,dPL-MLP,XAJ-Base,train,0.5624290522015863,0.5624290522015863,True
04115265,dPL-MLP,XAJ-Base,test,0.7333094172570762,0.7333094172570762,True
04115265,dPL-MLP,XAJ-TGD,train,0.6656750756172662,0.6656750756172662,True
04115265,dPL-MLP,XAJ-TGD,test,0.6637130136370569,0.6637130136370569,True
04115265,dPL-MLP,XAJ-CN,train,0.6956247862431577,0.6956247862431577,True
04115265,dPL-MLP,XAJ-CN,test,0.6170004493478559,0.6170004493478559,True
04122200,IC-CMA-ES,XAJ-Base,train,0.8164723807163918,0.8164723807163918,True
04122200,IC-CMA-ES,XAJ-Base,test,0.7591535442466766,0.7591535442466766,True
04122200,IC-CMA-ES,XAJ-TGD,train,0.8555424713205608,0.8555424713205608,True
04122200,IC-CMA-ES,XAJ-TGD,test,0.7310484145854639,0.7310484145854639,True
04122200,IC-CMA-ES,XAJ-CN,train,0.8640142914213731,0.8640142914213731,True
04122200,IC-CMA-ES,XAJ-CN,test,0.691447217789469,0.691447217789469,True
04122200,dPL-MLP,XAJ-Base,train,0.7994699061348455,0.7994699061348455,True
04122200,dPL-MLP,XAJ-Base,test,0.7378683213020112,0.7378683213020112,True
04122200,dPL-MLP,XAJ-TGD,train,0.8426028563564048,0.8426028563564048,True
04122200,dPL-MLP,XAJ-TGD,test,0.6862167021472925,0.6862167021472925,True
04122200,dPL-MLP,XAJ-CN,train,0.8344330714650274,0.8344330714650274,True
04122200,dPL-MLP,XAJ-CN,test,0.590644202604016,0.590644202604016,True
04122500,IC-CMA-ES,XAJ-Base,train,0.7770504975083037,0.7770504975083037,True
04122500,IC-CMA-ES,XAJ-Base,test,0.7360367327271191,0.7360367327271191,True
04122500,IC-CMA-ES,XAJ-TGD,train,0.828602490397502,0.828602490397502,True
04122500,IC-CMA-ES,XAJ-TGD,test,0.762552153786485,0.762552153786485,True
04122500,IC-CMA-ES,XAJ-CN,train,0.8405862864389887,0.8405862864389887,True
04122500,IC-CMA-ES,XAJ-CN,test,0.6705981116179118,0.6705981116179118,True
04122500,dPL-MLP,XAJ-Base,train,0.7710013677872418,0.7710013677872418,True
04122500,dPL-MLP,XAJ-Base,test,0.739015356600734,0.739015356600734,True
04122500,dPL-MLP,XAJ-TGD,train,0.8148154921163212,0.8148154921163212,True
04122500,dPL-MLP,XAJ-TGD,test,0.6679854637019649,0.6679854637019649,True
04122500,dPL-MLP,XAJ-CN,train,0.8483890981539379,0.8483890981539379,True
04122500,dPL-MLP,XAJ-CN,test,0.6718933996812245,0.6718933996812245,True
04127918,IC-CMA-ES,XAJ-Base,train,0.3985657322943157,0.3985657322943157,True
04127918,IC-CMA-ES,XAJ-Base,test,0.2413455616159161,0.2413455616159161,True
04127918,IC-CMA-ES,XAJ-TGD,train,0.7668995787794748,0.7668995787794748,True
04127918,IC-CMA-ES,XAJ-TGD,test,0.4918284534928309,0.4918284534928309,True
04127918,IC-CMA-ES,XAJ-CN,train,0.903334137526942,0.903334137526942,True
04127918,IC-CMA-ES,XAJ-CN,test,0.3793697292898885,0.3793697292898885,True
04127918,dPL-MLP,XAJ-Base,train,0.3944116037529476,0.3944116037529476,True
04127918,dPL-MLP,XAJ-Base,test,0.3324242937492478,0.3324242937492478,True
04127918,dPL-MLP,XAJ-TGD,train,0.6433618391719391,0.6433618391719391,True
04127918,dPL-MLP,XAJ-TGD,test,0.5819936473805396,0.5819936473805396,True
04127918,dPL-MLP,XAJ-CN,train,0.8544644711837676,0.8544644711837676,True
04127918,dPL-MLP,XAJ-CN,test,0.4346618085665135,0.4346618085665135,True
04127997,IC-CMA-ES,XAJ-Base,train,0.6592385072904665,0.6592385072904665,True
04127997,IC-CMA-ES,XAJ-Base,test,0.6400516142214008,0.6400516142214008,True
04127997,IC-CMA-ES,XAJ-TGD,train,0.7650912656007796,0.7650912656007796,True
04127997,IC-CMA-ES,XAJ-TGD,test,0.7141252279482755,0.7141252279482755,True
04127997,IC-CMA-ES,XAJ-CN,train,0.7849618541037326,0.7849618541037326,True
04127997,IC-CMA-ES,XAJ-CN,test,0.7414685821050583,0.7414685821050583,True
04127997,dPL-MLP,XAJ-Base,train,0.6403142779469583,0.6403142779469583,True
04127997,dPL-MLP,XAJ-Base,test,0.580549357735275,0.580549357735275,True
04127997,dPL-MLP,XAJ-TGD,train,0.6921035507101522,0.6921035507101522,True
04127997,dPL-MLP,XAJ-TGD,test,0.6329676297142275,0.6329676297142275,True
04127997,dPL-MLP,XAJ-CN,train,0.6924373529807013,0.6924373529807013,True
04127997,dPL-MLP,XAJ-CN,test,0.5830767609851184,0.5830767609851184,True
04161580,IC-CMA-ES,XAJ-Base,train,0.6866560807452151,0.6866560807452151,True
04161580,IC-CMA-ES,XAJ-Base,test,0.7150834950597655,0.7150834950597655,True
04161580,IC-CMA-ES,XAJ-TGD,train,0.7706124947697607,0.7706124947697607,True
04161580,IC-CMA-ES,XAJ-TGD,test,0.7050423869472678,0.7050423869472678,True
04161580,IC-CMA-ES,XAJ-CN,train,0.8149201903147889,0.8149201903147889,True
04161580,IC-CMA-ES,XAJ-CN,test,0.7337894669369428,0.7337894669369428,True
04161580,dPL-MLP,XAJ-Base,train,0.6718082283910786,0.6718082283910786,True
04161580,dPL-MLP,XAJ-Base,test,0.7176871573342958,0.7176871573342958,True
04161580,dPL-MLP,XAJ-TGD,train,0.6802744226618671,0.6802744226618671,True
04161580,dPL-MLP,XAJ-TGD,test,0.6638931557825738,0.6638931557825738,True
04161580,dPL-MLP,XAJ-CN,train,0.7574096975387236,0.7574096975387236,True
04161580,dPL-MLP,XAJ-CN,test,0.70182887112343,0.70182887112343,True
04185000,IC-CMA-ES,XAJ-Base,train,0.7461348429250486,0.7461348429250486,True
04185000,IC-CMA-ES,XAJ-Base,test,0.7949257625340025,0.7949257625340025,True
04185000,IC-CMA-ES,XAJ-TGD,train,0.8044948792745853,0.8044948792745853,True
04185000,IC-CMA-ES,XAJ-TGD,test,0.782159493087544,0.782159493087544,True
04185000,IC-CMA-ES,XAJ-CN,train,0.9230124466279284,0.9230124466279284,True
04185000,IC-CMA-ES,XAJ-CN,test,0.8352214960325322,0.8352214960325322,True
04185000,dPL-MLP,XAJ-Base,train,0.7379718150019228,0.7379718150019228,True
04185000,dPL-MLP,XAJ-Base,test,0.8236959874182066,0.8236959874182066,True
04185000,dPL-MLP,XAJ-TGD,train,0.7447156866547691,0.7447156866547691,True
04185000,dPL-MLP,XAJ-TGD,test,0.8506679151299759,0.8506679151299759,True
04185000,dPL-MLP,XAJ-CN,train,0.9057204190216042,0.9057204190216042,True
04185000,dPL-MLP,XAJ-CN,test,0.8192654449523566,0.8192654449523566,True
04196800,IC-CMA-ES,XAJ-Base,train,0.7801360450086667,0.7801360450086667,True
04196800,IC-CMA-ES,XAJ-Base,test,0.7862780764895629,0.7862780764895629,True
04196800,IC-CMA-ES,XAJ-TGD,train,0.8187831945133691,0.8187831945133691,True
04196800,IC-CMA-ES,XAJ-TGD,test,0.8187641114471246,0.8187641114471246,True
04196800,IC-CMA-ES,XAJ-CN,train,0.8653717278576172,0.8653717278576172,True
04196800,IC-CMA-ES,XAJ-CN,test,0.8573179132631961,0.8573179132631961,True
04196800,dPL-MLP,XAJ-Base,train,0.7885130886042397,0.7885130886042397,True
04196800,dPL-MLP,XAJ-Base,test,0.7826273285749359,0.7826273285749359,True
04196800,dPL-MLP,XAJ-TGD,train,0.8097579769464047,0.8097579769464047,True
04196800,dPL-MLP,XAJ-TGD,test,0.7921717413042236,0.7921717413042236,True
04196800,dPL-MLP,XAJ-CN,train,0.8465667904037789,0.8465667904037789,True
04196800,dPL-MLP,XAJ-CN,test,0.8548895999959079,0.8548895999959079,True
04197100,IC-CMA-ES,XAJ-Base,train,0.748392155918254,0.748392155918254,True
04197100,IC-CMA-ES,XAJ-Base,test,0.7202001135820018,0.7202001135820018,True
04197100,IC-CMA-ES,XAJ-TGD,train,0.7936281007672505,0.7936281007672505,True
04197100,IC-CMA-ES,XAJ-TGD,test,0.7289363280672899,0.7289363280672899,True
04197100,IC-CMA-ES,XAJ-CN,train,0.8264228779384802,0.8264228779384802,True
04197100,IC-CMA-ES,XAJ-CN,test,0.7614485130411697,0.7614485130411697,True
04197100,dPL-MLP,XAJ-Base,train,0.7451223106480398,0.7451223106480398,True
04197100,dPL-MLP,XAJ-Base,test,0.732737158511832,0.732737158511832,True
04197100,dPL-MLP,XAJ-TGD,train,0.7855490860368229,0.7855490860368229,True
04197100,dPL-MLP,XAJ-TGD,test,0.7663512127374985,0.7663512127374985,True
04197100,dPL-MLP,XAJ-CN,train,0.8089195430719144,0.8089195430719144,True
04197100,dPL-MLP,XAJ-CN,test,0.7867656861549686,0.7867656861549686,True
04197170,IC-CMA-ES,XAJ-Base,train,0.7689194145171956,0.7689194145171956,True
04197170,IC-CMA-ES,XAJ-Base,test,0.7683601445428034,0.7683601445428034,True
04197170,IC-CMA-ES,XAJ-TGD,train,0.8071812119365541,0.8071812119365541,True
04197170,IC-CMA-ES,XAJ-TGD,test,0.7951405448457611,0.7951405448457611,True
04197170,IC-CMA-ES,XAJ-CN,train,0.8132691468987675,0.8132691468987675,True
04197170,IC-CMA-ES,XAJ-CN,test,0.8179938755200451,0.8179938755200451,True
04197170,dPL-MLP,XAJ-Base,train,0.7518891008752362,0.7518891008752362,True
04197170,dPL-MLP,XAJ-Base,test,0.7321676472516403,0.7321676472516403,True
04197170,dPL-MLP,XAJ-TGD,train,0.7904049765776904,0.7904049765776904,True
04197170,dPL-MLP,XAJ-TGD,test,0.7544915256673699,0.7544915256673699,True
04197170,dPL-MLP,XAJ-CN,train,0.7977446558814556,0.7977446558814556,True
04197170,dPL-MLP,XAJ-CN,test,0.8167308438699339,0.8167308438699339,True
04213000,IC-CMA-ES,XAJ-Base,train,0.6900452626099858,0.6900452626099858,True
04213000,IC-CMA-ES,XAJ-Base,test,0.7099534027000564,0.7099534027000564,True
04213000,IC-CMA-ES,XAJ-TGD,train,0.7527404143275599,0.7527404143275599,True
04213000,IC-CMA-ES,XAJ-TGD,test,0.7605580350187586,0.7605580350187586,True
04213000,IC-CMA-ES,XAJ-CN,train,0.8097500438345981,0.8097500438345981,True
04213000,IC-CMA-ES,XAJ-CN,test,0.8217681131539709,0.8217681131539709,True
04213000,dPL-MLP,XAJ-Base,train,0.6615643681825114,0.6615643681825114,True
04213000,dPL-MLP,XAJ-Base,test,0.6705202496377425,0.6705202496377425,True
04213000,dPL-MLP,XAJ-TGD,train,,,True
04213000,dPL-MLP,XAJ-TGD,test,,,True
04213000,dPL-MLP,XAJ-CN,train,0.7911725301263074,0.7911725301263074,True
04213000,dPL-MLP,XAJ-CN,test,0.8040966311217853,0.8040966311217853,True
04213075,IC-CMA-ES,XAJ-Base,train,0.5226450550019086,0.5226450550019086,True
04213075,IC-CMA-ES,XAJ-Base,test,0.5172550121604287,0.5172550121604287,True
04213075,IC-CMA-ES,XAJ-TGD,train,0.5872431526182402,0.5872431526182402,True
04213075,IC-CMA-ES,XAJ-TGD,test,0.5920550773443924,0.5920550773443924,True
04213075,IC-CMA-ES,XAJ-CN,train,0.5738515403438447,0.5738515403438447,True
04213075,IC-CMA-ES,XAJ-CN,test,0.5923738649920164,0.5923738649920164,True
04213075,dPL-MLP,XAJ-Base,train,0.4783144673011001,0.4783144673011001,True
04213075,dPL-MLP,XAJ-Base,test,0.5615364176268995,0.5615364176268995,True
04213075,dPL-MLP,XAJ-TGD,train,0.540485595318252,0.540485595318252,True
04213075,dPL-MLP,XAJ-TGD,test,0.5986262219577732,0.5986262219577732,True
04213075,dPL-MLP,XAJ-CN,train,0.5086434231682933,0.5086434231682933,True
04213075,dPL-MLP,XAJ-CN,test,0.6275801940120928,0.6275801940120928,True
04216418,IC-CMA-ES,XAJ-Base,train,0.574948071653623,0.574948071653623,True
04216418,IC-CMA-ES,XAJ-Base,test,0.6045191790747078,0.6045191790747078,True
04216418,IC-CMA-ES,XAJ-TGD,train,0.7256847437005962,0.7256847437005962,True
04216418,IC-CMA-ES,XAJ-TGD,test,0.6292208350392086,0.6292208350392086,True
04216418,IC-CMA-ES,XAJ-CN,train,0.8112709100920528,0.8112709100920528,True
04216418,IC-CMA-ES,XAJ-CN,test,0.8133950019656089,0.8133950019656089,True
04216418,dPL-MLP,XAJ-Base,train,0.5665315837632539,0.5665315837632539,True
04216418,dPL-MLP,XAJ-Base,test,0.6170465289593735,0.6170465289593735,True
04216418,dPL-MLP,XAJ-TGD,train,0.7146037276125314,0.7146037276125314,True
04216418,dPL-MLP,XAJ-TGD,test,0.6560927811100339,0.6560927811100339,True
04216418,dPL-MLP,XAJ-CN,train,0.7974724472122536,0.7974724472122536,True
04216418,dPL-MLP,XAJ-CN,test,0.7527042199764318,0.7527042199764318,True
04221000,IC-CMA-ES,XAJ-Base,train,0.6803027581935712,0.6803027581935712,True
04221000,IC-CMA-ES,XAJ-Base,test,0.6919265469987593,0.6919265469987593,True
04221000,IC-CMA-ES,XAJ-TGD,train,0.7492583088588086,0.7492583088588086,True
04221000,IC-CMA-ES,XAJ-TGD,test,0.7265191668172526,0.7265191668172526,True
04221000,IC-CMA-ES,XAJ-CN,train,0.8736728924581628,0.8736728924581628,True
04221000,IC-CMA-ES,XAJ-CN,test,0.8476788574699158,0.8476788574699158,True
04221000,dPL-MLP,XAJ-Base,train,0.6696942896948325,0.6696942896948325,True
04221000,dPL-MLP,XAJ-Base,test,0.7068188757788627,0.7068188757788627,True
04221000,dPL-MLP,XAJ-TGD,train,0.7247552196374345,0.7247552196374345,True
04221000,dPL-MLP,XAJ-TGD,test,0.7498117167001375,0.7498117167001375,True
04221000,dPL-MLP,XAJ-CN,train,0.8493794693173347,0.8493794693173347,True
04221000,dPL-MLP,XAJ-CN,test,0.8276671548732158,0.8276671548732158,True
04224775,IC-CMA-ES,XAJ-Base,train,0.6172150461918584,0.6172150461918584,True
04224775,IC-CMA-ES,XAJ-Base,test,0.563267946702263,0.563267946702263,True
04224775,IC-CMA-ES,XAJ-TGD,train,0.72227677530545,0.72227677530545,True
04224775,IC-CMA-ES,XAJ-TGD,test,0.6449109604933192,0.6449109604933192,True
04224775,IC-CMA-ES,XAJ-CN,train,0.863352729297672,0.863352729297672,True
04224775,IC-CMA-ES,XAJ-CN,test,0.7799021131007127,0.7799021131007127,True
04224775,dPL-MLP,XAJ-Base,train,0.6098169157296294,0.6098169157296294,True
04224775,dPL-MLP,XAJ-Base,test,0.5728582951421812,0.5728582951421812,True
04224775,dPL-MLP,XAJ-TGD,train,0.6688093522683944,0.6688093522683944,True
04224775,dPL-MLP,XAJ-TGD,test,0.6182360204499872,0.6182360204499872,True
04224775,dPL-MLP,XAJ-CN,train,0.8477581734313687,0.8477581734313687,True
04224775,dPL-MLP,XAJ-CN,test,0.7904052517922459,0.7904052517922459,True
04233000,IC-CMA-ES,XAJ-Base,train,0.6558718853655082,0.6558718853655082,True
04233000,IC-CMA-ES,XAJ-Base,test,0.6214673377718488,0.6214673377718488,True
04233000,IC-CMA-ES,XAJ-TGD,train,0.7387098073530781,0.7387098073530781,True
04233000,IC-CMA-ES,XAJ-TGD,test,0.6773219808587192,0.6773219808587192,True
04233000,IC-CMA-ES,XAJ-CN,train,0.8814156502173691,0.8814156502173691,True
04233000,IC-CMA-ES,XAJ-CN,test,0.7498110928956292,0.7498110928956292,True
04233000,dPL-MLP,XAJ-Base,train,0.6454584315989,0.6454584315989,True
04233000,dPL-MLP,XAJ-Base,test,0.6023459215702048,0.6023459215702048,True
04233000,dPL-MLP,XAJ-TGD,train,0.7079998817392897,0.7079998817392897,True
04233000,dPL-MLP,XAJ-TGD,test,0.648215229337112,0.648215229337112,True
04233000,dPL-MLP,XAJ-CN,train,0.8406690956387416,0.8406690956387416,True
04233000,dPL-MLP,XAJ-CN,test,0.7261015273992166,0.7261015273992166,True
04256000,IC-CMA-ES,XAJ-Base,train,0.5864120738484886,0.5864120738484886,True
04256000,IC-CMA-ES,XAJ-Base,test,0.6238309402239999,0.6238309402239999,True
04256000,IC-CMA-ES,XAJ-TGD,train,0.7056257967228605,0.7056257967228605,True
04256000,IC-CMA-ES,XAJ-TGD,test,0.7248931545167305,0.7248931545167305,True
04256000,IC-CMA-ES,XAJ-CN,train,0.8424761944159974,0.8424761944159974,True
04256000,IC-CMA-ES,XAJ-CN,test,0.851085184629718,0.851085184629718,True
04256000,dPL-MLP,XAJ-Base,train,0.5822653599764357,0.5822653599764357,True
04256000,dPL-MLP,XAJ-Base,test,0.6287183723414993,0.6287183723414993,True
04256000,dPL-MLP,XAJ-TGD,train,0.6908114233594053,0.6908114233594053,True
04256000,dPL-MLP,XAJ-TGD,test,0.7321410859872415,0.7321410859872415,True
04256000,dPL-MLP,XAJ-CN,train,0.8167408984380842,0.8167408984380842,True
04256000,dPL-MLP,XAJ-CN,test,0.8359068921066712,0.8359068921066712,True
03010655,IC-CMA-ES,XAJ-Base,train,0.7030824730917544,0.7030824730917544,True
03010655,IC-CMA-ES,XAJ-Base,test,0.6826720355811896,0.6826720355811896,True
03010655,IC-CMA-ES,XAJ-TGD,train,0.7509557849777958,0.7509557849777958,True
03010655,IC-CMA-ES,XAJ-TGD,test,0.704178560653711,0.704178560653711,True
03010655,IC-CMA-ES,XAJ-CN,train,0.8521783860556398,0.8521783860556398,True
03010655,IC-CMA-ES,XAJ-CN,test,0.7804514974332128,0.7804514974332128,True
03010655,dPL-MLP,XAJ-Base,train,0.702610349484967,0.702610349484967,True
03010655,dPL-MLP,XAJ-Base,test,0.6755453743679606,0.6755453743679606,True
03010655,dPL-MLP,XAJ-TGD,train,0.7357041798547217,0.7357041798547217,True
03010655,dPL-MLP,XAJ-TGD,test,0.7239047803792057,0.7239047803792057,True
03010655,dPL-MLP,XAJ-CN,train,0.8328735291262096,0.8328735291262096,True
03010655,dPL-MLP,XAJ-CN,test,0.7219875315930556,0.7219875315930556,True
03011800,IC-CMA-ES,XAJ-Base,train,0.7151014137405693,0.7151014137405693,True
03011800,IC-CMA-ES,XAJ-Base,test,0.6462214073513675,0.6462214073513675,True
03011800,IC-CMA-ES,XAJ-TGD,train,0.7469136830226702,0.7469136830226702,True
03011800,IC-CMA-ES,XAJ-TGD,test,0.6848416886027873,0.6848416886027873,True
03011800,IC-CMA-ES,XAJ-CN,train,0.8222251709918065,0.8222251709918065,True
03011800,IC-CMA-ES,XAJ-CN,test,0.7410343272505202,0.7410343272505202,True
03011800,dPL-MLP,XAJ-Base,train,0.7031458023568407,0.7031458023568407,True
03011800,dPL-MLP,XAJ-Base,test,0.688031637784104,0.688031637784104,True
03011800,dPL-MLP,XAJ-TGD,train,0.727584741056734,0.727584741056734,True
03011800,dPL-MLP,XAJ-TGD,test,0.7327532579197549,0.7327532579197549,True
03011800,dPL-MLP,XAJ-CN,train,0.8018210660534313,0.8018210660534313,True
03011800,dPL-MLP,XAJ-CN,test,0.7115839695603232,0.7115839695603232,True
03015500,IC-CMA-ES,XAJ-Base,train,0.6889854708220033,0.6889854708220033,True
03015500,IC-CMA-ES,XAJ-Base,test,0.6782288706275703,0.6782288706275703,True
03015500,IC-CMA-ES,XAJ-TGD,train,0.7571645768356714,0.7571645768356714,True
03015500,IC-CMA-ES,XAJ-TGD,test,0.7291490557638363,0.7291490557638363,True
03015500,IC-CMA-ES,XAJ-CN,train,0.8372795928555079,0.8372795928555079,True
03015500,IC-CMA-ES,XAJ-CN,test,0.8359373155094516,0.8359373155094516,True
03015500,dPL-MLP,XAJ-Base,train,0.6839404173688339,0.6839404173688339,True
03015500,dPL-MLP,XAJ-Base,test,0.6818003301810857,0.6818003301810857,True
03015500,dPL-MLP,XAJ-TGD,train,0.7378412898319071,0.7378412898319071,True
03015500,dPL-MLP,XAJ-TGD,test,0.713624915111008,0.713624915111008,True
03015500,dPL-MLP,XAJ-CN,train,0.8248255093514816,0.8248255093514816,True
03015500,dPL-MLP,XAJ-CN,test,0.8233208988282767,0.8233208988282767,True
03021350,IC-CMA-ES,XAJ-Base,train,0.5812828767796929,0.5812828767796929,True
03021350,IC-CMA-ES,XAJ-Base,test,0.5820318188548903,0.5820318188548903,True
03021350,IC-CMA-ES,XAJ-TGD,train,0.6628318320926627,0.6628318320926627,True
03021350,IC-CMA-ES,XAJ-TGD,test,0.6360511544718903,0.6360511544718903,True
03021350,IC-CMA-ES,XAJ-CN,train,0.7719050618503648,0.7719050618503648,True
03021350,IC-CMA-ES,XAJ-CN,test,0.7460819502411061,0.7460819502411061,True
03021350,dPL-MLP,XAJ-Base,train,0.5706773438576367,0.5706773438576367,True
03021350,dPL-MLP,XAJ-Base,test,0.577886138879959,0.577886138879959,True
03021350,dPL-MLP,XAJ-TGD,train,0.6504159513165377,0.6504159513165377,True
03021350,dPL-MLP,XAJ-TGD,test,0.6064450105145205,0.6064450105145205,True
03021350,dPL-MLP,XAJ-CN,train,0.7559678857211456,0.7559678857211456,True
03021350,dPL-MLP,XAJ-CN,test,0.7361347873594,0.7361347873594,True
03026500,IC-CMA-ES,XAJ-Base,train,0.6764255047299699,0.6764255047299699,True
03026500,IC-CMA-ES,XAJ-Base,test,0.5834084420074714,0.5834084420074714,True
03026500,IC-CMA-ES,XAJ-TGD,train,0.7009664513677081,0.7009664513677081,True
03026500,IC-CMA-ES,XAJ-TGD,test,0.5985193567140112,0.5985193567140112,True
03026500,IC-CMA-ES,XAJ-CN,train,0.7799095628622116,0.7799095628622116,True
03026500,IC-CMA-ES,XAJ-CN,test,0.6707603554395183,0.6707603554395183,True
03026500,dPL-MLP,XAJ-Base,train,0.6548129569486647,0.6548129569486647,True
03026500,dPL-MLP,XAJ-Base,test,0.6384973631454751,0.6384973631454751,True
03026500,dPL-MLP,XAJ-TGD,train,0.6676858487190505,0.6676858487190505,True
03026500,dPL-MLP,XAJ-TGD,test,0.6887887237006356,0.6887887237006356,True
03026500,dPL-MLP,XAJ-CN,train,0.7497737436232088,0.7497737436232088,True
03026500,dPL-MLP,XAJ-CN,test,0.7041937509547089,0.7041937509547089,True
03028000,IC-CMA-ES,XAJ-Base,train,0.721670634555748,0.721670634555748,True
03028000,IC-CMA-ES,XAJ-Base,test,0.6762531081358429,0.6762531081358429,True
03028000,IC-CMA-ES,XAJ-TGD,train,0.7468154963850189,0.7468154963850189,True
03028000,IC-CMA-ES,XAJ-TGD,test,0.711712835238519,0.711712835238519,True
03028000,IC-CMA-ES,XAJ-CN,train,0.8616970426013567,0.8616970426013567,True
03028000,IC-CMA-ES,XAJ-CN,test,0.8233214259042176,0.8233214259042176,True
03028000,dPL-MLP,XAJ-Base,train,0.7059217280935088,0.7059217280935088,True
03028000,dPL-MLP,XAJ-Base,test,0.6859376928310934,0.6859376928310934,True
03028000,dPL-MLP,XAJ-TGD,train,0.7160373445782982,0.7160373445782982,True
03028000,dPL-MLP,XAJ-TGD,test,0.7086610033325244,0.7086610033325244,True
03028000,dPL-MLP,XAJ-CN,train,0.8316757352680109,0.8316757352680109,True
03028000,dPL-MLP,XAJ-CN,test,0.8120378520639235,0.8120378520639235,True
03049000,IC-CMA-ES,XAJ-Base,train,0.8001561093034474,0.8001561093034474,True
03049000,IC-CMA-ES,XAJ-Base,test,0.644905364436172,0.644905364436172,True
03049000,IC-CMA-ES,XAJ-TGD,train,0.8183731868152643,0.8183731868152643,True
03049000,IC-CMA-ES,XAJ-TGD,test,0.6429215537988608,0.6429215537988608,True
03049000,IC-CMA-ES,XAJ-CN,train,0.8375987036947743,0.8375987036947743,True
03049000,IC-CMA-ES,XAJ-CN,test,0.6939728885132358,0.6939728885132358,True
03049000,dPL-MLP,XAJ-Base,train,0.7843084592416784,0.7843084592416784,True
03049000,dPL-MLP,XAJ-Base,test,0.7076695481298698,0.7076695481298698,True
03049000,dPL-MLP,XAJ-TGD,train,0.8057769144763429,0.8057769144763429,True
03049000,dPL-MLP,XAJ-TGD,test,0.6870928727566584,0.6870928727566584,True
03049000,dPL-MLP,XAJ-CN,train,0.8175122521743143,0.8175122521743143,True
03049000,dPL-MLP,XAJ-CN,test,0.6271329630645149,0.6271329630645149,True
03049800,IC-CMA-ES,XAJ-Base,train,0.493837981701226,0.493837981701226,True
03049800,IC-CMA-ES,XAJ-Base,test,0.5470139978628132,0.5470139978628132,True
03049800,IC-CMA-ES,XAJ-TGD,train,0.520019343544607,0.520019343544607,True
03049800,IC-CMA-ES,XAJ-TGD,test,0.5829093102473115,0.5829093102473115,True
03049800,IC-CMA-ES,XAJ-CN,train,0.5248668509821612,0.5248668509821612,True
03049800,IC-CMA-ES,XAJ-CN,test,0.5947298328766281,0.5947298328766281,True
03049800,dPL-MLP,XAJ-Base,train,0.3920426433240906,0.3920426433240906,True
03049800,dPL-MLP,XAJ-Base,test,0.4732630437345521,0.4732630437345521,True
03049800,dPL-MLP,XAJ-TGD,train,0.4106849368343294,0.4106849368343294,True
03049800,dPL-MLP,XAJ-TGD,test,0.4987734360203759,0.4987734360203759,True
03049800,dPL-MLP,XAJ-CN,train,0.4200885420511725,0.4200885420511725,True
03049800,dPL-MLP,XAJ-CN,test,0.5057899547687134,0.5057899547687134,True
03050000,IC-CMA-ES,XAJ-Base,train,0.8274533043463168,0.8274533043463168,True
03050000,IC-CMA-ES,XAJ-Base,test,0.8171904998277659,0.8171904998277659,True
03050000,IC-CMA-ES,XAJ-TGD,train,0.8531086896646136,0.8531086896646136,True
03050000,IC-CMA-ES,XAJ-TGD,test,0.847025144947119,0.847025144947119,True
03050000,IC-CMA-ES,XAJ-CN,train,0.8337700522856197,0.8337700522856197,True
03050000,IC-CMA-ES,XAJ-CN,test,0.8352542686099038,0.8352542686099038,True
03050000,dPL-MLP,XAJ-Base,train,0.7759708213819082,0.7759708213819082,True
03050000,dPL-MLP,XAJ-Base,test,0.7980060087679628,0.7980060087679628,True
03050000,dPL-MLP,XAJ-TGD,train,0.7523516071989221,0.7523516071989221,True
03050000,dPL-MLP,XAJ-TGD,test,0.7709485478006672,0.7709485478006672,True
03050000,dPL-MLP,XAJ-CN,train,0.7674494133862659,0.7674494133862659,True
03050000,dPL-MLP,XAJ-CN,test,0.7967484232672453,0.7967484232672453,True
03069500,IC-CMA-ES,XAJ-Base,train,0.8349549590830122,0.8349549590830122,True
03069500,IC-CMA-ES,XAJ-Base,test,0.7761976098013038,0.7761976098013038,True
03069500,IC-CMA-ES,XAJ-TGD,train,0.8521773015892298,0.8521773015892298,True
03069500,IC-CMA-ES,XAJ-TGD,test,0.8113338157726722,0.8113338157726722,True
03069500,IC-CMA-ES,XAJ-CN,train,0.8975892908563748,0.8975892908563748,True
03069500,IC-CMA-ES,XAJ-CN,test,0.8693773756176363,0.8693773756176363,True
03069500,dPL-MLP,XAJ-Base,train,0.828573349794675,0.828573349794675,True
03069500,dPL-MLP,XAJ-Base,test,0.7736056298129104,0.7736056298129104,True
03069500,dPL-MLP,XAJ-TGD,train,0.8258462963998683,0.8258462963998683,True
03069500,dPL-MLP,XAJ-TGD,test,0.8111153047988027,0.8111153047988027,True
03069500,dPL-MLP,XAJ-CN,train,0.8824497732031009,0.8824497732031009,True
03069500,dPL-MLP,XAJ-CN,test,0.8424054123536662,0.8424054123536662,True
03070500,IC-CMA-ES,XAJ-Base,train,0.8066692039041689,0.8066692039041689,True
03070500,IC-CMA-ES,XAJ-Base,test,0.7697332887565054,0.7697332887565054,True
03070500,IC-CMA-ES,XAJ-TGD,train,0.8392037357413898,0.8392037357413898,True
03070500,IC-CMA-ES,XAJ-TGD,test,0.7938210159827954,0.7938210159827954,True
03070500,IC-CMA-ES,XAJ-CN,train,0.8702787515855865,0.8702787515855865,True
03070500,IC-CMA-ES,XAJ-CN,test,0.8459628716240409,0.8459628716240409,True
03070500,dPL-MLP,XAJ-Base,train,0.8044340536501268,0.8044340536501268,True
03070500,dPL-MLP,XAJ-Base,test,0.7692343425819584,0.7692343425819584,True
03070500,dPL-MLP,XAJ-TGD,train,0.8218610784054123,0.8218610784054123,True
03070500,dPL-MLP,XAJ-TGD,test,0.7751283821101077,0.7751283821101077,True
03070500,dPL-MLP,XAJ-CN,train,0.8535734565269725,0.8535734565269725,True
03070500,dPL-MLP,XAJ-CN,test,0.8233535820794368,0.8233535820794368,True
03076600,IC-CMA-ES,XAJ-Base,train,0.7185198398128403,0.7185198398128403,True
03076600,IC-CMA-ES,XAJ-Base,test,0.5426649310400937,0.5426649310400937,True
03076600,IC-CMA-ES,XAJ-TGD,train,0.8055634961387754,0.8055634961387754,True
03076600,IC-CMA-ES,XAJ-TGD,test,0.587985066644378,0.587985066644378,True
03076600,IC-CMA-ES,XAJ-CN,train,0.8583060637751805,0.8583060637751805,True
03076600,IC-CMA-ES,XAJ-CN,test,0.6442230592928673,0.6442230592928673,True
03076600,dPL-MLP,XAJ-Base,train,0.7126647107827533,0.7126647107827533,True
03076600,dPL-MLP,XAJ-Base,test,0.5609038708915113,0.5609038708915113,True
03076600,dPL-MLP,XAJ-TGD,train,0.7869477835415017,0.7869477835415017,True
03076600,dPL-MLP,XAJ-TGD,test,0.6243147464434453,0.6243147464434453,True
03076600,dPL-MLP,XAJ-CN,train,0.8338559536082799,0.8338559536082799,True
03076600,dPL-MLP,XAJ-CN,test,0.613728813827804,0.613728813827804,True
03078000,IC-CMA-ES,XAJ-Base,train,0.7039593719428585,0.7039593719428585,True
03078000,IC-CMA-ES,XAJ-Base,test,0.6483674202813843,0.6483674202813843,True
03078000,IC-CMA-ES,XAJ-TGD,train,0.786226967000159,0.786226967000159,True
03078000,IC-CMA-ES,XAJ-TGD,test,0.699662399924389,0.699662399924389,True
03078000,IC-CMA-ES,XAJ-CN,train,0.8725422264897817,0.8725422264897817,True
03078000,IC-CMA-ES,XAJ-CN,test,0.8100191787068907,0.8100191787068907,True
03078000,dPL-MLP,XAJ-Base,train,0.6911987007689995,0.6911987007689995,True
03078000,dPL-MLP,XAJ-Base,test,0.6529816208915932,0.6529816208915932,True
03078000,dPL-MLP,XAJ-TGD,train,0.7572091706768367,0.7572091706768367,True
03078000,dPL-MLP,XAJ-TGD,test,0.6806740690136853,0.6806740690136853,True
03078000,dPL-MLP,XAJ-CN,train,0.8462046438275994,0.8462046438275994,True
03078000,dPL-MLP,XAJ-CN,test,0.7902127134188022,0.7902127134188022,True
03140000,IC-CMA-ES,XAJ-Base,train,0.8253733933388551,0.8253733933388551,True
03140000,IC-CMA-ES,XAJ-Base,test,0.7326871911670254,0.7326871911670254,True
03140000,IC-CMA-ES,XAJ-TGD,train,0.8409601422058683,0.8409601422058683,True
03140000,IC-CMA-ES,XAJ-TGD,test,0.7591965882483611,0.7591965882483611,True
03140000,IC-CMA-ES,XAJ-CN,train,0.8486133910874841,0.8486133910874841,True
03140000,IC-CMA-ES,XAJ-CN,test,0.7423182698882951,0.7423182698882951,True
03140000,dPL-MLP,XAJ-Base,train,0.8087981413848961,0.8087981413848961,True
03140000,dPL-MLP,XAJ-Base,test,0.7728285149981837,0.7728285149981837,True
03140000,dPL-MLP,XAJ-TGD,train,0.8165635401472273,0.8165635401472273,True
03140000,dPL-MLP,XAJ-TGD,test,0.7751857368036883,0.7751857368036883,True
03140000,dPL-MLP,XAJ-CN,train,0.8356093296526245,0.8356093296526245,True
03140000,dPL-MLP,XAJ-CN,test,0.7053721514121711,0.7053721514121711,True
03144000,IC-CMA-ES,XAJ-Base,train,0.8531441211056419,0.8531441211056419,True
03144000,IC-CMA-ES,XAJ-Base,test,0.7954239599570365,0.7954239599570365,True
03144000,IC-CMA-ES,XAJ-TGD,train,0.8688878813823899,0.8688878813823899,True
03144000,IC-CMA-ES,XAJ-TGD,test,0.7786154641292866,0.7786154641292866,True
03144000,IC-CMA-ES,XAJ-CN,train,0.8666046905032998,0.8666046905032998,True
03144000,IC-CMA-ES,XAJ-CN,test,0.780254377218458,0.780254377218458,True
03144000,dPL-MLP,XAJ-Base,train,0.8450759520422149,0.8450759520422149,True
03144000,dPL-MLP,XAJ-Base,test,0.7829362801448861,0.7829362801448861,True
03144000,dPL-MLP,XAJ-TGD,train,0.8604130773354076,0.8604130773354076,True
03144000,dPL-MLP,XAJ-TGD,test,0.7475120735755088,0.7475120735755088,True
03144000,dPL-MLP,XAJ-CN,train,0.8658118694649528,0.8658118694649528,True
03144000,dPL-MLP,XAJ-CN,test,0.7894245019670527,0.7894245019670527,True
03170000,IC-CMA-ES,XAJ-Base,train,0.90887775677684,0.90887775677684,True
03170000,IC-CMA-ES,XAJ-Base,test,0.8046142250083963,0.8046142250083963,True
03170000,IC-CMA-ES,XAJ-TGD,train,0.921218191834855,0.921218191834855,True
03170000,IC-CMA-ES,XAJ-TGD,test,0.8325430333628044,0.8325430333628044,True
03170000,IC-CMA-ES,XAJ-CN,train,0.9256467783205012,0.9256467783205012,True
03170000,IC-CMA-ES,XAJ-CN,test,0.8304958722111192,0.8304958722111192,True
03170000,dPL-MLP,XAJ-Base,train,0.8953177446912132,0.8953177446912132,True
03170000,dPL-MLP,XAJ-Base,test,0.7905815607567147,0.7905815607567147,True
03170000,dPL-MLP,XAJ-TGD,train,0.9059461945998528,0.9059461945998528,True
03170000,dPL-MLP,XAJ-TGD,test,0.790042166705432,0.790042166705432,True
03170000,dPL-MLP,XAJ-CN,train,0.8959956028263346,0.8959956028263346,True
03170000,dPL-MLP,XAJ-CN,test,0.7825123048376762,0.7825123048376762,True
03173000,IC-CMA-ES,XAJ-Base,train,0.8228181475888393,0.8228181475888393,True
03173000,IC-CMA-ES,XAJ-Base,test,0.7389895493257905,0.7389895493257905,True
03173000,IC-CMA-ES,XAJ-TGD,train,0.8640272906909889,0.8640272906909889,True
03173000,IC-CMA-ES,XAJ-TGD,test,0.7978623096677108,0.7978623096677108,True
03173000,IC-CMA-ES,XAJ-CN,train,0.8932113337409625,0.8932113337409625,True
03173000,IC-CMA-ES,XAJ-CN,test,0.819997867024211,0.819997867024211,True
03173000,dPL-MLP,XAJ-Base,train,0.7953058390365626,0.7953058390365626,True
03173000,dPL-MLP,XAJ-Base,test,0.7478815197917168,0.7478815197917168,True
03173000,dPL-MLP,XAJ-TGD,train,0.8274474498547675,0.8274474498547675,True
03173000,dPL-MLP,XAJ-TGD,test,0.7690627766815774,0.7690627766815774,True
03173000,dPL-MLP,XAJ-CN,train,0.8686152158193826,0.8686152158193826,True
03173000,dPL-MLP,XAJ-CN,test,0.8004459214997287,0.8004459214997287,True
03180500,IC-CMA-ES,XAJ-Base,train,0.7845725434437641,0.7845725434437641,True
03180500,IC-CMA-ES,XAJ-Base,test,0.7414604112121757,0.7414604112121757,True
03180500,IC-CMA-ES,XAJ-TGD,train,0.8112274650558129,0.8112274650558129,True
03180500,IC-CMA-ES,XAJ-TGD,test,0.779668899749329,0.779668899749329,True
03180500,IC-CMA-ES,XAJ-CN,train,0.8686018296943083,0.8686018296943083,True
03180500,IC-CMA-ES,XAJ-CN,test,0.8536268805216828,0.8536268805216828,True
03180500,dPL-MLP,XAJ-Base,train,0.7701389867361988,0.7701389867361988,True
03180500,dPL-MLP,XAJ-Base,test,0.7494341647388645,0.7494341647388645,True
03180500,dPL-MLP,XAJ-TGD,train,0.7650652144634343,0.7650652144634343,True
03180500,dPL-MLP,XAJ-TGD,test,0.7581828843800074,0.7581828843800074,True
03180500,dPL-MLP,XAJ-CN,train,0.8512364342194914,0.8512364342194914,True
03180500,dPL-MLP,XAJ-CN,test,0.8381691910808461,0.8381691910808461,True
03182500,IC-CMA-ES,XAJ-Base,train,0.8488564967695504,0.8488564967695504,True
03182500,IC-CMA-ES,XAJ-Base,test,0.7837906593701721,0.7837906593701721,True
03182500,IC-CMA-ES,XAJ-TGD,train,0.8708778987737478,0.8708778987737478,True
03182500,IC-CMA-ES,XAJ-TGD,test,0.8092388150029128,0.8092388150029128,True
03182500,IC-CMA-ES,XAJ-CN,train,0.9134483065784575,0.9134483065784575,True
03182500,IC-CMA-ES,XAJ-CN,test,0.8500711469520659,0.8500711469520659,True
03182500,dPL-MLP,XAJ-Base,train,0.8376959441524214,0.8376959441524214,True
03182500,dPL-MLP,XAJ-Base,test,0.7869453268796147,0.7869453268796147,True
03182500,dPL-MLP,XAJ-TGD,train,0.8658580737249207,0.8658580737249207,True
03182500,dPL-MLP,XAJ-TGD,test,0.8084574129414757,0.8084574129414757,True
03182500,dPL-MLP,XAJ-CN,train,0.9018342385838176,0.9018342385838176,True
03182500,dPL-MLP,XAJ-CN,test,0.8564248924578419,0.8564248924578419,True
03186500,IC-CMA-ES,XAJ-Base,train,0.7491371240907445,0.7491371240907445,True
03186500,IC-CMA-ES,XAJ-Base,test,0.6755905628193527,0.6755905628193527,True
03186500,IC-CMA-ES,XAJ-TGD,train,0.7944101148225435,0.7944101148225435,True
03186500,IC-CMA-ES,XAJ-TGD,test,0.7024371871514712,0.7024371871514712,True
03186500,IC-CMA-ES,XAJ-CN,train,0.8452624161341581,0.8452624161341581,True
03186500,IC-CMA-ES,XAJ-CN,test,0.7822697687305675,0.7822697687305675,True
03186500,dPL-MLP,XAJ-Base,train,0.7592637287261915,0.7592637287261915,True
03186500,dPL-MLP,XAJ-Base,test,0.6869122840078574,0.6869122840078574,True
03186500,dPL-MLP,XAJ-TGD,train,0.7785018589951694,0.7785018589951694,True
03186500,dPL-MLP,XAJ-TGD,test,0.7017012077405163,0.7017012077405163,True
03186500,dPL-MLP,XAJ-CN,train,0.8223973529245303,0.8223973529245303,True
03186500,dPL-MLP,XAJ-CN,test,0.7644251125068586,0.7644251125068586,True
03237280,IC-CMA-ES,XAJ-Base,train,0.6402921807822131,0.6402921807822131,True
03237280,IC-CMA-ES,XAJ-Base,test,0.6341280167834447,0.6341280167834447,True
03237280,IC-CMA-ES,XAJ-TGD,train,0.6866740437658236,0.6866740437658236,True
03237280,IC-CMA-ES,XAJ-TGD,test,0.65033854186703,0.65033854186703,True
03237280,IC-CMA-ES,XAJ-CN,train,0.6705141717806242,0.6705141717806242,True
03237280,IC-CMA-ES,XAJ-CN,test,0.6512876595076116,0.6512876595076116,True
03237280,dPL-MLP,XAJ-Base,train,0.6247434483571075,0.6247434483571075,True
03237280,dPL-MLP,XAJ-Base,test,0.6260541296545798,0.6260541296545798,True
03237280,dPL-MLP,XAJ-TGD,train,0.6485888805142217,0.6485888805142217,True
03237280,dPL-MLP,XAJ-TGD,test,0.6544500325215681,0.6544500325215681,True
03237280,dPL-MLP,XAJ-CN,train,0.6043103745433668,0.6043103745433668,True
03237280,dPL-MLP,XAJ-CN,test,0.5766407057857939,0.5766407057857939,True
03237500,IC-CMA-ES,XAJ-Base,train,0.8409261425458294,0.8409261425458294,True
03237500,IC-CMA-ES,XAJ-Base,test,0.8422830661330843,0.8422830661330843,True
03237500,IC-CMA-ES,XAJ-TGD,train,0.858984513358189,0.858984513358189,True
03237500,IC-CMA-ES,XAJ-TGD,test,0.8585172064227726,0.8585172064227726,True
03237500,IC-CMA-ES,XAJ-CN,train,0.8581466069112427,0.8581466069112427,True
03237500,IC-CMA-ES,XAJ-CN,test,0.8653440890494914,0.8653440890494914,True
03237500,dPL-MLP,XAJ-Base,train,0.8383346553107897,0.8383346553107897,True
03237500,dPL-MLP,XAJ-Base,test,0.8437663266801594,0.8437663266801594,True
03237500,dPL-MLP,XAJ-TGD,train,0.8435092132213606,0.8435092132213606,True
03237500,dPL-MLP,XAJ-TGD,test,0.8412171089056485,0.8412171089056485,True
03237500,dPL-MLP,XAJ-CN,train,0.8456712457161281,0.8456712457161281,True
03237500,dPL-MLP,XAJ-CN,test,0.8331646021795824,0.8331646021795824,True
03238500,IC-CMA-ES,XAJ-Base,train,0.8586279757165353,0.8586279757165353,True
03238500,IC-CMA-ES,XAJ-Base,test,0.8456120265394055,0.8456120265394055,True
03238500,IC-CMA-ES,XAJ-TGD,train,0.8753442015214147,0.8753442015214147,True
03238500,IC-CMA-ES,XAJ-TGD,test,0.8575667703708965,0.8575667703708965,True
03238500,IC-CMA-ES,XAJ-CN,train,0.8749140649265396,0.8749140649265396,True
03238500,IC-CMA-ES,XAJ-CN,test,0.8434991417282394,0.8434991417282394,True
03238500,dPL-MLP,XAJ-Base,train,0.858720300602605,0.858720300602605,True
03238500,dPL-MLP,XAJ-Base,test,0.84505104673816,0.84505104673816,True
03238500,dPL-MLP,XAJ-TGD,train,0.8723814161748514,0.8723814161748514,True
03238500,dPL-MLP,XAJ-TGD,test,0.8587308302674541,0.8587308302674541,True
03238500,dPL-MLP,XAJ-CN,train,0.8644626388433385,0.8644626388433385,True
03238500,dPL-MLP,XAJ-CN,test,0.8413648806056115,0.8413648806056115,True
03241500,IC-CMA-ES,XAJ-Base,train,0.8560117481115177,0.8560117481115177,True
03241500,IC-CMA-ES,XAJ-Base,test,0.8162951477174897,0.8162951477174897,True
03241500,IC-CMA-ES,XAJ-TGD,train,0.8553578578575617,0.8553578578575617,True
03241500,IC-CMA-ES,XAJ-TGD,test,0.8216966069780126,0.8216966069780126,True
03241500,IC-CMA-ES,XAJ-CN,train,0.8753148840525611,0.8753148840525611,True
03241500,IC-CMA-ES,XAJ-CN,test,0.8395366637514847,0.8395366637514847,True
03241500,dPL-MLP,XAJ-Base,train,0.8432936608993447,0.8432936608993447,True
03241500,dPL-MLP,XAJ-Base,test,0.8413336073064961,0.8413336073064961,True
03241500,dPL-MLP,XAJ-TGD,train,0.8301174138784126,0.8301174138784126,True
03241500,dPL-MLP,XAJ-TGD,test,0.8551072969608675,0.8551072969608675,True
03241500,dPL-MLP,XAJ-CN,train,0.8364751402395703,0.8364751402395703,True
03241500,dPL-MLP,XAJ-CN,test,0.8489164135831251,0.8489164135831251,True
03280700,IC-CMA-ES,XAJ-Base,train,0.7991356767463609,0.7991356767463609,True
03280700,IC-CMA-ES,XAJ-Base,test,0.7552389512593309,0.7552389512593309,True
03280700,IC-CMA-ES,XAJ-TGD,train,0.8163500074443206,0.8163500074443206,True
03280700,IC-CMA-ES,XAJ-TGD,test,0.7776063817820301,0.7776063817820301,True
03280700,IC-CMA-ES,XAJ-CN,train,0.8017972251098213,0.8017972251098213,True
03280700,IC-CMA-ES,XAJ-CN,test,0.7660660298980401,0.7660660298980401,True
03280700,dPL-MLP,XAJ-Base,train,0.7699465185615558,0.7699465185615558,True
03280700,dPL-MLP,XAJ-Base,test,0.7525485222271027,0.7525485222271027,True
03280700,dPL-MLP,XAJ-TGD,train,0.7980145217164062,0.7980145217164062,True
03280700,dPL-MLP,XAJ-TGD,test,0.7610123766728196,0.7610123766728196,True
03280700,dPL-MLP,XAJ-CN,train,0.7438764906956468,0.7438764906956468,True
03280700,dPL-MLP,XAJ-CN,test,0.7312682367814523,0.7312682367814523,True
03281500,IC-CMA-ES,XAJ-Base,train,0.9112123234609502,0.9112123234609502,True
03281500,IC-CMA-ES,XAJ-Base,test,0.8867465131285976,0.8867465131285976,True
03281500,IC-CMA-ES,XAJ-TGD,train,0.9205837903057136,0.9205837903057136,True
03281500,IC-CMA-ES,XAJ-TGD,test,0.8932869199009409,0.8932869199009409,True
03281500,IC-CMA-ES,XAJ-CN,train,0.9172918961294952,0.9172918961294952,True
03281500,IC-CMA-ES,XAJ-CN,test,0.8996848088911341,0.8996848088911341,True
03281500,dPL-MLP,XAJ-Base,train,0.9092648801661892,0.9092648801661892,True
03281500,dPL-MLP,XAJ-Base,test,0.8755388700681613,0.8755388700681613,True
03281500,dPL-MLP,XAJ-TGD,train,0.9184502970812032,0.9184502970812032,True
03281500,dPL-MLP,XAJ-TGD,test,0.8853909378590946,0.8853909378590946,True
03281500,dPL-MLP,XAJ-CN,train,0.8899658526224128,0.8899658526224128,True
03281500,dPL-MLP,XAJ-CN,test,0.8674097595397362,0.8674097595397362,True
03285000,IC-CMA-ES,XAJ-Base,train,0.9189194818111714,0.9189194818111714,True
03285000,IC-CMA-ES,XAJ-Base,test,0.8468373191802977,0.8468373191802977,True
03285000,IC-CMA-ES,XAJ-TGD,train,0.9196805903742256,0.9196805903742256,True
03285000,IC-CMA-ES,XAJ-TGD,test,0.8478951187069277,0.8478951187069277,True
03285000,IC-CMA-ES,XAJ-CN,train,0.8977117863935369,0.8977117863935369,True
03285000,IC-CMA-ES,XAJ-CN,test,0.8314882195516926,0.8314882195516926,True
03285000,dPL-MLP,XAJ-Base,train,0.9022198774532152,0.9022198774532152,True
03285000,dPL-MLP,XAJ-Base,test,0.825749081586656,0.825749081586656,True
03285000,dPL-MLP,XAJ-TGD,train,0.8730814609779098,0.8730814609779098,True
03285000,dPL-MLP,XAJ-TGD,test,0.8013496146544115,0.8013496146544115,True
03285000,dPL-MLP,XAJ-CN,train,0.8868834252026215,0.8868834252026215,True
03285000,dPL-MLP,XAJ-CN,test,0.8160173405614706,0.8160173405614706,True
03291780,IC-CMA-ES,XAJ-Base,train,0.8099086783568655,0.8099086783568655,True
03291780,IC-CMA-ES,XAJ-Base,test,0.7894173900360762,0.7894173900360762,True
03291780,IC-CMA-ES,XAJ-TGD,train,0.8143369184147471,0.8143369184147471,True
03291780,IC-CMA-ES,XAJ-TGD,test,0.7917545897978839,0.7917545897978839,True
03291780,IC-CMA-ES,XAJ-CN,train,0.8294103103616227,0.8294103103616227,True
03291780,IC-CMA-ES,XAJ-CN,test,0.8043533420040361,0.8043533420040361,True
03291780,dPL-MLP,XAJ-Base,train,0.7842259219363783,0.7842259219363783,True
03291780,dPL-MLP,XAJ-Base,test,0.7682280919274608,0.7682280919274608,True
03291780,dPL-MLP,XAJ-TGD,train,0.8018650588550842,0.8018650588550842,True
03291780,dPL-MLP,XAJ-TGD,test,0.7892585248816844,0.7892585248816844,True
03291780,dPL-MLP,XAJ-CN,train,0.8155079764965487,0.8155079764965487,True
03291780,dPL-MLP,XAJ-CN,test,0.7911557826713995,0.7911557826713995,True
03338780,IC-CMA-ES,XAJ-Base,train,0.9148544584456764,0.9148544584456764,True
03338780,IC-CMA-ES,XAJ-Base,test,0.7409187657138169,0.7409187657138169,True
03338780,IC-CMA-ES,XAJ-TGD,train,0.9194804755593566,0.9194804755593566,True
03338780,IC-CMA-ES,XAJ-TGD,test,0.7583435026059182,0.7583435026059182,True
03338780,IC-CMA-ES,XAJ-CN,train,0.9145154914215162,0.9145154914215162,True
03338780,IC-CMA-ES,XAJ-CN,test,0.7312486597377537,0.7312486597377537,True
03338780,dPL-MLP,XAJ-Base,train,0.8775910653441865,0.8775910653441865,True
03338780,dPL-MLP,XAJ-Base,test,0.8392499381503354,0.8392499381503354,True
03338780,dPL-MLP,XAJ-TGD,train,0.8340325039645103,0.8340325039645103,True
03338780,dPL-MLP,XAJ-TGD,test,0.865410748086104,0.865410748086104,True
03338780,dPL-MLP,XAJ-CN,train,0.8430030387544546,0.8430030387544546,True
03338780,dPL-MLP,XAJ-CN,test,0.8526409889763165,0.8526409889763165,True
03340800,IC-CMA-ES,XAJ-Base,train,0.809773613301547,0.809773613301547,True
03340800,IC-CMA-ES,XAJ-Base,test,0.8154488530558206,0.8154488530558206,True
03340800,IC-CMA-ES,XAJ-TGD,train,0.8258585228427766,0.8258585228427766,True
03340800,IC-CMA-ES,XAJ-TGD,test,0.8143203670733358,0.8143203670733358,True
03340800,IC-CMA-ES,XAJ-CN,train,0.8620760224643496,0.8620760224643496,True
03340800,IC-CMA-ES,XAJ-CN,test,0.8224416951513486,0.8224416951513486,True
03340800,dPL-MLP,XAJ-Base,train,0.7917571664374352,0.7917571664374352,True
03340800,dPL-MLP,XAJ-Base,test,0.8435684734769707,0.8435684734769707,True
03340800,dPL-MLP,XAJ-TGD,train,0.8037818467146178,0.8037818467146178,True
03340800,dPL-MLP,XAJ-TGD,test,0.8666291169989749,0.8666291169989749,True
03340800,dPL-MLP,XAJ-CN,train,0.8172522979578088,0.8172522979578088,True
03340800,dPL-MLP,XAJ-CN,test,0.822065651902852,0.822065651902852,True
03346000,IC-CMA-ES,XAJ-Base,train,0.8750255660741223,0.8750255660741223,True
03346000,IC-CMA-ES,XAJ-Base,test,0.869331059743649,0.869331059743649,True
03346000,IC-CMA-ES,XAJ-TGD,train,0.8615195232447067,0.8615195232447067,True
03346000,IC-CMA-ES,XAJ-TGD,test,0.8681269529584246,0.8681269529584246,True
03346000,IC-CMA-ES,XAJ-CN,train,0.8730343801302993,0.8730343801302993,True
03346000,IC-CMA-ES,XAJ-CN,test,0.859739760404598,0.859739760404598,True
03346000,dPL-MLP,XAJ-Base,train,0.8575638930799883,0.8575638930799883,True
03346000,dPL-MLP,XAJ-Base,test,0.8644400835591377,0.8644400835591377,True
03346000,dPL-MLP,XAJ-TGD,train,0.8669711381196116,0.8669711381196116,True
03346000,dPL-MLP,XAJ-TGD,test,0.8716930851025343,0.8716930851025343,True
03346000,dPL-MLP,XAJ-CN,train,0.8714474494076261,0.8714474494076261,True
03346000,dPL-MLP,XAJ-CN,test,0.8628301303067781,0.8628301303067781,True
03364500,IC-CMA-ES,XAJ-Base,train,0.8637496044013344,0.8637496044013344,True
03364500,IC-CMA-ES,XAJ-Base,test,0.7943932731041485,0.7943932731041485,True
03364500,IC-CMA-ES,XAJ-TGD,train,0.8717656795179689,0.8717656795179689,True
03364500,IC-CMA-ES,XAJ-TGD,test,0.8038430646804093,0.8038430646804093,True
03364500,IC-CMA-ES,XAJ-CN,train,0.8913610263952157,0.8913610263952157,True
03364500,IC-CMA-ES,XAJ-CN,test,0.7993623948205911,0.7993623948205911,True
03364500,dPL-MLP,XAJ-Base,train,0.85490937816844,0.85490937816844,True
03364500,dPL-MLP,XAJ-Base,test,0.7986795016277504,0.7986795016277504,True
03364500,dPL-MLP,XAJ-TGD,train,0.8473546462542255,0.8473546462542255,True
03364500,dPL-MLP,XAJ-TGD,test,0.8137749745436587,0.8137749745436587,True
03364500,dPL-MLP,XAJ-CN,train,0.8694021903243703,0.8694021903243703,True
03364500,dPL-MLP,XAJ-CN,test,0.7994015623031118,0.7994015623031118,True
03366500,IC-CMA-ES,XAJ-Base,train,0.896911715687811,0.896911715687811,True
03366500,IC-CMA-ES,XAJ-Base,test,0.8633271907585844,0.8633271907585844,True
03366500,IC-CMA-ES,XAJ-TGD,train,0.9027452784763011,0.9027452784763011,True
03366500,IC-CMA-ES,XAJ-TGD,test,0.8607638820424856,0.8607638820424856,True
03366500,IC-CMA-ES,XAJ-CN,train,0.9059569381414004,0.9059569381414004,True
03366500,IC-CMA-ES,XAJ-CN,test,0.8684221253023281,0.8684221253023281,True
03366500,dPL-MLP,XAJ-Base,train,0.8700364383619883,0.8700364383619883,True
03366500,dPL-MLP,XAJ-Base,test,0.8824785148219778,0.8824785148219778,True
03366500,dPL-MLP,XAJ-TGD,train,0.8841963612023436,0.8841963612023436,True
03366500,dPL-MLP,XAJ-TGD,test,0.8754025392359552,0.8754025392359552,True
03366500,dPL-MLP,XAJ-CN,train,0.8719939639334193,0.8719939639334193,True
03366500,dPL-MLP,XAJ-CN,test,0.8709074639985647,0.8709074639985647,True
03368000,IC-CMA-ES,XAJ-Base,train,0.7286149865499967,0.7286149865499967,True
03368000,IC-CMA-ES,XAJ-Base,test,0.7082089746698914,0.7082089746698914,True
03368000,IC-CMA-ES,XAJ-TGD,train,0.7401100599784572,0.7401100599784572,True
03368000,IC-CMA-ES,XAJ-TGD,test,0.7263571990350531,0.7263571990350531,True
03368000,IC-CMA-ES,XAJ-CN,train,0.750751910476712,0.750751910476712,True
03368000,IC-CMA-ES,XAJ-CN,test,0.7349140085528014,0.7349140085528014,True
03368000,dPL-MLP,XAJ-Base,train,0.7123241293466895,0.7123241293466895,True
03368000,dPL-MLP,XAJ-Base,test,0.7205379884657857,0.7205379884657857,True
03368000,dPL-MLP,XAJ-TGD,train,0.7069841955263189,0.7069841955263189,True
03368000,dPL-MLP,XAJ-TGD,test,0.7360038556001899,0.7360038556001899,True
03368000,dPL-MLP,XAJ-CN,train,0.7292849112921422,0.7292849112921422,True
03368000,dPL-MLP,XAJ-CN,test,0.7411938599984782,0.7411938599984782,True
03384450,IC-CMA-ES,XAJ-Base,train,0.8485083420701426,0.8485083420701426,True
03384450,IC-CMA-ES,XAJ-Base,test,0.7544909575936375,0.7544909575936375,True
03384450,IC-CMA-ES,XAJ-TGD,train,0.8274227130627115,0.8274227130627115,True
03384450,IC-CMA-ES,XAJ-TGD,test,0.767845071928668,0.767845071928668,True
03384450,IC-CMA-ES,XAJ-CN,train,0.8498962222955578,0.8498962222955578,True
03384450,IC-CMA-ES,XAJ-CN,test,0.7601736896594522,0.7601736896594522,True
03384450,dPL-MLP,XAJ-Base,train,0.8362978286706924,0.8362978286706924,True
03384450,dPL-MLP,XAJ-Base,test,0.7710762300490003,0.7710762300490003,True
03384450,dPL-MLP,XAJ-TGD,train,0.8364353496771053,0.8364353496771053,True
03384450,dPL-MLP,XAJ-TGD,test,0.7857108684489631,0.7857108684489631,True
03384450,dPL-MLP,XAJ-CN,train,0.8295416199651648,0.8295416199651648,True
03384450,dPL-MLP,XAJ-CN,test,0.7856104262312396,0.7856104262312396,True
03439000,IC-CMA-ES,XAJ-Base,train,0.907296840579579,0.907296840579579,True
03439000,IC-CMA-ES,XAJ-Base,test,0.8253760111161232,0.8253760111161232,True
03439000,IC-CMA-ES,XAJ-TGD,train,0.9110882990196638,0.9110882990196638,True
03439000,IC-CMA-ES,XAJ-TGD,test,0.8363656507228003,0.8363656507228003,True
03439000,IC-CMA-ES,XAJ-CN,train,0.913655141847557,0.913655141847557,True
03439000,IC-CMA-ES,XAJ-CN,test,0.8099562972379685,0.8099562972379685,True
03439000,dPL-MLP,XAJ-Base,train,0.899369953439817,0.899369953439817,True
03439000,dPL-MLP,XAJ-Base,test,0.8490563841479217,0.8490563841479217,True
03439000,dPL-MLP,XAJ-TGD,train,0.8929781321719635,0.8929781321719635,True
03439000,dPL-MLP,XAJ-TGD,test,0.8602754410228304,0.8602754410228304,True
03439000,dPL-MLP,XAJ-CN,train,0.8985164447799191,0.8985164447799191,True
03439000,dPL-MLP,XAJ-CN,test,0.842844208968441,0.842844208968441,True
03455500,IC-CMA-ES,XAJ-Base,train,0.8161676427070184,0.8161676427070184,True
03455500,IC-CMA-ES,XAJ-Base,test,0.707089402797809,0.707089402797809,True
03455500,IC-CMA-ES,XAJ-TGD,train,0.8227308994956095,0.8227308994956095,True
03455500,IC-CMA-ES,XAJ-TGD,test,0.7448923382542603,0.7448923382542603,True
03455500,IC-CMA-ES,XAJ-CN,train,0.821813442808226,0.821813442808226,True
03455500,IC-CMA-ES,XAJ-CN,test,0.736045758169964,0.736045758169964,True
03455500,dPL-MLP,XAJ-Base,train,0.8091172784734164,0.8091172784734164,True
03455500,dPL-MLP,XAJ-Base,test,0.7411636612142014,0.7411636612142014,True
03455500,dPL-MLP,XAJ-TGD,train,0.78735529324764,0.78735529324764,True
03455500,dPL-MLP,XAJ-TGD,test,0.774293616169794,0.774293616169794,True
03455500,dPL-MLP,XAJ-CN,train,0.8127371370865049,0.8127371370865049,True
03455500,dPL-MLP,XAJ-CN,test,0.7561274362397603,0.7561274362397603,True
03456500,IC-CMA-ES,XAJ-Base,train,0.8453770382020576,0.8453770382020576,True
03456500,IC-CMA-ES,XAJ-Base,test,0.8513069323439808,0.8513069323439808,True
03456500,IC-CMA-ES,XAJ-TGD,train,0.8535141445288144,0.8535141445288144,True
03456500,IC-CMA-ES,XAJ-TGD,test,0.8481637937869114,0.8481637937869114,True
03456500,IC-CMA-ES,XAJ-CN,train,0.8671131966813249,0.8671131966813249,True
03456500,IC-CMA-ES,XAJ-CN,test,0.840408099702114,0.840408099702114,True
03456500,dPL-MLP,XAJ-Base,train,0.7956590328282869,0.7956590328282869,True
03456500,dPL-MLP,XAJ-Base,test,0.7972152377806465,0.7972152377806465,True
03456500,dPL-MLP,XAJ-TGD,train,0.764286302942119,0.764286302942119,True
03456500,dPL-MLP,XAJ-TGD,test,0.7523825874766885,0.7523825874766885,True
03456500,dPL-MLP,XAJ-CN,train,0.7959253953434686,0.7959253953434686,True
03456500,dPL-MLP,XAJ-CN,test,0.7499168638410811,0.7499168638410811,True
03460000,IC-CMA-ES,XAJ-Base,train,0.8925016098631973,0.8925016098631973,True
03460000,IC-CMA-ES,XAJ-Base,test,0.8107497018269938,0.8107497018269938,True
03460000,IC-CMA-ES,XAJ-TGD,train,0.8997961171478787,0.8997961171478787,True
03460000,IC-CMA-ES,XAJ-TGD,test,0.8148964204047849,0.8148964204047849,True
03460000,IC-CMA-ES,XAJ-CN,train,0.9002357930503462,0.9002357930503462,True
03460000,IC-CMA-ES,XAJ-CN,test,0.8281959000827415,0.8281959000827415,True
03460000,dPL-MLP,XAJ-Base,train,0.8752841544539549,0.8752841544539549,True
03460000,dPL-MLP,XAJ-Base,test,0.8405009586423469,0.8405009586423469,True
03460000,dPL-MLP,XAJ-TGD,train,0.8769615444478868,0.8769615444478868,True
03460000,dPL-MLP,XAJ-TGD,test,0.8533467565416647,0.8533467565416647,True
03460000,dPL-MLP,XAJ-CN,train,0.8721298129506041,0.8721298129506041,True
03460000,dPL-MLP,XAJ-CN,test,0.8468767141181015,0.8468767141181015,True
03463300,IC-CMA-ES,XAJ-Base,train,0.8964168683412922,0.8964168683412922,True
03463300,IC-CMA-ES,XAJ-Base,test,0.788988659972153,0.788988659972153,True
03463300,IC-CMA-ES,XAJ-TGD,train,0.9088164086701837,0.9088164086701837,True
03463300,IC-CMA-ES,XAJ-TGD,test,0.7912226200488894,0.7912226200488894,True
03463300,IC-CMA-ES,XAJ-CN,train,0.9178723085998164,0.9178723085998164,True
03463300,IC-CMA-ES,XAJ-CN,test,0.7816553188333353,0.7816553188333353,True
03463300,dPL-MLP,XAJ-Base,train,0.8474716461650811,0.8474716461650811,True
03463300,dPL-MLP,XAJ-Base,test,0.7876566916433885,0.7876566916433885,True
03463300,dPL-MLP,XAJ-TGD,train,0.8463295066657236,0.8463295066657236,True
03463300,dPL-MLP,XAJ-TGD,test,0.8076128737372156,0.8076128737372156,True
03463300,dPL-MLP,XAJ-CN,train,0.9066396041122392,0.9066396041122392,True
03463300,dPL-MLP,XAJ-CN,test,0.7760280855474091,0.7760280855474091,True
03471500,IC-CMA-ES,XAJ-Base,train,0.8401109217516685,0.8401109217516685,True
03471500,IC-CMA-ES,XAJ-Base,test,0.5477397952184393,0.5477397952184393,True
03471500,IC-CMA-ES,XAJ-TGD,train,0.8516874158887646,0.8516874158887646,True
03471500,IC-CMA-ES,XAJ-TGD,test,0.5649523199966073,0.5649523199966073,True
03471500,IC-CMA-ES,XAJ-CN,train,0.8574686512830186,0.8574686512830186,True
03471500,IC-CMA-ES,XAJ-CN,test,0.5577738548182135,0.5577738548182135,True
03471500,dPL-MLP,XAJ-Base,train,0.8199018647739025,0.8199018647739025,True
03471500,dPL-MLP,XAJ-Base,test,0.5775500010805223,0.5775500010805223,True
03471500,dPL-MLP,XAJ-TGD,train,0.8357330661491734,0.8357330661491734,True
03471500,dPL-MLP,XAJ-TGD,test,0.5894077435671312,0.5894077435671312,True
03471500,dPL-MLP,XAJ-CN,train,0.8307352316253974,0.8307352316253974,True
03471500,dPL-MLP,XAJ-CN,test,0.5020644942023911,0.5020644942023911,True
03473000,IC-CMA-ES,XAJ-Base,train,0.8576534544989256,0.8576534544989256,True
03473000,IC-CMA-ES,XAJ-Base,test,0.6967085123631893,0.6967085123631893,True
03473000,IC-CMA-ES,XAJ-TGD,train,0.8640798661615143,0.8640798661615143,True
03473000,IC-CMA-ES,XAJ-TGD,test,0.6950735389512374,0.6950735389512374,True
03473000,IC-CMA-ES,XAJ-CN,train,0.8626647433638915,0.8626647433638915,True
03473000,IC-CMA-ES,XAJ-CN,test,0.7036825724919734,0.7036825724919734,True
03473000,dPL-MLP,XAJ-Base,train,0.8442977761231022,0.8442977761231022,True
03473000,dPL-MLP,XAJ-Base,test,0.7226304213886717,0.7226304213886717,True
03473000,dPL-MLP,XAJ-TGD,train,0.8371866114418649,0.8371866114418649,True
03473000,dPL-MLP,XAJ-TGD,test,0.7248948293123139,0.7248948293123139,True
03473000,dPL-MLP,XAJ-CN,train,0.8369101228933428,0.8369101228933428,True
03473000,dPL-MLP,XAJ-CN,test,0.715028589769322,0.715028589769322,True
03479000,IC-CMA-ES,XAJ-Base,train,0.8154926987307225,0.8154926987307225,True
03479000,IC-CMA-ES,XAJ-Base,test,0.7780189597577959,0.7780189597577959,True
03479000,IC-CMA-ES,XAJ-TGD,train,0.8359809197892092,0.8359809197892092,True
03479000,IC-CMA-ES,XAJ-TGD,test,0.7755030748735592,0.7755030748735592,True
03479000,IC-CMA-ES,XAJ-CN,train,0.8365798224108164,0.8365798224108164,True
03479000,IC-CMA-ES,XAJ-CN,test,0.777895975100771,0.777895975100771,True
03479000,dPL-MLP,XAJ-Base,train,0.7810503298104219,0.7810503298104219,True
03479000,dPL-MLP,XAJ-Base,test,0.8139023352079369,0.8139023352079369,True
03479000,dPL-MLP,XAJ-TGD,train,0.7560464102095915,0.7560464102095915,True
03479000,dPL-MLP,XAJ-TGD,test,0.7991163390409706,0.7991163390409706,True
03479000,dPL-MLP,XAJ-CN,train,0.8133269509316218,0.8133269509316218,True
03479000,dPL-MLP,XAJ-CN,test,0.8079269377097633,0.8079269377097633,True
03488000,IC-CMA-ES,XAJ-Base,train,0.8511790760445241,0.8511790760445241,True
03488000,IC-CMA-ES,XAJ-Base,test,0.7713466840319021,0.7713466840319021,True
03488000,IC-CMA-ES,XAJ-TGD,train,0.8758536124505691,0.8758536124505691,True
03488000,IC-CMA-ES,XAJ-TGD,test,0.7934825358700321,0.7934825358700321,True
03488000,IC-CMA-ES,XAJ-CN,train,0.8782061911895384,0.8782061911895384,True
03488000,IC-CMA-ES,XAJ-CN,test,0.7944128972307991,0.7944128972307991,True
03488000,dPL-MLP,XAJ-Base,train,0.8406149677949672,0.8406149677949672,True
03488000,dPL-MLP,XAJ-Base,test,0.7695304250034944,0.7695304250034944,True
03488000,dPL-MLP,XAJ-TGD,train,0.8605689821842063,0.8605689821842063,True
03488000,dPL-MLP,XAJ-TGD,test,0.7776833022171843,0.7776833022171843,True
03488000,dPL-MLP,XAJ-CN,train,0.8619684614032773,0.8619684614032773,True
03488000,dPL-MLP,XAJ-CN,test,0.7689241324177467,0.7689241324177467,True
03498500,IC-CMA-ES,XAJ-Base,train,0.9248836230682738,0.9248836230682738,True
03498500,IC-CMA-ES,XAJ-Base,test,0.870636973739993,0.870636973739993,True
03498500,IC-CMA-ES,XAJ-TGD,train,0.9262440743554246,0.9262440743554246,True
03498500,IC-CMA-ES,XAJ-TGD,test,0.8733059354792483,0.8733059354792483,True
03498500,IC-CMA-ES,XAJ-CN,train,0.9181386624623696,0.9181386624623696,True
03498500,IC-CMA-ES,XAJ-CN,test,0.8575662980598896,0.8575662980598896,True
03498500,dPL-MLP,XAJ-Base,train,0.8370960447749898,0.8370960447749898,True
03498500,dPL-MLP,XAJ-Base,test,0.8590416340463845,0.8590416340463845,True
03498500,dPL-MLP,XAJ-TGD,train,0.8402233059374832,0.8402233059374832,True
03498500,dPL-MLP,XAJ-TGD,test,0.850756604825434,0.850756604825434,True
03498500,dPL-MLP,XAJ-CN,train,0.8334594606537771,0.8334594606537771,True
03498500,dPL-MLP,XAJ-CN,test,0.8551326209533963,0.8551326209533963,True
03500000,IC-CMA-ES,XAJ-Base,train,0.9566532908404164,0.9566532908404164,True
03500000,IC-CMA-ES,XAJ-Base,test,0.9143735838356356,0.9143735838356356,True
03500000,IC-CMA-ES,XAJ-TGD,train,0.9581136616169738,0.9581136616169738,True
03500000,IC-CMA-ES,XAJ-TGD,test,0.9152438775957374,0.9152438775957374,True
03500000,IC-CMA-ES,XAJ-CN,train,0.9587923121466764,0.9587923121466764,True
03500000,IC-CMA-ES,XAJ-CN,test,0.9093634341813362,0.9093634341813362,True
03500000,dPL-MLP,XAJ-Base,train,0.9526626808959916,0.9526626808959916,True
03500000,dPL-MLP,XAJ-Base,test,0.9051248943610504,0.9051248943610504,True
03500000,dPL-MLP,XAJ-TGD,train,0.9469593591004,0.9469593591004,True
03500000,dPL-MLP,XAJ-TGD,test,0.8903593304266095,0.8903593304266095,True
03500000,dPL-MLP,XAJ-CN,train,0.9496786751410706,0.9496786751410706,True
03500000,dPL-MLP,XAJ-CN,test,0.8917356815107459,0.8917356815107459,True
03500240,IC-CMA-ES,XAJ-Base,train,0.935403679283092,0.935403679283092,True
03500240,IC-CMA-ES,XAJ-Base,test,0.9026218412008306,0.9026218412008306,True
03500240,IC-CMA-ES,XAJ-TGD,train,0.9401397064810358,0.9401397064810358,True
03500240,IC-CMA-ES,XAJ-TGD,test,0.902284348800514,0.902284348800514,True
03500240,IC-CMA-ES,XAJ-CN,train,0.9378244184360948,0.9378244184360948,True
03500240,IC-CMA-ES,XAJ-CN,test,0.8810858109515418,0.8810858109515418,True
03500240,dPL-MLP,XAJ-Base,train,0.9265680322124136,0.9265680322124136,True
03500240,dPL-MLP,XAJ-Base,test,0.8924652451513999,0.8924652451513999,True
03500240,dPL-MLP,XAJ-TGD,train,0.9243687113770266,0.9243687113770266,True
03500240,dPL-MLP,XAJ-TGD,test,0.8942083105936673,0.8942083105936673,True
03500240,dPL-MLP,XAJ-CN,train,0.9347404322051428,0.9347404322051428,True
03500240,dPL-MLP,XAJ-CN,test,0.8930298229783054,0.8930298229783054,True
03504000,IC-CMA-ES,XAJ-Base,train,0.905936534396542,0.905936534396542,True
03504000,IC-CMA-ES,XAJ-Base,test,0.8717497702195914,0.8717497702195914,True
03504000,IC-CMA-ES,XAJ-TGD,train,0.9078803088603448,0.9078803088603448,True
03504000,IC-CMA-ES,XAJ-TGD,test,0.8764319881062921,0.8764319881062921,True
03504000,IC-CMA-ES,XAJ-CN,train,0.9081271184503936,0.9081271184503936,True
03504000,IC-CMA-ES,XAJ-CN,test,0.85883135270077,0.85883135270077,True
03504000,dPL-MLP,XAJ-Base,train,0.8967160347566717,0.8967160347566717,True
03504000,dPL-MLP,XAJ-Base,test,0.8651975730461522,0.8651975730461522,True
03504000,dPL-MLP,XAJ-TGD,train,0.891632866353772,0.891632866353772,True
03504000,dPL-MLP,XAJ-TGD,test,0.8533447002550829,0.8533447002550829,True
03504000,dPL-MLP,XAJ-CN,train,0.899501634600494,0.899501634600494,True
03504000,dPL-MLP,XAJ-CN,test,0.8350408029511476,0.8350408029511476,True
03574500,IC-CMA-ES,XAJ-Base,train,0.8728844061264612,0.8728844061264612,True
03574500,IC-CMA-ES,XAJ-Base,test,0.7813473792574092,0.7813473792574092,True
03574500,IC-CMA-ES,XAJ-TGD,train,0.8726760137964527,0.8726760137964527,True
03574500,IC-CMA-ES,XAJ-TGD,test,0.7829412918838792,0.7829412918838792,True
03574500,IC-CMA-ES,XAJ-CN,train,0.8684410066432676,0.8684410066432676,True
03574500,IC-CMA-ES,XAJ-CN,test,0.781745499828288,0.781745499828288,True
03574500,dPL-MLP,XAJ-Base,train,0.8083855315581923,0.8083855315581923,True
03574500,dPL-MLP,XAJ-Base,test,0.8131770355031391,0.8131770355031391,True
03574500,dPL-MLP,XAJ-TGD,train,0.8151987705926921,0.8151987705926921,True
03574500,dPL-MLP,XAJ-TGD,test,0.7995099077304676,0.7995099077304676,True
03574500,dPL-MLP,XAJ-CN,train,0.81607223668461,0.81607223668461,True
03574500,dPL-MLP,XAJ-CN,test,0.7803223634517201,0.7803223634517201,True
03592718,IC-CMA-ES,XAJ-Base,train,0.8728923924017448,0.8728923924017448,True
03592718,IC-CMA-ES,XAJ-Base,test,0.788737701182412,0.788737701182412,True
03592718,IC-CMA-ES,XAJ-TGD,train,0.8787963745527041,0.8787963745527041,True
03592718,IC-CMA-ES,XAJ-TGD,test,0.7655339592095902,0.7655339592095902,True
03592718,IC-CMA-ES,XAJ-CN,train,0.8722511499737431,0.8722511499737431,True
03592718,IC-CMA-ES,XAJ-CN,test,0.8107440932490892,0.8107440932490892,True
03592718,dPL-MLP,XAJ-Base,train,0.8151802774155645,0.8151802774155645,True
03592718,dPL-MLP,XAJ-Base,test,0.7342085869518516,0.7342085869518516,True
03592718,dPL-MLP,XAJ-TGD,train,0.7676747149251353,0.7676747149251353,True
03592718,dPL-MLP,XAJ-TGD,test,0.5785946916002183,0.5785946916002183,True
03592718,dPL-MLP,XAJ-CN,train,0.8066834112360746,0.8066834112360746,True
03592718,dPL-MLP,XAJ-CN,test,0.6962864742872032,0.6962864742872032,True
03604000,IC-CMA-ES,XAJ-Base,train,0.8514866440060731,0.8514866440060731,True
03604000,IC-CMA-ES,XAJ-Base,test,0.7441389155161092,0.7441389155161092,True
03604000,IC-CMA-ES,XAJ-TGD,train,0.8478077967981155,0.8478077967981155,True
03604000,IC-CMA-ES,XAJ-TGD,test,0.7396847471444254,0.7396847471444254,True
03604000,IC-CMA-ES,XAJ-CN,train,0.8369435394480824,0.8369435394480824,True
03604000,IC-CMA-ES,XAJ-CN,test,0.7463768694058976,0.7463768694058976,True
03604000,dPL-MLP,XAJ-Base,train,0.782767503155563,0.782767503155563,True
03604000,dPL-MLP,XAJ-Base,test,0.7791177318485972,0.7791177318485972,True
03604000,dPL-MLP,XAJ-TGD,train,0.7912660907836582,0.7912660907836582,True
03604000,dPL-MLP,XAJ-TGD,test,0.791339978538294,0.791339978538294,True
03604000,dPL-MLP,XAJ-CN,train,0.7319236251027474,0.7319236251027474,True
03604000,dPL-MLP,XAJ-CN,test,0.7506102920506575,0.7506102920506575,True
05291000,IC-CMA-ES,XAJ-Base,train,0.6375320937800786,0.6375320937800786,True
05291000,IC-CMA-ES,XAJ-Base,test,0.4235116613451982,0.4235116613451982,True
05291000,IC-CMA-ES,XAJ-TGD,train,0.6551697790764763,0.6551697790764763,True
05291000,IC-CMA-ES,XAJ-TGD,test,0.4352293113065537,0.4352293113065537,True
05291000,IC-CMA-ES,XAJ-CN,train,0.7649832265071089,0.7649832265071089,True
05291000,IC-CMA-ES,XAJ-CN,test,0.7666125254071305,0.7666125254071305,True
05291000,dPL-MLP,XAJ-Base,train,0.6293623584070327,0.6293623584070327,True
05291000,dPL-MLP,XAJ-Base,test,0.4062014618330014,0.4062014618330014,True
05291000,dPL-MLP,XAJ-TGD,train,0.5679350956948144,0.5679350956948144,True
05291000,dPL-MLP,XAJ-TGD,test,0.3976964384908429,0.3976964384908429,True
05291000,dPL-MLP,XAJ-CN,train,0.7060147125013997,0.7060147125013997,True
05291000,dPL-MLP,XAJ-CN,test,0.6945668651882153,0.6945668651882153,True
05362000,IC-CMA-ES,XAJ-Base,train,0.6908138347362371,0.6908138347362371,True
05362000,IC-CMA-ES,XAJ-Base,test,0.5066319686583098,0.5066319686583098,True
05362000,IC-CMA-ES,XAJ-TGD,train,0.7716317205536833,0.7716317205536833,True
05362000,IC-CMA-ES,XAJ-TGD,test,0.6992960842554171,0.6992960842554171,True
05362000,IC-CMA-ES,XAJ-CN,train,0.8711235382056899,0.8711235382056899,True
05362000,IC-CMA-ES,XAJ-CN,test,0.6609385365268932,0.6609385365268932,True
05362000,dPL-MLP,XAJ-Base,train,0.6719614856924248,0.6719614856924248,True
05362000,dPL-MLP,XAJ-Base,test,0.5190479595067696,0.5190479595067696,True
05362000,dPL-MLP,XAJ-TGD,train,0.7487766720971114,0.7487766720971114,True
05362000,dPL-MLP,XAJ-TGD,test,0.6768150814296969,0.6768150814296969,True
05362000,dPL-MLP,XAJ-CN,train,0.8609318434163823,0.8609318434163823,True
05362000,dPL-MLP,XAJ-CN,test,0.6863379906725611,0.6863379906725611,True
05393500,IC-CMA-ES,XAJ-Base,train,0.7075375745459516,0.7075375745459516,True
05393500,IC-CMA-ES,XAJ-Base,test,0.5038970430682219,0.5038970430682219,True
05393500,IC-CMA-ES,XAJ-TGD,train,0.7872819172927993,0.7872819172927993,True
05393500,IC-CMA-ES,XAJ-TGD,test,0.7402084947061333,0.7402084947061333,True
05393500,IC-CMA-ES,XAJ-CN,train,0.8665550227372226,0.8665550227372226,True
05393500,IC-CMA-ES,XAJ-CN,test,0.860697692243262,0.860697692243262,True
05393500,dPL-MLP,XAJ-Base,train,0.6965066694918054,0.6965066694918054,True
05393500,dPL-MLP,XAJ-Base,test,0.5114890388117562,0.5114890388117562,True
05393500,dPL-MLP,XAJ-TGD,train,0.7707546768852691,0.7707546768852691,True
05393500,dPL-MLP,XAJ-TGD,test,0.7294805650046705,0.7294805650046705,True
05393500,dPL-MLP,XAJ-CN,train,0.8517229632149711,0.8517229632149711,True
05393500,dPL-MLP,XAJ-CN,test,0.8398127505695328,0.8398127505695328,True
05399500,IC-CMA-ES,XAJ-Base,train,0.688959254007844,0.688959254007844,True
05399500,IC-CMA-ES,XAJ-Base,test,0.576219684848589,0.576219684848589,True
05399500,IC-CMA-ES,XAJ-TGD,train,0.7012761575609237,0.7012761575609237,True
05399500,IC-CMA-ES,XAJ-TGD,test,0.5958857947938172,0.5958857947938172,True
05399500,IC-CMA-ES,XAJ-CN,train,0.81750144241997,0.81750144241997,True
05399500,IC-CMA-ES,XAJ-CN,test,0.7588226908523192,0.7588226908523192,True
05399500,dPL-MLP,XAJ-Base,train,0.6817221887020223,0.6817221887020223,True
05399500,dPL-MLP,XAJ-Base,test,0.5467984269253516,0.5467984269253516,True
05399500,dPL-MLP,XAJ-TGD,train,0.6286350565799086,0.6286350565799086,True
05399500,dPL-MLP,XAJ-TGD,test,0.6936535571462821,0.6936535571462821,True
05399500,dPL-MLP,XAJ-CN,train,0.7835417415159077,0.7835417415159077,True
05399500,dPL-MLP,XAJ-CN,test,0.7659371432794636,0.7659371432794636,True
05408000,IC-CMA-ES,XAJ-Base,train,0.6998377539357321,0.6998377539357321,True
05408000,IC-CMA-ES,XAJ-Base,test,0.8113127224922108,0.8113127224922108,True
05408000,IC-CMA-ES,XAJ-TGD,train,0.7050384593910124,0.7050384593910124,True
05408000,IC-CMA-ES,XAJ-TGD,test,0.7941691402989118,0.7941691402989118,True
05408000,IC-CMA-ES,XAJ-CN,train,0.7754741827984158,0.7754741827984158,True
05408000,IC-CMA-ES,XAJ-CN,test,0.7607434720542513,0.7607434720542513,True
05408000,dPL-MLP,XAJ-Base,train,0.6797570186953241,0.6797570186953241,True
05408000,dPL-MLP,XAJ-Base,test,0.7237950670872249,0.7237950670872249,True
05408000,dPL-MLP,XAJ-TGD,train,0.6651403053406859,0.6651403053406859,True
05408000,dPL-MLP,XAJ-TGD,test,0.7038988225689797,0.7038988225689797,True
05408000,dPL-MLP,XAJ-CN,train,0.7196797026604367,0.7196797026604367,True
05408000,dPL-MLP,XAJ-CN,test,0.6783025281678763,0.6783025281678763,True
05413500,IC-CMA-ES,XAJ-Base,train,0.6512169736602735,0.6512169736602735,True
05413500,IC-CMA-ES,XAJ-Base,test,0.6604168582291631,0.6604168582291631,True
05413500,IC-CMA-ES,XAJ-TGD,train,0.6559941734017938,0.6559941734017938,True
05413500,IC-CMA-ES,XAJ-TGD,test,0.5865766293814075,0.5865766293814075,True
05413500,IC-CMA-ES,XAJ-CN,train,0.7270415564699657,0.7270415564699657,True
05413500,IC-CMA-ES,XAJ-CN,test,0.7357725627193055,0.7357725627193055,True
05413500,dPL-MLP,XAJ-Base,train,0.4868341510946201,0.4868341510946201,True
05413500,dPL-MLP,XAJ-Base,test,0.6753025277590259,0.6753025277590259,True
05413500,dPL-MLP,XAJ-TGD,train,0.5219561413003506,0.5219561413003506,True
05413500,dPL-MLP,XAJ-TGD,test,0.7344639028415068,0.7344639028415068,True
05413500,dPL-MLP,XAJ-CN,train,0.6056167849917096,0.6056167849917096,True
05413500,dPL-MLP,XAJ-CN,test,0.713670942872636,0.713670942872636,True
05414000,IC-CMA-ES,XAJ-Base,train,0.6829521491945241,0.6829521491945241,True
05414000,IC-CMA-ES,XAJ-Base,test,0.527151988348642,0.527151988348642,True
05414000,IC-CMA-ES,XAJ-TGD,train,0.7257290491120388,0.7257290491120388,True
05414000,IC-CMA-ES,XAJ-TGD,test,0.3587352964212899,0.3587352964212899,True
05414000,IC-CMA-ES,XAJ-CN,train,0.7535018631556147,0.7535018631556147,True
05414000,IC-CMA-ES,XAJ-CN,test,0.6075581764586423,0.6075581764586423,True
05414000,dPL-MLP,XAJ-Base,train,0.4706225379689911,0.4706225379689911,True
05414000,dPL-MLP,XAJ-Base,test,0.583961577887272,0.583961577887272,True
05414000,dPL-MLP,XAJ-TGD,train,0.4799390862969976,0.4799390862969976,True
05414000,dPL-MLP,XAJ-TGD,test,0.6071908320597614,0.6071908320597614,True
05414000,dPL-MLP,XAJ-CN,train,0.592455472616373,0.592455472616373,True
05414000,dPL-MLP,XAJ-CN,test,0.6152665342351724,0.6152665342351724,True
05444000,IC-CMA-ES,XAJ-Base,train,0.6508136434744265,0.6508136434744265,True
05444000,IC-CMA-ES,XAJ-Base,test,0.6881376765653376,0.6881376765653376,True
05444000,IC-CMA-ES,XAJ-TGD,train,0.6669140027544478,0.6669140027544478,True
05444000,IC-CMA-ES,XAJ-TGD,test,0.6574308257443806,0.6574308257443806,True
05444000,IC-CMA-ES,XAJ-CN,train,0.7064868310680353,0.7064868310680353,True
05444000,IC-CMA-ES,XAJ-CN,test,0.6831151767369879,0.6831151767369879,True
05444000,dPL-MLP,XAJ-Base,train,0.5014210438855823,0.5014210438855823,True
05444000,dPL-MLP,XAJ-Base,test,0.6804071621119019,0.6804071621119019,True
05444000,dPL-MLP,XAJ-TGD,train,0.5086296249600282,0.5086296249600282,True
05444000,dPL-MLP,XAJ-TGD,test,0.6805531674928631,0.6805531674928631,True
05444000,dPL-MLP,XAJ-CN,train,0.5164451017999011,0.5164451017999011,True
05444000,dPL-MLP,XAJ-CN,test,0.6342097358842178,0.6342097358842178,True
05454000,IC-CMA-ES,XAJ-Base,train,0.7123968573643489,0.7123968573643489,True
05454000,IC-CMA-ES,XAJ-Base,test,0.6184170556417946,0.6184170556417946,True
05454000,IC-CMA-ES,XAJ-TGD,train,0.698012592946178,0.698012592946178,True
05454000,IC-CMA-ES,XAJ-TGD,test,0.6601763173391636,0.6601763173391636,True
05454000,IC-CMA-ES,XAJ-CN,train,0.7013889061387915,0.7013889061387915,True
05454000,IC-CMA-ES,XAJ-CN,test,0.5681274733157498,0.5681274733157498,True
05454000,dPL-MLP,XAJ-Base,train,0.6681955958346487,0.6681955958346487,True
05454000,dPL-MLP,XAJ-Base,test,0.6738800525715125,0.6738800525715125,True
05454000,dPL-MLP,XAJ-TGD,train,0.6283411250812454,0.6283411250812454,True
05454000,dPL-MLP,XAJ-TGD,test,0.6473915420411063,0.6473915420411063,True
05454000,dPL-MLP,XAJ-CN,train,0.6842051086200434,0.6842051086200434,True
05454000,dPL-MLP,XAJ-CN,test,0.6746848392452136,0.6746848392452136,True
05458000,IC-CMA-ES,XAJ-Base,train,0.7671236872831375,0.7671236872831375,True
05458000,IC-CMA-ES,XAJ-Base,test,0.7615281640286085,0.7615281640286085,True
05458000,IC-CMA-ES,XAJ-TGD,train,0.7783911379167872,0.7783911379167872,True
05458000,IC-CMA-ES,XAJ-TGD,test,0.7521149290957334,0.7521149290957334,True
05458000,IC-CMA-ES,XAJ-CN,train,0.8475911998765628,0.8475911998765628,True
05458000,IC-CMA-ES,XAJ-CN,test,0.8206756891449966,0.8206756891449966,True
05458000,dPL-MLP,XAJ-Base,train,0.6593617118512387,0.6593617118512387,True
05458000,dPL-MLP,XAJ-Base,test,0.702110724281788,0.702110724281788,True
05458000,dPL-MLP,XAJ-TGD,train,0.6775882960625129,0.6775882960625129,True
05458000,dPL-MLP,XAJ-TGD,test,0.7349939272155658,0.7349939272155658,True
05458000,dPL-MLP,XAJ-CN,train,0.7746935254638092,0.7746935254638092,True
05458000,dPL-MLP,XAJ-CN,test,0.7979156113141885,0.7979156113141885,True
05466500,IC-CMA-ES,XAJ-Base,train,0.8037926461785391,0.8037926461785391,True
05466500,IC-CMA-ES,XAJ-Base,test,0.8239216504734489,0.8239216504734489,True
05466500,IC-CMA-ES,XAJ-TGD,train,0.8150157803619691,0.8150157803619691,True
05466500,IC-CMA-ES,XAJ-TGD,test,0.8229186062515192,0.8229186062515192,True
05466500,IC-CMA-ES,XAJ-CN,train,0.8342136092988494,0.8342136092988494,True
05466500,IC-CMA-ES,XAJ-CN,test,0.8155337720409541,0.8155337720409541,True
05466500,dPL-MLP,XAJ-Base,train,0.7759661774591654,0.7759661774591654,True
05466500,dPL-MLP,XAJ-Base,test,0.7659927404484276,0.7659927404484276,True
05466500,dPL-MLP,XAJ-TGD,train,0.7687107091767514,0.7687107091767514,True
05466500,dPL-MLP,XAJ-TGD,test,0.751198877993507,0.751198877993507,True
05466500,dPL-MLP,XAJ-CN,train,0.7991418099416293,0.7991418099416293,True
05466500,dPL-MLP,XAJ-CN,test,0.7470472543007063,0.7470472543007063,True
05487980,IC-CMA-ES,XAJ-Base,train,0.8389018825117368,0.8389018825117368,True
05487980,IC-CMA-ES,XAJ-Base,test,0.7075301495418828,0.7075301495418828,True
05487980,IC-CMA-ES,XAJ-TGD,train,0.8454796770832405,0.8454796770832405,True
05487980,IC-CMA-ES,XAJ-TGD,test,0.7308955394251099,0.7308955394251099,True
05487980,IC-CMA-ES,XAJ-CN,train,0.8532326682394414,0.8532326682394414,True
05487980,IC-CMA-ES,XAJ-CN,test,0.7032261634396781,0.7032261634396781,True
05487980,dPL-MLP,XAJ-Base,train,0.7794211031638957,0.7794211031638957,True
05487980,dPL-MLP,XAJ-Base,test,0.7896832719767849,0.7896832719767849,True
05487980,dPL-MLP,XAJ-TGD,train,0.7964778407776617,0.7964778407776617,True
05487980,dPL-MLP,XAJ-TGD,test,0.7779649819151868,0.7779649819151868,True
05487980,dPL-MLP,XAJ-CN,train,0.7599538085664707,0.7599538085664707,True
05487980,dPL-MLP,XAJ-CN,test,0.8181729601305648,0.8181729601305648,True
05488200,IC-CMA-ES,XAJ-Base,train,0.8050666091522205,0.8050666091522205,True
05488200,IC-CMA-ES,XAJ-Base,test,0.7267602207797397,0.7267602207797397,True
05488200,IC-CMA-ES,XAJ-TGD,train,0.8195404046598274,0.8195404046598274,True
05488200,IC-CMA-ES,XAJ-TGD,test,0.7491992692874987,0.7491992692874987,True
05488200,IC-CMA-ES,XAJ-CN,train,0.8219701903761684,0.8219701903761684,True
05488200,IC-CMA-ES,XAJ-CN,test,0.7624111157856468,0.7624111157856468,True
05488200,dPL-MLP,XAJ-Base,train,0.662222652777707,0.662222652777707,True
05488200,dPL-MLP,XAJ-Base,test,0.6344985295151787,0.6344985295151787,True
05488200,dPL-MLP,XAJ-TGD,train,0.7102122785309974,0.7102122785309974,True
05488200,dPL-MLP,XAJ-TGD,test,0.6831675423207166,0.6831675423207166,True
05488200,dPL-MLP,XAJ-CN,train,0.6896609112025569,0.6896609112025569,True
05488200,dPL-MLP,XAJ-CN,test,0.7268066787691192,0.7268066787691192,True
05489000,IC-CMA-ES,XAJ-Base,train,0.7681151163316654,0.7681151163316654,True
05489000,IC-CMA-ES,XAJ-Base,test,0.637617848147047,0.637617848147047,True
05489000,IC-CMA-ES,XAJ-TGD,train,0.7863424404725814,0.7863424404725814,True
05489000,IC-CMA-ES,XAJ-TGD,test,0.6507706306604588,0.6507706306604588,True
05489000,IC-CMA-ES,XAJ-CN,train,0.7893705997425573,0.7893705997425573,True
05489000,IC-CMA-ES,XAJ-CN,test,0.6374647319824428,0.6374647319824428,True
05489000,dPL-MLP,XAJ-Base,train,0.6787519813555134,0.6787519813555134,True
05489000,dPL-MLP,XAJ-Base,test,0.7746611235665888,0.7746611235665888,True
05489000,dPL-MLP,XAJ-TGD,train,0.6836541156853909,0.6836541156853909,True
05489000,dPL-MLP,XAJ-TGD,test,0.7943367591824664,0.7943367591824664,True
05489000,dPL-MLP,XAJ-CN,train,0.6927216395622064,0.6927216395622064,True
05489000,dPL-MLP,XAJ-CN,test,0.7771939533806781,0.7771939533806781,True
05495000,IC-CMA-ES,XAJ-Base,train,0.8282023823950818,0.8282023823950818,True
05495000,IC-CMA-ES,XAJ-Base,test,0.8337117867488568,0.8337117867488568,True
05495000,IC-CMA-ES,XAJ-TGD,train,0.8398220862706305,0.8398220862706305,True
05495000,IC-CMA-ES,XAJ-TGD,test,0.8389492031782276,0.8389492031782276,True
05495000,IC-CMA-ES,XAJ-CN,train,0.8691897370242087,0.8691897370242087,True
05495000,IC-CMA-ES,XAJ-CN,test,0.8187586288280523,0.8187586288280523,True
05495000,dPL-MLP,XAJ-Base,train,0.8044031898059791,0.8044031898059791,True
05495000,dPL-MLP,XAJ-Base,test,0.8797442184287502,0.8797442184287502,True
05495000,dPL-MLP,XAJ-TGD,train,0.8174319619723314,0.8174319619723314,True
05495000,dPL-MLP,XAJ-TGD,test,0.8773823795279817,0.8773823795279817,True
05495000,dPL-MLP,XAJ-CN,train,0.8493271632933292,0.8493271632933292,True
05495000,dPL-MLP,XAJ-CN,test,0.8600749096173276,0.8600749096173276,True
05495500,IC-CMA-ES,XAJ-Base,train,0.8529660995127604,0.8529660995127604,True
05495500,IC-CMA-ES,XAJ-Base,test,0.8178578860470337,0.8178578860470337,True
05495500,IC-CMA-ES,XAJ-TGD,train,0.8647350951109598,0.8647350951109598,True
05495500,IC-CMA-ES,XAJ-TGD,test,0.842363395534117,0.842363395534117,True
05495500,IC-CMA-ES,XAJ-CN,train,0.8614612352743284,0.8614612352743284,True
05495500,IC-CMA-ES,XAJ-CN,test,0.8333766973589091,0.8333766973589091,True
05495500,dPL-MLP,XAJ-Base,train,0.8411376034166319,0.8411376034166319,True
05495500,dPL-MLP,XAJ-Base,test,0.7929629114325687,0.7929629114325687,True
05495500,dPL-MLP,XAJ-TGD,train,0.8508215883065328,0.8508215883065328,True
05495500,dPL-MLP,XAJ-TGD,test,0.8084407765947996,0.8084407765947996,True
05495500,dPL-MLP,XAJ-CN,train,0.8486921158332348,0.8486921158332348,True
05495500,dPL-MLP,XAJ-CN,test,0.7926349205209142,0.7926349205209142,True
05501000,IC-CMA-ES,XAJ-Base,train,0.8296259961719099,0.8296259961719099,True
05501000,IC-CMA-ES,XAJ-Base,test,0.6721597920247813,0.6721597920247813,True
05501000,IC-CMA-ES,XAJ-TGD,train,0.839815497255477,0.839815497255477,True
05501000,IC-CMA-ES,XAJ-TGD,test,0.6673370774459796,0.6673370774459796,True
05501000,IC-CMA-ES,XAJ-CN,train,0.841120154383441,0.841120154383441,True
05501000,IC-CMA-ES,XAJ-CN,test,0.6527111094926843,0.6527111094926843,True
05501000,dPL-MLP,XAJ-Base,train,0.7960701651608645,0.7960701651608645,True
05501000,dPL-MLP,XAJ-Base,test,0.7492724514624983,0.7492724514624983,True
05501000,dPL-MLP,XAJ-TGD,train,0.8090429933373089,0.8090429933373089,True
05501000,dPL-MLP,XAJ-TGD,test,0.7404298475003364,0.7404298475003364,True
05501000,dPL-MLP,XAJ-CN,train,0.8240028072401316,0.8240028072401316,True
05501000,dPL-MLP,XAJ-CN,test,0.6608162574487617,0.6608162574487617,True
05503800,IC-CMA-ES,XAJ-Base,train,0.8605463140261239,0.8605463140261239,True
05503800,IC-CMA-ES,XAJ-Base,test,0.7146464099175909,0.7146464099175909,True
05503800,IC-CMA-ES,XAJ-TGD,train,0.8553360338699629,0.8553360338699629,True
05503800,IC-CMA-ES,XAJ-TGD,test,0.700958576622528,0.700958576622528,True
05503800,IC-CMA-ES,XAJ-CN,train,0.8686704333827365,0.8686704333827365,True
05503800,IC-CMA-ES,XAJ-CN,test,0.6690177472185665,0.6690177472185665,True
05503800,dPL-MLP,XAJ-Base,train,0.8323017696102343,0.8323017696102343,True
05503800,dPL-MLP,XAJ-Base,test,0.7295081351665984,0.7295081351665984,True
05503800,dPL-MLP,XAJ-TGD,train,0.8474892501023552,0.8474892501023552,True
05503800,dPL-MLP,XAJ-TGD,test,0.724593453567492,0.724593453567492,True
05503800,dPL-MLP,XAJ-CN,train,0.846202460810413,0.846202460810413,True
05503800,dPL-MLP,XAJ-CN,test,0.6517559479717199,0.6517559479717199,True
05507600,IC-CMA-ES,XAJ-Base,train,0.8268021784147628,0.8268021784147628,True
05507600,IC-CMA-ES,XAJ-Base,test,0.7283607314427789,0.7283607314427789,True
05507600,IC-CMA-ES,XAJ-TGD,train,0.8523319804783498,0.8523319804783498,True
05507600,IC-CMA-ES,XAJ-TGD,test,0.7999675396391818,0.7999675396391818,True
05507600,IC-CMA-ES,XAJ-CN,train,0.8182158680247745,0.8182158680247745,True
05507600,IC-CMA-ES,XAJ-CN,test,0.6860095988971778,0.6860095988971778,True
05507600,dPL-MLP,XAJ-Base,train,0.8182384432410647,0.8182384432410647,True
05507600,dPL-MLP,XAJ-Base,test,0.7193480320396869,0.7193480320396869,True
05507600,dPL-MLP,XAJ-TGD,train,0.8308710947034084,0.8308710947034084,True
05507600,dPL-MLP,XAJ-TGD,test,0.7149072290205136,0.7149072290205136,True
05507600,dPL-MLP,XAJ-CN,train,0.8232576315549991,0.8232576315549991,True
05507600,dPL-MLP,XAJ-CN,test,0.714882720458097,0.714882720458097,True
05508805,IC-CMA-ES,XAJ-Base,train,0.8835350439365236,0.8835350439365236,True
05508805,IC-CMA-ES,XAJ-Base,test,0.8441407985241907,0.8441407985241907,True
05508805,IC-CMA-ES,XAJ-TGD,train,0.8811752149347079,0.8811752149347079,True
05508805,IC-CMA-ES,XAJ-TGD,test,0.8414973034314194,0.8414973034314194,True
05508805,IC-CMA-ES,XAJ-CN,train,0.839579320915669,0.839579320915669,True
05508805,IC-CMA-ES,XAJ-CN,test,0.8015345149511928,0.8015345149511928,True
05508805,dPL-MLP,XAJ-Base,train,0.8815292081705222,0.8815292081705222,True
05508805,dPL-MLP,XAJ-Base,test,0.84361383961277,0.84361383961277,True
05508805,dPL-MLP,XAJ-TGD,train,0.8852913092901203,0.8852913092901203,True
05508805,dPL-MLP,XAJ-TGD,test,0.8493972117838169,0.8493972117838169,True
05508805,dPL-MLP,XAJ-CN,train,0.8414395471692702,0.8414395471692702,True
05508805,dPL-MLP,XAJ-CN,test,0.81794322710387,0.81794322710387,True
05525500,IC-CMA-ES,XAJ-Base,train,0.8761622031513899,0.8761622031513899,True
05525500,IC-CMA-ES,XAJ-Base,test,0.8417892540438958,0.8417892540438958,True
05525500,IC-CMA-ES,XAJ-TGD,train,0.878990741357408,0.878990741357408,True
05525500,IC-CMA-ES,XAJ-TGD,test,0.8367728022348635,0.8367728022348635,True
05525500,IC-CMA-ES,XAJ-CN,train,0.8943608628735461,0.8943608628735461,True
05525500,IC-CMA-ES,XAJ-CN,test,0.8544723094618372,0.8544723094618372,True
05525500,dPL-MLP,XAJ-Base,train,0.8646994696514373,0.8646994696514373,True
05525500,dPL-MLP,XAJ-Base,test,0.8508915713608091,0.8508915713608091,True
05525500,dPL-MLP,XAJ-TGD,train,0.8609435098877063,0.8609435098877063,True
05525500,dPL-MLP,XAJ-TGD,test,0.851508162890064,0.851508162890064,True
05525500,dPL-MLP,XAJ-CN,train,0.8697841759854374,0.8697841759854374,True
05525500,dPL-MLP,XAJ-CN,test,0.8505228469654939,0.8505228469654939,True
05556500,IC-CMA-ES,XAJ-Base,train,0.7790391411978559,0.7790391411978559,True
05556500,IC-CMA-ES,XAJ-Base,test,0.7768528536121515,0.7768528536121515,True
05556500,IC-CMA-ES,XAJ-TGD,train,0.783292354250179,0.783292354250179,True
05556500,IC-CMA-ES,XAJ-TGD,test,0.7696694008893348,0.7696694008893348,True
05556500,IC-CMA-ES,XAJ-CN,train,0.8093636235165785,0.8093636235165785,True
05556500,IC-CMA-ES,XAJ-CN,test,0.8238381226323972,0.8238381226323972,True
05556500,dPL-MLP,XAJ-Base,train,0.7414840287513413,0.7414840287513413,True
05556500,dPL-MLP,XAJ-Base,test,0.723917891843143,0.723917891843143,True
05556500,dPL-MLP,XAJ-TGD,train,0.6983003206835496,0.6983003206835496,True
05556500,dPL-MLP,XAJ-TGD,test,0.6709617050107227,0.6709617050107227,True
05556500,dPL-MLP,XAJ-CN,train,0.7329856478274219,0.7329856478274219,True
05556500,dPL-MLP,XAJ-CN,test,0.6769971246205491,0.6769971246205491,True
05584500,IC-CMA-ES,XAJ-Base,train,0.8742626485806326,0.8742626485806326,True
05584500,IC-CMA-ES,XAJ-Base,test,0.7623828155833082,0.7623828155833082,True
05584500,IC-CMA-ES,XAJ-TGD,train,0.8823272402136596,0.8823272402136596,True
05584500,IC-CMA-ES,XAJ-TGD,test,0.7712110595044408,0.7712110595044408,True
05584500,IC-CMA-ES,XAJ-CN,train,0.8623329211594868,0.8623329211594868,True
05584500,IC-CMA-ES,XAJ-CN,test,0.736711791416331,0.736711791416331,True
05584500,dPL-MLP,XAJ-Base,train,0.8496223824260933,0.8496223824260933,True
05584500,dPL-MLP,XAJ-Base,test,0.7022743441306457,0.7022743441306457,True
05584500,dPL-MLP,XAJ-TGD,train,0.8591731367319807,0.8591731367319807,True
05584500,dPL-MLP,XAJ-TGD,test,0.715415440100062,0.715415440100062,True
05584500,dPL-MLP,XAJ-CN,train,0.8473357516169188,0.8473357516169188,True
05584500,dPL-MLP,XAJ-CN,test,0.7092715233589846,0.7092715233589846,True
05591550,IC-CMA-ES,XAJ-Base,train,0.780542279510787,0.780542279510787,True
05591550,IC-CMA-ES,XAJ-Base,test,0.6512865758497298,0.6512865758497298,True
05591550,IC-CMA-ES,XAJ-TGD,train,0.8005731119236964,0.8005731119236964,True
05591550,IC-CMA-ES,XAJ-TGD,test,0.657209269498483,0.657209269498483,True
05591550,IC-CMA-ES,XAJ-CN,train,0.8147124662801655,0.8147124662801655,True
05591550,IC-CMA-ES,XAJ-CN,test,0.6058141606442894,0.6058141606442894,True
05591550,dPL-MLP,XAJ-Base,train,0.7596092772501941,0.7596092772501941,True
05591550,dPL-MLP,XAJ-Base,test,0.6777679887061109,0.6777679887061109,True
05591550,dPL-MLP,XAJ-TGD,train,0.7616210336614038,0.7616210336614038,True
05591550,dPL-MLP,XAJ-TGD,test,0.6378948511394887,0.6378948511394887,True
05591550,dPL-MLP,XAJ-CN,train,0.7687456549476377,0.7687456549476377,True
05591550,dPL-MLP,XAJ-CN,test,0.7070789701638274,0.7070789701638274,True
05592050,IC-CMA-ES,XAJ-Base,train,0.855226767742005,0.855226767742005,True
05592050,IC-CMA-ES,XAJ-Base,test,0.6968385062065641,0.6968385062065641,True
05592050,IC-CMA-ES,XAJ-TGD,train,0.856141174447081,0.856141174447081,True
05592050,IC-CMA-ES,XAJ-TGD,test,0.680795096010025,0.680795096010025,True
05592050,IC-CMA-ES,XAJ-CN,train,0.84683726826115,0.84683726826115,True
05592050,IC-CMA-ES,XAJ-CN,test,0.6881157001950347,0.6881157001950347,True
05592050,dPL-MLP,XAJ-Base,train,0.7728021242259882,0.7728021242259882,True
05592050,dPL-MLP,XAJ-Base,test,0.8039509735252213,0.8039509735252213,True
05592050,dPL-MLP,XAJ-TGD,train,0.7597926319239857,0.7597926319239857,True
05592050,dPL-MLP,XAJ-TGD,test,0.8285144326022416,0.8285144326022416,True
05592050,dPL-MLP,XAJ-CN,train,0.8048288253018026,0.8048288253018026,True
05592050,dPL-MLP,XAJ-CN,test,0.7420239477980956,0.7420239477980956,True
05592575,IC-CMA-ES,XAJ-Base,train,0.8239827680066953,0.8239827680066953,True
05592575,IC-CMA-ES,XAJ-Base,test,0.6145683333321764,0.6145683333321764,True
05592575,IC-CMA-ES,XAJ-TGD,train,0.8452798020257568,0.8452798020257568,True
05592575,IC-CMA-ES,XAJ-TGD,test,0.6056890331244134,0.6056890331244134,True
05592575,IC-CMA-ES,XAJ-CN,train,0.8263259790720462,0.8263259790720462,True
05592575,IC-CMA-ES,XAJ-CN,test,0.6032862179489475,0.6032862179489475,True
05592575,dPL-MLP,XAJ-Base,train,0.7465508574644324,0.7465508574644324,True
05592575,dPL-MLP,XAJ-Base,test,0.802256744305802,0.802256744305802,True
05592575,dPL-MLP,XAJ-TGD,train,0.7859536221356732,0.7859536221356732,True
05592575,dPL-MLP,XAJ-TGD,test,0.7545291467024093,0.7545291467024093,True
05592575,dPL-MLP,XAJ-CN,train,0.821788433420755,0.821788433420755,True
05592575,dPL-MLP,XAJ-CN,test,0.6821917713371715,0.6821917713371715,True
05593575,IC-CMA-ES,XAJ-Base,train,0.8694402239728564,0.8694402239728564,True
05593575,IC-CMA-ES,XAJ-Base,test,0.8706779272669966,0.8706779272669966,True
05593575,IC-CMA-ES,XAJ-TGD,train,0.8767404162222112,0.8767404162222112,True
05593575,IC-CMA-ES,XAJ-TGD,test,0.8472067813162629,0.8472067813162629,True
05593575,IC-CMA-ES,XAJ-CN,train,0.8806585173733306,0.8806585173733306,True
05593575,IC-CMA-ES,XAJ-CN,test,0.8515200692108493,0.8515200692108493,True
05593575,dPL-MLP,XAJ-Base,train,0.8579450631816258,0.8579450631816258,True
05593575,dPL-MLP,XAJ-Base,test,0.8834865807214942,0.8834865807214942,True
05593575,dPL-MLP,XAJ-TGD,train,0.8676312287506215,0.8676312287506215,True
05593575,dPL-MLP,XAJ-TGD,test,0.8389168394130077,0.8389168394130077,True
05593575,dPL-MLP,XAJ-CN,train,0.8702997938388689,0.8702997938388689,True
05593575,dPL-MLP,XAJ-CN,test,0.8596510045176948,0.8596510045176948,True
05593900,IC-CMA-ES,XAJ-Base,train,0.8429425611326202,0.8429425611326202,True
05593900,IC-CMA-ES,XAJ-Base,test,0.7846015927451907,0.7846015927451907,True
05593900,IC-CMA-ES,XAJ-TGD,train,0.8538635174284167,0.8538635174284167,True
05593900,IC-CMA-ES,XAJ-TGD,test,0.8256974033544753,0.8256974033544753,True
05593900,IC-CMA-ES,XAJ-CN,train,0.8623812755505755,0.8623812755505755,True
05593900,IC-CMA-ES,XAJ-CN,test,0.8095668694539329,0.8095668694539329,True
05593900,dPL-MLP,XAJ-Base,train,0.8317466911029404,0.8317466911029404,True
05593900,dPL-MLP,XAJ-Base,test,0.7786838549890747,0.7786838549890747,True
05593900,dPL-MLP,XAJ-TGD,train,0.8245270065026785,0.8245270065026785,True
05593900,dPL-MLP,XAJ-TGD,test,0.7556050786107918,0.7556050786107918,True
05593900,dPL-MLP,XAJ-CN,train,0.846773817212866,0.846773817212866,True
05593900,dPL-MLP,XAJ-CN,test,0.7981569970771927,0.7981569970771927,True
05595730,IC-CMA-ES,XAJ-Base,train,0.8615862855956774,0.8615862855956774,True
05595730,IC-CMA-ES,XAJ-Base,test,0.7693636272946959,0.7693636272946959,True
05595730,IC-CMA-ES,XAJ-TGD,train,0.8620227724419284,0.8620227724419284,True
05595730,IC-CMA-ES,XAJ-TGD,test,0.7749276351708143,0.7749276351708143,True
05595730,IC-CMA-ES,XAJ-CN,train,0.8651236695675822,0.8651236695675822,True
05595730,IC-CMA-ES,XAJ-CN,test,0.7689082022345708,0.7689082022345708,True
05595730,dPL-MLP,XAJ-Base,train,0.8388882725294795,0.8388882725294795,True
05595730,dPL-MLP,XAJ-Base,test,0.8375687220585717,0.8375687220585717,True
05595730,dPL-MLP,XAJ-TGD,train,0.8064015228027137,0.8064015228027137,True
05595730,dPL-MLP,XAJ-TGD,test,0.8676750488258302,0.8676750488258302,True
05595730,dPL-MLP,XAJ-CN,train,0.8386691959727219,0.8386691959727219,True
05595730,dPL-MLP,XAJ-CN,test,0.8233114875153136,0.8233114875153136,True
07291000,IC-CMA-ES,XAJ-Base,train,0.8708460097908703,0.8708460097908703,True
07291000,IC-CMA-ES,XAJ-Base,test,0.7225839384637757,0.7225839384637757,True
07291000,IC-CMA-ES,XAJ-TGD,train,0.8566334499268656,0.8566334499268656,True
07291000,IC-CMA-ES,XAJ-TGD,test,0.7230016177790398,0.7230016177790398,True
07291000,IC-CMA-ES,XAJ-CN,train,0.8672943693063749,0.8672943693063749,True
07291000,IC-CMA-ES,XAJ-CN,test,0.731804730393953,0.731804730393953,True
07291000,dPL-MLP,XAJ-Base,train,0.8316127647836409,0.8316127647836409,True
07291000,dPL-MLP,XAJ-Base,test,0.7045774184703171,0.7045774184703171,True
07291000,dPL-MLP,XAJ-TGD,train,0.822707411216797,0.822707411216797,True
07291000,dPL-MLP,XAJ-TGD,test,0.7169800672981559,0.7169800672981559,True
07291000,dPL-MLP,XAJ-CN,train,0.832568983146138,0.832568983146138,True
07291000,dPL-MLP,XAJ-CN,test,0.6928441257630964,0.6928441257630964,True
07359610,IC-CMA-ES,XAJ-Base,train,0.781411101477884,0.781411101477884,True
07359610,IC-CMA-ES,XAJ-Base,test,0.7219299652689606,0.7219299652689606,True
07359610,IC-CMA-ES,XAJ-TGD,train,0.791164853792849,0.791164853792849,True
07359610,IC-CMA-ES,XAJ-TGD,test,0.7663942216461125,0.7663942216461125,True
07359610,IC-CMA-ES,XAJ-CN,train,0.7948664498886527,0.7948664498886527,True
07359610,IC-CMA-ES,XAJ-CN,test,0.7920999297131885,0.7920999297131885,True
07359610,dPL-MLP,XAJ-Base,train,0.7019069295942919,0.7019069295942919,True
07359610,dPL-MLP,XAJ-Base,test,0.8626319511934148,0.8626319511934148,True
07359610,dPL-MLP,XAJ-TGD,train,0.7003626657113621,0.7003626657113621,True
07359610,dPL-MLP,XAJ-TGD,test,0.8684540292224096,0.8684540292224096,True
07359610,dPL-MLP,XAJ-CN,train,0.6891447848672508,0.6891447848672508,True
07359610,dPL-MLP,XAJ-CN,test,0.8557835011310109,0.8557835011310109,True
07362100,IC-CMA-ES,XAJ-Base,train,0.8343773006681928,0.8343773006681928,True
07362100,IC-CMA-ES,XAJ-Base,test,0.7398200708253402,0.7398200708253402,True
07362100,IC-CMA-ES,XAJ-TGD,train,0.8309394648830113,0.8309394648830113,True
07362100,IC-CMA-ES,XAJ-TGD,test,0.7487657246060979,0.7487657246060979,True
07362100,IC-CMA-ES,XAJ-CN,train,0.8322728925491036,0.8322728925491036,True
07362100,IC-CMA-ES,XAJ-CN,test,0.76779014381427,0.76779014381427,True
07362100,dPL-MLP,XAJ-Base,train,0.6892830733852422,0.6892830733852422,True
07362100,dPL-MLP,XAJ-Base,test,0.7587836601180327,0.7587836601180327,True
07362100,dPL-MLP,XAJ-TGD,train,0.7243255121223068,0.7243255121223068,True
07362100,dPL-MLP,XAJ-TGD,test,0.7761447089278481,0.7761447089278481,True
07362100,dPL-MLP,XAJ-CN,train,0.7023860810541802,0.7023860810541802,True
07362100,dPL-MLP,XAJ-CN,test,0.7856741479353784,0.7856741479353784,True
07362587,IC-CMA-ES,XAJ-Base,train,0.7311313012061489,0.7311313012061489,True
07362587,IC-CMA-ES,XAJ-Base,test,0.6657781059709714,0.6657781059709714,True
07362587,IC-CMA-ES,XAJ-TGD,train,0.7297316721717508,0.7297316721717508,True
07362587,IC-CMA-ES,XAJ-TGD,test,0.6747502735990184,0.6747502735990184,True
07362587,IC-CMA-ES,XAJ-CN,train,0.7211784846548516,0.7211784846548516,True
07362587,IC-CMA-ES,XAJ-CN,test,0.7034488062979083,0.7034488062979083,True
07362587,dPL-MLP,XAJ-Base,train,0.6285626109361188,0.6285626109361188,True
07362587,dPL-MLP,XAJ-Base,test,0.824526907540384,0.824526907540384,True
07362587,dPL-MLP,XAJ-TGD,train,0.6512637964274282,0.6512637964274282,True
07362587,dPL-MLP,XAJ-TGD,test,0.809838676651982,0.809838676651982,True
07362587,dPL-MLP,XAJ-CN,train,0.6307100527004286,0.6307100527004286,True
07362587,dPL-MLP,XAJ-CN,test,0.7736334289322977,0.7736334289322977,True
07375000,IC-CMA-ES,XAJ-Base,train,0.8047702642988894,0.8047702642988894,True
07375000,IC-CMA-ES,XAJ-Base,test,0.6765113361256521,0.6765113361256521,True
07375000,IC-CMA-ES,XAJ-TGD,train,0.806645641096972,0.806645641096972,True
07375000,IC-CMA-ES,XAJ-TGD,test,0.6717905402745552,0.6717905402745552,True
07375000,IC-CMA-ES,XAJ-CN,train,0.8052397953917596,0.8052397953917596,True
07375000,IC-CMA-ES,XAJ-CN,test,0.6679813522028133,0.6679813522028133,True
07375000,dPL-MLP,XAJ-Base,train,0.6821402607841742,0.6821402607841742,True
07375000,dPL-MLP,XAJ-Base,test,0.7749057924871428,0.7749057924871428,True
07375000,dPL-MLP,XAJ-TGD,train,0.6747455776609221,0.6747455776609221,True
07375000,dPL-MLP,XAJ-TGD,test,0.7614048695284621,0.7614048695284621,True
07375000,dPL-MLP,XAJ-CN,train,0.6732823904296605,0.6732823904296605,True
07375000,dPL-MLP,XAJ-CN,test,0.7738075431955442,0.7738075431955442,True
08013000,IC-CMA-ES,XAJ-Base,train,0.8843450974824284,0.8843450974824284,True
08013000,IC-CMA-ES,XAJ-Base,test,0.4945035859428639,0.4945035859428639,True
08013000,IC-CMA-ES,XAJ-TGD,train,0.8667795090113455,0.8667795090113455,True
08013000,IC-CMA-ES,XAJ-TGD,test,0.4493748782422397,0.4493748782422397,True
08013000,IC-CMA-ES,XAJ-CN,train,0.8788439522277546,0.8788439522277546,True
08013000,IC-CMA-ES,XAJ-CN,test,0.4910640248152411,0.4910640248152411,True
08013000,dPL-MLP,XAJ-Base,train,0.8472396442618264,0.8472396442618264,True
08013000,dPL-MLP,XAJ-Base,test,0.5746045606513972,0.5746045606513972,True
08013000,dPL-MLP,XAJ-TGD,train,0.8376154999783334,0.8376154999783334,True
08013000,dPL-MLP,XAJ-TGD,test,0.5740400151606051,0.5740400151606051,True
08013000,dPL-MLP,XAJ-CN,train,0.8522369490005608,0.8522369490005608,True
08013000,dPL-MLP,XAJ-CN,test,0.5876234282242834,0.5876234282242834,True
08014500,IC-CMA-ES,XAJ-Base,train,0.9164120224945238,0.9164120224945238,True
08014500,IC-CMA-ES,XAJ-Base,test,0.588311688241259,0.588311688241259,True
08014500,IC-CMA-ES,XAJ-TGD,train,0.9177736935637408,0.9177736935637408,True
08014500,IC-CMA-ES,XAJ-TGD,test,0.6171048059401409,0.6171048059401409,True
08014500,IC-CMA-ES,XAJ-CN,train,0.9157522067252568,0.9157522067252568,True
08014500,IC-CMA-ES,XAJ-CN,test,0.583804469101013,0.583804469101013,True
08014500,dPL-MLP,XAJ-Base,train,0.8631133929147913,0.8631133929147913,True
08014500,dPL-MLP,XAJ-Base,test,0.6669726997180037,0.6669726997180037,True
08014500,dPL-MLP,XAJ-TGD,train,0.8963387905982225,0.8963387905982225,True
08014500,dPL-MLP,XAJ-TGD,test,0.6164022655158262,0.6164022655158262,True
08014500,dPL-MLP,XAJ-CN,train,0.8834365376964513,0.8834365376964513,True
08014500,dPL-MLP,XAJ-CN,test,0.6462481474115885,0.6462481474115885,True
05057200,IC-CMA-ES,XAJ-Base,train,0.4022262284426716,0.4022262284426716,True
05057200,IC-CMA-ES,XAJ-Base,test,-0.1203867899624011,-0.1203867899624011,True
05057200,IC-CMA-ES,XAJ-TGD,train,0.3831115305969762,0.3831115305969762,True
05057200,IC-CMA-ES,XAJ-TGD,test,-0.04231914856144,-0.04231914856144,True
05057200,IC-CMA-ES,XAJ-CN,train,0.5676371489833573,0.5676371489833573,True
05057200,IC-CMA-ES,XAJ-CN,test,0.1247308830001647,0.1247308830001647,True
05057200,dPL-MLP,XAJ-Base,train,0.0217472626834243,0.0217472626834243,True
05057200,dPL-MLP,XAJ-Base,test,-0.3385436933643502,-0.3385436933643502,True
05057200,dPL-MLP,XAJ-TGD,train,-0.1062368173920174,-0.1062368173920174,True
05057200,dPL-MLP,XAJ-TGD,test,-0.356266099564523,-0.356266099564523,True
05057200,dPL-MLP,XAJ-CN,train,0.1083301984225081,0.1083301984225081,True
05057200,dPL-MLP,XAJ-CN,test,-0.1621105445759478,-0.1621105445759478,True
05120500,IC-CMA-ES,XAJ-Base,train,0.4933757402754495,0.4933757402754495,True
05120500,IC-CMA-ES,XAJ-Base,test,-2.161713882426512,-2.161713882426512,True
05120500,IC-CMA-ES,XAJ-TGD,train,0.4961130155481242,0.4961130155481242,True
05120500,IC-CMA-ES,XAJ-TGD,test,-1.528954576887103,-1.528954576887103,True
05120500,IC-CMA-ES,XAJ-CN,train,0.6457929533253317,0.6457929533253317,True
05120500,IC-CMA-ES,XAJ-CN,test,-2.826469809663116,-2.826469809663116,True
05120500,dPL-MLP,XAJ-Base,train,0.1477834432574168,0.1477834432574168,True
05120500,dPL-MLP,XAJ-Base,test,-1.5509409276163155,-1.5509409276163155,True
05120500,dPL-MLP,XAJ-TGD,train,-0.0911906968029419,-0.0911906968029419,True
05120500,dPL-MLP,XAJ-TGD,test,0.223801889463053,0.223801889463053,True
05120500,dPL-MLP,XAJ-CN,train,-0.0147681848997005,-0.0147681848997005,True
05120500,dPL-MLP,XAJ-CN,test,0.1795284777792352,0.1795284777792352,True
06221400,IC-CMA-ES,XAJ-Base,train,0.2114099175419248,0.2114099175419248,True
06221400,IC-CMA-ES,XAJ-Base,test,-0.0499608556298569,-0.0499608556298569,True
06221400,IC-CMA-ES,XAJ-TGD,train,0.6415581845193115,0.6415581845193115,True
06221400,IC-CMA-ES,XAJ-TGD,test,0.3525617014248159,0.3525617014248159,True
06221400,IC-CMA-ES,XAJ-CN,train,0.8880296644032486,0.8880296644032486,True
06221400,IC-CMA-ES,XAJ-CN,test,0.6811394284968131,0.6811394284968131,True
06221400,dPL-MLP,XAJ-Base,train,0.1064561567398438,0.1064561567398438,True
06221400,dPL-MLP,XAJ-Base,test,-0.1046426607553547,-0.1046426607553547,True
06221400,dPL-MLP,XAJ-TGD,train,,,True
06221400,dPL-MLP,XAJ-TGD,test,,,True
06221400,dPL-MLP,XAJ-CN,train,0.7292236805761916,0.7292236805761916,True
06221400,dPL-MLP,XAJ-CN,test,0.4941110024147319,0.4941110024147319,True
06224000,IC-CMA-ES,XAJ-Base,train,0.076399444560689,0.076399444560689,True
06224000,IC-CMA-ES,XAJ-Base,test,0.0011451332173656,0.0011451332173656,True
06224000,IC-CMA-ES,XAJ-TGD,train,0.5353770592129512,0.5353770592129512,True
06224000,IC-CMA-ES,XAJ-TGD,test,0.4340876420267529,0.4340876420267529,True
06224000,IC-CMA-ES,XAJ-CN,train,0.8538520440114461,0.8538520440114461,True
06224000,IC-CMA-ES,XAJ-CN,test,0.7508518135253733,0.7508518135253733,True
06224000,dPL-MLP,XAJ-Base,train,0.045527461027934,0.045527461027934,True
06224000,dPL-MLP,XAJ-Base,test,-0.0462505588565196,-0.0462505588565196,True
06224000,dPL-MLP,XAJ-TGD,train,,,True
06224000,dPL-MLP,XAJ-TGD,test,,,True
06224000,dPL-MLP,XAJ-CN,train,0.6963198097510246,0.6963198097510246,True
06224000,dPL-MLP,XAJ-CN,test,0.5653870725048313,0.5653870725048313,True
06278300,IC-CMA-ES,XAJ-Base,train,0.071760323779715,0.071760323779715,True
06278300,IC-CMA-ES,XAJ-Base,test,0.1023048132668603,0.1023048132668603,True
06278300,IC-CMA-ES,XAJ-TGD,train,0.4468359093119278,0.4468359093119278,True
06278300,IC-CMA-ES,XAJ-TGD,test,0.5488300446963328,0.5488300446963328,True
06278300,IC-CMA-ES,XAJ-CN,train,0.7043155538933685,0.7043155538933685,True
06278300,IC-CMA-ES,XAJ-CN,test,0.8035432911242929,0.8035432911242929,True
06278300,dPL-MLP,XAJ-Base,train,0.0462201286136879,0.0462201286136879,True
06278300,dPL-MLP,XAJ-Base,test,0.071613061448888,0.071613061448888,True
06278300,dPL-MLP,XAJ-TGD,train,0.3775823729876583,0.3775823729876583,True
06278300,dPL-MLP,XAJ-TGD,test,0.516450539468183,0.516450539468183,True
06278300,dPL-MLP,XAJ-CN,train,0.5677797314251198,0.5677797314251198,True
06278300,dPL-MLP,XAJ-CN,test,0.7791604534925826,0.7791604534925826,True
06280300,IC-CMA-ES,XAJ-Base,train,0.1023802527133508,0.1023802527133508,True
06280300,IC-CMA-ES,XAJ-Base,test,0.0826889570011675,0.0826889570011675,True
06280300,IC-CMA-ES,XAJ-TGD,train,0.7855933414194964,0.7855933414194964,True
06280300,IC-CMA-ES,XAJ-TGD,test,0.7017758336586946,0.7017758336586946,True
06280300,IC-CMA-ES,XAJ-CN,train,0.9128284840078912,0.9128284840078912,True
06280300,IC-CMA-ES,XAJ-CN,test,0.8633956925275966,0.8633956925275966,True
06280300,dPL-MLP,XAJ-Base,train,0.083413092179164,0.083413092179164,True
06280300,dPL-MLP,XAJ-Base,test,0.075268347977727,0.075268347977727,True
06280300,dPL-MLP,XAJ-TGD,train,0.7423917480398337,0.7423917480398337,True
06280300,dPL-MLP,XAJ-TGD,test,0.7112405463377403,0.7112405463377403,True
06280300,dPL-MLP,XAJ-CN,train,0.8933312714387487,0.8933312714387487,True
06280300,dPL-MLP,XAJ-CN,test,0.8193663224138344,0.8193663224138344,True
06289000,IC-CMA-ES,XAJ-Base,train,0.4754036090007609,0.4754036090007609,True
06289000,IC-CMA-ES,XAJ-Base,test,0.5434255493947813,0.5434255493947813,True
06289000,IC-CMA-ES,XAJ-TGD,train,0.7879823336038307,0.7879823336038307,True
06289000,IC-CMA-ES,XAJ-TGD,test,0.8310349963407948,0.8310349963407948,True
06289000,IC-CMA-ES,XAJ-CN,train,0.8776150022354987,0.8776150022354987,True
06289000,IC-CMA-ES,XAJ-CN,test,0.8568632772247212,0.8568632772247212,True
06289000,dPL-MLP,XAJ-Base,train,0.449675473554915,0.449675473554915,True
06289000,dPL-MLP,XAJ-Base,test,0.4999864153864571,0.4999864153864571,True
06289000,dPL-MLP,XAJ-TGD,train,0.7360637866238513,0.7360637866238513,True
06289000,dPL-MLP,XAJ-TGD,test,0.7708757381402861,0.7708757381402861,True
06289000,dPL-MLP,XAJ-CN,train,0.81891423363354,0.81891423363354,True
06289000,dPL-MLP,XAJ-CN,test,0.8157875973747712,0.8157875973747712,True
06291500,IC-CMA-ES,XAJ-Base,train,0.5167413879223148,0.5167413879223148,True
06291500,IC-CMA-ES,XAJ-Base,test,0.570258517276297,0.570258517276297,True
06291500,IC-CMA-ES,XAJ-TGD,train,0.7606768157163941,0.7606768157163941,True
06291500,IC-CMA-ES,XAJ-TGD,test,0.6991639436539999,0.6991639436539999,True
06291500,IC-CMA-ES,XAJ-CN,train,0.8231491124637471,0.8231491124637471,True
06291500,IC-CMA-ES,XAJ-CN,test,0.7032944857687398,0.7032944857687398,True
06291500,dPL-MLP,XAJ-Base,train,0.5133677373393443,0.5133677373393443,True
06291500,dPL-MLP,XAJ-Base,test,0.5329086410408626,0.5329086410408626,True
06291500,dPL-MLP,XAJ-TGD,train,0.6603303839333302,0.6603303839333302,True
06291500,dPL-MLP,XAJ-TGD,test,0.7050274284200635,0.7050274284200635,True
06291500,dPL-MLP,XAJ-CN,train,0.6727218672063832,0.6727218672063832,True
06291500,dPL-MLP,XAJ-CN,test,0.7169730659836733,0.7169730659836733,True
06311000,IC-CMA-ES,XAJ-Base,train,0.4461832462913827,0.4461832462913827,True
06311000,IC-CMA-ES,XAJ-Base,test,0.4767107214411189,0.4767107214411189,True
06311000,IC-CMA-ES,XAJ-TGD,train,0.7885071622035141,0.7885071622035141,True
06311000,IC-CMA-ES,XAJ-TGD,test,0.8486025234287868,0.8486025234287868,True
06311000,IC-CMA-ES,XAJ-CN,train,0.8180694249131637,0.8180694249131637,True
06311000,IC-CMA-ES,XAJ-CN,test,0.864601822238747,0.864601822238747,True
06311000,dPL-MLP,XAJ-Base,train,0.4351107196974276,0.4351107196974276,True
06311000,dPL-MLP,XAJ-Base,test,0.4558575144013947,0.4558575144013947,True
06311000,dPL-MLP,XAJ-TGD,train,0.7525896442345873,0.7525896442345873,True
06311000,dPL-MLP,XAJ-TGD,test,0.7680192532003842,0.7680192532003842,True
06311000,dPL-MLP,XAJ-CN,train,0.7303280194585612,0.7303280194585612,True
06311000,dPL-MLP,XAJ-CN,test,0.7688530869172214,0.7688530869172214,True
06332515,IC-CMA-ES,XAJ-Base,train,0.3362979213292213,0.3362979213292213,True
06332515,IC-CMA-ES,XAJ-Base,test,0.0347934827083273,0.0347934827083273,True
06332515,IC-CMA-ES,XAJ-TGD,train,0.3367540297117454,0.3367540297117454,True
06332515,IC-CMA-ES,XAJ-TGD,test,-0.001227221452646,-0.001227221452646,True
06332515,IC-CMA-ES,XAJ-CN,train,0.4192632418851293,0.4192632418851293,True
06332515,IC-CMA-ES,XAJ-CN,test,0.2635813319436696,0.2635813319436696,True
06332515,dPL-MLP,XAJ-Base,train,0.0363678475950942,0.0363678475950942,True
06332515,dPL-MLP,XAJ-Base,test,-0.0708322559579808,-0.0708322559579808,True
06332515,dPL-MLP,XAJ-TGD,train,0.0107694153576125,0.0107694153576125,True
06332515,dPL-MLP,XAJ-TGD,test,-0.1016335583985017,-0.1016335583985017,True
06332515,dPL-MLP,XAJ-CN,train,0.1608731931262291,0.1608731931262291,True
06332515,dPL-MLP,XAJ-CN,test,0.0691569326857224,0.0691569326857224,True
06339100,IC-CMA-ES,XAJ-Base,train,0.2772831579748168,0.2772831579748168,True
06339100,IC-CMA-ES,XAJ-Base,test,0.0519181695363186,0.0519181695363186,True
06339100,IC-CMA-ES,XAJ-TGD,train,0.2921595009421449,0.2921595009421449,True
06339100,IC-CMA-ES,XAJ-TGD,test,0.1089637286643164,0.1089637286643164,True
06339100,IC-CMA-ES,XAJ-CN,train,0.4354327109701345,0.4354327109701345,True
06339100,IC-CMA-ES,XAJ-CN,test,0.1441091872987862,0.1441091872987862,True
06339100,dPL-MLP,XAJ-Base,train,0.0931166133091553,0.0931166133091553,True
06339100,dPL-MLP,XAJ-Base,test,-0.0565481397990481,-0.0565481397990481,True
06339100,dPL-MLP,XAJ-TGD,train,0.054958219769353,0.054958219769353,True
06339100,dPL-MLP,XAJ-TGD,test,-0.0923056374609043,-0.0923056374609043,True
06339100,dPL-MLP,XAJ-CN,train,0.2383419371089813,0.2383419371089813,True
06339100,dPL-MLP,XAJ-CN,test,0.0623976343041823,0.0623976343041823,True
06344600,IC-CMA-ES,XAJ-Base,train,0.3131982852510827,0.3131982852510827,True
06344600,IC-CMA-ES,XAJ-Base,test,-0.0251458172304746,-0.0251458172304746,True
06344600,IC-CMA-ES,XAJ-TGD,train,0.3956748425655604,0.3956748425655604,True
06344600,IC-CMA-ES,XAJ-TGD,test,0.0847447679647611,0.0847447679647611,True
06344600,IC-CMA-ES,XAJ-CN,train,0.4668679063160151,0.4668679063160151,True
06344600,IC-CMA-ES,XAJ-CN,test,0.0212746055766024,0.0212746055766024,True
06344600,dPL-MLP,XAJ-Base,train,-0.0260439915525536,-0.0260439915525536,True
06344600,dPL-MLP,XAJ-Base,test,-0.0756995132538518,-0.0756995132538518,True
06344600,dPL-MLP,XAJ-TGD,train,-0.0008708797198566,-0.0008708797198566,True
06344600,dPL-MLP,XAJ-TGD,test,-0.1248263949813051,-0.1248263949813051,True
06344600,dPL-MLP,XAJ-CN,train,0.0785581348426992,0.0785581348426992,True
06344600,dPL-MLP,XAJ-CN,test,-0.0320326845329648,-0.0320326845329648,True
06350000,IC-CMA-ES,XAJ-Base,train,0.2451899447295586,0.2451899447295586,True
06350000,IC-CMA-ES,XAJ-Base,test,-0.0359829074254087,-0.0359829074254087,True
06350000,IC-CMA-ES,XAJ-TGD,train,0.4251098782972439,0.4251098782972439,True
06350000,IC-CMA-ES,XAJ-TGD,test,0.0509991077407422,0.0509991077407422,True
06350000,IC-CMA-ES,XAJ-CN,train,0.5341943040267201,0.5341943040267201,True
06350000,IC-CMA-ES,XAJ-CN,test,0.2203160737563676,0.2203160737563676,True
06350000,dPL-MLP,XAJ-Base,train,-0.0803172917496179,-0.0803172917496179,True
06350000,dPL-MLP,XAJ-Base,test,-0.1926962413079747,-0.1926962413079747,True
06350000,dPL-MLP,XAJ-TGD,train,-0.085702211131635,-0.085702211131635,True
06350000,dPL-MLP,XAJ-TGD,test,-0.1757895748299758,-0.1757895748299758,True
06350000,dPL-MLP,XAJ-CN,train,-0.0633105778681248,-0.0633105778681248,True
06350000,dPL-MLP,XAJ-CN,test,-0.0989219426793781,-0.0989219426793781,True
06352000,IC-CMA-ES,XAJ-Base,train,0.2336186603819344,0.2336186603819344,True
06352000,IC-CMA-ES,XAJ-Base,test,-0.0136096350238641,-0.0136096350238641,True
06352000,IC-CMA-ES,XAJ-TGD,train,0.4017434565424077,0.4017434565424077,True
06352000,IC-CMA-ES,XAJ-TGD,test,-0.0267524762009658,-0.0267524762009658,True
06352000,IC-CMA-ES,XAJ-CN,train,0.6370398513551704,0.6370398513551704,True
06352000,IC-CMA-ES,XAJ-CN,test,0.4084154699571422,0.4084154699571422,True
06352000,dPL-MLP,XAJ-Base,train,-0.0117052147106886,-0.0117052147106886,True
06352000,dPL-MLP,XAJ-Base,test,-0.2441535224621034,-0.2441535224621034,True
06352000,dPL-MLP,XAJ-TGD,train,-0.0742648764226232,-0.0742648764226232,True
06352000,dPL-MLP,XAJ-TGD,test,-0.3114549838874469,-0.3114549838874469,True
06352000,dPL-MLP,XAJ-CN,train,-0.0239133196220826,-0.0239133196220826,True
06352000,dPL-MLP,XAJ-CN,test,-0.1986441988041305,-0.1986441988041305,True
06404000,IC-CMA-ES,XAJ-Base,train,0.9352907144760152,0.9352907144760152,True
06404000,IC-CMA-ES,XAJ-Base,test,0.7707638666013144,0.7707638666013144,True
06404000,IC-CMA-ES,XAJ-TGD,train,0.9456854725902886,0.9456854725902886,True
06404000,IC-CMA-ES,XAJ-TGD,test,0.7980856228249338,0.7980856228249338,True
06404000,IC-CMA-ES,XAJ-CN,train,0.936205458857083,0.936205458857083,True
06404000,IC-CMA-ES,XAJ-CN,test,0.8067106401252865,0.8067106401252865,True
06404000,dPL-MLP,XAJ-Base,train,0.8464209045124538,0.8464209045124538,True
06404000,dPL-MLP,XAJ-Base,test,0.6946582778855777,0.6946582778855777,True
06404000,dPL-MLP,XAJ-TGD,train,0.6576902370271283,0.6576902370271283,True
06404000,dPL-MLP,XAJ-TGD,test,0.5901376541355534,0.5901376541355534,True
06404000,dPL-MLP,XAJ-CN,train,0.8702652632221747,0.8702652632221747,True
06404000,dPL-MLP,XAJ-CN,test,0.7891944071580108,0.7891944071580108,True
06406000,IC-CMA-ES,XAJ-Base,train,0.8665334072384142,0.8665334072384142,True
06406000,IC-CMA-ES,XAJ-Base,test,0.4847756342483151,0.4847756342483151,True
06406000,IC-CMA-ES,XAJ-TGD,train,0.9010695504852376,0.9010695504852376,True
06406000,IC-CMA-ES,XAJ-TGD,test,0.4858496764516217,0.4858496764516217,True
06406000,IC-CMA-ES,XAJ-CN,train,0.8822070301145227,0.8822070301145227,True
06406000,IC-CMA-ES,XAJ-CN,test,0.5285242321401116,0.5285242321401116,True
06406000,dPL-MLP,XAJ-Base,train,0.7683943997649796,0.7683943997649796,True
06406000,dPL-MLP,XAJ-Base,test,0.5343321832139833,0.5343321832139833,True
06406000,dPL-MLP,XAJ-TGD,train,0.6465989059248539,0.6465989059248539,True
06406000,dPL-MLP,XAJ-TGD,test,0.458755067711505,0.458755067711505,True
06406000,dPL-MLP,XAJ-CN,train,0.7839744833356876,0.7839744833356876,True
06406000,dPL-MLP,XAJ-CN,test,0.5077813733067092,0.5077813733067092,True
06409000,IC-CMA-ES,XAJ-Base,train,0.6533051111735481,0.6533051111735481,True
06409000,IC-CMA-ES,XAJ-Base,test,0.4739625183362876,0.4739625183362876,True
06409000,IC-CMA-ES,XAJ-TGD,train,0.6676661712912186,0.6676661712912186,True
06409000,IC-CMA-ES,XAJ-TGD,test,0.4194710908887055,0.4194710908887055,True
06409000,IC-CMA-ES,XAJ-CN,train,0.704903110541534,0.704903110541534,True
06409000,IC-CMA-ES,XAJ-CN,test,0.2067085124778915,0.2067085124778915,True
06409000,dPL-MLP,XAJ-Base,train,0.5039224192461661,0.5039224192461661,True
06409000,dPL-MLP,XAJ-Base,test,0.5413302142885766,0.5413302142885766,True
06409000,dPL-MLP,XAJ-TGD,train,0.5586963980720319,0.5586963980720319,True
06409000,dPL-MLP,XAJ-TGD,test,0.1950788218309841,0.1950788218309841,True
06409000,dPL-MLP,XAJ-CN,train,0.4283435769764837,0.4283435769764837,True
06409000,dPL-MLP,XAJ-CN,test,0.2292050678902084,0.2292050678902084,True
06431500,IC-CMA-ES,XAJ-Base,train,0.8932297670896513,0.8932297670896513,True
06431500,IC-CMA-ES,XAJ-Base,test,0.7068066474955244,0.7068066474955244,True
06431500,IC-CMA-ES,XAJ-TGD,train,0.8741859185950074,0.8741859185950074,True
06431500,IC-CMA-ES,XAJ-TGD,test,0.3692688376107188,0.3692688376107188,True
06431500,IC-CMA-ES,XAJ-CN,train,0.9158808951964428,0.9158808951964428,True
06431500,IC-CMA-ES,XAJ-CN,test,0.610006113914145,0.610006113914145,True
06431500,dPL-MLP,XAJ-Base,train,0.7119231465002922,0.7119231465002922,True
06431500,dPL-MLP,XAJ-Base,test,0.7059739518059254,0.7059739518059254,True
06431500,dPL-MLP,XAJ-TGD,train,0.2213055736158348,0.2213055736158348,True
06431500,dPL-MLP,XAJ-TGD,test,0.495340705473392,0.495340705473392,True
06431500,dPL-MLP,XAJ-CN,train,0.2861681084657738,0.2861681084657738,True
06431500,dPL-MLP,XAJ-CN,test,0.494969115193881,0.494969115193881,True
06440200,IC-CMA-ES,XAJ-Base,train,0.8114242901589102,0.8114242901589102,True
06440200,IC-CMA-ES,XAJ-Base,test,0.2826119412653164,0.2826119412653164,True
06440200,IC-CMA-ES,XAJ-TGD,train,0.8174120624333892,0.8174120624333892,True
06440200,IC-CMA-ES,XAJ-TGD,test,0.3389402777192193,0.3389402777192193,True
06440200,IC-CMA-ES,XAJ-CN,train,0.8044250281512502,0.8044250281512502,True
06440200,IC-CMA-ES,XAJ-CN,test,0.3171481000081254,0.3171481000081254,True
06440200,dPL-MLP,XAJ-Base,train,0.7362958894247522,0.7362958894247522,True
06440200,dPL-MLP,XAJ-Base,test,0.2175961737771801,0.2175961737771801,True
06440200,dPL-MLP,XAJ-TGD,train,0.3088393248589478,0.3088393248589478,True
06440200,dPL-MLP,XAJ-TGD,test,0.3107280777716269,0.3107280777716269,True
06440200,dPL-MLP,XAJ-CN,train,0.3700562408209504,0.3700562408209504,True
06440200,dPL-MLP,XAJ-CN,test,0.4492138958541279,0.4492138958541279,True
06447500,IC-CMA-ES,XAJ-Base,train,0.4007409092159357,0.4007409092159357,True
06447500,IC-CMA-ES,XAJ-Base,test,-0.2990664097555384,-0.2990664097555384,True
06447500,IC-CMA-ES,XAJ-TGD,train,0.4124960903667899,0.4124960903667899,True
06447500,IC-CMA-ES,XAJ-TGD,test,-0.6861678803471853,-0.6861678803471853,True
06447500,IC-CMA-ES,XAJ-CN,train,0.436244885701468,0.436244885701468,True
06447500,IC-CMA-ES,XAJ-CN,test,0.4653664643601375,0.4653664643601375,True
06447500,dPL-MLP,XAJ-Base,train,0.2875098888881978,0.2875098888881978,True
06447500,dPL-MLP,XAJ-Base,test,0.2789957010637925,0.2789957010637925,True
06447500,dPL-MLP,XAJ-TGD,train,0.0667564313536684,0.0667564313536684,True
06447500,dPL-MLP,XAJ-TGD,test,-0.0759932727373575,-0.0759932727373575,True
06447500,dPL-MLP,XAJ-CN,train,0.168571167030459,0.168571167030459,True
06447500,dPL-MLP,XAJ-CN,test,0.1675410170979661,0.1675410170979661,True
06470800,IC-CMA-ES,XAJ-Base,train,0.3649009222607571,0.3649009222607571,True
06470800,IC-CMA-ES,XAJ-Base,test,0.0133687212107038,0.0133687212107038,True
06470800,IC-CMA-ES,XAJ-TGD,train,0.5368895202019494,0.5368895202019494,True
06470800,IC-CMA-ES,XAJ-TGD,test,0.3253618101284593,0.3253618101284593,True
06470800,IC-CMA-ES,XAJ-CN,train,0.5650601189966766,0.5650601189966766,True
06470800,IC-CMA-ES,XAJ-CN,test,0.2113318533564221,0.2113318533564221,True
06470800,dPL-MLP,XAJ-Base,train,0.242134826409564,0.242134826409564,True
06470800,dPL-MLP,XAJ-Base,test,-0.1149285665466099,-0.1149285665466099,True
06470800,dPL-MLP,XAJ-TGD,train,0.1290105171078818,0.1290105171078818,True
06470800,dPL-MLP,XAJ-TGD,test,-0.164796789329422,-0.164796789329422,True
06470800,dPL-MLP,XAJ-CN,train,0.4418421566921566,0.4418421566921566,True
06470800,dPL-MLP,XAJ-CN,test,0.1218479525576879,0.1218479525576879,True
06477500,IC-CMA-ES,XAJ-Base,train,0.7942224382369809,0.7942224382369809,True
06477500,IC-CMA-ES,XAJ-Base,test,0.3152384214196951,0.3152384214196951,True
06477500,IC-CMA-ES,XAJ-TGD,train,0.795520406574158,0.795520406574158,True
06477500,IC-CMA-ES,XAJ-TGD,test,0.3658049676600541,0.3658049676600541,True
06477500,IC-CMA-ES,XAJ-CN,train,0.8477972034444161,0.8477972034444161,True
06477500,IC-CMA-ES,XAJ-CN,test,0.1319322052982798,0.1319322052982798,True
06477500,dPL-MLP,XAJ-Base,train,0.1524808673865045,0.1524808673865045,True
06477500,dPL-MLP,XAJ-Base,test,0.3970276616120675,0.3970276616120675,True
06477500,dPL-MLP,XAJ-TGD,train,0.1647944935585226,0.1647944935585226,True
06477500,dPL-MLP,XAJ-TGD,test,0.3361232938011341,0.3361232938011341,True
06477500,dPL-MLP,XAJ-CN,train,0.2905914723118329,0.2905914723118329,True
06477500,dPL-MLP,XAJ-CN,test,0.5896318306331283,0.5896318306331283,True
06479215,IC-CMA-ES,XAJ-Base,train,0.4456646895069941,0.4456646895069941,True
06479215,IC-CMA-ES,XAJ-Base,test,0.2033707725252592,0.2033707725252592,True
06479215,IC-CMA-ES,XAJ-TGD,train,0.5970564510050473,0.5970564510050473,True
06479215,IC-CMA-ES,XAJ-TGD,test,0.150190539759663,0.150190539759663,True
06479215,IC-CMA-ES,XAJ-CN,train,0.7132295844898412,0.7132295844898412,True
06479215,IC-CMA-ES,XAJ-CN,test,0.2389083532464976,0.2389083532464976,True
06479215,dPL-MLP,XAJ-Base,train,0.2925622354022291,0.2925622354022291,True
06479215,dPL-MLP,XAJ-Base,test,0.2200106063945602,0.2200106063945602,True
06479215,dPL-MLP,XAJ-TGD,train,0.2051986620142404,0.2051986620142404,True
06479215,dPL-MLP,XAJ-TGD,test,0.1830602445670517,0.1830602445670517,True
06479215,dPL-MLP,XAJ-CN,train,0.3286852282514702,0.3286852282514702,True
06479215,dPL-MLP,XAJ-CN,test,0.572502467675165,0.572502467675165,True
06601000,IC-CMA-ES,XAJ-Base,train,0.583544126196774,0.583544126196774,True
06601000,IC-CMA-ES,XAJ-Base,test,0.419266594242311,0.419266594242311,True
06601000,IC-CMA-ES,XAJ-TGD,train,0.6039608172317651,0.6039608172317651,True
06601000,IC-CMA-ES,XAJ-TGD,test,0.4160428465282244,0.4160428465282244,True
06601000,IC-CMA-ES,XAJ-CN,train,0.6194279739443644,0.6194279739443644,True
06601000,IC-CMA-ES,XAJ-CN,test,0.4766335479373575,0.4766335479373575,True
06601000,dPL-MLP,XAJ-Base,train,0.329840814463424,0.329840814463424,True
06601000,dPL-MLP,XAJ-Base,test,0.1271030745119166,0.1271030745119166,True
06601000,dPL-MLP,XAJ-TGD,train,0.375389262920515,0.375389262920515,True
06601000,dPL-MLP,XAJ-TGD,test,0.1765522002918444,0.1765522002918444,True
06601000,dPL-MLP,XAJ-CN,train,0.4289003459571904,0.4289003459571904,True
06601000,dPL-MLP,XAJ-CN,test,0.2393845812680559,0.2393845812680559,True
06614800,IC-CMA-ES,XAJ-Base,train,-0.0929170595565691,-0.0929170595565691,True
06614800,IC-CMA-ES,XAJ-Base,test,-0.0907813120194085,-0.0907813120194085,True
06614800,IC-CMA-ES,XAJ-TGD,train,0.6217621950757404,0.6217621950757404,True
06614800,IC-CMA-ES,XAJ-TGD,test,0.566709779575406,0.566709779575406,True
06614800,IC-CMA-ES,XAJ-CN,train,0.9350984742027016,0.9350984742027016,True
06614800,IC-CMA-ES,XAJ-CN,test,0.887407976954085,0.887407976954085,True
06614800,dPL-MLP,XAJ-Base,train,-0.0884270249120471,-0.0884270249120471,True
06614800,dPL-MLP,XAJ-Base,test,-0.0792437877492524,-0.0792437877492524,True
06614800,dPL-MLP,XAJ-TGD,train,0.5957367038735613,0.5957367038735613,True
06614800,dPL-MLP,XAJ-TGD,test,0.5557898407473347,0.5557898407473347,True
06614800,dPL-MLP,XAJ-CN,train,0.8963804929817142,0.8963804929817142,True
06614800,dPL-MLP,XAJ-CN,test,0.8215938205069464,0.8215938205069464,True
06622700,IC-CMA-ES,XAJ-Base,train,0.1060740776229595,0.1060740776229595,True
06622700,IC-CMA-ES,XAJ-Base,test,0.0810541949067991,0.0810541949067991,True
06622700,IC-CMA-ES,XAJ-TGD,train,0.6516923985199792,0.6516923985199792,True
06622700,IC-CMA-ES,XAJ-TGD,test,0.649174716555464,0.649174716555464,True
06622700,IC-CMA-ES,XAJ-CN,train,0.858198242204569,0.858198242204569,True
06622700,IC-CMA-ES,XAJ-CN,test,0.8744855957407469,0.8744855957407469,True
06622700,dPL-MLP,XAJ-Base,train,0.087365724659324,0.087365724659324,True
06622700,dPL-MLP,XAJ-Base,test,0.0881282243665158,0.0881282243665158,True
06622700,dPL-MLP,XAJ-TGD,train,0.6325263103010421,0.6325263103010421,True
06622700,dPL-MLP,XAJ-TGD,test,0.6645535530200802,0.6645535530200802,True
06622700,dPL-MLP,XAJ-CN,train,0.6538325699048856,0.6538325699048856,True
06622700,dPL-MLP,XAJ-CN,test,0.7382812567348738,0.7382812567348738,True
06623800,IC-CMA-ES,XAJ-Base,train,0.0611955548460458,0.0611955548460458,True
06623800,IC-CMA-ES,XAJ-Base,test,0.0154645226752067,0.0154645226752067,True
06623800,IC-CMA-ES,XAJ-TGD,train,0.6822654784614641,0.6822654784614641,True
06623800,IC-CMA-ES,XAJ-TGD,test,0.6338100634402926,0.6338100634402926,True
06623800,IC-CMA-ES,XAJ-CN,train,0.9272346097608752,0.9272346097608752,True
06623800,IC-CMA-ES,XAJ-CN,test,0.9086744892702936,0.9086744892702936,True
06623800,dPL-MLP,XAJ-Base,train,0.0466457307990829,0.0466457307990829,True
06623800,dPL-MLP,XAJ-Base,test,0.0110171480888361,0.0110171480888361,True
06623800,dPL-MLP,XAJ-TGD,train,0.6672676507631565,0.6672676507631565,True
06623800,dPL-MLP,XAJ-TGD,test,0.6154468281377412,0.6154468281377412,True
06623800,dPL-MLP,XAJ-CN,train,0.8359243233196558,0.8359243233196558,True
06623800,dPL-MLP,XAJ-CN,test,0.8744665590575508,0.8744665590575508,True
06632400,IC-CMA-ES,XAJ-Base,train,0.0993792781811934,0.0993792781811934,True
06632400,IC-CMA-ES,XAJ-Base,test,0.0842489083961267,0.0842489083961267,True
06632400,IC-CMA-ES,XAJ-TGD,train,0.6610161424638614,0.6610161424638614,True
06632400,IC-CMA-ES,XAJ-TGD,test,0.7042308208897605,0.7042308208897605,True
06632400,IC-CMA-ES,XAJ-CN,train,0.8711486181017127,0.8711486181017127,True
06632400,IC-CMA-ES,XAJ-CN,test,0.7635407347581173,0.7635407347581173,True
06632400,dPL-MLP,XAJ-Base,train,0.0866170276888714,0.0866170276888714,True
06632400,dPL-MLP,XAJ-Base,test,0.0906909234171122,0.0906909234171122,True
06632400,dPL-MLP,XAJ-TGD,train,0.6569193803778848,0.6569193803778848,True
06632400,dPL-MLP,XAJ-TGD,test,0.6987263802151829,0.6987263802151829,True
06632400,dPL-MLP,XAJ-CN,train,0.7602150537769224,0.7602150537769224,True
06632400,dPL-MLP,XAJ-CN,test,0.8231065674746525,0.8231065674746525,True
06746095,IC-CMA-ES,XAJ-Base,train,-0.1204443797051595,-0.1204443797051595,True
06746095,IC-CMA-ES,XAJ-Base,test,-0.1716222314078104,-0.1716222314078104,True
06746095,IC-CMA-ES,XAJ-TGD,train,0.3338353955179561,0.3338353955179561,True
06746095,IC-CMA-ES,XAJ-TGD,test,0.2140700205614553,0.2140700205614553,True
06746095,IC-CMA-ES,XAJ-CN,train,0.8481918484115929,0.8481918484115929,True
06746095,IC-CMA-ES,XAJ-CN,test,0.678659857814935,0.678659857814935,True
06746095,dPL-MLP,XAJ-Base,train,-0.2062491537661779,-0.2062491537661779,True
06746095,dPL-MLP,XAJ-Base,test,-0.2409927525759716,-0.2409927525759716,True
06746095,dPL-MLP,XAJ-TGD,train,0.3084557465657267,0.3084557465657267,True
06746095,dPL-MLP,XAJ-TGD,test,0.1847873214589911,0.1847873214589911,True
06746095,dPL-MLP,XAJ-CN,train,0.5577052450095571,0.5577052450095571,True
06746095,dPL-MLP,XAJ-CN,test,0.3790536884553784,0.3790536884553784,True
06803510,IC-CMA-ES,XAJ-Base,train,0.7280059848830651,0.7280059848830651,True
06803510,IC-CMA-ES,XAJ-Base,test,0.1801017497470903,0.1801017497470903,True
06803510,IC-CMA-ES,XAJ-TGD,train,0.7303054412515914,0.7303054412515914,True
06803510,IC-CMA-ES,XAJ-TGD,test,0.0521671243671519,0.0521671243671519,True
06803510,IC-CMA-ES,XAJ-CN,train,0.7188886861403436,0.7188886861403436,True
06803510,IC-CMA-ES,XAJ-CN,test,-0.0055612715060995,-0.0055612715060995,True
06803510,dPL-MLP,XAJ-Base,train,0.5852909600082183,0.5852909600082183,True
06803510,dPL-MLP,XAJ-Base,test,-0.0806280371338168,-0.0806280371338168,True
06803510,dPL-MLP,XAJ-TGD,train,0.5610677824686634,0.5610677824686634,True
06803510,dPL-MLP,XAJ-TGD,test,0.1949171650547332,0.1949171650547332,True
06803510,dPL-MLP,XAJ-CN,train,0.5453452834678354,0.5453452834678354,True
06803510,dPL-MLP,XAJ-CN,test,0.5596728045755096,0.5596728045755096,True
06803530,IC-CMA-ES,XAJ-Base,train,0.7254159498490199,0.7254159498490199,True
06803530,IC-CMA-ES,XAJ-Base,test,0.5811215238022531,0.5811215238022531,True
06803530,IC-CMA-ES,XAJ-TGD,train,0.7417632348746461,0.7417632348746461,True
06803530,IC-CMA-ES,XAJ-TGD,test,0.588628088567722,0.588628088567722,True
06803530,IC-CMA-ES,XAJ-CN,train,0.7601247671796587,0.7601247671796587,True
06803530,IC-CMA-ES,XAJ-CN,test,0.5969621211759555,0.5969621211759555,True
06803530,dPL-MLP,XAJ-Base,train,0.6247885058425096,0.6247885058425096,True
06803530,dPL-MLP,XAJ-Base,test,0.3987887946913792,0.3987887946913792,True
06803530,dPL-MLP,XAJ-TGD,train,0.6013776755729601,0.6013776755729601,True
06803530,dPL-MLP,XAJ-TGD,test,0.5450485552046958,0.5450485552046958,True
06803530,dPL-MLP,XAJ-CN,train,0.6069171467177162,0.6069171467177162,True
06803530,dPL-MLP,XAJ-CN,test,0.647164199601153,0.647164199601153,True
06814000,IC-CMA-ES,XAJ-Base,train,0.8821645830632856,0.8821645830632856,True
06814000,IC-CMA-ES,XAJ-Base,test,0.8315841168746415,0.8315841168746415,True
06814000,IC-CMA-ES,XAJ-TGD,train,0.8905378415666817,0.8905378415666817,True
06814000,IC-CMA-ES,XAJ-TGD,test,0.8551385797641688,0.8551385797641688,True
06814000,IC-CMA-ES,XAJ-CN,train,0.8902775503885242,0.8902775503885242,True
06814000,IC-CMA-ES,XAJ-CN,test,0.7723299287174205,0.7723299287174205,True
06814000,dPL-MLP,XAJ-Base,train,0.880533786600595,0.880533786600595,True
06814000,dPL-MLP,XAJ-Base,test,0.8215482107498924,0.8215482107498924,True
06814000,dPL-MLP,XAJ-TGD,train,0.8561094138602563,0.8561094138602563,True
06814000,dPL-MLP,XAJ-TGD,test,0.7741525995831495,0.7741525995831495,True
06814000,dPL-MLP,XAJ-CN,train,0.8697086713237836,0.8697086713237836,True
06814000,dPL-MLP,XAJ-CN,test,0.8183573156591819,0.8183573156591819,True
06847900,IC-CMA-ES,XAJ-Base,train,0.2389422899798743,0.2389422899798743,True
06847900,IC-CMA-ES,XAJ-Base,test,0.2713667252505257,0.2713667252505257,True
06847900,IC-CMA-ES,XAJ-TGD,train,0.309256811861659,0.309256811861659,True
06847900,IC-CMA-ES,XAJ-TGD,test,0.34515431714684,0.34515431714684,True
06847900,IC-CMA-ES,XAJ-CN,train,0.4384057836581086,0.4384057836581086,True
06847900,IC-CMA-ES,XAJ-CN,test,0.2427229969793787,0.2427229969793787,True
06847900,dPL-MLP,XAJ-Base,train,-0.0664764637926029,-0.0664764637926029,True
06847900,dPL-MLP,XAJ-Base,test,0.0561557697487495,0.0561557697487495,True
06847900,dPL-MLP,XAJ-TGD,train,-0.2723930504204299,-0.2723930504204299,True
06847900,dPL-MLP,XAJ-TGD,test,-0.2101735155480004,-0.2101735155480004,True
06847900,dPL-MLP,XAJ-CN,train,-0.0862022842241461,-0.0862022842241461,True
06847900,dPL-MLP,XAJ-CN,test,-0.0816386680436327,-0.0816386680436327,True
06853800,IC-CMA-ES,XAJ-Base,train,0.7488774763658288,0.7488774763658288,True
06853800,IC-CMA-ES,XAJ-Base,test,0.5508925709844386,0.5508925709844386,True
06853800,IC-CMA-ES,XAJ-TGD,train,0.7754804698878213,0.7754804698878213,True
06853800,IC-CMA-ES,XAJ-TGD,test,0.527108630382537,0.527108630382537,True
06853800,IC-CMA-ES,XAJ-CN,train,0.7800616030360819,0.7800616030360819,True
06853800,IC-CMA-ES,XAJ-CN,test,0.5179436129045403,0.5179436129045403,True
06853800,dPL-MLP,XAJ-Base,train,0.629624467545659,0.629624467545659,True
06853800,dPL-MLP,XAJ-Base,test,0.5233802492833712,0.5233802492833712,True
06853800,dPL-MLP,XAJ-TGD,train,0.7279287233157578,0.7279287233157578,True
06853800,dPL-MLP,XAJ-TGD,test,0.5122029366246219,0.5122029366246219,True
06853800,dPL-MLP,XAJ-CN,train,0.612275156339654,0.612275156339654,True
06853800,dPL-MLP,XAJ-CN,test,0.5530177402918188,0.5530177402918188,True
06876700,IC-CMA-ES,XAJ-Base,train,0.8905634647471937,0.8905634647471937,True
06876700,IC-CMA-ES,XAJ-Base,test,0.5440712214376282,0.5440712214376282,True
06876700,IC-CMA-ES,XAJ-TGD,train,0.87606298062048,0.87606298062048,True
06876700,IC-CMA-ES,XAJ-TGD,test,0.447222400845918,0.447222400845918,True
06876700,IC-CMA-ES,XAJ-CN,train,0.8991868830325895,0.8991868830325895,True
06876700,IC-CMA-ES,XAJ-CN,test,0.5550118413466826,0.5550118413466826,True
06876700,dPL-MLP,XAJ-Base,train,0.8124027551047626,0.8124027551047626,True
06876700,dPL-MLP,XAJ-Base,test,0.6263744290220306,0.6263744290220306,True
06876700,dPL-MLP,XAJ-TGD,train,0.6893004933628993,0.6893004933628993,True
06876700,dPL-MLP,XAJ-TGD,test,0.4712592596767596,0.4712592596767596,True
06876700,dPL-MLP,XAJ-CN,train,0.7804002296135937,0.7804002296135937,True
06876700,dPL-MLP,XAJ-CN,test,0.5176987943338558,0.5176987943338558,True
06878000,IC-CMA-ES,XAJ-Base,train,0.8205622585277522,0.8205622585277522,True
06878000,IC-CMA-ES,XAJ-Base,test,0.704254859544662,0.704254859544662,True
06878000,IC-CMA-ES,XAJ-TGD,train,0.8441441197873648,0.8441441197873648,True
06878000,IC-CMA-ES,XAJ-TGD,test,0.6435415409986052,0.6435415409986052,True
06878000,IC-CMA-ES,XAJ-CN,train,0.8213125029517698,0.8213125029517698,True
06878000,IC-CMA-ES,XAJ-CN,test,0.7039343108803195,0.7039343108803195,True
06878000,dPL-MLP,XAJ-Base,train,0.825589755627276,0.825589755627276,True
06878000,dPL-MLP,XAJ-Base,test,0.6573341897551827,0.6573341897551827,True
06878000,dPL-MLP,XAJ-TGD,train,0.8281752670486546,0.8281752670486546,True
06878000,dPL-MLP,XAJ-TGD,test,0.5304690176367242,0.5304690176367242,True
06878000,dPL-MLP,XAJ-CN,train,0.7721921240376312,0.7721921240376312,True
06878000,dPL-MLP,XAJ-CN,test,0.4634861083524519,0.4634861083524519,True
06879650,IC-CMA-ES,XAJ-Base,train,0.5358444825420247,0.5358444825420247,True
06879650,IC-CMA-ES,XAJ-Base,test,0.3223204862670122,0.3223204862670122,True
06879650,IC-CMA-ES,XAJ-TGD,train,0.5584630952619631,0.5584630952619631,True
06879650,IC-CMA-ES,XAJ-TGD,test,0.3572655805576029,0.3572655805576029,True
06879650,IC-CMA-ES,XAJ-CN,train,0.5474337093951331,0.5474337093951331,True
06879650,IC-CMA-ES,XAJ-CN,test,0.3615387422440731,0.3615387422440731,True
06879650,dPL-MLP,XAJ-Base,train,0.2783438637111882,0.2783438637111882,True
06879650,dPL-MLP,XAJ-Base,test,0.3890327351738024,0.3890327351738024,True
06879650,dPL-MLP,XAJ-TGD,train,0.2040476105872737,0.2040476105872737,True
06879650,dPL-MLP,XAJ-TGD,test,0.3214276994025092,0.3214276994025092,True
06879650,dPL-MLP,XAJ-CN,train,0.2399584737498885,0.2399584737498885,True
06879650,dPL-MLP,XAJ-CN,test,0.363607389575056,0.363607389575056,True
06885500,IC-CMA-ES,XAJ-Base,train,0.8984619450466084,0.8984619450466084,True
06885500,IC-CMA-ES,XAJ-Base,test,0.7743630222446843,0.7743630222446843,True
06885500,IC-CMA-ES,XAJ-TGD,train,0.8878270137864422,0.8878270137864422,True
06885500,IC-CMA-ES,XAJ-TGD,test,0.6193611223267556,0.6193611223267556,True
06885500,IC-CMA-ES,XAJ-CN,train,0.8907418329503454,0.8907418329503454,True
06885500,IC-CMA-ES,XAJ-CN,test,0.7049889308826163,0.7049889308826163,True
06885500,dPL-MLP,XAJ-Base,train,0.8143498287836726,0.8143498287836726,True
06885500,dPL-MLP,XAJ-Base,test,0.5349394711466806,0.5349394711466806,True
06885500,dPL-MLP,XAJ-TGD,train,0.7699668303194719,0.7699668303194719,True
06885500,dPL-MLP,XAJ-TGD,test,0.5884651351809309,0.5884651351809309,True
06885500,dPL-MLP,XAJ-CN,train,0.7617744743814159,0.7617744743814159,True
06885500,dPL-MLP,XAJ-CN,test,0.625384806802822,0.625384806802822,True
06888500,IC-CMA-ES,XAJ-Base,train,0.8404476037223105,0.8404476037223105,True
06888500,IC-CMA-ES,XAJ-Base,test,0.5206601201774489,0.5206601201774489,True
06888500,IC-CMA-ES,XAJ-TGD,train,0.856305950228637,0.856305950228637,True
06888500,IC-CMA-ES,XAJ-TGD,test,0.5495618525942989,0.5495618525942989,True
06888500,IC-CMA-ES,XAJ-CN,train,0.8548089664532905,0.8548089664532905,True
06888500,IC-CMA-ES,XAJ-CN,test,0.5324082323494901,0.5324082323494901,True
06888500,dPL-MLP,XAJ-Base,train,0.8246347344181715,0.8246347344181715,True
06888500,dPL-MLP,XAJ-Base,test,0.626297359798689,0.626297359798689,True
06888500,dPL-MLP,XAJ-TGD,train,0.7910450791562241,0.7910450791562241,True
06888500,dPL-MLP,XAJ-TGD,test,0.7087265066581263,0.7087265066581263,True
06888500,dPL-MLP,XAJ-CN,train,0.8174313129308,0.8174313129308,True
06888500,dPL-MLP,XAJ-CN,test,0.6555194701704843,0.6555194701704843,True
06889200,IC-CMA-ES,XAJ-Base,train,0.8819424987941848,0.8819424987941848,True
06889200,IC-CMA-ES,XAJ-Base,test,0.5814234839885422,0.5814234839885422,True
06889200,IC-CMA-ES,XAJ-TGD,train,0.8851561337425319,0.8851561337425319,True
06889200,IC-CMA-ES,XAJ-TGD,test,0.589596712054608,0.589596712054608,True
06889200,IC-CMA-ES,XAJ-CN,train,0.8804037276053097,0.8804037276053097,True
06889200,IC-CMA-ES,XAJ-CN,test,0.593979585231607,0.593979585231607,True
06889200,dPL-MLP,XAJ-Base,train,0.8473485002696968,0.8473485002696968,True
06889200,dPL-MLP,XAJ-Base,test,0.5093023525909679,0.5093023525909679,True
06889200,dPL-MLP,XAJ-TGD,train,0.8235570983825946,0.8235570983825946,True
06889200,dPL-MLP,XAJ-TGD,test,0.4687230017751369,0.4687230017751369,True
06889200,dPL-MLP,XAJ-CN,train,0.7708844049345436,0.7708844049345436,True
06889200,dPL-MLP,XAJ-CN,test,0.4246642792626691,0.4246642792626691,True
06889500,IC-CMA-ES,XAJ-Base,train,0.9017351420704842,0.9017351420704842,True
06889500,IC-CMA-ES,XAJ-Base,test,0.7606648226708058,0.7606648226708058,True
06889500,IC-CMA-ES,XAJ-TGD,train,0.9014138876894462,0.9014138876894462,True
06889500,IC-CMA-ES,XAJ-TGD,test,0.7334503801756105,0.7334503801756105,True
06889500,IC-CMA-ES,XAJ-CN,train,0.904909068108841,0.904909068108841,True
06889500,IC-CMA-ES,XAJ-CN,test,0.7235897552958259,0.7235897552958259,True
06889500,dPL-MLP,XAJ-Base,train,0.8882402636686341,0.8882402636686341,True
06889500,dPL-MLP,XAJ-Base,test,0.6864616763726863,0.6864616763726863,True
06889500,dPL-MLP,XAJ-TGD,train,0.882821145551402,0.882821145551402,True
06889500,dPL-MLP,XAJ-TGD,test,0.6501670056402884,0.6501670056402884,True
06889500,dPL-MLP,XAJ-CN,train,0.8563651209862638,0.8563651209862638,True
06889500,dPL-MLP,XAJ-CN,test,0.5962290162457362,0.5962290162457362,True
06892000,IC-CMA-ES,XAJ-Base,train,0.8718956972853484,0.8718956972853484,True
06892000,IC-CMA-ES,XAJ-Base,test,0.7927379068170542,0.7927379068170542,True
06892000,IC-CMA-ES,XAJ-TGD,train,0.8755951343146826,0.8755951343146826,True
06892000,IC-CMA-ES,XAJ-TGD,test,0.7972251330347763,0.7972251330347763,True
06892000,IC-CMA-ES,XAJ-CN,train,0.8842512400445232,0.8842512400445232,True
06892000,IC-CMA-ES,XAJ-CN,test,0.7800965787609719,0.7800965787609719,True
06892000,dPL-MLP,XAJ-Base,train,0.8632883103955824,0.8632883103955824,True
06892000,dPL-MLP,XAJ-Base,test,0.7420722522051968,0.7420722522051968,True
06892000,dPL-MLP,XAJ-TGD,train,0.8657158305775391,0.8657158305775391,True
06892000,dPL-MLP,XAJ-TGD,test,0.7778411019655544,0.7778411019655544,True
06892000,dPL-MLP,XAJ-CN,train,0.8605231934628091,0.8605231934628091,True
06892000,dPL-MLP,XAJ-CN,test,0.6909829137009,0.6909829137009,True
06903400,IC-CMA-ES,XAJ-Base,train,0.8530330583117217,0.8530330583117217,True
06903400,IC-CMA-ES,XAJ-Base,test,0.6527405549958416,0.6527405549958416,True
06903400,IC-CMA-ES,XAJ-TGD,train,0.8566819460750388,0.8566819460750388,True
06903400,IC-CMA-ES,XAJ-TGD,test,0.6724496756627152,0.6724496756627152,True
06903400,IC-CMA-ES,XAJ-CN,train,0.8657163818441878,0.8657163818441878,True
06903400,IC-CMA-ES,XAJ-CN,test,0.6542814626478497,0.6542814626478497,True
06903400,dPL-MLP,XAJ-Base,train,0.7594117975994042,0.7594117975994042,True
06903400,dPL-MLP,XAJ-Base,test,0.7900090591491232,0.7900090591491232,True
06903400,dPL-MLP,XAJ-TGD,train,0.760876601370945,0.760876601370945,True
06903400,dPL-MLP,XAJ-TGD,test,0.8036360530990825,0.8036360530990825,True
06903400,dPL-MLP,XAJ-CN,train,0.7826128697220439,0.7826128697220439,True
06903400,dPL-MLP,XAJ-CN,test,0.7791150314826895,0.7791150314826895,True
06906800,IC-CMA-ES,XAJ-Base,train,0.9198840787340536,0.9198840787340536,True
06906800,IC-CMA-ES,XAJ-Base,test,0.7216171118436643,0.7216171118436643,True
06906800,IC-CMA-ES,XAJ-TGD,train,0.9234533467240365,0.9234533467240365,True
06906800,IC-CMA-ES,XAJ-TGD,test,0.7404078669956213,0.7404078669956213,True
06906800,IC-CMA-ES,XAJ-CN,train,0.9158207837588556,0.9158207837588556,True
06906800,IC-CMA-ES,XAJ-CN,test,0.7456056924426849,0.7456056924426849,True
06906800,dPL-MLP,XAJ-Base,train,0.90690157947663,0.90690157947663,True
06906800,dPL-MLP,XAJ-Base,test,0.7014421010770198,0.7014421010770198,True
06906800,dPL-MLP,XAJ-TGD,train,0.9009888327471725,0.9009888327471725,True
06906800,dPL-MLP,XAJ-TGD,test,0.7249166701427975,0.7249166701427975,True
06906800,dPL-MLP,XAJ-CN,train,0.9098919832594754,0.9098919832594754,True
06906800,dPL-MLP,XAJ-CN,test,0.7183880188017273,0.7183880188017273,True
06910800,IC-CMA-ES,XAJ-Base,train,0.8022096550498141,0.8022096550498141,True
06910800,IC-CMA-ES,XAJ-Base,test,0.6029872958253751,0.6029872958253751,True
06910800,IC-CMA-ES,XAJ-TGD,train,0.790757423362793,0.790757423362793,True
06910800,IC-CMA-ES,XAJ-TGD,test,0.6465821463443959,0.6465821463443959,True
06910800,IC-CMA-ES,XAJ-CN,train,0.7973632941282964,0.7973632941282964,True
06910800,IC-CMA-ES,XAJ-CN,test,0.6308114064537407,0.6308114064537407,True
06910800,dPL-MLP,XAJ-Base,train,0.706479741420639,0.706479741420639,True
06910800,dPL-MLP,XAJ-Base,test,0.849523467578591,0.849523467578591,True
06910800,dPL-MLP,XAJ-TGD,train,0.7020310634271717,0.7020310634271717,True
06910800,dPL-MLP,XAJ-TGD,test,0.8612147212677886,0.8612147212677886,True
06910800,dPL-MLP,XAJ-CN,train,0.7056498241523953,0.7056498241523953,True
06910800,dPL-MLP,XAJ-CN,test,0.8509185703865118,0.8509185703865118,True
06911900,IC-CMA-ES,XAJ-Base,train,0.8562617595957807,0.8562617595957807,True
06911900,IC-CMA-ES,XAJ-Base,test,0.6477834695100166,0.6477834695100166,True
06911900,IC-CMA-ES,XAJ-TGD,train,0.8747966180618976,0.8747966180618976,True
06911900,IC-CMA-ES,XAJ-TGD,test,0.7821493899815248,0.7821493899815248,True
06911900,IC-CMA-ES,XAJ-CN,train,0.8658219516750076,0.8658219516750076,True
06911900,IC-CMA-ES,XAJ-CN,test,0.7697328129842639,0.7697328129842639,True
06911900,dPL-MLP,XAJ-Base,train,0.7792240345939674,0.7792240345939674,True
06911900,dPL-MLP,XAJ-Base,test,0.8613080469955718,0.8613080469955718,True
06911900,dPL-MLP,XAJ-TGD,train,0.7778384169378927,0.7778384169378927,True
06911900,dPL-MLP,XAJ-TGD,test,0.8521142208478932,0.8521142208478932,True
06911900,dPL-MLP,XAJ-CN,train,0.8079198245405669,0.8079198245405669,True
06911900,dPL-MLP,XAJ-CN,test,0.8588339412134872,0.8588339412134872,True
06917000,IC-CMA-ES,XAJ-Base,train,0.9006322734825136,0.9006322734825136,True
06917000,IC-CMA-ES,XAJ-Base,test,0.835195048123931,0.835195048123931,True
06917000,IC-CMA-ES,XAJ-TGD,train,0.9005090917903464,0.9005090917903464,True
06917000,IC-CMA-ES,XAJ-TGD,test,0.8448897621199076,0.8448897621199076,True
06917000,IC-CMA-ES,XAJ-CN,train,0.8938905187298045,0.8938905187298045,True
06917000,IC-CMA-ES,XAJ-CN,test,0.8442657150968453,0.8442657150968453,True
06917000,dPL-MLP,XAJ-Base,train,0.8314986823359671,0.8314986823359671,True
06917000,dPL-MLP,XAJ-Base,test,0.8338610287210266,0.8338610287210266,True
06917000,dPL-MLP,XAJ-TGD,train,0.8228257964687858,0.8228257964687858,True
06917000,dPL-MLP,XAJ-TGD,test,0.8245619627504295,0.8245619627504295,True
06917000,dPL-MLP,XAJ-CN,train,0.8356600309510399,0.8356600309510399,True
06917000,dPL-MLP,XAJ-CN,test,0.8293190952234526,0.8293190952234526,True
06918460,IC-CMA-ES,XAJ-Base,train,0.9189290060425256,0.9189290060425256,True
06918460,IC-CMA-ES,XAJ-Base,test,0.6100385232482861,0.6100385232482861,True
06918460,IC-CMA-ES,XAJ-TGD,train,0.9210467421112948,0.9210467421112948,True
06918460,IC-CMA-ES,XAJ-TGD,test,0.6058374025672196,0.6058374025672196,True
06918460,IC-CMA-ES,XAJ-CN,train,0.915365358594085,0.915365358594085,True
06918460,IC-CMA-ES,XAJ-CN,test,0.6214185478609404,0.6214185478609404,True
06918460,dPL-MLP,XAJ-Base,train,0.9147869862053968,0.9147869862053968,True
06918460,dPL-MLP,XAJ-Base,test,0.6207435561682769,0.6207435561682769,True
06918460,dPL-MLP,XAJ-TGD,train,0.9112257032579189,0.9112257032579189,True
06918460,dPL-MLP,XAJ-TGD,test,0.6531030034521776,0.6531030034521776,True
06918460,dPL-MLP,XAJ-CN,train,0.8848880300778664,0.8848880300778664,True
06918460,dPL-MLP,XAJ-CN,test,0.4729261382174954,0.4729261382174954,True
06919500,IC-CMA-ES,XAJ-Base,train,0.9040992549266968,0.9040992549266968,True
06919500,IC-CMA-ES,XAJ-Base,test,0.8318963327861896,0.8318963327861896,True
06919500,IC-CMA-ES,XAJ-TGD,train,0.9243404689598628,0.9243404689598628,True
06919500,IC-CMA-ES,XAJ-TGD,test,0.8487030240785469,0.8487030240785469,True
06919500,IC-CMA-ES,XAJ-CN,train,0.909326641937318,0.909326641937318,True
06919500,IC-CMA-ES,XAJ-CN,test,0.8458350645446381,0.8458350645446381,True
06919500,dPL-MLP,XAJ-Base,train,0.8662258842189857,0.8662258842189857,True
06919500,dPL-MLP,XAJ-Base,test,0.8112471740385518,0.8112471740385518,True
06919500,dPL-MLP,XAJ-TGD,train,0.795532910314742,0.795532910314742,True
06919500,dPL-MLP,XAJ-TGD,test,0.6995963411092255,0.6995963411092255,True
06919500,dPL-MLP,XAJ-CN,train,0.8785893081895138,0.8785893081895138,True
06919500,dPL-MLP,XAJ-CN,test,0.8403703197529544,0.8403703197529544,True
06921070,IC-CMA-ES,XAJ-Base,train,0.899379406410506,0.899379406410506,True
06921070,IC-CMA-ES,XAJ-Base,test,0.585374104184943,0.585374104184943,True
06921070,IC-CMA-ES,XAJ-TGD,train,0.9160783945892448,0.9160783945892448,True
06921070,IC-CMA-ES,XAJ-TGD,test,0.5565795467324237,0.5565795467324237,True
06921070,IC-CMA-ES,XAJ-CN,train,0.9177433869729734,0.9177433869729734,True
06921070,IC-CMA-ES,XAJ-CN,test,0.5953924466401518,0.5953924466401518,True
06921070,dPL-MLP,XAJ-Base,train,0.8901487142069134,0.8901487142069134,True
06921070,dPL-MLP,XAJ-Base,test,0.6447325683009105,0.6447325683009105,True
06921070,dPL-MLP,XAJ-TGD,train,0.9083995623366156,0.9083995623366156,True
06921070,dPL-MLP,XAJ-TGD,test,0.6241926689246987,0.6241926689246987,True
06921070,dPL-MLP,XAJ-CN,train,0.8948343127209647,0.8948343127209647,True
06921070,dPL-MLP,XAJ-CN,test,0.4925198723556044,0.4925198723556044,True
06921200,IC-CMA-ES,XAJ-Base,train,0.8663791744086448,0.8663791744086448,True
06921200,IC-CMA-ES,XAJ-Base,test,0.4129347186191325,0.4129347186191325,True
06921200,IC-CMA-ES,XAJ-TGD,train,0.8834664405559266,0.8834664405559266,True
06921200,IC-CMA-ES,XAJ-TGD,test,0.3845008658344568,0.3845008658344568,True
06921200,IC-CMA-ES,XAJ-CN,train,0.8874772031353236,0.8874772031353236,True
06921200,IC-CMA-ES,XAJ-CN,test,0.4610829967884008,0.4610829967884008,True
06921200,dPL-MLP,XAJ-Base,train,0.841372292276743,0.841372292276743,True
06921200,dPL-MLP,XAJ-Base,test,0.5642384777899222,0.5642384777899222,True
06921200,dPL-MLP,XAJ-TGD,train,0.8697892897293603,0.8697892897293603,True
06921200,dPL-MLP,XAJ-TGD,test,0.5124989964892672,0.5124989964892672,True
06921200,dPL-MLP,XAJ-CN,train,0.8856467175083484,0.8856467175083484,True
06921200,dPL-MLP,XAJ-CN,test,0.428755673986391,0.428755673986391,True
07057500,IC-CMA-ES,XAJ-Base,train,0.829510635775157,0.829510635775157,True
07057500,IC-CMA-ES,XAJ-Base,test,0.530537155859276,0.530537155859276,True
07057500,IC-CMA-ES,XAJ-TGD,train,0.8313671078984788,0.8313671078984788,True
07057500,IC-CMA-ES,XAJ-TGD,test,0.679216646416657,0.679216646416657,True
07057500,IC-CMA-ES,XAJ-CN,train,0.8421055322047006,0.8421055322047006,True
07057500,IC-CMA-ES,XAJ-CN,test,0.6898629268347077,0.6898629268347077,True
07057500,dPL-MLP,XAJ-Base,train,0.674870778873654,0.674870778873654,True
07057500,dPL-MLP,XAJ-Base,test,0.8356302867441857,0.8356302867441857,True
07057500,dPL-MLP,XAJ-TGD,train,0.6665078486547562,0.6665078486547562,True
07057500,dPL-MLP,XAJ-TGD,test,0.8686671064710046,0.8686671064710046,True
07057500,dPL-MLP,XAJ-CN,train,0.6284042415847901,0.6284042415847901,True
07057500,dPL-MLP,XAJ-CN,test,0.8522732601960228,0.8522732601960228,True
07060710,IC-CMA-ES,XAJ-Base,train,0.8205202566146121,0.8205202566146121,True
07060710,IC-CMA-ES,XAJ-Base,test,0.6760345584661547,0.6760345584661547,True
07060710,IC-CMA-ES,XAJ-TGD,train,0.8755470590682969,0.8755470590682969,True
07060710,IC-CMA-ES,XAJ-TGD,test,0.7327259170713476,0.7327259170713476,True
07060710,IC-CMA-ES,XAJ-CN,train,0.8508285351685165,0.8508285351685165,True
07060710,IC-CMA-ES,XAJ-CN,test,0.6999986632664419,0.6999986632664419,True
07060710,dPL-MLP,XAJ-Base,train,0.5015920940598315,0.5015920940598315,True
07060710,dPL-MLP,XAJ-Base,test,0.5968673986812442,0.5968673986812442,True
07060710,dPL-MLP,XAJ-TGD,train,0.5411489829678837,0.5411489829678837,True
07060710,dPL-MLP,XAJ-TGD,test,0.6295248693096027,0.6295248693096027,True
07060710,dPL-MLP,XAJ-CN,train,0.6949690007770103,0.6949690007770103,True
07060710,dPL-MLP,XAJ-CN,test,0.6008869308030873,0.6008869308030873,True
07066000,IC-CMA-ES,XAJ-Base,train,0.8191057158647811,0.8191057158647811,True
07066000,IC-CMA-ES,XAJ-Base,test,0.7531623582314527,0.7531623582314527,True
07066000,IC-CMA-ES,XAJ-TGD,train,0.8207738204388667,0.8207738204388667,True
07066000,IC-CMA-ES,XAJ-TGD,test,0.7528261730423438,0.7528261730423438,True
07066000,IC-CMA-ES,XAJ-CN,train,0.8284981004744828,0.8284981004744828,True
07066000,IC-CMA-ES,XAJ-CN,test,0.754442575836828,0.754442575836828,True
07066000,dPL-MLP,XAJ-Base,train,0.7649830253412491,0.7649830253412491,True
07066000,dPL-MLP,XAJ-Base,test,0.8444571748492735,0.8444571748492735,True
07066000,dPL-MLP,XAJ-TGD,train,0.7537033312731737,0.7537033312731737,True
07066000,dPL-MLP,XAJ-TGD,test,0.8483632505677641,0.8483632505677641,True
07066000,dPL-MLP,XAJ-CN,train,0.7638117160184194,0.7638117160184194,True
07066000,dPL-MLP,XAJ-CN,test,0.8305627201563688,0.8305627201563688,True
07083000,IC-CMA-ES,XAJ-Base,train,-0.0098783310476839,-0.0098783310476839,True
07083000,IC-CMA-ES,XAJ-Base,test,-0.0356520471297114,-0.0356520471297114,True
07083000,IC-CMA-ES,XAJ-TGD,train,0.8001612612620946,0.8001612612620946,True
07083000,IC-CMA-ES,XAJ-TGD,test,0.7467233854267548,0.7467233854267548,True
07083000,IC-CMA-ES,XAJ-CN,train,0.9263319396747404,0.9263319396747404,True
07083000,IC-CMA-ES,XAJ-CN,test,0.90553660874001,0.90553660874001,True
07083000,dPL-MLP,XAJ-Base,train,-0.0072443166520814,-0.0072443166520814,True
07083000,dPL-MLP,XAJ-Base,test,0.000704648907244,0.000704648907244,True
07083000,dPL-MLP,XAJ-TGD,train,0.7630934931493099,0.7630934931493099,True
07083000,dPL-MLP,XAJ-TGD,test,0.7358008241782424,0.7358008241782424,True
07083000,dPL-MLP,XAJ-CN,train,0.8489480527640033,0.8489480527640033,True
07083000,dPL-MLP,XAJ-CN,test,0.8364091900449806,0.8364091900449806,True
07142300,IC-CMA-ES,XAJ-Base,train,0.4847776922880932,0.4847776922880932,True
07142300,IC-CMA-ES,XAJ-Base,test,-0.0837880889453177,-0.0837880889453177,True
07142300,IC-CMA-ES,XAJ-TGD,train,0.5653169030526408,0.5653169030526408,True
07142300,IC-CMA-ES,XAJ-TGD,test,-0.2923516489473674,-0.2923516489473674,True
07142300,IC-CMA-ES,XAJ-CN,train,0.5280718072075926,0.5280718072075926,True
07142300,IC-CMA-ES,XAJ-CN,test,-0.2400785534180756,-0.2400785534180756,True
07142300,dPL-MLP,XAJ-Base,train,0.4509806015583414,0.4509806015583414,True
07142300,dPL-MLP,XAJ-Base,test,-0.2482169073391134,-0.2482169073391134,True
07142300,dPL-MLP,XAJ-TGD,train,0.2556910865966536,0.2556910865966536,True
07142300,dPL-MLP,XAJ-TGD,test,-0.866744441284778,-0.866744441284778,True
07142300,dPL-MLP,XAJ-CN,train,0.4256861556915858,0.4256861556915858,True
07142300,dPL-MLP,XAJ-CN,test,-0.3921887097231507,-0.3921887097231507,True
07145700,IC-CMA-ES,XAJ-Base,train,0.8363990533056411,0.8363990533056411,True
07145700,IC-CMA-ES,XAJ-Base,test,0.6914824425023594,0.6914824425023594,True
07145700,IC-CMA-ES,XAJ-TGD,train,0.8337500457989984,0.8337500457989984,True
07145700,IC-CMA-ES,XAJ-TGD,test,0.6949386484802658,0.6949386484802658,True
07145700,IC-CMA-ES,XAJ-CN,train,0.8429123293663957,0.8429123293663957,True
07145700,IC-CMA-ES,XAJ-CN,test,0.7517215942440979,0.7517215942440979,True
07145700,dPL-MLP,XAJ-Base,train,0.8262037460473983,0.8262037460473983,True
07145700,dPL-MLP,XAJ-Base,test,0.8163425479217181,0.8163425479217181,True
07145700,dPL-MLP,XAJ-TGD,train,0.761447995597072,0.761447995597072,True
07145700,dPL-MLP,XAJ-TGD,test,0.7767793543876355,0.7767793543876355,True
07145700,dPL-MLP,XAJ-CN,train,0.7690485269630478,0.7690485269630478,True
07145700,dPL-MLP,XAJ-CN,test,0.7774204405962981,0.7774204405962981,True
07167500,IC-CMA-ES,XAJ-Base,train,0.7476151880975452,0.7476151880975452,True
07167500,IC-CMA-ES,XAJ-Base,test,0.8204261458584108,0.8204261458584108,True
07167500,IC-CMA-ES,XAJ-TGD,train,0.740080324331307,0.740080324331307,True
07167500,IC-CMA-ES,XAJ-TGD,test,0.8149216983502661,0.8149216983502661,True
07167500,IC-CMA-ES,XAJ-CN,train,0.7518467199441701,0.7518467199441701,True
07167500,IC-CMA-ES,XAJ-CN,test,0.823665285764771,0.823665285764771,True
07167500,dPL-MLP,XAJ-Base,train,0.6256627982753585,0.6256627982753585,True
07167500,dPL-MLP,XAJ-Base,test,0.7024922952631154,0.7024922952631154,True
07167500,dPL-MLP,XAJ-TGD,train,0.6323313250972342,0.6323313250972342,True
07167500,dPL-MLP,XAJ-TGD,test,0.710763451686883,0.710763451686883,True
07167500,dPL-MLP,XAJ-CN,train,0.6893463220271082,0.6893463220271082,True
07167500,dPL-MLP,XAJ-CN,test,0.7565386539151648,0.7565386539151648,True
07180500,IC-CMA-ES,XAJ-Base,train,0.8020149145973667,0.8020149145973667,True
07180500,IC-CMA-ES,XAJ-Base,test,0.8141002060541311,0.8141002060541311,True
07180500,IC-CMA-ES,XAJ-TGD,train,0.809054586492314,0.809054586492314,True
07180500,IC-CMA-ES,XAJ-TGD,test,0.8175994905167939,0.8175994905167939,True
07180500,IC-CMA-ES,XAJ-CN,train,0.7811039648266287,0.7811039648266287,True
07180500,IC-CMA-ES,XAJ-CN,test,0.8214158474613832,0.8214158474613832,True
07180500,dPL-MLP,XAJ-Base,train,0.7696044404689557,0.7696044404689557,True
07180500,dPL-MLP,XAJ-Base,test,0.8277212582615286,0.8277212582615286,True
07180500,dPL-MLP,XAJ-TGD,train,0.7928835346561307,0.7928835346561307,True
07180500,dPL-MLP,XAJ-TGD,test,0.8168404977813646,0.8168404977813646,True
07180500,dPL-MLP,XAJ-CN,train,0.7889571287074394,0.7889571287074394,True
07180500,dPL-MLP,XAJ-CN,test,0.8306240771896569,0.8306240771896569,True
07184000,IC-CMA-ES,XAJ-Base,train,0.8487693132565735,0.8487693132565735,True
07184000,IC-CMA-ES,XAJ-Base,test,0.6787613555414649,0.6787613555414649,True
07184000,IC-CMA-ES,XAJ-TGD,train,0.848771492827312,0.848771492827312,True
07184000,IC-CMA-ES,XAJ-TGD,test,0.6787985811374151,0.6787985811374151,True
07184000,IC-CMA-ES,XAJ-CN,train,0.8465505890067188,0.8465505890067188,True
07184000,IC-CMA-ES,XAJ-CN,test,0.6625213221941366,0.6625213221941366,True
07184000,dPL-MLP,XAJ-Base,train,0.748927660932377,0.748927660932377,True
07184000,dPL-MLP,XAJ-Base,test,0.7672711452253203,0.7672711452253203,True
07184000,dPL-MLP,XAJ-TGD,train,0.7454138780355086,0.7454138780355086,True
07184000,dPL-MLP,XAJ-TGD,test,0.7613417367746084,0.7613417367746084,True
07184000,dPL-MLP,XAJ-CN,train,0.7425681047474633,0.7425681047474633,True
07184000,dPL-MLP,XAJ-CN,test,0.755856901236798,0.755856901236798,True
07195800,IC-CMA-ES,XAJ-Base,train,0.8398841855420678,0.8398841855420678,True
07195800,IC-CMA-ES,XAJ-Base,test,0.7257977111735245,0.7257977111735245,True
07195800,IC-CMA-ES,XAJ-TGD,train,0.8506068560567,0.8506068560567,True
07195800,IC-CMA-ES,XAJ-TGD,test,0.7253277571745385,0.7253277571745385,True
07195800,IC-CMA-ES,XAJ-CN,train,0.8355650553300219,0.8355650553300219,True
07195800,IC-CMA-ES,XAJ-CN,test,0.7174262504467912,0.7174262504467912,True
07195800,dPL-MLP,XAJ-Base,train,0.7928664676578117,0.7928664676578117,True
07195800,dPL-MLP,XAJ-Base,test,0.7095337914811485,0.7095337914811485,True
07195800,dPL-MLP,XAJ-TGD,train,0.8170639333768832,0.8170639333768832,True
07195800,dPL-MLP,XAJ-TGD,test,0.7275149122178994,0.7275149122178994,True
07195800,dPL-MLP,XAJ-CN,train,0.7815718553044406,0.7815718553044406,True
07195800,dPL-MLP,XAJ-CN,test,0.7016639326655767,0.7016639326655767,True
07196900,IC-CMA-ES,XAJ-Base,train,0.7484906381846121,0.7484906381846121,True
07196900,IC-CMA-ES,XAJ-Base,test,0.6931898845410414,0.6931898845410414,True
07196900,IC-CMA-ES,XAJ-TGD,train,0.771983308981165,0.771983308981165,True
07196900,IC-CMA-ES,XAJ-TGD,test,0.7012004358763732,0.7012004358763732,True
07196900,IC-CMA-ES,XAJ-CN,train,0.772227212631756,0.772227212631756,True
07196900,IC-CMA-ES,XAJ-CN,test,0.7026732011809188,0.7026732011809188,True
07196900,dPL-MLP,XAJ-Base,train,0.6966237034981446,0.6966237034981446,True
07196900,dPL-MLP,XAJ-Base,test,0.7059076040818569,0.7059076040818569,True
07196900,dPL-MLP,XAJ-TGD,train,0.7132684583679527,0.7132684583679527,True
07196900,dPL-MLP,XAJ-TGD,test,0.7187102781403114,0.7187102781403114,True
07196900,dPL-MLP,XAJ-CN,train,0.7432736478704324,0.7432736478704324,True
07196900,dPL-MLP,XAJ-CN,test,0.7206656421903636,0.7206656421903636,True
07197000,IC-CMA-ES,XAJ-Base,train,0.924829466281616,0.924829466281616,True
07197000,IC-CMA-ES,XAJ-Base,test,0.8400596964120607,0.8400596964120607,True
07197000,IC-CMA-ES,XAJ-TGD,train,0.9201515256186976,0.9201515256186976,True
07197000,IC-CMA-ES,XAJ-TGD,test,0.8113883160049111,0.8113883160049111,True
07197000,IC-CMA-ES,XAJ-CN,train,0.9240961628185652,0.9240961628185652,True
07197000,IC-CMA-ES,XAJ-CN,test,0.8195512707035116,0.8195512707035116,True
07197000,dPL-MLP,XAJ-Base,train,0.8947008275680746,0.8947008275680746,True
07197000,dPL-MLP,XAJ-Base,test,0.8478552105446632,0.8478552105446632,True
07197000,dPL-MLP,XAJ-TGD,train,0.8878070449289592,0.8878070449289592,True
07197000,dPL-MLP,XAJ-TGD,test,0.8438174989751639,0.8438174989751639,True
07197000,dPL-MLP,XAJ-CN,train,0.8493187123050062,0.8493187123050062,True
07197000,dPL-MLP,XAJ-CN,test,0.7823251349559549,0.7823251349559549,True
07208500,IC-CMA-ES,XAJ-Base,train,0.285413641931495,0.285413641931495,True
07208500,IC-CMA-ES,XAJ-Base,test,0.1481470710945711,0.1481470710945711,True
07208500,IC-CMA-ES,XAJ-TGD,train,0.7720612351658849,0.7720612351658849,True
07208500,IC-CMA-ES,XAJ-TGD,test,0.234369828595314,0.234369828595314,True
07208500,IC-CMA-ES,XAJ-CN,train,0.8400411662362692,0.8400411662362692,True
07208500,IC-CMA-ES,XAJ-CN,test,0.4439046486590032,0.4439046486590032,True
07208500,dPL-MLP,XAJ-Base,train,0.0820856208239088,0.0820856208239088,True
07208500,dPL-MLP,XAJ-Base,test,0.2701727830460355,0.2701727830460355,True
07208500,dPL-MLP,XAJ-TGD,train,0.7447453120760137,0.7447453120760137,True
07208500,dPL-MLP,XAJ-TGD,test,0.2906958608216387,0.2906958608216387,True
07208500,dPL-MLP,XAJ-CN,train,0.6993728156805639,0.6993728156805639,True
07208500,dPL-MLP,XAJ-CN,test,0.4313110271962428,0.4313110271962428,True
07261000,IC-CMA-ES,XAJ-Base,train,0.8996872272722707,0.8996872272722707,True
07261000,IC-CMA-ES,XAJ-Base,test,0.7330513876276832,0.7330513876276832,True
07261000,IC-CMA-ES,XAJ-TGD,train,0.9001366584954441,0.9001366584954441,True
07261000,IC-CMA-ES,XAJ-TGD,test,0.7341293028468815,0.7341293028468815,True
07261000,IC-CMA-ES,XAJ-CN,train,0.8936115239988156,0.8936115239988156,True
07261000,IC-CMA-ES,XAJ-CN,test,0.7327938571535348,0.7327938571535348,True
07261000,dPL-MLP,XAJ-Base,train,0.8763804232597855,0.8763804232597855,True
07261000,dPL-MLP,XAJ-Base,test,0.8041511485858467,0.8041511485858467,True
07261000,dPL-MLP,XAJ-TGD,train,,,True
07261000,dPL-MLP,XAJ-TGD,test,,,True
07261000,dPL-MLP,XAJ-CN,train,0.8740120233897586,0.8740120233897586,True
07261000,dPL-MLP,XAJ-CN,test,0.786036326443426,0.786036326443426,True
07263295,IC-CMA-ES,XAJ-Base,train,0.8611596058057047,0.8611596058057047,True
07263295,IC-CMA-ES,XAJ-Base,test,0.7956819353602091,0.7956819353602091,True
07263295,IC-CMA-ES,XAJ-TGD,train,0.8664974477090225,0.8664974477090225,True
07263295,IC-CMA-ES,XAJ-TGD,test,0.7923308389920185,0.7923308389920185,True
07263295,IC-CMA-ES,XAJ-CN,train,0.866870996681647,0.866870996681647,True
07263295,IC-CMA-ES,XAJ-CN,test,0.8304343420259066,0.8304343420259066,True
07263295,dPL-MLP,XAJ-Base,train,0.8325694909230658,0.8325694909230658,True
07263295,dPL-MLP,XAJ-Base,test,0.811147241983966,0.811147241983966,True
07263295,dPL-MLP,XAJ-TGD,train,0.855647747776467,0.855647747776467,True
07263295,dPL-MLP,XAJ-TGD,test,0.8568579586168291,0.8568579586168291,True
07263295,dPL-MLP,XAJ-CN,train,0.8501586991681361,0.8501586991681361,True
07263295,dPL-MLP,XAJ-CN,test,0.8279120866243724,0.8279120866243724,True
07299670,IC-CMA-ES,XAJ-Base,train,0.9020132413826863,0.9020132413826863,True
07299670,IC-CMA-ES,XAJ-Base,test,0.418864601057379,0.418864601057379,True
07299670,IC-CMA-ES,XAJ-TGD,train,0.9142636453937304,0.9142636453937304,True
07299670,IC-CMA-ES,XAJ-TGD,test,0.2927916193275629,0.2927916193275629,True
07299670,IC-CMA-ES,XAJ-CN,train,0.8963518618083228,0.8963518618083228,True
07299670,IC-CMA-ES,XAJ-CN,test,0.3660887002134014,0.3660887002134014,True
07299670,dPL-MLP,XAJ-Base,train,0.7469036711543502,0.7469036711543502,True
07299670,dPL-MLP,XAJ-Base,test,0.2031792457685154,0.2031792457685154,True
07299670,dPL-MLP,XAJ-TGD,train,0.7278791872511838,0.7278791872511838,True
07299670,dPL-MLP,XAJ-TGD,test,0.0478285641244541,0.0478285641244541,True
07299670,dPL-MLP,XAJ-CN,train,0.6825146076213934,0.6825146076213934,True
07299670,dPL-MLP,XAJ-CN,test,0.0791913936675767,0.0791913936675767,True
07301410,IC-CMA-ES,XAJ-Base,train,0.7468431191513178,0.7468431191513178,True
07301410,IC-CMA-ES,XAJ-Base,test,0.442414272211647,0.442414272211647,True
07301410,IC-CMA-ES,XAJ-TGD,train,0.7575357449209269,0.7575357449209269,True
07301410,IC-CMA-ES,XAJ-TGD,test,0.4434093984566354,0.4434093984566354,True
07301410,IC-CMA-ES,XAJ-CN,train,0.7291681907552845,0.7291681907552845,True
07301410,IC-CMA-ES,XAJ-CN,test,0.5054787499545694,0.5054787499545694,True
07301410,dPL-MLP,XAJ-Base,train,0.6293345581168652,0.6293345581168652,True
07301410,dPL-MLP,XAJ-Base,test,0.569085732130258,0.569085732130258,True
07301410,dPL-MLP,XAJ-TGD,train,0.6227185500118224,0.6227185500118224,True
07301410,dPL-MLP,XAJ-TGD,test,0.4460840353130612,0.4460840353130612,True
07301410,dPL-MLP,XAJ-CN,train,0.6003933740570092,0.6003933740570092,True
07301410,dPL-MLP,XAJ-CN,test,0.5318818775572556,0.5318818775572556,True
07315200,IC-CMA-ES,XAJ-Base,train,0.8482244460931039,0.8482244460931039,True
07315200,IC-CMA-ES,XAJ-Base,test,0.0600954514351097,0.0600954514351097,True
07315200,IC-CMA-ES,XAJ-TGD,train,0.8505945826432819,0.8505945826432819,True
07315200,IC-CMA-ES,XAJ-TGD,test,0.2050985648280517,0.2050985648280517,True
07315200,IC-CMA-ES,XAJ-CN,train,0.8340111814941962,0.8340111814941962,True
07315200,IC-CMA-ES,XAJ-CN,test,0.3835458342217184,0.3835458342217184,True
07315200,dPL-MLP,XAJ-Base,train,0.6317170663340284,0.6317170663340284,True
07315200,dPL-MLP,XAJ-Base,test,0.3224319397696173,0.3224319397696173,True
07315200,dPL-MLP,XAJ-TGD,train,0.6617372564016595,0.6617372564016595,True
07315200,dPL-MLP,XAJ-TGD,test,0.2803290883920469,0.2803290883920469,True
07315200,dPL-MLP,XAJ-CN,train,0.7100356483813903,0.7100356483813903,True
07315200,dPL-MLP,XAJ-CN,test,0.1116393487192881,0.1116393487192881,True
07315700,IC-CMA-ES,XAJ-Base,train,0.8337061083107454,0.8337061083107454,True
07315700,IC-CMA-ES,XAJ-Base,test,0.2988565396369878,0.2988565396369878,True
07315700,IC-CMA-ES,XAJ-TGD,train,0.8358409987107882,0.8358409987107882,True
07315700,IC-CMA-ES,XAJ-TGD,test,0.2673892330754815,0.2673892330754815,True
07315700,IC-CMA-ES,XAJ-CN,train,0.8259821375096602,0.8259821375096602,True
07315700,IC-CMA-ES,XAJ-CN,test,0.3770588458062879,0.3770588458062879,True
07315700,dPL-MLP,XAJ-Base,train,0.7827579001914333,0.7827579001914333,True
07315700,dPL-MLP,XAJ-Base,test,0.2988540371503477,0.2988540371503477,True
07315700,dPL-MLP,XAJ-TGD,train,0.7501893930220326,0.7501893930220326,True
07315700,dPL-MLP,XAJ-TGD,test,0.2426599580454708,0.2426599580454708,True
07315700,dPL-MLP,XAJ-CN,train,0.7914828158246097,0.7914828158246097,True
07315700,dPL-MLP,XAJ-CN,test,0.1802524643889422,0.1802524643889422,True
07335700,IC-CMA-ES,XAJ-Base,train,0.7155105923735137,0.7155105923735137,True
07335700,IC-CMA-ES,XAJ-Base,test,0.5716293722454697,0.5716293722454697,True
07335700,IC-CMA-ES,XAJ-TGD,train,0.7156297539410058,0.7156297539410058,True
07335700,IC-CMA-ES,XAJ-TGD,test,0.5719778064801369,0.5719778064801369,True
07335700,IC-CMA-ES,XAJ-CN,train,0.7161945416394946,0.7161945416394946,True
07335700,IC-CMA-ES,XAJ-CN,test,0.5799113740479072,0.5799113740479072,True
07335700,dPL-MLP,XAJ-Base,train,0.6986928724905477,0.6986928724905477,True
07335700,dPL-MLP,XAJ-Base,test,0.625332215718055,0.625332215718055,True
07335700,dPL-MLP,XAJ-TGD,train,0.6985279500102016,0.6985279500102016,True
07335700,dPL-MLP,XAJ-TGD,test,0.6283995527823507,0.6283995527823507,True
07335700,dPL-MLP,XAJ-CN,train,0.6963447618752641,0.6963447618752641,True
07335700,dPL-MLP,XAJ-CN,test,0.6211330153869568,0.6211330153869568,True
07340300,IC-CMA-ES,XAJ-Base,train,0.8049318815394513,0.8049318815394513,True
07340300,IC-CMA-ES,XAJ-Base,test,0.7605022233420968,0.7605022233420968,True
07340300,IC-CMA-ES,XAJ-TGD,train,0.8078444038184001,0.8078444038184001,True
07340300,IC-CMA-ES,XAJ-TGD,test,0.7702011638233381,0.7702011638233381,True
07340300,IC-CMA-ES,XAJ-CN,train,0.802001035081846,0.802001035081846,True
07340300,IC-CMA-ES,XAJ-CN,test,0.7603220703835818,0.7603220703835818,True
07340300,dPL-MLP,XAJ-Base,train,0.7941242106121434,0.7941242106121434,True
07340300,dPL-MLP,XAJ-Base,test,0.8063394333405594,0.8063394333405594,True
07340300,dPL-MLP,XAJ-TGD,train,0.798624782746095,0.798624782746095,True
07340300,dPL-MLP,XAJ-TGD,test,0.7900604650413392,0.7900604650413392,True
07340300,dPL-MLP,XAJ-CN,train,0.7852165015096627,0.7852165015096627,True
07340300,dPL-MLP,XAJ-CN,test,0.8129200922919497,0.8129200922919497,True
07346045,IC-CMA-ES,XAJ-Base,train,0.8696964769132157,0.8696964769132157,True
07346045,IC-CMA-ES,XAJ-Base,test,0.8237870011974178,0.8237870011974178,True
07346045,IC-CMA-ES,XAJ-TGD,train,0.873747611565511,0.873747611565511,True
07346045,IC-CMA-ES,XAJ-TGD,test,0.8087626917600516,0.8087626917600516,True
07346045,IC-CMA-ES,XAJ-CN,train,0.8701389577267927,0.8701389577267927,True
07346045,IC-CMA-ES,XAJ-CN,test,0.7976292792762419,0.7976292792762419,True
07346045,dPL-MLP,XAJ-Base,train,0.8423832260571089,0.8423832260571089,True
07346045,dPL-MLP,XAJ-Base,test,0.7890710812991687,0.7890710812991687,True
07346045,dPL-MLP,XAJ-TGD,train,0.8119067869844563,0.8119067869844563,True
07346045,dPL-MLP,XAJ-TGD,test,0.7775203263747934,0.7775203263747934,True
07346045,dPL-MLP,XAJ-CN,train,0.8051327870122377,0.8051327870122377,True
07346045,dPL-MLP,XAJ-CN,test,0.8098477047723682,0.8098477047723682,True
08023080,IC-CMA-ES,XAJ-Base,train,0.8690109237204264,0.8690109237204264,True
08023080,IC-CMA-ES,XAJ-Base,test,0.8330853127928175,0.8330853127928175,True
08023080,IC-CMA-ES,XAJ-TGD,train,0.8684878517936698,0.8684878517936698,True
08023080,IC-CMA-ES,XAJ-TGD,test,0.8335477906041449,0.8335477906041449,True
08023080,IC-CMA-ES,XAJ-CN,train,0.8673635502688479,0.8673635502688479,True
08023080,IC-CMA-ES,XAJ-CN,test,0.8283473824693102,0.8283473824693102,True
08023080,dPL-MLP,XAJ-Base,train,0.8526872075751597,0.8526872075751597,True
08023080,dPL-MLP,XAJ-Base,test,0.811983916787912,0.811983916787912,True
08023080,dPL-MLP,XAJ-TGD,train,0.8457792443149883,0.8457792443149883,True
08023080,dPL-MLP,XAJ-TGD,test,0.79252834328019,0.79252834328019,True
08023080,dPL-MLP,XAJ-CN,train,0.8469830476165914,0.8469830476165914,True
08023080,dPL-MLP,XAJ-CN,test,0.7994647552846867,0.7994647552846867,True
08050800,IC-CMA-ES,XAJ-Base,train,0.7788065381041859,0.7788065381041859,True
08050800,IC-CMA-ES,XAJ-Base,test,-0.1654156173215837,-0.1654156173215837,True
08050800,IC-CMA-ES,XAJ-TGD,train,0.7743759979394139,0.7743759979394139,True
08050800,IC-CMA-ES,XAJ-TGD,test,-0.1618346386663007,-0.1618346386663007,True
08050800,IC-CMA-ES,XAJ-CN,train,0.7671521208784887,0.7671521208784887,True
08050800,IC-CMA-ES,XAJ-CN,test,-0.1877181891663935,-0.1877181891663935,True
08050800,dPL-MLP,XAJ-Base,train,0.70003422999023,0.70003422999023,True
08050800,dPL-MLP,XAJ-Base,test,0.039661219168476,0.039661219168476,True
08050800,dPL-MLP,XAJ-TGD,train,0.7236576944605496,0.7236576944605496,True
08050800,dPL-MLP,XAJ-TGD,test,-0.0854607644547094,-0.0854607644547094,True
08050800,dPL-MLP,XAJ-CN,train,0.7458860383985426,0.7458860383985426,True
08050800,dPL-MLP,XAJ-CN,test,-0.3164851495836622,-0.3164851495836622,True
08066200,IC-CMA-ES,XAJ-Base,train,0.837098155918113,0.837098155918113,True
08066200,IC-CMA-ES,XAJ-Base,test,0.5358550861809335,0.5358550861809335,True
08066200,IC-CMA-ES,XAJ-TGD,train,0.8327756068678623,0.8327756068678623,True
08066200,IC-CMA-ES,XAJ-TGD,test,0.5619352968025384,0.5619352968025384,True
08066200,IC-CMA-ES,XAJ-CN,train,0.8258387157151945,0.8258387157151945,True
08066200,IC-CMA-ES,XAJ-CN,test,0.5321957005495299,0.5321957005495299,True
08066200,dPL-MLP,XAJ-Base,train,0.5917730652935729,0.5917730652935729,True
08066200,dPL-MLP,XAJ-Base,test,0.7936048956366016,0.7936048956366016,True
08066200,dPL-MLP,XAJ-TGD,train,0.608927144712212,0.608927144712212,True
08066200,dPL-MLP,XAJ-TGD,test,0.8194664491980833,0.8194664491980833,True
08066200,dPL-MLP,XAJ-CN,train,0.613337784508754,0.613337784508754,True
08066200,dPL-MLP,XAJ-CN,test,0.819947111925228,0.819947111925228,True
08066300,IC-CMA-ES,XAJ-Base,train,0.8880685551942503,0.8880685551942503,True
08066300,IC-CMA-ES,XAJ-Base,test,0.2902454839426954,0.2902454839426954,True
08066300,IC-CMA-ES,XAJ-TGD,train,0.8941743714433199,0.8941743714433199,True
08066300,IC-CMA-ES,XAJ-TGD,test,0.3239071015182667,0.3239071015182667,True
08066300,IC-CMA-ES,XAJ-CN,train,0.8934991281533796,0.8934991281533796,True
08066300,IC-CMA-ES,XAJ-CN,test,0.3256351584259954,0.3256351584259954,True
08066300,dPL-MLP,XAJ-Base,train,0.7926433094863942,0.7926433094863942,True
08066300,dPL-MLP,XAJ-Base,test,0.4277072012955627,0.4277072012955627,True
08066300,dPL-MLP,XAJ-TGD,train,0.8247363145324711,0.8247363145324711,True
08066300,dPL-MLP,XAJ-TGD,test,0.3187139720531409,0.3187139720531409,True
08066300,dPL-MLP,XAJ-CN,train,0.7883564677493893,0.7883564677493893,True
08066300,dPL-MLP,XAJ-CN,test,0.4216039705128619,0.4216039705128619,True
08070000,IC-CMA-ES,XAJ-Base,train,0.8670139487139246,0.8670139487139246,True
08070000,IC-CMA-ES,XAJ-Base,test,0.5979658426049116,0.5979658426049116,True
08070000,IC-CMA-ES,XAJ-TGD,train,0.8527854325414981,0.8527854325414981,True
08070000,IC-CMA-ES,XAJ-TGD,test,0.5654569516405372,0.5654569516405372,True
08070000,IC-CMA-ES,XAJ-CN,train,0.8565791602380273,0.8565791602380273,True
08070000,IC-CMA-ES,XAJ-CN,test,0.5271037665936695,0.5271037665936695,True
08070000,dPL-MLP,XAJ-Base,train,0.6075447151311308,0.6075447151311308,True
08070000,dPL-MLP,XAJ-Base,test,0.716914158533078,0.716914158533078,True
08070000,dPL-MLP,XAJ-TGD,train,0.6460876823047645,0.6460876823047645,True
08070000,dPL-MLP,XAJ-TGD,test,0.6785752669689997,0.6785752669689997,True
08070000,dPL-MLP,XAJ-CN,train,0.6298105335096017,0.6298105335096017,True
08070000,dPL-MLP,XAJ-CN,test,0.709279973702126,0.709279973702126,True
08070200,IC-CMA-ES,XAJ-Base,train,0.810559003121485,0.810559003121485,True
08070200,IC-CMA-ES,XAJ-Base,test,0.5632122781368095,0.5632122781368095,True
08070200,IC-CMA-ES,XAJ-TGD,train,0.829251574381054,0.829251574381054,True
08070200,IC-CMA-ES,XAJ-TGD,test,0.5944965382752512,0.5944965382752512,True
08070200,IC-CMA-ES,XAJ-CN,train,0.815626318968402,0.815626318968402,True
08070200,IC-CMA-ES,XAJ-CN,test,0.6539551582275641,0.6539551582275641,True
08070200,dPL-MLP,XAJ-Base,train,0.6293554192478372,0.6293554192478372,True
08070200,dPL-MLP,XAJ-Base,test,0.7705754221140332,0.7705754221140332,True
08070200,dPL-MLP,XAJ-TGD,train,0.6673031455663665,0.6673031455663665,True
08070200,dPL-MLP,XAJ-TGD,test,0.7549619580517537,0.7549619580517537,True
08070200,dPL-MLP,XAJ-CN,train,0.6270225468249042,0.6270225468249042,True
08070200,dPL-MLP,XAJ-CN,test,0.7660406345352808,0.7660406345352808,True
08082700,IC-CMA-ES,XAJ-Base,train,0.6912088305668733,0.6912088305668733,True
08082700,IC-CMA-ES,XAJ-Base,test,0.3076445067247335,0.3076445067247335,True
08082700,IC-CMA-ES,XAJ-TGD,train,0.7463172762501167,0.7463172762501167,True
08082700,IC-CMA-ES,XAJ-TGD,test,0.2697524997951206,0.2697524997951206,True
08082700,IC-CMA-ES,XAJ-CN,train,0.7604414078628375,0.7604414078628375,True
08082700,IC-CMA-ES,XAJ-CN,test,0.2772667974396369,0.2772667974396369,True
08082700,dPL-MLP,XAJ-Base,train,0.492710978719094,0.492710978719094,True
08082700,dPL-MLP,XAJ-Base,test,0.4781961241540672,0.4781961241540672,True
08082700,dPL-MLP,XAJ-TGD,train,0.4282050895521402,0.4282050895521402,True
08082700,dPL-MLP,XAJ-TGD,test,0.4289360625958612,0.4289360625958612,True
08082700,dPL-MLP,XAJ-CN,train,0.4518362872942406,0.4518362872942406,True
08082700,dPL-MLP,XAJ-CN,test,0.4793795350269759,0.4793795350269759,True
08086212,IC-CMA-ES,XAJ-Base,train,0.8300467123439806,0.8300467123439806,True
08086212,IC-CMA-ES,XAJ-Base,test,0.4583590758053752,0.4583590758053752,True
08086212,IC-CMA-ES,XAJ-TGD,train,0.8716749875648798,0.8716749875648798,True
08086212,IC-CMA-ES,XAJ-TGD,test,0.6236436343399594,0.6236436343399594,True
08086212,IC-CMA-ES,XAJ-CN,train,0.817952390823375,0.817952390823375,True
08086212,IC-CMA-ES,XAJ-CN,test,0.5324375186471247,0.5324375186471247,True
08086212,dPL-MLP,XAJ-Base,train,0.5595016030607203,0.5595016030607203,True
08086212,dPL-MLP,XAJ-Base,test,0.452855171083273,0.452855171083273,True
08086212,dPL-MLP,XAJ-TGD,train,0.7350207578242458,0.7350207578242458,True
08086212,dPL-MLP,XAJ-TGD,test,0.591420054741688,0.591420054741688,True
08086212,dPL-MLP,XAJ-CN,train,0.5172012619311103,0.5172012619311103,True
08086212,dPL-MLP,XAJ-CN,test,0.4209055447378613,0.4209055447378613,True
08086290,IC-CMA-ES,XAJ-Base,train,0.9321361447099996,0.9321361447099996,True
08086290,IC-CMA-ES,XAJ-Base,test,0.4501196131884782,0.4501196131884782,True
08086290,IC-CMA-ES,XAJ-TGD,train,0.927032956990538,0.927032956990538,True
08086290,IC-CMA-ES,XAJ-TGD,test,0.3446370948796552,0.3446370948796552,True
08086290,IC-CMA-ES,XAJ-CN,train,0.9412002829550842,0.9412002829550842,True
08086290,IC-CMA-ES,XAJ-CN,test,0.5950019526497438,0.5950019526497438,True
08086290,dPL-MLP,XAJ-Base,train,0.4196186202017048,0.4196186202017048,True
08086290,dPL-MLP,XAJ-Base,test,0.5396339236733596,0.5396339236733596,True
08086290,dPL-MLP,XAJ-TGD,train,0.6243296987262772,0.6243296987262772,True
08086290,dPL-MLP,XAJ-TGD,test,0.6412078161249375,0.6412078161249375,True
08086290,dPL-MLP,XAJ-CN,train,0.52171321679822,0.52171321679822,True
08086290,dPL-MLP,XAJ-CN,test,0.6046371811771754,0.6046371811771754,True
08101000,IC-CMA-ES,XAJ-Base,train,0.9194520227784316,0.9194520227784316,True
08101000,IC-CMA-ES,XAJ-Base,test,0.8043192385479713,0.8043192385479713,True
08101000,IC-CMA-ES,XAJ-TGD,train,0.9361922405667272,0.9361922405667272,True
08101000,IC-CMA-ES,XAJ-TGD,test,0.7651217531492407,0.7651217531492407,True
08101000,IC-CMA-ES,XAJ-CN,train,0.9211966670838752,0.9211966670838752,True
08101000,IC-CMA-ES,XAJ-CN,test,0.8169140292330603,0.8169140292330603,True
08101000,dPL-MLP,XAJ-Base,train,0.7996354664985175,0.7996354664985175,True
08101000,dPL-MLP,XAJ-Base,test,0.8519014980233928,0.8519014980233928,True
08101000,dPL-MLP,XAJ-TGD,train,0.7787091935722663,0.7787091935722663,True
08101000,dPL-MLP,XAJ-TGD,test,0.8429402434558778,0.8429402434558778,True
08101000,dPL-MLP,XAJ-CN,train,0.7470102559917968,0.7470102559917968,True
08101000,dPL-MLP,XAJ-CN,test,0.8307468993486002,0.8307468993486002,True
08103900,IC-CMA-ES,XAJ-Base,train,0.8344094502670657,0.8344094502670657,True
08103900,IC-CMA-ES,XAJ-Base,test,0.6589904808202367,0.6589904808202367,True
08103900,IC-CMA-ES,XAJ-TGD,train,0.8394288978957136,0.8394288978957136,True
08103900,IC-CMA-ES,XAJ-TGD,test,0.6488763563271448,0.6488763563271448,True
08103900,IC-CMA-ES,XAJ-CN,train,0.833462569303086,0.833462569303086,True
08103900,IC-CMA-ES,XAJ-CN,test,0.6654109652652522,0.6654109652652522,True
08103900,dPL-MLP,XAJ-Base,train,0.7136927084799624,0.7136927084799624,True
08103900,dPL-MLP,XAJ-Base,test,0.6179193028613258,0.6179193028613258,True
08103900,dPL-MLP,XAJ-TGD,train,0.717444229419395,0.717444229419395,True
08103900,dPL-MLP,XAJ-TGD,test,0.6151317422608202,0.6151317422608202,True
08103900,dPL-MLP,XAJ-CN,train,0.7604835515483299,0.7604835515483299,True
08103900,dPL-MLP,XAJ-CN,test,0.6467865632107375,0.6467865632107375,True
08104900,IC-CMA-ES,XAJ-Base,train,0.8155066731337418,0.8155066731337418,True
08104900,IC-CMA-ES,XAJ-Base,test,0.5579141889099316,0.5579141889099316,True
08104900,IC-CMA-ES,XAJ-TGD,train,0.8165138907397028,0.8165138907397028,True
08104900,IC-CMA-ES,XAJ-TGD,test,0.5322345613949319,0.5322345613949319,True
08104900,IC-CMA-ES,XAJ-CN,train,0.8179062194135487,0.8179062194135487,True
08104900,IC-CMA-ES,XAJ-CN,test,0.5490442321488389,0.5490442321488389,True
08104900,dPL-MLP,XAJ-Base,train,0.7988068718624923,0.7988068718624923,True
08104900,dPL-MLP,XAJ-Base,test,0.5367451508773939,0.5367451508773939,True
08104900,dPL-MLP,XAJ-TGD,train,0.7735287201227607,0.7735287201227607,True
08104900,dPL-MLP,XAJ-TGD,test,0.5799712155524456,0.5799712155524456,True
08104900,dPL-MLP,XAJ-CN,train,0.7809671131840544,0.7809671131840544,True
08104900,dPL-MLP,XAJ-CN,test,0.5305354610518588,0.5305354610518588,True
08109700,IC-CMA-ES,XAJ-Base,train,0.8226792822300222,0.8226792822300222,True
08109700,IC-CMA-ES,XAJ-Base,test,0.7855921212803527,0.7855921212803527,True
08109700,IC-CMA-ES,XAJ-TGD,train,0.8373973730754944,0.8373973730754944,True
08109700,IC-CMA-ES,XAJ-TGD,test,0.7793259223006452,0.7793259223006452,True
08109700,IC-CMA-ES,XAJ-CN,train,0.7976704803699204,0.7976704803699204,True
08109700,IC-CMA-ES,XAJ-CN,test,0.8061171821173582,0.8061171821173582,True
08109700,dPL-MLP,XAJ-Base,train,0.7523406870966087,0.7523406870966087,True
08109700,dPL-MLP,XAJ-Base,test,0.7258786523237337,0.7258786523237337,True
08109700,dPL-MLP,XAJ-TGD,train,0.7452316478357107,0.7452316478357107,True
08109700,dPL-MLP,XAJ-TGD,test,0.7329939717696508,0.7329939717696508,True
08109700,dPL-MLP,XAJ-CN,train,0.6752145763687452,0.6752145763687452,True
08109700,dPL-MLP,XAJ-CN,test,0.7414631367637905,0.7414631367637905,True
08150800,IC-CMA-ES,XAJ-Base,train,0.7005014892035777,0.7005014892035777,True
08150800,IC-CMA-ES,XAJ-Base,test,0.283217573756093,0.283217573756093,True
08150800,IC-CMA-ES,XAJ-TGD,train,0.6986674729448321,0.6986674729448321,True
08150800,IC-CMA-ES,XAJ-TGD,test,0.2090005722702566,0.2090005722702566,True
08150800,IC-CMA-ES,XAJ-CN,train,0.7037677933496004,0.7037677933496004,True
08150800,IC-CMA-ES,XAJ-CN,test,0.2984588566778917,0.2984588566778917,True
08150800,dPL-MLP,XAJ-Base,train,0.5530946270214743,0.5530946270214743,True
08150800,dPL-MLP,XAJ-Base,test,0.185613638300206,0.185613638300206,True
08150800,dPL-MLP,XAJ-TGD,train,0.6017927436297583,0.6017927436297583,True
08150800,dPL-MLP,XAJ-TGD,test,0.1623613704484588,0.1623613704484588,True
08150800,dPL-MLP,XAJ-CN,train,0.5145298083934475,0.5145298083934475,True
08150800,dPL-MLP,XAJ-CN,test,0.1780337993231455,0.1780337993231455,True
08158700,IC-CMA-ES,XAJ-Base,train,0.8877439994712115,0.8877439994712115,True
08158700,IC-CMA-ES,XAJ-Base,test,0.1606619189329458,0.1606619189329458,True
08158700,IC-CMA-ES,XAJ-TGD,train,0.8844047214180139,0.8844047214180139,True
08158700,IC-CMA-ES,XAJ-TGD,test,0.333482743437554,0.333482743437554,True
08158700,IC-CMA-ES,XAJ-CN,train,0.8799681799081869,0.8799681799081869,True
08158700,IC-CMA-ES,XAJ-CN,test,0.3251772370654955,0.3251772370654955,True
08158700,dPL-MLP,XAJ-Base,train,0.8514204544871979,0.8514204544871979,True
08158700,dPL-MLP,XAJ-Base,test,0.2937186866578742,0.2937186866578742,True
08158700,dPL-MLP,XAJ-TGD,train,0.8469137846661362,0.8469137846661362,True
08158700,dPL-MLP,XAJ-TGD,test,0.3106819180298836,0.3106819180298836,True
08158700,dPL-MLP,XAJ-CN,train,0.8630803041340538,0.8630803041340538,True
08158700,dPL-MLP,XAJ-CN,test,0.2389205666688297,0.2389205666688297,True
08158810,IC-CMA-ES,XAJ-Base,train,0.8596229399558272,0.8596229399558272,True
08158810,IC-CMA-ES,XAJ-Base,test,0.5065507470260141,0.5065507470260141,True
08158810,IC-CMA-ES,XAJ-TGD,train,0.8308709143523128,0.8308709143523128,True
08158810,IC-CMA-ES,XAJ-TGD,test,0.4873097877622714,0.4873097877622714,True
08158810,IC-CMA-ES,XAJ-CN,train,0.8653362690603965,0.8653362690603965,True
08158810,IC-CMA-ES,XAJ-CN,test,0.5557710140057996,0.5557710140057996,True
08158810,dPL-MLP,XAJ-Base,train,0.6973436194365189,0.6973436194365189,True
08158810,dPL-MLP,XAJ-Base,test,0.5684582991001613,0.5684582991001613,True
08158810,dPL-MLP,XAJ-TGD,train,0.577463721700424,0.577463721700424,True
08158810,dPL-MLP,XAJ-TGD,test,0.5610813837282913,0.5610813837282913,True
08158810,dPL-MLP,XAJ-CN,train,0.7027572891980954,0.7027572891980954,True
08158810,dPL-MLP,XAJ-CN,test,0.5649937969924808,0.5649937969924808,True
08164300,IC-CMA-ES,XAJ-Base,train,0.8434110511878153,0.8434110511878153,True
08164300,IC-CMA-ES,XAJ-Base,test,0.7834168043914898,0.7834168043914898,True
08164300,IC-CMA-ES,XAJ-TGD,train,0.8911453897648124,0.8911453897648124,True
08164300,IC-CMA-ES,XAJ-TGD,test,0.7337694230039488,0.7337694230039488,True
08164300,IC-CMA-ES,XAJ-CN,train,0.8814937745736184,0.8814937745736184,True
08164300,IC-CMA-ES,XAJ-CN,test,0.7849614948354809,0.7849614948354809,True
08164300,dPL-MLP,XAJ-Base,train,0.565795638824314,0.565795638824314,True
08164300,dPL-MLP,XAJ-Base,test,0.7938870312324513,0.7938870312324513,True
08164300,dPL-MLP,XAJ-TGD,train,0.6842642318047727,0.6842642318047727,True
08164300,dPL-MLP,XAJ-TGD,test,0.8317226668812522,0.8317226668812522,True
08164300,dPL-MLP,XAJ-CN,train,0.5648463661795801,0.5648463661795801,True
08164300,dPL-MLP,XAJ-CN,test,0.7811775318838076,0.7811775318838076,True
08164600,IC-CMA-ES,XAJ-Base,train,0.7518218393949555,0.7518218393949555,True
08164600,IC-CMA-ES,XAJ-Base,test,0.7447886125946239,0.7447886125946239,True
08164600,IC-CMA-ES,XAJ-TGD,train,0.7589726130553988,0.7589726130553988,True
08164600,IC-CMA-ES,XAJ-TGD,test,0.7253660130611584,0.7253660130611584,True
08164600,IC-CMA-ES,XAJ-CN,train,0.7581151094550285,0.7581151094550285,True
08164600,IC-CMA-ES,XAJ-CN,test,0.7371607569782778,0.7371607569782778,True
08164600,dPL-MLP,XAJ-Base,train,0.6647542923175238,0.6647542923175238,True
08164600,dPL-MLP,XAJ-Base,test,0.7903950567644584,0.7903950567644584,True
08164600,dPL-MLP,XAJ-TGD,train,0.5873507976830686,0.5873507976830686,True
08164600,dPL-MLP,XAJ-TGD,test,0.7835450344935728,0.7835450344935728,True
08164600,dPL-MLP,XAJ-CN,train,0.6304193148272941,0.6304193148272941,True
08164600,dPL-MLP,XAJ-CN,test,0.7537921031952999,0.7537921031952999,True
08165300,IC-CMA-ES,XAJ-Base,train,0.3910875610872029,0.3910875610872029,True
08165300,IC-CMA-ES,XAJ-Base,test,-0.6497107435832941,-0.6497107435832941,True
08165300,IC-CMA-ES,XAJ-TGD,train,0.4333521182159109,0.4333521182159109,True
08165300,IC-CMA-ES,XAJ-TGD,test,-0.3225452324188842,-0.3225452324188842,True
08165300,IC-CMA-ES,XAJ-CN,train,0.3883771700909751,0.3883771700909751,True
08165300,IC-CMA-ES,XAJ-CN,test,-0.1391123542109422,-0.1391123542109422,True
08165300,dPL-MLP,XAJ-Base,train,-0.0036328224549881,-0.0036328224549881,True
08165300,dPL-MLP,XAJ-Base,test,0.0579053770665904,0.0579053770665904,True
08165300,dPL-MLP,XAJ-TGD,train,-0.0256134105946455,-0.0256134105946455,True
08165300,dPL-MLP,XAJ-TGD,test,0.2996396149599428,0.2996396149599428,True
08165300,dPL-MLP,XAJ-CN,train,-0.0183189702566881,-0.0183189702566881,True
08165300,dPL-MLP,XAJ-CN,test,0.2202197581691011,0.2202197581691011,True
08171300,IC-CMA-ES,XAJ-Base,train,0.8716554167666095,0.8716554167666095,True
08171300,IC-CMA-ES,XAJ-Base,test,0.6377765311220829,0.6377765311220829,True
08171300,IC-CMA-ES,XAJ-TGD,train,0.8993153284754538,0.8993153284754538,True
08171300,IC-CMA-ES,XAJ-TGD,test,0.4077638939430279,0.4077638939430279,True
08171300,IC-CMA-ES,XAJ-CN,train,0.8754294278785983,0.8754294278785983,True
08171300,IC-CMA-ES,XAJ-CN,test,0.587096898831069,0.587096898831069,True
08171300,dPL-MLP,XAJ-Base,train,0.7773071044977375,0.7773071044977375,True
08171300,dPL-MLP,XAJ-Base,test,0.6257957427226642,0.6257957427226642,True
08171300,dPL-MLP,XAJ-TGD,train,0.7991469923337464,0.7991469923337464,True
08171300,dPL-MLP,XAJ-TGD,test,0.6353433022192176,0.6353433022192176,True
08171300,dPL-MLP,XAJ-CN,train,0.7701999277181235,0.7701999277181235,True
08171300,dPL-MLP,XAJ-CN,test,0.6224140232339062,0.6224140232339062,True
08175000,IC-CMA-ES,XAJ-Base,train,0.7793311829930566,0.7793311829930566,True
08175000,IC-CMA-ES,XAJ-Base,test,0.6523797801662066,0.6523797801662066,True
08175000,IC-CMA-ES,XAJ-TGD,train,0.8252216827908125,0.8252216827908125,True
08175000,IC-CMA-ES,XAJ-TGD,test,0.6468757259426058,0.6468757259426058,True
08175000,IC-CMA-ES,XAJ-CN,train,0.8363852442164783,0.8363852442164783,True
08175000,IC-CMA-ES,XAJ-CN,test,0.6793439576811018,0.6793439576811018,True
08175000,dPL-MLP,XAJ-Base,train,0.7501544849679886,0.7501544849679886,True
08175000,dPL-MLP,XAJ-Base,test,0.6150428354327955,0.6150428354327955,True
08175000,dPL-MLP,XAJ-TGD,train,0.7638755813248388,0.7638755813248388,True
08175000,dPL-MLP,XAJ-TGD,test,0.6095994952276749,0.6095994952276749,True
08175000,dPL-MLP,XAJ-CN,train,0.7186549932457279,0.7186549932457279,True
08175000,dPL-MLP,XAJ-CN,test,0.6657422192961127,0.6657422192961127,True
08176900,IC-CMA-ES,XAJ-Base,train,0.7549915921360162,0.7549915921360162,True
08176900,IC-CMA-ES,XAJ-Base,test,0.7104308617226291,0.7104308617226291,True
08176900,IC-CMA-ES,XAJ-TGD,train,0.7614073480345573,0.7614073480345573,True
08176900,IC-CMA-ES,XAJ-TGD,test,0.6979366601631838,0.6979366601631838,True
08176900,IC-CMA-ES,XAJ-CN,train,0.7611596409017354,0.7611596409017354,True
08176900,IC-CMA-ES,XAJ-CN,test,0.6930430855587072,0.6930430855587072,True
08176900,dPL-MLP,XAJ-Base,train,0.6239062992648936,0.6239062992648936,True
08176900,dPL-MLP,XAJ-Base,test,0.5376874685166368,0.5376874685166368,True
08176900,dPL-MLP,XAJ-TGD,train,0.5334132799698206,0.5334132799698206,True
08176900,dPL-MLP,XAJ-TGD,test,0.4695999887828199,0.4695999887828199,True
08176900,dPL-MLP,XAJ-CN,train,0.6119929027316839,0.6119929027316839,True
08176900,dPL-MLP,XAJ-CN,test,0.51410130143855,0.51410130143855,True
08178880,IC-CMA-ES,XAJ-Base,train,0.844362182671469,0.844362182671469,True
08178880,IC-CMA-ES,XAJ-Base,test,0.4636103819534728,0.4636103819534728,True
08178880,IC-CMA-ES,XAJ-TGD,train,0.8382346130898886,0.8382346130898886,True
08178880,IC-CMA-ES,XAJ-TGD,test,0.412681277560481,0.412681277560481,True
08178880,IC-CMA-ES,XAJ-CN,train,0.8557954422475837,0.8557954422475837,True
08178880,IC-CMA-ES,XAJ-CN,test,0.4443693532785038,0.4443693532785038,True
08178880,dPL-MLP,XAJ-Base,train,0.7503083294950496,0.7503083294950496,True
08178880,dPL-MLP,XAJ-Base,test,0.414328908387136,0.414328908387136,True
08178880,dPL-MLP,XAJ-TGD,train,0.7652465815541418,0.7652465815541418,True
08178880,dPL-MLP,XAJ-TGD,test,0.4105675448072979,0.4105675448072979,True
08178880,dPL-MLP,XAJ-CN,train,0.7339875405651765,0.7339875405651765,True
08178880,dPL-MLP,XAJ-CN,test,0.3930204651939651,0.3930204651939651,True
08189500,IC-CMA-ES,XAJ-Base,train,0.8051341097773236,0.8051341097773236,True
08189500,IC-CMA-ES,XAJ-Base,test,0.5404496885405025,0.5404496885405025,True
08189500,IC-CMA-ES,XAJ-TGD,train,0.817569494953001,0.817569494953001,True
08189500,IC-CMA-ES,XAJ-TGD,test,0.633655223991592,0.633655223991592,True
08189500,IC-CMA-ES,XAJ-CN,train,0.8035323794628887,0.8035323794628887,True
08189500,IC-CMA-ES,XAJ-CN,test,0.5622549438713333,0.5622549438713333,True
08189500,dPL-MLP,XAJ-Base,train,0.449675581341274,0.449675581341274,True
08189500,dPL-MLP,XAJ-Base,test,0.5625293069601935,0.5625293069601935,True
08189500,dPL-MLP,XAJ-TGD,train,0.404293963631561,0.404293963631561,True
08189500,dPL-MLP,XAJ-TGD,test,0.5351561983625515,0.5351561983625515,True
08189500,dPL-MLP,XAJ-CN,train,0.4576141262135216,0.4576141262135216,True
08189500,dPL-MLP,XAJ-CN,test,0.5694178194643523,0.5694178194643523,True
08190000,IC-CMA-ES,XAJ-Base,train,0.7073547796265265,0.7073547796265265,True
08190000,IC-CMA-ES,XAJ-Base,test,0.6688567758637929,0.6688567758637929,True
08190000,IC-CMA-ES,XAJ-TGD,train,0.7450748684590005,0.7450748684590005,True
08190000,IC-CMA-ES,XAJ-TGD,test,0.6510022447281232,0.6510022447281232,True
08190000,IC-CMA-ES,XAJ-CN,train,0.7103685632322089,0.7103685632322089,True
08190000,IC-CMA-ES,XAJ-CN,test,0.6705498649063295,0.6705498649063295,True
08190000,dPL-MLP,XAJ-Base,train,0.5067432258109326,0.5067432258109326,True
08190000,dPL-MLP,XAJ-Base,test,0.5052410402171311,0.5052410402171311,True
08190000,dPL-MLP,XAJ-TGD,train,0.5354702403739375,0.5354702403739375,True
08190000,dPL-MLP,XAJ-TGD,test,0.5082938637719088,0.5082938637719088,True
08190000,dPL-MLP,XAJ-CN,train,0.4076666266634142,0.4076666266634142,True
08190000,dPL-MLP,XAJ-CN,test,0.4480800628134459,0.4480800628134459,True
08190500,IC-CMA-ES,XAJ-Base,train,0.4326796179789396,0.4326796179789396,True
08190500,IC-CMA-ES,XAJ-Base,test,0.4628070102874587,0.4628070102874587,True
08190500,IC-CMA-ES,XAJ-TGD,train,0.4970390040278705,0.4970390040278705,True
08190500,IC-CMA-ES,XAJ-TGD,test,0.4348505267590929,0.4348505267590929,True
08190500,IC-CMA-ES,XAJ-CN,train,0.4707309636016983,0.4707309636016983,True
08190500,IC-CMA-ES,XAJ-CN,test,0.4472975952032336,0.4472975952032336,True
08190500,dPL-MLP,XAJ-Base,train,-0.0490363591054625,-0.0490363591054625,True
08190500,dPL-MLP,XAJ-Base,test,-0.0131499146564031,-0.0131499146564031,True
08190500,dPL-MLP,XAJ-TGD,train,-0.0915718600036499,-0.0915718600036499,True
08190500,dPL-MLP,XAJ-TGD,test,-0.0243772090407978,-0.0243772090407978,True
08190500,dPL-MLP,XAJ-CN,train,-0.0977748591364209,-0.0977748591364209,True
08190500,dPL-MLP,XAJ-CN,test,-0.0147723943824891,-0.0147723943824891,True
08194200,IC-CMA-ES,XAJ-Base,train,0.231463828187531,0.231463828187531,True
08194200,IC-CMA-ES,XAJ-Base,test,0.3121044753832878,0.3121044753832878,True
08194200,IC-CMA-ES,XAJ-TGD,train,0.2160876261517871,0.2160876261517871,True
08194200,IC-CMA-ES,XAJ-TGD,test,0.280934956986992,0.280934956986992,True
08194200,IC-CMA-ES,XAJ-CN,train,0.2433144246258356,0.2433144246258356,True
08194200,IC-CMA-ES,XAJ-CN,test,0.3231426033590612,0.3231426033590612,True
08194200,dPL-MLP,XAJ-Base,train,-0.0341873063153412,-0.0341873063153412,True
08194200,dPL-MLP,XAJ-Base,test,-0.0228126174828604,-0.0228126174828604,True
08194200,dPL-MLP,XAJ-TGD,train,-0.131169588986397,-0.131169588986397,True
08194200,dPL-MLP,XAJ-TGD,test,-0.1322839038965932,-0.1322839038965932,True
08194200,dPL-MLP,XAJ-CN,train,-0.0795227848804245,-0.0795227848804245,True
08194200,dPL-MLP,XAJ-CN,test,-0.0778898538332646,-0.0778898538332646,True
08195000,IC-CMA-ES,XAJ-Base,train,0.7309351822346031,0.7309351822346031,True
08195000,IC-CMA-ES,XAJ-Base,test,0.3335841697739201,0.3335841697739201,True
08195000,IC-CMA-ES,XAJ-TGD,train,0.7432832055879351,0.7432832055879351,True
08195000,IC-CMA-ES,XAJ-TGD,test,0.3064775125290153,0.3064775125290153,True
08195000,IC-CMA-ES,XAJ-CN,train,0.7347805222286925,0.7347805222286925,True
08195000,IC-CMA-ES,XAJ-CN,test,0.3075845777810976,0.3075845777810976,True
08195000,dPL-MLP,XAJ-Base,train,0.5956827977566534,0.5956827977566534,True
08195000,dPL-MLP,XAJ-Base,test,0.4763437522228753,0.4763437522228753,True
08195000,dPL-MLP,XAJ-TGD,train,0.6400628975100755,0.6400628975100755,True
08195000,dPL-MLP,XAJ-TGD,test,0.5218037160766378,0.5218037160766378,True
08195000,dPL-MLP,XAJ-CN,train,0.5508409668600744,0.5508409668600744,True
08195000,dPL-MLP,XAJ-CN,test,0.4748481403076351,0.4748481403076351,True
08196000,IC-CMA-ES,XAJ-Base,train,0.6602192345648005,0.6602192345648005,True
08196000,IC-CMA-ES,XAJ-Base,test,0.3991328983188212,0.3991328983188212,True
08196000,IC-CMA-ES,XAJ-TGD,train,0.6858389024815098,0.6858389024815098,True
08196000,IC-CMA-ES,XAJ-TGD,test,0.265902069980232,0.265902069980232,True
08196000,IC-CMA-ES,XAJ-CN,train,0.6587883920080041,0.6587883920080041,True
08196000,IC-CMA-ES,XAJ-CN,test,0.38906060145417,0.38906060145417,True
08196000,dPL-MLP,XAJ-Base,train,0.4654615891940271,0.4654615891940271,True
08196000,dPL-MLP,XAJ-Base,test,0.3068063670107912,0.3068063670107912,True
08196000,dPL-MLP,XAJ-TGD,train,0.5401474652363129,0.5401474652363129,True
08196000,dPL-MLP,XAJ-TGD,test,0.3465987067511794,0.3465987067511794,True
08196000,dPL-MLP,XAJ-CN,train,0.5046040948335017,0.5046040948335017,True
08196000,dPL-MLP,XAJ-CN,test,0.3323970290479651,0.3323970290479651,True
08198500,IC-CMA-ES,XAJ-Base,train,0.825287762689062,0.825287762689062,True
08198500,IC-CMA-ES,XAJ-Base,test,0.3730083136118343,0.3730083136118343,True
08198500,IC-CMA-ES,XAJ-TGD,train,0.8318298718645936,0.8318298718645936,True
08198500,IC-CMA-ES,XAJ-TGD,test,0.3813586459922731,0.3813586459922731,True
08198500,IC-CMA-ES,XAJ-CN,train,0.8277858417698317,0.8277858417698317,True
08198500,IC-CMA-ES,XAJ-CN,test,0.3640868587846202,0.3640868587846202,True
08198500,dPL-MLP,XAJ-Base,train,0.5987766662636167,0.5987766662636167,True
08198500,dPL-MLP,XAJ-Base,test,0.3574111479286681,0.3574111479286681,True
08198500,dPL-MLP,XAJ-TGD,train,0.6837475577494514,0.6837475577494514,True
08198500,dPL-MLP,XAJ-TGD,test,0.4907424567309812,0.4907424567309812,True
08198500,dPL-MLP,XAJ-CN,train,0.5717013629326367,0.5717013629326367,True
08198500,dPL-MLP,XAJ-CN,test,0.3834962834398095,0.3834962834398095,True
08200000,IC-CMA-ES,XAJ-Base,train,0.8082474463242709,0.8082474463242709,True
08200000,IC-CMA-ES,XAJ-Base,test,0.413078855138334,0.413078855138334,True
08200000,IC-CMA-ES,XAJ-TGD,train,0.8066076933111441,0.8066076933111441,True
08200000,IC-CMA-ES,XAJ-TGD,test,0.4870144672808417,0.4870144672808417,True
08200000,IC-CMA-ES,XAJ-CN,train,0.8048031945099069,0.8048031945099069,True
08200000,IC-CMA-ES,XAJ-CN,test,0.5327557144859092,0.5327557144859092,True
08200000,dPL-MLP,XAJ-Base,train,0.6339839721399756,0.6339839721399756,True
08200000,dPL-MLP,XAJ-Base,test,0.447494725795465,0.447494725795465,True
08200000,dPL-MLP,XAJ-TGD,train,0.580547515270085,0.580547515270085,True
08200000,dPL-MLP,XAJ-TGD,test,0.3735538291657997,0.3735538291657997,True
08200000,dPL-MLP,XAJ-CN,train,0.5805692628107233,0.5805692628107233,True
08200000,dPL-MLP,XAJ-CN,test,0.4153548225679701,0.4153548225679701,True
08202700,IC-CMA-ES,XAJ-Base,train,0.2097301792116773,0.2097301792116773,True
08202700,IC-CMA-ES,XAJ-Base,test,0.2312824498160354,0.2312824498160354,True
08202700,IC-CMA-ES,XAJ-TGD,train,0.2371841272758784,0.2371841272758784,True
08202700,IC-CMA-ES,XAJ-TGD,test,0.3125591826663579,0.3125591826663579,True
08202700,IC-CMA-ES,XAJ-CN,train,0.1698612415506183,0.1698612415506183,True
08202700,IC-CMA-ES,XAJ-CN,test,0.2916724037696906,0.2916724037696906,True
08202700,dPL-MLP,XAJ-Base,train,-0.0989931582538423,-0.0989931582538423,True
08202700,dPL-MLP,XAJ-Base,test,-0.1476070594399714,-0.1476070594399714,True
08202700,dPL-MLP,XAJ-TGD,train,-0.1216171443553821,-0.1216171443553821,True
08202700,dPL-MLP,XAJ-TGD,test,-0.167616324371028,-0.167616324371028,True
08202700,dPL-MLP,XAJ-CN,train,-0.0930805706354627,-0.0930805706354627,True
08202700,dPL-MLP,XAJ-CN,test,-0.1443947476495739,-0.1443947476495739,True
08267500,IC-CMA-ES,XAJ-Base,train,0.1017753649493966,0.1017753649493966,True
08267500,IC-CMA-ES,XAJ-Base,test,0.0504290998891119,0.0504290998891119,True
08267500,IC-CMA-ES,XAJ-TGD,train,0.7155053209035884,0.7155053209035884,True
08267500,IC-CMA-ES,XAJ-TGD,test,0.5692559201617156,0.5692559201617156,True
08267500,IC-CMA-ES,XAJ-CN,train,0.8599412944965905,0.8599412944965905,True
08267500,IC-CMA-ES,XAJ-CN,test,0.7551702006594239,0.7551702006594239,True
08267500,dPL-MLP,XAJ-Base,train,0.0719651627101284,0.0719651627101284,True
08267500,dPL-MLP,XAJ-Base,test,0.0228734421097208,0.0228734421097208,True
08267500,dPL-MLP,XAJ-TGD,train,0.6185064864585907,0.6185064864585907,True
08267500,dPL-MLP,XAJ-TGD,test,0.5156256396625617,0.5156256396625617,True
08267500,dPL-MLP,XAJ-CN,train,0.7945812581488549,0.7945812581488549,True
08267500,dPL-MLP,XAJ-CN,test,0.6617354667593248,0.6617354667593248,True
08269000,IC-CMA-ES,XAJ-Base,train,0.2248254884949309,0.2248254884949309,True
08269000,IC-CMA-ES,XAJ-Base,test,0.2971134502837426,0.2971134502837426,True
08269000,IC-CMA-ES,XAJ-TGD,train,0.7957237533438516,0.7957237533438516,True
08269000,IC-CMA-ES,XAJ-TGD,test,0.6843914481117253,0.6843914481117253,True
08269000,IC-CMA-ES,XAJ-CN,train,0.8573978032312155,0.8573978032312155,True
08269000,IC-CMA-ES,XAJ-CN,test,0.7179572645244571,0.7179572645244571,True
08269000,dPL-MLP,XAJ-Base,train,0.1661047492588446,0.1661047492588446,True
08269000,dPL-MLP,XAJ-Base,test,0.1780817944097531,0.1780817944097531,True
08269000,dPL-MLP,XAJ-TGD,train,0.7354677358263013,0.7354677358263013,True
08269000,dPL-MLP,XAJ-TGD,test,0.5477135134864423,0.5477135134864423,True
08269000,dPL-MLP,XAJ-CN,train,0.7674135600721487,0.7674135600721487,True
08269000,dPL-MLP,XAJ-CN,test,0.6993340284470168,0.6993340284470168,True
08271000,IC-CMA-ES,XAJ-Base,train,0.0628160938275128,0.0628160938275128,True
08271000,IC-CMA-ES,XAJ-Base,test,0.0357821969676848,0.0357821969676848,True
08271000,IC-CMA-ES,XAJ-TGD,train,0.6097703734888273,0.6097703734888273,True
08271000,IC-CMA-ES,XAJ-TGD,test,0.5217154374298028,0.5217154374298028,True
08271000,IC-CMA-ES,XAJ-CN,train,0.8391073974417783,0.8391073974417783,True
08271000,IC-CMA-ES,XAJ-CN,test,0.7883554322465243,0.7883554322465243,True
08271000,dPL-MLP,XAJ-Base,train,0.0176090883601206,0.0176090883601206,True
08271000,dPL-MLP,XAJ-Base,test,-0.0187790708707917,-0.0187790708707917,True
08271000,dPL-MLP,XAJ-TGD,train,0.504132714250618,0.504132714250618,True
08271000,dPL-MLP,XAJ-TGD,test,0.435469530425939,0.435469530425939,True
08271000,dPL-MLP,XAJ-CN,train,0.7521182257726905,0.7521182257726905,True
08271000,dPL-MLP,XAJ-CN,test,0.6749269031437551,0.6749269031437551,True
08324000,IC-CMA-ES,XAJ-Base,train,0.4952356765268766,0.4952356765268766,True
08324000,IC-CMA-ES,XAJ-Base,test,0.4988336335499276,0.4988336335499276,True
08324000,IC-CMA-ES,XAJ-TGD,train,0.8288636836977025,0.8288636836977025,True
08324000,IC-CMA-ES,XAJ-TGD,test,0.647954642301472,0.647954642301472,True
08324000,IC-CMA-ES,XAJ-CN,train,0.8580546651937998,0.8580546651937998,True
08324000,IC-CMA-ES,XAJ-CN,test,0.5295151683169023,0.5295151683169023,True
08324000,dPL-MLP,XAJ-Base,train,0.3294816090348056,0.3294816090348056,True
08324000,dPL-MLP,XAJ-Base,test,0.5071200434370227,0.5071200434370227,True
08324000,dPL-MLP,XAJ-TGD,train,0.7054990526866074,0.7054990526866074,True
08324000,dPL-MLP,XAJ-TGD,test,0.6452921031952964,0.6452921031952964,True
08324000,dPL-MLP,XAJ-CN,train,0.7233652158151784,0.7233652158151784,True
08324000,dPL-MLP,XAJ-CN,test,0.6665441220709256,0.6665441220709256,True
08377900,IC-CMA-ES,XAJ-Base,train,0.2439347512447693,0.2439347512447693,True
08377900,IC-CMA-ES,XAJ-Base,test,0.1757340367128002,0.1757340367128002,True
08377900,IC-CMA-ES,XAJ-TGD,train,0.6312958293432143,0.6312958293432143,True
08377900,IC-CMA-ES,XAJ-TGD,test,0.6591914887010283,0.6591914887010283,True
08377900,IC-CMA-ES,XAJ-CN,train,0.844470881705303,0.844470881705303,True
08377900,IC-CMA-ES,XAJ-CN,test,0.8575113629044712,0.8575113629044712,True
08377900,dPL-MLP,XAJ-Base,train,0.2129950130767396,0.2129950130767396,True
08377900,dPL-MLP,XAJ-Base,test,0.149121509964726,0.149121509964726,True
08377900,dPL-MLP,XAJ-TGD,train,0.6049936550125188,0.6049936550125188,True
08377900,dPL-MLP,XAJ-TGD,test,0.6410122146929949,0.6410122146929949,True
08377900,dPL-MLP,XAJ-CN,train,0.6312608996441922,0.6312608996441922,True
08377900,dPL-MLP,XAJ-CN,test,0.600584006883141,0.600584006883141,True
08378500,IC-CMA-ES,XAJ-Base,train,0.2703084995380241,0.2703084995380241,True
08378500,IC-CMA-ES,XAJ-Base,test,0.2072806351371487,0.2072806351371487,True
08378500,IC-CMA-ES,XAJ-TGD,train,0.6354782560019832,0.6354782560019832,True
08378500,IC-CMA-ES,XAJ-TGD,test,0.7356369833661962,0.7356369833661962,True
08378500,IC-CMA-ES,XAJ-CN,train,0.8287295083350381,0.8287295083350381,True
08378500,IC-CMA-ES,XAJ-CN,test,0.8037398082127486,0.8037398082127486,True
08378500,dPL-MLP,XAJ-Base,train,0.2261484214507172,0.2261484214507172,True
08378500,dPL-MLP,XAJ-Base,test,0.1859057531875024,0.1859057531875024,True
08378500,dPL-MLP,XAJ-TGD,train,0.5498402995315645,0.5498402995315645,True
08378500,dPL-MLP,XAJ-TGD,test,0.621385235113605,0.621385235113605,True
08378500,dPL-MLP,XAJ-CN,train,0.5666461459884008,0.5666461459884008,True
08378500,dPL-MLP,XAJ-CN,test,0.5616955783007131,0.5616955783007131,True
08380500,IC-CMA-ES,XAJ-Base,train,0.6572230165215718,0.6572230165215718,True
08380500,IC-CMA-ES,XAJ-Base,test,0.3534081771406115,0.3534081771406115,True
08380500,IC-CMA-ES,XAJ-TGD,train,0.7332309565025521,0.7332309565025521,True
08380500,IC-CMA-ES,XAJ-TGD,test,0.4785687045576761,0.4785687045576761,True
08380500,IC-CMA-ES,XAJ-CN,train,0.7261440157074812,0.7261440157074812,True
08380500,IC-CMA-ES,XAJ-CN,test,0.5989219219190747,0.5989219219190747,True
08380500,dPL-MLP,XAJ-Base,train,0.3769032002872133,0.3769032002872133,True
08380500,dPL-MLP,XAJ-Base,test,0.3853461269227428,0.3853461269227428,True
08380500,dPL-MLP,XAJ-TGD,train,0.4988457227287347,0.4988457227287347,True
08380500,dPL-MLP,XAJ-TGD,test,0.5354331209007099,0.5354331209007099,True
08380500,dPL-MLP,XAJ-CN,train,0.4929906335012757,0.4929906335012757,True
08380500,dPL-MLP,XAJ-CN,test,0.5165948790119343,0.5165948790119343,True
09035800,IC-CMA-ES,XAJ-Base,train,0.0512199218514505,0.0512199218514505,True
09035800,IC-CMA-ES,XAJ-Base,test,0.0545032618991689,0.0545032618991689,True
09035800,IC-CMA-ES,XAJ-TGD,train,0.7376219651745769,0.7376219651745769,True
09035800,IC-CMA-ES,XAJ-TGD,test,0.7270931470762476,0.7270931470762476,True
09035800,IC-CMA-ES,XAJ-CN,train,0.93452873157142,0.93452873157142,True
09035800,IC-CMA-ES,XAJ-CN,test,0.7693607365890512,0.7693607365890512,True
09035800,dPL-MLP,XAJ-Base,train,0.0803489728183745,0.0803489728183745,True
09035800,dPL-MLP,XAJ-Base,test,0.0951852178233516,0.0951852178233516,True
09035800,dPL-MLP,XAJ-TGD,train,0.6273842148131455,0.6273842148131455,True
09035800,dPL-MLP,XAJ-TGD,test,0.5340871833494951,0.5340871833494951,True
09035800,dPL-MLP,XAJ-CN,train,0.8402434850091146,0.8402434850091146,True
09035800,dPL-MLP,XAJ-CN,test,0.7297379398496457,0.7297379398496457,True
09035900,IC-CMA-ES,XAJ-Base,train,0.100667004087756,0.100667004087756,True
09035900,IC-CMA-ES,XAJ-Base,test,0.0779190802847394,0.0779190802847394,True
09035900,IC-CMA-ES,XAJ-TGD,train,0.8128345211457704,0.8128345211457704,True
09035900,IC-CMA-ES,XAJ-TGD,test,0.7954106499550394,0.7954106499550394,True
09035900,IC-CMA-ES,XAJ-CN,train,0.949388446961186,0.949388446961186,True
09035900,IC-CMA-ES,XAJ-CN,test,0.900425915613942,0.900425915613942,True
09035900,dPL-MLP,XAJ-Base,train,0.0936887852277521,0.0936887852277521,True
09035900,dPL-MLP,XAJ-Base,test,0.0774796232351743,0.0774796232351743,True
09035900,dPL-MLP,XAJ-TGD,train,0.7526848457397113,0.7526848457397113,True
09035900,dPL-MLP,XAJ-TGD,test,0.7847452579204426,0.7847452579204426,True
09035900,dPL-MLP,XAJ-CN,train,0.7956421827051939,0.7956421827051939,True
09035900,dPL-MLP,XAJ-CN,test,0.8017568199650321,0.8017568199650321,True
09047700,IC-CMA-ES,XAJ-Base,train,0.2765434973173272,0.2765434973173272,True
09047700,IC-CMA-ES,XAJ-Base,test,0.1951497640249909,0.1951497640249909,True
09047700,IC-CMA-ES,XAJ-TGD,train,0.9097390298841384,0.9097390298841384,True
09047700,IC-CMA-ES,XAJ-TGD,test,0.7941277622787322,0.7941277622787322,True
09047700,IC-CMA-ES,XAJ-CN,train,0.928609472893061,0.928609472893061,True
09047700,IC-CMA-ES,XAJ-CN,test,0.8136043266913788,0.8136043266913788,True
09047700,dPL-MLP,XAJ-Base,train,0.252586121830607,0.252586121830607,True
09047700,dPL-MLP,XAJ-Base,test,0.1980352799311847,0.1980352799311847,True
09047700,dPL-MLP,XAJ-TGD,train,0.7757355685571434,0.7757355685571434,True
09047700,dPL-MLP,XAJ-TGD,test,0.6791542338199346,0.6791542338199346,True
09047700,dPL-MLP,XAJ-CN,train,0.7907107706969803,0.7907107706969803,True
09047700,dPL-MLP,XAJ-CN,test,0.7826802809410911,0.7826802809410911,True
09065500,IC-CMA-ES,XAJ-Base,train,-0.0470654203080809,-0.0470654203080809,True
09065500,IC-CMA-ES,XAJ-Base,test,-0.0959969073491318,-0.0959969073491318,True
09065500,IC-CMA-ES,XAJ-TGD,train,0.5589503231789377,0.5589503231789377,True
09065500,IC-CMA-ES,XAJ-TGD,test,0.5071973985363961,0.5071973985363961,True
09065500,IC-CMA-ES,XAJ-CN,train,0.930814928153092,0.930814928153092,True
09065500,IC-CMA-ES,XAJ-CN,test,0.8987666658607133,0.8987666658607133,True
09065500,dPL-MLP,XAJ-Base,train,-0.0706504396577289,-0.0706504396577289,True
09065500,dPL-MLP,XAJ-Base,test,-0.0907821288743329,-0.0907821288743329,True
09065500,dPL-MLP,XAJ-TGD,train,0.5341160936678385,0.5341160936678385,True
09065500,dPL-MLP,XAJ-TGD,test,0.4853479535355526,0.4853479535355526,True
09065500,dPL-MLP,XAJ-CN,train,0.8651151888068545,0.8651151888068545,True
09065500,dPL-MLP,XAJ-CN,test,0.8013246303113031,0.8013246303113031,True
09066000,IC-CMA-ES,XAJ-Base,train,0.0712978198206533,0.0712978198206533,True
09066000,IC-CMA-ES,XAJ-Base,test,-0.0058792524266029,-0.0058792524266029,True
09066000,IC-CMA-ES,XAJ-TGD,train,0.752151384196536,0.752151384196536,True
09066000,IC-CMA-ES,XAJ-TGD,test,0.665860693823104,0.665860693823104,True
09066000,IC-CMA-ES,XAJ-CN,train,0.9464037039854458,0.9464037039854458,True
09066000,IC-CMA-ES,XAJ-CN,test,0.8781481800022886,0.8781481800022886,True
09066000,dPL-MLP,XAJ-Base,train,0.0621600905219659,0.0621600905219659,True
09066000,dPL-MLP,XAJ-Base,test,0.0105259508610471,0.0105259508610471,True
09066000,dPL-MLP,XAJ-TGD,train,0.7341651851673399,0.7341651851673399,True
09066000,dPL-MLP,XAJ-TGD,test,0.6781828123735166,0.6781828123735166,True
09066000,dPL-MLP,XAJ-CN,train,0.9206325766212988,0.9206325766212988,True
09066000,dPL-MLP,XAJ-CN,test,0.8701329138862546,0.8701329138862546,True
09066200,IC-CMA-ES,XAJ-Base,train,-0.0174805833000353,-0.0174805833000353,True
09066200,IC-CMA-ES,XAJ-Base,test,-0.0412573505014166,-0.0412573505014166,True
09066200,IC-CMA-ES,XAJ-TGD,train,0.5878234736161937,0.5878234736161937,True
09066200,IC-CMA-ES,XAJ-TGD,test,0.5575533962514028,0.5575533962514028,True
09066200,IC-CMA-ES,XAJ-CN,train,0.9154911879423974,0.9154911879423974,True
09066200,IC-CMA-ES,XAJ-CN,test,0.8548301941284193,0.8548301941284193,True
09066200,dPL-MLP,XAJ-Base,train,-0.0489662545024358,-0.0489662545024358,True
09066200,dPL-MLP,XAJ-Base,test,-0.0479902664382756,-0.0479902664382756,True
09066200,dPL-MLP,XAJ-TGD,train,0.5667253049177331,0.5667253049177331,True
09066200,dPL-MLP,XAJ-TGD,test,0.5525521393544175,0.5525521393544175,True
09066200,dPL-MLP,XAJ-CN,train,0.8748845789210677,0.8748845789210677,True
09066200,dPL-MLP,XAJ-CN,test,0.8322496377455746,0.8322496377455746,True
09066300,IC-CMA-ES,XAJ-Base,train,0.1159785200422286,0.1159785200422286,True
09066300,IC-CMA-ES,XAJ-Base,test,0.0407348795257531,0.0407348795257531,True
09066300,IC-CMA-ES,XAJ-TGD,train,0.7445969938995292,0.7445969938995292,True
09066300,IC-CMA-ES,XAJ-TGD,test,0.6324904331259602,0.6324904331259602,True
09066300,IC-CMA-ES,XAJ-CN,train,0.9244996506626278,0.9244996506626278,True
09066300,IC-CMA-ES,XAJ-CN,test,0.8433887784355493,0.8433887784355493,True
09066300,dPL-MLP,XAJ-Base,train,0.1086997067563589,0.1086997067563589,True
09066300,dPL-MLP,XAJ-Base,test,0.0523381994795169,0.0523381994795169,True
09066300,dPL-MLP,XAJ-TGD,train,0.6688381964640536,0.6688381964640536,True
09066300,dPL-MLP,XAJ-TGD,test,0.4897724930701055,0.4897724930701055,True
09066300,dPL-MLP,XAJ-CN,train,0.915034218574834,0.915034218574834,True
09066300,dPL-MLP,XAJ-CN,test,0.8290638991391733,0.8290638991391733,True
09081600,IC-CMA-ES,XAJ-Base,train,-0.0180059940574137,-0.0180059940574137,True
09081600,IC-CMA-ES,XAJ-Base,test,-0.0143898526101544,-0.0143898526101544,True
09081600,IC-CMA-ES,XAJ-TGD,train,0.6507338030951901,0.6507338030951901,True
09081600,IC-CMA-ES,XAJ-TGD,test,0.6608182594950911,0.6608182594950911,True
09081600,IC-CMA-ES,XAJ-CN,train,0.9238807426676692,0.9238807426676692,True
09081600,IC-CMA-ES,XAJ-CN,test,0.8441999899026578,0.8441999899026578,True
09081600,dPL-MLP,XAJ-Base,train,-0.0074944781851373,-0.0074944781851373,True
09081600,dPL-MLP,XAJ-Base,test,0.0234329534498471,0.0234329534498471,True
09081600,dPL-MLP,XAJ-TGD,train,0.6331893819028357,0.6331893819028357,True
09081600,dPL-MLP,XAJ-TGD,test,0.6608589790183357,0.6608589790183357,True
09081600,dPL-MLP,XAJ-CN,train,0.8973966801226967,0.8973966801226967,True
09081600,dPL-MLP,XAJ-CN,test,0.893030531591931,0.893030531591931,True
09107000,IC-CMA-ES,XAJ-Base,train,0.3124740918817459,0.3124740918817459,True
09107000,IC-CMA-ES,XAJ-Base,test,0.1731251542029656,0.1731251542029656,True
09107000,IC-CMA-ES,XAJ-TGD,train,0.9438069511601188,0.9438069511601188,True
09107000,IC-CMA-ES,XAJ-TGD,test,0.8539536359323362,0.8539536359323362,True
09107000,IC-CMA-ES,XAJ-CN,train,0.9530391910262632,0.9530391910262632,True
09107000,IC-CMA-ES,XAJ-CN,test,0.849891155144713,0.849891155144713,True
09107000,dPL-MLP,XAJ-Base,train,0.2997267492475366,0.2997267492475366,True
09107000,dPL-MLP,XAJ-Base,test,0.1842057498698989,0.1842057498698989,True
09107000,dPL-MLP,XAJ-TGD,train,0.8708848760276214,0.8708848760276214,True
09107000,dPL-MLP,XAJ-TGD,test,0.9085145912749784,0.9085145912749784,True
09107000,dPL-MLP,XAJ-CN,train,0.8138233969951882,0.8138233969951882,True
09107000,dPL-MLP,XAJ-CN,test,0.8696844759042778,0.8696844759042778,True
09210500,IC-CMA-ES,XAJ-Base,train,0.5413617915844859,0.5413617915844859,True
09210500,IC-CMA-ES,XAJ-Base,test,0.4424360492744569,0.4424360492744569,True
09210500,IC-CMA-ES,XAJ-TGD,train,0.9058087681453392,0.9058087681453392,True
09210500,IC-CMA-ES,XAJ-TGD,test,0.832769886642237,0.832769886642237,True
09210500,IC-CMA-ES,XAJ-CN,train,0.9113557418805662,0.9113557418805662,True
09210500,IC-CMA-ES,XAJ-CN,test,0.8870035653408238,0.8870035653408238,True
09210500,dPL-MLP,XAJ-Base,train,0.498600503784491,0.498600503784491,True
09210500,dPL-MLP,XAJ-Base,test,0.4660361789894908,0.4660361789894908,True
09210500,dPL-MLP,XAJ-TGD,train,0.8574767119240079,0.8574767119240079,True
09210500,dPL-MLP,XAJ-TGD,test,0.8830283643924474,0.8830283643924474,True
09210500,dPL-MLP,XAJ-CN,train,0.8311268306775554,0.8311268306775554,True
09210500,dPL-MLP,XAJ-CN,test,0.7649176473201591,0.7649176473201591,True
09223000,IC-CMA-ES,XAJ-Base,train,0.2061848116744103,0.2061848116744103,True
09223000,IC-CMA-ES,XAJ-Base,test,0.2415350309064845,0.2415350309064845,True
09223000,IC-CMA-ES,XAJ-TGD,train,0.8560277612913078,0.8560277612913078,True
09223000,IC-CMA-ES,XAJ-TGD,test,0.8568758817351533,0.8568758817351533,True
09223000,IC-CMA-ES,XAJ-CN,train,0.9323060916133462,0.9323060916133462,True
09223000,IC-CMA-ES,XAJ-CN,test,0.7018400223470559,0.7018400223470559,True
09223000,dPL-MLP,XAJ-Base,train,0.1970497713735909,0.1970497713735909,True
09223000,dPL-MLP,XAJ-Base,test,0.2453703635690997,0.2453703635690997,True
09223000,dPL-MLP,XAJ-TGD,train,0.7955840249727738,0.7955840249727738,True
09223000,dPL-MLP,XAJ-TGD,test,0.7867757410170313,0.7867757410170313,True
09223000,dPL-MLP,XAJ-CN,train,0.7823613353268899,0.7823613353268899,True
09223000,dPL-MLP,XAJ-CN,test,0.903587127002495,0.903587127002495,True
09306242,IC-CMA-ES,XAJ-Base,train,0.5833504469964406,0.5833504469964406,True
09306242,IC-CMA-ES,XAJ-Base,test,0.0774209765980865,0.0774209765980865,True
09306242,IC-CMA-ES,XAJ-TGD,train,0.8836676645215823,0.8836676645215823,True
09306242,IC-CMA-ES,XAJ-TGD,test,0.0321098472259979,0.0321098472259979,True
09306242,IC-CMA-ES,XAJ-CN,train,0.85305512065048,0.85305512065048,True
09306242,IC-CMA-ES,XAJ-CN,test,0.4794408222926294,0.4794408222926294,True
09306242,dPL-MLP,XAJ-Base,train,0.1177624721688751,0.1177624721688751,True
09306242,dPL-MLP,XAJ-Base,test,0.1635034023823385,0.1635034023823385,True
09306242,dPL-MLP,XAJ-TGD,train,0.6792399800158712,0.6792399800158712,True
09306242,dPL-MLP,XAJ-TGD,test,0.3177818846297507,0.3177818846297507,True
09306242,dPL-MLP,XAJ-CN,train,0.2787947210452965,0.2787947210452965,True
09306242,dPL-MLP,XAJ-CN,test,0.3011030808002298,0.3011030808002298,True
09312600,IC-CMA-ES,XAJ-Base,train,0.3097879249410875,0.3097879249410875,True
09312600,IC-CMA-ES,XAJ-Base,test,0.3384195874287952,0.3384195874287952,True
09312600,IC-CMA-ES,XAJ-TGD,train,0.953879982984315,0.953879982984315,True
09312600,IC-CMA-ES,XAJ-TGD,test,0.8015512526178248,0.8015512526178248,True
09312600,IC-CMA-ES,XAJ-CN,train,0.9080582348191024,0.9080582348191024,True
09312600,IC-CMA-ES,XAJ-CN,test,0.5686820292409491,0.5686820292409491,True
09312600,dPL-MLP,XAJ-Base,train,0.2891422686845664,0.2891422686845664,True
09312600,dPL-MLP,XAJ-Base,test,0.295566852978451,0.295566852978451,True
09312600,dPL-MLP,XAJ-TGD,train,0.7841604818486847,0.7841604818486847,True
09312600,dPL-MLP,XAJ-TGD,test,0.618454172095296,0.618454172095296,True
09312600,dPL-MLP,XAJ-CN,train,0.8046772297142883,0.8046772297142883,True
09312600,dPL-MLP,XAJ-CN,test,0.7499232800010212,0.7499232800010212,True
09352900,IC-CMA-ES,XAJ-Base,train,-0.0455924157527056,-0.0455924157527056,True
09352900,IC-CMA-ES,XAJ-Base,test,0.0324270646258029,0.0324270646258029,True
09352900,IC-CMA-ES,XAJ-TGD,train,0.6694722901660592,0.6694722901660592,True
09352900,IC-CMA-ES,XAJ-TGD,test,0.6130751421775521,0.6130751421775521,True
09352900,IC-CMA-ES,XAJ-CN,train,0.925085969823178,0.925085969823178,True
09352900,IC-CMA-ES,XAJ-CN,test,0.8339942724786065,0.8339942724786065,True
09352900,dPL-MLP,XAJ-Base,train,-0.0540509127069297,-0.0540509127069297,True
09352900,dPL-MLP,XAJ-Base,test,0.0158234940039168,0.0158234940039168,True
09352900,dPL-MLP,XAJ-TGD,train,0.6231284659842546,0.6231284659842546,True
09352900,dPL-MLP,XAJ-TGD,test,0.5686352454196395,0.5686352454196395,True
09352900,dPL-MLP,XAJ-CN,train,0.921430541271886,0.921430541271886,True
09352900,dPL-MLP,XAJ-CN,test,0.8397406505792295,0.8397406505792295,True
09378170,IC-CMA-ES,XAJ-Base,train,0.2980495958767192,0.2980495958767192,True
09378170,IC-CMA-ES,XAJ-Base,test,0.12157371170509,0.12157371170509,True
09378170,IC-CMA-ES,XAJ-TGD,train,0.8120551466116779,0.8120551466116779,True
09378170,IC-CMA-ES,XAJ-TGD,test,0.6024755487114235,0.6024755487114235,True
09378170,IC-CMA-ES,XAJ-CN,train,0.8181678335595892,0.8181678335595892,True
09378170,IC-CMA-ES,XAJ-CN,test,0.5975525724853498,0.5975525724853498,True
09378170,dPL-MLP,XAJ-Base,train,0.0741235854472441,0.0741235854472441,True
09378170,dPL-MLP,XAJ-Base,test,0.1387216891963555,0.1387216891963555,True
09378170,dPL-MLP,XAJ-TGD,train,0.7675244565893373,0.7675244565893373,True
09378170,dPL-MLP,XAJ-TGD,test,0.4826901835472146,0.4826901835472146,True
09378170,dPL-MLP,XAJ-CN,train,0.7467729246912045,0.7467729246912045,True
09378170,dPL-MLP,XAJ-CN,test,0.5093580217140223,0.5093580217140223,True
09386900,IC-CMA-ES,XAJ-Base,train,0.376146995065818,0.376146995065818,True
09386900,IC-CMA-ES,XAJ-Base,test,0.1318185994311721,0.1318185994311721,True
09386900,IC-CMA-ES,XAJ-TGD,train,0.6677782187848951,0.6677782187848951,True
09386900,IC-CMA-ES,XAJ-TGD,test,0.3442425249554308,0.3442425249554308,True
09386900,IC-CMA-ES,XAJ-CN,train,0.7101977366113674,0.7101977366113674,True
09386900,IC-CMA-ES,XAJ-CN,test,0.3365026054977869,0.3365026054977869,True
09386900,dPL-MLP,XAJ-Base,train,0.0989634259932721,0.0989634259932721,True
09386900,dPL-MLP,XAJ-Base,test,0.0305620858857239,0.0305620858857239,True
09386900,dPL-MLP,XAJ-TGD,train,0.4197806358941679,0.4197806358941679,True
09386900,dPL-MLP,XAJ-TGD,test,0.2182503010549358,0.2182503010549358,True
09386900,dPL-MLP,XAJ-CN,train,0.5340900096524727,0.5340900096524727,True
09386900,dPL-MLP,XAJ-CN,test,0.3432120890969881,0.3432120890969881,True
09404450,IC-CMA-ES,XAJ-Base,train,0.6856223333539291,0.6856223333539291,True
09404450,IC-CMA-ES,XAJ-Base,test,-0.0653142158534845,-0.0653142158534845,True
09404450,IC-CMA-ES,XAJ-TGD,train,0.8609530910375428,0.8609530910375428,True
09404450,IC-CMA-ES,XAJ-TGD,test,0.4056346861312816,0.4056346861312816,True
09404450,IC-CMA-ES,XAJ-CN,train,0.9025485053873076,0.9025485053873076,True
09404450,IC-CMA-ES,XAJ-CN,test,-0.1700333576771533,-0.1700333576771533,True
09404450,dPL-MLP,XAJ-Base,train,0.3603998909315289,0.3603998909315289,True
09404450,dPL-MLP,XAJ-Base,test,0.4337574610242538,0.4337574610242538,True
09404450,dPL-MLP,XAJ-TGD,train,0.593226420073021,0.593226420073021,True
09404450,dPL-MLP,XAJ-TGD,test,0.3273881711274649,0.3273881711274649,True
09404450,dPL-MLP,XAJ-CN,train,0.7843628530737669,0.7843628530737669,True
09404450,dPL-MLP,XAJ-CN,test,0.6579202816573544,0.6579202816573544,True
09430600,IC-CMA-ES,XAJ-Base,train,0.609220071151915,0.609220071151915,True
09430600,IC-CMA-ES,XAJ-Base,test,0.2584875999827831,0.2584875999827831,True
09430600,IC-CMA-ES,XAJ-TGD,train,0.6884221290772681,0.6884221290772681,True
09430600,IC-CMA-ES,XAJ-TGD,test,0.2515992954448467,0.2515992954448467,True
09430600,IC-CMA-ES,XAJ-CN,train,0.7401984690332511,0.7401984690332511,True
09430600,IC-CMA-ES,XAJ-CN,test,0.2989079107827891,0.2989079107827891,True
09430600,dPL-MLP,XAJ-Base,train,0.4930800470202793,0.4930800470202793,True
09430600,dPL-MLP,XAJ-Base,test,0.1524790170628019,0.1524790170628019,True
09430600,dPL-MLP,XAJ-TGD,train,0.4912707296084153,0.4912707296084153,True
09430600,dPL-MLP,XAJ-TGD,test,0.1335336115191836,0.1335336115191836,True
09430600,dPL-MLP,XAJ-CN,train,0.7045669143157218,0.7045669143157218,True
09430600,dPL-MLP,XAJ-CN,test,0.2678779076003347,0.2678779076003347,True
09447800,IC-CMA-ES,XAJ-Base,train,0.7881608789926564,0.7881608789926564,True
09447800,IC-CMA-ES,XAJ-Base,test,-1.1682039503661683,-1.1682039503661683,True
09447800,IC-CMA-ES,XAJ-TGD,train,0.7893033841512228,0.7893033841512228,True
09447800,IC-CMA-ES,XAJ-TGD,test,-1.1369678093375015,-1.1369678093375015,True
09447800,IC-CMA-ES,XAJ-CN,train,0.7935111552229959,0.7935111552229959,True
09447800,IC-CMA-ES,XAJ-CN,test,-1.0869157435354784,-1.0869157435354784,True
09447800,dPL-MLP,XAJ-Base,train,0.7222218251139785,0.7222218251139785,True
09447800,dPL-MLP,XAJ-Base,test,-0.1445623070001209,-0.1445623070001209,True
09447800,dPL-MLP,XAJ-TGD,train,0.6127042682044492,0.6127042682044492,True
09447800,dPL-MLP,XAJ-TGD,test,0.2235231057240216,0.2235231057240216,True
09447800,dPL-MLP,XAJ-CN,train,0.7004271443199301,0.7004271443199301,True
09447800,dPL-MLP,XAJ-CN,test,-0.0288472786661888,-0.0288472786661888,True
09484600,IC-CMA-ES,XAJ-Base,train,0.7641939113553418,0.7641939113553418,True
09484600,IC-CMA-ES,XAJ-Base,test,0.0404367304420916,0.0404367304420916,True
09484600,IC-CMA-ES,XAJ-TGD,train,0.7687750137717856,0.7687750137717856,True
09484600,IC-CMA-ES,XAJ-TGD,test,0.035896482480155,0.035896482480155,True
09484600,IC-CMA-ES,XAJ-CN,train,0.7643113418250624,0.7643113418250624,True
09484600,IC-CMA-ES,XAJ-CN,test,0.0303210515047687,0.0303210515047687,True
09484600,dPL-MLP,XAJ-Base,train,0.721402072530555,0.721402072530555,True
09484600,dPL-MLP,XAJ-Base,test,0.0337727871929858,0.0337727871929858,True
09484600,dPL-MLP,XAJ-TGD,train,0.7107609032271629,0.7107609032271629,True
09484600,dPL-MLP,XAJ-TGD,test,0.1114276506779784,0.1114276506779784,True
09484600,dPL-MLP,XAJ-CN,train,0.7348755687258752,0.7348755687258752,True
09484600,dPL-MLP,XAJ-CN,test,0.0627150054753945,0.0627150054753945,True
09492400,IC-CMA-ES,XAJ-Base,train,0.5169484039542073,0.5169484039542073,True
09492400,IC-CMA-ES,XAJ-Base,test,0.3276626172841217,0.3276626172841217,True
09492400,IC-CMA-ES,XAJ-TGD,train,0.6476008214952403,0.6476008214952403,True
09492400,IC-CMA-ES,XAJ-TGD,test,0.4720053508725416,0.4720053508725416,True
09492400,IC-CMA-ES,XAJ-CN,train,0.8020850725636703,0.8020850725636703,True
09492400,IC-CMA-ES,XAJ-CN,test,0.4105282435289434,0.4105282435289434,True
09492400,dPL-MLP,XAJ-Base,train,0.4275761862532102,0.4275761862532102,True
09492400,dPL-MLP,XAJ-Base,test,0.345191136450679,0.345191136450679,True
09492400,dPL-MLP,XAJ-TGD,train,0.5847814066640549,0.5847814066640549,True
09492400,dPL-MLP,XAJ-TGD,test,0.5288715000209981,0.5288715000209981,True
09492400,dPL-MLP,XAJ-CN,train,0.7014868449433017,0.7014868449433017,True
09492400,dPL-MLP,XAJ-CN,test,0.3829136075304918,0.3829136075304918,True
09494000,IC-CMA-ES,XAJ-Base,train,0.6908166918253584,0.6908166918253584,True
09494000,IC-CMA-ES,XAJ-Base,test,0.5208754167074947,0.5208754167074947,True
09494000,IC-CMA-ES,XAJ-TGD,train,0.7133343013157116,0.7133343013157116,True
09494000,IC-CMA-ES,XAJ-TGD,test,0.614938307503947,0.614938307503947,True
09494000,IC-CMA-ES,XAJ-CN,train,0.8261407233950625,0.8261407233950625,True
09494000,IC-CMA-ES,XAJ-CN,test,0.4346900506267755,0.4346900506267755,True
09494000,dPL-MLP,XAJ-Base,train,0.6309196843964933,0.6309196843964933,True
09494000,dPL-MLP,XAJ-Base,test,0.6005258602913314,0.6005258602913314,True
09494000,dPL-MLP,XAJ-TGD,train,0.6356578666396611,0.6356578666396611,True
09494000,dPL-MLP,XAJ-TGD,test,0.5664443361711201,0.5664443361711201,True
09494000,dPL-MLP,XAJ-CN,train,0.7364107703879885,0.7364107703879885,True
09494000,dPL-MLP,XAJ-CN,test,0.5089740298252305,0.5089740298252305,True
09497980,IC-CMA-ES,XAJ-Base,train,0.8570872465848063,0.8570872465848063,True
09497980,IC-CMA-ES,XAJ-Base,test,0.6514227393134238,0.6514227393134238,True
09497980,IC-CMA-ES,XAJ-TGD,train,0.8709808952701354,0.8709808952701354,True
09497980,IC-CMA-ES,XAJ-TGD,test,0.6395298181987786,0.6395298181987786,True
09497980,IC-CMA-ES,XAJ-CN,train,0.8706531228321605,0.8706531228321605,True
09497980,IC-CMA-ES,XAJ-CN,test,0.6560044522019626,0.6560044522019626,True
09497980,dPL-MLP,XAJ-Base,train,0.8336099827806883,0.8336099827806883,True
09497980,dPL-MLP,XAJ-Base,test,0.6368133007382294,0.6368133007382294,True
09497980,dPL-MLP,XAJ-TGD,train,0.8488444007044142,0.8488444007044142,True
09497980,dPL-MLP,XAJ-TGD,test,0.6731370438733881,0.6731370438733881,True
09497980,dPL-MLP,XAJ-CN,train,0.8433484764102684,0.8433484764102684,True
09497980,dPL-MLP,XAJ-CN,test,0.7350146651122366,0.7350146651122366,True
09505350,IC-CMA-ES,XAJ-Base,train,0.7737602235655218,0.7737602235655218,True
09505350,IC-CMA-ES,XAJ-Base,test,-0.1936625009952082,-0.1936625009952082,True
09505350,IC-CMA-ES,XAJ-TGD,train,0.8255360098051514,0.8255360098051514,True
09505350,IC-CMA-ES,XAJ-TGD,test,0.1313371676898189,0.1313371676898189,True
09505350,IC-CMA-ES,XAJ-CN,train,0.8545199642245638,0.8545199642245638,True
09505350,IC-CMA-ES,XAJ-CN,test,0.301483598913802,0.301483598913802,True
09505350,dPL-MLP,XAJ-Base,train,0.6167060308124725,0.6167060308124725,True
09505350,dPL-MLP,XAJ-Base,test,0.2653173647154679,0.2653173647154679,True
09505350,dPL-MLP,XAJ-TGD,train,0.7000581026988784,0.7000581026988784,True
09505350,dPL-MLP,XAJ-TGD,test,0.2987186104983735,0.2987186104983735,True
09505350,dPL-MLP,XAJ-CN,train,0.7386048075665204,0.7386048075665204,True
09505350,dPL-MLP,XAJ-CN,test,0.3866107067061723,0.3866107067061723,True
09505800,IC-CMA-ES,XAJ-Base,train,0.792743814716296,0.792743814716296,True
09505800,IC-CMA-ES,XAJ-Base,test,-0.4823423374668907,-0.4823423374668907,True
09505800,IC-CMA-ES,XAJ-TGD,train,0.8239393978819007,0.8239393978819007,True
09505800,IC-CMA-ES,XAJ-TGD,test,-0.1009240733488321,-0.1009240733488321,True
09505800,IC-CMA-ES,XAJ-CN,train,0.8178094010491381,0.8178094010491381,True
09505800,IC-CMA-ES,XAJ-CN,test,-0.0124253108476402,-0.0124253108476402,True
09505800,dPL-MLP,XAJ-Base,train,0.5654137726868071,0.5654137726868071,True
09505800,dPL-MLP,XAJ-Base,test,0.3096792723633687,0.3096792723633687,True
09505800,dPL-MLP,XAJ-TGD,train,0.6522026690615538,0.6522026690615538,True
09505800,dPL-MLP,XAJ-TGD,test,0.3663568934544324,0.3663568934544324,True
09505800,dPL-MLP,XAJ-CN,train,0.6616306319031542,0.6616306319031542,True
09505800,dPL-MLP,XAJ-CN,test,0.4489437571856622,0.4489437571856622,True
09508300,IC-CMA-ES,XAJ-Base,train,0.7697453409357022,0.7697453409357022,True
09508300,IC-CMA-ES,XAJ-Base,test,0.8586587987650909,0.8586587987650909,True
09508300,IC-CMA-ES,XAJ-TGD,train,0.7664084866866512,0.7664084866866512,True
09508300,IC-CMA-ES,XAJ-TGD,test,0.8270642608016803,0.8270642608016803,True
09508300,IC-CMA-ES,XAJ-CN,train,0.7824747015092924,0.7824747015092924,True
09508300,IC-CMA-ES,XAJ-CN,test,0.8497153490024926,0.8497153490024926,True
09508300,dPL-MLP,XAJ-Base,train,0.6564823969145157,0.6564823969145157,True
09508300,dPL-MLP,XAJ-Base,test,0.678269439895159,0.678269439895159,True
09508300,dPL-MLP,XAJ-TGD,train,0.6557964970190049,0.6557964970190049,True
09508300,dPL-MLP,XAJ-TGD,test,0.6447663896737267,0.6447663896737267,True
09508300,dPL-MLP,XAJ-CN,train,0.6237691233942531,0.6237691233942531,True
09508300,dPL-MLP,XAJ-CN,test,0.6229686152994525,0.6229686152994525,True
09510200,IC-CMA-ES,XAJ-Base,train,0.8725409917351488,0.8725409917351488,True
09510200,IC-CMA-ES,XAJ-Base,test,0.676924778408678,0.676924778408678,True
09510200,IC-CMA-ES,XAJ-TGD,train,0.882357843839232,0.882357843839232,True
09510200,IC-CMA-ES,XAJ-TGD,test,0.7648690918732717,0.7648690918732717,True
09510200,IC-CMA-ES,XAJ-CN,train,0.8745676442933407,0.8745676442933407,True
09510200,IC-CMA-ES,XAJ-CN,test,0.6805919083762072,0.6805919083762072,True
09510200,dPL-MLP,XAJ-Base,train,0.6575105170123436,0.6575105170123436,True
09510200,dPL-MLP,XAJ-Base,test,0.3730631798157149,0.3730631798157149,True
09510200,dPL-MLP,XAJ-TGD,train,0.7541875965124174,0.7541875965124174,True
09510200,dPL-MLP,XAJ-TGD,test,0.4415337718946645,0.4415337718946645,True
09510200,dPL-MLP,XAJ-CN,train,0.6758113488976754,0.6758113488976754,True
09510200,dPL-MLP,XAJ-CN,test,0.3887812997232408,0.3887812997232408,True
09512280,IC-CMA-ES,XAJ-Base,train,0.749012267444429,0.749012267444429,True
09512280,IC-CMA-ES,XAJ-Base,test,0.3939243739639517,0.3939243739639517,True
09512280,IC-CMA-ES,XAJ-TGD,train,0.7711972847741373,0.7711972847741373,True
09512280,IC-CMA-ES,XAJ-TGD,test,0.4329424152379181,0.4329424152379181,True
09512280,IC-CMA-ES,XAJ-CN,train,0.7360417248752626,0.7360417248752626,True
09512280,IC-CMA-ES,XAJ-CN,test,0.3696519892895349,0.3696519892895349,True
09512280,dPL-MLP,XAJ-Base,train,0.4932687524736874,0.4932687524736874,True
09512280,dPL-MLP,XAJ-Base,test,0.3598736836928391,0.3598736836928391,True
09512280,dPL-MLP,XAJ-TGD,train,0.4873740763924598,0.4873740763924598,True
09512280,dPL-MLP,XAJ-TGD,test,0.3668835623520935,0.3668835623520935,True
09512280,dPL-MLP,XAJ-CN,train,0.5194258489298269,0.5194258489298269,True
09512280,dPL-MLP,XAJ-CN,test,0.3748294193364941,0.3748294193364941,True
09513780,IC-CMA-ES,XAJ-Base,train,0.8120162110908724,0.8120162110908724,True
09513780,IC-CMA-ES,XAJ-Base,test,0.5820111644308972,0.5820111644308972,True
09513780,IC-CMA-ES,XAJ-TGD,train,0.8196861741067027,0.8196861741067027,True
09513780,IC-CMA-ES,XAJ-TGD,test,0.595526907129444,0.595526907129444,True
09513780,IC-CMA-ES,XAJ-CN,train,0.8056064522881138,0.8056064522881138,True
09513780,IC-CMA-ES,XAJ-CN,test,0.6137038668614654,0.6137038668614654,True
09513780,dPL-MLP,XAJ-Base,train,0.5270543300887466,0.5270543300887466,True
09513780,dPL-MLP,XAJ-Base,test,0.4324936904487928,0.4324936904487928,True
09513780,dPL-MLP,XAJ-TGD,train,0.4991393592621335,0.4991393592621335,True
09513780,dPL-MLP,XAJ-TGD,test,0.3962090136291921,0.3962090136291921,True
09513780,dPL-MLP,XAJ-CN,train,0.494967447911334,0.494967447911334,True
09513780,dPL-MLP,XAJ-CN,test,0.3974535682542263,0.3974535682542263,True
10234500,IC-CMA-ES,XAJ-Base,train,0.3444743121412431,0.3444743121412431,True
10234500,IC-CMA-ES,XAJ-Base,test,0.4220868922273332,0.4220868922273332,True
10234500,IC-CMA-ES,XAJ-TGD,train,0.8703575812350681,0.8703575812350681,True
10234500,IC-CMA-ES,XAJ-TGD,test,0.7859323406882766,0.7859323406882766,True
10234500,IC-CMA-ES,XAJ-CN,train,0.8969864555772058,0.8969864555772058,True
10234500,IC-CMA-ES,XAJ-CN,test,0.7877106779027525,0.7877106779027525,True
10234500,dPL-MLP,XAJ-Base,train,0.3251604385508251,0.3251604385508251,True
10234500,dPL-MLP,XAJ-Base,test,0.4086118649974198,0.4086118649974198,True
10234500,dPL-MLP,XAJ-TGD,train,0.828202340519647,0.828202340519647,True
10234500,dPL-MLP,XAJ-TGD,test,0.7582688587360674,0.7582688587360674,True
10234500,dPL-MLP,XAJ-CN,train,0.8233966698253069,0.8233966698253069,True
10234500,dPL-MLP,XAJ-CN,test,0.8427341684511853,0.8427341684511853,True
10244950,IC-CMA-ES,XAJ-Base,train,0.4999586450449503,0.4999586450449503,True
10244950,IC-CMA-ES,XAJ-Base,test,0.6948420531993091,0.6948420531993091,True
10244950,IC-CMA-ES,XAJ-TGD,train,0.8489057963225629,0.8489057963225629,True
10244950,IC-CMA-ES,XAJ-TGD,test,0.6280376491137322,0.6280376491137322,True
10244950,IC-CMA-ES,XAJ-CN,train,0.8793019739462966,0.8793019739462966,True
10244950,IC-CMA-ES,XAJ-CN,test,0.6853743605595457,0.6853743605595457,True
10244950,dPL-MLP,XAJ-Base,train,0.4558789335010439,0.4558789335010439,True
10244950,dPL-MLP,XAJ-Base,test,0.5996917475241414,0.5996917475241414,True
10244950,dPL-MLP,XAJ-TGD,train,0.6138896449902829,0.6138896449902829,True
10244950,dPL-MLP,XAJ-TGD,test,0.7501706339295038,0.7501706339295038,True
10244950,dPL-MLP,XAJ-CN,train,0.6371391523144074,0.6371391523144074,True
10244950,dPL-MLP,XAJ-CN,test,0.7693831483394943,0.7693831483394943,True
10336645,IC-CMA-ES,XAJ-Base,train,0.5237747733992937,0.5237747733992937,True
10336645,IC-CMA-ES,XAJ-Base,test,0.4156547010687961,0.4156547010687961,True
10336645,IC-CMA-ES,XAJ-TGD,train,0.6199849555996166,0.6199849555996166,True
10336645,IC-CMA-ES,XAJ-TGD,test,0.4861135414733742,0.4861135414733742,True
10336645,IC-CMA-ES,XAJ-CN,train,0.9125798803836132,0.9125798803836132,True
10336645,IC-CMA-ES,XAJ-CN,test,0.848788766807374,0.848788766807374,True
10336645,dPL-MLP,XAJ-Base,train,0.4551527003379375,0.4551527003379375,True
10336645,dPL-MLP,XAJ-Base,test,0.378097394043992,0.378097394043992,True
10336645,dPL-MLP,XAJ-TGD,train,,,True
10336645,dPL-MLP,XAJ-TGD,test,,,True
10336645,dPL-MLP,XAJ-CN,train,0.8537616708948323,0.8537616708948323,True
10336645,dPL-MLP,XAJ-CN,test,0.8246596783191605,0.8246596783191605,True
10336660,IC-CMA-ES,XAJ-Base,train,0.4501455863150685,0.4501455863150685,True
10336660,IC-CMA-ES,XAJ-Base,test,0.4392764908931866,0.4392764908931866,True
10336660,IC-CMA-ES,XAJ-TGD,train,0.5490091455593681,0.5490091455593681,True
10336660,IC-CMA-ES,XAJ-TGD,test,0.3365125765915714,0.3365125765915714,True
10336660,IC-CMA-ES,XAJ-CN,train,0.9090209827181502,0.9090209827181502,True
10336660,IC-CMA-ES,XAJ-CN,test,0.8174981761005073,0.8174981761005073,True
10336660,dPL-MLP,XAJ-Base,train,0.3731364563171624,0.3731364563171624,True
10336660,dPL-MLP,XAJ-Base,test,0.3549104552259434,0.3549104552259434,True
10336660,dPL-MLP,XAJ-TGD,train,,,True
10336660,dPL-MLP,XAJ-TGD,test,,,True
10336660,dPL-MLP,XAJ-CN,train,0.8206388802306852,0.8206388802306852,True
10336660,dPL-MLP,XAJ-CN,test,0.7524221329156051,0.7524221329156051,True
10343500,IC-CMA-ES,XAJ-Base,train,0.5519293636947737,0.5519293636947737,True
10343500,IC-CMA-ES,XAJ-Base,test,0.5525142840949957,0.5525142840949957,True
10343500,IC-CMA-ES,XAJ-TGD,train,0.8172991168158855,0.8172991168158855,True
10343500,IC-CMA-ES,XAJ-TGD,test,0.4755478922148834,0.4755478922148834,True
10343500,IC-CMA-ES,XAJ-CN,train,0.9138894314577516,0.9138894314577516,True
10343500,IC-CMA-ES,XAJ-CN,test,0.7686425451503104,0.7686425451503104,True
10343500,dPL-MLP,XAJ-Base,train,0.4960788765328966,0.4960788765328966,True
10343500,dPL-MLP,XAJ-Base,test,0.4019283363955785,0.4019283363955785,True
10343500,dPL-MLP,XAJ-TGD,train,0.7638321144373007,0.7638321144373007,True
10343500,dPL-MLP,XAJ-TGD,test,0.4384772768912967,0.4384772768912967,True
10343500,dPL-MLP,XAJ-CN,train,0.8876118400056889,0.8876118400056889,True
10343500,dPL-MLP,XAJ-CN,test,0.718608339294194,0.718608339294194,True
12010000,IC-CMA-ES,XAJ-Base,train,0.8568689476783239,0.8568689476783239,True
12010000,IC-CMA-ES,XAJ-Base,test,0.8213052064680388,0.8213052064680388,True
12010000,IC-CMA-ES,XAJ-TGD,train,0.8620977264742373,0.8620977264742373,True
12010000,IC-CMA-ES,XAJ-TGD,test,0.8297383673393588,0.8297383673393588,True
12010000,IC-CMA-ES,XAJ-CN,train,0.8719006063820908,0.8719006063820908,True
12010000,IC-CMA-ES,XAJ-CN,test,0.8295396646930051,0.8295396646930051,True
12010000,dPL-MLP,XAJ-Base,train,0.8266064784588593,0.8266064784588593,True
12010000,dPL-MLP,XAJ-Base,test,0.803852619444021,0.803852619444021,True
12010000,dPL-MLP,XAJ-TGD,train,0.778029018917837,0.778029018917837,True
12010000,dPL-MLP,XAJ-TGD,test,0.7841319289143486,0.7841319289143486,True
12010000,dPL-MLP,XAJ-CN,train,0.8354483217909101,0.8354483217909101,True
12010000,dPL-MLP,XAJ-CN,test,0.8032442683162262,0.8032442683162262,True
12013500,IC-CMA-ES,XAJ-Base,train,0.9530668444302902,0.9530668444302902,True
12013500,IC-CMA-ES,XAJ-Base,test,0.919324790257242,0.919324790257242,True
12013500,IC-CMA-ES,XAJ-TGD,train,0.9524564384589196,0.9524564384589196,True
12013500,IC-CMA-ES,XAJ-TGD,test,0.9283877760849704,0.9283877760849704,True
12013500,IC-CMA-ES,XAJ-CN,train,0.9479731488768884,0.9479731488768884,True
12013500,IC-CMA-ES,XAJ-CN,test,0.9155052805321012,0.9155052805321012,True
12013500,dPL-MLP,XAJ-Base,train,0.9461353681463964,0.9461353681463964,True
12013500,dPL-MLP,XAJ-Base,test,0.9098588577977484,0.9098588577977484,True
12013500,dPL-MLP,XAJ-TGD,train,0.9238723510873272,0.9238723510873272,True
12013500,dPL-MLP,XAJ-TGD,test,0.9194749125535232,0.9194749125535232,True
12013500,dPL-MLP,XAJ-CN,train,0.9308683110749202,0.9308683110749202,True
12013500,dPL-MLP,XAJ-CN,test,0.8966298037098067,0.8966298037098067,True
12020000,IC-CMA-ES,XAJ-Base,train,0.8862651511560534,0.8862651511560534,True
12020000,IC-CMA-ES,XAJ-Base,test,0.6587748041749164,0.6587748041749164,True
12020000,IC-CMA-ES,XAJ-TGD,train,0.8877280208863947,0.8877280208863947,True
12020000,IC-CMA-ES,XAJ-TGD,test,0.6597605457021279,0.6597605457021279,True
12020000,IC-CMA-ES,XAJ-CN,train,0.9011260318713872,0.9011260318713872,True
12020000,IC-CMA-ES,XAJ-CN,test,0.671556360208273,0.671556360208273,True
12020000,dPL-MLP,XAJ-Base,train,0.8639176860518762,0.8639176860518762,True
12020000,dPL-MLP,XAJ-Base,test,0.6302028856604373,0.6302028856604373,True
12020000,dPL-MLP,XAJ-TGD,train,0.8657949285860573,0.8657949285860573,True
12020000,dPL-MLP,XAJ-TGD,test,0.6350770109163463,0.6350770109163463,True
12020000,dPL-MLP,XAJ-CN,train,0.8688661026894182,0.8688661026894182,True
12020000,dPL-MLP,XAJ-CN,test,0.6280355568854445,0.6280355568854445,True
12025700,IC-CMA-ES,XAJ-Base,train,0.8899469565592273,0.8899469565592273,True
12025700,IC-CMA-ES,XAJ-Base,test,0.7304735672386465,0.7304735672386465,True
12025700,IC-CMA-ES,XAJ-TGD,train,0.8903624025148729,0.8903624025148729,True
12025700,IC-CMA-ES,XAJ-TGD,test,0.7307759537965063,0.7307759537965063,True
12025700,IC-CMA-ES,XAJ-CN,train,0.903064959882441,0.903064959882441,True
12025700,IC-CMA-ES,XAJ-CN,test,0.752988384792335,0.752988384792335,True
12025700,dPL-MLP,XAJ-Base,train,0.833454477566247,0.833454477566247,True
12025700,dPL-MLP,XAJ-Base,test,0.6591375056164044,0.6591375056164044,True
12025700,dPL-MLP,XAJ-TGD,train,0.8046690176738494,0.8046690176738494,True
12025700,dPL-MLP,XAJ-TGD,test,0.6384282039774828,0.6384282039774828,True
12025700,dPL-MLP,XAJ-CN,train,0.8770793819977203,0.8770793819977203,True
12025700,dPL-MLP,XAJ-CN,test,0.6952647409757042,0.6952647409757042,True
12035000,IC-CMA-ES,XAJ-Base,train,0.9363505337575868,0.9363505337575868,True
12035000,IC-CMA-ES,XAJ-Base,test,0.8403334975696838,0.8403334975696838,True
12035000,IC-CMA-ES,XAJ-TGD,train,0.9413579137154462,0.9413579137154462,True
12035000,IC-CMA-ES,XAJ-TGD,test,0.8489015010605614,0.8489015010605614,True
12035000,IC-CMA-ES,XAJ-CN,train,0.939964840147369,0.939964840147369,True
12035000,IC-CMA-ES,XAJ-CN,test,0.8428956181180891,0.8428956181180891,True
12035000,dPL-MLP,XAJ-Base,train,0.8833929318553505,0.8833929318553505,True
12035000,dPL-MLP,XAJ-Base,test,0.7791389773368254,0.7791389773368254,True
12035000,dPL-MLP,XAJ-TGD,train,0.8880144917647301,0.8880144917647301,True
12035000,dPL-MLP,XAJ-TGD,test,0.7928478457285746,0.7928478457285746,True
12035000,dPL-MLP,XAJ-CN,train,0.8730202050521605,0.8730202050521605,True
12035000,dPL-MLP,XAJ-CN,test,0.771066154641697,0.771066154641697,True
12040500,IC-CMA-ES,XAJ-Base,train,0.8481346596434051,0.8481346596434051,True
12040500,IC-CMA-ES,XAJ-Base,test,0.6553116389876514,0.6553116389876514,True
12040500,IC-CMA-ES,XAJ-TGD,train,0.8571580791366931,0.8571580791366931,True
12040500,IC-CMA-ES,XAJ-TGD,test,0.6635822647156953,0.6635822647156953,True
12040500,IC-CMA-ES,XAJ-CN,train,0.863609611947767,0.863609611947767,True
12040500,IC-CMA-ES,XAJ-CN,test,0.6658817625103428,0.6658817625103428,True
12040500,dPL-MLP,XAJ-Base,train,0.8049403126878669,0.8049403126878669,True
12040500,dPL-MLP,XAJ-Base,test,0.5953151866352169,0.5953151866352169,True
12040500,dPL-MLP,XAJ-TGD,train,,,True
12040500,dPL-MLP,XAJ-TGD,test,,,True
12040500,dPL-MLP,XAJ-CN,train,0.8274759821329964,0.8274759821329964,True
12040500,dPL-MLP,XAJ-CN,test,0.619679458079067,0.619679458079067,True
12041200,IC-CMA-ES,XAJ-Base,train,0.8318338410349626,0.8318338410349626,True
12041200,IC-CMA-ES,XAJ-Base,test,0.6119875069105212,0.6119875069105212,True
12041200,IC-CMA-ES,XAJ-TGD,train,0.8349506316741754,0.8349506316741754,True
12041200,IC-CMA-ES,XAJ-TGD,test,0.5997005370362647,0.5997005370362647,True
12041200,IC-CMA-ES,XAJ-CN,train,0.769248384126558,0.769248384126558,True
12041200,IC-CMA-ES,XAJ-CN,test,0.6117980536715446,0.6117980536715446,True
12041200,dPL-MLP,XAJ-Base,train,0.7649927503810038,0.7649927503810038,True
12041200,dPL-MLP,XAJ-Base,test,0.5038315577929005,0.5038315577929005,True
12041200,dPL-MLP,XAJ-TGD,train,,,True
12041200,dPL-MLP,XAJ-TGD,test,,,True
12041200,dPL-MLP,XAJ-CN,train,0.739457925886188,0.739457925886188,True
12041200,dPL-MLP,XAJ-CN,test,0.5397205488486397,0.5397205488486397,True
12048000,IC-CMA-ES,XAJ-Base,train,0.453389148284427,0.453389148284427,True
12048000,IC-CMA-ES,XAJ-Base,test,0.2814235089474155,0.2814235089474155,True
12048000,IC-CMA-ES,XAJ-TGD,train,0.5028665643860051,0.5028665643860051,True
12048000,IC-CMA-ES,XAJ-TGD,test,0.3201179581731672,0.3201179581731672,True
12048000,IC-CMA-ES,XAJ-CN,train,0.503428524485019,0.503428524485019,True
12048000,IC-CMA-ES,XAJ-CN,test,0.3395288956304311,0.3395288956304311,True
12048000,dPL-MLP,XAJ-Base,train,-0.4680323301255344,-0.4680323301255344,True
12048000,dPL-MLP,XAJ-Base,test,0.0507138358757165,0.0507138358757165,True
12048000,dPL-MLP,XAJ-TGD,train,-0.2010746808974834,-0.2010746808974834,True
12048000,dPL-MLP,XAJ-TGD,test,0.0214086811136817,0.0214086811136817,True
12048000,dPL-MLP,XAJ-CN,train,0.1814068910499984,0.1814068910499984,True
12048000,dPL-MLP,XAJ-CN,test,0.2810452997607081,0.2810452997607081,True
12054000,IC-CMA-ES,XAJ-Base,train,0.6666054207670322,0.6666054207670322,True
12054000,IC-CMA-ES,XAJ-Base,test,0.6966527940043774,0.6966527940043774,True
12054000,IC-CMA-ES,XAJ-TGD,train,0.6665027119989189,0.6665027119989189,True
12054000,IC-CMA-ES,XAJ-TGD,test,0.6962160949207872,0.6962160949207872,True
12054000,IC-CMA-ES,XAJ-CN,train,0.6666155416924427,0.6666155416924427,True
12054000,IC-CMA-ES,XAJ-CN,test,0.6979768956737371,0.6979768956737371,True
12054000,dPL-MLP,XAJ-Base,train,0.6513879625109924,0.6513879625109924,True
12054000,dPL-MLP,XAJ-Base,test,0.6607546758032224,0.6607546758032224,True
12054000,dPL-MLP,XAJ-TGD,train,0.6564848298769389,0.6564848298769389,True
12054000,dPL-MLP,XAJ-TGD,test,0.6595638933302541,0.6595638933302541,True
12054000,dPL-MLP,XAJ-CN,train,0.654942463611916,0.654942463611916,True
12054000,dPL-MLP,XAJ-CN,test,0.6475079689097578,0.6475079689097578,True
12056500,IC-CMA-ES,XAJ-Base,train,0.7356877571799962,0.7356877571799962,True
12056500,IC-CMA-ES,XAJ-Base,test,0.6013767398695696,0.6013767398695696,True
12056500,IC-CMA-ES,XAJ-TGD,train,0.7348649933111008,0.7348649933111008,True
12056500,IC-CMA-ES,XAJ-TGD,test,0.6051994891582918,0.6051994891582918,True
12056500,IC-CMA-ES,XAJ-CN,train,0.6657667016963544,0.6657667016963544,True
12056500,IC-CMA-ES,XAJ-CN,test,0.570280078582503,0.570280078582503,True
12056500,dPL-MLP,XAJ-Base,train,0.7116051179089331,0.7116051179089331,True
12056500,dPL-MLP,XAJ-Base,test,0.5457863197071242,0.5457863197071242,True
12056500,dPL-MLP,XAJ-TGD,train,0.7106440907905294,0.7106440907905294,True
12056500,dPL-MLP,XAJ-TGD,test,0.5520846961732654,0.5520846961732654,True
12056500,dPL-MLP,XAJ-CN,train,0.6460397542277292,0.6460397542277292,True
12056500,dPL-MLP,XAJ-CN,test,0.5302756595647248,0.5302756595647248,True
12073500,IC-CMA-ES,XAJ-Base,train,0.9422791866449056,0.9422791866449056,True
12073500,IC-CMA-ES,XAJ-Base,test,0.7766975743843634,0.7766975743843634,True
12073500,IC-CMA-ES,XAJ-TGD,train,0.9548926427675056,0.9548926427675056,True
12073500,IC-CMA-ES,XAJ-TGD,test,0.7724388322571081,0.7724388322571081,True
12073500,IC-CMA-ES,XAJ-CN,train,0.94942681996309,0.94942681996309,True
12073500,IC-CMA-ES,XAJ-CN,test,0.8178783940526608,0.8178783940526608,True
12073500,dPL-MLP,XAJ-Base,train,0.8530700369522634,0.8530700369522634,True
12073500,dPL-MLP,XAJ-Base,test,0.6231066256022113,0.6231066256022113,True
12073500,dPL-MLP,XAJ-TGD,train,0.7982700453298481,0.7982700453298481,True
12073500,dPL-MLP,XAJ-TGD,test,0.8092114670263357,0.8092114670263357,True
12073500,dPL-MLP,XAJ-CN,train,0.8464131642240431,0.8464131642240431,True
12073500,dPL-MLP,XAJ-CN,test,0.7024612258370249,0.7024612258370249,True
12082500,IC-CMA-ES,XAJ-Base,train,0.7402513437423268,0.7402513437423268,True
12082500,IC-CMA-ES,XAJ-Base,test,0.7338688438358957,0.7338688438358957,True
12082500,IC-CMA-ES,XAJ-TGD,train,0.7642403132286888,0.7642403132286888,True
12082500,IC-CMA-ES,XAJ-TGD,test,0.7561320393930928,0.7561320393930928,True
12082500,IC-CMA-ES,XAJ-CN,train,0.8265659807945606,0.8265659807945606,True
12082500,IC-CMA-ES,XAJ-CN,test,0.8451781926023644,0.8451781926023644,True
12082500,dPL-MLP,XAJ-Base,train,0.716586150842593,0.716586150842593,True
12082500,dPL-MLP,XAJ-Base,test,0.7202480544514629,0.7202480544514629,True
12082500,dPL-MLP,XAJ-TGD,train,,,True
12082500,dPL-MLP,XAJ-TGD,test,,,True
12082500,dPL-MLP,XAJ-CN,train,0.7974560721340713,0.7974560721340713,True
12082500,dPL-MLP,XAJ-CN,test,0.8438932095186733,0.8438932095186733,True
12092000,IC-CMA-ES,XAJ-Base,train,0.6668767824985793,0.6668767824985793,True
12092000,IC-CMA-ES,XAJ-Base,test,0.6337223734262855,0.6337223734262855,True
12092000,IC-CMA-ES,XAJ-TGD,train,0.6888530271149225,0.6888530271149225,True
12092000,IC-CMA-ES,XAJ-TGD,test,0.6561473107944273,0.6561473107944273,True
12092000,IC-CMA-ES,XAJ-CN,train,0.7209629865126379,0.7209629865126379,True
12092000,IC-CMA-ES,XAJ-CN,test,0.7906974363882588,0.7906974363882588,True
12092000,dPL-MLP,XAJ-Base,train,0.5689064835027442,0.5689064835027442,True
12092000,dPL-MLP,XAJ-Base,test,0.5854983808719019,0.5854983808719019,True
12092000,dPL-MLP,XAJ-TGD,train,,,True
12092000,dPL-MLP,XAJ-TGD,test,,,True
12092000,dPL-MLP,XAJ-CN,train,0.6428485429147295,0.6428485429147295,True
12092000,dPL-MLP,XAJ-CN,test,0.7684045269309829,0.7684045269309829,True
12114500,IC-CMA-ES,XAJ-Base,train,0.7340777183019009,0.7340777183019009,True
12114500,IC-CMA-ES,XAJ-Base,test,0.6822566719153951,0.6822566719153951,True
12114500,IC-CMA-ES,XAJ-TGD,train,0.7707294228032661,0.7707294228032661,True
12114500,IC-CMA-ES,XAJ-TGD,test,0.7022444304317046,0.7022444304317046,True
12114500,IC-CMA-ES,XAJ-CN,train,0.8778764587744972,0.8778764587744972,True
12114500,IC-CMA-ES,XAJ-CN,test,0.8737453587798789,0.8737453587798789,True
12114500,dPL-MLP,XAJ-Base,train,0.7240531084396277,0.7240531084396277,True
12114500,dPL-MLP,XAJ-Base,test,0.6722606594496792,0.6722606594496792,True
12114500,dPL-MLP,XAJ-TGD,train,0.752898614096304,0.752898614096304,True
12114500,dPL-MLP,XAJ-TGD,test,0.707543515809433,0.707543515809433,True
12114500,dPL-MLP,XAJ-CN,train,0.8648567383543491,0.8648567383543491,True
12114500,dPL-MLP,XAJ-CN,test,0.8793154682272316,0.8793154682272316,True
12115000,IC-CMA-ES,XAJ-Base,train,0.7765218700046627,0.7765218700046627,True
12115000,IC-CMA-ES,XAJ-Base,test,0.733289019958696,0.733289019958696,True
12115000,IC-CMA-ES,XAJ-TGD,train,0.800787597768302,0.800787597768302,True
12115000,IC-CMA-ES,XAJ-TGD,test,0.7536904600398022,0.7536904600398022,True
12115000,IC-CMA-ES,XAJ-CN,train,0.874546329522497,0.874546329522497,True
12115000,IC-CMA-ES,XAJ-CN,test,0.8724166231463911,0.8724166231463911,True
12115000,dPL-MLP,XAJ-Base,train,0.7611331177844965,0.7611331177844965,True
12115000,dPL-MLP,XAJ-Base,test,0.7396781109567073,0.7396781109567073,True
12115000,dPL-MLP,XAJ-TGD,train,0.7833728528594213,0.7833728528594213,True
12115000,dPL-MLP,XAJ-TGD,test,0.7735294136846009,0.7735294136846009,True
12115000,dPL-MLP,XAJ-CN,train,0.8419038578822114,0.8419038578822114,True
12115000,dPL-MLP,XAJ-CN,test,0.8854179431497889,0.8854179431497889,True
12117000,IC-CMA-ES,XAJ-Base,train,0.919845154573301,0.919845154573301,True
12117000,IC-CMA-ES,XAJ-Base,test,0.9005846128799069,0.9005846128799069,True
12117000,IC-CMA-ES,XAJ-TGD,train,0.9265963265524636,0.9265963265524636,True
12117000,IC-CMA-ES,XAJ-TGD,test,0.9057103747601616,0.9057103747601616,True
12117000,IC-CMA-ES,XAJ-CN,train,0.933942715102014,0.933942715102014,True
12117000,IC-CMA-ES,XAJ-CN,test,0.919636584724618,0.919636584724618,True
12117000,dPL-MLP,XAJ-Base,train,0.9083605441845014,0.9083605441845014,True
12117000,dPL-MLP,XAJ-Base,test,0.8974845973771037,0.8974845973771037,True
12117000,dPL-MLP,XAJ-TGD,train,0.912366593581474,0.912366593581474,True
12117000,dPL-MLP,XAJ-TGD,test,0.9089328025801898,0.9089328025801898,True
12117000,dPL-MLP,XAJ-CN,train,0.899501466921423,0.899501466921423,True
12117000,dPL-MLP,XAJ-CN,test,0.8908767726036564,0.8908767726036564,True
12143600,IC-CMA-ES,XAJ-Base,train,0.7814253076210352,0.7814253076210352,True
12143600,IC-CMA-ES,XAJ-Base,test,0.7280489497914584,0.7280489497914584,True
12143600,IC-CMA-ES,XAJ-TGD,train,0.8147379889429192,0.8147379889429192,True
12143600,IC-CMA-ES,XAJ-TGD,test,0.7734468938924934,0.7734468938924934,True
12143600,IC-CMA-ES,XAJ-CN,train,0.9083956330503888,0.9083956330503888,True
12143600,IC-CMA-ES,XAJ-CN,test,0.8691648261656059,0.8691648261656059,True
12143600,dPL-MLP,XAJ-Base,train,0.7753708059097367,0.7753708059097367,True
12143600,dPL-MLP,XAJ-Base,test,0.7254351000760775,0.7254351000760775,True
12143600,dPL-MLP,XAJ-TGD,train,0.8018669322261458,0.8018669322261458,True
12143600,dPL-MLP,XAJ-TGD,test,0.7511795960311489,0.7511795960311489,True
12143600,dPL-MLP,XAJ-CN,train,0.8772996093988988,0.8772996093988988,True
12143600,dPL-MLP,XAJ-CN,test,0.8367658064123744,0.8367658064123744,True
12144000,IC-CMA-ES,XAJ-Base,train,0.821561162880908,0.821561162880908,True
12144000,IC-CMA-ES,XAJ-Base,test,0.7815011894937048,0.7815011894937048,True
12144000,IC-CMA-ES,XAJ-TGD,train,0.8374426109272362,0.8374426109272362,True
12144000,IC-CMA-ES,XAJ-TGD,test,0.814099744821112,0.814099744821112,True
12144000,IC-CMA-ES,XAJ-CN,train,0.9274689608389226,0.9274689608389226,True
12144000,IC-CMA-ES,XAJ-CN,test,0.8862432770421667,0.8862432770421667,True
12144000,dPL-MLP,XAJ-Base,train,0.8065727448092632,0.8065727448092632,True
12144000,dPL-MLP,XAJ-Base,test,0.7656961604441765,0.7656961604441765,True
12144000,dPL-MLP,XAJ-TGD,train,0.8204315168446636,0.8204315168446636,True
12144000,dPL-MLP,XAJ-TGD,test,0.7886335941174698,0.7886335941174698,True
12144000,dPL-MLP,XAJ-CN,train,0.8650855807594069,0.8650855807594069,True
12144000,dPL-MLP,XAJ-CN,test,0.8144907477229121,0.8144907477229121,True
12145500,IC-CMA-ES,XAJ-Base,train,0.9351332812579596,0.9351332812579596,True
12145500,IC-CMA-ES,XAJ-Base,test,0.9446337980031532,0.9446337980031532,True
12145500,IC-CMA-ES,XAJ-TGD,train,0.9376078439310056,0.9376078439310056,True
12145500,IC-CMA-ES,XAJ-TGD,test,0.9459514861264332,0.9459514861264332,True
12145500,IC-CMA-ES,XAJ-CN,train,0.9419516697968036,0.9419516697968036,True
12145500,IC-CMA-ES,XAJ-CN,test,0.9399507421764008,0.9399507421764008,True
12145500,dPL-MLP,XAJ-Base,train,0.9051423593334328,0.9051423593334328,True
12145500,dPL-MLP,XAJ-Base,test,0.9306750122369708,0.9306750122369708,True
12145500,dPL-MLP,XAJ-TGD,train,0.8950438559333562,0.8950438559333562,True
12145500,dPL-MLP,XAJ-TGD,test,0.9275677458168344,0.9275677458168344,True
12145500,dPL-MLP,XAJ-CN,train,0.8802747103636069,0.8802747103636069,True
12145500,dPL-MLP,XAJ-CN,test,0.8971374770773272,0.8971374770773272,True
12147500,IC-CMA-ES,XAJ-Base,train,0.6760001176849603,0.6760001176849603,True
12147500,IC-CMA-ES,XAJ-Base,test,0.6536194382490874,0.6536194382490874,True
12147500,IC-CMA-ES,XAJ-TGD,train,0.6820235779785644,0.6820235779785644,True
12147500,IC-CMA-ES,XAJ-TGD,test,0.6684483344818646,0.6684483344818646,True
12147500,IC-CMA-ES,XAJ-CN,train,0.6962838664987606,0.6962838664987606,True
12147500,IC-CMA-ES,XAJ-CN,test,0.688310165153853,0.688310165153853,True
12147500,dPL-MLP,XAJ-Base,train,0.6220325830274823,0.6220325830274823,True
12147500,dPL-MLP,XAJ-Base,test,0.6838586674268742,0.6838586674268742,True
12147500,dPL-MLP,XAJ-TGD,train,0.5614094284696536,0.5614094284696536,True
12147500,dPL-MLP,XAJ-TGD,test,0.7749489239820365,0.7749489239820365,True
12147500,dPL-MLP,XAJ-CN,train,0.6704713710112009,0.6704713710112009,True
12147500,dPL-MLP,XAJ-CN,test,0.6963759051480849,0.6963759051480849,True
12167000,IC-CMA-ES,XAJ-Base,train,0.7814563350561783,0.7814563350561783,True
12167000,IC-CMA-ES,XAJ-Base,test,0.7687504416846234,0.7687504416846234,True
12167000,IC-CMA-ES,XAJ-TGD,train,0.7923855507618818,0.7923855507618818,True
12167000,IC-CMA-ES,XAJ-TGD,test,0.7646692934889927,0.7646692934889927,True
12167000,IC-CMA-ES,XAJ-CN,train,0.8131512585425262,0.8131512585425262,True
12167000,IC-CMA-ES,XAJ-CN,test,0.8050425570507364,0.8050425570507364,True
12167000,dPL-MLP,XAJ-Base,train,0.7262353449207112,0.7262353449207112,True
12167000,dPL-MLP,XAJ-Base,test,0.7720145032387353,0.7720145032387353,True
12167000,dPL-MLP,XAJ-TGD,train,0.7045836069687208,0.7045836069687208,True
12167000,dPL-MLP,XAJ-TGD,test,0.766897768878728,0.766897768878728,True
12167000,dPL-MLP,XAJ-CN,train,0.7631183148578612,0.7631183148578612,True
12167000,dPL-MLP,XAJ-CN,test,0.8102826258751306,0.8102826258751306,True
12175500,IC-CMA-ES,XAJ-Base,train,0.1644829708280776,0.1644829708280776,True
12175500,IC-CMA-ES,XAJ-Base,test,0.2836530102799794,0.2836530102799794,True
12175500,IC-CMA-ES,XAJ-TGD,train,0.3410304395586756,0.3410304395586756,True
12175500,IC-CMA-ES,XAJ-TGD,test,0.1514602801857164,0.1514602801857164,True
12175500,IC-CMA-ES,XAJ-CN,train,0.8004149773008341,0.8004149773008341,True
12175500,IC-CMA-ES,XAJ-CN,test,0.7689946561929141,0.7689946561929141,True
12175500,dPL-MLP,XAJ-Base,train,0.1308861386325317,0.1308861386325317,True
12175500,dPL-MLP,XAJ-Base,test,0.2429601232976858,0.2429601232976858,True
12175500,dPL-MLP,XAJ-TGD,train,,,True
12175500,dPL-MLP,XAJ-TGD,test,,,True
12175500,dPL-MLP,XAJ-CN,train,0.790313273437363,0.790313273437363,True
12175500,dPL-MLP,XAJ-CN,test,0.7602297357920599,0.7602297357920599,True
12178100,IC-CMA-ES,XAJ-Base,train,0.4902928694765384,0.4902928694765384,True
12178100,IC-CMA-ES,XAJ-Base,test,0.5553261576692894,0.5553261576692894,True
12178100,IC-CMA-ES,XAJ-TGD,train,0.5357643815703437,0.5357643815703437,True
12178100,IC-CMA-ES,XAJ-TGD,test,0.5914241074751183,0.5914241074751183,True
12178100,IC-CMA-ES,XAJ-CN,train,0.7765587039657686,0.7765587039657686,True
12178100,IC-CMA-ES,XAJ-CN,test,0.8031026220862385,0.8031026220862385,True
12178100,dPL-MLP,XAJ-Base,train,0.4679699598897411,0.4679699598897411,True
12178100,dPL-MLP,XAJ-Base,test,0.5326956975378397,0.5326956975378397,True
12178100,dPL-MLP,XAJ-TGD,train,0.2595077024350861,0.2595077024350861,True
12178100,dPL-MLP,XAJ-TGD,test,0.1584261824394394,0.1584261824394394,True
12178100,dPL-MLP,XAJ-CN,train,0.7615998291259318,0.7615998291259318,True
12178100,dPL-MLP,XAJ-CN,test,0.7930872636653963,0.7930872636653963,True
12186000,IC-CMA-ES,XAJ-Base,train,0.5497260806225668,0.5497260806225668,True
12186000,IC-CMA-ES,XAJ-Base,test,0.5345248315435922,0.5345248315435922,True
12186000,IC-CMA-ES,XAJ-TGD,train,0.5841492392062245,0.5841492392062245,True
12186000,IC-CMA-ES,XAJ-TGD,test,0.5660229581072188,0.5660229581072188,True
12186000,IC-CMA-ES,XAJ-CN,train,0.712667594525047,0.712667594525047,True
12186000,IC-CMA-ES,XAJ-CN,test,0.7120456061771789,0.7120456061771789,True
12186000,dPL-MLP,XAJ-Base,train,0.5301933295694742,0.5301933295694742,True
12186000,dPL-MLP,XAJ-Base,test,0.5248128828478216,0.5248128828478216,True
12186000,dPL-MLP,XAJ-TGD,train,0.5618060869611976,0.5618060869611976,True
12186000,dPL-MLP,XAJ-TGD,test,0.5574869977168622,0.5574869977168622,True
12186000,dPL-MLP,XAJ-CN,train,0.6951128422270938,0.6951128422270938,True
12186000,dPL-MLP,XAJ-CN,test,0.7007555667028232,0.7007555667028232,True
12189500,IC-CMA-ES,XAJ-Base,train,0.6288815878774446,0.6288815878774446,True
12189500,IC-CMA-ES,XAJ-Base,test,0.6425306261728099,0.6425306261728099,True
12189500,IC-CMA-ES,XAJ-TGD,train,0.6476337779895573,0.6476337779895573,True
12189500,IC-CMA-ES,XAJ-TGD,test,0.6515098060244098,0.6515098060244098,True
12189500,IC-CMA-ES,XAJ-CN,train,0.7450163747729286,0.7450163747729286,True
12189500,IC-CMA-ES,XAJ-CN,test,0.7982126280698141,0.7982126280698141,True
12189500,dPL-MLP,XAJ-Base,train,0.6072323334706833,0.6072323334706833,True
12189500,dPL-MLP,XAJ-Base,test,0.6310668861551815,0.6310668861551815,True
12189500,dPL-MLP,XAJ-TGD,train,0.6363353780331058,0.6363353780331058,True
12189500,dPL-MLP,XAJ-TGD,test,0.6534826440635814,0.6534826440635814,True
12189500,dPL-MLP,XAJ-CN,train,0.7407841947870148,0.7407841947870148,True
12189500,dPL-MLP,XAJ-CN,test,0.7890347267893163,0.7890347267893163,True
12375900,IC-CMA-ES,XAJ-Base,train,0.0276526388371356,0.0276526388371356,True
12375900,IC-CMA-ES,XAJ-Base,test,0.0897939031897098,0.0897939031897098,True
12375900,IC-CMA-ES,XAJ-TGD,train,0.5115270340625833,0.5115270340625833,True
12375900,IC-CMA-ES,XAJ-TGD,test,0.5718399911851,0.5718399911851,True
12375900,IC-CMA-ES,XAJ-CN,train,0.8929413967936285,0.8929413967936285,True
12375900,IC-CMA-ES,XAJ-CN,test,0.858059711542307,0.858059711542307,True
12375900,dPL-MLP,XAJ-Base,train,-0.0486623717728735,-0.0486623717728735,True
12375900,dPL-MLP,XAJ-Base,test,0.0899167195953176,0.0899167195953176,True
12375900,dPL-MLP,XAJ-TGD,train,0.4802915267060925,0.4802915267060925,True
12375900,dPL-MLP,XAJ-TGD,test,0.5570112831038782,0.5570112831038782,True
12375900,dPL-MLP,XAJ-CN,train,0.8244299103122477,0.8244299103122477,True
12375900,dPL-MLP,XAJ-CN,test,0.8468084162600342,0.8468084162600342,True
12377150,IC-CMA-ES,XAJ-Base,train,-0.0696327678567267,-0.0696327678567267,True
12377150,IC-CMA-ES,XAJ-Base,test,-0.0552500461559464,-0.0552500461559464,True
12377150,IC-CMA-ES,XAJ-TGD,train,0.3886528849961267,0.3886528849961267,True
12377150,IC-CMA-ES,XAJ-TGD,test,0.3769547117638614,0.3769547117638614,True
12377150,IC-CMA-ES,XAJ-CN,train,0.8850345484055213,0.8850345484055213,True
12377150,IC-CMA-ES,XAJ-CN,test,0.8657798151317627,0.8657798151317627,True
12377150,dPL-MLP,XAJ-Base,train,-0.0989158790688522,-0.0989158790688522,True
12377150,dPL-MLP,XAJ-Base,test,-0.0831096094127039,-0.0831096094127039,True
12377150,dPL-MLP,XAJ-TGD,train,0.3665949774103544,0.3665949774103544,True
12377150,dPL-MLP,XAJ-TGD,test,0.3732496735528424,0.3732496735528424,True
12377150,dPL-MLP,XAJ-CN,train,0.8242015942577201,0.8242015942577201,True
12377150,dPL-MLP,XAJ-CN,test,0.8038036903699988,0.8038036903699988,True
12381400,IC-CMA-ES,XAJ-Base,train,0.103562725679573,0.103562725679573,True
12381400,IC-CMA-ES,XAJ-Base,test,0.0649721226238286,0.0649721226238286,True
12381400,IC-CMA-ES,XAJ-TGD,train,0.7444876241425789,0.7444876241425789,True
12381400,IC-CMA-ES,XAJ-TGD,test,0.6985007586530052,0.6985007586530052,True
12381400,IC-CMA-ES,XAJ-CN,train,0.9287134414485166,0.9287134414485166,True
12381400,IC-CMA-ES,XAJ-CN,test,0.7945239623634321,0.7945239623634321,True
12381400,dPL-MLP,XAJ-Base,train,0.1168869577550058,0.1168869577550058,True
12381400,dPL-MLP,XAJ-Base,test,0.0772673545772574,0.0772673545772574,True
12381400,dPL-MLP,XAJ-TGD,train,0.7166055980958431,0.7166055980958431,True
12381400,dPL-MLP,XAJ-TGD,test,0.6818945462032233,0.6818945462032233,True
12381400,dPL-MLP,XAJ-CN,train,0.6800547729344254,0.6800547729344254,True
12381400,dPL-MLP,XAJ-CN,test,0.5262769007409174,0.5262769007409174,True
12383500,IC-CMA-ES,XAJ-Base,train,-0.0163678395433519,-0.0163678395433519,True
12383500,IC-CMA-ES,XAJ-Base,test,-0.017373398985488,-0.017373398985488,True
12383500,IC-CMA-ES,XAJ-TGD,train,0.6407958515564863,0.6407958515564863,True
12383500,IC-CMA-ES,XAJ-TGD,test,0.6167461790426225,0.6167461790426225,True
12383500,IC-CMA-ES,XAJ-CN,train,0.8553006336008171,0.8553006336008171,True
12383500,IC-CMA-ES,XAJ-CN,test,0.7264582871484161,0.7264582871484161,True
12383500,dPL-MLP,XAJ-Base,train,0.0315931833096293,0.0315931833096293,True
12383500,dPL-MLP,XAJ-Base,test,0.0322436002962213,0.0322436002962213,True
12383500,dPL-MLP,XAJ-TGD,train,0.6286153784957265,0.6286153784957265,True
12383500,dPL-MLP,XAJ-TGD,test,0.5996627423011919,0.5996627423011919,True
12383500,dPL-MLP,XAJ-CN,train,0.5869733407323281,0.5869733407323281,True
12383500,dPL-MLP,XAJ-CN,test,0.484998206497337,0.484998206497337,True
12390700,IC-CMA-ES,XAJ-Base,train,0.4183471217638562,0.4183471217638562,True
12390700,IC-CMA-ES,XAJ-Base,test,0.3206112301319761,0.3206112301319761,True
12390700,IC-CMA-ES,XAJ-TGD,train,0.83183941101475,0.83183941101475,True
12390700,IC-CMA-ES,XAJ-TGD,test,0.6915278243851755,0.6915278243851755,True
12390700,IC-CMA-ES,XAJ-CN,train,0.9028339330310664,0.9028339330310664,True
12390700,IC-CMA-ES,XAJ-CN,test,0.7915367780285354,0.7915367780285354,True
12390700,dPL-MLP,XAJ-Base,train,0.4243958279234742,0.4243958279234742,True
12390700,dPL-MLP,XAJ-Base,test,0.3561452477321193,0.3561452477321193,True
12390700,dPL-MLP,XAJ-TGD,train,0.794443796726279,0.794443796726279,True
12390700,dPL-MLP,XAJ-TGD,test,0.7439259521852744,0.7439259521852744,True
12390700,dPL-MLP,XAJ-CN,train,0.7995533029137242,0.7995533029137242,True
12390700,dPL-MLP,XAJ-CN,test,0.7431485912152179,0.7431485912152179,True
12411000,IC-CMA-ES,XAJ-Base,train,0.5152128117269517,0.5152128117269517,True
12411000,IC-CMA-ES,XAJ-Base,test,0.310074128913929,0.310074128913929,True
12411000,IC-CMA-ES,XAJ-TGD,train,0.8245782035184263,0.8245782035184263,True
12411000,IC-CMA-ES,XAJ-TGD,test,0.6593920442543939,0.6593920442543939,True
12411000,IC-CMA-ES,XAJ-CN,train,0.9295199690947092,0.9295199690947092,True
12411000,IC-CMA-ES,XAJ-CN,test,0.7918518701651318,0.7918518701651318,True
12411000,dPL-MLP,XAJ-Base,train,0.4973717597024721,0.4973717597024721,True
12411000,dPL-MLP,XAJ-Base,test,0.2954558011560548,0.2954558011560548,True
12411000,dPL-MLP,XAJ-TGD,train,0.8072170562398511,0.8072170562398511,True
12411000,dPL-MLP,XAJ-TGD,test,0.6593004091622812,0.6593004091622812,True
12411000,dPL-MLP,XAJ-CN,train,0.8843417657856584,0.8843417657856584,True
12411000,dPL-MLP,XAJ-CN,test,0.7787346285938004,0.7787346285938004,True
12447390,IC-CMA-ES,XAJ-Base,train,-0.0442668082113764,-0.0442668082113764,True
12447390,IC-CMA-ES,XAJ-Base,test,-0.1058379226774584,-0.1058379226774584,True
12447390,IC-CMA-ES,XAJ-TGD,train,0.691802663798608,0.691802663798608,True
12447390,IC-CMA-ES,XAJ-TGD,test,0.551764264108376,0.551764264108376,True
12447390,IC-CMA-ES,XAJ-CN,train,0.9237084326727178,0.9237084326727178,True
12447390,IC-CMA-ES,XAJ-CN,test,0.6657313029394661,0.6657313029394661,True
12447390,dPL-MLP,XAJ-Base,train,-0.0072801011535146,-0.0072801011535146,True
12447390,dPL-MLP,XAJ-Base,test,-0.0561801781674238,-0.0561801781674238,True
12447390,dPL-MLP,XAJ-TGD,train,0.6843493188060876,0.6843493188060876,True
12447390,dPL-MLP,XAJ-TGD,test,0.5691556122616545,0.5691556122616545,True
12447390,dPL-MLP,XAJ-CN,train,0.8484782920133798,0.8484782920133798,True
12447390,dPL-MLP,XAJ-CN,test,0.7482541208243566,0.7482541208243566,True
12451000,IC-CMA-ES,XAJ-Base,train,0.0209200168017066,0.0209200168017066,True
12451000,IC-CMA-ES,XAJ-Base,test,0.065827776864909,0.065827776864909,True
12451000,IC-CMA-ES,XAJ-TGD,train,0.5823045157013722,0.5823045157013722,True
12451000,IC-CMA-ES,XAJ-TGD,test,0.4369818913266404,0.4369818913266404,True
12451000,IC-CMA-ES,XAJ-CN,train,0.8973883598287478,0.8973883598287478,True
12451000,IC-CMA-ES,XAJ-CN,test,0.8483941777824932,0.8483941777824932,True
12451000,dPL-MLP,XAJ-Base,train,0.0049548176620146,0.0049548176620146,True
12451000,dPL-MLP,XAJ-Base,test,0.0599329139181857,0.0599329139181857,True
12451000,dPL-MLP,XAJ-TGD,train,0.5682203232579951,0.5682203232579951,True
12451000,dPL-MLP,XAJ-TGD,test,0.4792743983538562,0.4792743983538562,True
12451000,dPL-MLP,XAJ-CN,train,0.8436853884314699,0.8436853884314699,True
12451000,dPL-MLP,XAJ-CN,test,0.8532109253090396,0.8532109253090396,True
12488500,IC-CMA-ES,XAJ-Base,train,0.2738246760097734,0.2738246760097734,True
12488500,IC-CMA-ES,XAJ-Base,test,0.2528021041417402,0.2528021041417402,True
12488500,IC-CMA-ES,XAJ-TGD,train,0.7086120630791357,0.7086120630791357,True
12488500,IC-CMA-ES,XAJ-TGD,test,0.612524000356344,0.612524000356344,True
12488500,IC-CMA-ES,XAJ-CN,train,0.88853382586957,0.88853382586957,True
12488500,IC-CMA-ES,XAJ-CN,test,0.8527348989788581,0.8527348989788581,True
12488500,dPL-MLP,XAJ-Base,train,0.2879796116941975,0.2879796116941975,True
12488500,dPL-MLP,XAJ-Base,test,0.2796183816477529,0.2796183816477529,True
12488500,dPL-MLP,XAJ-TGD,train,0.700712015685677,0.700712015685677,True
12488500,dPL-MLP,XAJ-TGD,test,0.600715879868069,0.600715879868069,True
12488500,dPL-MLP,XAJ-CN,train,0.7351788525361185,0.7351788525361185,True
12488500,dPL-MLP,XAJ-CN,test,0.6957266441353622,0.6957266441353622,True
13011500,IC-CMA-ES,XAJ-Base,train,0.0009434945346192,0.0009434945346192,True
13011500,IC-CMA-ES,XAJ-Base,test,-0.0516477913382527,-0.0516477913382527,True
13011500,IC-CMA-ES,XAJ-TGD,train,0.8039314152208784,0.8039314152208784,True
13011500,IC-CMA-ES,XAJ-TGD,test,0.5800743209416717,0.5800743209416717,True
13011500,IC-CMA-ES,XAJ-CN,train,0.94284243012874,0.94284243012874,True
13011500,IC-CMA-ES,XAJ-CN,test,0.7442147442248539,0.7442147442248539,True
13011500,dPL-MLP,XAJ-Base,train,0.0061098512179991,0.0061098512179991,True
13011500,dPL-MLP,XAJ-Base,test,-0.0621568990222105,-0.0621568990222105,True
13011500,dPL-MLP,XAJ-TGD,train,0.7869968013560273,0.7869968013560273,True
13011500,dPL-MLP,XAJ-TGD,test,0.574881038895499,0.574881038895499,True
13011500,dPL-MLP,XAJ-CN,train,0.9075950182442472,0.9075950182442472,True
13011500,dPL-MLP,XAJ-CN,test,0.6847518819323822,0.6847518819323822,True
13011900,IC-CMA-ES,XAJ-Base,train,0.0471949610184522,0.0471949610184522,True
13011900,IC-CMA-ES,XAJ-Base,test,0.0162229943419958,0.0162229943419958,True
13011900,IC-CMA-ES,XAJ-TGD,train,0.8766244811156061,0.8766244811156061,True
13011900,IC-CMA-ES,XAJ-TGD,test,0.7190581620705282,0.7190581620705282,True
13011900,IC-CMA-ES,XAJ-CN,train,0.938806465057644,0.938806465057644,True
13011900,IC-CMA-ES,XAJ-CN,test,0.8299965627880417,0.8299965627880417,True
13011900,dPL-MLP,XAJ-Base,train,0.0357016570422475,0.0357016570422475,True
13011900,dPL-MLP,XAJ-Base,test,0.0097571306180145,0.0097571306180145,True
13011900,dPL-MLP,XAJ-TGD,train,0.8651534935510635,0.8651534935510635,True
13011900,dPL-MLP,XAJ-TGD,test,0.719234343926987,0.719234343926987,True
13011900,dPL-MLP,XAJ-CN,train,0.869331214669573,0.869331214669573,True
13011900,dPL-MLP,XAJ-CN,test,0.8509378210939574,0.8509378210939574,True
13018300,IC-CMA-ES,XAJ-Base,train,0.1270433684707067,0.1270433684707067,True
13018300,IC-CMA-ES,XAJ-Base,test,0.0951798376438216,0.0951798376438216,True
13018300,IC-CMA-ES,XAJ-TGD,train,0.8347501942347363,0.8347501942347363,True
13018300,IC-CMA-ES,XAJ-TGD,test,0.7990630894770512,0.7990630894770512,True
13018300,IC-CMA-ES,XAJ-CN,train,0.9283045740045436,0.9283045740045436,True
13018300,IC-CMA-ES,XAJ-CN,test,0.9257165479725744,0.9257165479725744,True
13018300,dPL-MLP,XAJ-Base,train,0.1199599488875938,0.1199599488875938,True
13018300,dPL-MLP,XAJ-Base,test,0.0850734422554246,0.0850734422554246,True
13018300,dPL-MLP,XAJ-TGD,train,0.7869764050482715,0.7869764050482715,True
13018300,dPL-MLP,XAJ-TGD,test,0.7517231369091817,0.7517231369091817,True
13018300,dPL-MLP,XAJ-CN,train,0.8716730901118889,0.8716730901118889,True
13018300,dPL-MLP,XAJ-CN,test,0.8421381473912918,0.8421381473912918,True
13023000,IC-CMA-ES,XAJ-Base,train,0.2364073151360333,0.2364073151360333,True
13023000,IC-CMA-ES,XAJ-Base,test,0.2231983628362893,0.2231983628362893,True
13023000,IC-CMA-ES,XAJ-TGD,train,0.9038539303588564,0.9038539303588564,True
13023000,IC-CMA-ES,XAJ-TGD,test,0.8774186982249838,0.8774186982249838,True
13023000,IC-CMA-ES,XAJ-CN,train,0.9342211291662706,0.9342211291662706,True
13023000,IC-CMA-ES,XAJ-CN,test,0.8584102352145152,0.8584102352145152,True
13023000,dPL-MLP,XAJ-Base,train,0.2291137116132189,0.2291137116132189,True
13023000,dPL-MLP,XAJ-Base,test,0.2143463864652284,0.2143463864652284,True
13023000,dPL-MLP,XAJ-TGD,train,0.8904007284419496,0.8904007284419496,True
13023000,dPL-MLP,XAJ-TGD,test,0.8771553897002734,0.8771553897002734,True
13023000,dPL-MLP,XAJ-CN,train,0.9231266555434128,0.9231266555434128,True
13023000,dPL-MLP,XAJ-CN,test,0.8589438625749939,0.8589438625749939,True
13161500,IC-CMA-ES,XAJ-Base,train,0.6427999213414777,0.6427999213414777,True
13161500,IC-CMA-ES,XAJ-Base,test,0.6101096866181585,0.6101096866181585,True
13161500,IC-CMA-ES,XAJ-TGD,train,0.9246159196983618,0.9246159196983618,True
13161500,IC-CMA-ES,XAJ-TGD,test,0.7094631278294463,0.7094631278294463,True
13161500,IC-CMA-ES,XAJ-CN,train,0.9260463241936948,0.9260463241936948,True
13161500,IC-CMA-ES,XAJ-CN,test,0.7591544372739787,0.7591544372739787,True
13161500,dPL-MLP,XAJ-Base,train,0.5750458365946254,0.5750458365946254,True
13161500,dPL-MLP,XAJ-Base,test,0.4582971471005636,0.4582971471005636,True
13161500,dPL-MLP,XAJ-TGD,train,0.8876407552907952,0.8876407552907952,True
13161500,dPL-MLP,XAJ-TGD,test,0.6131898590555219,0.6131898590555219,True
13161500,dPL-MLP,XAJ-CN,train,0.8477191240889486,0.8477191240889486,True
13161500,dPL-MLP,XAJ-CN,test,0.8638475715793866,0.8638475715793866,True
13235000,IC-CMA-ES,XAJ-Base,train,0.255374107571841,0.255374107571841,True
13235000,IC-CMA-ES,XAJ-Base,test,0.1627929075202567,0.1627929075202567,True
13235000,IC-CMA-ES,XAJ-TGD,train,0.9055380507771548,0.9055380507771548,True
13235000,IC-CMA-ES,XAJ-TGD,test,0.7330057431682162,0.7330057431682162,True
13235000,IC-CMA-ES,XAJ-CN,train,0.9417100740422693,0.9417100740422693,True
13235000,IC-CMA-ES,XAJ-CN,test,0.7897143351947643,0.7897143351947643,True
13235000,dPL-MLP,XAJ-Base,train,0.2415167734937674,0.2415167734937674,True
13235000,dPL-MLP,XAJ-Base,test,0.1609241428715278,0.1609241428715278,True
13235000,dPL-MLP,XAJ-TGD,train,0.8861100664781908,0.8861100664781908,True
13235000,dPL-MLP,XAJ-TGD,test,0.7114605505993045,0.7114605505993045,True
13235000,dPL-MLP,XAJ-CN,train,0.8891516032560584,0.8891516032560584,True
13235000,dPL-MLP,XAJ-CN,test,0.8145618306823179,0.8145618306823179,True
13240000,IC-CMA-ES,XAJ-Base,train,0.0373333453182274,0.0373333453182274,True
13240000,IC-CMA-ES,XAJ-Base,test,-0.0156873062875679,-0.0156873062875679,True
13240000,IC-CMA-ES,XAJ-TGD,train,0.7893817024681998,0.7893817024681998,True
13240000,IC-CMA-ES,XAJ-TGD,test,0.547543198239997,0.547543198239997,True
13240000,IC-CMA-ES,XAJ-CN,train,0.9522144424500548,0.9522144424500548,True
13240000,IC-CMA-ES,XAJ-CN,test,0.7506265896267907,0.7506265896267907,True
13240000,dPL-MLP,XAJ-Base,train,0.0318035041983064,0.0318035041983064,True
13240000,dPL-MLP,XAJ-Base,test,0.0024177722908454,0.0024177722908454,True
13240000,dPL-MLP,XAJ-TGD,train,0.7660284860978961,0.7660284860978961,True
13240000,dPL-MLP,XAJ-TGD,test,0.5230098579779888,0.5230098579779888,True
13240000,dPL-MLP,XAJ-CN,train,0.921681015221315,0.921681015221315,True
13240000,dPL-MLP,XAJ-CN,test,0.7817997794488638,0.7817997794488638,True
13313000,IC-CMA-ES,XAJ-Base,train,0.1350205014701188,0.1350205014701188,True
13313000,IC-CMA-ES,XAJ-Base,test,0.0507844766382603,0.0507844766382603,True
13313000,IC-CMA-ES,XAJ-TGD,train,0.9037974837673668,0.9037974837673668,True
13313000,IC-CMA-ES,XAJ-TGD,test,0.7060666922080824,0.7060666922080824,True
13313000,IC-CMA-ES,XAJ-CN,train,0.9511597873100296,0.9511597873100296,True
13313000,IC-CMA-ES,XAJ-CN,test,0.7339687393146959,0.7339687393146959,True
13313000,dPL-MLP,XAJ-Base,train,0.1416747167960144,0.1416747167960144,True
13313000,dPL-MLP,XAJ-Base,test,0.0983462470220964,0.0983462470220964,True
13313000,dPL-MLP,XAJ-TGD,train,0.8447594623144639,0.8447594623144639,True
13313000,dPL-MLP,XAJ-TGD,test,0.7118046617612581,0.7118046617612581,True
13313000,dPL-MLP,XAJ-CN,train,0.603011148289068,0.603011148289068,True
13313000,dPL-MLP,XAJ-CN,test,0.4656798791614536,0.4656798791614536,True
13331500,IC-CMA-ES,XAJ-Base,train,0.2636416783610914,0.2636416783610914,True
13331500,IC-CMA-ES,XAJ-Base,test,0.2480214099808804,0.2480214099808804,True
13331500,IC-CMA-ES,XAJ-TGD,train,0.7959401178034459,0.7959401178034459,True
13331500,IC-CMA-ES,XAJ-TGD,test,0.657320160234951,0.657320160234951,True
13331500,IC-CMA-ES,XAJ-CN,train,0.9090169829290916,0.9090169829290916,True
13331500,IC-CMA-ES,XAJ-CN,test,0.800095147224671,0.800095147224671,True
13331500,dPL-MLP,XAJ-Base,train,0.2557897270795879,0.2557897270795879,True
13331500,dPL-MLP,XAJ-Base,test,0.2467710194073131,0.2467710194073131,True
13331500,dPL-MLP,XAJ-TGD,train,0.7827912646460635,0.7827912646460635,True
13331500,dPL-MLP,XAJ-TGD,test,0.6637015842485346,0.6637015842485346,True
13331500,dPL-MLP,XAJ-CN,train,0.8799312889917089,0.8799312889917089,True
13331500,dPL-MLP,XAJ-CN,test,0.8445262220284152,0.8445262220284152,True
14020000,IC-CMA-ES,XAJ-Base,train,0.6557701612336896,0.6557701612336896,True
14020000,IC-CMA-ES,XAJ-Base,test,0.5672473829226112,0.5672473829226112,True
14020000,IC-CMA-ES,XAJ-TGD,train,0.7473513726540746,0.7473513726540746,True
14020000,IC-CMA-ES,XAJ-TGD,test,0.6217626859901126,0.6217626859901126,True
14020000,IC-CMA-ES,XAJ-CN,train,0.8709130798689089,0.8709130798689089,True
14020000,IC-CMA-ES,XAJ-CN,test,0.7719076922126897,0.7719076922126897,True
14020000,dPL-MLP,XAJ-Base,train,0.6373887374687397,0.6373887374687397,True
14020000,dPL-MLP,XAJ-Base,test,0.5793575238465958,0.5793575238465958,True
14020000,dPL-MLP,XAJ-TGD,train,0.7242895489369356,0.7242895489369356,True
14020000,dPL-MLP,XAJ-TGD,test,0.6431526524712108,0.6431526524712108,True
14020000,dPL-MLP,XAJ-CN,train,0.7691377135237464,0.7691377135237464,True
14020000,dPL-MLP,XAJ-CN,test,0.8245117784646638,0.8245117784646638,True
14096850,IC-CMA-ES,XAJ-Base,train,0.8599880632696631,0.8599880632696631,True
14096850,IC-CMA-ES,XAJ-Base,test,0.1890566325445513,0.1890566325445513,True
14096850,IC-CMA-ES,XAJ-TGD,train,0.9024707984186502,0.9024707984186502,True
14096850,IC-CMA-ES,XAJ-TGD,test,0.4749395009496201,0.4749395009496201,True
14096850,IC-CMA-ES,XAJ-CN,train,0.9259330485420784,0.9259330485420784,True
14096850,IC-CMA-ES,XAJ-CN,test,0.4385862644772769,0.4385862644772769,True
14096850,dPL-MLP,XAJ-Base,train,0.8457248209589835,0.8457248209589835,True
14096850,dPL-MLP,XAJ-Base,test,0.2400716549903633,0.2400716549903633,True
14096850,dPL-MLP,XAJ-TGD,train,0.6709900230313655,0.6709900230313655,True
14096850,dPL-MLP,XAJ-TGD,test,0.4746798577715868,0.4746798577715868,True
14096850,dPL-MLP,XAJ-CN,train,0.5862617329949666,0.5862617329949666,True
14096850,dPL-MLP,XAJ-CN,test,0.4306719413225913,0.4306719413225913,True
14137000,IC-CMA-ES,XAJ-Base,train,0.8425628381872673,0.8425628381872673,True
14137000,IC-CMA-ES,XAJ-Base,test,0.7992876205856824,0.7992876205856824,True
14137000,IC-CMA-ES,XAJ-TGD,train,0.8816302030462614,0.8816302030462614,True
14137000,IC-CMA-ES,XAJ-TGD,test,0.8195234412395187,0.8195234412395187,True
14137000,IC-CMA-ES,XAJ-CN,train,0.8475677142545875,0.8475677142545875,True
14137000,IC-CMA-ES,XAJ-CN,test,0.8426608292178492,0.8426608292178492,True
14137000,dPL-MLP,XAJ-Base,train,0.8234287426929017,0.8234287426929017,True
14137000,dPL-MLP,XAJ-Base,test,0.8218654045545731,0.8218654045545731,True
14137000,dPL-MLP,XAJ-TGD,train,,,True
14137000,dPL-MLP,XAJ-TGD,test,,,True
14137000,dPL-MLP,XAJ-CN,train,0.8075388593719289,0.8075388593719289,True
14137000,dPL-MLP,XAJ-CN,test,0.807702287589158,0.807702287589158,True
14138800,IC-CMA-ES,XAJ-Base,train,0.8052737854296551,0.8052737854296551,True
14138800,IC-CMA-ES,XAJ-Base,test,0.7859437202436745,0.7859437202436745,True
14138800,IC-CMA-ES,XAJ-TGD,train,0.8363726027970793,0.8363726027970793,True
14138800,IC-CMA-ES,XAJ-TGD,test,0.8113211002266761,0.8113211002266761,True
14138800,IC-CMA-ES,XAJ-CN,train,0.8101659417408874,0.8101659417408874,True
14138800,IC-CMA-ES,XAJ-CN,test,0.8329350883814609,0.8329350883814609,True
14138800,dPL-MLP,XAJ-Base,train,0.7977564157573227,0.7977564157573227,True
14138800,dPL-MLP,XAJ-Base,test,0.7774336227973356,0.7774336227973356,True
14138800,dPL-MLP,XAJ-TGD,train,0.826094861732367,0.826094861732367,True
14138800,dPL-MLP,XAJ-TGD,test,0.8035015873314775,0.8035015873314775,True
14138800,dPL-MLP,XAJ-CN,train,0.800667664899607,0.800667664899607,True
14138800,dPL-MLP,XAJ-CN,test,0.810616527816805,0.810616527816805,True
14138870,IC-CMA-ES,XAJ-Base,train,0.8655249345798615,0.8655249345798615,True
14138870,IC-CMA-ES,XAJ-Base,test,0.742508467579243,0.742508467579243,True
14138870,IC-CMA-ES,XAJ-TGD,train,0.8887155962420462,0.8887155962420462,True
14138870,IC-CMA-ES,XAJ-TGD,test,0.7505035456443679,0.7505035456443679,True
14138870,IC-CMA-ES,XAJ-CN,train,0.8630079219502729,0.8630079219502729,True
14138870,IC-CMA-ES,XAJ-CN,test,0.7735633843502758,0.7735633843502758,True
14138870,dPL-MLP,XAJ-Base,train,0.8360318045629526,0.8360318045629526,True
14138870,dPL-MLP,XAJ-Base,test,0.7122622326328232,0.7122622326328232,True
14138870,dPL-MLP,XAJ-TGD,train,0.8499476649944511,0.8499476649944511,True
14138870,dPL-MLP,XAJ-TGD,test,0.6967048541588214,0.6967048541588214,True
14138870,dPL-MLP,XAJ-CN,train,0.8290568417006486,0.8290568417006486,True
14138870,dPL-MLP,XAJ-CN,test,0.7159977198414764,0.7159977198414764,True
14138900,IC-CMA-ES,XAJ-Base,train,0.8499610790076273,0.8499610790076273,True
14138900,IC-CMA-ES,XAJ-Base,test,0.8490445010102886,0.8490445010102886,True
14138900,IC-CMA-ES,XAJ-TGD,train,0.8706399156893232,0.8706399156893232,True
14138900,IC-CMA-ES,XAJ-TGD,test,0.8609639479486946,0.8609639479486946,True
14138900,IC-CMA-ES,XAJ-CN,train,0.8494375470234967,0.8494375470234967,True
14138900,IC-CMA-ES,XAJ-CN,test,0.864261357913463,0.864261357913463,True
14138900,dPL-MLP,XAJ-Base,train,0.8194109961528057,0.8194109961528057,True
14138900,dPL-MLP,XAJ-Base,test,0.8411182866185956,0.8411182866185956,True
14138900,dPL-MLP,XAJ-TGD,train,0.8494494878175374,0.8494494878175374,True
14138900,dPL-MLP,XAJ-TGD,test,0.8651788881771194,0.8651788881771194,True
14138900,dPL-MLP,XAJ-CN,train,0.8251137066008575,0.8251137066008575,True
14138900,dPL-MLP,XAJ-CN,test,0.8565142358583355,0.8565142358583355,True
14139800,IC-CMA-ES,XAJ-Base,train,0.8781538428933536,0.8781538428933536,True
14139800,IC-CMA-ES,XAJ-Base,test,0.8624766101792288,0.8624766101792288,True
14139800,IC-CMA-ES,XAJ-TGD,train,0.8877499656779367,0.8877499656779367,True
14139800,IC-CMA-ES,XAJ-TGD,test,0.8750280000611849,0.8750280000611849,True
14139800,IC-CMA-ES,XAJ-CN,train,0.8740109072476667,0.8740109072476667,True
14139800,IC-CMA-ES,XAJ-CN,test,0.8706471208615393,0.8706471208615393,True
14139800,dPL-MLP,XAJ-Base,train,0.8668075684593286,0.8668075684593286,True
14139800,dPL-MLP,XAJ-Base,test,0.8535875636989997,0.8535875636989997,True
14139800,dPL-MLP,XAJ-TGD,train,0.886197606853407,0.886197606853407,True
14139800,dPL-MLP,XAJ-TGD,test,0.8740103139598342,0.8740103139598342,True
14139800,dPL-MLP,XAJ-CN,train,0.8662782532882579,0.8662782532882579,True
14139800,dPL-MLP,XAJ-CN,test,0.8683833326516254,0.8683833326516254,True
14141500,IC-CMA-ES,XAJ-Base,train,0.8796154207282889,0.8796154207282889,True
14141500,IC-CMA-ES,XAJ-Base,test,0.8326132699664297,0.8326132699664297,True
14141500,IC-CMA-ES,XAJ-TGD,train,0.8994836682263155,0.8994836682263155,True
14141500,IC-CMA-ES,XAJ-TGD,test,0.843758884158723,0.843758884158723,True
14141500,IC-CMA-ES,XAJ-CN,train,0.9084677881176424,0.9084677881176424,True
14141500,IC-CMA-ES,XAJ-CN,test,0.8659270039985838,0.8659270039985838,True
14141500,dPL-MLP,XAJ-Base,train,0.8679883106889984,0.8679883106889984,True
14141500,dPL-MLP,XAJ-Base,test,0.8421999094048395,0.8421999094048395,True
14141500,dPL-MLP,XAJ-TGD,train,0.8872246720329264,0.8872246720329264,True
14141500,dPL-MLP,XAJ-TGD,test,0.8384042523906904,0.8384042523906904,True
14141500,dPL-MLP,XAJ-CN,train,0.9035364175220686,0.9035364175220686,True
14141500,dPL-MLP,XAJ-CN,test,0.8535547737182878,0.8535547737182878,True
14154500,IC-CMA-ES,XAJ-Base,train,0.8887281067720088,0.8887281067720088,True
14154500,IC-CMA-ES,XAJ-Base,test,0.8889552553668374,0.8889552553668374,True
14154500,IC-CMA-ES,XAJ-TGD,train,0.9096935294754542,0.9096935294754542,True
14154500,IC-CMA-ES,XAJ-TGD,test,0.8983588321913649,0.8983588321913649,True
14154500,IC-CMA-ES,XAJ-CN,train,0.926115587896377,0.926115587896377,True
14154500,IC-CMA-ES,XAJ-CN,test,0.9212560741466198,0.9212560741466198,True
14154500,dPL-MLP,XAJ-Base,train,0.881629343911892,0.881629343911892,True
14154500,dPL-MLP,XAJ-Base,test,0.8944328014447721,0.8944328014447721,True
14154500,dPL-MLP,XAJ-TGD,train,0.9005750244267285,0.9005750244267285,True
14154500,dPL-MLP,XAJ-TGD,test,0.900143805734644,0.900143805734644,True
14154500,dPL-MLP,XAJ-CN,train,0.9080446523420648,0.9080446523420648,True
14154500,dPL-MLP,XAJ-CN,test,0.9174016842638256,0.9174016842638256,True
14158790,IC-CMA-ES,XAJ-Base,train,0.7410424906831666,0.7410424906831666,True
14158790,IC-CMA-ES,XAJ-Base,test,0.709880679155531,0.709880679155531,True
14158790,IC-CMA-ES,XAJ-TGD,train,0.7665691962808328,0.7665691962808328,True
14158790,IC-CMA-ES,XAJ-TGD,test,0.7434661823829131,0.7434661823829131,True
14158790,IC-CMA-ES,XAJ-CN,train,0.858696854711967,0.858696854711967,True
14158790,IC-CMA-ES,XAJ-CN,test,0.858212210027485,0.858212210027485,True
14158790,dPL-MLP,XAJ-Base,train,0.7312610983958248,0.7312610983958248,True
14158790,dPL-MLP,XAJ-Base,test,0.7149892088761522,0.7149892088761522,True
14158790,dPL-MLP,XAJ-TGD,train,0.7497169616760643,0.7497169616760643,True
14158790,dPL-MLP,XAJ-TGD,test,0.7349079429642368,0.7349079429642368,True
14158790,dPL-MLP,XAJ-CN,train,0.8468715599100469,0.8468715599100469,True
14158790,dPL-MLP,XAJ-CN,test,0.8439673958868308,0.8439673958868308,True
14166500,IC-CMA-ES,XAJ-Base,train,0.970030378876606,0.970030378876606,True
14166500,IC-CMA-ES,XAJ-Base,test,0.8537363038149975,0.8537363038149975,True
14166500,IC-CMA-ES,XAJ-TGD,train,0.9719616752629164,0.9719616752629164,True
14166500,IC-CMA-ES,XAJ-TGD,test,0.8431945951067841,0.8431945951067841,True
14166500,IC-CMA-ES,XAJ-CN,train,0.972731192567558,0.972731192567558,True
14166500,IC-CMA-ES,XAJ-CN,test,0.8524501640966654,0.8524501640966654,True
14166500,dPL-MLP,XAJ-Base,train,0.9669927473230367,0.9669927473230367,True
14166500,dPL-MLP,XAJ-Base,test,0.8308199822071282,0.8308199822071282,True
14166500,dPL-MLP,XAJ-TGD,train,0.9406543348587696,0.9406543348587696,True
14166500,dPL-MLP,XAJ-TGD,test,0.8606710062950853,0.8606710062950853,True
14166500,dPL-MLP,XAJ-CN,train,0.9328205580076954,0.9328205580076954,True
14166500,dPL-MLP,XAJ-CN,test,0.8803535328206242,0.8803535328206242,True
14182500,IC-CMA-ES,XAJ-Base,train,0.8393076358933189,0.8393076358933189,True
14182500,IC-CMA-ES,XAJ-Base,test,0.7929535450465639,0.7929535450465639,True
14182500,IC-CMA-ES,XAJ-TGD,train,0.8501274164284568,0.8501274164284568,True
14182500,IC-CMA-ES,XAJ-TGD,test,0.7887112877270877,0.7887112877270877,True
14182500,IC-CMA-ES,XAJ-CN,train,0.8738058374591844,0.8738058374591844,True
14182500,IC-CMA-ES,XAJ-CN,test,0.8322064028668136,0.8322064028668136,True
14182500,dPL-MLP,XAJ-Base,train,0.7989119536581207,0.7989119536581207,True
14182500,dPL-MLP,XAJ-Base,test,0.749225768263218,0.749225768263218,True
14182500,dPL-MLP,XAJ-TGD,train,0.7990063463740349,0.7990063463740349,True
14182500,dPL-MLP,XAJ-TGD,test,0.7441347802836038,0.7441347802836038,True
14182500,dPL-MLP,XAJ-CN,train,0.8360778663249937,0.8360778663249937,True
14182500,dPL-MLP,XAJ-CN,test,0.7606062721891581,0.7606062721891581,True
14185000,IC-CMA-ES,XAJ-Base,train,0.8971111682289574,0.8971111682289574,True
14185000,IC-CMA-ES,XAJ-Base,test,0.8908213641486978,0.8908213641486978,True
14185000,IC-CMA-ES,XAJ-TGD,train,0.9102321699455538,0.9102321699455538,True
14185000,IC-CMA-ES,XAJ-TGD,test,0.9037540289225264,0.9037540289225264,True
14185000,IC-CMA-ES,XAJ-CN,train,0.9298766436460564,0.9298766436460564,True
14185000,IC-CMA-ES,XAJ-CN,test,0.9231405873528662,0.9231405873528662,True
14185000,dPL-MLP,XAJ-Base,train,0.8854082829501292,0.8854082829501292,True
14185000,dPL-MLP,XAJ-Base,test,0.8863551601529285,0.8863551601529285,True
14185000,dPL-MLP,XAJ-TGD,train,0.904617714071637,0.904617714071637,True
14185000,dPL-MLP,XAJ-TGD,test,0.8979860383489595,0.8979860383489595,True
14185000,dPL-MLP,XAJ-CN,train,0.9216126698767464,0.9216126698767464,True
14185000,dPL-MLP,XAJ-CN,test,0.9186424085794548,0.9186424085794548,True
14185900,IC-CMA-ES,XAJ-Base,train,0.830598078987381,0.830598078987381,True
14185900,IC-CMA-ES,XAJ-Base,test,0.8489361728105294,0.8489361728105294,True
14185900,IC-CMA-ES,XAJ-TGD,train,0.8450729758474274,0.8450729758474274,True
14185900,IC-CMA-ES,XAJ-TGD,test,0.8577566272372396,0.8577566272372396,True
14185900,IC-CMA-ES,XAJ-CN,train,0.8809380515716037,0.8809380515716037,True
14185900,IC-CMA-ES,XAJ-CN,test,0.9002614113243614,0.9002614113243614,True
14185900,dPL-MLP,XAJ-Base,train,0.8114933792511729,0.8114933792511729,True
14185900,dPL-MLP,XAJ-Base,test,0.8431956141573389,0.8431956141573389,True
14185900,dPL-MLP,XAJ-TGD,train,0.8146574021983559,0.8146574021983559,True
14185900,dPL-MLP,XAJ-TGD,test,0.8453173172156061,0.8453173172156061,True
14185900,dPL-MLP,XAJ-CN,train,0.8524814547876897,0.8524814547876897,True
14185900,dPL-MLP,XAJ-CN,test,0.8842894986043633,0.8842894986043633,True
14187000,IC-CMA-ES,XAJ-Base,train,0.9075812593574628,0.9075812593574628,True
14187000,IC-CMA-ES,XAJ-Base,test,0.9195974104287828,0.9195974104287828,True
14187000,IC-CMA-ES,XAJ-TGD,train,0.9128659956528444,0.9128659956528444,True
14187000,IC-CMA-ES,XAJ-TGD,test,0.9257080157763508,0.9257080157763508,True
14187000,IC-CMA-ES,XAJ-CN,train,0.9291229108441172,0.9291229108441172,True
14187000,IC-CMA-ES,XAJ-CN,test,0.935532287498609,0.935532287498609,True
14187000,dPL-MLP,XAJ-Base,train,0.889594526092648,0.889594526092648,True
14187000,dPL-MLP,XAJ-Base,test,0.9286833769938794,0.9286833769938794,True
14187000,dPL-MLP,XAJ-TGD,train,0.8995359177444942,0.8995359177444942,True
14187000,dPL-MLP,XAJ-TGD,test,0.929516998297797,0.929516998297797,True
14187000,dPL-MLP,XAJ-CN,train,0.9170370846527892,0.9170370846527892,True
14187000,dPL-MLP,XAJ-CN,test,0.9429296621774091,0.9429296621774091,True
14216500,IC-CMA-ES,XAJ-Base,train,0.8234994119541561,0.8234994119541561,True
14216500,IC-CMA-ES,XAJ-Base,test,0.756029099185651,0.756029099185651,True
14216500,IC-CMA-ES,XAJ-TGD,train,0.8326916143532975,0.8326916143532975,True
14216500,IC-CMA-ES,XAJ-TGD,test,0.7906551373652817,0.7906551373652817,True
14216500,IC-CMA-ES,XAJ-CN,train,0.938018750131304,0.938018750131304,True
14216500,IC-CMA-ES,XAJ-CN,test,0.8765523659317985,0.8765523659317985,True
14216500,dPL-MLP,XAJ-Base,train,0.8179707494096583,0.8179707494096583,True
14216500,dPL-MLP,XAJ-Base,test,0.7783383486002532,0.7783383486002532,True
14216500,dPL-MLP,XAJ-TGD,train,0.810220990062944,0.810220990062944,True
14216500,dPL-MLP,XAJ-TGD,test,0.8047389222562158,0.8047389222562158,True
14216500,dPL-MLP,XAJ-CN,train,0.909332427048882,0.909332427048882,True
14216500,dPL-MLP,XAJ-CN,test,0.8775658955351289,0.8775658955351289,True
14222500,IC-CMA-ES,XAJ-Base,train,0.9355370770309338,0.9355370770309338,True
14222500,IC-CMA-ES,XAJ-Base,test,0.9070364377151148,0.9070364377151148,True
14222500,IC-CMA-ES,XAJ-TGD,train,0.941606307615488,0.941606307615488,True
14222500,IC-CMA-ES,XAJ-TGD,test,0.9123834234195952,0.9123834234195952,True
14222500,IC-CMA-ES,XAJ-CN,train,0.9363394575990732,0.9363394575990732,True
14222500,IC-CMA-ES,XAJ-CN,test,0.9271959706497068,0.9271959706497068,True
14222500,dPL-MLP,XAJ-Base,train,0.9259671074248248,0.9259671074248248,True
14222500,dPL-MLP,XAJ-Base,test,0.9110811374827946,0.9110811374827946,True
14222500,dPL-MLP,XAJ-TGD,train,0.9254681718835118,0.9254681718835118,True
14222500,dPL-MLP,XAJ-TGD,test,0.8910073206604567,0.8910073206604567,True
14222500,dPL-MLP,XAJ-CN,train,0.9105397255812012,0.9105397255812012,True
14222500,dPL-MLP,XAJ-CN,test,0.920576452329208,0.920576452329208,True
14236200,IC-CMA-ES,XAJ-Base,train,0.8121383300467042,0.8121383300467042,True
14236200,IC-CMA-ES,XAJ-Base,test,0.81765310680932,0.81765310680932,True
14236200,IC-CMA-ES,XAJ-TGD,train,0.8230588151926865,0.8230588151926865,True
14236200,IC-CMA-ES,XAJ-TGD,test,0.8279463200960784,0.8279463200960784,True
14236200,IC-CMA-ES,XAJ-CN,train,0.8500124133641054,0.8500124133641054,True
14236200,IC-CMA-ES,XAJ-CN,test,0.8583508040754504,0.8583508040754504,True
14236200,dPL-MLP,XAJ-Base,train,0.7479778227439713,0.7479778227439713,True
14236200,dPL-MLP,XAJ-Base,test,0.7805623897136933,0.7805623897136933,True
14236200,dPL-MLP,XAJ-TGD,train,0.7555489501268499,0.7555489501268499,True
14236200,dPL-MLP,XAJ-TGD,test,0.8002422294837157,0.8002422294837157,True
14236200,dPL-MLP,XAJ-CN,train,0.7906005886205877,0.7906005886205877,True
14236200,dPL-MLP,XAJ-CN,test,0.8119203129182505,0.8119203129182505,True
14301000,IC-CMA-ES,XAJ-Base,train,0.9575423149283276,0.9575423149283276,True
14301000,IC-CMA-ES,XAJ-Base,test,0.9610495903919474,0.9610495903919474,True
14301000,IC-CMA-ES,XAJ-TGD,train,0.9689705899586522,0.9689705899586522,True
14301000,IC-CMA-ES,XAJ-TGD,test,0.9725154321136126,0.9725154321136126,True
14301000,IC-CMA-ES,XAJ-CN,train,0.9660902614394496,0.9660902614394496,True
14301000,IC-CMA-ES,XAJ-CN,test,0.9723623819874851,0.9723623819874851,True
14301000,dPL-MLP,XAJ-Base,train,0.9636613833210068,0.9636613833210068,True
14301000,dPL-MLP,XAJ-Base,test,0.9663061368228476,0.9663061368228476,True
14301000,dPL-MLP,XAJ-TGD,train,0.9629777923275044,0.9629777923275044,True
14301000,dPL-MLP,XAJ-TGD,test,0.9651674838235302,0.9651674838235302,True
14301000,dPL-MLP,XAJ-CN,train,0.9577600354347146,0.9577600354347146,True
14301000,dPL-MLP,XAJ-CN,test,0.965568251865225,0.965568251865225,True
14303200,IC-CMA-ES,XAJ-Base,train,0.9232563192922036,0.9232563192922036,True
14303200,IC-CMA-ES,XAJ-Base,test,0.8775922374833863,0.8775922374833863,True
14303200,IC-CMA-ES,XAJ-TGD,train,0.9370767144238176,0.9370767144238176,True
14303200,IC-CMA-ES,XAJ-TGD,test,0.8733833671462654,0.8733833671462654,True
14303200,IC-CMA-ES,XAJ-CN,train,0.9303049892493804,0.9303049892493804,True
14303200,IC-CMA-ES,XAJ-CN,test,0.887975545820422,0.887975545820422,True
14303200,dPL-MLP,XAJ-Base,train,0.9189502947756388,0.9189502947756388,True
14303200,dPL-MLP,XAJ-Base,test,0.8772845644837033,0.8772845644837033,True
14303200,dPL-MLP,XAJ-TGD,train,0.9155571442924014,0.9155571442924014,True
14303200,dPL-MLP,XAJ-TGD,test,0.8750588720786797,0.8750588720786797,True
14303200,dPL-MLP,XAJ-CN,train,0.9203684889523271,0.9203684889523271,True
14303200,dPL-MLP,XAJ-CN,test,0.8806506460851933,0.8806506460851933,True
14305500,IC-CMA-ES,XAJ-Base,train,0.8839373087810901,0.8839373087810901,True
14305500,IC-CMA-ES,XAJ-Base,test,0.8575155605867631,0.8575155605867631,True
14305500,IC-CMA-ES,XAJ-TGD,train,0.8944327293846714,0.8944327293846714,True
14305500,IC-CMA-ES,XAJ-TGD,test,0.8733506337981576,0.8733506337981576,True
14305500,IC-CMA-ES,XAJ-CN,train,0.8918435329353045,0.8918435329353045,True
14305500,IC-CMA-ES,XAJ-CN,test,0.8658981377319461,0.8658981377319461,True
14305500,dPL-MLP,XAJ-Base,train,0.8342605592459302,0.8342605592459302,True
14305500,dPL-MLP,XAJ-Base,test,0.8403264061025815,0.8403264061025815,True
14305500,dPL-MLP,XAJ-TGD,train,0.8345396361013739,0.8345396361013739,True
14305500,dPL-MLP,XAJ-TGD,test,0.8312782697178374,0.8312782697178374,True
14305500,dPL-MLP,XAJ-CN,train,0.8726884855255416,0.8726884855255416,True
14305500,dPL-MLP,XAJ-CN,test,0.8485473794395413,0.8485473794395413,True
14306340,IC-CMA-ES,XAJ-Base,train,0.932711592428148,0.932711592428148,True
14306340,IC-CMA-ES,XAJ-Base,test,0.7522027480644334,0.7522027480644334,True
14306340,IC-CMA-ES,XAJ-TGD,train,0.941859801305882,0.941859801305882,True
14306340,IC-CMA-ES,XAJ-TGD,test,0.7545595918645376,0.7545595918645376,True
14306340,IC-CMA-ES,XAJ-CN,train,0.9389582099893676,0.9389582099893676,True
14306340,IC-CMA-ES,XAJ-CN,test,0.7541382169411033,0.7541382169411033,True
14306340,dPL-MLP,XAJ-Base,train,0.9200327724454191,0.9200327724454191,True
14306340,dPL-MLP,XAJ-Base,test,0.7448066614227979,0.7448066614227979,True
14306340,dPL-MLP,XAJ-TGD,train,0.9095879226657092,0.9095879226657092,True
14306340,dPL-MLP,XAJ-TGD,test,0.7480466517377092,0.7480466517377092,True
14306340,dPL-MLP,XAJ-CN,train,0.8894116495333082,0.8894116495333082,True
14306340,dPL-MLP,XAJ-CN,test,0.7708516106796145,0.7708516106796145,True
14306500,IC-CMA-ES,XAJ-Base,train,0.9719745925026706,0.9719745925026706,True
14306500,IC-CMA-ES,XAJ-Base,test,0.7860612245954574,0.7860612245954574,True
14306500,IC-CMA-ES,XAJ-TGD,train,0.9747687155155464,0.9747687155155464,True
14306500,IC-CMA-ES,XAJ-TGD,test,0.7886387568188675,0.7886387568188675,True
14306500,IC-CMA-ES,XAJ-CN,train,0.970903050988299,0.970903050988299,True
14306500,IC-CMA-ES,XAJ-CN,test,0.7899285888546576,0.7899285888546576,True
14306500,dPL-MLP,XAJ-Base,train,0.964254114713735,0.964254114713735,True
14306500,dPL-MLP,XAJ-Base,test,0.7919805023902904,0.7919805023902904,True
14306500,dPL-MLP,XAJ-TGD,train,0.9658062494429333,0.9658062494429333,True
14306500,dPL-MLP,XAJ-TGD,test,0.7959815942027396,0.7959815942027396,True
14306500,dPL-MLP,XAJ-CN,train,0.9231855212356264,0.9231855212356264,True
14306500,dPL-MLP,XAJ-CN,test,0.8327463584123845,0.8327463584123845,True
14308990,IC-CMA-ES,XAJ-Base,train,0.9014795564022522,0.9014795564022522,True
14308990,IC-CMA-ES,XAJ-Base,test,0.8712556406094799,0.8712556406094799,True
14308990,IC-CMA-ES,XAJ-TGD,train,0.903952309942652,0.903952309942652,True
14308990,IC-CMA-ES,XAJ-TGD,test,0.8687126803259053,0.8687126803259053,True
14308990,IC-CMA-ES,XAJ-CN,train,0.8959012067412401,0.8959012067412401,True
14308990,IC-CMA-ES,XAJ-CN,test,0.8394222218919081,0.8394222218919081,True
14308990,dPL-MLP,XAJ-Base,train,0.8680662192319148,0.8680662192319148,True
14308990,dPL-MLP,XAJ-Base,test,0.9046117266806162,0.9046117266806162,True
14308990,dPL-MLP,XAJ-TGD,train,0.8478747062048959,0.8478747062048959,True
14308990,dPL-MLP,XAJ-TGD,test,0.8969011779725026,0.8969011779725026,True
14308990,dPL-MLP,XAJ-CN,train,0.8612654209249444,0.8612654209249444,True
14308990,dPL-MLP,XAJ-CN,test,0.8596499056562587,0.8596499056562587,True
14309500,IC-CMA-ES,XAJ-Base,train,0.9070935856620584,0.9070935856620584,True
14309500,IC-CMA-ES,XAJ-Base,test,0.7526571048783741,0.7526571048783741,True
14309500,IC-CMA-ES,XAJ-TGD,train,0.9103249854179084,0.9103249854179084,True
14309500,IC-CMA-ES,XAJ-TGD,test,0.7577429842993804,0.7577429842993804,True
14309500,IC-CMA-ES,XAJ-CN,train,0.9261378522171876,0.9261378522171876,True
14309500,IC-CMA-ES,XAJ-CN,test,0.7680677300873622,0.7680677300873622,True
14309500,dPL-MLP,XAJ-Base,train,0.9036733599999964,0.9036733599999964,True
14309500,dPL-MLP,XAJ-Base,test,0.7534478385324745,0.7534478385324745,True
14309500,dPL-MLP,XAJ-TGD,train,0.9023065767952996,0.9023065767952996,True
14309500,dPL-MLP,XAJ-TGD,test,0.7440773587014268,0.7440773587014268,True
14309500,dPL-MLP,XAJ-CN,train,0.9102460132495802,0.9102460132495802,True
14309500,dPL-MLP,XAJ-CN,test,0.7723095962768685,0.7723095962768685,True
14316700,IC-CMA-ES,XAJ-Base,train,0.8636537109593759,0.8636537109593759,True
14316700,IC-CMA-ES,XAJ-Base,test,0.8622182181400695,0.8622182181400695,True
14316700,IC-CMA-ES,XAJ-TGD,train,0.9010922997170075,0.9010922997170075,True
14316700,IC-CMA-ES,XAJ-TGD,test,0.8819398709709192,0.8819398709709192,True
14316700,IC-CMA-ES,XAJ-CN,train,0.9332541755559168,0.9332541755559168,True
14316700,IC-CMA-ES,XAJ-CN,test,0.9201020264612374,0.9201020264612374,True
14316700,dPL-MLP,XAJ-Base,train,0.8553719867445434,0.8553719867445434,True
14316700,dPL-MLP,XAJ-Base,test,0.8743274436343104,0.8743274436343104,True
14316700,dPL-MLP,XAJ-TGD,train,0.8785733016163368,0.8785733016163368,True
14316700,dPL-MLP,XAJ-TGD,test,0.88462781385919,0.88462781385919,True
14316700,dPL-MLP,XAJ-CN,train,0.9286323049091108,0.9286323049091108,True
14316700,dPL-MLP,XAJ-CN,test,0.9223741371633318,0.9223741371633318,True
14325000,IC-CMA-ES,XAJ-Base,train,0.9297384224293476,0.9297384224293476,True
14325000,IC-CMA-ES,XAJ-Base,test,0.9124799606367018,0.9124799606367018,True
14325000,IC-CMA-ES,XAJ-TGD,train,0.93145979928287,0.93145979928287,True
14325000,IC-CMA-ES,XAJ-TGD,test,0.9116858325480482,0.9116858325480482,True
14325000,IC-CMA-ES,XAJ-CN,train,0.9396052886561008,0.9396052886561008,True
14325000,IC-CMA-ES,XAJ-CN,test,0.9193878813736568,0.9193878813736568,True
14325000,dPL-MLP,XAJ-Base,train,0.9161488477600812,0.9161488477600812,True
14325000,dPL-MLP,XAJ-Base,test,0.9033290461503476,0.9033290461503476,True
14325000,dPL-MLP,XAJ-TGD,train,0.92126564394703,0.92126564394703,True
14325000,dPL-MLP,XAJ-TGD,test,0.9117763223164612,0.9117763223164612,True
14325000,dPL-MLP,XAJ-CN,train,0.9133110052457892,0.9133110052457892,True
14325000,dPL-MLP,XAJ-CN,test,0.9042373787969924,0.9042373787969924,True
14362250,IC-CMA-ES,XAJ-Base,train,0.8637992265355776,0.8637992265355776,True
14362250,IC-CMA-ES,XAJ-Base,test,0.7479313370942775,0.7479313370942775,True
14362250,IC-CMA-ES,XAJ-TGD,train,0.8575939781547832,0.8575939781547832,True
14362250,IC-CMA-ES,XAJ-TGD,test,0.7423177388764419,0.7423177388764419,True
14362250,IC-CMA-ES,XAJ-CN,train,0.8516479638732486,0.8516479638732486,True
14362250,IC-CMA-ES,XAJ-CN,test,0.7997915819382064,0.7997915819382064,True
14362250,dPL-MLP,XAJ-Base,train,0.6129090312650104,0.6129090312650104,True
14362250,dPL-MLP,XAJ-Base,test,0.260462214335838,0.260462214335838,True
14362250,dPL-MLP,XAJ-TGD,train,0.5124264231147386,0.5124264231147386,True
14362250,dPL-MLP,XAJ-TGD,test,0.2138599492150691,0.2138599492150691,True
14362250,dPL-MLP,XAJ-CN,train,0.7665052071454086,0.7665052071454086,True
14362250,dPL-MLP,XAJ-CN,test,0.5946480524450362,0.5946480524450362,True
14400000,IC-CMA-ES,XAJ-Base,train,0.5361937249615323,0.5361937249615323,True
14400000,IC-CMA-ES,XAJ-Base,test,0.5639052758931494,0.5639052758931494,True
14400000,IC-CMA-ES,XAJ-TGD,train,0.5362652324218841,0.5362652324218841,True
14400000,IC-CMA-ES,XAJ-TGD,test,0.5639066004280807,0.5639066004280807,True
14400000,IC-CMA-ES,XAJ-CN,train,0.5332136387044284,0.5332136387044284,True
14400000,IC-CMA-ES,XAJ-CN,test,0.5628985048171327,0.5628985048171327,True
14400000,dPL-MLP,XAJ-Base,train,0.4835812252137217,0.4835812252137217,True
14400000,dPL-MLP,XAJ-Base,test,0.5139406088745632,0.5139406088745632,True
14400000,dPL-MLP,XAJ-TGD,train,0.4797550700821481,0.4797550700821481,True
14400000,dPL-MLP,XAJ-TGD,test,0.5066507220345896,0.5066507220345896,True
14400000,dPL-MLP,XAJ-CN,train,0.508874808629542,0.508874808629542,True
14400000,dPL-MLP,XAJ-CN,test,0.5388180538772422,0.5388180538772422,True
10259000,IC-CMA-ES,XAJ-Base,train,0.9059307918699292,0.9059307918699292,True
10259000,IC-CMA-ES,XAJ-Base,test,0.6795727219112608,0.6795727219112608,True
10259000,IC-CMA-ES,XAJ-TGD,train,0.9340552143660688,0.9340552143660688,True
10259000,IC-CMA-ES,XAJ-TGD,test,0.7630420132094609,0.7630420132094609,True
10259000,IC-CMA-ES,XAJ-CN,train,0.9161305022599908,0.9161305022599908,True
10259000,IC-CMA-ES,XAJ-CN,test,0.67502971557338,0.67502971557338,True
10259000,dPL-MLP,XAJ-Base,train,0.6230599827484957,0.6230599827484957,True
10259000,dPL-MLP,XAJ-Base,test,0.6195021728559167,0.6195021728559167,True
10259000,dPL-MLP,XAJ-TGD,train,0.7584484341997497,0.7584484341997497,True
10259000,dPL-MLP,XAJ-TGD,test,0.6795683258586642,0.6795683258586642,True
10259000,dPL-MLP,XAJ-CN,train,0.7590086754391006,0.7590086754391006,True
10259000,dPL-MLP,XAJ-CN,test,0.8068125540555299,0.8068125540555299,True
11124500,IC-CMA-ES,XAJ-Base,train,0.8551028498433159,0.8551028498433159,True
11124500,IC-CMA-ES,XAJ-Base,test,0.7959487125727619,0.7959487125727619,True
11124500,IC-CMA-ES,XAJ-TGD,train,0.8734280245454413,0.8734280245454413,True
11124500,IC-CMA-ES,XAJ-TGD,test,0.7288844404723778,0.7288844404723778,True
11124500,IC-CMA-ES,XAJ-CN,train,0.8643479423307059,0.8643479423307059,True
11124500,IC-CMA-ES,XAJ-CN,test,0.796985870429188,0.796985870429188,True
11124500,dPL-MLP,XAJ-Base,train,0.7502480443631165,0.7502480443631165,True
11124500,dPL-MLP,XAJ-Base,test,0.6756540203765629,0.6756540203765629,True
11124500,dPL-MLP,XAJ-TGD,train,0.7115107073168587,0.7115107073168587,True
11124500,dPL-MLP,XAJ-TGD,test,0.6033514158686359,0.6033514158686359,True
11124500,dPL-MLP,XAJ-CN,train,0.7719395272936697,0.7719395272936697,True
11124500,dPL-MLP,XAJ-CN,test,0.6685994623227889,0.6685994623227889,True
11141280,IC-CMA-ES,XAJ-Base,train,0.8543489446732906,0.8543489446732906,True
11141280,IC-CMA-ES,XAJ-Base,test,0.8009761788797898,0.8009761788797898,True
11141280,IC-CMA-ES,XAJ-TGD,train,0.8547529092329528,0.8547529092329528,True
11141280,IC-CMA-ES,XAJ-TGD,test,0.8162393182205953,0.8162393182205953,True
11141280,IC-CMA-ES,XAJ-CN,train,0.8527034782050275,0.8527034782050275,True
11141280,IC-CMA-ES,XAJ-CN,test,0.8297414914939168,0.8297414914939168,True
11141280,dPL-MLP,XAJ-Base,train,0.6032051245645709,0.6032051245645709,True
11141280,dPL-MLP,XAJ-Base,test,0.5185982292248377,0.5185982292248377,True
11141280,dPL-MLP,XAJ-TGD,train,0.6589394277321277,0.6589394277321277,True
11141280,dPL-MLP,XAJ-TGD,test,0.5450637933014721,0.5450637933014721,True
11141280,dPL-MLP,XAJ-CN,train,0.5080541054802918,0.5080541054802918,True
11141280,dPL-MLP,XAJ-CN,test,0.4257939810038631,0.4257939810038631,True
11143000,IC-CMA-ES,XAJ-Base,train,0.8860268417814109,0.8860268417814109,True
11143000,IC-CMA-ES,XAJ-Base,test,0.8693255737549337,0.8693255737549337,True
11143000,IC-CMA-ES,XAJ-TGD,train,0.8892888613397699,0.8892888613397699,True
11143000,IC-CMA-ES,XAJ-TGD,test,0.8706551593710137,0.8706551593710137,True
11143000,IC-CMA-ES,XAJ-CN,train,0.8862661573421986,0.8862661573421986,True
11143000,IC-CMA-ES,XAJ-CN,test,0.8736900527441117,0.8736900527441117,True
11143000,dPL-MLP,XAJ-Base,train,0.6437053683576238,0.6437053683576238,True
11143000,dPL-MLP,XAJ-Base,test,0.6135949301471095,0.6135949301471095,True
11143000,dPL-MLP,XAJ-TGD,train,,,True
11143000,dPL-MLP,XAJ-TGD,test,,,True
11143000,dPL-MLP,XAJ-CN,train,0.6660237219884584,0.6660237219884584,True
11143000,dPL-MLP,XAJ-CN,test,0.6169348759833909,0.6169348759833909,True
11148900,IC-CMA-ES,XAJ-Base,train,0.8883515211085526,0.8883515211085526,True
11148900,IC-CMA-ES,XAJ-Base,test,0.8267672423669575,0.8267672423669575,True
11148900,IC-CMA-ES,XAJ-TGD,train,0.8830882091329383,0.8830882091329383,True
11148900,IC-CMA-ES,XAJ-TGD,test,0.8182172526553778,0.8182172526553778,True
11148900,IC-CMA-ES,XAJ-CN,train,0.8864530974446285,0.8864530974446285,True
11148900,IC-CMA-ES,XAJ-CN,test,0.8196839801790752,0.8196839801790752,True
11148900,dPL-MLP,XAJ-Base,train,0.7982406858929414,0.7982406858929414,True
11148900,dPL-MLP,XAJ-Base,test,0.8611490022952604,0.8611490022952604,True
11148900,dPL-MLP,XAJ-TGD,train,0.7954729995566296,0.7954729995566296,True
11148900,dPL-MLP,XAJ-TGD,test,0.8575522854975559,0.8575522854975559,True
11148900,dPL-MLP,XAJ-CN,train,0.7772549328724647,0.7772549328724647,True
11148900,dPL-MLP,XAJ-CN,test,0.8463782549533541,0.8463782549533541,True
11151300,IC-CMA-ES,XAJ-Base,train,0.8989774923998415,0.8989774923998415,True
11151300,IC-CMA-ES,XAJ-Base,test,0.4925030511036693,0.4925030511036693,True
11151300,IC-CMA-ES,XAJ-TGD,train,0.8987102469107445,0.8987102469107445,True
11151300,IC-CMA-ES,XAJ-TGD,test,0.7165748086084558,0.7165748086084558,True
11151300,IC-CMA-ES,XAJ-CN,train,0.9041970510144276,0.9041970510144276,True
11151300,IC-CMA-ES,XAJ-CN,test,0.6590924182544997,0.6590924182544997,True
11151300,dPL-MLP,XAJ-Base,train,0.650268901196734,0.650268901196734,True
11151300,dPL-MLP,XAJ-Base,test,0.5569943012898524,0.5569943012898524,True
11151300,dPL-MLP,XAJ-TGD,train,0.6401365369235916,0.6401365369235916,True
11151300,dPL-MLP,XAJ-TGD,test,0.5605720841888404,0.5605720841888404,True
11151300,dPL-MLP,XAJ-CN,train,0.645442329581542,0.645442329581542,True
11151300,dPL-MLP,XAJ-CN,test,0.5678661235019108,0.5678661235019108,True
11176400,IC-CMA-ES,XAJ-Base,train,0.8301000891756671,0.8301000891756671,True
11176400,IC-CMA-ES,XAJ-Base,test,0.3369785617096847,0.3369785617096847,True
11176400,IC-CMA-ES,XAJ-TGD,train,0.8310793841858398,0.8310793841858398,True
11176400,IC-CMA-ES,XAJ-TGD,test,0.4305627482636666,0.4305627482636666,True
11176400,IC-CMA-ES,XAJ-CN,train,0.8358693921506481,0.8358693921506481,True
11176400,IC-CMA-ES,XAJ-CN,test,0.2380420804697426,0.2380420804697426,True
11176400,dPL-MLP,XAJ-Base,train,0.7208111183372028,0.7208111183372028,True
11176400,dPL-MLP,XAJ-Base,test,0.6757871203520034,0.6757871203520034,True
11176400,dPL-MLP,XAJ-TGD,train,0.7774326597513475,0.7774326597513475,True
11176400,dPL-MLP,XAJ-TGD,test,0.5793193343787711,0.5793193343787711,True
11176400,dPL-MLP,XAJ-CN,train,0.7702542300338378,0.7702542300338378,True
11176400,dPL-MLP,XAJ-CN,test,0.6259239341081686,0.6259239341081686,True
11230500,IC-CMA-ES,XAJ-Base,train,0.0478001838124447,0.0478001838124447,True
11230500,IC-CMA-ES,XAJ-Base,test,-0.0083681607494823,-0.0083681607494823,True
11230500,IC-CMA-ES,XAJ-TGD,train,0.4202074447212507,0.4202074447212507,True
11230500,IC-CMA-ES,XAJ-TGD,test,0.4591198013893991,0.4591198013893991,True
11230500,IC-CMA-ES,XAJ-CN,train,0.7811831985444841,0.7811831985444841,True
11230500,IC-CMA-ES,XAJ-CN,test,0.4378445957937095,0.4378445957937095,True
11230500,dPL-MLP,XAJ-Base,train,-0.0452025431645199,-0.0452025431645199,True
11230500,dPL-MLP,XAJ-Base,test,0.1063923962588585,0.1063923962588585,True
11230500,dPL-MLP,XAJ-TGD,train,0.3469725551476812,0.3469725551476812,True
11230500,dPL-MLP,XAJ-TGD,test,0.6859537343558153,0.6859537343558153,True
11230500,dPL-MLP,XAJ-CN,train,0.6668636658814053,0.6668636658814053,True
11230500,dPL-MLP,XAJ-CN,test,0.5429961574138739,0.5429961574138739,True
11237500,IC-CMA-ES,XAJ-Base,train,0.2412794568651269,0.2412794568651269,True
11237500,IC-CMA-ES,XAJ-Base,test,0.2355473707629628,0.2355473707629628,True
11237500,IC-CMA-ES,XAJ-TGD,train,0.5338942643295246,0.5338942643295246,True
11237500,IC-CMA-ES,XAJ-TGD,test,0.5817333878408428,0.5817333878408428,True
11237500,IC-CMA-ES,XAJ-CN,train,0.8862449979664042,0.8862449979664042,True
11237500,IC-CMA-ES,XAJ-CN,test,0.7399512998973545,0.7399512998973545,True
11237500,dPL-MLP,XAJ-Base,train,0.200074409459678,0.200074409459678,True
11237500,dPL-MLP,XAJ-Base,test,0.2142740373958858,0.2142740373958858,True
11237500,dPL-MLP,XAJ-TGD,train,0.4937240852768696,0.4937240852768696,True
11237500,dPL-MLP,XAJ-TGD,test,0.5603428340333675,0.5603428340333675,True
11237500,dPL-MLP,XAJ-CN,train,0.6744762645663873,0.6744762645663873,True
11237500,dPL-MLP,XAJ-CN,test,0.814807688943068,0.814807688943068,True
11264500,IC-CMA-ES,XAJ-Base,train,0.2194543735776829,0.2194543735776829,True
11264500,IC-CMA-ES,XAJ-Base,test,0.2882225183353857,0.2882225183353857,True
11264500,IC-CMA-ES,XAJ-TGD,train,0.6610677699662071,0.6610677699662071,True
11264500,IC-CMA-ES,XAJ-TGD,test,0.6555361144877466,0.6555361144877466,True
11264500,IC-CMA-ES,XAJ-CN,train,0.9301507383528492,0.9301507383528492,True
11264500,IC-CMA-ES,XAJ-CN,test,0.8301325417616421,0.8301325417616421,True
11264500,dPL-MLP,XAJ-Base,train,0.2049388354843107,0.2049388354843107,True
11264500,dPL-MLP,XAJ-Base,test,0.2248805588120229,0.2248805588120229,True
11264500,dPL-MLP,XAJ-TGD,train,0.6371840297095896,0.6371840297095896,True
11264500,dPL-MLP,XAJ-TGD,test,0.6565473766207137,0.6565473766207137,True
11264500,dPL-MLP,XAJ-CN,train,0.906676771211894,0.906676771211894,True
11264500,dPL-MLP,XAJ-CN,test,0.8447516759392006,0.8447516759392006,True
11266500,IC-CMA-ES,XAJ-Base,train,0.2936613867456575,0.2936613867456575,True
11266500,IC-CMA-ES,XAJ-Base,test,0.3312020918008217,0.3312020918008217,True
11266500,IC-CMA-ES,XAJ-TGD,train,0.6855802914193125,0.6855802914193125,True
11266500,IC-CMA-ES,XAJ-TGD,test,0.6682137306279257,0.6682137306279257,True
11266500,IC-CMA-ES,XAJ-CN,train,0.9287968545957292,0.9287968545957292,True
11266500,IC-CMA-ES,XAJ-CN,test,0.8532478091515073,0.8532478091515073,True
11266500,dPL-MLP,XAJ-Base,train,0.2774661009397835,0.2774661009397835,True
11266500,dPL-MLP,XAJ-Base,test,0.2754596090833955,0.2754596090833955,True
11266500,dPL-MLP,XAJ-TGD,train,0.672241240355632,0.672241240355632,True
11266500,dPL-MLP,XAJ-TGD,test,0.6623745514576871,0.6623745514576871,True
11266500,dPL-MLP,XAJ-CN,train,0.9016847679566344,0.9016847679566344,True
11266500,dPL-MLP,XAJ-CN,test,0.8734518090547294,0.8734518090547294,True
11284400,IC-CMA-ES,XAJ-Base,train,0.854025189642026,0.854025189642026,True
11284400,IC-CMA-ES,XAJ-Base,test,0.8133563846762616,0.8133563846762616,True
11284400,IC-CMA-ES,XAJ-TGD,train,0.8761228823299175,0.8761228823299175,True
11284400,IC-CMA-ES,XAJ-TGD,test,0.7969104755300442,0.7969104755300442,True
11284400,IC-CMA-ES,XAJ-CN,train,0.8740303677105423,0.8740303677105423,True
11284400,IC-CMA-ES,XAJ-CN,test,0.8278067523331535,0.8278067523331535,True
11284400,dPL-MLP,XAJ-Base,train,0.7493395979386301,0.7493395979386301,True
11284400,dPL-MLP,XAJ-Base,test,0.7860613607230369,0.7860613607230369,True
11284400,dPL-MLP,XAJ-TGD,train,0.732473547666245,0.732473547666245,True
11284400,dPL-MLP,XAJ-TGD,test,0.8071079212009901,0.8071079212009901,True
11284400,dPL-MLP,XAJ-CN,train,0.8104963131176858,0.8104963131176858,True
11284400,dPL-MLP,XAJ-CN,test,0.8213590565420612,0.8213590565420612,True
11381500,IC-CMA-ES,XAJ-Base,train,0.9436242505662036,0.9436242505662036,True
11381500,IC-CMA-ES,XAJ-Base,test,0.7356473819369274,0.7356473819369274,True
11381500,IC-CMA-ES,XAJ-TGD,train,0.9436517130921412,0.9436517130921412,True
11381500,IC-CMA-ES,XAJ-TGD,test,0.7356761168210268,0.7356761168210268,True
11381500,IC-CMA-ES,XAJ-CN,train,0.9330911353966076,0.9330911353966076,True
11381500,IC-CMA-ES,XAJ-CN,test,0.7268320803715776,0.7268320803715776,True
11381500,dPL-MLP,XAJ-Base,train,0.8831462115724833,0.8831462115724833,True
11381500,dPL-MLP,XAJ-Base,test,0.8037961588110354,0.8037961588110354,True
11381500,dPL-MLP,XAJ-TGD,train,0.9116015803917028,0.9116015803917028,True
11381500,dPL-MLP,XAJ-TGD,test,0.7662225329981917,0.7662225329981917,True
11381500,dPL-MLP,XAJ-CN,train,0.8686000851258373,0.8686000851258373,True
11381500,dPL-MLP,XAJ-CN,test,0.7709742675479528,0.7709742675479528,True
11451100,IC-CMA-ES,XAJ-Base,train,0.8584714820787294,0.8584714820787294,True
11451100,IC-CMA-ES,XAJ-Base,test,0.6925965695371386,0.6925965695371386,True
11451100,IC-CMA-ES,XAJ-TGD,train,0.8625814628910009,0.8625814628910009,True
11451100,IC-CMA-ES,XAJ-TGD,test,0.6913481809080195,0.6913481809080195,True
11451100,IC-CMA-ES,XAJ-CN,train,0.8565284868774825,0.8565284868774825,True
11451100,IC-CMA-ES,XAJ-CN,test,0.6798687047741938,0.6798687047741938,True
11451100,dPL-MLP,XAJ-Base,train,0.6868065944565755,0.6868065944565755,True
11451100,dPL-MLP,XAJ-Base,test,0.8208682961583862,0.8208682961583862,True
11451100,dPL-MLP,XAJ-TGD,train,0.6490418524498807,0.6490418524498807,True
11451100,dPL-MLP,XAJ-TGD,test,0.7924642523769089,0.7924642523769089,True
11451100,dPL-MLP,XAJ-CN,train,0.6741671458296334,0.6741671458296334,True
11451100,dPL-MLP,XAJ-CN,test,0.8035183192397097,0.8035183192397097,True
11468500,IC-CMA-ES,XAJ-Base,train,0.937485447242888,0.937485447242888,True
11468500,IC-CMA-ES,XAJ-Base,test,0.8222653586690752,0.8222653586690752,True
11468500,IC-CMA-ES,XAJ-TGD,train,0.9382042378143493,0.9382042378143493,True
11468500,IC-CMA-ES,XAJ-TGD,test,0.8248214203705495,0.8248214203705495,True
11468500,IC-CMA-ES,XAJ-CN,train,0.9386376865444082,0.9386376865444082,True
11468500,IC-CMA-ES,XAJ-CN,test,0.8260854258800694,0.8260854258800694,True
11468500,dPL-MLP,XAJ-Base,train,0.884818684699437,0.884818684699437,True
11468500,dPL-MLP,XAJ-Base,test,0.8866043843224178,0.8866043843224178,True
11468500,dPL-MLP,XAJ-TGD,train,0.8593091831294096,0.8593091831294096,True
11468500,dPL-MLP,XAJ-TGD,test,0.906083150681833,0.906083150681833,True
11468500,dPL-MLP,XAJ-CN,train,0.775595563128786,0.775595563128786,True
11468500,dPL-MLP,XAJ-CN,test,0.8777028649233427,0.8777028649233427,True
11473900,IC-CMA-ES,XAJ-Base,train,0.90989097450572,0.90989097450572,True
11473900,IC-CMA-ES,XAJ-Base,test,0.8341879844009108,0.8341879844009108,True
11473900,IC-CMA-ES,XAJ-TGD,train,0.919144001310862,0.919144001310862,True
11473900,IC-CMA-ES,XAJ-TGD,test,0.8480660976054432,0.8480660976054432,True
11473900,IC-CMA-ES,XAJ-CN,train,0.9252898491293936,0.9252898491293936,True
11473900,IC-CMA-ES,XAJ-CN,test,0.7496347077661754,0.7496347077661754,True
11473900,dPL-MLP,XAJ-Base,train,0.8762097626255733,0.8762097626255733,True
11473900,dPL-MLP,XAJ-Base,test,0.780269346582113,0.780269346582113,True
11473900,dPL-MLP,XAJ-TGD,train,0.8970258863570839,0.8970258863570839,True
11473900,dPL-MLP,XAJ-TGD,test,0.8038727616990949,0.8038727616990949,True
11473900,dPL-MLP,XAJ-CN,train,0.8817839418327463,0.8817839418327463,True
11473900,dPL-MLP,XAJ-CN,test,0.7146520852080568,0.7146520852080568,True
11475560,IC-CMA-ES,XAJ-Base,train,0.943889541596707,0.943889541596707,True
11475560,IC-CMA-ES,XAJ-Base,test,0.691745834619493,0.691745834619493,True
11475560,IC-CMA-ES,XAJ-TGD,train,0.944036507746542,0.944036507746542,True
11475560,IC-CMA-ES,XAJ-TGD,test,0.6928584518836182,0.6928584518836182,True
11475560,IC-CMA-ES,XAJ-CN,train,0.9461056926117828,0.9461056926117828,True
11475560,IC-CMA-ES,XAJ-CN,test,0.6697410569823488,0.6697410569823488,True
11475560,dPL-MLP,XAJ-Base,train,0.9131802864797728,0.9131802864797728,True
11475560,dPL-MLP,XAJ-Base,test,0.6521032772387303,0.6521032772387303,True
11475560,dPL-MLP,XAJ-TGD,train,0.909614587931822,0.909614587931822,True
11475560,dPL-MLP,XAJ-TGD,test,0.6491598454104593,0.6491598454104593,True
11475560,dPL-MLP,XAJ-CN,train,0.866859710512424,0.866859710512424,True
11475560,dPL-MLP,XAJ-CN,test,0.5993301492357714,0.5993301492357714,True
11476600,IC-CMA-ES,XAJ-Base,train,0.8288569854803016,0.8288569854803016,True
11476600,IC-CMA-ES,XAJ-Base,test,0.8216842176217396,0.8216842176217396,True
11476600,IC-CMA-ES,XAJ-TGD,train,0.83045260582784,0.83045260582784,True
11476600,IC-CMA-ES,XAJ-TGD,test,0.8262088199668297,0.8262088199668297,True
11476600,IC-CMA-ES,XAJ-CN,train,0.8291902733983478,0.8291902733983478,True
11476600,IC-CMA-ES,XAJ-CN,test,0.825197498162271,0.825197498162271,True
11476600,dPL-MLP,XAJ-Base,train,0.7038653740868696,0.7038653740868696,True
11476600,dPL-MLP,XAJ-Base,test,0.7467374440115702,0.7467374440115702,True
11476600,dPL-MLP,XAJ-TGD,train,0.6626662951738066,0.6626662951738066,True
11476600,dPL-MLP,XAJ-TGD,test,0.7110609414947244,0.7110609414947244,True
11476600,dPL-MLP,XAJ-CN,train,0.6537931086065351,0.6537931086065351,True
11476600,dPL-MLP,XAJ-CN,test,0.6986055023435441,0.6986055023435441,True
11478500,IC-CMA-ES,XAJ-Base,train,0.8946568343905242,0.8946568343905242,True
11478500,IC-CMA-ES,XAJ-Base,test,0.6722299071578325,0.6722299071578325,True
11478500,IC-CMA-ES,XAJ-TGD,train,0.8974425069202312,0.8974425069202312,True
11478500,IC-CMA-ES,XAJ-TGD,test,0.6730598984251226,0.6730598984251226,True
11478500,IC-CMA-ES,XAJ-CN,train,0.9068498270496048,0.9068498270496048,True
11478500,IC-CMA-ES,XAJ-CN,test,0.6548998692163757,0.6548998692163757,True
11478500,dPL-MLP,XAJ-Base,train,0.8695390434271681,0.8695390434271681,True
11478500,dPL-MLP,XAJ-Base,test,0.652505886628238,0.652505886628238,True
11478500,dPL-MLP,XAJ-TGD,train,0.8855954720494342,0.8855954720494342,True
11478500,dPL-MLP,XAJ-TGD,test,0.6667594023977244,0.6667594023977244,True
11478500,dPL-MLP,XAJ-CN,train,0.8762450063610061,0.8762450063610061,True
11478500,dPL-MLP,XAJ-CN,test,0.6152624821236659,0.6152624821236659,True
11480390,IC-CMA-ES,XAJ-Base,train,0.8607716669675313,0.8607716669675313,True
11480390,IC-CMA-ES,XAJ-Base,test,0.5822679255379093,0.5822679255379093,True
11480390,IC-CMA-ES,XAJ-TGD,train,0.8637772199790831,0.8637772199790831,True
11480390,IC-CMA-ES,XAJ-TGD,test,0.5791480386831138,0.5791480386831138,True
11480390,IC-CMA-ES,XAJ-CN,train,0.8206837769854146,0.8206837769854146,True
11480390,IC-CMA-ES,XAJ-CN,test,0.5018675162319637,0.5018675162319637,True
11480390,dPL-MLP,XAJ-Base,train,0.8355695002713265,0.8355695002713265,True
11480390,dPL-MLP,XAJ-Base,test,0.6196925474308538,0.6196925474308538,True
11480390,dPL-MLP,XAJ-TGD,train,0.764574497187906,0.764574497187906,True
11480390,dPL-MLP,XAJ-TGD,test,0.7276480283016816,0.7276480283016816,True
11480390,dPL-MLP,XAJ-CN,train,0.8005734845871323,0.8005734845871323,True
11480390,dPL-MLP,XAJ-CN,test,0.5040793351624617,0.5040793351624617,True
11481200,IC-CMA-ES,XAJ-Base,train,0.9031086904181532,0.9031086904181532,True
11481200,IC-CMA-ES,XAJ-Base,test,0.8499825081657957,0.8499825081657957,True
11481200,IC-CMA-ES,XAJ-TGD,train,0.903353717415326,0.903353717415326,True
11481200,IC-CMA-ES,XAJ-TGD,test,0.8461142910728556,0.8461142910728556,True
11481200,IC-CMA-ES,XAJ-CN,train,0.9035666573027636,0.9035666573027636,True
11481200,IC-CMA-ES,XAJ-CN,test,0.854301784205169,0.854301784205169,True
11481200,dPL-MLP,XAJ-Base,train,0.8736983097210391,0.8736983097210391,True
11481200,dPL-MLP,XAJ-Base,test,0.7806321921759469,0.7806321921759469,True
11481200,dPL-MLP,XAJ-TGD,train,0.837735323494682,0.837735323494682,True
11481200,dPL-MLP,XAJ-TGD,test,0.7369054548080501,0.7369054548080501,True
11481200,dPL-MLP,XAJ-CN,train,0.8345752182969515,0.8345752182969515,True
11481200,dPL-MLP,XAJ-CN,test,0.7330871649016548,0.7330871649016548,True
11482500,IC-CMA-ES,XAJ-Base,train,0.9388910607439808,0.9388910607439808,True
11482500,IC-CMA-ES,XAJ-Base,test,0.7775505089774897,0.7775505089774897,True
11482500,IC-CMA-ES,XAJ-TGD,train,0.940093780451965,0.940093780451965,True
11482500,IC-CMA-ES,XAJ-TGD,test,0.7788803020021398,0.7788803020021398,True
11482500,IC-CMA-ES,XAJ-CN,train,0.9404980371462784,0.9404980371462784,True
11482500,IC-CMA-ES,XAJ-CN,test,0.7799146331254464,0.7799146331254464,True
11482500,dPL-MLP,XAJ-Base,train,0.9086674535450489,0.9086674535450489,True
11482500,dPL-MLP,XAJ-Base,test,0.7286447316409332,0.7286447316409332,True
11482500,dPL-MLP,XAJ-TGD,train,,,True
11482500,dPL-MLP,XAJ-TGD,test,,,True
11482500,dPL-MLP,XAJ-CN,train,0.8616779943351648,0.8616779943351648,True
11482500,dPL-MLP,XAJ-CN,test,0.6883355664786268,0.6883355664786268,True
11522500,IC-CMA-ES,XAJ-Base,train,0.8448684884589835,0.8448684884589835,True
11522500,IC-CMA-ES,XAJ-Base,test,0.7538720569029316,0.7538720569029316,True
11522500,IC-CMA-ES,XAJ-TGD,train,0.8636397305711513,0.8636397305711513,True
11522500,IC-CMA-ES,XAJ-TGD,test,0.7534466280889506,0.7534466280889506,True
11522500,IC-CMA-ES,XAJ-CN,train,0.8964926631007628,0.8964926631007628,True
11522500,IC-CMA-ES,XAJ-CN,test,0.7343047405687024,0.7343047405687024,True
11522500,dPL-MLP,XAJ-Base,train,0.8364075430930342,0.8364075430930342,True
11522500,dPL-MLP,XAJ-Base,test,0.7259488499029714,0.7259488499029714,True
11522500,dPL-MLP,XAJ-TGD,train,0.830991569720597,0.830991569720597,True
11522500,dPL-MLP,XAJ-TGD,test,0.6987964836249262,0.6987964836249262,True
11522500,dPL-MLP,XAJ-CN,train,0.8533469103582325,0.8533469103582325,True
11522500,dPL-MLP,XAJ-CN,test,0.8043738240738378,0.8043738240738378,True
11523200,IC-CMA-ES,XAJ-Base,train,0.5777522722608932,0.5777522722608932,True
11523200,IC-CMA-ES,XAJ-Base,test,0.5130016530672894,0.5130016530672894,True
11523200,IC-CMA-ES,XAJ-TGD,train,0.59707959570424,0.59707959570424,True
11523200,IC-CMA-ES,XAJ-TGD,test,0.5288003865070541,0.5288003865070541,True
11523200,IC-CMA-ES,XAJ-CN,train,0.7487372307849623,0.7487372307849623,True
11523200,IC-CMA-ES,XAJ-CN,test,0.7593609670902202,0.7593609670902202,True
11523200,dPL-MLP,XAJ-Base,train,0.5054484500916235,0.5054484500916235,True
11523200,dPL-MLP,XAJ-Base,test,0.4812472489272541,0.4812472489272541,True
11523200,dPL-MLP,XAJ-TGD,train,0.4603147084673616,0.4603147084673616,True
11523200,dPL-MLP,XAJ-TGD,test,0.5058607979308353,0.5058607979308353,True
11523200,dPL-MLP,XAJ-CN,train,0.710110147227714,0.710110147227714,True
11523200,dPL-MLP,XAJ-CN,test,0.7231838856850081,0.7231838856850081,True
11528700,IC-CMA-ES,XAJ-Base,train,0.8844967998149834,0.8844967998149834,True
11528700,IC-CMA-ES,XAJ-Base,test,0.5689306624907154,0.5689306624907154,True
11528700,IC-CMA-ES,XAJ-TGD,train,0.8889649473780725,0.8889649473780725,True
11528700,IC-CMA-ES,XAJ-TGD,test,0.5645770153246568,0.5645770153246568,True
11528700,IC-CMA-ES,XAJ-CN,train,0.8685555825885226,0.8685555825885226,True
11528700,IC-CMA-ES,XAJ-CN,test,0.5302581673934246,0.5302581673934246,True
11528700,dPL-MLP,XAJ-Base,train,0.8085330624479783,0.8085330624479783,True
11528700,dPL-MLP,XAJ-Base,test,0.5930812388221139,0.5930812388221139,True
11528700,dPL-MLP,XAJ-TGD,train,0.7977026350299973,0.7977026350299973,True
11528700,dPL-MLP,XAJ-TGD,test,0.6371792849336451,0.6371792849336451,True
11528700,dPL-MLP,XAJ-CN,train,0.7464895184445139,0.7464895184445139,True
11528700,dPL-MLP,XAJ-CN,test,0.4822837468207297,0.4822837468207297,True
11532500,IC-CMA-ES,XAJ-Base,train,0.8619688139667021,0.8619688139667021,True
11532500,IC-CMA-ES,XAJ-Base,test,0.8820785851200018,0.8820785851200018,True
11532500,IC-CMA-ES,XAJ-TGD,train,0.860125825211654,0.860125825211654,True
11532500,IC-CMA-ES,XAJ-TGD,test,0.8813684867524267,0.8813684867524267,True
11532500,IC-CMA-ES,XAJ-CN,train,0.8721761081941147,0.8721761081941147,True
11532500,IC-CMA-ES,XAJ-CN,test,0.8854992479233789,0.8854992479233789,True
11532500,dPL-MLP,XAJ-Base,train,0.8114249171759793,0.8114249171759793,True
11532500,dPL-MLP,XAJ-Base,test,0.8308963877858475,0.8308963877858475,True
11532500,dPL-MLP,XAJ-TGD,train,0.7834942419548147,0.7834942419548147,True
11532500,dPL-MLP,XAJ-TGD,test,0.7956982498711767,0.7956982498711767,True
11532500,dPL-MLP,XAJ-CN,train,0.8380344921316829,0.8380344921316829,True
11532500,dPL-MLP,XAJ-CN,test,0.8557166963049851,0.8557166963049851,True
