stratum,doy_wy,obs,ic_base,ic_tgd,ic_cn,dpl_base,dpl_tgd,dpl_cn
S1,0,0.0014911845691587236,0.0018098198676880918,0.0018526580610978114,0.0018459053233506075,0.0017691188417100323,0.0017992041643601533,0.00182223755859531
S1,1,0.002881922762289954,0.0034099587769404367,0.0034340588442684215,0.003363699172639715,0.0033863591007862077,0.0034425037716044014,0.00348415823962648
S1,2,0.004169352422463945,0.004763249749904327,0.004794395851307134,0.0046916036424948775,0.004798505573897784,0.0048833514144820305,0.004941586534355529
S1,3,0.005485556696863679,0.006138990513095688,0.006187534530260522,0.006078276758271305,0.006176493148718678,0.006293670683632225,0.006370439244838878
S1,4,0.007044186333376313,0.007608046275725531,0.007677721482413973,0.007561929400628868,0.007642866169118371,0.007786528899140934,0.00787925787919313
S1,5,0.008655980611753914,0.009749387393892516,0.00992311781145952,0.009856922215538872,0.009766271733768117,0.009958702561765355,0.010032271316375458
S1,6,0.010191792631906444,0.011797607110040758,0.011946694602935253,0.011851692797166092,0.011788704628864811,0.012041921530305482,0.012110077305171774
S1,7,0.011944688770989259,0.014209373277644329,0.014393729983568795,0.014278855862640395,0.01405752358156731,0.014333669862810212,0.01445508196120692
S1,8,0.013950326386671496,0.017480409642133463,0.017595187701231422,0.01757762665144415,0.017012920620079825,0.017300626290863985,0.01746440511547103
S1,9,0.015690102302705566,0.020064546150886785,0.020115570898482642,0.020092323839978478,0.01953431422366984,0.01985468091918521,0.020045065722211135
S1,10,0.017492605829373453,0.022567995726972497,0.022600377887913754,0.022560685447636387,0.02191113456265582,0.022296244998630022,0.022482271284418844
S1,11,0.019313977584487847,0.025096645844574092,0.025285226236530157,0.025098846196553618,0.024289079336335128,0.024756128755663184,0.024907638313962782
S1,12,0.02114997920425811,0.0276589084106867,0.027836440907287804,0.027600400939959344,0.02668003252207775,0.02725287917554133,0.027380844437750462
S1,13,0.02333298505727583,0.030676195093666776,0.030924782394419467,0.03075165556833261,0.02933821590691114,0.029981818368647963,0.030118430943669783
S1,14,0.02488792099916836,0.03266573864511757,0.03293228344352426,0.032753964486492836,0.031367302357409844,0.03206710888004568,0.03218909582554353
S1,15,0.02642401453194894,0.03466805671366257,0.0349179923941586,0.03474291838584752,0.033318927242028264,0.034061122552626145,0.034175505889645665
S1,16,0.02856858074383748,0.03686823246663067,0.03718187171194436,0.03697200914594438,0.035309429984919906,0.03608965587092279,0.03622557217282583
S1,17,0.031108535067162654,0.04004139001466912,0.0402610771838494,0.04026697605054588,0.03810637095604042,0.0389477897380307,0.039075598208666656
S1,18,0.033178466225593575,0.042545804228069715,0.04273137354504793,0.042815725390742326,0.040402132614725327,0.04129576366675148,0.0414277085503063
S1,19,0.034915959707452496,0.04461562569462068,0.044821716111911464,0.04493147045194742,0.042365437416467124,0.043298496523327436,0.04344257691269682
S1,20,0.036371632364058715,0.04629210075443106,0.04654347249662645,0.04663642091207884,0.044032267150480024,0.04500158829672998,0.04515127208984308
S1,21,0.03815924211782377,0.04863539042062462,0.04905463046358232,0.049231724338057815,0.0461722480352719,0.047198008048277174,0.04731615829010308
S1,22,0.039906398114213114,0.050942224894023724,0.051466471608283826,0.05151980541568259,0.048329189264187916,0.04940629381514611,0.049497499029097815
S1,23,0.04177917789232578,0.0533307771822909,0.05402819977038486,0.0539767789661945,0.05046231460804923,0.05157356401949186,0.051680249738249306
S1,24,0.04336691456721175,0.05559748623928057,0.05628822235032793,0.05622459158504514,0.052513765754346096,0.05363885399622326,0.05378903437658386
S1,25,0.045068344787194986,0.057953432609404484,0.05870746867335402,0.0586365802953046,0.05476751138521018,0.055953579600044025,0.05609733369939948
S1,26,0.04701353703335631,0.060586077966461406,0.06137921828461309,0.06134150099867581,0.05718175432121356,0.05840959967876025,0.058564954103877846
S1,27,0.04961245306961414,0.06351383109329518,0.06442032260702517,0.06442301538252823,0.05988222618883573,0.061177621479729744,0.061327279597321205
S1,28,0.05139224047593105,0.06584779539612072,0.06681623902410527,0.06684616970330805,0.06221669729217639,0.06359027740486221,0.06370926125355895
S1,29,0.05326374129335761,0.06817288227847093,0.06916976841471122,0.06927757142432185,0.06448340003862409,0.06592176509587418,0.06600883212652979
S1,30,0.05495638031789825,0.07034187222939049,0.0713489711780132,0.07151477657110467,0.06660006197092105,0.06808203787981923,0.06816590320203568
S1,31,0.05661539399767316,0.07300510739970618,0.0739772776858522,0.0741415710797848,0.06903966131486618,0.0705493161162679,0.07062435792411809
S1,32,0.058278251098884515,0.07528793630420796,0.07625125085480518,0.07642492721986968,0.07124338882480682,0.07275389756217367,0.07286360980211684
S1,33,0.05998950434737414,0.07747678875523353,0.07849911201083014,0.07862833029992122,0.07338385331171415,0.0749027717958697,0.07504528809936517
S1,34,0.06192070145658737,0.07990913446054032,0.08095468864114565,0.08109243758022086,0.07573309662833934,0.07728721943919503,0.07743271118697674
S1,35,0.06390707526498755,0.082317025134113,0.08335039346874358,0.0835596159652728,0.07815166842903143,0.07972997118833393,0.07986678068020697
S1,36,0.0661532495076985,0.08534704089190998,0.08626590068962688,0.08648293144919668,0.08094750345650838,0.08254929078491392,0.08265981359870765
S1,37,0.06833416034333116,0.0878449252997894,0.08875398196738501,0.08900938401330166,0.08349957995303268,0.08506322687318861,0.08523813826408182
S1,38,0.07025298203059406,0.09007303218189273,0.09096718882401125,0.09126845397238417,0.08573437869932883,0.08726561491087419,0.08751592260025444
S1,39,0.0719223477389609,0.09193397223615243,0.09288202979258207,0.0931651232047278,0.08763365140265629,0.08919428515520884,0.08943621917612404
S1,40,0.07348687846783274,0.09369045095733099,0.09467303400793219,0.09493310329723124,0.08939655638439059,0.09100086264584424,0.09122203183797038
S1,41,0.07542198572707846,0.0959139720639639,0.09694365387210156,0.09719669785273058,0.09154660980636391,0.09318589233395967,0.09341400156382346
S1,42,0.07736932603144263,0.09829814581123243,0.09933081669301387,0.09957878846820312,0.0938432651590327,0.09550831974265994,0.09573297969756149
S1,43,0.07962813932582918,0.10157875011350609,0.10261022709129355,0.10273232990679373,0.09678296357284434,0.09849966895161982,0.09870139911165375
S1,44,0.08190533459200561,0.10429041841523322,0.10532602493773828,0.10539602232729638,0.0994354671007356,0.10115461043089535,0.10139060285408652
S1,45,0.08529446557654506,0.1074238234148878,0.10836851657627923,0.10854287309764028,0.10244983354914712,0.10416272640394612,0.10445196025900706
S1,46,0.08808500640843783,0.11100223673976749,0.1119986430108905,0.11200058133816526,0.10582661116957605,0.10762518867506597,0.1078535619757663
S1,47,0.09147536976183153,0.11515744717232947,0.11634690772619258,0.11614921794929023,0.10946692803262419,0.11134538085422967,0.11150837275796587
S1,48,0.09407842042979393,0.11834190729997016,0.1194889420582239,0.11939533672980687,0.11242097530163549,0.11428336955946643,0.1144828975241788
S1,49,0.0965700675247078,0.1211865260822265,0.12230023251648113,0.12223627159552598,0.11513901987163289,0.1169390506664057,0.11721521823766146
S1,50,0.09859241512252441,0.12345437650703572,0.12458578190068147,0.12455140702601254,0.11739752885773143,0.11918876514147486,0.11949377240433283
S1,51,0.10079229609560877,0.12573024271523672,0.12688790743564113,0.12683657311806967,0.1196322404598454,0.12143967615968393,0.12175999806901833
S1,52,0.10341853077137424,0.12865916981459533,0.1298120204458547,0.12975197613106115,0.12233394370164795,0.12419099212690898,0.12448542358831516
S1,53,0.1057999741244804,0.13144463121231786,0.13268701138762093,0.13255667860241438,0.12499061567417752,0.1269111384864523,0.12715587415070204
S1,54,0.1087862461751644,0.1352573037896218,0.13651651224582972,0.13644208733549826,0.1285984915827832,0.13053530122357057,0.13078024171570693
S1,55,0.11166000403621762,0.13900669988299172,0.1399707747013568,0.14006332263971863,0.13222152153640673,0.13391140823278652,0.1342999378497862
S1,56,0.11411416345127998,0.1419494415929452,0.14294334067007788,0.14302874539375518,0.13521132739887567,0.1368378466134789,0.13726477252298286
S1,57,0.11627089742825916,0.14442220413030077,0.14552870267573698,0.14554807514679194,0.13769384081823155,0.1393869927781313,0.1397463683653872
S1,58,0.1183607020167242,0.14697141394718702,0.1481817565618239,0.1481146163577101,0.1401450019910472,0.14184359069159028,0.14216842501838298
S1,59,0.12079555770875972,0.14997653163935085,0.15115977246953172,0.15107703433097658,0.14297199994153056,0.14459383042990906,0.14495728820446416
S1,60,0.123434865237951,0.1532082127770006,0.15448011222613184,0.15431609305747673,0.14610618676366127,0.1477771289979216,0.14811332321348425
S1,61,0.12647643119855584,0.1569992244959664,0.15826320665771745,0.1579570007153806,0.14948298971936516,0.1511429309833199,0.15142806276959256
S1,62,0.12915742887957135,0.16002532392421345,0.1612315650114953,0.16090774894789547,0.15248986849651192,0.15410771406346643,0.15442301486678223
S1,63,0.13181547139604982,0.16295993265644762,0.16418295756624168,0.163838696655413,0.15541475245197575,0.15702778113036486,0.15733842927686856
S1,64,0.13404081288070618,0.16562448381771122,0.1668477833459298,0.1664225995983017,0.15803218753129988,0.1595664341663929,0.15987205584532063
S1,65,0.13629374929122906,0.16861512450677527,0.1697019349316155,0.16916860145018475,0.16085183529178249,0.16220642073257474,0.16254906575694764
S1,66,0.1385355437548275,0.17114208628453426,0.17218931071089566,0.1716276015937854,0.16338644731408467,0.16467073032214385,0.1650153008208786
S1,67,0.1407592200969032,0.1736494141506582,0.17469648543611127,0.17406132774772384,0.16592400013668204,0.16720628529307416,0.16750696400993006
S1,68,0.1431906038138696,0.17643473543630628,0.1774306567308445,0.17672442494814655,0.16865546626624184,0.16991939120303567,0.170179484206369
S1,69,0.14588505877009816,0.1796080081724682,0.18052115238175215,0.1798051769126204,0.17180667678164574,0.17300985656793944,0.1732687960797088
S1,70,0.14884303036672303,0.1831366728303528,0.1840006857637982,0.18327952426578836,0.1751653925999859,0.17638127278834312,0.17663037560006842
S1,71,0.1519460380569054,0.18666503311999624,0.1874937896483744,0.18682791024456216,0.17856132901869973,0.17977482797960662,0.18005334312587895
S1,72,0.15521661663241534,0.19060142275388037,0.19138454002297564,0.19071763424071875,0.1822729289867938,0.1834482902966155,0.18375332623855947
S1,73,0.15881183405241628,0.1948267129932342,0.19555753981324683,0.19484078107642583,0.18634662662155177,0.18741627755443405,0.18774722055199175
S1,74,0.16255367564234238,0.19906530202891265,0.19972198916703948,0.19892989423862326,0.19051736675963502,0.19145770589470176,0.19180592078487155
S1,75,0.16630390746379034,0.203155553266897,0.20380337502977383,0.2028888891334344,0.1945241478961082,0.19537053703096086,0.1956588866479402
S1,76,0.1703257300251771,0.20758349865762135,0.20814218935535928,0.20701799186626155,0.19877355973791574,0.19954738251913484,0.19965431425085692
S1,77,0.173868659756704,0.2114506726409502,0.21205059221580222,0.21080179504030866,0.2025459537376623,0.2034026730005821,0.20341696382726218
S1,78,0.17689142733122779,0.21468328361892278,0.21539414491196954,0.2139228660815189,0.2056723087918779,0.2066168185386811,0.20653713666598025
S1,79,0.17974881477961394,0.21785007451993785,0.21851107126912345,0.21696012243536536,0.20877416556999104,0.20970484290225547,0.20951580884981036
S1,80,0.1825529106474495,0.22087182934362093,0.22148739360045192,0.21986686945589726,0.21168204695292073,0.21259558013399957,0.21235222785720265
S1,81,0.185260495961383,0.2242081210678488,0.22472566712680922,0.22306865839839968,0.2147681745584795,0.2156604169405986,0.21540204798331472
S1,82,0.18810638832355203,0.22745224851287124,0.2279442396058738,0.22612430953572682,0.2178082303799962,0.21862137395922895,0.21836734526767798
S1,83,0.19094312737141256,0.23064506283350886,0.23108169608629148,0.22909671907028165,0.22090699998028687,0.2216223772392223,0.2213436707323917
S1,84,0.1945794322310699,0.23479516652555874,0.23507849361422123,0.23289756457473879,0.22493449741641655,0.22541141999745626,0.22506436929478266
S1,85,0.19841856537261301,0.2391372043745772,0.2393403649725734,0.23702213764840938,0.22918317845517952,0.22948885379394754,0.22906721877145475
S1,86,0.20225450774717071,0.24315823394245079,0.2431277317875362,0.240786426773195,0.23314571855675034,0.23314238814317548,0.23276539659281445
S1,87,0.2054332230779349,0.2467305290643663,0.24658993946567517,0.24404299596653065,0.23670651970593282,0.23654351151095954,0.23606086088650358
S1,88,0.20864651587571906,0.25009825222932175,0.24996897894913206,0.24735035085692883,0.24004582497962032,0.2398763798354384,0.2393085085197443
S1,89,0.21200530866436387,0.2535491692070748,0.2534987703559663,0.2508027334801103,0.2434098979210326,0.24331275618204906,0.24268536785428096
S1,90,0.21551037195273906,0.25711197931449536,0.25705331262975417,0.2542812738246346,0.24680010776588887,0.24682109593875526,0.24613147295272994
S1,91,0.21953721173499469,0.2612434989309788,0.26119506900828976,0.258381254241803,0.2506928874950934,0.25079667938973427,0.25009261616125067
S1,92,0.22339913758833327,0.26503612621623884,0.2649937386071107,0.2621260885189843,0.25437762365723715,0.2544933062719436,0.25378759863826006
S1,93,0.22724859740487294,0.26887024716492425,0.2688247984478718,0.2657677509683118,0.25805879722075703,0.25813010050478075,0.25731759808166094
S1,94,0.231150887294375,0.2727004377916742,0.2726357115972235,0.2693568265045943,0.26168453715259776,0.26171722264288005,0.2607699442734041
S1,95,0.2348364283777219,0.2763435150743911,0.2762795223381754,0.27288084409993413,0.265185939560771,0.2651891031099221,0.2642011664274834
S1,96,0.23840241639473164,0.2800809053729454,0.27995477681848774,0.27651160171867173,0.2688191587979554,0.26876086137254557,0.2677587408127457
S1,97,0.24218025275989738,0.28396577113706284,0.28378444224913174,0.2802800809930739,0.2726622488023371,0.2725372059884952,0.2715004770704453
S1,98,0.2465547777480207,0.28862387682192153,0.288346450387066,0.2848196689819618,0.27718129988129525,0.27695464908249473,0.2758692216100075
S1,99,0.25119840906660923,0.2934083257517292,0.2930691844228649,0.2895371157701884,0.2817642582578493,0.28147340308193575,0.28036027410598413
S1,100,0.2550841536811352,0.2973800413497608,0.2969707486576187,0.2934611389694181,0.28566271589096043,0.285372577127237,0.28419434426200374
S1,101,0.25865226739262753,0.3010270993793777,0.3006252444829116,0.2971832277948654,0.2892746396218469,0.2890386609833146,0.28787216176293356
S1,102,0.2620248580296452,0.304408717596364,0.30394747963974517,0.30052613431143355,0.29260551058122136,0.29235594587561575,0.2912399162677361
S1,103,0.26491529198325914,0.3072510843423632,0.3067846484256725,0.3033910073876405,0.2954507569616898,0.29522644959989547,0.29413111529057595
S1,104,0.2681100129961855,0.31037155835475766,0.30986750274513575,0.30651102100703,0.298536017194244,0.298266375875613,0.29724973340658084
S1,105,0.2717868982260029,0.3140804563019368,0.31344258235554073,0.3100127399821637,0.302095681342527,0.30166923926325095,0.3006950247746092
S1,106,0.2751610917216903,0.31749229937733353,0.3168085750502201,0.3133307255568648,0.305435832080718,0.30493904618979173,0.3039836140689056
S1,107,0.27834877354437565,0.32068425781033,0.32009855631243617,0.3164538894526112,0.3086249521883404,0.3081768510311607,0.3071465331998813
S1,108,0.28168456312459395,0.324309079458226,0.32368247585272275,0.3200315307248288,0.3121423299710672,0.31172827092578675,0.310695921402594
S1,109,0.2850927089169654,0.32794563475813515,0.32722305409541713,0.3236062728558744,0.31568798570409146,0.31525584213871477,0.31426696197320175
S1,110,0.2885462773122974,0.3315693492679617,0.33068545404646554,0.32716055352408413,0.31918427552426243,0.31870343572477905,0.31779943653831433
S1,111,0.29215620948238064,0.3354221145006709,0.33433735553409183,0.3307139838646788,0.3228550222578163,0.32222437424339695,0.3213159888916192
S1,112,0.2962272300356343,0.33925106257262755,0.33816659005165606,0.3343525671561215,0.32641296947988796,0.32576149982428904,0.32480936631625884
S1,113,0.3002109251522733,0.3435938299876723,0.34254730981708426,0.33861861545799987,0.330513802468623,0.32973336902134726,0.3288663190686303
S1,114,0.30466935508888227,0.3485304142453484,0.3474052598052813,0.34337133642502043,0.335143331931254,0.33423944132241107,0.3334369706534724
S1,115,0.30925214069771373,0.3533966365414561,0.35222609766222296,0.3480474381550152,0.33968669265224416,0.338812441723316,0.33796098449735695
S1,116,0.31402768263296515,0.3584294536855035,0.35724934404564,0.3528971836821062,0.34451223701612865,0.3436773808580466,0.34269987230316984
S1,117,0.3179936406317885,0.362384330112267,0.36124926709963817,0.35673038757282266,0.34841863539217893,0.3476434349985413,0.34654660039245844
S1,118,0.3219363062919645,0.36596884938481083,0.36488615301933386,0.36019725879961895,0.35213061551096064,0.35135626315697155,0.3501422817199009
S1,119,0.3256984815701496,0.37024217539460536,0.36896074897883957,0.3642639408921589,0.3564722599759686,0.3554036708379833,0.3542041290139775
S1,120,0.32959979680684526,0.3746205702939315,0.37315875542145654,0.3684083784464217,0.3608324944297026,0.35954926993029174,0.3583691783979048
S1,121,0.33354744291301813,0.37891373778677406,0.37728194707326645,0.3723015080745633,0.3651385432574427,0.36362704249957517,0.36234754128399693
S1,122,0.33766182398731137,0.3832701909776372,0.3815168945224546,0.37627207612935637,0.36943825993402396,0.36773935494329685,0.36625195087279455
S1,123,0.34172391720361145,0.3876591047166173,0.3858028009668552,0.38035858095128156,0.37372469630176336,0.3719497218809633,0.3702735138077568
S1,124,0.34572490839432884,0.3918409807913865,0.389889726771998,0.3843514317270181,0.37784184113697655,0.3760531788716568,0.37427285177446984
S1,125,0.34975039984334794,0.39600327163306553,0.39403181400873777,0.3885007135519723,0.38198930941103754,0.3802079180269091,0.3783611121459705
S1,126,0.3538537792133347,0.40029896709346463,0.39815795808029475,0.39285847539177404,0.38626395576522793,0.3844282786229913,0.38266636113674674
S1,127,0.35811536701519125,0.40436340862527964,0.40213553555972714,0.3968718965827708,0.3904141358154205,0.3884718199904799,0.3867038676631321
S1,128,0.36255644931394193,0.4086900011641146,0.4064559210391588,0.4010989461578388,0.3947513452961768,0.3927448274878036,0.3909048210989267
S1,129,0.3669307544496309,0.4129513359443605,0.4107579151774374,0.40543385379392816,0.39902184696321114,0.39697214913938345,0.39523171404169993
S1,130,0.3707130157198411,0.41657513231689075,0.4144056587534392,0.40911852664278975,0.40272096114837347,0.40068172458136914,0.39899179639281573
S1,131,0.3744300297643639,0.4200398598956972,0.4177749316746933,0.4125278902524771,0.4061510085581241,0.40402736224149227,0.4023786635343951
S1,132,0.3778983867491,0.4230797831156714,0.42072081483834584,0.4155216011366347,0.40924648100730737,0.40704170992306804,0.4054210685524071
S1,133,0.3816238666037066,0.4266438500639633,0.4242331885383852,0.4190136276468237,0.4128532278382133,0.4106411061272299,0.4090015582587006
S1,134,0.38568134996520476,0.4304444983051449,0.4278501807918523,0.4226036815235364,0.4166336102445048,0.41428521755547304,0.41266170146443487
S1,135,0.38969589081387246,0.4343497799145609,0.4316557874383052,0.42648050898922746,0.4205562931447378,0.4181643746408747,0.41657721721522695
S1,136,0.3941852666787956,0.43891447878297984,0.4361999341107858,0.4309369401742171,0.4248055019874757,0.42246835239260433,0.4208098054327423
S1,137,0.3985102124937449,0.4431253745699807,0.4404213493313786,0.43512865487927244,0.4289906973088576,0.4267391673066389,0.42499795210163444
S1,138,0.40346562105705186,0.4473945878516064,0.4446891209724802,0.4393194084431181,0.4332253202608209,0.43090183224723316,0.42917317039968017
S1,139,0.4084121293705057,0.4518937360192387,0.4491575425853524,0.44376221924266346,0.43770253859843056,0.4352913517936294,0.43357504765221844
S1,140,0.41266089875841927,0.45568318190665036,0.4530672993010853,0.44752801793785657,0.44158998400167054,0.4392224296515912,0.4374182114503488
S1,141,0.4164190910947741,0.4589764465190478,0.45646470065267597,0.45085894259749604,0.44503914216083623,0.44275676430571226,0.4408919634501753
S1,142,0.42036308059178895,0.4624863057348058,0.4600406132288208,0.454369460231354,0.44864584220363257,0.4464188298401372,0.44456118233701564
S1,143,0.42483333065525414,0.46640802108817025,0.4639344609807629,0.45836443777812974,0.4527312181778578,0.4505353288567155,0.4487901769407748
S1,144,0.4296379748306886,0.47078595490146175,0.46836046647277946,0.4628865093614627,0.4573552246359374,0.4551335692308763,0.4535524836460662
S1,145,0.43424611772499977,0.4751122154684355,0.47268328788413294,0.4672343899262249,0.46185058772524473,0.45954448077870796,0.45807023611226166
S1,146,0.4388952707283871,0.4792611689446076,0.4769040344467453,0.47151120928799867,0.4661088472230177,0.4638344462470237,0.4623638891856256
S1,147,0.4436416012287373,0.48371827291626923,0.4811788267509553,0.47589100709543253,0.47057020648559605,0.4681999249850742,0.46682572719305476
S1,148,0.4493119968562656,0.4884211218230772,0.48584470744902614,0.48061324228669816,0.47543451952992416,0.4729890442097732,0.4716869171914033
S1,149,0.454605555809657,0.49306450609764085,0.49047943270423544,0.4852113524407157,0.48022584761584747,0.47773371077769305,0.47642031991923534
S1,150,0.459954593790473,0.4978741036695397,0.49510659719508965,0.48992618352154893,0.48522624025462857,0.48252189472189105,0.48129529627587964
S1,151,0.4647350661545065,0.5018557242130344,0.4990473246539173,0.49385242180018324,0.4893318889641918,0.48659701399895905,0.48535515051192285
S1,152,0.4700669564515457,0.5065434711862874,0.5037145618222835,0.49838009433948627,0.49409087460205453,0.49135894884239645,0.4899742279118095
S1,153,0.4749899199805213,0.510884300247703,0.508063728893412,0.5027350844857899,0.4985426922052029,0.4958863132777327,0.49436927962654154
S1,154,0.48020957175181833,0.5151719319431224,0.512346511231118,0.5070697362716192,0.5028184260130508,0.5002279501259551,0.49865506670183984
S1,155,0.4852345516505363,0.5192148840823458,0.5162974704884098,0.511168096567826,0.5069280753624058,0.5043369809844714,0.5028339146717066
S1,156,0.4903873660197835,0.5234708153722768,0.5205498979560079,0.5154693125556613,0.5112693938515417,0.5087141328653337,0.5072593320109214
S1,157,0.49500546918672217,0.5275687546042429,0.5243359036231467,0.5194407586676203,0.5155183037017782,0.5127750309180814,0.5115294654310197
S1,158,0.49983024126628983,0.5319170659180349,0.5285292293165605,0.5236941247162532,0.5198095409843851,0.5169470416435906,0.5158211544094947
S1,159,0.5047066627404402,0.5360307286957219,0.5329084754739472,0.5277548422288405,0.524050099292813,0.521449816581772,0.5200542965940049
S1,160,0.5087470387100201,0.5392036583427824,0.5360902157171724,0.5309498881084175,0.5274461982451104,0.5249152680545867,0.5234449142010361
S1,161,0.5123447677865802,0.5423637818946063,0.5390724903928188,0.5339906492045774,0.5306292816914869,0.5280644100754798,0.5266122914392529
S1,162,0.5163390413817935,0.5470456763979762,0.5426459654380174,0.5382461742551101,0.5348162281446689,0.5316163201666809,0.5306825897744906
S1,163,0.520622819154103,0.5509769173354783,0.5464171677221021,0.5420861647137927,0.5387707432092513,0.535425879135134,0.534577632569469
S1,164,0.5250288118756071,0.5550739077897819,0.5505044334959064,0.5461725119532002,0.5427970398433605,0.5395066007360069,0.5386250361897221
S1,165,0.529609568684901,0.5591177656911707,0.5547824350876162,0.550332225855409,0.5469768143560797,0.5438514594441531,0.5428310449899026
S1,166,0.5352419901681682,0.5642291234699366,0.5601263605885445,0.5554665361101808,0.5521199393626479,0.5492760666637251,0.5479975255860867
S1,167,0.5401172825381034,0.5683659349286503,0.564402522165214,0.5596882949223961,0.5565758809342679,0.5538452110474932,0.552467478740612
S1,168,0.5446195868469627,0.5718559549256724,0.567998520989475,0.563278189015995,0.5602768626624399,0.5576488509710024,0.5561736433527823
S1,169,0.5498549877024045,0.5764541322648915,0.5724287881463754,0.5679295726660791,0.5648438493737745,0.5622702245924673,0.5607834315988612
S1,170,0.5561656731140227,0.5821838183443815,0.5780635429777304,0.5736023303460877,0.5707445735109538,0.5681096184547384,0.5666539223199415
S1,171,0.5622746822043322,0.5871521414427042,0.5830702081579598,0.5786268463110975,0.5759105946988429,0.5732581159577596,0.5718057868283563
S1,172,0.5671357152786652,0.5910627120053339,0.5870236528674208,0.5826048119238306,0.5799531833982525,0.5773123473468952,0.5758670989923348
S1,173,0.5711480962159029,0.5943156822636574,0.5903530855388823,0.5859409099723558,0.583257793770365,0.5806534489535667,0.579198114282657
S1,174,0.574608861622027,0.5971209585156176,0.5931866275180876,0.5887923741359342,0.5861106315861223,0.5835237605831113,0.5820770990909655
S1,175,0.5779248505057769,0.5996749822991582,0.5957971961011972,0.591430559365744,0.5887899083403171,0.5862370651851608,0.5847968165660038
S1,176,0.5812599458222423,0.6022229341439835,0.5983917715955905,0.5940759408576668,0.5914964646796533,0.588974532674635,0.5875265838526204
S1,177,0.5849598804384553,0.6054471026657063,0.6016184965921585,0.5974124850509788,0.5947265975302384,0.5921752484055597,0.5907681464456737
S1,178,0.5894101445409163,0.6092477082943648,0.6053779717755355,0.6012579482279006,0.5985268572180428,0.5959851595280803,0.5945776890326555
S1,179,0.593802330084842,0.6127297610868161,0.6088453456423064,0.6047762353480202,0.6021812848808802,0.5995928538571462,0.5982291762460383
S1,180,0.5979795070444031,0.6160118437307687,0.6121028377395684,0.6080837549835587,0.6055752302991637,0.6029667633351553,0.6016242947490901
S1,181,0.6020431048129716,0.6194454540968071,0.6155640114678634,0.6115492794177001,0.6089416909282847,0.6063641164162812,0.6050090282264041
S1,182,0.606199410245387,0.6226905686744278,0.6188405822868233,0.6148020003380842,0.6122644040790971,0.6097470972812387,0.6083668404053068
S1,183,0.6101879721080717,0.6262552552084057,0.6221174864823996,0.618279791920554,0.6157778382312801,0.6131082801342699,0.6118470016278738
S1,184,0.6143017746505063,0.6298287453608188,0.625724975644045,0.6218382718872494,0.6194257870102478,0.6167999895124548,0.615503111165455
S1,185,0.6190052680493067,0.6339537517298462,0.6298243604719179,0.6259370424716643,0.6236300656660121,0.6209622410536108,0.6197058637516606
S1,186,0.6235036392449005,0.6378633011118348,0.6338769414693284,0.6297570987316436,0.6275664763331044,0.625026359469458,0.6236633685528497
S1,187,0.6274759131661954,0.6409833977598866,0.6370566689430249,0.6328878597284343,0.6308959225667191,0.6284247254318764,0.6270129454977136
S1,188,0.6315354051754544,0.6441824519216304,0.6402874167186586,0.6361148144208754,0.634223812360938,0.6317853389826873,0.6303617620044495
S1,189,0.635387079549484,0.6472806993296945,0.6434045132665965,0.6392881272842158,0.637454394773576,0.6350087700383299,0.6335890381649977
S1,190,0.6389892287901301,0.650065133498126,0.6462220032307752,0.6421154062448374,0.6403436672971455,0.6379005543263371,0.6364848496395416
S1,191,0.6421862446569413,0.65249732409542,0.6486751477363081,0.644595691811199,0.642860761854089,0.6404180858568506,0.6390035795715855
S1,192,0.6455878138228512,0.6552059406276464,0.6514080078565012,0.6474244500142545,0.645697818774973,0.6432505676398953,0.6418287050423449
S1,193,0.6488061065528374,0.657805053617847,0.6540878110530736,0.6501338445195022,0.648463775196853,0.6460372201760393,0.6446013354979584
S1,194,0.6522458606875116,0.660606032368859,0.6569260737012095,0.6530610657882869,0.6514064090412228,0.6490078963448963,0.6475714521454798
S1,195,0.6555796014496138,0.6632901376712393,0.6595957275643283,0.6557833626850446,0.6541734797213135,0.6517905440742987,0.650366345415594
S1,196,0.6590071872524377,0.66592664357952,0.6622727584080198,0.6584916181571336,0.6568953053045162,0.6545400718996784,0.6531148793294573
S1,197,0.6625455305560165,0.6688210844110024,0.6653126909636564,0.6613120707229238,0.6595471158899096,0.6572104467464156,0.6557748328532412
S1,198,0.6653984876367103,0.6713963502407764,0.6679606970077926,0.6640750890235677,0.6621368519483549,0.6598414094887793,0.6583604273921037
S1,199,0.6683142511559013,0.6737650260668847,0.6703781640639482,0.6664926963363558,0.6645824711357798,0.6623046823781434,0.6607960523463757
S1,200,0.6712778969680225,0.6763763156730744,0.673054149951155,0.669102154940219,0.6671462880649995,0.6648760804608992,0.6633651721104901
S1,201,0.6739959020412594,0.6786027590617655,0.6753164321783638,0.6713648361688533,0.6694211521669945,0.6671608248195217,0.6656564601997598
S1,202,0.676340435299115,0.6805928444754263,0.6773178966750371,0.673374411897893,0.6714368741087773,0.6691856362537777,0.6676819726490869
S1,203,0.6785650768539203,0.6823127924384659,0.6790553460516069,0.6751475753500461,0.6732134377712388,0.6709621942292525,0.6694688523603493
S1,204,0.6808961359918433,0.6841534681555678,0.6809370715915921,0.6770573694364844,0.6750743107797925,0.672831183030504,0.6713365788615228
S1,205,0.6831657268554278,0.6858731668913605,0.6826896654851008,0.6788478495261777,0.6768452829261274,0.6746203654405081,0.6731333283716722
S1,206,0.6866209469794693,0.6883505542797007,0.6851613017376932,0.6814253523167372,0.6792999107176853,0.6771004981867538,0.6755894135232227
S1,207,0.6894600986409068,0.6909520593282458,0.6877542430073338,0.684132410710894,0.6819280985741324,0.6797342855498298,0.6782358829114639
S1,208,0.6927017366745133,0.6933749825285885,0.6902433412124113,0.6866034418830415,0.6845019478771417,0.6823259802038849,0.6808231246136671
S1,209,0.6958708918870279,0.6959918661168856,0.693005699414545,0.6893217180846525,0.6873007037576181,0.6851517429230044,0.6836307821631733
S1,210,0.6993533034851304,0.6989019484915354,0.6958749656367605,0.6922775913495282,0.6901569992258372,0.688037593541261,0.6865012073800999
S1,211,0.7027742025687211,0.7017280562674136,0.6987162273815547,0.695186399366411,0.692946005611779,0.6908580806927542,0.6892989156951811
S1,212,0.7056453642597673,0.7039695843869332,0.7009772379600673,0.6975238982349299,0.695320208159071,0.6932438750015182,0.6916797170822019
S1,213,0.7086668283877435,0.7064396656786626,0.7034176750384586,0.7000147501243438,0.697825718068882,0.6957612114979321,0.6941871945952559
S1,214,0.712445771498443,0.7096673591834243,0.7067102525143544,0.7033654154484932,0.7010317198259249,0.6989813831903403,0.6973910943645789
S1,215,0.715910298965653,0.712440769397328,0.7095771679728184,0.7062739241032943,0.7039293476370833,0.7019015609512581,0.7002884322463663
S1,216,0.7190592837819973,0.7150506701217421,0.7121943702137924,0.7089696867668928,0.7066458386780173,0.7046500628828573,0.7029995290947242
S1,217,0.7233845988652687,0.7182208694207926,0.7153768654490966,0.7122022683882789,0.7099876795037265,0.7079979701686464,0.7063125682991486
S1,218,0.7265723445167056,0.7206956262793671,0.717854268703989,0.7147361483792617,0.7126502925938837,0.7106556020116194,0.7089679545360301
S1,219,0.7293879589911743,0.7229762293846668,0.720196465120152,0.7171178598149268,0.7150917726124182,0.7131047679443273,0.7114088744582904
S1,220,0.7319248697691068,0.7251992700862212,0.7224432828784879,0.7194589376786845,0.7174250981561608,0.715454513868525,0.7137435637630882
S1,221,0.7347362332970215,0.7274664996349511,0.7247486054305876,0.7218023544692493,0.7197981925286837,0.7178294141600365,0.7161063766714473
S1,222,0.7371931768195781,0.7294814696788421,0.7267723639425077,0.7238631590572406,0.7219552553535115,0.7199870276897258,0.7182687984078052
S1,223,0.7393273859873754,0.7313231992149393,0.7286428090839077,0.7257618477697921,0.7239157814683793,0.7219389514328024,0.7202271595010851
S1,224,0.7413485171833956,0.733018453868241,0.730372679480573,0.7275070049951571,0.7257501105173594,0.7237698117361487,0.7220682337495692
S1,225,0.7435472814426851,0.734890663699078,0.7322428258522172,0.7293760924545905,0.7276973289940921,0.7257111830625679,0.7240170760246842
S1,226,0.7461480543693262,0.737177081220864,0.7345760706769167,0.7316822789113696,0.7300066329451629,0.7280225877784744,0.7263156519224574
S1,227,0.7489919215284813,0.7393425779599396,0.7368639402203212,0.7339547689578018,0.732252955251273,0.7302794836520476,0.7285615272225278
S1,228,0.7517572654228906,0.741538231706695,0.7390572754365549,0.736228789723296,0.7345397196968113,0.7325727472704499,0.7308524612254924
S1,229,0.7540110036128344,0.7434161895940521,0.7409574353521654,0.7381781949242727,0.7365551399967781,0.7345782367818613,0.7328721881639527
S1,230,0.7557993528620781,0.7449563969556928,0.7425072884850358,0.7397801911356677,0.7382021940949888,0.7362191441813694,0.7345309676100342
S1,231,0.7576359258979896,0.7467302290907116,0.7442873012799663,0.7416728549041709,0.7400037235246613,0.7380181216808732,0.7363435826354587
S1,232,0.7594412283568682,0.7487292408946958,0.7462173928690132,0.7436732485979662,0.7420069202308586,0.7400246902627123,0.7383597836176445
S1,233,0.761256557615708,0.7504494618240265,0.7479298422754173,0.7454467345189205,0.7438197125598909,0.7418338080657018,0.7402028721504035
S1,234,0.762864696230971,0.751985096850703,0.7494682248227534,0.747046645177409,0.7454599569587329,0.743472978296654,0.7418636867972461
S1,235,0.7643869686061658,0.7534315313627509,0.7509194865100437,0.748527638756875,0.7469968015580886,0.7450188444776944,0.7434227995498174
S1,236,0.7662080555265501,0.7552634210872373,0.7527414427609164,0.7503980999511649,0.7488212907428307,0.746851018113435,0.7452667886914345
S1,237,0.7681005027880463,0.756922043433235,0.7544427645960824,0.7521112140927072,0.7506001922898856,0.7486521974394836,0.7470573461902309
S1,238,0.7699656450009503,0.7585209225606271,0.7560313946101552,0.7537366245632325,0.7523189203855929,0.7503939993790428,0.7487917825098478
S1,239,0.7720338549106568,0.7604001438409698,0.7579062090985067,0.7556358182600074,0.7542466467310053,0.7523311338691525,0.7507348961061017
S1,240,0.7741294569403409,0.762408198970644,0.7598762313191737,0.7576580131037692,0.7563353690796711,0.7544337426102468,0.7528408437070473
S1,241,0.7760533252561972,0.7641293493906554,0.7615698040049868,0.7594249053878481,0.7581067813392708,0.7562025255742717,0.7546387614991253
S1,242,0.7776306540218084,0.7656887907033179,0.7631291854203678,0.7610279496382449,0.7597234161261373,0.7578136066267355,0.7562794521749318
S1,243,0.7792558309416866,0.7673866068902084,0.7648445084269628,0.7627636855874196,0.7614666903794678,0.759554811275165,0.7580428196713171
S1,244,0.78101342849027,0.7692155744601131,0.7666761632187904,0.7646315179128259,0.763359374593226,0.7614496511044161,0.7599616609078218
S1,245,0.7826541573704505,0.7708743407873359,0.7683673093070232,0.7663283021434673,0.7651256579367156,0.7632187147605807,0.7617596404079817
S1,246,0.7846718367676656,0.772911490634645,0.7701789996349924,0.7683074766628715,0.7671001807492374,0.765205237787092,0.7637526261248428
S1,247,0.7872518164044322,0.7748055159399536,0.7720609301369818,0.7702598342449113,0.7691099109983291,0.7672165094989901,0.765775208977722
S1,248,0.7895094886873613,0.7766782439442407,0.7739112835699729,0.7721437738616835,0.7710891310326763,0.7692010486582106,0.7677646631033536
S1,249,0.7913894652242937,0.7785667118240963,0.7757943237255855,0.774097463718179,0.773110576150219,0.7712355216418306,0.7698283544850891
S1,250,0.7931344967352777,0.7802499974028323,0.7774863611969208,0.7758339356905168,0.7749069393156479,0.7730368866316976,0.7716506967931155
S1,251,0.794885155425269,0.7820422450488973,0.7792410469376303,0.7776311823379783,0.7767681561624379,0.7749012855662535,0.7735363498638345
S1,252,0.7976520563019909,0.7840667140634952,0.7812869827004104,0.7796449885982638,0.778823185972047,0.7769593664886673,0.7755928827022217
S1,253,0.8005198284994074,0.7870285389094628,0.7842583157275953,0.7826820013962714,0.7817920894136146,0.7799807771675419,0.7785831470870163
S1,254,0.8032997115799008,0.7894496140096661,0.7867569625001768,0.7851747390128642,0.7844331445441856,0.7826359304170897,0.7812340654550664
S1,255,0.8054914688069034,0.791386846337919,0.7887360429462369,0.787180996136684,0.7865562115748483,0.7847671273882378,0.7833856141479453
S1,256,0.8076097907417861,0.7931705040553342,0.7905224392293543,0.7890552475042427,0.7884480030042754,0.786663035116684,0.7853077667056981
S1,257,0.8096796638965928,0.7949550920003293,0.7923216681877047,0.7909414961303995,0.7903747629740806,0.7885941173906234,0.7872586908052743
S1,258,0.8114717040787912,0.7967234598200562,0.794111681815811,0.7927753327868075,0.7922673721567334,0.7904874013394972,0.7891799727394696
S1,259,0.8132852211412581,0.7986027466446302,0.7960142047144357,0.7946760471483808,0.7942216823216784,0.7924267622460186,0.7911533992865634
S1,260,0.8153070708809764,0.8005799223493912,0.7980293246409363,0.7967338103226361,0.7963179882263319,0.7945180523212666,0.7932757604207005
S1,261,0.8169934929112783,0.8023362037301475,0.7998342947372545,0.7985964501872803,0.7982593119675316,0.7964441526187414,0.7952472849550108
S1,262,0.8184946864833476,0.8040813205650444,0.8016285063061955,0.8005201457081954,0.8001608937977508,0.7983326624943948,0.797177643052232
S1,263,0.8202734873159474,0.8059440038766423,0.8034032518451895,0.8024053322625267,0.8021200027245841,0.800301668588086,0.7991486212672104
S1,264,0.8238046079618649,0.8090075562763223,0.8063284836998382,0.8054104669392147,0.8048640260269103,0.8030242433111378,0.8019109755290076
S1,265,0.8259648839127052,0.8112675325393389,0.8085599372418657,0.8077269256659397,0.8073049988649986,0.8055023355084177,0.8043503191898874
S1,266,0.8279798272204353,0.8129029654643122,0.8101925612078779,0.8094182048540344,0.8091632309818757,0.8073586394390112,0.8062368616564902
S1,267,0.8297609689069707,0.8144681382761787,0.8117609493867448,0.811083980147286,0.8108994979711243,0.8090778427313735,0.8080045880665997
S1,268,0.8315657118624816,0.8162013823494901,0.8135374020199406,0.8130488068351426,0.8127332412203137,0.8109045924718586,0.8098687878023704
S1,269,0.8338533819774189,0.8183270526874158,0.8156875210036576,0.8152354493967485,0.8149849001053161,0.8131806822171829,0.8121364005574724
S1,270,0.8358590003651073,0.8203084775600223,0.8177525121122361,0.8174380695345353,0.8171236923950661,0.8153290003776946,0.8142883906015816
S1,271,0.8377877838552841,0.8223172999596391,0.8198393756069569,0.8195959834025156,0.8192615835353828,0.8174727899517658,0.8164373425490267
S1,272,0.8401742737659772,0.8248953678078508,0.8225220996975471,0.8222898869659485,0.8218110734899428,0.8200401953483181,0.819002661695644
S1,273,0.8433359950452134,0.8276604246178075,0.8253203365174241,0.8250747061589376,0.8246553228722867,0.8229299287469364,0.8218760674738785
S1,274,0.8469724940283109,0.8305589764828865,0.8282005042629595,0.8279647662636287,0.827610643240757,0.8258998537598689,0.824871166260568
S1,275,0.8498045882499085,0.8332560579824608,0.8309272824449474,0.8307507204253909,0.8303706390691259,0.8286963163156539,0.8276497693085877
S1,276,0.8522437752007342,0.8358724938053106,0.8335139588653736,0.8333935186578038,0.8329438664446309,0.8312994198564199,0.8302490538714592
S1,277,0.8555517081849976,0.8387228112950562,0.8362864034269831,0.8363022838400342,0.8357652247707209,0.8341159712653337,0.8330977544984615
S1,278,0.8581837077165234,0.8413726228781887,0.8388625909376936,0.838953669684793,0.8384585282748599,0.8368291234006279,0.8358235909539492
S1,279,0.8605413988073022,0.8434327302739956,0.8409622058582205,0.8409769811083928,0.8406429587168726,0.8390266985876176,0.8380367820069053
S1,280,0.8622820843321725,0.8452477156071895,0.8428616959529273,0.8428334371739283,0.842597980559125,0.8409800341911889,0.8400210156600512
S1,281,0.8638041501571224,0.8468630603433603,0.844534857119791,0.8445133421064227,0.8443558247575057,0.8427443996732195,0.8418065302583359
S1,282,0.8653892714601771,0.8483797288478191,0.8460910119311444,0.8460715093669333,0.8460119273085739,0.844402169895953,0.8434906636557127
S1,283,0.8669782028631966,0.850130559342158,0.8479169494689195,0.8479444672752446,0.8478405723359872,0.8462324960908792,0.8453437896389172
S1,284,0.8684879470215117,0.851686097968527,0.8495012677823282,0.8495323033019567,0.8495166112016609,0.8479204684348759,0.847044291530104
S1,285,0.8698971643465343,0.8531515148204748,0.85099837266105,0.8510320519712806,0.8510746194281041,0.8494874313772098,0.8486297737302037
S1,286,0.8713896430222807,0.8546946102452166,0.8525653335248125,0.8526020675102152,0.85268440863612,0.8511075970905099,0.8502637957282179
S1,287,0.8733855562981766,0.8563710087080034,0.8543357700140909,0.8543158694227254,0.8544562266064671,0.8528861256812809,0.8520485191785063
S1,288,0.8750029240379162,0.8579023399833666,0.8559238949012781,0.8559381895453028,0.8561017447671797,0.854533379108808,0.8537136805490101
S1,289,0.876469249319504,0.8594520844012203,0.8574722767561237,0.8575075200144757,0.8577347388207951,0.8561934051256758,0.855370843709489
S1,290,0.8776663466231601,0.8607551570075632,0.8587886286399503,0.8588462814206468,0.8591607357781292,0.8576424407445202,0.8568303027040735
S1,291,0.8787887086260486,0.8619174465921281,0.8599520081882662,0.860043387285693,0.8604534820648212,0.8589486589876548,0.8581527154631852
S1,292,0.8798616160854186,0.8630904839672279,0.8611224074204663,0.861244851205155,0.8617612821989199,0.8602697425164259,0.8594886016138412
S1,293,0.88167905476618,0.8645681375116286,0.8626667183572849,0.8627345931350586,0.8633388008582948,0.861850340253826,0.861089663359819
S1,294,0.8828907312345993,0.865919943132251,0.8640338533655662,0.8641005636511758,0.8648382174526463,0.8633675394318082,0.8626186816950007
S1,295,0.8844408789322503,0.867242358898208,0.8653949627248869,0.865474524315816,0.8663176803860857,0.8648492048456808,0.864122113582328
S1,296,0.885957259595035,0.8686062577680752,0.8667888049917236,0.8669015797664672,0.8678055555621816,0.8663511157888307,0.8656509119528645
S1,297,0.8873319952349429,0.8700601798988412,0.868271482120657,0.8683996190830864,0.8694064211122846,0.8679640682434074,0.8672876198295478
S1,298,0.8887013764750965,0.8716358472930803,0.8698708738797454,0.870019769462986,0.8711541224496866,0.8697226311646347,0.8690567420591426
S1,299,0.8901613986547302,0.8730946549030184,0.8713294185119044,0.8715173621761407,0.8727570194387294,0.8713541579548633,0.8706950591589339
S1,300,0.8916065672494219,0.8746076920975158,0.8728914754702138,0.8730690159324734,0.8744075624656604,0.8730089248021375,0.8723707602628124
S1,301,0.8931186156530313,0.8760906108499387,0.8743752361782932,0.8745777918872517,0.8760214308039523,0.8746303910986125,0.8740081557205079
S1,302,0.8948286045031322,0.8779292370630439,0.8761711582577165,0.8763781269634151,0.8779182787243794,0.8765208942037942,0.8759153913206078
S1,303,0.8970802919375451,0.8796095479968271,0.877850313631726,0.8780543168827762,0.87974874611663,0.8783585365147472,0.8777645191038547
S1,304,0.8984974377966337,0.8813069201388315,0.8795897507245818,0.879762340105319,0.8815202896277196,0.8801707735709533,0.8795591481074071
S1,305,0.8996951326003503,0.8828149746406838,0.8810660214838627,0.8812968776520322,0.8830889788711561,0.8817549257255471,0.8811632202198085
S1,306,0.9009511047588052,0.8841962961770533,0.8824421886349788,0.8827166666545199,0.8845624721272144,0.8832533429501574,0.8826693858112457
S1,307,0.9022303942919757,0.8855295196886716,0.8838022838779044,0.8840917771299961,0.8860159550339818,0.8847228532813888,0.8841528568611885
S1,308,0.9034902702649905,0.8868502979653514,0.8851546545806462,0.8854613980353092,0.8874665217345509,0.8862032882238172,0.8856295723011264
S1,309,0.9048400644994434,0.8881154702956285,0.8864588633486989,0.8867559377649276,0.8888834810907963,0.8876447323630225,0.8870768438218848
S1,310,0.9060567770067562,0.8893665826664684,0.8877308232603067,0.8880389285916129,0.8902373189045304,0.8890176558016772,0.8884565995898903
S1,311,0.9073078913918693,0.8906269168566125,0.8889853671479152,0.8893105053185189,0.8915786085346352,0.8903757300571172,0.8898228482739716
S1,312,0.9084935905880247,0.891876922390851,0.8902610085119956,0.8905844261777784,0.8929309990629358,0.8917379200971295,0.8911973171317334
S1,313,0.909822708883377,0.8931604681043378,0.8915321143499825,0.8918579715090333,0.8942807440110094,0.8930972687015069,0.8925691912789104
S1,314,0.9109839034190381,0.8944281752415921,0.8928052989814288,0.8931374908745838,0.8956348150339671,0.8944649519520608,0.8939429866808292
S1,315,0.9122973485181601,0.8957227859665009,0.8941210714855853,0.8944501279101399,0.8970011125969134,0.8958461371733043,0.8953413150241553
S1,316,0.9133856375211888,0.8969694665858917,0.8953823511671,0.8957037227916208,0.8983658481803917,0.8972348754615589,0.896730589096071
S1,317,0.9145307515187308,0.8982883909854069,0.896736453195155,0.8970445679995734,0.8997872389417152,0.8986539360135429,0.8981697442018369
S1,318,0.9157065279058929,0.8996377087554337,0.8980817919695846,0.8984235720074888,0.9012746311474459,0.9001546366925184,0.8996711958009755
S1,319,0.9170179412771833,0.9010601193980928,0.8995186156342003,0.8998235793580099,0.9028014315944423,0.901674180675204,0.9012059138088732
S1,320,0.9188438349969088,0.9027896731337521,0.9011417938482449,0.9014755338509358,0.904503588952774,0.9033757866324977,0.9029284513782966
S1,321,0.920120343459047,0.9041648362761169,0.9025035387161883,0.9028365993206895,0.9059711789271206,0.9048616676811387,0.9044189732906621
S1,322,0.9211800775964715,0.9055453090477895,0.9038449924297606,0.904167101888679,0.9073846008850497,0.9062904461849528,0.9058539465767484
S1,323,0.9223458001335613,0.9070084625319648,0.9053504231669399,0.9056610681085059,0.90888908056994,0.9077945946616911,0.9073815027712856
S1,324,0.9234437971558279,0.9086374510757962,0.9068900687863273,0.9072586234727914,0.9105245269242911,0.9094441825673378,0.909046383765872
S1,325,0.9247441121968173,0.9099823225906427,0.9082411133080308,0.9086356475700315,0.9119685278323281,0.9109080812535296,0.9105179706572026
S1,326,0.9274512064321191,0.9126842443107784,0.9110509554256125,0.9114173618027984,0.9143112397813656,0.9132419067252534,0.912903531864618
S1,327,0.9291327380755492,0.9147234428708325,0.9132236101475559,0.9134153187766687,0.9163150684562206,0.9152600004241931,0.9149376750267685
S1,328,0.930589267343268,0.9165396700208713,0.9149782464108751,0.915148631972011,0.9181125872054587,0.9170874750274898,0.9167481030337794
S1,329,0.932076471333367,0.9180452102432252,0.9164777386762241,0.9166766546863745,0.9196615954840263,0.918655877645444,0.9183244950958608
S1,330,0.9335066919073468,0.9195825284300402,0.91800891816939,0.9182050508129204,0.9212348975670692,0.9202485432893854,0.9199248406517446
S1,331,0.9352165845249565,0.921375106412645,0.919784831063706,0.9199934293469427,0.9229897029198298,0.922014692487906,0.92170509640943
S1,332,0.9365711250755179,0.9230079268768522,0.9214264727796955,0.9216718330256075,0.9246514282275289,0.9237022651973246,0.9234048823048325
S1,333,0.9381406529617881,0.9249991975877132,0.9234290579658859,0.9236738861612865,0.9265643848338544,0.9256429437554874,0.9253509770288196
S1,334,0.9399382298637557,0.9271909017248013,0.9256530069800782,0.9259236306452566,0.9285620447997772,0.9276587072576058,0.9273843512455935
S1,335,0.9424219612291557,0.9297033582983232,0.9282317067954814,0.9284850741964025,0.9308329445512662,0.929949932847986,0.9296906782818765
S1,336,0.944351464161021,0.9317517610973859,0.9303391850877183,0.9305668598153299,0.9328096031247556,0.931961105441816,0.9317134811831361
S1,337,0.9460499694944925,0.9336129541587094,0.9322681378877887,0.9324618570519779,0.934669047082691,0.9338502222983145,0.9336074386909835
S1,338,0.9477905734417177,0.9358024038814096,0.9344061446907579,0.9346293799509519,0.9368386078411813,0.9360364989465397,0.9357864727132155
S1,339,0.9493456768865008,0.9382851491971423,0.936776590125127,0.9370244433334999,0.9391971353393568,0.9384202652072894,0.938146866509129
S1,340,0.9507511923860429,0.940117572315096,0.938672716654276,0.9388976917971025,0.9411498999323459,0.9404062166263406,0.940136821956242
S1,341,0.9527444585024536,0.9419631064453602,0.9406160532890049,0.9408042166392478,0.943044430190163,0.9423400112225359,0.9420634625993217
S1,342,0.9547504712804122,0.9444120269228127,0.943100361526449,0.9432873375348172,0.9452838492379363,0.9446146338705086,0.9443569336302069
S1,343,0.957250028486488,0.9477496426306533,0.9465330400955507,0.9466416908848108,0.9483838850764984,0.9478041418635903,0.9475099703043798
S1,344,0.9590547268824126,0.9500965103208332,0.9488961627543689,0.9490268167412698,0.9508120783408986,0.9502871264388858,0.949982446259331
S1,345,0.9614049797226997,0.9527093436145437,0.9517804144340337,0.951745764079352,0.9533630837666524,0.9529095554776705,0.9525665247373413
S1,346,0.9633307569527622,0.955406174776072,0.9545432039014251,0.9544093905758075,0.955951968015646,0.9555741734043329,0.9551844521062405
S1,347,0.9649984032496202,0.9579936338199325,0.9571150462610254,0.9569264737263958,0.9585261610743615,0.9582123556146875,0.9577993201567255
S1,348,0.9665779898153025,0.9604650355865411,0.9596266657136628,0.9594157107874869,0.9609615932575517,0.9606716166566848,0.9602806393752124
S1,349,0.9684480755741091,0.9630856546925057,0.9623260174717976,0.9621304538937192,0.9635327095803747,0.9632731876928681,0.9629032242766679
S1,350,0.9707882260882088,0.9657948302276496,0.9650744940921491,0.9648985285878932,0.9662294693269322,0.9660089005349789,0.9656584354240473
S1,351,0.9732480737730492,0.9684674595996777,0.9678324179878957,0.9676791572001956,0.968886578571872,0.9686763191402843,0.9683618533487067
S1,352,0.9755261079962811,0.9714488925437619,0.9708783453271336,0.9707260181063596,0.9718368565862505,0.9716322459865666,0.9713589178988054
S1,353,0.9775083983941136,0.9739725900276119,0.9734178768144653,0.9733018714501627,0.9743649166567337,0.9741846776286792,0.973945697436133
S1,354,0.9793501784372886,0.9762918446598002,0.9757290972396354,0.9756017974966474,0.9766490462524103,0.9764967054063765,0.9762738788981734
S1,355,0.9811451677449695,0.9785448286647059,0.9779975645153206,0.9777507973886993,0.9787845560518971,0.9786594881398115,0.9784468144524799
S1,356,0.9829515241192954,0.9808778397257115,0.9804945414082465,0.9802592915926175,0.981117937388202,0.9810272247544217,0.9808294178045314
S1,357,0.9845811867586032,0.9830153951662053,0.9827111387715709,0.9824573209094392,0.9833466433233417,0.9832992413815176,0.9831075330767897
S1,358,0.9861544055201241,0.9852416167334827,0.984961651743139,0.9847229477053817,0.9855567683530984,0.9855356087105639,0.9853548856059507
S1,359,0.987613044245434,0.9873202385930578,0.9870404439762431,0.9869030359250184,0.987649391294489,0.9876501881136438,0.9875028337775319
S1,360,0.9894144559168739,0.9901087937993603,0.9899764621917155,0.9899839649268315,0.9901821937151049,0.9901885981882662,0.9900867202028962
S1,361,0.9914178509836364,0.9925812934233242,0.9924613139461599,0.992499573428735,0.9926582427463718,0.9926649252860408,0.9925912896075495
S1,362,0.993420542979373,0.9948988574593516,0.9948184901386568,0.994846392498871,0.9950264471135762,0.9950336087206528,0.9949787104538247
S1,363,0.995963534435116,0.99782932226615,0.9978326227312436,0.9978139962080117,0.997805785624664,0.9977936899044212,0.9977702450775497
S1,364,0.9978354978354979,1.0,1.0,1.0,1.0,1.0,1.0
S2,0,0.0010332138761891831,0.001529439461179651,0.0015245851945058831,0.001582174844071943,0.001521077675324568,0.0015255823285851842,0.0016044783430405867
S2,1,0.0025601299081510383,0.003396452607518729,0.003379056609862514,0.003530633707465506,0.003300520779541403,0.003292127995197427,0.0034501877540675106
S2,2,0.0036156561050990324,0.005060237342089898,0.005045795139998259,0.005274711259962046,0.004913292614593576,0.004896783360951197,0.0051589345356826055
S2,3,0.004756954872306289,0.006974208872816028,0.006957590747374842,0.007232349456792938,0.006591351470130342,0.00656928644506639,0.006930500004227524
S2,4,0.00637650543249125,0.009766786340019519,0.009722558068383203,0.01012997369957083,0.009153053637658231,0.009119078706714868,0.009555577216396119
S2,5,0.00773099239049974,0.011870419865306375,0.011850344834096443,0.012344301582102476,0.01124660951061876,0.011212366935204637,0.011747948621887551
S2,6,0.008942053031584274,0.013773989901950317,0.013756367892047736,0.014314724897576304,0.013098460746746407,0.013086133868508806,0.01372603605899395
S2,7,0.010511496530353711,0.01620588379877149,0.016215047119098953,0.016814346091148402,0.015373200187268609,0.015384909494113863,0.01610657643949825
S2,8,0.012084472218394707,0.018645239990574998,0.018723943578600133,0.01932647731874878,0.017693478342911847,0.017756940884871023,0.01851570822857007
S2,9,0.013249092224156796,0.020445305838661235,0.02055378108709396,0.021211017987026612,0.019487973978827674,0.01959385778999964,0.020391295944679925
S2,10,0.014197005588587738,0.02196467901679174,0.02208561721827679,0.02287213422470519,0.021009001932329654,0.021130240170326314,0.02202319582198622
S2,11,0.015133158261363952,0.023414662089079333,0.023566709543046047,0.024500284301841018,0.022484517668412928,0.022634161266251517,0.02361440886915558
S2,12,0.016098947736678294,0.024933331154015314,0.02513697294468184,0.026194014370030844,0.024023245740877438,0.024188664716136576,0.02526471919801886
S2,13,0.01721999938241258,0.02670071938953357,0.026962483934249378,0.028136445534905692,0.025754085837936366,0.025935487107598937,0.02710112863185843
S2,14,0.01852561337181785,0.02888654872178388,0.02922210812178916,0.030437818244818563,0.027859332515410548,0.028063510863254305,0.02933094521732771
S2,15,0.019669201889694225,0.030902935332976018,0.031230743232693214,0.03253980614051588,0.029836422248668674,0.030074415080971386,0.03143054806309261
S2,16,0.021040360919215788,0.0330106633121091,0.03331695786063872,0.034728941354729245,0.03184236078166478,0.03209474410933344,0.03356157707332256
S2,17,0.022557106894638575,0.035322239150484824,0.03570705135935167,0.03716731098448122,0.034047348327260835,0.03433061289630315,0.03586694597194633
S2,18,0.023959273828741676,0.03734297029064397,0.0378137819858847,0.03932854846797314,0.03605843182790159,0.03639348518890073,0.03796963477152334
S2,19,0.025255532305070823,0.039343442113264626,0.03983834496635267,0.041452675164886266,0.038038203345434285,0.03842813073426588,0.04005344553717812
S2,20,0.026386888895027383,0.04089751875519023,0.04140676543063292,0.04309006456358561,0.03961780360209064,0.0400395353558381,0.04172966302609157
S2,21,0.027673537783756422,0.043006686165126005,0.04353302445658599,0.04529657259001022,0.04144755921170731,0.04191768422403855,0.04366804759374223
S2,22,0.02931291037769873,0.045362884594970024,0.04586029039073615,0.04779858837539963,0.04370614508590559,0.04413646978783232,0.046001725118729686
S2,23,0.030824843652939266,0.047376959243096074,0.0478379204647274,0.04984229324933709,0.04572603501188641,0.04610591530927204,0.048052940139076544
S2,24,0.03223151036319131,0.04950659151928414,0.049990479239119937,0.05204938661628237,0.047795073301368306,0.04815386392873063,0.050160386204198125
S2,25,0.033714486147189596,0.051832179797775504,0.05231319932066965,0.054439756867823874,0.05003847007432582,0.05035845822449982,0.05239561541700372
S2,26,0.03528080718846601,0.054267703459942314,0.05473186234252145,0.05698715262823033,0.05230162383609763,0.05258970996584832,0.05468992926381493
S2,27,0.03707167594135658,0.05698311864471593,0.057517732168241284,0.05974782777181168,0.05486942913158747,0.05522393010972101,0.05732488633601374
S2,28,0.038654681056232765,0.05927020350497868,0.05988861720055109,0.06216013488977101,0.057059288962754966,0.05748256841272659,0.05961235220556307
S2,29,0.04049376881406714,0.061929789973688545,0.06257767476521268,0.06498014987936321,0.05960909286612794,0.06002222735432904,0.06226401295798668
S2,30,0.042139570671506345,0.06402636604656055,0.06467958684643345,0.0671995951664905,0.06169482026899927,0.06214341081076763,0.06446874056928566
S2,31,0.04417804863767924,0.06659441096610966,0.06732210639685417,0.06985838564570776,0.06409816797159039,0.06461055250911636,0.06696623783069304
S2,32,0.04618986105944362,0.06930300266991721,0.07003862478459144,0.0726710868432043,0.06664889253473584,0.0671527575146927,0.06955982226598977
S2,33,0.04779536824186859,0.0714697665822746,0.07216915459120239,0.0749229732187067,0.06874218910219204,0.06922194888898922,0.07171668094799301
S2,34,0.0492910903653457,0.07346775134537202,0.07404336889508081,0.07694810879336708,0.07062801215887403,0.07104956822053017,0.07365570154558322
S2,35,0.05060388184362262,0.07518154452177307,0.07572526614129724,0.07870474474525611,0.07227886623411951,0.07269777814432805,0.0753799895844189
S2,36,0.05214689682750506,0.07707368301081517,0.07765038639995343,0.08069127792595654,0.07409225073920313,0.07452831285959498,0.0772608913786907
S2,37,0.05391124154643089,0.07926371567896238,0.07989105291684602,0.08294561635995144,0.07619155364687524,0.07657642698688388,0.07941087484985353
S2,38,0.05584365096140967,0.08162890954924196,0.08226143998162837,0.08530588365873985,0.07845360178174,0.07880410283620726,0.0816660485888329
S2,39,0.057587494801436365,0.08385800090026169,0.08459258593970673,0.08753389123920777,0.08062594953079534,0.08097974881353724,0.08381468096787563
S2,40,0.05933931199003935,0.08618963206750663,0.08697773388402713,0.08983447972307475,0.08294345926697287,0.08324359643704225,0.08604481833394517
S2,41,0.06113599037393154,0.088603384276413,0.08935243480994097,0.09219293617198818,0.08529230258246606,0.08551193453094603,0.08833214072732691
S2,42,0.06339997563615178,0.09143455987981626,0.0921093549566816,0.09492199419007556,0.08797813779316027,0.08810485723643281,0.09097841639496163
S2,43,0.06538243271879711,0.09394980486780025,0.09463069014598725,0.09738097071503217,0.09037698561063708,0.0904835722307491,0.09337123843288213
S2,44,0.0670245615268006,0.09590420649993615,0.09656953244899563,0.09924803187229767,0.09226497783867128,0.09233748895665328,0.09523047886713616
S2,45,0.06865768216093775,0.0979555184084945,0.09862917544481643,0.10128313735108349,0.09420185024416657,0.09426243973669214,0.09715250344893935
S2,46,0.07111255317826083,0.10070678515038121,0.10134228242950077,0.10396518811617021,0.09675842464246122,0.09679640853401124,0.09968161332208036
S2,47,0.07380465888377034,0.10428712019242702,0.10453292564164735,0.10722366777228497,0.10003450812095982,0.09976645967027518,0.10271779859092615
S2,48,0.07598403312506914,0.10687982806955897,0.10703344197420751,0.10974225798278617,0.10255987419942154,0.10216772578081124,0.10515346053037893
S2,49,0.0784739717750529,0.10955247112573693,0.10976323876143122,0.11238174839546755,0.10510364273983526,0.10470793966379542,0.10767789794613382
S2,50,0.08051677629157865,0.11192162461362205,0.11229133221689444,0.11476168440651269,0.1074042682499432,0.10708175192402725,0.11000196633693611
S2,51,0.08223937147854785,0.11372321521638679,0.11416791145797998,0.1165931142171926,0.10920170372735298,0.10890073495491075,0.1118206734387599
S2,52,0.08395745945653174,0.11562729629925836,0.116060953409597,0.11848540059389816,0.11107688222670704,0.11071257680076847,0.11368216210670005
S2,53,0.08572388889377087,0.11784620725847947,0.11824236971602911,0.12073130513388985,0.11320366364111563,0.11278339848041719,0.11582267407234054
S2,54,0.08774606948029888,0.12034922284874004,0.12070076722120497,0.12330907331541258,0.11560323775763943,0.11510604430828875,0.11820709097023901
S2,55,0.0900739678409145,0.12315170339841854,0.1233883653820975,0.1260204491535025,0.11829963560816097,0.11763214169940421,0.1207209144738366
S2,56,0.09248655369062617,0.1259882691362852,0.12616283668841985,0.12868568566761265,0.12100641672357676,0.12028638632133144,0.12329031068861679
S2,57,0.09464392715096961,0.1284183832110443,0.1285739060851691,0.1310071014314112,0.12337145580965529,0.12266915298600169,0.1255580609878672
S2,58,0.09679592492827506,0.13103258378561494,0.1311400220111444,0.13357758024228206,0.12587337367639456,0.12513142996387058,0.1279713806329773
S2,59,0.0993515165699279,0.13378979528293192,0.13385809610497837,0.13622578232430976,0.12850916392259923,0.12770857492019957,0.1305019861469577
S2,60,0.1020785214228948,0.13742652024582752,0.13732643278013595,0.1397529049876989,0.13177737676441645,0.1308620152980941,0.13361112843892578
S2,61,0.10545016920633668,0.14178506338801192,0.1414098712696072,0.14335307959980345,0.13576478989157062,0.13458827531789194,0.13702836453276035
S2,62,0.1082428283628568,0.14491586849085966,0.1444828430242737,0.1461586314131498,0.13880876038160558,0.1375552143971003,0.13979129046102778
S2,63,0.11067774341724455,0.14779305794369568,0.1473292600360872,0.14877461116331847,0.14154378979803905,0.14023318056673498,0.14230779359596854
S2,64,0.11269026479299793,0.15005874770666852,0.14954861949374168,0.15090304584313044,0.14378970756259443,0.14239217371147983,0.14434073255141822
S2,65,0.11457801157967965,0.15255628694967416,0.15175947199278664,0.1529211540227811,0.14620430230944456,0.1445070088865327,0.1462659569328211
S2,66,0.1165524831157608,0.15516799266900472,0.154001211924781,0.15493389639611377,0.1487329366149239,0.1466945370587721,0.1482052672122216
S2,67,0.11874900028106558,0.15788392641870955,0.1565634300761368,0.15717700594273218,0.15141400821781817,0.14922994978773205,0.15043085799668246
S2,68,0.120860473562487,0.16035287245378343,0.15890996819604136,0.15915910229751232,0.15379950346797208,0.15146778341134476,0.15237199910571664
S2,69,0.12361016743728609,0.1637868537301074,0.16189663675965446,0.16176315674975003,0.1570174848421052,0.15431456858840636,0.15483157877641016
S2,70,0.12644512336995714,0.16713533993541274,0.16525610832063037,0.16455479978583645,0.16024768360954786,0.15751115615901762,0.15751323904638617
S2,71,0.12972287589456377,0.17077924863239674,0.16859802476223854,0.1675713394867704,0.16371155070231722,0.16072151636234464,0.16040217839791301
S2,72,0.13286644847272114,0.17465427779194864,0.1721314442724506,0.1706768660894441,0.16730343563662134,0.1640625357900889,0.16332146036347914
S2,73,0.13606351511132203,0.1784151386764885,0.17574644280599214,0.17391412379486132,0.17090205578433185,0.16752097598989682,0.1663717887772251
S2,74,0.1393292086045514,0.18274618289497763,0.1795905925369999,0.17718375452517313,0.1750372112587656,0.17116315810269755,0.1694625804932944
S2,75,0.1421467705278525,0.18613264177543207,0.18289718484395848,0.1798752172275343,0.17833525437727502,0.17438215932488613,0.17209239218762765
S2,76,0.1452767889866547,0.18990960367401835,0.18647826463635084,0.18267259707277758,0.18192668577981322,0.17778319654635952,0.17476134341739133
S2,77,0.14892453804476607,0.19408581752649942,0.19047849549172652,0.18594338954787054,0.18588109742248568,0.18159703539639768,0.17793127511011875
S2,78,0.15164413141220032,0.19717789491153634,0.19356366716345574,0.18847382815490799,0.18889132530465577,0.18459684976751348,0.18039417483264475
S2,79,0.15401492657049415,0.20037631609373613,0.19637933987604322,0.19067129339204905,0.19197599545817598,0.18734405827282744,0.1825241062828583
S2,80,0.15629123617166155,0.20333286542353124,0.19919370231716785,0.19287631251558549,0.19489639825233604,0.19007733884137576,0.18467784203263662
S2,81,0.15842669755463745,0.20598893827049375,0.20187235578246931,0.19511481464793554,0.19750922081933328,0.19269076417048495,0.1868078764317106
S2,82,0.16074512229287374,0.20871897548006765,0.20460652998224804,0.19741146724076283,0.20021024740347745,0.1953363275670903,0.1890045194858442
S2,83,0.16330265919553655,0.21196057362526047,0.2078394893674932,0.20010914953275472,0.20339431072397715,0.19845466805044928,0.19160600647950585
S2,84,0.16641547033158038,0.2157156152950055,0.21154927080255967,0.20320800466277186,0.20701949155929508,0.2019132492791694,0.194560804847098
S2,85,0.1696018197394707,0.2194936960365837,0.21515578379043085,0.20626767129799412,0.21069360408273066,0.20538253101144502,0.19749448118462767
S2,86,0.17279640627816445,0.22282436087141763,0.2183545203768282,0.20908855123778167,0.21397999211916852,0.20853131051301776,0.20025183210888597
S2,87,0.1758595888398214,0.2258555905780768,0.22156735473240644,0.21202144497214442,0.21694221851921972,0.21163852105107306,0.20307095574099
S2,88,0.17901380852948487,0.22904861591299147,0.22499035309974333,0.21505411713419142,0.22002906022101779,0.21488026712027505,0.20597235339029638
S2,89,0.18191032623800404,0.23195158648945102,0.22807420558185634,0.21790887414159385,0.2229092001287513,0.21787962424960497,0.20873166274927935
S2,90,0.18465066119880655,0.23467545454155442,0.23087787900819565,0.2205670274012268,0.22562129984921042,0.2205941640479715,0.21132970133949266
S2,91,0.18760445486288033,0.23773398963545175,0.2339548687432726,0.22349612266603563,0.2286112263735094,0.22353026977576218,0.2141658404941121
S2,92,0.19084211007840568,0.24087546895606393,0.23724353587372143,0.2266869495205092,0.23169644227423802,0.22667341758551718,0.2172564435275776
S2,93,0.19380331810786638,0.24396772892851062,0.24021626257361886,0.22958533513055235,0.23467651279437293,0.22957194302715966,0.22007221408733788
S2,94,0.1970542411122208,0.24764620075952373,0.243553462632364,0.23264770271211446,0.23818400112877655,0.23279948355687974,0.22305109364317702
S2,95,0.20079550747121316,0.2517063088225531,0.24756532587922125,0.2363066851039867,0.24212294042709093,0.23664837252139095,0.22657349670361038
S2,96,0.2049933268667026,0.25642322604341017,0.2519711605189608,0.2400422405656399,0.24676611039280447,0.24082830460684004,0.23023329123706138
S2,97,0.20858185760699868,0.2604437218647491,0.25574320364095726,0.24325420571719888,0.2507479899281917,0.24449169591174702,0.2334007623748624
S2,98,0.21204560513900744,0.2642801316842299,0.2593366119906481,0.24643946594830424,0.254419638940612,0.24797257251793092,0.23648352235526518
S2,99,0.2161220844476125,0.26890023782078526,0.2639170781662129,0.25046326194040347,0.25872773925465203,0.25228107226742785,0.2402476449694576
S2,100,0.21937743396089182,0.27260037605813814,0.2675618974267842,0.2534435751393967,0.2623509716957523,0.2558844887995409,0.24315667125106674
S2,101,0.22222802715499432,0.2756370763816387,0.2706707399854314,0.2561011912338263,0.2653511258736777,0.2590022495826531,0.24577018090210032
S2,102,0.22508278039251756,0.2786994986048135,0.27378145833464773,0.25887507269679316,0.26833868037682873,0.26209005889154446,0.24849960725821438
S2,103,0.22774859970123118,0.2814843642283695,0.27669857876132636,0.26159235595006686,0.2711143410854246,0.2650363425232391,0.2511990342433326
S2,104,0.23121071312824432,0.2851246485719697,0.28049735034035655,0.26528063402100094,0.27476126620718727,0.26882422373146564,0.2548562490465987
S2,105,0.23491297841819078,0.2891266977737956,0.28458548248971494,0.26905406334181964,0.27866054792511624,0.27270758368821074,0.25850275335090106
S2,106,0.23835587792418494,0.2927829936169823,0.28794738147720456,0.27216554689114647,0.2822731626977613,0.2760501010683141,0.26160304484140134
S2,107,0.24110366926318022,0.29570866082680125,0.29070899992957155,0.2746176148115908,0.2851346861911866,0.2787610633190675,0.26402693122466164
S2,108,0.2437893404619607,0.2984212058982105,0.29346608183805917,0.2773137151970113,0.28779596443609573,0.2814860522627323,0.2666201588071374
S2,109,0.2472387595850729,0.30179026684161026,0.29684709763980305,0.2807227164719456,0.29107002670011317,0.28476523857155717,0.269918127645707
S2,110,0.2501480997164202,0.30456422540859623,0.29958447583626513,0.2834488673894118,0.2937910119870887,0.28752683318309064,0.27260406756775857
S2,111,0.25278742322917186,0.30733253697573965,0.3021014875495716,0.2858852886133963,0.29645819282033464,0.29005704582004255,0.275037091312667
S2,112,0.2553974672742954,0.31012991202727197,0.304626536332938,0.2882547561797442,0.29916077181573536,0.2925508559310141,0.27740649790118416
S2,113,0.25871320865132585,0.31332846928674707,0.3076890750118562,0.29121223731401535,0.3022772512382838,0.2955502767461987,0.28023349761989347
S2,114,0.26225113572191305,0.31680107802227603,0.3109756114505086,0.2943571770188598,0.30565522628666986,0.29875366854205293,0.2832806428837824
S2,115,0.2661473249259474,0.3204981158006229,0.31491825992735006,0.29806324081409724,0.3091796187098451,0.3024392501089493,0.286767472116687
S2,116,0.2703402185912137,0.3245005663644701,0.31901173635191643,0.30202747111993816,0.3130513544883714,0.30638270060219014,0.29055309839681365
S2,117,0.2733411193484983,0.3276366284441648,0.3219484829120641,0.30476072004289695,0.31614821656654263,0.3093499144091938,0.2932869721520573
S2,118,0.275948989903067,0.33033093392154694,0.32447812647365043,0.3069524558976941,0.31881933594940465,0.31185809960478833,0.2955041804850258
S2,119,0.2789089456688584,0.33412602641435435,0.3274865175162938,0.3093161324566294,0.3224821811787659,0.3147381508234964,0.29781813986918915
S2,120,0.28178411417741783,0.337504888137151,0.33074501231849684,0.31178146510734817,0.3258216317883908,0.3179237914519241,0.30025895616949505
S2,121,0.28479820467226363,0.341086295094295,0.3343416518880063,0.3146772297147037,0.3293215303757273,0.32141876728550883,0.30308068390298115
S2,122,0.288005880633882,0.3449841672796327,0.3379960028159409,0.3176043366010629,0.33314062779331555,0.3249806027686683,0.3059393915734079
S2,123,0.29115816457868665,0.3485997814849379,0.3415073301422315,0.320710780853392,0.33670818770495164,0.32849009752398867,0.3089307964058776
S2,124,0.2939506697113706,0.35168066831519695,0.3445232745758071,0.3233063078482651,0.3397562961165892,0.3315244698312814,0.31147751100142657
S2,125,0.29665540230753756,0.3546042215885181,0.3473874800636748,0.32569636550033093,0.34266586825107664,0.3344293943026315,0.31383945383211764
S2,126,0.2997173452638643,0.35765936634303885,0.3504072564398359,0.3284903926556974,0.34570486119842875,0.33748037509509204,0.3165792186049727
S2,127,0.3029506598668291,0.3611313027809962,0.3536445296345477,0.33143244721491844,0.3491887565259259,0.34074611648086034,0.3194988374294591
S2,128,0.3065263125039785,0.3657239269782453,0.35743063713453754,0.3344801025681211,0.35370902442968094,0.3445278844536455,0.32246669208125356
S2,129,0.31043046251166867,0.3703587934068569,0.36164241456490803,0.3381421948766126,0.3583184236679989,0.34877780358220734,0.3260418979717263
S2,130,0.3137032479458457,0.373651300124417,0.36488272683490164,0.3411387093826671,0.36163486393959615,0.3520637840425469,0.32914894319520077
S2,131,0.3167673456473632,0.3768841823058526,0.36796070236409056,0.34397255347521183,0.36481181778839455,0.35513708359950286,0.3320492811662287
S2,132,0.3197348740568066,0.3798604425648494,0.37091617207377864,0.34684375717362986,0.36781760694494875,0.35810365125234367,0.3349932692677962
S2,133,0.32293512775346994,0.38287157148026735,0.3740838191944013,0.3500523707098031,0.3708346059710717,0.3612604545161984,0.3382505865498735
S2,134,0.32611883966714733,0.38579486476539326,0.377066755157326,0.35308542581868085,0.3737500737346778,0.3642408811146503,0.3413228189834056
S2,135,0.32934274200687813,0.38908984674515834,0.38008711980925064,0.35599223947249303,0.37688034423053357,0.36721602478324383,0.34420144336057973
S2,136,0.3329023195869993,0.3930392323895977,0.38368247185190124,0.3592186149661695,0.38071805468856357,0.37068890268267557,0.34742839196607295
S2,137,0.33611599787589125,0.3962523999368881,0.38692428153215025,0.3619537469505084,0.3838858759799583,0.37383767514471095,0.3502058388317466
S2,138,0.33910243740328394,0.3991790826391741,0.3897826226625522,0.3643774916107049,0.38678542000720045,0.3767188047038555,0.3526724891231476
S2,139,0.34264102728044976,0.40288580323898693,0.3931969269545736,0.3672337752468165,0.3903868160270297,0.38003185750794316,0.35549795507780835
S2,140,0.34657570540763183,0.4066441638080655,0.39702128011170756,0.37060528044441116,0.39410250807651975,0.3838480290416321,0.358862577595956
S2,141,0.3503954631057925,0.41009582765412705,0.4006948671874069,0.3741047504330184,0.39750787612171573,0.3875276007487675,0.3624450307266828
S2,142,0.35393404571256026,0.41274838281737036,0.4036172363526775,0.37738519720008923,0.4001823201398398,0.390487730223852,0.3659051397390045
S2,143,0.35890513005546293,0.416515625228121,0.407621694769239,0.3820153469972761,0.40371638484916605,0.39433295701882143,0.37041186145149957
S2,144,0.3636125882069761,0.4198242942897683,0.4110535628977621,0.38602319144105185,0.40700792043565337,0.39771953002526406,0.37447205951819024
S2,145,0.36763214743844397,0.4229198325260123,0.4142674989952475,0.3897314888512493,0.4101509517551076,0.4009270471955792,0.3782419259853713
S2,146,0.37210210963878687,0.42632147232660744,0.4176145648190459,0.3932903219536096,0.41355565598851635,0.40424063303097285,0.38186494675263516
S2,147,0.3769176253696364,0.43042674064421516,0.4216704280424627,0.3974812503707266,0.41763684200150336,0.4083095358989884,0.38604960339403255
S2,148,0.3807752908818979,0.43374413738914985,0.4249733970270877,0.4007815874321727,0.42100760135853393,0.4116338140976767,0.38943811824898145
S2,149,0.384972757012269,0.43773535025767235,0.428898752220105,0.4045476217475187,0.4250521576048436,0.4156209500696428,0.3933092555708147
S2,150,0.3884654170646152,0.4409757226014652,0.43209871674805755,0.4075987883755825,0.4283732413020274,0.41886653393178497,0.3964668448452963
S2,151,0.3920171675828177,0.44396719735780266,0.4351085414479162,0.41067724773515607,0.4314441807134964,0.42196933561089994,0.39960982143171037
S2,152,0.39646693533919536,0.44763058700415126,0.4387840627046869,0.41471031451751944,0.43514728370547745,0.42569586574796364,0.4036309912116973
S2,153,0.4003234060233669,0.45069888747290493,0.4418303471055357,0.41811082966566543,0.43830724882853955,0.4288390992606037,0.40708781612203376
S2,154,0.40417899912331956,0.4540774040406771,0.44508582268307934,0.4219869813555847,0.44167414712250697,0.43209789696832074,0.410867153312485
S2,155,0.4084987089710766,0.45720976754260334,0.4481664066770642,0.4257718224894943,0.44483402731857824,0.43527571668109166,0.4146675682581786
S2,156,0.41371438145367695,0.46177050759383276,0.4526171603736239,0.4308219087368681,0.44930778457706627,0.4396445122172281,0.4196346524659382
S2,157,0.41747714355320253,0.4648084933023709,0.4556140843766017,0.43416036466417324,0.452449260840192,0.44274871536419874,0.42308746208373726
S2,158,0.421288897675135,0.46801393465531277,0.4589342181528148,0.4376233699270837,0.4556512838520386,0.44598341233752753,0.42651728161569274
S2,159,0.4261009543977683,0.47255863679709736,0.46330735900831965,0.44219649736055516,0.4601897431143008,0.45029528719462936,0.43102417626447953
S2,160,0.4307165686207763,0.47651991108850694,0.4671632987818717,0.4464118589131095,0.46421004880330324,0.4542319654258895,0.43529034819747064
S2,161,0.4346771148565783,0.479554876910778,0.47017267732489326,0.4498183967308478,0.4673495567038041,0.4572869597059251,0.4388251054202923
S2,162,0.43902162562659985,0.4827560716773493,0.4733460342011968,0.4535251435019032,0.4706301126828058,0.4605185256076741,0.4425165658135781
S2,163,0.44377932187533403,0.486087898407324,0.47682980128242447,0.45773504648993935,0.4741027859181551,0.4640536215307973,0.44669043976354206
S2,164,0.4484217938640559,0.48930984784843246,0.4801480812437697,0.4616539421528057,0.4774686442016933,0.46748010841465004,0.4506920760895438
S2,165,0.4525986192746568,0.4926981582258112,0.4833154455168537,0.46544024175723864,0.4808939162616044,0.4707681161503672,0.45447076550021787
S2,166,0.45715958772410487,0.4962096619042282,0.486892303431525,0.4695892441546,0.48452964725317055,0.4744714682169517,0.45874323364171676
S2,167,0.46189511012420525,0.4999204892411018,0.4905611146129361,0.4735213605672996,0.4882824322699801,0.47820546516069456,0.4627887949773842
S2,168,0.46669127369481583,0.5035406706519348,0.4942508044671834,0.4775888297797368,0.49188219214372486,0.4819338788781112,0.46687083347666714
S2,169,0.4717529349224699,0.5073297595787839,0.49827840635879017,0.48196040109112404,0.4957476341777307,0.48598763207790086,0.4712757540270421
S2,170,0.47770401663023493,0.5123406422107655,0.5033852714543691,0.4874076320835725,0.5008454310073368,0.49107475442667736,0.47672610698169304
S2,171,0.4835008020174422,0.5171349121873442,0.508056946391994,0.4926981089064699,0.5057652051735971,0.49585846187711863,0.4820346304755609
S2,172,0.4885977548431788,0.5211059020639595,0.5120020214864522,0.4973942980420937,0.5098673448376208,0.4999830557058617,0.48673579534273875
S2,173,0.49306517396508054,0.5243953970258711,0.5154244130436787,0.5014796720009146,0.5133256840851932,0.5035879977016428,0.4908512622747186
S2,174,0.4972549665793314,0.5273325010373837,0.518517249825568,0.5050674250962303,0.5164129232554323,0.5068106655005916,0.4944900844081412
S2,175,0.5012910538699276,0.5304343044130787,0.5217270060779181,0.5087803999564484,0.5196266582013597,0.5101575339440289,0.49814164150274404
S2,176,0.5050693076380615,0.5332626845381119,0.5246083709827492,0.5120397762580481,0.5226181111049814,0.5132103384763499,0.5014503227765282
S2,177,0.5086439294995175,0.5359164114646204,0.5273335858216938,0.5151030461495865,0.525395121116376,0.5160441831591688,0.5045452765105997
S2,178,0.5131454809155451,0.539347500410822,0.5308902638202767,0.5190459763944593,0.5289175237194574,0.5197070245337656,0.508457730716464
S2,179,0.5182267346645325,0.5432731284436652,0.5349399558864334,0.5235263038455318,0.5329296703186399,0.5238954972103498,0.5128521102644905
S2,180,0.5232512269207092,0.5469500753891671,0.5386581509049797,0.5277798172470457,0.5366638550269682,0.5277468269635763,0.5170351775631491
S2,181,0.528331606928767,0.5507712077476936,0.5427292994537961,0.5322553074437367,0.5404817718522142,0.531776988153324,0.5213194542189106
S2,182,0.5327259214523635,0.5539650872687742,0.5460223326667266,0.5360313974791687,0.5438011417039775,0.5352094827125159,0.5250902102809878
S2,183,0.537050656082085,0.5572911939131397,0.5493935750833908,0.5398463694061251,0.5472428554092706,0.5386962134872495,0.5289089956959443
S2,184,0.5417167716108299,0.5607449657665361,0.552876572614048,0.5437420840480832,0.5507922374715744,0.5422566203998875,0.5328263369615122
S2,185,0.545929596668504,0.5638990878606795,0.5560692954570561,0.5472716080863103,0.5540723832852914,0.545609153000272,0.5364515501147417
S2,186,0.5500875387544751,0.5670266373076271,0.5592319885517483,0.5507283881858908,0.5573342979968325,0.5489370116427037,0.5400234879258162
S2,187,0.5541037417895106,0.5698533478477124,0.5620880277841369,0.553934275420063,0.5603275528613288,0.5520010246321817,0.5433247169438103
S2,188,0.55822999234909,0.5730190710607597,0.5652021256401472,0.5574486676944443,0.5636490753641029,0.5553694190585113,0.5468782425516384
S2,189,0.5622568776893344,0.5759067580079719,0.5680479090626147,0.5606852617250814,0.5667197695695751,0.5583991739343223,0.550169609454635
S2,190,0.5664980561204981,0.5791774835684653,0.5712968262699331,0.5643276767120642,0.5701033179347016,0.5617958263474536,0.5538199304951505
S2,191,0.5707354764354848,0.5823194657130014,0.5744203301619349,0.567860672187019,0.5733778690085417,0.5651110075578002,0.5573728183931271
S2,192,0.5759886164374802,0.5865116300084903,0.5784043619201156,0.572053670157457,0.5775794334584147,0.5691370662186498,0.5615499945629793
S2,193,0.5808940909481997,0.5904632028700606,0.5822517751778563,0.5761190318749961,0.5815512384025493,0.5731362533809051,0.5655989824765788
S2,194,0.5850761323486688,0.5936225349963574,0.5854362993368791,0.5795170592040929,0.584799113780799,0.576523289342963,0.5690660667323857
S2,195,0.5895527306904826,0.5969419377922871,0.5888562056206014,0.5833023248730465,0.5881750142214899,0.5800898643490353,0.5728078052308431
S2,196,0.5946576551647326,0.6008131835805428,0.5929739982784492,0.5876657305658315,0.5920398885327103,0.5841797253473051,0.5771071381903361
S2,197,0.5993400386118538,0.6044078885439946,0.5967323052239277,0.5917166156641452,0.595718246682881,0.5880974210073405,0.5812135411728838
S2,198,0.6034300502534738,0.6075251695915255,0.6000086748932809,0.5952394059100972,0.598914777319482,0.5914650633473709,0.5847731614477397
S2,199,0.6069224358962338,0.6099876692986266,0.6025839937379281,0.5980616686636687,0.6015059295802457,0.5941965311807039,0.5876637362106233
S2,200,0.6108312213870637,0.6126566478025888,0.6053923214808373,0.6010703089346633,0.6042822285090835,0.5971038201448367,0.5906811788690091
S2,201,0.6148609301056802,0.6156134667649656,0.6085001072878841,0.6043399491657055,0.6073549897264258,0.6003362878690566,0.5939555904239321
S2,202,0.618808004744254,0.6185958887023106,0.6115300000564519,0.6076343083666312,0.610389711486584,0.6034803721292906,0.5972216325264902
S2,203,0.6231430664604881,0.6219870838463689,0.6150196854442003,0.6112943781500241,0.613737001215457,0.6069196827473836,0.600759258840771
S2,204,0.6272087342960705,0.6250881678468384,0.6181605630324803,0.6146505379217585,0.6169221234272918,0.610234557061144,0.6041422001821098
S2,205,0.6312905438952536,0.6280041781561362,0.6210640994401526,0.6178329734175797,0.6199253023202844,0.613363140918176,0.607356112881826
S2,206,0.6356237347459626,0.6313176513122576,0.6244674359013361,0.6213468721963314,0.6232294386654238,0.616760690282001,0.6108520756235426
S2,207,0.6396396682743622,0.6343578539590219,0.6276378154619773,0.6246293586972905,0.6263920890427467,0.6200042350313916,0.6141898956484745
S2,208,0.6445595186932905,0.6380794249823112,0.6314400627642908,0.6285653362692036,0.6301754059772634,0.6238833845106835,0.6181114981515846
S2,209,0.6490368932798164,0.6417422553577219,0.6351686144476764,0.6323987330403208,0.6339501891101783,0.6277829393647804,0.6220236595249565
S2,210,0.6532357777168071,0.6449481191926808,0.6383370876085289,0.6357926763960929,0.6372499628464471,0.6311861482338957,0.6255002924691296
S2,211,0.6576026264935557,0.6483547716105688,0.6417240727923383,0.6393089357241601,0.6407677402389971,0.6347855217062527,0.6291324373753319
S2,212,0.6614692294472628,0.6513155263910968,0.6447310655849962,0.6424188990729767,0.6438382975028869,0.6378840390836915,0.6323563732674573
S2,213,0.6654255094744088,0.6541754680882738,0.6476401246343776,0.6454703482141091,0.6468866932632572,0.640964265299274,0.6355761343875961
S2,214,0.6694694409422668,0.6573770903628731,0.6507984096503394,0.6487548344202664,0.6501559539030825,0.6443109946369353,0.6390027325289587
S2,215,0.6736336787081297,0.6603225582124741,0.6537652438384964,0.6518576159454709,0.6532981447341601,0.6475635604746289,0.6422906937538833
S2,216,0.6780946859179446,0.6638347269830813,0.657369848074553,0.65550398528325,0.6568588432172905,0.6512522232443075,0.6460009261071908
S2,217,0.6826793121968202,0.6673094443374611,0.6609246252353167,0.6593027401963347,0.6603548387880168,0.6548269629708109,0.6496677302167083
S2,218,0.6884478289213684,0.6720903227698148,0.6658047663153018,0.6643193441526777,0.6650574233556434,0.6596145206000364,0.6544643538857798
S2,219,0.6938775121303147,0.6762875274536457,0.6701188962118946,0.6687147383701467,0.6693450955335267,0.6640685587286198,0.6589528111793057
S2,220,0.6991443128473179,0.6804510544587017,0.6743091601447307,0.6731498333891119,0.6735807103629687,0.6684606971537389,0.6633606794541228
S2,221,0.7038203049410762,0.6837745520039945,0.6777161420747932,0.6766598149153591,0.6770502888317491,0.672035138471034,0.6670175278505722
S2,222,0.7085040059547327,0.6874206748426875,0.6814496929679549,0.6804578831740336,0.6807821349872559,0.6758528398990262,0.6708991064841682
S2,223,0.7132323359464993,0.6912626656800759,0.6853110620828924,0.684480895657039,0.6845991608595051,0.679687384806623,0.6748349925832132
S2,224,0.7187823396716357,0.6956432886950055,0.68977281118398,0.6890444712297514,0.6890079926392566,0.6841362263845067,0.6793513452952783
S2,225,0.7229335594180727,0.6990947642764287,0.6932553249454009,0.6926078378456816,0.6925328083986034,0.6877589144377739,0.6830221928838256
S2,226,0.7265279676053312,0.7018835183067232,0.6960412751547228,0.6954988392998014,0.6954685070433498,0.6908250052506046,0.6861087086363192
S2,227,0.730242811726558,0.7047886259987205,0.6989946566406321,0.6985234432751304,0.698525010973367,0.6940236584028305,0.689282315793773
S2,228,0.733934574133138,0.7077761710349343,0.7020530707261302,0.7015928338973949,0.7016593953660878,0.6972663416071105,0.6924989922337069
S2,229,0.7373468215962232,0.7105337669906343,0.7048567034445217,0.7044096788560227,0.7045753241103445,0.7002713843715908,0.6954990908650385
S2,230,0.7404435650385717,0.7129700588365165,0.707309484467271,0.7069684686815534,0.7072187389633596,0.7029485507847815,0.6982158072668216
S2,231,0.7436354102207503,0.7155388814374678,0.7099282226295985,0.7096629523871307,0.7099644586593886,0.7056989081028808,0.7009906155471713
S2,232,0.7465811294793075,0.7179943655162625,0.7124303422830118,0.7122033834695068,0.7125739629960423,0.7083099560306768,0.7036371497391345
S2,233,0.7495816472093476,0.7203169500507186,0.7147443055981132,0.7145496370778268,0.7150351531567997,0.7107496349492283,0.7061531776029284
S2,234,0.7525308718429906,0.7226866050259037,0.71712847854126,0.7169713855837512,0.7175387660627601,0.7132291464973588,0.7086776843730198
S2,235,0.7556232030744966,0.7254119691199884,0.7197883678730311,0.7197612383656793,0.7203623750232535,0.7161084029518253,0.7115443512732714
S2,236,0.759170284113198,0.7285653240078389,0.7228902236797554,0.7230725903701499,0.7235676454478339,0.7193055635097739,0.7147881471617928
S2,237,0.7624690699226218,0.7314129329580941,0.7257876943886256,0.7260968992779591,0.7265961673606213,0.7224016612925049,0.7178953100259946
S2,238,0.7657481797414526,0.7343162977803099,0.7287854803198893,0.7291802490652305,0.7296059677562879,0.7254905031039707,0.7210061156465853
S2,239,0.7693200789856287,0.7371883431944568,0.7316830638773059,0.7321211785374703,0.7325412321930299,0.7284669110483328,0.7240638980707819
S2,240,0.772253860646451,0.7396090922642731,0.7341298020596695,0.7345708689089728,0.7350714983352361,0.7309884259543885,0.7266698825329782
S2,241,0.7746887736460476,0.7416576383481865,0.7361854291514396,0.7366755801078121,0.7372670852172544,0.7332137265744745,0.7289578532454234
S2,242,0.777646665560429,0.744304851999659,0.7389269485360702,0.739471980377254,0.7399761633176937,0.7359662122592109,0.7317252771700815
S2,243,0.781291973665501,0.7472919852521525,0.741964994955265,0.742499795219935,0.7431206053075824,0.7391661540469325,0.7349184775779413
S2,244,0.7847556837825298,0.750335827526433,0.7450873304805675,0.7455980591597794,0.7463040987835999,0.7423757907931802,0.7381460580306567
S2,245,0.787859442453238,0.7529940200426323,0.747781150749531,0.7482867469096138,0.7491399058381002,0.7452180084202725,0.741024478106216
S2,246,0.7913127589649407,0.7560765073853024,0.7509658796269015,0.7513740385833217,0.7522776843596758,0.7483980543376881,0.7442250457612514
S2,247,0.7949807715143492,0.7592264854102289,0.7541729590383269,0.754532811832876,0.755481508609806,0.7516575375517393,0.747500882510075
S2,248,0.7988805051096675,0.7629885463285748,0.7580288167483733,0.7582630167170415,0.7591116507187395,0.7553586749213648,0.7512043971721513
S2,249,0.8021556431603206,0.766086161189628,0.761176475741532,0.7613595267460566,0.7622489131467555,0.7584738512557198,0.7543607282035864
S2,250,0.8050800510759999,0.7687303134477746,0.7638182484313051,0.7640596953613953,0.7650189524690223,0.7611971083483763,0.7571725058446023
S2,251,0.8079571366599368,0.7714074132947693,0.7665541695022628,0.7668014984311845,0.7677980438792972,0.7639545000840918,0.7600046929237879
S2,252,0.8107326989657923,0.7741470544767096,0.7692896856294167,0.7695880795698384,0.7705551525335036,0.766750771786107,0.7628320965209383
S2,253,0.814316099212934,0.7772443386840304,0.7723915832131458,0.7727699289902482,0.7736770918610206,0.7699090345460644,0.7660236496564262
S2,254,0.818264812936062,0.7807152546254744,0.775887426079358,0.7763935215445696,0.7772144786258833,0.7734762366053515,0.7696136658114788
S2,255,0.8226560223463348,0.7847066230660654,0.7799262537722697,0.780508935768544,0.7812479817306034,0.7775742884337559,0.7736820730707582
S2,256,0.8267985388185978,0.7889159385827816,0.7841633590701452,0.7849085441709015,0.7855102328788615,0.7819676451912221,0.7780197079847326
S2,257,0.8306994801848224,0.7924692314962911,0.7877614087812189,0.7884805637147944,0.7891459299073292,0.7857134214501241,0.7817309522848291
S2,258,0.8343495270485596,0.795880689663985,0.7912554011620304,0.7919423761179958,0.7926277551575039,0.7892867865235186,0.7853000623714519
S2,259,0.8374505869654831,0.7988222218444054,0.7942413250105621,0.7948656487970003,0.7956765207962043,0.7923712107429014,0.788412545739722
S2,260,0.8403130186961275,0.8016447943918835,0.7971357679375739,0.7977009203145391,0.7985525539245609,0.7953064553053752,0.7913522340073356
S2,261,0.8432153779318742,0.8045425321753755,0.8000648691918456,0.8005795148946176,0.8014964342467081,0.7982831717228097,0.7943155359536145
S2,262,0.8460509985676635,0.8069999982274253,0.8025315284049113,0.803046177850376,0.8041167165003923,0.8009162928440637,0.7969708171250266
S2,263,0.8492450875558611,0.8099258596005823,0.8055247011570003,0.8060572856877845,0.8070326053037308,0.8038723240176632,0.7999423736935031
S2,264,0.8522560203857392,0.8126345762662719,0.8082847479404427,0.8087639913610365,0.8098480351944742,0.8067141173633622,0.8028188108197316
S2,265,0.8550372033080853,0.8151569708498475,0.8108545356256472,0.8113106836648663,0.8124896752211876,0.8093610645742925,0.8054977484702709
S2,266,0.8572617369005578,0.8170962630881186,0.8128319823565935,0.8133176046176862,0.8145820838816104,0.8114593811531611,0.8076664890002805
S2,267,0.8599672125136316,0.8193575074736329,0.8151195407143714,0.8156964412815938,0.8170041444041942,0.8138913757893382,0.8101603206904917
S2,268,0.8633174842192758,0.8221155852071516,0.817861626550238,0.818499263913997,0.8198398518157709,0.8167361137517796,0.8130635180032596
S2,269,0.8672988672738621,0.8255624833829099,0.8212882606374793,0.8218821228029333,0.8230026813823983,0.8199257338189044,0.8162819739886933
S2,270,0.8707991086791372,0.8287492776592428,0.8244886200261359,0.8251257917082001,0.8261671625686183,0.8231212718163204,0.8194989610315148
S2,271,0.8735825790486447,0.8314437234982415,0.8271666038298554,0.8278464015180368,0.828898115277407,0.8259148426272409,0.8223142877383727
S2,272,0.8762627599188835,0.833906394804728,0.8296397926275834,0.8303801870302103,0.8314445670282996,0.828507731340034,0.8249714759102792
S2,273,0.8784546774682269,0.836087542889941,0.8318679538792694,0.8326412533630679,0.8337012264054485,0.8307574489343469,0.8273262958658011
S2,274,0.8800899412192578,0.8376837539524506,0.8334594785406191,0.8342313181471394,0.8354315675638057,0.832476965947055,0.8291353242148322
S2,275,0.881755421161807,0.8393624545238577,0.8351708806005388,0.8359329511364249,0.8371823863388066,0.8342129301089459,0.8309541906666463
S2,276,0.883611419014191,0.8415116020037349,0.8373570292923201,0.8381252690666764,0.8393976409321827,0.8364530889867074,0.8332133173788007
S2,277,0.8858699376985089,0.8437585457791806,0.8396091437491392,0.8404434844783842,0.8417413582528038,0.8388133989000858,0.8356100704782211
S2,278,0.8881586878934132,0.8461269503091469,0.8420816425501605,0.8428864229261587,0.8442395892018665,0.8413530018205547,0.8381768023255532
S2,279,0.8902190378884933,0.848282592795371,0.8442804228552586,0.8451452746625129,0.8464625913415116,0.8436360305108401,0.8404876208363635
S2,280,0.8922669101209948,0.8503944232630807,0.8464141110813532,0.847265805024965,0.8486633771621065,0.8458607278397956,0.8427603623410894
S2,281,0.8943225230940778,0.8524098974516631,0.8484566916035633,0.8492544027445916,0.850753129061447,0.847975871610979,0.8449035795934696
S2,282,0.8966713895769646,0.8547671139621266,0.8509374248302243,0.8516597420236689,0.8532582063877405,0.8504994887461836,0.8474412184311478
S2,283,0.8986420393848058,0.8569015571934501,0.8530837648877767,0.8537882996733268,0.8554640877882761,0.8527533396435202,0.8497216669710962
S2,284,0.9004207379206366,0.8588402433580108,0.8550299140396186,0.8557115215293134,0.8574733674978456,0.854802732492753,0.8518173980881955
S2,285,0.9022518586209529,0.8607254777635028,0.8569715448515972,0.8576032086367825,0.8594414127507563,0.8567628318860913,0.8538573408240024
S2,286,0.9037651880739943,0.8624950263606317,0.8587438909179451,0.8593416505911845,0.8613030492200932,0.858613896321217,0.8557733981483117
S2,287,0.9051889210402799,0.8641055405950877,0.8603655188768551,0.8609402097709142,0.8629694289871918,0.8602527049813155,0.8575006565989082
S2,288,0.9063582331525435,0.8653967663986405,0.8616749859567807,0.8622043961594341,0.8643666268532343,0.8616215845945344,0.8589615021545113
S2,289,0.9074650624467261,0.8666101988900774,0.8628865643380131,0.8633940130872014,0.8656751762766639,0.8629052720314978,0.8603381805629097
S2,290,0.9086678829928797,0.867975061497417,0.8642937529823104,0.8647907913140003,0.867165097865194,0.8643546933347226,0.8618466034990883
S2,291,0.9099131431203878,0.8694588584910554,0.865808293423504,0.8663448055458403,0.868785533667463,0.865973083411879,0.8635142269988868
S2,292,0.9113424324214333,0.8713635959666911,0.8677563727323221,0.8682980460912865,0.8707135237277658,0.8679006703213629,0.8654759767776801
S2,293,0.9127474757904582,0.8732227041957636,0.8696471463530924,0.8701663991445893,0.8725876404174083,0.8697686509610976,0.8674065904295986
S2,294,0.9140422317093546,0.8748044817681421,0.8712599469687032,0.8717023301786503,0.8742374478366434,0.8714374048733206,0.8691172164002667
S2,295,0.9152672530630468,0.8763386658745254,0.8728407760789849,0.8731789699923982,0.8758441998194567,0.873046372337111,0.8707800460305025
S2,296,0.916484701077621,0.8779424969593372,0.8744765980529409,0.8747217316895174,0.8774971412871521,0.8746940461802927,0.8724705518553809
S2,297,0.9178009061092396,0.879572041724028,0.8761575433597687,0.8763122919305923,0.879225286900585,0.8764366425179029,0.8742518146213204
S2,298,0.9194879663539398,0.8818154230201111,0.8785065129677497,0.8785720061524984,0.8814531929299362,0.8787431120126281,0.8765297751002188
S2,299,0.9207830060771324,0.8835157248481664,0.8802728111575697,0.8802885412363194,0.8832805996110485,0.8806285992623634,0.8784273295247741
S2,300,0.9220308724247988,0.885184977433478,0.8820361136059695,0.8819609428099292,0.8850547136303696,0.8824358114547682,0.8802746658838131
S2,301,0.9234326882560152,0.8871657574391509,0.884073038847477,0.8839244724889014,0.8871180327428903,0.884526152135598,0.882386738882655
S2,302,0.9250913019957131,0.8893321470794697,0.8862881564568446,0.8860939388587112,0.8893192113000233,0.8867546821487489,0.8846340619234562
S2,303,0.9265565249084293,0.8912610674664767,0.8882452891355456,0.8880233172617412,0.8913319041061426,0.8887915359838413,0.8867112392379078
S2,304,0.9276580506990489,0.8927494123066276,0.8897645544253998,0.8895368626065633,0.8929376942730737,0.8903944558765584,0.8883846772695057
S2,305,0.928748295359136,0.894273883615564,0.8913666459518967,0.8910825593835168,0.8945184737720294,0.8919714751369039,0.8900202987351036
S2,306,0.9298200535762294,0.8956722336662575,0.8928064887872617,0.8925178350156404,0.8959865233710408,0.893444102910303,0.8915560980382349
S2,307,0.9310582570042155,0.8970670200254813,0.8942290840054492,0.8939053753849444,0.8974749752574175,0.8949311280310416,0.8931062711180379
S2,308,0.932326688877966,0.8987081026257817,0.8959264279512268,0.8955170388515733,0.8991795795479888,0.8966191976677428,0.8948633794381148
S2,309,0.9333375626695045,0.9000945485365733,0.8973983315563555,0.8969811696389925,0.9006225466553497,0.8980492694518226,0.8963781674712661
S2,310,0.9342477667990899,0.9013496692409859,0.8987064641658252,0.8983438081300901,0.9019501757575723,0.8993816891113086,0.8977920833418089
S2,311,0.9351589338317856,0.9027119374549634,0.9000984701370595,0.8997395457190698,0.9033444687945663,0.9007915737689575,0.8992465812264562
S2,312,0.9362577255864957,0.9042130948886938,0.9016846136270436,0.9012369999541591,0.9048856479700316,0.9023560453218485,0.9008388034075344
S2,313,0.9372527653893602,0.9055603251979577,0.9030565120894474,0.902577160787773,0.9062844009444517,0.9037740036183614,0.902297946338658
S2,314,0.9382975948840246,0.9071055589709863,0.904625885594996,0.9041732259897787,0.9078085259337838,0.90533398425926,0.9038860258984124
S2,315,0.9392287564132755,0.9084158340136207,0.9059812041812508,0.9055377343086289,0.9091836800778808,0.9067536755329176,0.9053289982442975
S2,316,0.9400637103465181,0.9097177751336171,0.9073370654524578,0.906862613472152,0.9105547680404827,0.908191710212879,0.9067737855232448
S2,317,0.940928707309609,0.9112417833377026,0.9089184438935866,0.9084098037528219,0.9121168094064238,0.9098107645770185,0.908405472387861
S2,318,0.9416821652586685,0.9124642835628161,0.9101855679984191,0.9096818926706279,0.9134210195127154,0.91115302729352,0.9097962787853616
S2,319,0.9423899106829605,0.9134903893286873,0.9112458454651037,0.910741765024936,0.9145248654209834,0.9122758011330528,0.9109871383678633
S2,320,0.9432782411117332,0.9149195502457302,0.9127659866392154,0.9122208443423927,0.9159533640796544,0.9137372366494194,0.9124933123813134
S2,321,0.9441482348760533,0.9163735114132081,0.9142762420391534,0.9137146204830412,0.9173788858616779,0.9151990374620146,0.9140052285882024
S2,322,0.9452911189054919,0.9181609241535134,0.9161318655758655,0.9155625318127287,0.9191254742614853,0.917020958653823,0.9158429254546747
S2,323,0.9463938923526607,0.9200560094555206,0.9180861507752363,0.9174761076504899,0.920954748377366,0.9189296032052159,0.917753745468759
S2,324,0.9473716850093368,0.921818603121292,0.9199010649676583,0.9192469529867702,0.9227335041723855,0.9207693552033861,0.9196112941379438
S2,325,0.9484477577280365,0.9234794306027081,0.9216506670967235,0.9209290800655304,0.9243041072049465,0.9223879363078543,0.9212849312121568
S2,326,0.9494842705482319,0.9252578234688005,0.9234568897733385,0.9226667796519192,0.9258731993932371,0.9240185048483012,0.9229626518211296
S2,327,0.9505625487517211,0.9271333347336758,0.9254195395338664,0.9245931819542356,0.9277639630654169,0.9259643361036876,0.924925570395264
S2,328,0.9522092640707862,0.9293087566996271,0.9276548772642889,0.9268020696509789,0.9299237303348189,0.9281763516130744,0.9271403943042849
S2,329,0.9535397654637368,0.9312012410962323,0.9295955630595919,0.9287854203556551,0.9318303806266636,0.9301272093869838,0.9291140827335823
S2,330,0.9549812774792101,0.9331601572764026,0.9316061717211728,0.9308033627866732,0.933758399597345,0.9320856288488285,0.9311212452435912
S2,331,0.9564605184075239,0.9352292531207104,0.9337367645564607,0.9329092483392987,0.9357881564630431,0.9341443306678473,0.9332136317819045
S2,332,0.957983605001771,0.9374130859163972,0.9359787836111756,0.9351113859823925,0.9379027164651856,0.9363126686275809,0.9354146459240439
S2,333,0.9591963867077998,0.9389160623438246,0.9375102266164441,0.9366656370598017,0.9394600842206322,0.9378970717967147,0.9370581267601016
S2,334,0.960297026535057,0.9407302268592185,0.9394399722003305,0.938590963391884,0.9412670067535629,0.9397668927557742,0.9389665069134212
S2,335,0.9617104009573211,0.94274103335045,0.9415124885451058,0.9406666859966057,0.9433321461142642,0.9418896153522173,0.9411090498165043
S2,336,0.9629947764566685,0.9447751905910474,0.9436261385874578,0.9427754869733039,0.9453788676225331,0.9439866216202013,0.9432163131581767
S2,337,0.963985265693384,0.9462584216526793,0.9451615654230809,0.9443125452868492,0.9469255325931333,0.9455693806171092,0.944828602983422
S2,338,0.9648799991813144,0.9476255121944144,0.946539630079719,0.9457474661445447,0.948358071045044,0.9470234809048459,0.9463298611735226
S2,339,0.9660220364383812,0.9493028549000875,0.948235629839948,0.9474657366334633,0.9500076753601309,0.9487016822564405,0.9480533514329236
S2,340,0.9672382916663975,0.9508379818516227,0.9497916361008654,0.9490576498000323,0.9515602618855841,0.9502740159616199,0.9496708673701703
S2,341,0.9683130022564337,0.952227327329465,0.9511936122752644,0.9505469586700408,0.9530550991594641,0.9517708175072547,0.9512304992387678
S2,342,0.9695256124254947,0.9535962557907831,0.9525727300151257,0.952017280224245,0.9544884563635989,0.9532502996427829,0.9527385045422733
S2,343,0.9708329806069446,0.9554532850500286,0.9544785599646951,0.9539625290457551,0.956356132897899,0.9551392451278923,0.9546404894948711
S2,344,0.9719764618300721,0.9574446980062279,0.9565163723600173,0.9560627431326497,0.9583561484635718,0.9571965317987265,0.9567157417245976
S2,345,0.973249379803167,0.9592528688713597,0.9584060512128136,0.9579506198587936,0.9601078341529794,0.9590446060726606,0.9585515140638442
S2,346,0.9742595265089048,0.9608938344698387,0.9601022278914108,0.9596595020926139,0.9617602916075599,0.9607623317738949,0.9602822716453518
S2,347,0.9754284570675071,0.9626927114819839,0.9619875888118011,0.9615228656506559,0.9635188825914155,0.962632574598855,0.9621294245851902
S2,348,0.9769507139708867,0.965247923835058,0.9645861132940643,0.9642185658197493,0.9659036879751189,0.9651014282834555,0.9645634543460241
S2,349,0.9785471023504172,0.9675228663827334,0.9669345993697002,0.9665485219298053,0.9681933443045834,0.9674443171701251,0.9669415654697935
S2,350,0.9801117157265645,0.9698518940112675,0.969256460486036,0.9689387514384135,0.9704245993291335,0.9697173685133417,0.9692993937490312
S2,351,0.9815078385446814,0.9717648605589329,0.9711942654114656,0.970905320233588,0.9723250662071502,0.971609908537752,0.9712801038645518
S2,352,0.9831223845697757,0.9736554252774261,0.9730676594777835,0.9728557632552565,0.9741679872433212,0.9734631989184311,0.9732028054409251
S2,353,0.9849274229620789,0.9763017021481096,0.9758524877008734,0.9755811411025687,0.9767371148984908,0.9760915108784621,0.975877400316386
S2,354,0.9860931229391718,0.9779842953685739,0.9775847731059477,0.9772947386405587,0.9784906729478834,0.9778835658374346,0.9777076139370674
S2,355,0.9871474570802812,0.9795379529805939,0.9791766271163501,0.9788887131658129,0.9800874388673426,0.9795037251238558,0.9793855923573718
S2,356,0.9883447734552263,0.9817067752853211,0.9813400841101267,0.9810915974611516,0.9821212450507448,0.9815897444698862,0.9814968617528276
S2,357,0.9898027808230156,0.9840687375725071,0.9837336365242632,0.9835542994256954,0.9844779613326645,0.9839824814540025,0.9839371624772206
S2,358,0.9909508021626283,0.986130810475735,0.9858279568415768,0.9857621212441177,0.9865265217122247,0.9860963827637156,0.9860934141137911
S2,359,0.9920412847015675,0.9880191905290467,0.9877495331916017,0.9877753418827171,0.9884639132359249,0.9881261357829244,0.988142376048771
S2,360,0.9931697435873935,0.9898192633013922,0.9895869400766105,0.9896196610385991,0.9902790371831371,0.9900449640648897,0.9900515581556214
S2,361,0.9948020065853967,0.9925785213249844,0.9924253062739391,0.9924052078823424,0.9929431006421442,0.9928424483425436,0.9927614995975147
S2,362,0.9961477740009661,0.9947003747247108,0.9945909250253556,0.9945554228320043,0.9950795185841402,0.9950473008119354,0.9949395627880234
S2,363,0.9979110555009043,0.9968727494621058,0.9967909670121572,0.9967438154480383,0.9971846773142975,0.9971858306141211,0.9971042693192675
S2,364,1.0,1.0,1.0,1.0,1.0,1.0,1.0
S3,0,0.0011902967365026967,0.0019151348191478994,0.001901077885277074,0.002000747785307841,0.001913636708334189,0.0019434693876343636,0.001962722764546882
S3,1,0.0022480263117669163,0.0035474212028355425,0.0034805073564287223,0.003754981705488721,0.0035365356698539474,0.003552110556598268,0.003683168353579553
S3,2,0.003276831403237952,0.005119453104437449,0.004976604756065572,0.005456942631567268,0.00510286403972679,0.005072416269379309,0.00535784685524122
S3,3,0.004386356259783448,0.00686122105546733,0.006602538531498459,0.007347880338188711,0.006851998337434599,0.006690307675866181,0.0072082558549732
S3,4,0.005598821234494331,0.008940338171592729,0.008381935255317682,0.009576858200921487,0.008931448410209113,0.008453376899816506,0.009280837620733536
S3,5,0.00682894499599373,0.01123134526118001,0.010334570256712,0.011974464625032894,0.011211119489687954,0.010406189029660297,0.011541508333589322
S3,6,0.008024652766874167,0.013210074148417482,0.012081453962663039,0.014080290290703713,0.013190945215093236,0.01215352761187046,0.013600499916131428
S3,7,0.009434375747812558,0.015351304844814676,0.014114458263104276,0.016335094625598432,0.015343981948553775,0.014175403734657659,0.015860225053822525
S3,8,0.010909020425214282,0.017726377510921862,0.016437840117615284,0.018823624893327128,0.017683844149913894,0.016420042313156875,0.018364936862141447
S3,9,0.012184845324008528,0.019718957930217343,0.018473592164927517,0.02100703445094453,0.019701549360579804,0.01848421223747147,0.020544308821307766
S3,10,0.013431661212172197,0.021504255248131935,0.0204197616437792,0.023029172638617926,0.021481548048248315,0.02041056623836317,0.02251859833056002
S3,11,0.01479932049910058,0.023468403542942055,0.02258056380665878,0.025141309446358475,0.023389073144804606,0.022494144389386423,0.0245762566911875
S3,12,0.0160622903907441,0.025270525519827485,0.02444674411002422,0.02703765051280867,0.02513926745555635,0.024336278902779427,0.026436621807403204
S3,13,0.01731852802675141,0.026980024169290972,0.02618269313430753,0.028859492390569712,0.026831898738726063,0.026063261454781748,0.02822470967426143
S3,14,0.01877244619024732,0.029037103756932428,0.028235897251502547,0.03096839302203533,0.028857936312819504,0.028001304376868093,0.03029446717821963
S3,15,0.02025168297285048,0.031223009761788073,0.03023095404378845,0.03316838649104528,0.03096127292169587,0.029852990977658134,0.032421652421072845
S3,16,0.021797112465706956,0.033548606770630526,0.03227412149613404,0.035524396369820604,0.033236492689138274,0.03188883756789906,0.03470592097599571
S3,17,0.0233743473373053,0.036036822828617567,0.03465807875217222,0.03808972255801054,0.03567260999275287,0.03428852615494793,0.037164481227570594
S3,18,0.02525029997901575,0.03863385757076058,0.0372332340402085,0.04071880588408925,0.038216921934519914,0.03686308454142168,0.03974752437874732
S3,19,0.027669057394431307,0.042118915435211506,0.040549822986696696,0.04404576847823386,0.04149390891061478,0.04019344007484404,0.04300244021133407
S3,20,0.02981789816608813,0.04499035461408553,0.043252856128635685,0.04684463084151006,0.04427284415733315,0.042872273559803685,0.04576991995503679
S3,21,0.031640274266746864,0.04738381779277445,0.045576125690032235,0.04927952472652613,0.04658158960424613,0.045108286171206734,0.04816900329935087
S3,22,0.033475304135808695,0.04977860857475069,0.04773877715172123,0.05169767946200006,0.0489203905886297,0.04712208667840304,0.05054781595342069
S3,23,0.03550538480993418,0.052448408165742415,0.050128562698351815,0.05432322030725588,0.051501195097999934,0.0493842010434427,0.05314686589699754
S3,24,0.03768362284692935,0.05537877195929344,0.0526718161484304,0.05713655682422412,0.05427298134890698,0.051757202700770284,0.05590359107349215
S3,25,0.03983618744739947,0.05853785054900653,0.05523561608823796,0.060062552620860916,0.05726644115299533,0.05415346837098711,0.058752306957493505
S3,26,0.04194428266730429,0.061180523353632665,0.05772163578116197,0.06269152139223284,0.05982116091950493,0.05655023772815728,0.06134019108079832
S3,27,0.044515894984788175,0.0645411275497754,0.06069243704242981,0.06590960828870107,0.0629903113207324,0.059356572421697035,0.06446685228346903
S3,28,0.047141130464941436,0.06813567050882159,0.06387337721346616,0.06937691721677074,0.06642459074479622,0.0623671099253478,0.06772954663800589
S3,29,0.04953338523682447,0.07119726227802126,0.06671194913721079,0.07269207236461366,0.06945794017289142,0.06520654204340486,0.07078950532281943
S3,30,0.05168496353251606,0.07371803026441208,0.0693709697600587,0.07553231530462055,0.07196848649525579,0.06788342718119288,0.07346191994507965
S3,31,0.05361815780844463,0.07582865692423922,0.07181833542671967,0.07809689721312153,0.07407112700552047,0.0703691142080645,0.07579655857217611
S3,32,0.055641940437145765,0.07811551912437029,0.07432873690273722,0.08068595449733132,0.07629766963648521,0.07285731673518131,0.07821054356323935
S3,33,0.057655581595369744,0.08049560417847305,0.07677465752887923,0.08323197793899148,0.07864626082926662,0.07528069649390166,0.08067888327313115
S3,34,0.059478669109416,0.08248967327154305,0.07875708274906285,0.08540721421484039,0.08062778977614941,0.07727490431569906,0.08279338759564481
S3,35,0.06126129736216875,0.0844756382004891,0.08062526210526906,0.08750616965510091,0.08257749315291751,0.07916569991184197,0.08484044864256095
S3,36,0.06316156856675825,0.08661561840414544,0.08262986780813623,0.08966797669412557,0.0846932738734056,0.08115149785383347,0.08695664636515006
S3,37,0.06511425440963466,0.08877765019533275,0.08461173449397619,0.09180668252724553,0.08681265682511591,0.08310007272423524,0.08904801377623546
S3,38,0.06735228466337734,0.09107487202846393,0.08675526415729343,0.09404915265861097,0.08903363677082703,0.08526955164262275,0.09126509948417678
S3,39,0.07014828682473069,0.09476435364265934,0.09015552638562449,0.09748314074616754,0.09251213694272171,0.08861036755385009,0.0946039230534053
S3,40,0.07246224926525324,0.09760400277719529,0.09277174372562143,0.10019108105632056,0.0953470185341831,0.0912755941980542,0.09728660200132722
S3,41,0.07456000457443435,0.10009301817000212,0.0950691191504099,0.10259742573706888,0.0977996675387992,0.09356072735262659,0.09967234381755351
S3,42,0.07670686347078523,0.10258641490804282,0.09739857564714016,0.1050801646233973,0.10022787645137332,0.09591633072685542,0.1021148152105203
S3,43,0.0789311046513691,0.10526346035141887,0.09985492098081529,0.10772891815590005,0.10282569099269094,0.09832066997080269,0.10472228130597638
S3,44,0.0809693799094916,0.10768357337313865,0.10188220400914948,0.10993138464932423,0.10521563215756262,0.10035648437531586,0.10693883865902871
S3,45,0.08314549796366229,0.11049267262062838,0.10420168375296182,0.11231271446377687,0.10792820119578045,0.10255244117869594,0.10934342753192001
S3,46,0.08573440265134794,0.11353852723951438,0.10674165172228652,0.11489979079680439,0.11085351434044727,0.10494888943441665,0.11191890445478013
S3,47,0.08862319719281002,0.1173526892099089,0.1098333634808539,0.11798341291715686,0.11450433786389762,0.10792768588482711,0.11493609635641477
S3,48,0.0910297916474177,0.1202580834850715,0.11210876771974258,0.12035830703930822,0.11734139717532614,0.11017483569718735,0.11729406578393468
S3,49,0.09352965272855153,0.12280836032726918,0.11427894840732532,0.12260940276466054,0.11980715958365144,0.11232018102063675,0.11952860250320342
S3,50,0.09622009445798468,0.12602803353396222,0.11716079857860458,0.12550026010496962,0.12291182596659898,0.11515110365620529,0.12239540048717668
S3,51,0.09853443174082355,0.12853075012332665,0.11946940884957093,0.12786515511923377,0.12538693591230396,0.11748428818652891,0.12472375920308666
S3,52,0.10081081753173389,0.1309565539390861,0.12171764494379621,0.13018233043659594,0.12775203336595134,0.11971325147398394,0.12700482077268885
S3,53,0.10302368738990947,0.1333701267564307,0.12369641259259984,0.13224059476238614,0.13009894995045648,0.12166051727844462,0.12903432260010217
S3,54,0.10513319455800325,0.13561955296278058,0.1255804529031642,0.13419323457355495,0.1322933953069515,0.12352317921503612,0.1309524081271488
S3,55,0.10756097910372234,0.13838964333599296,0.12786440061139356,0.13645595381654257,0.13493622579057635,0.12571538748634806,0.13316108570992016
S3,56,0.11026055688359532,0.14182325641673846,0.1304228720055386,0.13906914090635275,0.13819963329378948,0.1281768288459161,0.13572622305046333
S3,57,0.11319085536693857,0.1456273548758583,0.13341313633491533,0.1419566522358487,0.14182165722895365,0.1309992741814817,0.13854586639437658
S3,58,0.11603587881388511,0.14902255818746368,0.13605822371474022,0.14463237261303524,0.14504491111204704,0.13354610096582423,0.14115914985998243
S3,59,0.1193141352120855,0.15264408140497301,0.13907387998038692,0.14758645441121732,0.1484893289709148,0.13638701699209968,0.14401765182127985
S3,60,0.12268308455670543,0.15666664674918615,0.1425059162090432,0.15095373987789354,0.15234660177073445,0.13980708995101224,0.1473167254050525
S3,61,0.12637397850523446,0.16089189324389297,0.14596815859411907,0.15429410230999305,0.1563810554892587,0.14321643834569867,0.15055076580228385
S3,62,0.13037772373485443,0.16558747945051372,0.14991586428856388,0.15804420439820666,0.16085730074599805,0.14698038033212266,0.15418127322554195
S3,63,0.13368456752554564,0.16949262735895088,0.15302379841775893,0.16110028202025636,0.16465199576263015,0.15002010167955246,0.15718174416876995
S3,64,0.1364724617267741,0.17263362020792228,0.15554914605844128,0.16360354894942827,0.1677288747845023,0.15256637736322465,0.15958702791952792
S3,65,0.13896273656386765,0.1754282929667137,0.15778930121817275,0.16579243747455422,0.17041681997867467,0.15481943603835824,0.16167457737613522
S3,66,0.1412850567273413,0.1782267925805537,0.1599200457766771,0.1677570893197673,0.17316298616954573,0.15696182106863668,0.16355081295487933
S3,67,0.14347668921137663,0.1809777270315053,0.1619965787887583,0.16955279629805348,0.1758946756071289,0.15906976077097146,0.16526837510712702
S3,68,0.14575932199239974,0.18387185723757718,0.16424835270182445,0.17138194176679897,0.17874100706260587,0.16127924062771637,0.16699778994283898
S3,69,0.1479982671640905,0.18700073108008006,0.16648128790100275,0.1731427764337761,0.18180126102470626,0.16349018763832537,0.16868408459589687
S3,70,0.15060922641128693,0.19016350348559813,0.16893564933801342,0.1750606550071949,0.1849133796828012,0.16590485483263276,0.17049745783532866
S3,71,0.153692624888673,0.193686878017065,0.1717283820306946,0.1773484169632904,0.18836892580511536,0.16862153391873966,0.17267333793728443
S3,72,0.15709942248509445,0.1982456995789111,0.1746802939363168,0.1795964879733039,0.19274495424963653,0.17147608386471322,0.17483814094671865
S3,73,0.16034169149368221,0.20197751822600357,0.17755307529349634,0.18189164883598163,0.1964213889386541,0.17431554005973612,0.17704683613005437
S3,74,0.16366396629735003,0.2066427686355726,0.18066920009491721,0.18425449520932044,0.2009055158696742,0.1773671208272266,0.17929995006405586
S3,75,0.16678463942040594,0.21120921481466337,0.18389797197455357,0.18656979312403976,0.20533861140367635,0.1805484715881923,0.18151778151025832
S3,76,0.16983820778916212,0.21544309394599312,0.1872387837802501,0.18891992275847247,0.2094914317621538,0.18383980258802368,0.18374200144035002
S3,77,0.17354341385278282,0.21988863136065262,0.1908118636287585,0.1913465029251677,0.21379759184047395,0.18736317808672254,0.18608138421196274
S3,78,0.1769703493482325,0.22448597600718267,0.19431470468841638,0.19381103545818612,0.21821495557092796,0.190609475882508,0.18846356665897923
S3,79,0.17979233955934698,0.2278504450453975,0.19705473568312082,0.19577914867527257,0.2215865501659191,0.19334850024577913,0.19037304798857638
S3,80,0.18251361378138814,0.23133878699862148,0.1996967551410092,0.1976572570353059,0.22503206511096638,0.1960537108668057,0.1921902073245467
S3,81,0.1850221244726527,0.2344908954419815,0.20226784901570635,0.1994219019896968,0.22816503443778513,0.1986642837527198,0.19388486260952909
S3,82,0.18749223535477763,0.23767121670189204,0.2048204991274772,0.20123407693993675,0.23128000346501257,0.2012291263944365,0.195630712988216
S3,83,0.19038801281986537,0.24090713787908039,0.2075497839059216,0.20312176053170986,0.2344358008325016,0.2039736742589208,0.19745918185006264
S3,84,0.19382611521186888,0.24492379030794997,0.2109187806242951,0.20550054082214828,0.23834653958804816,0.20719291789028202,0.19974958327466377
S3,85,0.19719023164982075,0.24902298560506625,0.2142799425085088,0.20786836056316904,0.24240633352603094,0.21045259766582233,0.20193783110290042
S3,86,0.20040354595619203,0.2531531797649752,0.21731846485996623,0.2100312233501881,0.24646864041432592,0.21345103746248775,0.2039380623981364
S3,87,0.20364181628734668,0.2570447453060682,0.2204247363275749,0.21220294952556612,0.2502933799337597,0.21654132509009183,0.20589636476090215
S3,88,0.2069979081381644,0.2606139294692738,0.22397315625614206,0.21460711384348027,0.25382028201669565,0.22008345101913593,0.20817473627665495
S3,89,0.21025343860702847,0.2639782978852363,0.22733868569081095,0.2170729242170985,0.2571301333772986,0.22348161430958577,0.2105509443556383
S3,90,0.21334987897367272,0.2675655290146734,0.23052584257592026,0.21939454520174606,0.26062033483957175,0.22664423059312322,0.2128059086800246
S3,91,0.216439818013132,0.27110335146102144,0.23370749291200277,0.22175171846600994,0.26408260279076773,0.22976352524226584,0.21509033023975058
S3,92,0.2195305897129463,0.2746587063486859,0.23703831561300368,0.22420132551184657,0.2675593677781894,0.23304226812837361,0.21749633377100008
S3,93,0.22254901394892637,0.2782947096551431,0.24012408132985968,0.2265016343998192,0.27118005689935304,0.2361225218810352,0.21979911105574393
S3,94,0.22548275332516557,0.2821271642037617,0.24347812092863616,0.22892710272482977,0.27499366943723164,0.2393908274235376,0.2221596777488164
S3,95,0.22870457118785198,0.28649925595726905,0.24741256270536732,0.23196002431506152,0.2792410501569896,0.24312563632988873,0.22505064785605514
S3,96,0.23184705908651973,0.2905933828520129,0.2510481439078144,0.23480440026736568,0.28330144086790116,0.2466548043863873,0.2278576066028851
S3,97,0.23522572293896704,0.29508084003260615,0.25498210619051226,0.2378402714470517,0.28772168719724056,0.25043749296635004,0.23081070962550043
S3,98,0.23862300271928616,0.29959480447558784,0.25894152639917517,0.24084668459229971,0.29211867121079915,0.2543025395064428,0.23380138879005719
S3,99,0.24273169852393806,0.3044677386186268,0.26325045085759013,0.24445919751625156,0.2969533655660311,0.2584622187447391,0.23738166510504996
S3,100,0.24646038491906086,0.3091946765406209,0.2672573697603839,0.2477653521274531,0.30165608144521955,0.26247281381217374,0.24060638637983187
S3,101,0.24966904739621734,0.31322533870556496,0.2708259363464606,0.25057096045232813,0.30568985799243514,0.2660214270206567,0.24334964933716233
S3,102,0.25288848131996616,0.3171692073811203,0.2742722185622294,0.25330100573204684,0.3096127638120653,0.2694135803180739,0.24606946385456407
S3,103,0.25585946928679587,0.32092797696997954,0.27761358296145006,0.2559379458085813,0.3133679838449885,0.2727229073968834,0.2487072915368077
S3,104,0.2588204658929849,0.32453925092235403,0.2811693601284536,0.2584497272748538,0.31701357894538873,0.27634735048481057,0.25122252186194943
S3,105,0.26255129420783563,0.32881527730359655,0.2854218580925166,0.2616758470094274,0.3212710556721154,0.2805697447057652,0.2544084283766304
S3,106,0.26587586615459513,0.33348362415832244,0.2889034548500028,0.2642411101045765,0.32591058847181187,0.2840480581383296,0.2569343171143134
S3,107,0.2687189662997,0.33762908200342345,0.29210738023983357,0.26646291220957025,0.3300263363125681,0.2872064824915923,0.25909497500567225
S3,108,0.27136392415080235,0.341096091260585,0.2951499909034951,0.26853470252461137,0.3334855924613604,0.29021293538076764,0.2610994398207198
S3,109,0.2746316710634876,0.3449650715966585,0.29840790753753527,0.2706961858861621,0.3373002544243075,0.2934453756092911,0.2631644102901548
S3,110,0.2775958847758102,0.3489081665669909,0.3019746209011077,0.27291670012739416,0.3412123277315322,0.29696467294071155,0.26526359569404306
S3,111,0.28012778238999286,0.3523250477147994,0.3049149444680598,0.27470181924327625,0.3445991335894861,0.2999659250650521,0.26698432620485985
S3,112,0.28244939527127205,0.35547384407438365,0.3078643624611076,0.27649922572352187,0.34771914195297643,0.30292906252923185,0.26869488314762124
S3,113,0.2847153250070804,0.35859951789944927,0.310719484451958,0.27819043295167073,0.3507445184697328,0.30574152242856,0.2703479028010307
S3,114,0.28727428149703477,0.36176146301654877,0.31388134038586996,0.28009114336733504,0.35389440941982614,0.3089596830051129,0.2722190770192767
S3,115,0.290998612388681,0.3652113087812264,0.31787483146024603,0.28279360699293354,0.35737880136504857,0.31283092144021574,0.27498422728681254
S3,116,0.2955614750360304,0.3694956642760134,0.3217905558266568,0.28586049053283547,0.3616595377116986,0.3166700927733214,0.27808902118229023
S3,117,0.2990732254760348,0.37370066246024036,0.325665413061536,0.2886628218066759,0.3658846292686899,0.3203888134726122,0.2809569534542505
S3,118,0.3018773042206527,0.37709126975776674,0.328856919144051,0.2909954441961261,0.3692974530099424,0.32358730656424867,0.2832462296210954
S3,119,0.3047259214608751,0.38058049759168683,0.33183645083629015,0.29298316127478236,0.3727927838772415,0.3265428261785099,0.28528601062042364
S3,120,0.3071682634459346,0.38378095665839523,0.3347121028411929,0.2948749436238096,0.37604959199213756,0.3294009628653007,0.2872058340838675
S3,121,0.3098004872348202,0.3869760056985427,0.337755485694016,0.2970442987783752,0.379292908577237,0.33242722303329014,0.2893694909837646
S3,122,0.312388637574691,0.39043560489319173,0.3408154051970488,0.29919604955571016,0.3826997797168578,0.3354410397527187,0.2915071214039002
S3,123,0.3149685240203102,0.39373921765757014,0.3437449037069691,0.3011606313124398,0.3860384511525643,0.3383464510679766,0.293466489685172
S3,124,0.3175045181907173,0.39724255801284547,0.34658987775857475,0.3029109824213202,0.38953752681197734,0.34116190028967835,0.2952200646846639
S3,125,0.3199800455369526,0.4005587882841098,0.3495563858065339,0.30472646607805065,0.392848015319724,0.3440549246678181,0.2969775536912396
S3,126,0.32233345159386545,0.4036924149737652,0.3523737728009144,0.3065639537573299,0.3959929237936773,0.3468530035609372,0.29879899437425345
S3,127,0.3249928395689507,0.4071624545290773,0.35526744282700784,0.30850449411636344,0.3994750197282179,0.34972755192126964,0.3007466192920956
S3,128,0.32796066887967945,0.41109462071597347,0.35854911277600116,0.3107449815838201,0.4034499242544866,0.35306941774003736,0.3030063724858039
S3,129,0.3308117682884279,0.41468582439720975,0.3616433451006916,0.3128356676903923,0.4070722539403568,0.35618778482234664,0.3051194076183105
S3,130,0.3332865232488787,0.4176904038486087,0.3644805276003821,0.31482930342623894,0.41010360737970125,0.35904700724261446,0.30701167681994584
S3,131,0.3356575718494997,0.4204062637332154,0.3672008539796621,0.3167448681982627,0.41285783599283904,0.36174833631408493,0.3089010030179376
S3,132,0.3381974016115024,0.42322693495509583,0.37003732633054354,0.3188178441642492,0.41566732264335177,0.3644868224125404,0.3110282226943833
S3,133,0.3408019327349227,0.4263168137104896,0.3728589818838576,0.3209599514431305,0.41871698216952735,0.36720259195246013,0.313293702709786
S3,134,0.34390489494279186,0.4291469720597195,0.37575108291134524,0.3235821881472436,0.42158320991343334,0.3700110128849992,0.3161111251015561
S3,135,0.3466629711772657,0.43206146085224695,0.3784449424208856,0.3257285675695667,0.4245658394584791,0.3726646906044926,0.3184002693007571
S3,136,0.3494016544917499,0.43555297032864376,0.38115919522526015,0.327723147326068,0.4280443564873164,0.37529898292834263,0.3204663827014334
S3,137,0.35216951205383457,0.43941236219205504,0.3840340558024575,0.3298071195623563,0.43190614110070036,0.37806009697533294,0.32255663980311516
S3,138,0.3547960375232277,0.4424549312246395,0.3870215422768526,0.3319156921254084,0.4350487630406347,0.3809781273275177,0.32464503859006444
S3,139,0.35754621727738667,0.44559254894817135,0.3899895681222676,0.3341156451645285,0.4382264040032964,0.3839161800087519,0.32680979889061307
S3,140,0.3605913242670319,0.44896008586410274,0.3930411924871574,0.336376989950322,0.4416328474535686,0.38693280203010794,0.3289956897317504
S3,141,0.36378247919636925,0.4524780555196032,0.3965074412562199,0.33890672162585633,0.44519996796899913,0.39031818759306575,0.33145917694228827
S3,142,0.3666512041508586,0.4554265589444411,0.3995469636246595,0.34122369586718837,0.4482373907455306,0.39338140122017684,0.3337182269084864
S3,143,0.3694845394847766,0.45837023549448036,0.4026243571758104,0.34364465571703695,0.4512186442522835,0.39646027926963767,0.3360701182869658
S3,144,0.3725091480266747,0.4612884165716917,0.40575215010575255,0.3461913783033676,0.45417788788039903,0.3995811023034855,0.3385705511338743
S3,145,0.37553277978310623,0.4642872069693272,0.40888760278064734,0.3486749886273779,0.45726246617811567,0.4027427619787122,0.3410225190665018
S3,146,0.37844981954036383,0.46729528768629,0.4120019850499999,0.3510439111860836,0.46033806320808646,0.4058446586775661,0.3434143104545971
S3,147,0.3815960863410174,0.4705820443225162,0.41508644777750553,0.3534995448954667,0.4637385012055282,0.40886130654548875,0.3458900282099923
S3,148,0.38475845309782813,0.4742694494545348,0.4183082005531911,0.3560479868759373,0.4675111697465794,0.411943239884557,0.3484127146335347
S3,149,0.38819708860445773,0.47776529383662003,0.4216140958961589,0.3589542438913025,0.4711681706456952,0.4151567109716641,0.3512491284152033
S3,150,0.39194950023420216,0.4813530804300694,0.425017715519632,0.3620915956224675,0.47490323858947336,0.4185004512393058,0.3543354895593207
S3,151,0.39544748647092837,0.48484244389874565,0.42831109938703943,0.36505084030701446,0.4784911111500629,0.4218011716339332,0.35726452765270295
S3,152,0.3992197397136927,0.48862827121625807,0.4318016442766737,0.36815633649199603,0.4823542689689648,0.4252863667835231,0.3602943839552642
S3,153,0.4028858629763002,0.49216581555462385,0.4351352341171121,0.3711584344755551,0.48597301970006973,0.4286695060348103,0.3632360972561253
S3,154,0.4068162854310066,0.4962470860668537,0.4385318717288675,0.3742738001073224,0.49005438103095744,0.4320497713318772,0.3663364061896554
S3,155,0.4103430239837956,0.49971648744334896,0.4417876813692526,0.37708802996030627,0.4936063921529534,0.43535814407320245,0.36916811168121283
S3,156,0.41452309224623995,0.5040939649236769,0.4453068716199885,0.380401772840344,0.49798735913789366,0.43881117229122774,0.3724892985741853
S3,157,0.41839257749470743,0.5081704861716977,0.4487011630579642,0.3835537854276491,0.5021394059596761,0.44216604108559077,0.37562998482157445
S3,158,0.42222156092914287,0.5114886147721628,0.4520488872121727,0.3868643861037246,0.50555736262702,0.44553637825115877,0.37895023413137174
S3,159,0.4271090314999579,0.5154950579565328,0.45593297730014737,0.3907863630686199,0.5096534172797409,0.4494038112149299,0.38289832862836654
S3,160,0.4320960353747095,0.519886675875732,0.46002462145121,0.3947726646481743,0.5141306370566702,0.45338691734535413,0.386902614739322
S3,161,0.436857665247785,0.5234476252217336,0.46371488364652624,0.3987432307615578,0.517787237070716,0.4570689956013389,0.39093582944330524
S3,162,0.4415390044432128,0.5264918724700128,0.4671499193390127,0.4025404047226814,0.5209554441031251,0.4604556423877912,0.3949043824719422
S3,163,0.44668424675795565,0.5297593495504055,0.4705946499956986,0.4063670608284502,0.5243396984869013,0.46388157491424625,0.3988803487342735
S3,164,0.45245239056714337,0.5334355656410369,0.4744858507157109,0.41074461550265684,0.528088965852603,0.4676942170670526,0.40331413489414736
S3,165,0.4580652502243514,0.5372190611482991,0.47842528707809306,0.4150804267030418,0.5319360109787522,0.4716482194286635,0.40768587792952454
S3,166,0.46332910083298007,0.5405704120368462,0.48240758132482714,0.4193276494463823,0.5353568322336738,0.4756227163884827,0.4119588696900079
S3,167,0.46842758543577545,0.5441252587368813,0.4865470761805664,0.42397550522621763,0.5389283059515724,0.4797079946741924,0.41672384974184756
S3,168,0.47406503802155786,0.5474874146755871,0.49090760966409935,0.42908125900575306,0.5423081717018629,0.48394086280649207,0.4220280676379679
S3,169,0.4792207104016193,0.5505568266360344,0.49473225855814623,0.4334690183993822,0.545416173842829,0.48776744097398533,0.4265451834480288
S3,170,0.48458354154582856,0.5535267719586938,0.4983695356353628,0.43779105454295797,0.5484142375486837,0.49138831723773496,0.4307907078710434
S3,171,0.4907480946396722,0.5569656417334419,0.5021663118495008,0.4428003075137328,0.551881721423434,0.4950811695244232,0.4354312395547513
S3,172,0.497302570604758,0.5612901691983454,0.5063703531021603,0.4484256541833159,0.5562095519891942,0.4991374907249053,0.4404711888470106
S3,173,0.5035488814673443,0.5652426812477231,0.5107404213072886,0.4539673653548281,0.5602715579757281,0.5034467738317625,0.44561455851673815
S3,174,0.508900429114412,0.5686124693755538,0.514507555928883,0.45855240556802107,0.5637291287963874,0.5073177601142278,0.45007796229121527
S3,175,0.5138643128130455,0.5714742405401292,0.5180700601773816,0.4628936373905276,0.5666914977183976,0.5109480832421064,0.4543293159266674
S3,176,0.5191938088680658,0.5745368459453015,0.521916206106969,0.4674420242741786,0.5698334548207433,0.5148372888990511,0.458744029423483
S3,177,0.5250477522063001,0.5781169806113919,0.5262479729852909,0.47222072690470573,0.5734640251421804,0.5191173458648416,0.46339665924269396
S3,178,0.5315068433936649,0.58137746505554,0.5310488286498747,0.4777924328562064,0.5767687590629215,0.5238851663079395,0.4688054117707947
S3,179,0.5388637327990023,0.585450791824362,0.5364255278386331,0.48438851154093127,0.5808539739411374,0.5293243178343293,0.4752798277662949
S3,180,0.5465067711802352,0.5893607885860577,0.5422010512507228,0.49132882425957003,0.5848529873487923,0.5351347554553465,0.48202253539517237
S3,181,0.5536083593167365,0.5933227775205291,0.547584134087518,0.49812687154355434,0.5888929163843389,0.5404960755103294,0.4886202732603187
S3,182,0.560486606903985,0.5970736030727858,0.5527815984526618,0.5048426922695044,0.5926787778332906,0.5456217683623504,0.4951529027055688
S3,183,0.5677084845568686,0.6007686726549256,0.558200075606455,0.5121320588494597,0.5964102426764014,0.551035489645834,0.5021741711025053
S3,184,0.5750960527719431,0.605297028116747,0.5638959195768486,0.519965674467772,0.6009298754349048,0.5566655862402095,0.5097290693057516
S3,185,0.5816156651396549,0.6092335905925141,0.568822289371417,0.5266265600023614,0.6050063317395605,0.5616965160445981,0.5162565461565976
S3,186,0.5880941726516499,0.6133687555374633,0.5737175533509788,0.5329642157147797,0.6092324500068719,0.56667292096551,0.5225252316362258
S3,187,0.5941899948710095,0.6168733929305528,0.5783559075245638,0.5391143391332038,0.6128210135191409,0.5714173481568093,0.5286989246093449
S3,188,0.6003944679065976,0.6200792446784977,0.582783977643936,0.5454953914567081,0.6161303247284934,0.5760338559283321,0.5351246350647352
S3,189,0.6064277246522632,0.6231312456157181,0.5869427095886637,0.5515822619685874,0.6192707539229086,0.5803967830489491,0.5412421905538828
S3,190,0.6124140649250166,0.6259242332045202,0.590939142553519,0.5572805289984731,0.6221407372091751,0.5845519161809573,0.5469513112659209
S3,191,0.6185723448503503,0.6294569498524762,0.595482384227481,0.5640092771019916,0.6257348267721449,0.5891949943313196,0.5535762884371084
S3,192,0.6241445315277468,0.6324118004777117,0.5996406492528026,0.5698158075918559,0.6287729836770667,0.5935952417435755,0.5593405833154983
S3,193,0.629802668693933,0.6353723654871892,0.6037744953654512,0.5755721114375119,0.6317689694276029,0.5979160564311422,0.56500500027154
S3,194,0.6354312570709483,0.6382348598881662,0.6078834764022811,0.5812378418663431,0.6347419888913909,0.6021902688722666,0.570504401552252
S3,195,0.6410207273156452,0.6409960005745192,0.6121321748974391,0.5867812600049771,0.6376209007961138,0.6065377677003453,0.575961705370146
S3,196,0.6468248310682734,0.6443291363187079,0.6169648589265412,0.5925642277352644,0.6410690393777915,0.6113352002019131,0.5817071262429709
S3,197,0.6527007087603831,0.6478177574446216,0.6216055202937363,0.5979995772877684,0.6446119506810123,0.6159972935466906,0.5871987094548711
S3,198,0.6580253561048166,0.6508873303561581,0.6260250009845988,0.6030662389292629,0.6477841425273406,0.6205309477986485,0.5922760889873384
S3,199,0.6629623017188804,0.6535195569991015,0.6302543248751997,0.6079581258258627,0.6505208174623848,0.6249449948659253,0.5970678602379421
S3,200,0.6679762067120855,0.6561815420997247,0.6344077591832986,0.6128797614578559,0.6532796530100781,0.6292444531165616,0.6018813591707507
S3,201,0.6732563758144524,0.6592929665832474,0.6387281425949406,0.6181677637884382,0.6564489297151123,0.6337914133079429,0.6071140316810566
S3,202,0.6782582424928837,0.6619987156707808,0.6428808438240009,0.623142335494145,0.6592322439712137,0.6382717333951914,0.6121049784893241
S3,203,0.6834607987021497,0.6649561673793971,0.6473921417239779,0.6282675355463158,0.6622227393392867,0.6430364272755411,0.6172675243581539
S3,204,0.6888501705294006,0.668084707835625,0.6517722548357034,0.6335430313960322,0.6654111206970624,0.6476900740543469,0.6225263230791152
S3,205,0.6941582022433852,0.6712832098841919,0.6559374597525788,0.6388626925194605,0.6686655374450905,0.6521413829994908,0.6277732888740543
S3,206,0.6988664770130228,0.6740003998649506,0.6596831769422697,0.6435177331124645,0.6714315753031322,0.656079168468417,0.6323992740040123
S3,207,0.7031309875269306,0.6764874142261352,0.6632382232577738,0.6478042571953003,0.6740140331714555,0.6597353680076053,0.6366869831687083
S3,208,0.7073781286277733,0.6791053976061703,0.6666816265078988,0.6521016290912529,0.6767333893285152,0.6633293663975711,0.6409682952871645
S3,209,0.7116182061694468,0.6817577174008441,0.6700504199140523,0.6563216301574908,0.6794904121127073,0.6668372506237654,0.6451748853790206
S3,210,0.7156456873945084,0.6842790846934196,0.673148789986322,0.6602484446393945,0.6821107807943435,0.6700974088137895,0.6490808029910542
S3,211,0.7194945520027296,0.6865548851116721,0.6759476893120516,0.6639666611811922,0.6844990714836422,0.6730402517791768,0.6528159017995406
S3,212,0.7231578439127817,0.6887512084251225,0.6786411207476433,0.6674975491832567,0.6867983251048289,0.6758652291214666,0.6563803016915171
S3,213,0.7268541214933238,0.6910568349547915,0.6815437874147172,0.6710732430676744,0.6892110368724865,0.6789089997581064,0.6600060922459801
S3,214,0.7305000223876655,0.693386808933186,0.6843509019142144,0.6745812205243263,0.691643053389177,0.68183430489111,0.6635375106754965
S3,215,0.7340506716466445,0.6956904184838546,0.6870902711441884,0.6779619981988332,0.694025230307398,0.6846781580021014,0.6669594247189052
S3,216,0.7374692402435931,0.6979527250304407,0.6897553878969823,0.6812671667068455,0.696378262857252,0.6875195320967297,0.6703308462526202
S3,217,0.7407457092285314,0.7001964876601293,0.6924665224446362,0.6845426807529702,0.6987569492454959,0.6904281264970575,0.6736796110051172
S3,218,0.7439874146376164,0.7024184276662239,0.6950613381018936,0.6876591232301095,0.7010994492456829,0.6932474683406035,0.6768981798985555
S3,219,0.7471966196990126,0.7047459505309956,0.6976985751718533,0.6907645870210829,0.7035318659357594,0.6961341751996307,0.680088040757216
S3,220,0.750482719040637,0.7072587878010612,0.700402815961309,0.6940441206392844,0.7061418532672868,0.6991020720998481,0.6834116118623271
S3,221,0.754018867784065,0.7100512975570193,0.7033393060418952,0.6974750677084024,0.7090038641085052,0.7022433143999413,0.6869377425644047
S3,222,0.757632792676253,0.7129733438402892,0.7063231615281401,0.7009827344002085,0.7119865706870613,0.7053374122749054,0.690499237419198
S3,223,0.761562743798909,0.7162606344761362,0.7095736467677116,0.7047457149344436,0.7153375227874759,0.708646709486791,0.694301159035803
S3,224,0.7655800276116103,0.7196117597684937,0.7130958932473516,0.7085714842380231,0.7187340862072874,0.7121345993809989,0.6981515671413817
S3,225,0.76971361834982,0.7230970987247857,0.7167653188181873,0.7125002043580576,0.722226934078006,0.7157399262456116,0.7021162454971311
S3,226,0.7734241222035214,0.7260457153317985,0.7199530981593638,0.715939728366605,0.725221967563659,0.718922944178272,0.7056213234729066
S3,227,0.7767746990144515,0.7284822999934832,0.7226895274812625,0.7188896195656038,0.7276864103899813,0.721674845393944,0.7086460397485398
S3,228,0.7800657275174944,0.7309883604798363,0.7254673044937962,0.7218528885274789,0.7302304961970848,0.7244606319770046,0.7116410341083198
S3,229,0.7834085500049637,0.7336472970424566,0.728370805273288,0.7249808716425655,0.7329115787308739,0.727370123652794,0.7147208803670552
S3,230,0.786833897073942,0.7362148374954244,0.7310786511465117,0.7280047486012673,0.7355141633391474,0.7301047143706173,0.7177436882651055
S3,231,0.7903930896866104,0.73904856695726,0.7340201122508357,0.7312226874843162,0.7384010942034643,0.7330430742637258,0.7209880167600856
S3,232,0.793457015286708,0.7413648891448497,0.7364352051356502,0.7340076870489123,0.7408037940713132,0.7355618621659984,0.7237848776689093
S3,233,0.7963132427915233,0.7434568031980203,0.7385790398954841,0.7365576018863946,0.7429447723818573,0.7378069865153924,0.7263474057594178
S3,234,0.7991514902388169,0.7456020078156147,0.7407855954865092,0.7390929554151976,0.7451423593655022,0.7401398540456195,0.7289345691371422
S3,235,0.8020507628206388,0.7478702391414149,0.7432221639827536,0.7417812493527622,0.7475119364486619,0.7425926014647964,0.7316510502065902
S3,236,0.8055553738358013,0.7505630370760124,0.7461352949882541,0.7449332827147307,0.7503395334631485,0.745461727706119,0.7347676917204834
S3,237,0.808707809735997,0.7531568946637324,0.7488784785260902,0.7479160112510754,0.7530665510000838,0.7482845633490305,0.7378012419091503
S3,238,0.8115811963420675,0.7554959780951591,0.7513644337971525,0.7505898959428405,0.7554958981331215,0.7507968893596173,0.7405553090310105
S3,239,0.8143521131688514,0.757678803233903,0.7536396432964132,0.753094150037868,0.7577436751368186,0.7531346192839897,0.7431443016654594
S3,240,0.817061130326394,0.7598581098202932,0.7558704591016083,0.7555528183322892,0.7599863839022007,0.7554960656920685,0.7456904988150619
S3,241,0.8194470653211038,0.7617234121245747,0.7577876965053738,0.7577272527718654,0.7619202115369973,0.7575758559154501,0.747972613551569
S3,242,0.821773489968051,0.7636202895488704,0.7597874025359252,0.7599567962403674,0.7638852466229992,0.7596333008486137,0.7502522917416684
S3,243,0.824378002288338,0.7660905847352355,0.7623376848178929,0.7626116818399838,0.766351126981267,0.762158368478073,0.7529614055144119
S3,244,0.8269944894094753,0.7685378928150369,0.7648501048698091,0.7652516912005339,0.7688750003150518,0.7647489762638785,0.7557113093281457
S3,245,0.8296271828947936,0.7709853555937712,0.767337520351028,0.7678887745802875,0.7714185265831021,0.7673100514075802,0.7584668560351849
S3,246,0.8321613724860856,0.7733329835664173,0.7697738274474156,0.7704530127499352,0.7738528924636482,0.7697688780155838,0.761128970806256
S3,247,0.8345949046956517,0.7755542330345755,0.7720874910972133,0.7728714892249959,0.7761756106058669,0.7721434994629757,0.7636673058676235
S3,248,0.8371911223907353,0.7780772812796355,0.7747121750350389,0.7754798642019751,0.7787430777943171,0.774834676096615,0.7663862182489495
S3,249,0.839927483676221,0.7811364485611101,0.7780570420312882,0.7786926934984639,0.7817719978444085,0.7780637095254953,0.7695177714051175
S3,250,0.8425988433092186,0.7840637578029317,0.7810952522267094,0.781684251000145,0.7846320171403217,0.7810595036337818,0.7725800920039368
S3,251,0.8449276823306654,0.7864843138541372,0.7836761491359238,0.7842614143435869,0.7870689700026406,0.783666838546667,0.7752677320330513
S3,252,0.8474607262612115,0.7889895366914345,0.7864806649610356,0.7869405724525507,0.7895275841820352,0.7862686444390521,0.777956918113191
S3,253,0.8498502234612485,0.7913855580713868,0.7889765914337995,0.7894701833603547,0.7918952785879666,0.7887303225015976,0.7805669955573383
S3,254,0.8522124814563,0.7940727280436448,0.7916907119569394,0.7921680073247459,0.7945295588772212,0.7913555441269667,0.7833630834810249
S3,255,0.8546752689600391,0.7970973071579962,0.7947018779475291,0.795135842097303,0.7975112480303871,0.7943147605381639,0.786381228050885
S3,256,0.8574260529332078,0.8002770266556297,0.7980441429410425,0.7983696534231591,0.8006903159646317,0.7975127588852612,0.7896051275088309
S3,257,0.8600833315747817,0.8035171290629898,0.8013985552194687,0.8015902170485801,0.8038667749559757,0.8007584586330894,0.7927934723567466
S3,258,0.8624731467496444,0.8063282123735672,0.8042991680495836,0.8044153827707827,0.8066176205988794,0.8036038885765905,0.7956315607461425
S3,259,0.8647454675371395,0.8091031067460206,0.8071887698871348,0.8072048087069615,0.8093101894060686,0.8064222802878344,0.798476822616175
S3,260,0.8671342667107432,0.8120002834595135,0.810335246711479,0.8102391892496605,0.8121432052422314,0.8093361703046602,0.8014510512012328
S3,261,0.8696842603185473,0.8148534460349528,0.813299992339162,0.8131289535615965,0.8149145214324308,0.8121965152794468,0.8043591933973174
S3,262,0.8719728510153042,0.8174867896485281,0.8159062890582807,0.8156872964288124,0.8174495741215942,0.8148143034851264,0.8070270484346325
S3,263,0.8741793721524502,0.820028313068516,0.8184615397693813,0.8181785527229404,0.8199115854178992,0.8173434949109343,0.8096164836786907
S3,264,0.8762730178650798,0.8223611250249294,0.8207905280577039,0.820481014024508,0.8221625585089324,0.8196417600616943,0.8120206125044872
S3,265,0.8783950734109951,0.8248092750928485,0.8232004412453814,0.822903015282445,0.8245919944677848,0.8220604514427734,0.814525028892562
S3,266,0.8803127116218598,0.8270301772803023,0.8253647792350338,0.8251525699835147,0.8268243982348191,0.8242557436045731,0.8168626584253292
S3,267,0.8820177648221172,0.8289852726624746,0.8272402896087595,0.8271949162323838,0.8288148926346369,0.8261870536233077,0.8189902417316354
S3,268,0.8838219990572549,0.8310096730788038,0.8292109665374315,0.8292284750810779,0.8308478762022348,0.8281637200502603,0.8211348009582311
S3,269,0.8860129419418287,0.8334531628283002,0.8315283990280715,0.8315707602208908,0.8332732914141047,0.8304665038366664,0.823584890206905
S3,270,0.888252035621924,0.8360878749413262,0.8340532380874556,0.8341096132355812,0.8358875675542716,0.8329863056324069,0.8261731321801583
S3,271,0.8901223108276686,0.8383464313106666,0.8362875742808625,0.836326078877374,0.8381355636988909,0.835207977872661,0.8284560465579801
S3,272,0.8918317190393533,0.8404649822894978,0.8383592619728683,0.8383840847468086,0.840154328208374,0.8372434701684695,0.8305855175641922
S3,273,0.8934815640978802,0.8425263389846288,0.8404406399351009,0.8404244333653852,0.8421666046810019,0.83928347124977,0.8326928927458108
S3,274,0.8952051673470282,0.8444884437761795,0.8424846247605451,0.8424908581803923,0.8441491981287564,0.8413184663056489,0.8348033302262577
S3,275,0.8966880970113048,0.8463135103247155,0.8443107675684653,0.8443825811997351,0.8459358060336664,0.8431523400127293,0.8367827686823679
S3,276,0.8980780535530588,0.8479974339874548,0.8459320482656516,0.846118874608617,0.8475946968547415,0.8447903031227263,0.8386166731102546
S3,277,0.8994732378183115,0.8497993370020077,0.8476999761815496,0.8479711127587052,0.8494584994890335,0.8465835409677345,0.8405628349383575
S3,278,0.9007515015164196,0.8515582825328253,0.8494989593798924,0.8497887599292987,0.8512455809819599,0.8483950095278843,0.8424913910192009
S3,279,0.9019367308326692,0.8531591990693645,0.8511979515147621,0.8514885813333177,0.8528717697655681,0.8500894607371751,0.844308626105747
S3,280,0.903268426846079,0.8548215632440208,0.8528987221476309,0.853201227193111,0.8545499748950395,0.8517738960256448,0.846132659918431
S3,281,0.9047404733511645,0.8568152957238726,0.8549830980579761,0.8552427114943011,0.856626941410652,0.8538342442675656,0.8482493798220304
S3,282,0.9061388602220684,0.8589034018227931,0.8570329496509645,0.8572684686855496,0.8587729984022788,0.8559391307675362,0.8504159594195105
S3,283,0.9074718596661863,0.860807516764179,0.8589006723214354,0.8591276696113027,0.8607165805153881,0.8578587072395744,0.8524199217260288
S3,284,0.9087842543821852,0.8626282804641872,0.8606961512914617,0.8609176744283863,0.8625323676967455,0.8596678150200598,0.8543259434061249
S3,285,0.9099654553897046,0.8643435106031115,0.8623792326895187,0.8626037572162643,0.8642180416023075,0.8613732172991192,0.856130043149156
S3,286,0.9110813062241435,0.8660008338085727,0.8639859779268355,0.8642464547465653,0.8658589277148513,0.8630406538331665,0.8578983508219302
S3,287,0.9122725151858825,0.8676041021796091,0.8655082534235994,0.8658584301208926,0.8674471731517288,0.8645977162556591,0.8596072571820009
S3,288,0.9133859016735643,0.8691716426053971,0.8669671403374382,0.8674001354229682,0.8689804188572553,0.8660459607126579,0.8612336876363255
S3,289,0.9145201182800653,0.8707674273042373,0.8685273643470104,0.868995802128072,0.8705835407822179,0.8675387354288001,0.8629200053227836
S3,290,0.9156165897178399,0.8723202628093575,0.8700760795813437,0.8705393958004313,0.8721495372729455,0.8690484975584435,0.8645759867532742
S3,291,0.9166120489593182,0.8737746714569786,0.8715391925964521,0.8720005750203129,0.8735998474310325,0.870491857926702,0.866135383341924
S3,292,0.917617021402561,0.8753002260703665,0.873081365840282,0.8735251677555124,0.8751349705232708,0.8720015209255051,0.8677566516720155
S3,293,0.9186094705851949,0.8766546939446036,0.874427787628937,0.8749055516712783,0.876519170878402,0.8733772913816805,0.8692684373828589
S3,294,0.9198090200278992,0.8783827062016714,0.876094133416056,0.8765550961003226,0.8782490964440561,0.8750170365576514,0.8710216232708884
S3,295,0.9209437561520981,0.880052264228017,0.877728228416839,0.8781482081664683,0.8799172631206152,0.8766742947221259,0.8727276626088631
S3,296,0.9221780881116314,0.8818070095116144,0.8795079636296931,0.8798411947525452,0.8816809499656184,0.8784606441457966,0.8745242612670592
S3,297,0.9235024136200704,0.8837613729918782,0.8814690466689923,0.8816857079684646,0.8835909352633893,0.8804009152575638,0.8765117107045176
S3,298,0.9247115081932423,0.8856578396040237,0.8833637456582943,0.883492101404517,0.8854404281983598,0.8822831748073026,0.8784481047392251
S3,299,0.9259068892908242,0.8873209030936209,0.8850644574982718,0.8851530505754494,0.8870859017649845,0.8839814424344156,0.8802285228123207
S3,300,0.9274113892118345,0.8894955673937133,0.8873411380453807,0.8872339190061462,0.889194902440487,0.8861423518337158,0.882353574500533
S3,301,0.9288827466835978,0.8916484091207842,0.8895397621697416,0.8893035335913426,0.8913443554332039,0.888330357753992,0.8845035845227199
S3,302,0.9302996892258385,0.893751232961724,0.8917147289405145,0.8913520937695878,0.8934360033688472,0.8904907636892161,0.8866754324652416
S3,303,0.9316040229373523,0.8954792500751003,0.8934390782833959,0.8931122529218221,0.8951838538052531,0.8922730984805499,0.8885577432253808
S3,304,0.9330234435167796,0.8975710777771517,0.8955043502174642,0.895155183235776,0.8972449930812543,0.8943032367969433,0.8906392978332485
S3,305,0.9343770335860774,0.8995848509521905,0.8974676545494517,0.8971446377929733,0.8992696564604508,0.8962388913651842,0.8926897398438061
S3,306,0.9356736770653931,0.9015100915169397,0.8993460406496787,0.8990571322722544,0.9011728172430599,0.8980812304448024,0.8946465785131452
S3,307,0.9373693426440947,0.9033409393183869,0.9012164856835498,0.9009247855712564,0.9029919407771002,0.899948699932617,0.8965730026295932
S3,308,0.9386679554220562,0.904978122934586,0.9029604636085585,0.9026559759336229,0.9046415503563354,0.9017339380739343,0.8983992304086409
S3,309,0.9398104847923254,0.9064328833239301,0.9044799813299534,0.9042463218381506,0.9061242606664882,0.903324004472822,0.9000941134618778
S3,310,0.9408926361694587,0.9077404168824093,0.905835517383842,0.9056977124730506,0.9074693181315029,0.9047601879781514,0.9016769485780061
S3,311,0.9420352804416168,0.909265967824234,0.9073972708598299,0.9072979419701243,0.9090382138874675,0.9063865397721464,0.9034164630999421
S3,312,0.943098812273211,0.9106659735536585,0.9088158949356442,0.908779372777645,0.9104905084451466,0.9079002141527224,0.9050388871141303
S3,313,0.9443952562454871,0.9124109352546886,0.9105611818372562,0.9104914905836284,0.9122435809296849,0.9097084647165706,0.9068767017610743
S3,314,0.9455833606777704,0.914081262106847,0.9122087770401412,0.912148853734397,0.9139141504085148,0.9114486039093208,0.908650448528015
S3,315,0.9468013522131392,0.9157749472370472,0.9139478589964105,0.9138819074891374,0.9155928661963432,0.913223129268569,0.9104437618449929
S3,316,0.9479829024844448,0.9174924948417175,0.9157042851389763,0.9156070634600676,0.9172633683600507,0.9150155953092508,0.9122533256582561
S3,317,0.9491557827585076,0.9193386073172808,0.9175639355907972,0.9174006090702791,0.9190552376699298,0.9169105024597122,0.9141717037081104
S3,318,0.9501990354579595,0.920843291937555,0.9190780786778278,0.9189424840141814,0.9205558692605523,0.9184990527934472,0.9158361078922197
S3,319,0.9511623444244612,0.922243651817089,0.9204712894049196,0.9204004201335652,0.9219575328043875,0.9199645212088213,0.9174035478642608
S3,320,0.9525246978855645,0.9237723142820199,0.9219900334342747,0.9219594377223148,0.9234873785778421,0.9215535294955511,0.9190596324142789
S3,321,0.9535235199644722,0.9251633798486287,0.9234362361720959,0.9234143200259737,0.9248805963527555,0.9230261635055141,0.9206154774958137
S3,322,0.9544004004786775,0.9264871846142828,0.9248078280212509,0.9248273576505086,0.9262065320878171,0.9244443805926416,0.92214151855897
S3,323,0.9553459908766491,0.9279902638332179,0.9263458393105841,0.9263747198154675,0.9277053733596411,0.9260002408022001,0.9237927061673572
S3,324,0.9563910795791896,0.9297242799697404,0.9280791677446739,0.9281242764089724,0.9294509153153178,0.9277566374685535,0.9256136234987307
S3,325,0.957536861012943,0.9316142151711543,0.9299854513638725,0.9299629970065016,0.9313555929973969,0.9296541393219672,0.927520258728296
S3,326,0.9585747868655091,0.9332958202644355,0.9316582521129374,0.931660508675052,0.9330431494683166,0.9313829473143821,0.9292818934571052
S3,327,0.9594983168748239,0.9347404012127755,0.933118975050476,0.9331732955665726,0.9345189106228764,0.9329338198263409,0.9308832727704973
S3,328,0.9603497605809963,0.9360518165871448,0.9344280049479294,0.9345790694801385,0.9358436614322141,0.9343142002627762,0.9323633324013253
S3,329,0.9611434384011166,0.9372383340416507,0.9356203763642122,0.9358677572913675,0.9370284471988416,0.9355320553554852,0.9337102952425202
S3,330,0.9619034317670733,0.9383696176445334,0.9367538536600758,0.9371050422836751,0.9381586074699927,0.9367025990172656,0.9349953417256655
S3,331,0.9626559374828764,0.9395800015874652,0.9379836814406661,0.9384059237482186,0.9394053187138155,0.9379893185149374,0.9363611945809804
S3,332,0.9635467444571377,0.9409455828909047,0.9393315599612205,0.9397966442658272,0.9408039433799207,0.9393948220388114,0.9378376825055496
S3,333,0.9644203946831122,0.9425139813393392,0.9408828660909735,0.9413181240799283,0.942351347254159,0.9409417813035343,0.9394303829744438
S3,334,0.9653373432441688,0.9439439993953702,0.9422913222007452,0.942776039871329,0.9437986590222479,0.9423862673247813,0.9409722178658901
S3,335,0.9662435477123792,0.9454844617747313,0.9438104114127643,0.9443059509858085,0.9453198738024541,0.9439083069262614,0.9425709055621487
S3,336,0.9673215532607421,0.9471958338024521,0.9454856467468279,0.945996477091268,0.9470208860331186,0.9456489384253053,0.9443173906838237
S3,337,0.968339158700348,0.9490194386850218,0.9473193061198264,0.9478033805575804,0.9488201655414,0.9475080695741944,0.9461308604720778
S3,338,0.9693681499600805,0.950624684553149,0.9489225666991729,0.9494169657681666,0.9504418566097429,0.9491243103300958,0.9477981213858885
S3,339,0.9702246232991205,0.9519119119417802,0.95023160998159,0.9507803706676509,0.9517428729886781,0.9504704702951496,0.9492397752432146
S3,340,0.9709748395398804,0.9530337824928766,0.9514396991143343,0.9520446811422972,0.952859386095879,0.9516858197425955,0.9505782286960919
S3,341,0.9721755886343744,0.9542417267324782,0.9527668912159712,0.9534247269552465,0.9540944306607889,0.9530275998970595,0.952024913186924
S3,342,0.9730346404423739,0.9555231593835859,0.9541927071640086,0.9548542077219653,0.9554679892724058,0.9544552091640188,0.9535584809676632
S3,343,0.9737931565889139,0.9566471321204342,0.955374260225187,0.9561041119249171,0.9566573327789043,0.9556721141120817,0.954939250297239
S3,344,0.9750649871204456,0.9586832878781979,0.9575061341175028,0.9581688928078036,0.958691035793231,0.9577400975985352,0.9570571299387977
S3,345,0.9762835200492906,0.96067375193835,0.959921904708164,0.9603554778949761,0.9607151877683044,0.9599420281638252,0.9592651371361184
S3,346,0.9773311068457583,0.9625182898184074,0.9619471017934045,0.9622904787183668,0.9625321798442625,0.9619707284300155,0.9612868638198057
S3,347,0.9781754140769416,0.964005839681242,0.963598982759125,0.9638535452575624,0.9640512553988545,0.9636529065534628,0.9629907144906777
S3,348,0.9790285795292367,0.9656123736860333,0.9653271681541591,0.9654808873909552,0.9657007517636652,0.9654440594482511,0.9647746048938001
S3,349,0.9799096908658086,0.9672063448033767,0.9670294964438814,0.9671216897317434,0.9673434168063952,0.9671885655356515,0.9665532408518996
S3,350,0.9811220820196757,0.969043796113205,0.9689498963783256,0.9689336944696535,0.9692050115715705,0.9690622421374503,0.9684802795916615
S3,351,0.9826935093139402,0.9722613687392252,0.9718942311730281,0.9719165450783364,0.9722241751271931,0.9717990470040306,0.9716011378922723
S3,352,0.9839449307840734,0.9741983777592107,0.9737259471026626,0.9738872785591376,0.9742234245984461,0.9736842283696721,0.9736455924960681
S3,353,0.9860641443149821,0.9773333287975297,0.9767889636786009,0.9768766115517052,0.9772898544645777,0.9767446555598162,0.9766757838804184
S3,354,0.9873071703577433,0.9794448483062356,0.9789814382232699,0.9789474151629025,0.9794195175062458,0.9789582168357008,0.9788331120703423
S3,355,0.9883631956326931,0.9813710573175197,0.9810304957750069,0.9808559297987745,0.981241218771043,0.9809314218047245,0.9808249507797077
S3,356,0.989326026896405,0.9830048170303655,0.9827207088104911,0.9826267454703838,0.9828706989073058,0.9826371884525812,0.9825886195362666
S3,357,0.9907533159861366,0.9850499404157003,0.9848489614666017,0.9848693216363162,0.9849096435912857,0.9847851209946397,0.9847451243487452
S3,358,0.9920885099113129,0.9869824277998613,0.986827946240899,0.986938292849209,0.9868646973175129,0.9867459726829817,0.9868373120807313
S3,359,0.99337969874305,0.9890460178945656,0.9889035599844278,0.9890619439629202,0.9889477940671775,0.9888413807239694,0.9890206515630938
S3,360,0.9944685870332777,0.9907093898151487,0.9905854668123198,0.9908395839887983,0.9906735743064005,0.9905617859434163,0.9908568754796311
S3,361,0.9956155969854543,0.9926870799760249,0.9925951439022066,0.9928379616633184,0.9926585664839975,0.9925532091201384,0.9928788400180047
S3,362,0.9970463490396572,0.9951273270308467,0.995045262350236,0.9951998286237697,0.995108818133643,0.9950165813134788,0.9952236519386132
S3,363,0.998419342325995,0.9975141516978892,0.9974282547256739,0.9975376690645679,0.9974902266395023,0.997406715813629,0.9975505747752388
S3,364,1.0,1.0,1.0,1.0,1.0,1.0,1.0
S4,0,0.0014131109096648614,0.0017188666624864091,0.0015550835547825847,0.0016330321935333614,0.0015423132762780022,0.0015867740583955488,0.0018279120497294327
S4,1,0.002737606356749308,0.0034284454401453126,0.0031187738653856677,0.003265307836441685,0.003070668807195562,0.0031732041682181276,0.003650756076376502
S4,2,0.004064467655805726,0.005091528890905918,0.00470252614923992,0.00497232193793904,0.004596060357320534,0.004789137648524428,0.00554582506839614
S4,3,0.005570663267638307,0.006943146110269249,0.0064555557810351645,0.006908464358698559,0.0062903056396761345,0.006507895551540349,0.007663860751702808
S4,4,0.00706390159644507,0.008790462877402207,0.008094018947860618,0.008824686914628961,0.007995625819288482,0.008140650424301768,0.009769572623609644
S4,5,0.008444695136621744,0.010545311355958506,0.009652525951751388,0.010609136189446275,0.009589994959980731,0.009670633695055516,0.011771179038479967
S4,6,0.009880818932515615,0.012348797898241051,0.011210337955056757,0.012391799342022974,0.011219894019313462,0.01118480588133211,0.013775246281093981
S4,7,0.011411715081898212,0.014316991095977453,0.012894658010555516,0.014349378820920222,0.0130255972504898,0.012847557902083697,0.01594392891986811
S4,8,0.013011424046661819,0.016415457578167723,0.01471352292419293,0.016494887221344134,0.01493751570371986,0.014609054732354512,0.018300766894047218
S4,9,0.014487205798543365,0.01831042758362016,0.016410554590039553,0.018463085626317738,0.01670656235715702,0.016322028711992658,0.020505797717208864
S4,10,0.01591485597066197,0.0201270105854487,0.01805007961460966,0.02034136728685664,0.01839875995411688,0.01797249791204076,0.02262090428834949
S4,11,0.01737078192653399,0.021923996333570065,0.019701132590586416,0.022229368042551566,0.02005710575792563,0.0196176728745614,0.02473924733695103
S4,12,0.018797500130115736,0.023627934208153033,0.02132314437184843,0.024048860591645092,0.021610436189930263,0.021238912552956832,0.026771960281484635
S4,13,0.02024239606577636,0.02532343936363918,0.022972300224545456,0.02585788683697118,0.023192629013068556,0.022855340485754924,0.0287877068262208
S4,14,0.021772192674499567,0.027150939342419463,0.02465431462438483,0.027744167283600466,0.02491207308466523,0.02443441624793252,0.030873691913820278
S4,15,0.02354483669381867,0.02938445473065108,0.026623313874141716,0.030041950998926734,0.026916501082043468,0.026242821409968902,0.03337260988092728
S4,16,0.02543118674369574,0.03165134802724212,0.028566508499767718,0.032371992712888695,0.028963445633214804,0.028208237050309237,0.03588105047450037
S4,17,0.027158249208028177,0.033632263299422926,0.030310901709277468,0.03450369418157189,0.03079993805493761,0.030047150073308427,0.03815093815054125
S4,18,0.0288520660340116,0.03556356616018323,0.0321053568832718,0.03664344825000351,0.03258171534251845,0.03186596293098798,0.04040169134668594
S4,19,0.03103036110676783,0.037802959273917476,0.034232084428212,0.03914913574079278,0.03462848266634899,0.033945652008842225,0.04297566672230354
S4,20,0.03320101358030798,0.04024300749551573,0.0362950554838075,0.04162677151827255,0.03682928658597079,0.03597086619593909,0.04556234148681023
S4,21,0.03508333100421075,0.0424837726990999,0.03815103092127031,0.04390155853159097,0.03887441230648351,0.03777622894563481,0.04796092531561428
S4,22,0.036982165809332626,0.044718601591423,0.03988595053868925,0.04612584951851727,0.04088991931790866,0.039450141811050866,0.05031541813572315
S4,23,0.03890367717648092,0.04709605503743378,0.04157615712601477,0.04829736413099014,0.04299687996821532,0.04104933503814346,0.052624754207371775
S4,24,0.040736588455044055,0.04937133674016919,0.043242494315680655,0.05042980392604687,0.04507308086197071,0.04262531418963635,0.05490276016093474
S4,25,0.0428195658768118,0.051777677559828775,0.0449288752210548,0.05278550424794798,0.04728803455656012,0.04424525164905404,0.05740066751425834
S4,26,0.044716639549125366,0.053996493201952656,0.046526096195274494,0.05506416673239028,0.04932433132875369,0.04587257732617108,0.05977219313355689
S4,27,0.0467891965276762,0.056429337480371995,0.04825589898511162,0.05747102858025241,0.05147124621208549,0.04758474971299309,0.06229469992092685
S4,28,0.04890491663326544,0.058898025442158955,0.05015297735948767,0.060031777351482137,0.05369922752893554,0.04940381636673067,0.06497071886242074
S4,29,0.05116742950594824,0.06145121619195887,0.052313314936802066,0.06284013766310477,0.056040380119736284,0.0515691006630892,0.06782406862008902
S4,30,0.05357631723870254,0.06402123627900831,0.0544434351036897,0.06566740717359659,0.05849177842658482,0.053774241825398895,0.07068496995955237
S4,31,0.05574118465026472,0.06634347110744565,0.0564818756600201,0.06819378443260829,0.06067071669137055,0.05593221523730774,0.073278092140871
S4,32,0.05793540629216341,0.06860812517706968,0.05852610387709896,0.07063800585317988,0.06278659731296654,0.05800547582736238,0.07577395289423472
S4,33,0.06001851406310224,0.07084506689177693,0.06045723292352019,0.07301707412339009,0.06487707119505286,0.05997419626750985,0.0782022991276029
S4,34,0.06203294389051689,0.07305703032688624,0.062323861765600445,0.07536751278901296,0.06692103134132242,0.061903034359979736,0.08058602135363431
S4,35,0.06400347114733884,0.07552395070602304,0.06437645401754986,0.07783764736792458,0.06918184140486822,0.06396736506063266,0.08307073893131657
S4,36,0.0667365751971591,0.07840106489535015,0.066947654903171,0.0808017628936715,0.07187749473359316,0.06650240333807228,0.08599737646008491
S4,37,0.06958268476818748,0.08150423589366325,0.06975365400574458,0.08400212596744078,0.07483861822275993,0.069232839102655,0.08917529111935509
S4,38,0.07188217774341452,0.08414611402410176,0.07205983062421929,0.08684389350568172,0.07740656613056023,0.07160254001138837,0.09195280090292025
S4,39,0.0742547207654522,0.08671174395771662,0.07412253731188037,0.08938073766479596,0.07991451157642361,0.07369806404632,0.09448279128950339
S4,40,0.07650582604756671,0.08924946974967868,0.0760889615645707,0.09195164130804774,0.08231308019768077,0.07568952277002267,0.09705171177104056
S4,41,0.07878894451663765,0.09182824574822568,0.07816849322722666,0.09455179769312139,0.08474766680684358,0.07775398037764931,0.09965520885671918
S4,42,0.08172422067541349,0.09487284974740837,0.08085353338782272,0.09772131461377219,0.08763328301646513,0.0803984184858048,0.10279884993687123
S4,43,0.08466301166782318,0.09815959642306844,0.08363102855015196,0.10118972239120556,0.0908067804874738,0.08317463681888528,0.1062008965385924
S4,44,0.08725672961902087,0.10110815612345324,0.08611137734079477,0.10417512389977206,0.09372457124633,0.08566124762840416,0.10917261057442301
S4,45,0.08986783619065453,0.10416792432524802,0.0886128528252673,0.10699965352803376,0.09665079862762105,0.08801920379529382,0.11197764285379323
S4,46,0.09252194192452053,0.10724957616490025,0.09111883253933935,0.10992367964211563,0.09955908746568666,0.09043274302494765,0.11482672482304578
S4,47,0.09513531179955768,0.11022363657779098,0.0934028760044241,0.11261115064254004,0.1023884173532552,0.0927269328313311,0.11749277019745386
S4,48,0.0976559875762593,0.11316425310187188,0.09580159175038531,0.11533247570510809,0.10521040960755028,0.0950068346507359,0.12012021138283051
S4,49,0.10031780126900243,0.11628241684554173,0.09843151820089624,0.11818756278802095,0.10816193835560856,0.09747549050145689,0.12282997698054028
S4,50,0.10303703697289841,0.11939096151477002,0.10087496899552215,0.12101928800323343,0.11110118572590637,0.09987965316636123,0.1255745415425551
S4,51,0.10559053895729067,0.12237303987829996,0.10317393431978127,0.12361743522826378,0.1139720471266004,0.10206120965455785,0.12810272539987066
S4,52,0.10789354866854334,0.1252733890422686,0.1053246425884521,0.12593557301865826,0.11674014641555717,0.10415626812458956,0.13036553169194098
S4,53,0.11010184071066272,0.128263885156164,0.10748548349231588,0.12813466530022674,0.11953103852350466,0.10624455756321548,0.13251764066112023
S4,54,0.11238909912127076,0.13125799944180253,0.10992036730262468,0.1305101931946665,0.12238159291539692,0.10860300263092963,0.13485969125245256
S4,55,0.11530489418798562,0.13468601300466923,0.11270883344394929,0.13330786806032996,0.1256587556428027,0.11128067389930131,0.1375903415920643
S4,56,0.11804623197696387,0.13817153062741125,0.11530791169045108,0.13590151908226522,0.12903276408992725,0.11375302718021141,0.14014892703318244
S4,57,0.12043367491071677,0.14139243135458562,0.11758288190260255,0.13808564447725272,0.1321893506153644,0.11594493711316474,0.1423192464404843
S4,58,0.12270549250928076,0.1445136200898654,0.1198454597153921,0.14006987333073254,0.13522003783105882,0.11811238474339879,0.14430353999658846
S4,59,0.12512869255430345,0.14784671437832725,0.12226216731866447,0.14226054444988992,0.13839558374693592,0.12036715389707538,0.1464120595097719
S4,60,0.12740222819113445,0.15078738186704777,0.12437113906680197,0.14418896541573814,0.14126990528911135,0.12246539282901316,0.1483287929688045
S4,61,0.1296382631862758,0.1538455477639522,0.12651993255629557,0.14602252306629035,0.14424746956798487,0.12455207303626682,0.15016340278995355
S4,62,0.13213907714594203,0.15730851872903062,0.12891677793301434,0.1479381582621774,0.14757308097684163,0.12672971102441108,0.15206626968758852
S4,63,0.13484445864444505,0.16098936307267994,0.13163618059550292,0.15023482643178898,0.15106551495167506,0.12921293667127728,0.15426258796521441
S4,64,0.13736593768290273,0.16418262138580497,0.1340522815918308,0.15224830496035496,0.15417452343318078,0.1315299087000987,0.15626187256999213
S4,65,0.13949419921687373,0.1670411073274639,0.13611897366578732,0.1539837689807919,0.156969266591702,0.13354838960966262,0.15797608335019625
S4,66,0.14150997997297193,0.16976453552460527,0.13810560366892977,0.15553927689504995,0.15968426701894053,0.13545417241945584,0.15951898927728655
S4,67,0.1434057918809461,0.17264090049895842,0.14007848135123901,0.1570124252226285,0.16257327838060798,0.1374009872119644,0.160994520049425
S4,68,0.1452984442893455,0.1757919533607128,0.1421730726827126,0.15850588770454233,0.16567981191195438,0.13934622610467748,0.16248715523256754
S4,69,0.14716323550112215,0.17873176223615883,0.14436267895320457,0.16009655464888536,0.16856357008421355,0.14132998509823333,0.16407189954721194
S4,70,0.14941024806413306,0.18173456102331692,0.14668376884214115,0.16185463549001688,0.1715651288212712,0.14349913707972234,0.165839422137997
S4,71,0.15185854015023026,0.18495060491395196,0.1489827930918307,0.16370595552123868,0.17474462806955002,0.14572825539456521,0.16768239365523976
S4,72,0.15434085832498903,0.188467564872904,0.15143560178789758,0.1656228660438883,0.1782438850256419,0.1480147010125419,0.16958182914865705
S4,73,0.1570041366610726,0.1920957879873718,0.15402226765829938,0.1676731685705128,0.18185755449746807,0.15044510809277878,0.17158562746879302
S4,74,0.15963614632102693,0.19608102207340042,0.1567993964918468,0.16980715437948335,0.18576908717247276,0.15300782252683776,0.17365292503044885
S4,75,0.16227134661020806,0.20030156114888323,0.15966689544422907,0.17186822061244916,0.18986985104121024,0.15573362505124208,0.17566742440659944
S4,76,0.1651212196429043,0.20455035193279628,0.16285189373337894,0.17412484039215265,0.1940561740610219,0.15879063815495695,0.17785107534982822
S4,77,0.1678318919252322,0.20844986162001244,0.16558681456777766,0.17605527529821952,0.19796643414390583,0.16145559863119477,0.1797339482138142
S4,78,0.17052473218574857,0.2122161550767131,0.16802468571436632,0.17780944670599247,0.20171213888468584,0.16366461641655847,0.18142835218252307
S4,79,0.17263906051508393,0.21526702431079411,0.17013693874917213,0.1793293483676257,0.20484224130649262,0.16564666146022802,0.1829196982174033
S4,80,0.17464208775045723,0.21828420389121947,0.17216905332607174,0.1807907798590945,0.20786861241107976,0.16755986838230927,0.18436133108373332
S4,81,0.17670489359062802,0.2213104878356504,0.17419891089991205,0.18230349774674817,0.2109112691134394,0.16947418206395456,0.1858358289626271
S4,82,0.17876116736574305,0.22436632332988257,0.17624067149654302,0.18384613424933277,0.2139541074479041,0.17141795362967124,0.18734864791237546
S4,83,0.18078457823395477,0.227461902785197,0.17834234394103296,0.18540184787563718,0.21701627494389011,0.17345126984874262,0.18888555757934597
S4,84,0.183052668182897,0.23085128918184494,0.18062435957616968,0.18697074499983646,0.22038270361313908,0.17557838124572622,0.19043758166988123
S4,85,0.18535871468500628,0.2342794716758623,0.18282462584786652,0.18849930489334504,0.22381711080862496,0.17772299144011705,0.19194287904678484
S4,86,0.18751894901499905,0.2377498294972953,0.18501570385142532,0.18995985104828644,0.2272887388458739,0.17981588077516233,0.19340269697820414
S4,87,0.18969039210568206,0.2416114135434666,0.18748365260766187,0.1915022424209482,0.23109444819505084,0.18213456300372513,0.1949420262515512
S4,88,0.19219260142782785,0.24566619035247422,0.19034662769612765,0.1933357545004281,0.2350527998168597,0.18475002746608502,0.19675973940624494
S4,89,0.19465412033913534,0.2497965688163336,0.19334975237521815,0.19515850504084412,0.23909524644283253,0.187514114220197,0.19859274692278775
S4,90,0.1971260259740286,0.2541287291078804,0.1961966647230164,0.19690969289843294,0.24324654951543137,0.1901961457494957,0.20034406813912034
S4,91,0.19958776367908349,0.2582137599465987,0.19893501557931179,0.198626692127637,0.2472814752221588,0.19275978951228603,0.202056493341214
S4,92,0.20232474342081685,0.2624882611107541,0.2020323171616079,0.2005798268203424,0.2514783670444341,0.19556540232870456,0.20397518777131982
S4,93,0.2051985796315595,0.26661430655434204,0.20516170644894824,0.20273766562473175,0.2555952011168205,0.19851825051057595,0.20612201725192206
S4,94,0.2077916028917388,0.27042974679146353,0.20790181909404865,0.20465907609130615,0.25948330701891203,0.20120521821879922,0.20804480349562468
S4,95,0.21015494327305972,0.274458324407409,0.21066437481964953,0.20648535333036855,0.26352464188639435,0.20382751743107533,0.20985893853735696
S4,96,0.21260835293504682,0.2785807351112418,0.21340755125223707,0.20829933986860416,0.2675958008588989,0.2064495684094104,0.21165334885092668
S4,97,0.21508545178870192,0.2828131402901737,0.216391253331016,0.21038635112413157,0.2717804321526287,0.20932634478057885,0.21370136755295777
S4,98,0.2184482188928742,0.28747497629530505,0.21998566462848995,0.2130159694481816,0.2763810102010957,0.21276899555309128,0.2162789211951337
S4,99,0.22169731758034408,0.2920343009292725,0.22334275596053602,0.21534425849270872,0.2809683367706654,0.216117185134545,0.21859032864008446
S4,100,0.22432730520911892,0.2961382596671323,0.22638190555778137,0.2173552512477353,0.2851487517510491,0.21912108240447722,0.22058553753397778
S4,101,0.22696978293723755,0.30014377741574944,0.22944904581036532,0.21945058762081573,0.2892314240517238,0.22205792977736957,0.22265678923237076
S4,102,0.2295051982071319,0.30413843352403686,0.23244574064403745,0.22151773666413807,0.2932554492451254,0.2249106305235189,0.22469099860340824
S4,103,0.2318640813559854,0.3078755798617944,0.23515189969414618,0.22338003343643145,0.29702511358127626,0.22756242518121902,0.22655286121983068
S4,104,0.2341458526812749,0.3114234658163052,0.23776578606111254,0.22513863944978318,0.30066913500653125,0.2301372830599492,0.22831845777674398
S4,105,0.2366314950889897,0.31514454012342397,0.24048318168087626,0.22700635337277028,0.30449780089078954,0.23276903622456477,0.2301563864858208
S4,106,0.23905193220394919,0.31882873551098206,0.24307884168296426,0.22878985409847943,0.3082865549672003,0.23527381167918007,0.23192741247166945
S4,107,0.24126208059918883,0.32263134793177406,0.24571338825602348,0.23038081545072142,0.31215802951425214,0.23777760803782588,0.23353336300413963
S4,108,0.24373909459257662,0.32654247812603227,0.24867586400939004,0.23224551591354206,0.31611445228605445,0.2406179823371223,0.23539226533041926
S4,109,0.24673022799047595,0.33048793675097127,0.25192979907649066,0.23438156151175038,0.3200825857522888,0.2437833887626978,0.23751280304463096
S4,110,0.24946528726032172,0.3342568668994795,0.25483888263061016,0.23628342241802056,0.32391617904014874,0.24664716943509424,0.23940753402024462
S4,111,0.2517697308624762,0.3377130943396766,0.2573450494947105,0.2379126860312597,0.3274556741574665,0.2491445166481098,0.2410329566015067
S4,112,0.25386844572411776,0.34099909595748734,0.25967648875563853,0.23940852010771543,0.33084054039305366,0.2514798306305401,0.242528772197754
S4,113,0.2558745561024358,0.34419085292679685,0.26198220642004805,0.2409278226955331,0.33416523881672866,0.2538195650554815,0.24405849978840485
S4,114,0.2579546017419672,0.3473255841917202,0.26440597462793936,0.2425756972302283,0.3374840364931017,0.25626465501254314,0.245717318891616
S4,115,0.2600724854675332,0.35058566605316616,0.26693806984143353,0.24425802311457445,0.34092757690050285,0.2588018729865519,0.2474175744573658
S4,116,0.26216786259274244,0.3540529256532433,0.2695638186640957,0.24591296433475118,0.3445527268011413,0.2614001324734354,0.24911199533840514
S4,117,0.26454684238429066,0.35768661188736417,0.2722846194352317,0.2479357546873373,0.3483239209211506,0.2639945124773351,0.2511061268201523
S4,118,0.2666671322564011,0.3610616323067224,0.27472980971330424,0.2496168565730331,0.3517992211079662,0.2664207560286942,0.2528709588382938
S4,119,0.2686404820420773,0.36459539269851704,0.2772368171410395,0.2511700990085122,0.3553802470963365,0.2688739001574242,0.25450696382050403
S4,120,0.2708593895498765,0.36846073064705037,0.28018652906867736,0.2530396330540217,0.35933331071994584,0.2717326054087557,0.25640795277940026
S4,121,0.2734195381221656,0.37268213695119257,0.2834666604625349,0.2552624970427168,0.3636016448479546,0.27495354126635546,0.2586244505618864
S4,122,0.2760764480027557,0.37705054758046963,0.2866890569967865,0.2575436723030989,0.36801973767055357,0.27819023206061994,0.26088588953689457
S4,123,0.2784795677177404,0.3812459818863459,0.2897227136030632,0.25952992175071815,0.3723379655446631,0.2812167972766619,0.2628765404713257
S4,124,0.2806372019607534,0.3852217552743764,0.2925563093342453,0.2612413574838238,0.3764619280515748,0.28401860814450125,0.26459687283791467
S4,125,0.28259602931660277,0.38889999036329187,0.2951808213972162,0.2627519040761839,0.38026293773355446,0.28660481545701055,0.26612865316105067
S4,126,0.28454059181863195,0.3924515553514373,0.2977359929081249,0.26431945398546075,0.38388536433108206,0.28910742426708896,0.267691768209582
S4,127,0.28643147931830726,0.3959389095895414,0.3002480769566633,0.26586566745959067,0.3874802547156777,0.29153547308061295,0.2692471756955825
S4,128,0.2882246761380816,0.3994760790336084,0.30278534238460275,0.26735797409343104,0.3911076911165499,0.29399398330433946,0.27076649651443324
S4,129,0.2899648468065394,0.40297354518747863,0.3053342487025785,0.268795586879139,0.39467620831575684,0.2964737779205408,0.2722560322116651
S4,130,0.29168249925037326,0.4063854496065336,0.30786913879093825,0.2701905612577497,0.3981504266355693,0.2989501705705729,0.2737167179367364
S4,131,0.2933636707512253,0.40951009688432616,0.31037553151363667,0.27155113542798925,0.4013835165311274,0.30139402757549194,0.27515592901105274
S4,132,0.295022934954983,0.4124836448509989,0.3127798971712168,0.2728946749615382,0.4045127322481487,0.3037315185120177,0.2765758576026072
S4,133,0.2966876908534337,0.4155563754476904,0.3150643795107605,0.2742559000266076,0.40773691356825986,0.30598140954719427,0.27801078925162737
S4,134,0.2985327414478303,0.41856478243634015,0.3173377360526597,0.27567627630783564,0.41088292995806247,0.3082511946630578,0.2794815325625353
S4,135,0.30039975769278277,0.4216306395484875,0.3195484093635045,0.2770503924515311,0.4140607155351159,0.3104838536459342,0.28092210096328946
S4,136,0.3022691444311576,0.4248179528636281,0.32183063294672065,0.2785207492074787,0.4173207047960674,0.3127594630215883,0.2824547388387483
S4,137,0.30419519335237505,0.4281430242689485,0.3243002243772746,0.28020427036763423,0.4207993272601067,0.3151970737138053,0.2841899687674058
S4,138,0.3061116619023348,0.4312777023844375,0.32677596438101775,0.28197898711840697,0.4240641208848744,0.3176635894028108,0.2859878099540245
S4,139,0.3079979017832871,0.4343717077327622,0.3292130340629264,0.2837249473723394,0.4272581700203027,0.320053162159827,0.2877572135021436
S4,140,0.3098882619613681,0.43745688786718867,0.33160662919525513,0.28546055006448096,0.4304599525768957,0.32242812312448355,0.28953692977581896
S4,141,0.31218883792919455,0.44063665247861006,0.33400224873414563,0.2871052083019733,0.4337463056059854,0.32480194628400844,0.2912425849149962
S4,142,0.3141287086147513,0.44382586335366586,0.33639294400359676,0.2886717889765159,0.43704875142409727,0.32716601774503695,0.29288269042356907
S4,143,0.31605691916770945,0.4472326883870044,0.33885075924400776,0.29031203963856406,0.4405192753653764,0.3296326305095429,0.2945978908016429
S4,144,0.3181041240080389,0.4506718192712888,0.34143996766691,0.29218384843635997,0.4441176059377403,0.3322612205229562,0.2964853194343644
S4,145,0.32013446305134324,0.45405927334958707,0.34409322854012003,0.2940651142099771,0.44771935643065425,0.33494168186460654,0.2984103637933779
S4,146,0.3221920002213054,0.4575906814642762,0.3468475255331539,0.2959487193069113,0.4513710404013708,0.3376962821466529,0.3003854604646137
S4,147,0.32441959590669645,0.4610867804379353,0.3494785405520031,0.2976376042643221,0.45499212123933663,0.34035029865672567,0.30221048056334404
S4,148,0.32680905496249285,0.4645868960301636,0.35209608939258963,0.29924143706048023,0.45863801479414185,0.3428907356854764,0.303939107746775
S4,149,0.32886035720422874,0.46795433602230346,0.3547434596099053,0.3009541578655515,0.4621950446522027,0.3454471384297994,0.30576652640585306
S4,150,0.3309634990515762,0.47146404215704707,0.35746851854827916,0.30277824067411335,0.46588883368806444,0.3481192964904675,0.3076996048235077
S4,151,0.33304243622219687,0.47488140262568,0.360201159394373,0.30470267004976537,0.46949777898476025,0.35080089021278926,0.30970611866805203
S4,152,0.3351948110168869,0.47834877263049586,0.3629942259496039,0.3066478712231473,0.4731170153684981,0.35354892950211303,0.3117394792648695
S4,153,0.337183161285298,0.4818755697504059,0.3657474525570445,0.3084323232940397,0.4767577535417953,0.35628043480156385,0.31362694982211137
S4,154,0.3391254010450088,0.4851573470562824,0.36839150934176773,0.31008520090648845,0.4801920774085126,0.35892166999788316,0.31535801967484073
S4,155,0.34106265272098496,0.4883978791816158,0.37098162122187217,0.31173227036073786,0.48356544475500707,0.3615274038797252,0.3170525541599237
S4,156,0.3429892826186429,0.49177317378388413,0.3737202983709052,0.3134927426105775,0.4871011175360864,0.3641940603561977,0.3188663597198457
S4,157,0.34513898942317883,0.4954511152996921,0.3764742960837203,0.3153069538066267,0.49085564422538425,0.3669299337755422,0.32079618748823524
S4,158,0.3474811604682585,0.4992392522372512,0.3793888243179618,0.31729390842943095,0.4946790631024005,0.36984867840278685,0.3228719110988023
S4,159,0.3498931874438133,0.5030231185688783,0.38243181455893743,0.3193234469823175,0.4985180996255629,0.3729418646167845,0.3250514448199355
S4,160,0.3525096968920049,0.506860301259906,0.38567030581822426,0.32152919713407135,0.5024497764815626,0.37617520533146137,0.32740252088886135
S4,161,0.3553207996125897,0.510531271195651,0.3889963524449949,0.3240398383661581,0.5062263547700253,0.37964849822106617,0.330048003957129
S4,162,0.358520495661677,0.5142948242357093,0.3925535747967987,0.32681742361956884,0.5100362382352045,0.3833876619137608,0.33296510447127675
S4,163,0.3618262967773167,0.5179816940678204,0.3962982919113165,0.32978930007332335,0.5138052357326873,0.3873016940539919,0.3360510788844722
S4,164,0.3648140694660113,0.5215607009695215,0.39984584937265916,0.33262324877375055,0.5174860704971562,0.39100929981786336,0.33905124793844577
S4,165,0.3677465741513327,0.5253559402827459,0.403320595221119,0.3354220556225703,0.5213809934019412,0.39466267960213824,0.3420402022393548
S4,166,0.3706863281687314,0.529140915140386,0.40679098949198406,0.33821214686011974,0.5252276565719951,0.39828236197396566,0.34499377525428127
S4,167,0.37359259161567687,0.5328410646163263,0.410288128243597,0.34095992747833703,0.529013678225033,0.4019281713587291,0.3479353107924677
S4,168,0.376563574007457,0.5365504974721303,0.4141471616904979,0.34415764734174514,0.5328264168893467,0.40591541558832556,0.3512664102637753
S4,169,0.3799500768500543,0.5404564551415973,0.4180800128537335,0.34754101134439447,0.5368473601463047,0.4100689345458916,0.3547577409698739
S4,170,0.38349708571825386,0.5441816199822213,0.42188849925099486,0.35071155590245734,0.5406142355971434,0.41416863127425585,0.35803246634468056
S4,171,0.38698670193262025,0.5478468323935175,0.42569363708079866,0.35397529465735145,0.5443377509350928,0.4182787120696758,0.3613275810027159
S4,172,0.3907541946910462,0.5515952090341145,0.42975169156892573,0.35760471622316947,0.5481778564612305,0.42246908620905427,0.36494166181950655
S4,173,0.39497389902278673,0.5555523483085273,0.43392367650043373,0.3614587907556798,0.5522285528501029,0.42669449464460785,0.3687627544544579
S4,174,0.39923223194331614,0.5593354976850121,0.4380965423643322,0.3654542364575226,0.5560882842176698,0.43099167326221627,0.372721904113243
S4,175,0.4033274379769778,0.5628845461429758,0.4422766135575389,0.3695644863932099,0.559685143382329,0.4353006908636699,0.3767378277443852
S4,176,0.40723948022058626,0.5663924393896063,0.4465242216141147,0.37372457004000803,0.5632700045089499,0.4396895109597434,0.38077631868258494
S4,177,0.4111229135495982,0.5701768496037103,0.4509054001009403,0.37786551543005065,0.5671226597196902,0.4442231438164265,0.384794369710909
S4,178,0.41509086465238787,0.5738981105127099,0.45542494851138504,0.3820229031003307,0.5708901272184612,0.44902269970743286,0.3888689926785214
S4,179,0.41936875347586683,0.5778456139539936,0.45999451653934326,0.38637872063840856,0.5749181380134228,0.4538848512861307,0.3931614792210428
S4,180,0.42390813329147037,0.5817573879467473,0.4646795577665936,0.390833727832486,0.578937888164791,0.45878829971691665,0.39758830436616516
S4,181,0.4284744163743534,0.5856309099589522,0.46939400408109627,0.39552185575608945,0.5829498118688473,0.46374289224877074,0.4021899595918754
S4,182,0.43285566693026056,0.5892074787297173,0.4740572762543439,0.4001476556684602,0.5866371386785709,0.46867706828051486,0.40677582396076345
S4,183,0.43703848601466166,0.592868383841438,0.47871551771186976,0.40446904309920373,0.5903363417556613,0.47366015620598595,0.41113759741779504
S4,184,0.4413892050247422,0.596582760545695,0.48343821696681955,0.40892484752111935,0.5941332116181589,0.4786728895029584,0.41560291804194344
S4,185,0.44576293196976824,0.6003368051072051,0.4880961950821344,0.41365807812399263,0.5979571689551134,0.48355420977270097,0.4203037626496579
S4,186,0.4501409364220989,0.6040548491215892,0.4927447161373595,0.41827150866077023,0.6017547548383341,0.48841084972276394,0.4248834007961401
S4,187,0.45444224147909745,0.607721253193586,0.4975184024368744,0.42286908237164733,0.6054714457355789,0.49341146741090963,0.429474570413061
S4,188,0.4587873835165786,0.6112729956896242,0.5024540528688246,0.4276895924983311,0.6091284362285732,0.4985581498945593,0.43426811998883735
S4,189,0.4631733827155542,0.6146956974647289,0.5073149627473966,0.432532555046427,0.6126778723581672,0.5036215418984152,0.4389896301005552
S4,190,0.46748570984478305,0.6179748738032534,0.5119597459911892,0.4374269594750818,0.6161190507795572,0.5083919826949038,0.4437028158131911
S4,191,0.47202417691948473,0.6213608951879844,0.5167042091274485,0.4425344051756727,0.6196796133653965,0.5133250336743643,0.4485970087272005
S4,192,0.4764314741433515,0.6248699546231391,0.5214552923889285,0.4476543097733316,0.6232785828961097,0.5183226284702439,0.4534791886635305
S4,193,0.4810131139172482,0.6284036037414792,0.5262229327094368,0.4529740593965079,0.6269082808688023,0.523337400649292,0.4585654927238337
S4,194,0.4859984115575378,0.6321270038741889,0.5312265090182385,0.45876682329405216,0.6307422203852752,0.5286287687517083,0.46407802205918686
S4,195,0.4914724075096621,0.6357489682569917,0.5363844147497578,0.46484688411356695,0.6345262574545395,0.5340824851582296,0.46983346715592916
S4,196,0.4967215621265036,0.6392141452265696,0.5416325862949265,0.47078070347781703,0.6381832885359282,0.5395875321841831,0.47546066443595714
S4,197,0.5020189881118641,0.6426127772472647,0.5471746968822583,0.4768262807899443,0.6417729986414252,0.5453765318485733,0.481193755892682
S4,198,0.5074011771055817,0.6460710053548508,0.5528707428564313,0.4829917843179417,0.6453813329803793,0.5513277730945363,0.4870402539193351
S4,199,0.5127595813403869,0.6493258007938504,0.5586437624591019,0.4892222580713935,0.6488424344566714,0.5573984547778273,0.4929662304234477
S4,200,0.5180543278490338,0.6524736745403311,0.56430721498592,0.4953513404353751,0.6521462369338433,0.5633282199227964,0.4988258632598838
S4,201,0.5235966074615636,0.6555691490766611,0.5699553161554083,0.5017521514958667,0.6553521739348412,0.5693079285866879,0.5049502837780181
S4,202,0.5292053460151448,0.6586842706654671,0.5756076957485932,0.5082958197247813,0.6585707383361382,0.5753808083002209,0.5112074836550583
S4,203,0.5347260462124237,0.6618069922254803,0.5812668492056288,0.5148086220913536,0.661807298726916,0.5814621735396568,0.5174569838782634
S4,204,0.5404191794456289,0.6650125701808034,0.5870191645833299,0.5215476030752325,0.665182418746605,0.5876604866624747,0.5239425239816478
S4,205,0.5463684351331061,0.6684042826935844,0.5927102762903808,0.5284764809527613,0.6688301379962885,0.5937383620520352,0.5305972639432124
S4,206,0.5520432865520944,0.6717151691807358,0.598305402811435,0.535242142411813,0.6723478496984655,0.5995932565384395,0.5370771406448017
S4,207,0.5573309280038069,0.6748844739316812,0.6036152178168805,0.5416491116250285,0.6756992206685116,0.6051532059749717,0.543205675301059
S4,208,0.5625997958531053,0.6778696812503143,0.6088424276879058,0.5480022087829076,0.6788496685845424,0.610609924021753,0.5492661247127578
S4,209,0.5679427076816033,0.6809039825665015,0.6140140310856141,0.5544727979804654,0.6820139203290624,0.6160391233881201,0.5553863148090633
S4,210,0.573259160567225,0.6839350317612622,0.6191195504972868,0.5608904275811378,0.6852362682230789,0.6214181124506907,0.5614367255229201
S4,211,0.5787593379908028,0.6870488977585357,0.6241803907217442,0.5674819854613593,0.6886201399828634,0.6267367341739534,0.567645903252747
S4,212,0.5842885279001349,0.6904458061705179,0.629361110674408,0.5741768832359931,0.692191332581054,0.6322478729942852,0.5739778195657238
S4,213,0.589862288859912,0.6936165333259592,0.634552691447091,0.5808261767860465,0.6955485607421549,0.6377611223469599,0.5802412166035079
S4,214,0.5953394202043073,0.6969287591083199,0.6396841487196744,0.5874511290032869,0.6990296340467781,0.64304487702129,0.5864768398885528
S4,215,0.6005426640269143,0.7001382176338051,0.644581930667648,0.5938369219810165,0.7023505437856249,0.6482062609365167,0.5924751647789512
S4,216,0.605833386630875,0.7032843854442498,0.6495501606417705,0.600324439177963,0.7056552089658562,0.6533754622733684,0.5985282505466967
S4,217,0.6110803308145321,0.7062202923551735,0.6544939930283886,0.6065692752779067,0.7087330207965493,0.6586429505588192,0.604367532737399
S4,218,0.6162949007422195,0.709089994050949,0.6592897866333346,0.6126207248965492,0.7117558283882522,0.6636988094017957,0.6099867677398463
S4,219,0.6214607901492205,0.7119627381376337,0.6640128618932177,0.6185424493424149,0.7148020697121108,0.668630060991847,0.6154393092422995
S4,220,0.6265906784475834,0.714711930535099,0.6686154428182123,0.6242828586816115,0.7176878692904513,0.6734497309311894,0.6207184773158244
S4,221,0.6317640794017327,0.7175322803904457,0.6732128150306298,0.6300626224584133,0.7206279672591892,0.6782038066627983,0.6259973802305534
S4,222,0.636963137891259,0.7204140762946396,0.677684165087634,0.6358560528569129,0.7235779643717483,0.6827276767986485,0.6312704301743565
S4,223,0.6421993372388357,0.7233297546054658,0.6819819968428926,0.6416253705908609,0.7265535842689004,0.6870881468553581,0.6365441473503296
S4,224,0.6474838840456055,0.7262427323258961,0.6862293459495268,0.6473892983095999,0.7295356210595406,0.6914225015957506,0.6417915323417623
S4,225,0.6528011699224435,0.7292114890065131,0.6905063783812071,0.653309728414105,0.732615333949759,0.6958236895180422,0.647177927400813
S4,226,0.6583302908758197,0.7321962560783604,0.6947476528882384,0.6593006845713328,0.7357393465412354,0.7002125722932208,0.6526282672988041
S4,227,0.6640704685811795,0.7350692166949009,0.6988831588778439,0.6651621141366446,0.738810138064811,0.7045015060468308,0.6579602673397984
S4,228,0.669966086342012,0.7379577903981092,0.702947308434447,0.6709773931295979,0.7418261734988624,0.7086719703603382,0.6632295168016402
S4,229,0.6759595049386317,0.7406929366726919,0.7069413423502106,0.676674426514229,0.744642638229252,0.7127841008436652,0.6683752841962708
S4,230,0.6819145155747408,0.743437825495025,0.7109168554803652,0.6822710771196471,0.7475177221676302,0.7168415814175666,0.6734571951383989
S4,231,0.6879159979263373,0.7462278130923194,0.7147924921590713,0.6877625959995187,0.7504681631887369,0.7208053760106624,0.6784552994423704
S4,232,0.6936254180240434,0.7488715449186064,0.7185069108574417,0.6930769035328744,0.7532652160422436,0.7246445936488302,0.6832837526210009
S4,233,0.6993093703402015,0.7514463136672771,0.7220940087993026,0.6982682879144363,0.7559835160798468,0.7283304573599297,0.6880057362799915
S4,234,0.7049876490169223,0.7540144484110473,0.725568638994319,0.7033494911992771,0.7586948335086917,0.7319300253236379,0.6926481725935304
S4,235,0.7105969299375425,0.7566319550996448,0.7290226028142395,0.7083859479238358,0.761453308924175,0.735461518409454,0.6972799712757243
S4,236,0.716090239871462,0.7592435499502281,0.7323778245316866,0.7132854348773927,0.7641828135415194,0.7389041050923569,0.7017909104596524
S4,237,0.7213565293348178,0.7618152793313338,0.7356797825294094,0.71803365873994,0.7668598739450662,0.7422613860106005,0.7061545797937107
S4,238,0.726516882349213,0.7644125918942041,0.7389860110529972,0.7228322376073423,0.7695672318446025,0.7456159827733689,0.7105582843136421
S4,239,0.7317228785416383,0.766939345929852,0.7422717828736757,0.7276680701096672,0.7722295044107065,0.7490095265276402,0.7150050331715452
S4,240,0.7369392139863855,0.7694509289104,0.7455475532977976,0.7323885429792709,0.7748686949939367,0.7523952305790703,0.7193444807201278
S4,241,0.7420023066633891,0.7718636781225412,0.7487232562501673,0.7368123102640861,0.7774196452304857,0.7556516836183341,0.7234199529294773
S4,242,0.7469721869363156,0.7742360426953929,0.7518199815232494,0.7411017269147151,0.7799397360099857,0.7588012101098988,0.7273643924191676
S4,243,0.7519664849801818,0.7766874037716344,0.754864392320516,0.7453307776753965,0.7825367571023211,0.7618437407673649,0.7312377821281316
S4,244,0.7569216306322455,0.7792474759905138,0.7579277672682412,0.7495862506060178,0.785226283660884,0.764919989868318,0.7351465617268795
S4,245,0.7617553649509672,0.7818377334586424,0.7609226054766753,0.7538098838867251,0.787946548315571,0.7678963643374827,0.7390354623488813
S4,246,0.7664176258192956,0.7844266361475103,0.7638298175002683,0.7579291372785507,0.7905768196608215,0.7707901082005929,0.74284272632921
S4,247,0.7709785653659545,0.7868927326619545,0.7666284102694221,0.7618961326740704,0.7931269908729671,0.7736060796187432,0.7465154175524166
S4,248,0.7754337562172237,0.789372763891707,0.7694519360661252,0.7657599378252637,0.7957396981109547,0.7764026718456201,0.750080366826822
S4,249,0.7797415935965039,0.791885181324566,0.7721916632028855,0.7696023942977859,0.798350772983713,0.779142845462301,0.753605217042762
S4,250,0.7838574941344544,0.7943380451783726,0.7748491930234988,0.7733615300715566,0.800903413288862,0.7817811214477035,0.7570255842170209
S4,251,0.7877688762180599,0.7966796928224156,0.77742921551971,0.7769459501206134,0.8033360455815451,0.7843455209526479,0.7603204627472229
S4,252,0.7916235983262757,0.7991085852907288,0.7800165129937526,0.7805309131651785,0.8058775791011769,0.7869187412251312,0.7636432349255088
S4,253,0.7954621484098805,0.8015805962406529,0.7826133519192175,0.7842074782003873,0.808462489530661,0.7894999740199742,0.7670714624043744
S4,254,0.7994646464916704,0.8043223768125091,0.7853277578116652,0.788090719015631,0.8113498133059879,0.792139855236328,0.7707243612298162
S4,255,0.8034376721198353,0.8069207165179825,0.7880109809955801,0.7918593336291205,0.8141030159477648,0.7948075093109085,0.774255440100851
S4,256,0.8075144545565303,0.809581035740412,0.7907136362634439,0.7955726110309232,0.8168761865811796,0.7974504231751395,0.7777258951755291
S4,257,0.8113572209619875,0.812125465278348,0.7932811974845531,0.799021941662819,0.8195045388856022,0.8000146546725206,0.780954978935641
S4,258,0.8150208443944886,0.8144869490871263,0.7956718939117092,0.8022179881990501,0.8219637464353083,0.8024717775991818,0.7839684821429443
S4,259,0.8185466072840869,0.8168646309421392,0.7980627896930694,0.8053822652119438,0.8244225401699657,0.8048729541574806,0.7869808784461837
S4,260,0.8219824850305908,0.8192023647733481,0.8003898454508056,0.8085345984084696,0.8268143612319889,0.807230308064987,0.7899112516367509
S4,261,0.8252826276721007,0.8214732696537186,0.8027120670027683,0.8115350380639401,0.8291711800307802,0.809548479843087,0.7927483945410359
S4,262,0.828392301999307,0.8236623602003535,0.8049390066009208,0.8143941500888843,0.8314944132157495,0.8118025855620941,0.7954742177330111
S4,263,0.8314180053482951,0.8257839631504585,0.807093735733334,0.8171645345093232,0.8337686463524423,0.8140140073043051,0.7981389665417487
S4,264,0.834483494454503,0.828004249044022,0.8092637950146127,0.8199062428678306,0.8360155643670577,0.8161890616524401,0.8007939124781656
S4,265,0.8373670428522617,0.8300486984231369,0.8113745560859182,0.8225187431595234,0.8381163112402662,0.8182705766368037,0.8033298335935246
S4,266,0.8401719701826411,0.8320405097421772,0.8134540264114736,0.8250809554654808,0.8402244980999912,0.8202810938087598,0.805820113357267
S4,267,0.8429084870811903,0.8339864270916765,0.8154737011312787,0.8275674370761126,0.8422707828097025,0.8222198632968971,0.8082379963353518
S4,268,0.8456179014979122,0.8359808306504258,0.8175125606273423,0.8300189762561625,0.8443529440695837,0.8241241878965315,0.8106318988048221
S4,269,0.8483603503540206,0.8380374402272406,0.8196273159234649,0.832486400423389,0.8465219499282317,0.8260505679131714,0.8130639689159475
S4,270,0.8510312732543293,0.8401179742806624,0.8217023000166731,0.8349334148144795,0.8486841525958493,0.8280170712574817,0.815493444846398
S4,271,0.8537498364327747,0.8421678347177041,0.8236999533210076,0.8373309851066142,0.8507688382609505,0.8299371854543546,0.8178711341584645
S4,272,0.8563241808032831,0.8441991460658349,0.8256527433534375,0.8396601529299417,0.8528562622863239,0.8318186452806721,0.8201870036899201
S4,273,0.858827012878333,0.846271013563821,0.8276347924481724,0.8419386569262448,0.8549655270040879,0.8336962310277517,0.8224721360307159
S4,274,0.8611755497084518,0.8482102983830216,0.8295645038008568,0.8441061812946039,0.8569608790841642,0.8355598047041949,0.8246777906515748
S4,275,0.8634689485434847,0.8501672204957339,0.8314630752219854,0.8462348490441802,0.8589419295707623,0.8373881069901276,0.8268600604750432
S4,276,0.865754230482544,0.8522598161285455,0.8333748267611472,0.8483856713328572,0.8609876740279345,0.8391895075759174,0.8290575798779587
S4,277,0.8679694313505301,0.8542001342896488,0.8352161489307036,0.850446049762974,0.8629500108103723,0.8409635546845747,0.8311860976592284
S4,278,0.8701553346393032,0.8560664376628067,0.8370414719167092,0.8525275653846524,0.8648457432022566,0.8427285580805712,0.8333254450146009
S4,279,0.8722980976771939,0.857956156346991,0.8388534309351566,0.8546312855830638,0.8667134076147098,0.8445113544875381,0.8354712212741352
S4,280,0.8744681748538271,0.8599500551879417,0.8407495703138743,0.8568472875315682,0.8686181613078346,0.8463974224293379,0.8377234887868719
S4,281,0.8766860648028709,0.8619773301560218,0.8427177491930482,0.8590357675547327,0.8705977825849066,0.8483858872632943,0.8399971544696555
S4,282,0.8789031015367691,0.8641102862054705,0.8447972694275082,0.8612173510382068,0.8727084659742931,0.8504282244425186,0.8422873520370172
S4,283,0.8810612208598267,0.8661482542261064,0.8468341554205508,0.8632791601346361,0.8747277451978152,0.8524198223960192,0.8444736870093982
S4,284,0.8831342291444428,0.8681357960811089,0.8488304951816396,0.8652494307660217,0.8766621633320941,0.8543356938216808,0.846570173061739
S4,285,0.8850575943063297,0.8698955438957432,0.8507078477535079,0.8670938249122498,0.8784089890572547,0.856139996409005,0.8485450684389626
S4,286,0.8868864604633331,0.87153673597843,0.8525087487107135,0.8688393448946257,0.8800436433377007,0.8578537587369842,0.8504300962662872
S4,287,0.8886671093587843,0.87315174639401,0.8542747897443544,0.8705485138383648,0.8816735445807481,0.8594992582214617,0.8522811351900215
S4,288,0.8903735187679769,0.8747282279279976,0.8559838723549924,0.872227465580804,0.8833053754708047,0.8610944912151126,0.8540940119138131
S4,289,0.8920488350985094,0.8763298050351365,0.8576529865274795,0.8738715775284948,0.8849477526791559,0.862633204253688,0.8558698545804687
S4,290,0.8937045270037645,0.8780141865721129,0.8593530136212889,0.8755522091226131,0.8866218479211212,0.8641892693122882,0.8576832087274538
S4,291,0.8953654251146128,0.8796665783506289,0.8610203698642241,0.8771622258741113,0.8882508134891612,0.8657459301795916,0.8594490931812873
S4,292,0.8970297597850968,0.8814537220455612,0.8627339345715801,0.8787880834536415,0.8899803602776165,0.8673632402219935,0.8612445431694772
S4,293,0.8987124099838799,0.8832290962037521,0.8644384790260349,0.8803973813154767,0.8916983591404262,0.8689721772050844,0.8630296607073809
S4,294,0.9004642710916153,0.8850265481708756,0.8662510425669574,0.8820854020042064,0.8934342062017536,0.870651443262176,0.864896108894328
S4,295,0.9021148380083794,0.8866519579748691,0.8680218153462835,0.8837059450054966,0.895044497640563,0.8723386952804703,0.8667022924312285
S4,296,0.9037780099631261,0.888299150628403,0.8698094984211264,0.8852993413422606,0.8966411699735989,0.8740145165126497,0.8685024199420663
S4,297,0.9055070991366873,0.890131820050342,0.8717060261151361,0.8869669094097475,0.8983986050239832,0.875733923083375,0.8703906134332305
S4,298,0.9071779961035475,0.8919620047761788,0.8735726671205333,0.8886444605604327,0.9001002285633076,0.8774917401627119,0.8722977987876716
S4,299,0.9090125533506974,0.8936784727419054,0.8754003898848497,0.890260997189937,0.9016900512692306,0.8792441232475454,0.874160080916484
S4,300,0.9105601679029853,0.89542399120376,0.8772707268020002,0.8919132476017763,0.9032810986894096,0.8810371668743734,0.8760689900114448
S4,301,0.9121186482313135,0.8971824689746735,0.8791610373936116,0.8935907658096296,0.9049082081002336,0.8828387798006454,0.877984911868872
S4,302,0.9136233082278152,0.8989340131650796,0.8811038657373613,0.8952774200258207,0.9065853313104683,0.8846825774738135,0.8799254513479052
S4,303,0.9151559033807867,0.9006278805757506,0.8830578107147695,0.8970213586877153,0.9082072844905941,0.886626934974548,0.8819061688746966
S4,304,0.9166688237027009,0.9023849505325541,0.8850824790775382,0.8987605990544356,0.9098795251581331,0.8886458662790523,0.8839120011285936
S4,305,0.9183388060719028,0.9042101531754122,0.8872086334816698,0.9005224606983718,0.9116125361370647,0.8907353762240033,0.885959312939482
S4,306,0.9201345137031047,0.9061953002771004,0.889448083400819,0.9024260197092386,0.9134425650206537,0.8929686200946065,0.8881337353378361
S4,307,0.9224825243181765,0.9081526797232524,0.891718178922248,0.9044745879248001,0.9152502119315052,0.8952935543904217,0.8903889711459002
S4,308,0.9244691748713022,0.9100385814607724,0.8940554471046387,0.9065835818245765,0.9170096306045042,0.8977553070312557,0.8927122247823999
S4,309,0.9262724268102323,0.911897115321836,0.8964628635530567,0.9087593367189544,0.9186745080665606,0.9002996868157288,0.895097674461587
S4,310,0.9280559270510135,0.9136710029608024,0.8989098072270065,0.910743095688266,0.9202702700142269,0.9028059404254362,0.8973960948095687
S4,311,0.9296568420839366,0.9153994754719078,0.9013812931930073,0.9126638189454674,0.9218776564161254,0.90521148127326,0.899638278059903
S4,312,0.9311748465932306,0.9170836528421987,0.90378876099801,0.9145019445095784,0.9234321374359404,0.9074801643809071,0.9017897788009117
S4,313,0.9327609866778473,0.918788803154236,0.906119690665725,0.9163312078190812,0.9250115204408392,0.9096410760575983,0.9039081423680474
S4,314,0.9343089598203853,0.9203713056403269,0.9083225343553514,0.9180821674778318,0.9265308439779313,0.91171586050474,0.9059495371497249
S4,315,0.9357760546469637,0.92198213173704,0.910457498102278,0.9198496239754278,0.9280373419719975,0.9137339823673876,0.9079564507879702
S4,316,0.9372677522782104,0.9235632339534972,0.9125303624358071,0.9215911728657316,0.9294899316560888,0.9157382589788886,0.909932695250041
S4,317,0.9388591199558383,0.9252896705176612,0.9146386330856668,0.9233817282491745,0.9310701397408647,0.9177542914193451,0.9119560203921869
S4,318,0.9402698333816203,0.9268907359001323,0.9167258029541319,0.9251354008927376,0.9325365849608636,0.9197975612439454,0.9139642860250213
S4,319,0.9416344912260234,0.9284435271402023,0.9187557667534544,0.9267806591566208,0.9339619828288951,0.921770582142599,0.9158856804399328
S4,320,0.9429158946536605,0.9299321450814892,0.920690740458704,0.9283508898892003,0.9353579731510956,0.9236037088398267,0.9177274337457657
S4,321,0.944176669761208,0.9314873342882807,0.9225722395786976,0.9299079361020892,0.9367648322139169,0.9253646203781215,0.9195318904447385
S4,322,0.9454696959108969,0.9330610066236362,0.9244099991270484,0.9315296430219074,0.9381643990375164,0.9271130066701145,0.921386855479564
S4,323,0.9468134116949078,0.9348141660157122,0.92632624599618,0.9332291102348514,0.9396531454391539,0.9289379956247004,0.9233347357563527
S4,324,0.948199079089613,0.9365937732404017,0.9283615578142572,0.9350579459274139,0.9412528397580067,0.9308780408041266,0.9254215962607097
S4,325,0.9496068559715894,0.9382876974655294,0.9304593569998579,0.9368316659904385,0.9428405622967779,0.9328759902117717,0.9274866602745299
S4,326,0.9509708425144666,0.9399029157113922,0.93251983376278,0.9385538563025472,0.944346663892479,0.9348422997195981,0.9295000313448641
S4,327,0.9522876478660514,0.9414106193807044,0.9344900826471111,0.9402571753329363,0.9457762545533965,0.9367664276452338,0.9314878833705276
S4,328,0.9539083093824923,0.9429244882276506,0.9364911105690479,0.9419564356313186,0.9472072225734919,0.9387345065710945,0.933476073602803
S4,329,0.9552606385949302,0.94450392530071,0.9385468722862457,0.943631424669421,0.9486827625319211,0.94070399536607,0.9354534726184881
S4,330,0.9565606060678751,0.9460135952980354,0.9404997988157358,0.9452234141119573,0.9500958015540538,0.9425457234626635,0.937340515989281
S4,331,0.9577845600599699,0.9474536932493645,0.9423870033616977,0.9467472316001221,0.9514745442887689,0.944240315204767,0.9391538801467351
S4,332,0.9589821253420411,0.9488667374512277,0.9441653292218509,0.9482223279263351,0.952817692772692,0.945873960900013,0.940905169908581
S4,333,0.9601553016107502,0.9503318326227472,0.9458817839702195,0.9496705332460619,0.954198895020859,0.9474781582263145,0.9426292606074432
S4,334,0.9613578425666698,0.9519226547668157,0.9476179393052017,0.9511522501665892,0.955689931771451,0.9491026850657653,0.9443786965917448
S4,335,0.9626428024287473,0.9536844087235096,0.949399757974287,0.952698364090837,0.9572350568063058,0.9507654036098776,0.94618053113807
S4,336,0.9640980268154951,0.955237478529523,0.9510833236345161,0.9541472049461739,0.9586317659186735,0.9523751675359428,0.9478781653171976
S4,337,0.9652952866181157,0.9566843893309821,0.9527641155726057,0.9555837920913257,0.9599769404592955,0.9539534079093749,0.9495702361131126
S4,338,0.9664432965958362,0.9581498562603052,0.9544693803165596,0.9570352755051621,0.9613969851351861,0.9555185998185043,0.9512731527001034
S4,339,0.9679087218435534,0.9595246931798327,0.9560653801424396,0.9584001767318698,0.9627125620652484,0.9570246960498944,0.9528997669554835
S4,340,0.9689584559169804,0.9608347877912012,0.957626759652676,0.9597176105471571,0.9639567047493718,0.9584813328546749,0.9544890782484754
S4,341,0.9700201596392249,0.962141141169492,0.9591585472302192,0.9610252126569696,0.9652397984639549,0.9599076379696565,0.956069388942757
S4,342,0.971070665838254,0.9634927521453366,0.9606790931945167,0.9623528490852117,0.966565358630548,0.9613168339381518,0.9576622099995021
S4,343,0.9721206489897108,0.9648786191721967,0.9621782943563495,0.9637112497795118,0.9678453965205701,0.9627649374532038,0.9592805623536904
S4,344,0.9733249625069225,0.9664240893216364,0.9637636379670456,0.9653299563058519,0.9692260800118871,0.9643584079158635,0.9611201579578572
S4,345,0.9747532417664004,0.9680975864226592,0.9655726079017711,0.967332119827891,0.9707380991292878,0.9662142747291099,0.9633098616507249
S4,346,0.9759216884608124,0.9695831431862215,0.9673908267789786,0.9690328712527728,0.9720871654313369,0.9682460699112566,0.9652603163628531
S4,347,0.9769970485179217,0.9709757885725852,0.9692171026196406,0.9705847041054286,0.9733464921963831,0.9701770182882669,0.9670668788091324
S4,348,0.9780648116031841,0.9724138614179125,0.9711130463245152,0.9721333680851745,0.9746509316257722,0.9720400102200369,0.9688451150736409
S4,349,0.9791797794727519,0.9739012072782671,0.9729795379071184,0.9736754534777994,0.9760655912790233,0.9737965268059515,0.9706051061787281
S4,350,0.9803677081755497,0.9756264039799823,0.974905753719793,0.9753779894421977,0.9776439238374919,0.975537771218505,0.972505343262774
S4,351,0.9819672589294575,0.9777580985527554,0.9770441342093497,0.9774809226042483,0.9795076486742084,0.9773648573762422,0.9747756753503691
S4,352,0.9833190939676799,0.9796737192218923,0.9788878016710425,0.9793840135342968,0.9811030484547256,0.9791233732695236,0.9768554070601415
S4,353,0.9845585727399166,0.9813565339377087,0.9806114829087704,0.9812059177397539,0.9825230038769416,0.9808213630234669,0.9788667553111826
S4,354,0.9857791021107407,0.9831653283687639,0.982357781430383,0.9830019084314624,0.9841918858901986,0.9825776852104863,0.9808841381509975
S4,355,0.9870192749834944,0.9848976589402078,0.9841301490861282,0.9847720944981555,0.9858159139526137,0.9843649785745493,0.982888657386611
S4,356,0.9883157572357478,0.9866485304393182,0.9858915192026089,0.9864912437197279,0.9874855234314831,0.9860820493755904,0.984848746109412
S4,357,0.9895123740247472,0.9883216987083441,0.9876382277785751,0.988180474460998,0.9890602893553426,0.9877801403633173,0.9867715919986381
S4,358,0.9907364851390393,0.990003172182675,0.9894268162264592,0.9898726893789553,0.9906586252183046,0.9894869691481212,0.988703902031771
S4,359,0.9919050484892642,0.9915973923426231,0.9912152146925703,0.9915591492795635,0.9921749827657237,0.9912043481111557,0.9906089950053069
S4,360,0.9930854567542589,0.9931534505690275,0.9929677844175864,0.9932118926295521,0.99364851649604,0.9929248096194193,0.9924718497361424
S4,361,0.9942314332397554,0.9946452726556982,0.9946785614072681,0.9947870970569184,0.9950877561928803,0.9946242713951946,0.9942519545431626
S4,362,0.9953810535445204,0.9963387897186867,0.9964215010213977,0.996420835161261,0.996655377136007,0.9963257155016367,0.9960631543919888
S4,363,0.9965793436644863,0.9981695768605148,0.9982101921466973,0.9981902418507678,0.998316197889674,0.9981531713134234,0.9980219388291358
S4,364,0.9978991596638656,1.0,1.0,1.0,1.0,1.0,1.0
S5,0,0.001100093571105014,0.0014517527645949502,0.0009001490331586896,0.0013510535391850027,0.001239260139745778,0.0008667783894009224,0.0013171040369428476
S5,1,0.0021869940733018735,0.002899312084948801,0.0017877965367108398,0.0027386670739785244,0.002474407867806155,0.0017256167527941466,0.0026709437204170557
S5,2,0.0032781028685430966,0.0043921302593658475,0.0026678275605219862,0.004161210566331627,0.0037241228092562396,0.002577413218102899,0.004070751802881187
S5,3,0.004391426513973965,0.005936268413392064,0.0035498572509162153,0.0056604675259297535,0.004995731237117618,0.003428011199956279,0.00553293549659108
S5,4,0.00548761616947247,0.007365707485040838,0.0044169224680860805,0.00711460256381212,0.006242701945434383,0.004268689153015498,0.006952124626884495
S5,5,0.006589100470153408,0.008755333535672725,0.0052655686899140755,0.008550294069918803,0.007490136272936429,0.00510709074459745,0.008400600374683874
S5,6,0.007717116117425662,0.010089198452026065,0.006117498842468039,0.009972569981172328,0.00870080813142318,0.005946408958292286,0.009794674267100033
S5,7,0.008821581397536804,0.011460610442488894,0.006975526308266282,0.01135522733530063,0.009910590155476845,0.00678605287254679,0.011160681995543683
S5,8,0.009890171241314147,0.012955507925820947,0.007816481468962537,0.012685083208431478,0.011145998163343572,0.007608123363336152,0.01248539277715296
S5,9,0.010929063649111953,0.014314103961092315,0.008640557202591506,0.01399548190832803,0.012337461868342373,0.008408703179118918,0.013771956652119681
S5,10,0.011957593421800168,0.01575549734631435,0.009451200048530225,0.015263005990091021,0.013520536659371129,0.009188977030685394,0.015011702485961403
S5,11,0.01296374443769969,0.01716279891382386,0.01025610986698876,0.016499000163196702,0.014686412735659923,0.009964064734971427,0.016223163243831756
S5,12,0.013985881028094933,0.01868640192176642,0.011063493679989812,0.01785657971754006,0.015863378198259673,0.010741410708989247,0.017525784424203758
S5,13,0.015032253390166759,0.02031268689370768,0.011861746538826259,0.01929601327874065,0.017054112194369694,0.011512934800161164,0.018907023557794625
S5,14,0.0160490651267391,0.021690289475582988,0.012658895856990076,0.02062542511913645,0.018218458460801955,0.012274472477646662,0.020227753043212428
S5,15,0.017094927512242543,0.023182012644416602,0.013479871883987244,0.0219792680789091,0.019421102863083076,0.013051538544647837,0.021582996129434234
S5,16,0.01824883706330199,0.024734856795663295,0.01436517004339265,0.023430726217522055,0.02073820508830665,0.013878874533936344,0.023083153257017888
S5,17,0.019316029529506163,0.026218127726023763,0.015206499059555907,0.024778094167116533,0.021980798124897356,0.014678801812118523,0.02444146897201981
S5,18,0.020369052844785837,0.027717952644529458,0.016022220637999275,0.0261319963342073,0.023178271268893106,0.015462097338527483,0.02578063177853442
S5,19,0.021539648693110983,0.02943117850218284,0.01686777187106765,0.027602349905999937,0.02449893137553774,0.01626602015875241,0.027236463425209745
S5,20,0.02269676632084707,0.030955897101876226,0.017714762476651907,0.029007644691021114,0.0258082739569131,0.01706278173347713,0.02865526189792292
S5,21,0.02375128760837904,0.032378017980094896,0.01851528322322668,0.030297962004057166,0.027017383993570187,0.017827151372274114,0.029949301931963615
S5,22,0.02480330434920841,0.033859528717106284,0.019300093872975356,0.03152788317677675,0.028211932032333544,0.01857622207835255,0.031178313665640982
S5,23,0.025833741017667746,0.035324002833896744,0.020078282255098445,0.03271210402874895,0.029403408493373907,0.019319463434010198,0.032346292965395616
S5,24,0.026828683094327562,0.03670782420653679,0.020856119342702727,0.03387867380136634,0.030578445717930697,0.02006013067132937,0.03352123147685268
S5,25,0.027824981721604556,0.03815218454341706,0.021625688196864726,0.0350280525187399,0.031778562514048085,0.020790654140141623,0.03467965615641118
S5,26,0.028814426931190133,0.03954663993736258,0.0223701496335,0.03617698621074725,0.032967541502300794,0.02150363396857688,0.03582787785803143
S5,27,0.029835370565124884,0.041175522139766565,0.023107226395983716,0.037398340045842346,0.034186430558228224,0.02221065776612385,0.03703232237528229
S5,28,0.03084683212311742,0.0426969228871456,0.023849891578940016,0.03860788695074206,0.035383273810438466,0.022927447071363263,0.038226620893268316
S5,29,0.03191244564067715,0.04428096505070623,0.024639299520471687,0.039925540842926176,0.03665279395811349,0.023671796658062946,0.03951349511662197
S5,30,0.03299676501701334,0.04590114403420314,0.02539266832657461,0.041209553157268514,0.037942844145795775,0.024397056879366646,0.040765164915155395
S5,31,0.034011679441530406,0.047340795599626194,0.026113222324077055,0.0424504533332605,0.03914985745740038,0.02509730670486177,0.04196942876038542
S5,32,0.03503839801362874,0.04883186697453945,0.02683180698150332,0.0436829668221015,0.04035727293345187,0.02578976540640242,0.04316272941984844
S5,33,0.03604865163878165,0.05020755619881938,0.02752889716504041,0.044871216021240834,0.041532822267397185,0.026464485944418515,0.04431051193871344
S5,34,0.03705209945893651,0.05161507639498476,0.028229754192977678,0.04604071856387746,0.04271582746905165,0.027142536802177097,0.045456367696555415
S5,35,0.038024660859937935,0.053087692350306706,0.02892935333414799,0.04718641312449941,0.043928690102336236,0.027819314602374384,0.04659342232873905
S5,36,0.03915036463542969,0.05475151940516351,0.029693761775426444,0.04847095160968853,0.04530775968997055,0.02854593771086245,0.0478946687528567
S5,37,0.040377004518012745,0.056460097607250896,0.030468664274770102,0.04985095189334511,0.04675453109920113,0.029287015749522218,0.04929854468122654
S5,38,0.04154137436871174,0.05826775666227205,0.031189389270264548,0.05125141466430546,0.04809111724273468,0.02999265027477241,0.05068849482717441
S5,39,0.04260350734544508,0.05993079742219243,0.031875474273739865,0.05255192029442135,0.04936022942562535,0.030668879718003972,0.05197987522445985
S5,40,0.043607940326823344,0.06144731067298167,0.03255433912867456,0.053744565903909594,0.05059345223303116,0.031336532068538626,0.05316861455150492
S5,41,0.0446014350914755,0.06306333390624534,0.03324139867183333,0.05492759454686104,0.051884704984091444,0.03201118175583063,0.054334299629329785
S5,42,0.045778832316210535,0.06497329063380897,0.03403103839293814,0.05629580984465602,0.05341071206433837,0.032764332596990436,0.05571289287110153
S5,43,0.0469196690035376,0.06679496467416342,0.0347745145690945,0.057614115154760503,0.0548872068377864,0.0334952403176553,0.057040211843636106
S5,44,0.04801438834577434,0.06852475621671089,0.03551006367285895,0.05891085091741922,0.05629044661780191,0.03421185713891376,0.05831492485549463
S5,45,0.0490514698826803,0.07011632278818945,0.03623372761825621,0.06009630996338015,0.05765935726565227,0.03491872610787561,0.05949535445452908
S5,46,0.050082776859335196,0.07167111087856994,0.03694488458258372,0.06121361333918193,0.059006099163857795,0.035612372493300626,0.06060190183450712
S5,47,0.05110415602274828,0.07334638311293724,0.03763711722388082,0.06229847103059155,0.06037780966002487,0.03629228705426571,0.061673805628730004
S5,48,0.05211814783563431,0.07506756254454611,0.03834506380682468,0.06339723008767677,0.06180748023413469,0.03697783439991472,0.06275527326143489
S5,49,0.05315830779936693,0.07673071771873716,0.03906240974168643,0.064488383142786,0.06324933698685735,0.03767637627840271,0.06383270466921345
S5,50,0.05417722961934995,0.07835295208624074,0.03976900988837461,0.06555271679653568,0.06464517079434297,0.03837617505967131,0.06489158827965597
S5,51,0.055159440010007776,0.07998217072678941,0.04045692799328073,0.06659421833230766,0.0660333682948848,0.03906418468471131,0.06593149992459861
S5,52,0.05614168642933028,0.08161484884550205,0.041136437264044895,0.0676014073263836,0.06738184111506262,0.03974505590741945,0.06695642335745333
S5,53,0.05706880577432016,0.08320175799189361,0.04180157931082967,0.06854738813001778,0.0687303851342322,0.040416374217581694,0.0679239703691705
S5,54,0.05802287507890817,0.08490923379643564,0.04248888354688886,0.06947669958729016,0.07014600861660254,0.04109704640460662,0.06887328320421789
S5,55,0.05901414677678983,0.08687218165382209,0.04321210108789434,0.07041628816714865,0.07174533377024055,0.04180584947194213,0.06982258982628706
S5,56,0.05999609398303867,0.08863341921197322,0.04389629669893456,0.07131984978537224,0.07323008286126492,0.04248986057555285,0.07073656408280089
S5,57,0.060924245883440954,0.09031624575505405,0.04455316174508905,0.07218062717976899,0.07465549292429703,0.04314627143525839,0.07161977853853826
S5,58,0.061816998903236046,0.09204466589418285,0.045208855818397425,0.07301395615652422,0.0761366704633534,0.04379381180138831,0.07248373883836721
S5,59,0.06269911105424468,0.09373393752921076,0.04586096420828817,0.07384666015668552,0.07761461983483862,0.044438639618932886,0.07333667311036063
S5,60,0.06357705162672332,0.09542395386707307,0.04649642105643493,0.07466684694169877,0.07906799586478001,0.04507195248384477,0.07417883060938568
S5,61,0.06445416271523782,0.09733252635684579,0.047130062238222116,0.07550613548848836,0.08061605966297658,0.04570690262473056,0.07504800935777413
S5,62,0.06532496043178433,0.09931517230274901,0.047767443520702654,0.07631691905176018,0.0822423575912538,0.04634707492165021,0.07589027315512437
S5,63,0.06620231346577747,0.10120656912586568,0.048454932418735504,0.07717514827332322,0.08391295506425027,0.04701845767098928,0.07678081592623054
S5,64,0.06709359191317135,0.10290914611571546,0.0491205773934255,0.07800875482430923,0.0855115765900503,0.04767409405656752,0.07765026646030432
S5,65,0.06797240431609602,0.1046937023955504,0.04975172657798071,0.07878987807148069,0.0870791525421432,0.04830271614737272,0.07845571260899493
S5,66,0.06882630311679327,0.10644739254667546,0.050371755545078015,0.07958755142510503,0.08863251819977869,0.04892375628701067,0.07925979130106331
S5,67,0.06965055141247983,0.1083041010790044,0.05098986124919117,0.08035130884921245,0.09023222819882164,0.049543172689588195,0.08003339456147275
S5,68,0.07045227204012369,0.11016268625220578,0.051610356822134905,0.0810643102734801,0.09184536752138771,0.05016530304613145,0.08077095366091576
S5,69,0.07124605540656677,0.11194199331487201,0.0522330464498443,0.08176973392004039,0.09343413680274266,0.050787170698077366,0.08149920259924252
S5,70,0.07209376270032374,0.11391058480908767,0.052889244175264125,0.0825107355149352,0.09518940268965893,0.05143392062392471,0.08227880546091146
S5,71,0.0729763302071357,0.11579627472704157,0.05354243627968135,0.08321990096552963,0.0969197649580491,0.052090403952819664,0.08303583046559397
S5,72,0.07386446049579093,0.1177323986261539,0.05421059373625869,0.08392807294048801,0.09866406610334594,0.05276106362780347,0.0837927651314036
S5,73,0.07476515490778972,0.11994327916069646,0.054887841175293925,0.08464211444991683,0.10056055175186025,0.05344298603695675,0.08454606007442723
S5,74,0.07566152876725864,0.1220832979148518,0.05557341593560355,0.0853811806202771,0.1024707153149114,0.054131433014018376,0.08531823843491378
S5,75,0.07653773303261828,0.12433949924618698,0.056280204333945004,0.08609844791175458,0.10448861161635385,0.05483754744007254,0.08607879286163578
S5,76,0.07740661573139858,0.12670011978983772,0.05700837704881248,0.08678137432291155,0.10653884154451632,0.05556161560351073,0.08681243356674358
S5,77,0.07827058996734544,0.12886711210134133,0.05771014170681547,0.08743980679547508,0.10853080858823176,0.05627557938051275,0.08752985472809192
S5,78,0.07910421443608447,0.13088201835076663,0.05839037321151964,0.08808600194281575,0.11043288189640153,0.056971363116716016,0.0882400549669609
S5,79,0.07993064282478315,0.13292823725120156,0.05906298489418753,0.08874181924839619,0.11231113967319183,0.057660937899840864,0.08895929206150853
S5,80,0.08075226858438586,0.13503155018859947,0.05973116910060665,0.08938824093694946,0.11418933635308265,0.05834945498621591,0.08967660184658749
S5,81,0.08158108044966157,0.13707365252202292,0.06040299965475014,0.09004311585454902,0.11608177294827227,0.05904273329902169,0.09040845017930761
S5,82,0.08243804253751477,0.1392519160401175,0.06107965732774061,0.09073880260898173,0.11801701862699726,0.059741267225864834,0.09117830105484181
S5,83,0.08325241495151413,0.14126741543956275,0.06177552040396985,0.09143091473739527,0.11998525992878244,0.060452979842534,0.09193714692125494
S5,84,0.08407565416319886,0.1433556596995826,0.062486060197116465,0.09211176907831041,0.12200522995562114,0.06117961233875749,0.09268365732965338
S5,85,0.0848938537453389,0.14558386444497814,0.063190046003252,0.09274890927057405,0.12413785360972956,0.06190711556672716,0.09339318917012107
S5,86,0.08569089408934406,0.1478380590994826,0.06389747731292748,0.09338148950108396,0.12630869559568397,0.0626401436854165,0.09409329316359967
S5,87,0.08649862218603324,0.15022416433339575,0.06462117527823134,0.09399445851464179,0.12861923850853055,0.06339198546126858,0.09477871057473652
S5,88,0.0873546730303811,0.15268928280429842,0.06538323741391115,0.09462496589021932,0.1309712621815511,0.06417879376865192,0.0954758663834722
S5,89,0.08823119286846585,0.15543707570112994,0.06618572478676928,0.09528157976725293,0.13359453987936662,0.06500158853617734,0.09620802682910083
S5,90,0.08915682265533142,0.15815386457890176,0.06698520277061726,0.09597974106697768,0.1361868140083011,0.06583265635446887,0.09699621515301067
S5,91,0.09030067491729309,0.1610384365606539,0.06776963294804746,0.09671175266077034,0.1389253017074984,0.06665506665169753,0.09782151818536372
S5,92,0.09161710754379566,0.16418216781664977,0.06858315365179837,0.09756172324235136,0.14179216602803427,0.06750096304762387,0.09879871305542698
S5,93,0.09310269312565135,0.16770802629361542,0.06941462840813398,0.09853018086505412,0.14485492856803486,0.06836869209628348,0.0999065519487361
S5,94,0.09420927187771638,0.17068165755268822,0.0702280093538626,0.09934172392622587,0.1477440756392627,0.06922779549832407,0.10084562285503029
S5,95,0.09518919388177685,0.1734793037874618,0.07104382740587503,0.10004189391356948,0.15057031011039393,0.07009897740756012,0.1016437613903896
S5,96,0.09611960877199312,0.1766625983161264,0.0718688266206777,0.10069228454931381,0.15343607261637984,0.07098695176218195,0.10238078235726578
S5,97,0.09702272210830494,0.1796907125769025,0.07274670924699024,0.10135860025292082,0.15645796399688283,0.07191985661098653,0.10312059796437567
S5,98,0.09801246747374007,0.18292065176563535,0.07372888084430257,0.10214496204942658,0.1598675306864819,0.07293600600990789,0.10399394093781812
S5,99,0.09900198869749398,0.1860944754271262,0.07468008602730092,0.10286261825062071,0.16312443478185637,0.07395802150604207,0.10480817966675093
S5,100,0.09991739456654215,0.18916286175981595,0.07559916203806737,0.1035301871563676,0.16623398219745392,0.07496158094786927,0.10556987450136497
S5,101,0.10081811303973408,0.19241855851922812,0.07654410096484167,0.10419766603797566,0.16956010000855018,0.07597303982837621,0.10632224489522073
S5,102,0.10170169430720721,0.19559859876957886,0.07750169059341631,0.10485835056896953,0.17284096161614237,0.0769984550202217,0.10706454944465175
S5,103,0.1025592587598206,0.19852182502527294,0.0784512414617762,0.10551055598798864,0.17597942927375,0.07802881977809485,0.10780650726929462
S5,104,0.10339789301865089,0.20134287924128177,0.07941409739839007,0.10615134041223923,0.17896887333722722,0.07907249236662102,0.10854111510011051
S5,105,0.1042374887939611,0.20411622395675597,0.08039750805511202,0.10677413235939548,0.18194926520169072,0.08013950765647708,0.10926540562894976
S5,106,0.10508164603878956,0.20698447328936867,0.08138828440612036,0.10739615825135358,0.18488420868267452,0.08122076918991201,0.10998055596154584
S5,107,0.10590256896952079,0.209861330081125,0.08239365538975668,0.1080178486060567,0.187853443574167,0.08231799063391403,0.11068628242218341
S5,108,0.10673758067582932,0.2129055138791201,0.08345176922745401,0.10866126122809322,0.19092752248173053,0.08345650785805475,0.11140976842202342
S5,109,0.10768433790546253,0.21611118187302913,0.08458521077721638,0.10942771471084395,0.19411536224641812,0.08465871221069854,0.11225999357772083
S5,110,0.10863126766448311,0.2192510430787296,0.08570601546635224,0.11021136282023646,0.19721349651296016,0.0858680698407897,0.11313857014479449
S5,111,0.10953107660151683,0.22223997630131095,0.08680652703783909,0.11091725655861907,0.20023057584906326,0.08707139645626934,0.11395468857753625
S5,112,0.11039862095275929,0.22528082869597196,0.08790804674559165,0.11158420954746348,0.20325953126435484,0.08828188293328099,0.11473808833360377
S5,113,0.11126004697989003,0.22836859296683693,0.08902178678066339,0.11227989851050167,0.2063539591751029,0.08950909964403427,0.11554186572025704
S5,114,0.11215344701097085,0.23156379077923808,0.09016785445323823,0.11300907375947837,0.20948190450523282,0.0907722588311467,0.11639227831449299
S5,115,0.11303383928779058,0.2349501404633339,0.09133163513838301,0.11371217151861399,0.21267638193409213,0.09205048298591205,0.1172291250911518
S5,116,0.1138921971266225,0.23832718326888164,0.09250870281048651,0.1143888142589388,0.2159909962598936,0.09334131430301855,0.11802978060979315
S5,117,0.1147886649187156,0.24160560801317998,0.09372077430268563,0.11510826793945515,0.21938077203015793,0.09465871023661736,0.11886998749486877
S5,118,0.11564140465438678,0.24471054680238782,0.09491485895448769,0.11577224929849392,0.22269091574602504,0.0959675881425146,0.11964214463179518
S5,119,0.11646957075967942,0.24791817603953717,0.09611737428707046,0.11639922351186828,0.22605792459885257,0.09728516660421122,0.12037216744974592
S5,120,0.11729259774339304,0.25114849268788186,0.09736351409861906,0.1170225977684193,0.22954233930623538,0.09863820093547639,0.12109261094371339
S5,121,0.11815612917852865,0.2545932555731582,0.09865727369264585,0.11767583527901142,0.23314334621357927,0.10003369174414584,0.12183726563975018
S5,122,0.11903661879952619,0.2579465707477001,0.09996320544507796,0.1183457475001113,0.23671742905015317,0.10145665086924142,0.12259638147733086
S5,123,0.11990587173649436,0.2613494430896871,0.10125435244274222,0.118980288939405,0.2402978161927143,0.10287129675978968,0.12332678042192147
S5,124,0.12075791109499547,0.26477768817049013,0.10256363674110518,0.11959944906071435,0.24384300206643708,0.10429386996885863,0.12403567201446138
S5,125,0.1215868926122669,0.2682062650909441,0.10387321717415099,0.1202036934575919,0.24738868055429833,0.10572319528868378,0.12474321771637586
S5,126,0.12241361369165663,0.27152501170048693,0.10520047270675317,0.12081014156267356,0.2508773417611838,0.10717281419615014,0.12546353285261058
S5,127,0.12322426308764574,0.27473263433559447,0.10654378818153985,0.12141968326624226,0.2542885838099655,0.1086436257924111,0.12618649265414655
S5,128,0.12401390275439056,0.27798226318213654,0.10790285016989967,0.12201340376001682,0.2576731715320498,0.11013195310428847,0.1268911475758545
S5,129,0.1247932693368297,0.28149486983811656,0.10928570671176438,0.12261016871062955,0.2612418894878425,0.11164589628659317,0.12759192479746953
S5,130,0.12557022488996705,0.2849053808113581,0.1106932377103925,0.12321362171806086,0.2647985267793474,0.11318318745340943,0.12829276523271202
S5,131,0.12634730412458084,0.28831652852496015,0.11212359807476462,0.1238349141307418,0.26827097140640543,0.11473902826532588,0.129010629100376
S5,132,0.12712348529997833,0.291627510977304,0.11354724497066175,0.12448884323628569,0.2716793522830146,0.1162965373581885,0.129773675031728
S5,133,0.12790443530831255,0.2949267631579939,0.11497855538087316,0.12514090733188643,0.2751004455914218,0.11786633220431113,0.13054599493592964
S5,134,0.12867263548267555,0.2982003385065683,0.1164264160043958,0.1257702873244205,0.2785803608964165,0.11945946639159588,0.13129398939269035
S5,135,0.12943974787161353,0.30160993740196795,0.11788694806168326,0.12637728863770217,0.28206514436883223,0.12106913897921301,0.13202447956463273
S5,136,0.13023306145102137,0.30511693060970346,0.11936702180638044,0.12696729827155692,0.28564379193276207,0.12269465041708155,0.13272676931332714
S5,137,0.1310158249710711,0.30850359121592275,0.12087013439183851,0.12755933798782376,0.2892137431857793,0.12434144848402555,0.13342619662481883
S5,138,0.1317970640861817,0.31181526614438704,0.12237877725835766,0.12817202543874673,0.29273881651370953,0.12599941991205232,0.1341491909518939
S5,139,0.13258462682694752,0.31514403852301076,0.12389974197633485,0.12879966573821522,0.29629317700117547,0.12767286857052632,0.13489125163652696
S5,140,0.13336106398375955,0.3185027462238487,0.125434549488284,0.12940738190459153,0.29988460507690307,0.12936154547724776,0.13562041783049603
S5,141,0.1341339080716306,0.32191438553151075,0.12698023048691517,0.12997755371058128,0.30352148285200914,0.13105941555393,0.13631273062619229
S5,142,0.13490317877995245,0.32546567548852195,0.1285360161491465,0.13053457965900891,0.3071974947918639,0.1327654271776982,0.13698511185220688
S5,143,0.13567715661269683,0.3291487430241346,0.13011457152288713,0.13109042579858624,0.31101092213271003,0.13449270865197552,0.1376586058767344
S5,144,0.13648280734094953,0.332913752704424,0.13173330285369003,0.1316897077924904,0.3149374876880859,0.1362561220097753,0.13838472821402026
S5,145,0.1372878392650794,0.3366438837211476,0.13335155749849942,0.1322819628431513,0.3188241805781457,0.13803258226482584,0.13911516913294852
S5,146,0.13808497654570867,0.34057989579372794,0.1349814357402516,0.13286053481255752,0.3227543032472241,0.13981741381687648,0.13982489492437064
S5,147,0.13886652401183133,0.3444018687409233,0.13661580218116226,0.13342279505464502,0.3266924088942877,0.14160851526205379,0.14051441632498432
S5,148,0.13964084564247622,0.3483627480918057,0.1382577652830834,0.13399328894828313,0.33061898227781433,0.1434062743777024,0.14120056386493826
S5,149,0.1404490195043251,0.35228100160933595,0.13992154653332575,0.13463229410863423,0.3346121794486165,0.14522683079457963,0.14198433637442606
S5,150,0.14131020669913255,0.3562871438576431,0.14160879033002194,0.1352870347405286,0.33866001926330425,0.14707841359438167,0.14279038066942176
S5,151,0.14214352690610702,0.3599919123907154,0.14331858555094282,0.13593829337528257,0.34260687063219003,0.14896403669835537,0.14359358105412381
S5,152,0.14298114585709185,0.36367192815059063,0.14505598427623825,0.13658762677140715,0.34654201379745925,0.1508917377274175,0.1444085833270287
S5,153,0.14381455807779697,0.36739428875190244,0.1468178749822435,0.13721673862335712,0.35048518779871046,0.15285035582586212,0.1451990771536494
S5,154,0.1446354215717764,0.3712295779526203,0.1485984892980726,0.13781686745647556,0.35443992249843115,0.15481394875467294,0.14594697719969738
S5,155,0.14545112756612674,0.37508797002465427,0.15040037471649043,0.13841324229450966,0.35843309063466405,0.15679930680524445,0.14668204902189116
S5,156,0.14627249918697244,0.37897871619789175,0.15223392074287667,0.1390352368733948,0.3624689663195831,0.15881639774157721,0.14744660277664587
S5,157,0.1470997970613095,0.3828079742680994,0.15410254926847328,0.13967586460462653,0.36654360454040175,0.16087205820837783,0.14823825036873248
S5,158,0.14793729736649772,0.38679206348952194,0.15601088486182227,0.14033858858039477,0.37071245740392583,0.1629757127517872,0.14905472118923804
S5,159,0.14879661275370584,0.3906075698346021,0.15798679039151503,0.14105160637475872,0.37483739629982155,0.16516565694720267,0.1499387087227109
S5,160,0.1496779276090202,0.3943719256777864,0.16002224626566494,0.14181344010667968,0.37893149318872726,0.1674332080167853,0.15089028227053258
S5,161,0.15060786719769614,0.3982208789682739,0.1621410686140576,0.1427037066452397,0.38304670169327154,0.1698052189202521,0.1519733632841437
S5,162,0.15165158206065082,0.402146709075046,0.16435941676547883,0.14367967307798735,0.3872096728846263,0.1722920012339432,0.15314389178474588
S5,163,0.15276987198581374,0.40592637542659615,0.16668272491412936,0.14475814929592637,0.3912950048484431,0.17487955298341964,0.15440522896802544
S5,164,0.15390268695406878,0.40968316074480016,0.1690576490771869,0.14584267122314307,0.3953077524404964,0.1775235327240646,0.1556637485748641
S5,165,0.15503162815967342,0.4134842784883312,0.17148213866895248,0.14691841961802787,0.39933457237470077,0.18021526218681064,0.15690768086504078
S5,166,0.1561714370286125,0.41739354900706926,0.17398703776531668,0.14800448309793499,0.4034259283852309,0.18296443029386036,0.15817313323467233
S5,167,0.1573353149155154,0.4213013678588412,0.17656791106924866,0.14911888545339774,0.4075039979157172,0.18578512262715188,0.1594714945267313
S5,168,0.1585465333365414,0.42534317025140417,0.17924881893542555,0.15033518987192981,0.4116915336748109,0.18870158597669484,0.16086488358938136
S5,169,0.15986610845174867,0.4293918963101055,0.18208563077109607,0.15171637336177565,0.4159720902112101,0.19177789889377536,0.16244072385689243
S5,170,0.16126424419289045,0.4333166796434564,0.1850697126599457,0.1532074439531163,0.42015221832826,0.19503414851720782,0.1641716870499231
S5,171,0.16269062287476985,0.43705911250658924,0.18819324494095493,0.15477986573697483,0.4241996307132436,0.1984273275289851,0.16601754250373899
S5,172,0.1641758218717357,0.4408930374969744,0.19147230710188995,0.15646364095926527,0.42826654478873954,0.20194298533735952,0.1679609537762815
S5,173,0.16576867291447955,0.44477833116135795,0.1948785490227358,0.1582648226883436,0.43230701457771187,0.20552855640843584,0.16999820558532433
S5,174,0.16748888786089203,0.448838349476938,0.19841067662706888,0.1601980385068898,0.4364203218414275,0.2091975948294371,0.17217086505066673
S5,175,0.16926506582240325,0.4528807522729036,0.20199139109218017,0.16216837554286184,0.44052113204209037,0.21291023467526252,0.17435193564507298
S5,176,0.17105475856620508,0.45684173320145754,0.20559934624447376,0.16412555036886353,0.44464222137774606,0.2166465366574016,0.17648064191953458
S5,177,0.17281898629234882,0.4607601685263478,0.20922675031421575,0.16602332976162779,0.44874096113504186,0.22039969955477412,0.17853965652710993
S5,178,0.17453938171522965,0.46475629618485664,0.21285400123323306,0.16783734733315067,0.4529204835314307,0.22418390885577447,0.18053487552340855
S5,179,0.1762399434996185,0.4688814424183333,0.216478565947954,0.16960230177218394,0.4571817306376181,0.22795097787326402,0.1824615005966663
S5,180,0.1779187115605902,0.47280738692151436,0.2201135972916688,0.17137997348997033,0.46136724572373417,0.23172250843859055,0.18437157586475225
S5,181,0.1796543551745611,0.4768218324578077,0.2237807141302581,0.1731948436646292,0.4655508360619156,0.23554775441547884,0.1863214642770433
S5,182,0.18143325356554746,0.4809807968908461,0.2274909617135006,0.1750551264130149,0.4698740002360527,0.23942441502236914,0.1883189138876702
S5,183,0.1832040954803731,0.48504157962537237,0.23121758039095175,0.1769022234053009,0.47413374138223,0.24330065509276677,0.19031541335597346
S5,184,0.18497070893087472,0.48912155037593164,0.23495759725598656,0.17879603183002898,0.4783667023513268,0.2471787086721362,0.19234566216024176
S5,185,0.18679290018907377,0.4932371060105217,0.2387586544918203,0.1808289630787428,0.48261874876813754,0.2511378794309223,0.19452016568621033
S5,186,0.1886943027955956,0.49724846820720636,0.24264118915052788,0.18297911279803183,0.4868565143335683,0.25515691737722984,0.1968135389460862
S5,187,0.19069572618612735,0.5013180781058396,0.24659901360331124,0.18519804417694882,0.49115893819804973,0.2592684399145782,0.19918770209487102
S5,188,0.19274628661412047,0.5053559567199718,0.2506364931664629,0.18747213145550098,0.4954233914107777,0.26345228827161604,0.20161999379387716
S5,189,0.19487011336066237,0.5094364108061342,0.25472342114224045,0.18978929361689098,0.49968958696113336,0.2676667479571471,0.20409787934645673
S5,190,0.19704741827759087,0.513455361262659,0.25886437527265743,0.19214360662092145,0.5039265268784191,0.27192738275682443,0.2066380384067673
S5,191,0.19924404299075307,0.5176279851101793,0.26305950348050766,0.19452280224992177,0.5082499498025359,0.2762408487289563,0.20920621361939276
S5,192,0.20145847731827923,0.5217235958209314,0.2673223188364631,0.19691780801688727,0.5125479822096453,0.28060029240761214,0.2118066907995925
S5,193,0.20373342570358047,0.5258477821277819,0.27168125372819135,0.19944122559455246,0.5168405139692035,0.2850423675226129,0.2145442443527492
S5,194,0.20615590735343733,0.5299937753230743,0.2761991719767956,0.20219025047193098,0.5211579539704815,0.2896335472864591,0.21753340814136002
S5,195,0.20889239937164583,0.534139677609369,0.28086049604586166,0.2051267942975028,0.5254697743096783,0.29436754665170634,0.2207700209322144
S5,196,0.21170962737670976,0.5382618910490363,0.28563600033704356,0.20810322022888664,0.52973200239459,0.29920990648705237,0.2241095609252041
S5,197,0.21443243975844806,0.542349384341084,0.2905347465846147,0.21106717396180114,0.5339840177243609,0.3042007362835714,0.22748453648497272
S5,198,0.2171724261680455,0.5464499192294187,0.2955792186552885,0.21406758554327326,0.5382480681002506,0.3093289918612989,0.23090492419387817
S5,199,0.21992900168703602,0.5504337695080259,0.30079233897631497,0.21717099887761246,0.542441117405994,0.3146133693359498,0.23446483123159276
S5,200,0.2228035393084576,0.5543693594362427,0.30613740722742605,0.22036940578124406,0.5465930040668554,0.32002875775915796,0.2381303430502898
S5,201,0.22582576509795402,0.558402332802875,0.31164333426153895,0.22363696934886182,0.550756032316849,0.3255980525014777,0.2419018147478059
S5,202,0.2289780723758808,0.5624624920840546,0.31733255063344107,0.22701871489360154,0.554974164644658,0.33133211548859737,0.24578269007415987
S5,203,0.23224853164432643,0.5667016592361419,0.3232832691078598,0.23063665827898147,0.5592509099436733,0.3372637447529218,0.24984757467051497
S5,204,0.23565412774578554,0.5711572627349352,0.3294471716454016,0.2344463248168121,0.5636449520889744,0.3433468926214654,0.2541596766842469
S5,205,0.23915463977994952,0.5755948272169092,0.3357292092722528,0.2382829984387485,0.5681833453520032,0.3495202847668377,0.25853117203110526
S5,206,0.24270149624322965,0.5796387471505486,0.34212719492057614,0.24212252826133393,0.5724787858887491,0.3557894324083148,0.26284801085794096
S5,207,0.24641346226919844,0.5836290574581454,0.34863983524546294,0.24606856943313532,0.5767073759686118,0.36218026339216464,0.26723337999444213
S5,208,0.2503932840510027,0.587664732706532,0.35531857797844557,0.2502931170718978,0.5809083033075436,0.3687367622333732,0.27191720258379853
S5,209,0.2547208202843032,0.5917439848899028,0.3622063656063702,0.25484976408610244,0.5851687572077092,0.3754873880108151,0.2769511338770257
S5,210,0.2593367236278214,0.5959250772811123,0.3692675129863576,0.25962097456683286,0.5895071809231508,0.3823928292147715,0.2822233214389092
S5,211,0.2641704516709705,0.6000618082785454,0.37650360248635634,0.26457022000824076,0.5938318018034834,0.389439781512616,0.28768747510932063
S5,212,0.26920036327625296,0.6041957648524021,0.3838144474401769,0.2696307773409105,0.5982077147797754,0.3965660530325073,0.293255264611155
S5,213,0.2743324829831113,0.6083444969579571,0.39118331294102615,0.27478015381431237,0.6025470517613998,0.40373758474944593,0.2988796548330834
S5,214,0.27950788551032907,0.6125489933272367,0.39858604253253754,0.2800241350485397,0.6069348347200064,0.4109281198918387,0.3045624189581489
S5,215,0.284766781927985,0.616812844107761,0.40601789956066514,0.28537960456739914,0.611435598766717,0.41815852602769304,0.3103192957552144
S5,216,0.2903164999634926,0.6210992862714827,0.413523262008975,0.291002537636721,0.6158586649583302,0.4254631613018918,0.3163107806774556
S5,217,0.29607800134326384,0.6251864541707244,0.4211382892498437,0.29683102499321606,0.6201979235911117,0.43284610879685587,0.32251078483208007
S5,218,0.30206277280446187,0.6292665800323468,0.4288051103239181,0.3028414757505695,0.6244925602113441,0.4402847685768059,0.3288647196022126
S5,219,0.3082216177292135,0.6333735857362646,0.4365225258298532,0.309072228281079,0.6287528054925828,0.4477960818814604,0.33541994692660154
S5,220,0.31455382556988215,0.6374783134510491,0.44429057184147774,0.31540734443514856,0.6330275995197053,0.45536273780747866,0.3421029391534938
S5,221,0.32076700793299895,0.6416469520846512,0.4520936792327782,0.32187837213047193,0.637339213910412,0.4629751547177808,0.3489020517930465
S5,222,0.3271052199216254,0.6458735533215328,0.4599898727400991,0.32856311720696235,0.6416218329319326,0.4706463877798665,0.35581556473200976
S5,223,0.3337250421244143,0.6499376378126374,0.4680019945699584,0.33544660850441194,0.6458910172650226,0.47839512207237433,0.3628711918270744
S5,224,0.3405910455157172,0.6539022469570268,0.47608578310862903,0.3425054721941339,0.650133948616562,0.4862283463088198,0.3701015142054102
S5,225,0.34765443924862777,0.6579964576213168,0.48421118168993543,0.3498063548502036,0.654400549999052,0.4941357682481187,0.3775397522098891
S5,226,0.35513129532013576,0.6620125460641477,0.49241690793154863,0.35754485800640734,0.658617330816079,0.5021423847458247,0.385316892802376
S5,227,0.3633961457276256,0.6659883601277092,0.5008226825686494,0.3658644783018429,0.6627952807692603,0.5103006197000052,0.3936080132319266
S5,228,0.37203525678045074,0.6699299728174305,0.5094273840260568,0.37460282955222257,0.6669676583829354,0.5186184769171701,0.40228306676542047
S5,229,0.38114420300960195,0.6739614156609508,0.5182500896637191,0.3838124705072529,0.67114614891715,0.5270996340393408,0.41132004816927165
S5,230,0.39093518162661395,0.6779085286697363,0.5273417274207278,0.3934824876359398,0.6753205387114978,0.5357578114104307,0.42069202745036965
S5,231,0.4013079535711859,0.6817916801579593,0.5366838565391792,0.40346804723142954,0.679454774110245,0.5445739169020501,0.4302811768416428
S5,232,0.41190384115314865,0.6857325880839897,0.546155180751393,0.413673480301083,0.6835698118632533,0.5534933222707399,0.44006894468703334
S5,233,0.42243922131742523,0.6897358010395914,0.5556399569309982,0.42399952283547926,0.6877099521745381,0.562512519287864,0.44995622988720513
S5,234,0.4329713820349138,0.6936681031798263,0.565280893768888,0.4345481996571519,0.6918162924028186,0.5716606182327961,0.46001104716226454
S5,235,0.44352588527023096,0.6975142516491725,0.5749920456108449,0.44519029330034937,0.6958945727725888,0.5808892419579251,0.4701170860051644
S5,236,0.45417773034387526,0.7014105600637264,0.5846240956504963,0.455821311340772,0.6999914232902157,0.5901188600423573,0.48019069435072925
S5,237,0.46472523547254274,0.7052712709590113,0.5942092862070387,0.46650528823667703,0.7040268508931825,0.5993427302524789,0.4902031489001666
S5,238,0.4754291706578756,0.7091208257239613,0.6037682708535672,0.4774057835185023,0.7080312398167922,0.6085517880934985,0.5003051047684256
S5,239,0.4864955276650564,0.7128838534759255,0.6133251509543939,0.4885686797886423,0.7119857462896902,0.6177371389407885,0.5105405565205327
S5,240,0.498095278336049,0.7167452695337112,0.6228261746122982,0.4999490744411337,0.7159291494514773,0.6268738967934597,0.5208829326094546
S5,241,0.5100520717808864,0.7204727135503596,0.6322043576466615,0.5112751898829051,0.7198338203996193,0.6359156311594939,0.5311632904040554
S5,242,0.5220789623466997,0.7242057172531193,0.641431840747913,0.5226167242270181,0.7237273452712909,0.6448502040957768,0.5414290151942236
S5,243,0.5342613932807693,0.7279477772848536,0.6504575150978313,0.5340234497189614,0.7275959367302548,0.6536391628108186,0.5517469293027228
S5,244,0.5462472113977968,0.7317369313870767,0.6593333187357187,0.5454724437654144,0.7314848775540899,0.662301193046948,0.5620634876278654
S5,245,0.5581063160446167,0.7354550041136487,0.6680015093395028,0.55681898783487,0.7353228116413572,0.6707895385666033,0.5722933923812635
S5,246,0.569897376740984,0.73919028700815,0.6764101869697872,0.5681585752974481,0.7391685551854512,0.67909214085638,0.582481782717577
S5,247,0.581638900640676,0.7428121142197238,0.6846075541079781,0.5793795096775214,0.7429441447939064,0.6872015524261973,0.5925895416565924
S5,248,0.593159207804427,0.7464418552142836,0.6925789311236842,0.5905302604524242,0.7466707130942206,0.6951193398774181,0.60263851334499
S5,249,0.6045356917889226,0.7499767089164725,0.7003211684907243,0.6015312316223717,0.7503812190368843,0.7028463279611953,0.6125706767480277
S5,250,0.6155496541052328,0.7534697864843443,0.7078520489071319,0.6122271601912145,0.7540581087745721,0.7103841799551671,0.6222548223120302
S5,251,0.6260790374780053,0.7569261204830335,0.7152074065708128,0.6226717445636828,0.75773379738937,0.7177478895179781,0.6317295584796094
S5,252,0.6362150806550573,0.7604051089712918,0.7223921559541493,0.6328550223894172,0.7614097728490217,0.7249321706886404,0.640984605387176
S5,253,0.6459616269300297,0.7639735738228776,0.7293870340279824,0.642857557296204,0.7651123162859242,0.7319258570766322,0.6500555858454254
S5,254,0.6552385275182852,0.7675844756626461,0.7361755305211319,0.6527152875117609,0.7687977108693768,0.7387256360721336,0.6590073766006532
S5,255,0.664139716567146,0.7710963798719822,0.7428189816961589,0.662436385171508,0.772405690535339,0.7453717223269948,0.6678659246128484
S5,256,0.6730047503682199,0.7745038232879033,0.7493232723714673,0.6719693010710189,0.7759733658768817,0.75187716769238,0.676576445185422
S5,257,0.681928498493258,0.7779783065573321,0.755726155071793,0.6813711756081954,0.779574067272228,0.758265820568731,0.6851946105806311
S5,258,0.6909523303450339,0.7813515628005612,0.7620340251717199,0.690598818802814,0.7831320227617882,0.764533416842712,0.6936817420268223
S5,259,0.7000835091209298,0.7847669813450272,0.7682412350246697,0.699627615880299,0.786702924643714,0.7706816099515659,0.7020154525931348
S5,260,0.7091238248061279,0.788075927804192,0.7743386460452973,0.7084552079293459,0.7901649942785097,0.7767099512735847,0.710165353012587
S5,261,0.7180491372753,0.7913020860196437,0.780323260404881,0.7170862057216013,0.7935927111770597,0.7826261870748669,0.718146654842804
S5,262,0.7268239659714835,0.7945404016870589,0.7861882498045222,0.7255458305921897,0.7969930457215844,0.7884297223110798,0.7259786565504841
S5,263,0.7354363286982445,0.7977415348358268,0.791919283989079,0.7337581732417702,0.8003701539400444,0.7941105802328163,0.7336384406642232
S5,264,0.7438638834698398,0.8008561502565793,0.7975036612081023,0.7416905014467933,0.8036713378534058,0.7996698343949701,0.7410832783588065
S5,265,0.7520130456907376,0.803936404966511,0.8029444194953155,0.7493320622917434,0.8069331880939385,0.805107001850712,0.7482934240006679
S5,266,0.7598700649373755,0.8069950362328958,0.8082528080616336,0.7566908809314,0.8101683797177879,0.8104203307605863,0.7552809746356832
S5,267,0.7675483598990321,0.8100306619584219,0.8134336756845996,0.763773044326454,0.8133699383443909,0.8156054400343121,0.7620589194391448
S5,268,0.7750161025596617,0.8130442375468474,0.8184791674698568,0.7706137647113699,0.8165353206428635,0.8206543502585504,0.7686389319362731
S5,269,0.7821810290039769,0.8160417916150731,0.8233892928687777,0.7772269497744598,0.8196842643822427,0.825567029487754,0.7750484869904697
S5,270,0.7890883864047431,0.8189782002954472,0.8281851417817429,0.7836469789558325,0.822771716579532,0.8303487657544938,0.7813094857946759
S5,271,0.7958326595852716,0.8218913095336207,0.832860571485282,0.7898462781871897,0.8258293730133949,0.8350004136278687,0.7874090103454033
S5,272,0.802317489375351,0.8247588485955029,0.8373919998599819,0.7957872410154171,0.8288418255302528,0.8395187876187663,0.7933133825252411
S5,273,0.8086357050337158,0.8276474542476363,0.841794955562576,0.8014836374610597,0.8318241491323762,0.8439096842383286,0.7990275227991095
S5,274,0.8146690519718046,0.8304271294352885,0.8460757166763694,0.8069246186563421,0.8347521699325929,0.8481720035250531,0.804527110651465
S5,275,0.8203835261921111,0.8332004174660178,0.8502195204217902,0.8121270476746748,0.8376680299644375,0.852307140219693,0.8098177671141463
S5,276,0.8258047161592172,0.8359431022246003,0.8542254615103108,0.8170997147031472,0.8405333398061515,0.8563156344529105,0.8149033710821284
S5,277,0.8309370223371948,0.8386284644583843,0.8581041792605943,0.8218613886231284,0.843366509751642,0.8601996263445651,0.819799541172992
S5,278,0.8358557549136824,0.8412798902045773,0.861865995769363,0.8264474709904495,0.8461674117321665,0.8639652948845137,0.8245477467506612
S5,279,0.8405713966953055,0.8439617066783176,0.8655146051406409,0.8308628413417656,0.8489407651271185,0.8676177602260808,0.829122494916708
S5,280,0.845157849490082,0.8466397687650994,0.8690619216052414,0.8351644234347397,0.8516981254671668,0.8711794467167041,0.8336051359818274
S5,281,0.8495716935285842,0.8492919806289005,0.8725165743495679,0.8393602688242667,0.8544220452062046,0.8746452782937951,0.8379770594160663
S5,282,0.8538085844054389,0.8518707635544025,0.8758611824345242,0.8433918913050001,0.8571135392324405,0.8779973897710707,0.8421765084555991
S5,283,0.8578604878903757,0.8543730440999904,0.8791078753672243,0.847220852700061,0.8597532897438822,0.8812403263850564,0.8461716795347739
S5,284,0.8617212514780691,0.8568274647297004,0.8822589315797438,0.85086555990819,0.8623502562244053,0.8843784896040267,0.8499804615532192
S5,285,0.8654217461466202,0.8593112295591115,0.8853144648013734,0.8543382281573316,0.8649151342433404,0.8874156320289085,0.8536168066804829
S5,286,0.8689699453777792,0.8617388609441781,0.8882777405956402,0.857650413806016,0.8674474335164053,0.890359479244265,0.857085180711576
S5,287,0.8723462245341264,0.8641357495726844,0.891154359412696,0.8608318450995444,0.8699481048772668,0.8932124910886329,0.8604157232918186
S5,288,0.8756028621684058,0.8665260396979986,0.8939459442966208,0.8639186724477552,0.8724252953299639,0.8959758531345431,0.8636565943049721
S5,289,0.8787956146768593,0.8688933099096557,0.8966551913323207,0.8669172282226223,0.8748685705988529,0.8986535749306738,0.866814923862024
S5,290,0.8819089080322908,0.8712741450130688,0.899288273704256,0.8698279067246778,0.8772850905365864,0.9012494210808079,0.8698834761568658
S5,291,0.8849323961041332,0.8736180497260827,0.9018482045301848,0.8726515697093019,0.879688656745405,0.9037757113623428,0.8728693503012525
S5,292,0.8878589719635107,0.8759754296970671,0.9043401195230738,0.875422008450268,0.8820465098894742,0.9062281446568358,0.8757674961441754
S5,293,0.8907338258910023,0.8782429400318541,0.9067663718740924,0.8781047146540121,0.8843870514482862,0.908622129615296,0.8785720709596131
S5,294,0.893510844441254,0.880451921780158,0.909131736178061,0.8807028165562157,0.8866891039220727,0.9109547383398692,0.8812741487437723
S5,295,0.8962076670522875,0.8826732432422918,0.9114339652125105,0.8832229896563413,0.8889625479868113,0.9132191986323172,0.8838835529615947
S5,296,0.8988807678131472,0.8849236626083508,0.9136750477462917,0.8856965410587856,0.8912187709618339,0.9154203786957272,0.8864479735284455
S5,297,0.9014895477758466,0.8871464661652952,0.9158638745392763,0.8881661467185111,0.893443369828261,0.9175679194988007,0.8889899577552889
S5,298,0.9040194206108966,0.8893237029581048,0.9180035060766211,0.8906148062450258,0.8956466975622916,0.9196748583742019,0.8915118989298186
S5,299,0.9064465293155574,0.8914558386958824,0.9200952107766655,0.8930081141676978,0.897827127242611,0.921747130536018,0.8939896791472619
S5,300,0.9090180362434008,0.8935817408837583,0.9221401198777773,0.8953740831841447,0.8999975772339228,0.9237671524352803,0.8964238747724517
S5,301,0.9113788965102503,0.8957168148919894,0.9241395393644097,0.8976983539610778,0.9021501777508458,0.925735956470442,0.8987994690151363
S5,302,0.9136624426567933,0.8978354878031676,0.9260950536326772,0.8999900225612422,0.90428171729653,0.9276605846378926,0.9011300692078095
S5,303,0.9158778295113829,0.8999750093938662,0.92800879227656,0.9022513681101774,0.906400716301096,0.9295395677429514,0.9034124326983365
S5,304,0.9180371546117199,0.9020582952118401,0.9298811948927044,0.904477008007872,0.9084791145415906,0.9313759201709204,0.9056475723468415
S5,305,0.9201201671613226,0.9041258099439495,0.9317120370396177,0.9066806387121591,0.9105308731641721,0.9331720268995426,0.9078509548313077
S5,306,0.9221886807257644,0.9061469235871598,0.9335058229447172,0.9088507706918248,0.9125617356547489,0.9349362194665548,0.9100241941114754
S5,307,0.9242460226716982,0.9081616696759381,0.9352659128175916,0.9109981355429461,0.9145791224719478,0.9366862541251767,0.9121947269306997
S5,308,0.9262750354481791,0.9101734221492194,0.9369951840087792,0.9131281864592177,0.9165755536738492,0.938397742565157,0.9143118414513421
S5,309,0.9283062688705109,0.9121782100370767,0.9386950359122531,0.9152403881948428,0.9185582076189923,0.940077941916715,0.9163966765132842
S5,310,0.9302696665415907,0.9141566390154673,0.940364245502831,0.917302807598883,0.9204973840983022,0.941719921984964,0.918427880728283
S5,311,0.9321409776580719,0.9160843985244077,0.9420024540639247,0.9192882300658329,0.9223925148203417,0.9433274292576694,0.9203830421213488
S5,312,0.9339351073840739,0.9179837096308922,0.9436058716752269,0.9211961142730468,0.9242651282523927,0.9449062704510247,0.9222595041943844
S5,313,0.9357057289925491,0.919898964964905,0.9451748911287422,0.923071939495112,0.9261431492109059,0.9464573602733563,0.9241031899350626
S5,314,0.9374268176400041,0.9217302788927114,0.9467129715565776,0.9249143009674511,0.9279821455846792,0.9479769953272145,0.9259149933658953
S5,315,0.93908574142044,0.9235544782679168,0.9482204332181119,0.9266973725823445,0.9297931893509187,0.9494597335242391,0.9276760037033854
S5,316,0.9406973947105315,0.9253838048972909,0.9496994646043007,0.9284252660650962,0.9315830110378204,0.9509140595212083,0.9293910829894655
S5,317,0.9422905794625831,0.9271709586524886,0.9511506766135155,0.9301196737709684,0.9333514160233206,0.952339867068749,0.9310758679206174
S5,318,0.9438525566951934,0.9289297076275203,0.9525737539791458,0.931779212504613,0.9351086394172535,0.9537442229118689,0.9327313994154927
S5,319,0.9453920398390168,0.9307119948145783,0.9539688769789288,0.9334251919436279,0.9368379803238818,0.9551082953086203,0.9343633200724729
S5,320,0.9469206332985826,0.9325394995323171,0.9553377248645442,0.9350881879466606,0.9385560535980871,0.9564426921655151,0.9360144880587028
S5,321,0.9484315897669927,0.9343267824785678,0.9566838773104945,0.9367679210407392,0.940256843487913,0.9577505278441508,0.9376677899302681
S5,322,0.9499349922394478,0.9361132210473773,0.9580086515775763,0.9384410702545565,0.9419323436521339,0.9590375362277471,0.9393038807221084
S5,323,0.9514121539277385,0.937856149287801,0.959311698138438,0.9400823450599347,0.9435893736109495,0.9603051573128109,0.9409146775956749
S5,324,0.9528610371417683,0.9395831114701959,0.9605949272556881,0.9416901693314572,0.9452247967710768,0.9615496945441778,0.942497579418481
S5,325,0.9543004329063628,0.9412952788545733,0.9618703781634527,0.9433030082868347,0.9468518456155272,0.9627896019838874,0.9441054411073592
S5,326,0.9557133565606278,0.9429462810153304,0.9631216505431541,0.944892534579557,0.9484581343343984,0.9640051830269109,0.9456881135127007
S5,327,0.957105078756811,0.9446318584620625,0.9643409712910564,0.9464261350857931,0.9500527792905816,0.9652005661038046,0.9472273579895095
S5,328,0.9584726146190429,0.9462638291350439,0.9655397662042021,0.9479270007780394,0.9516310974574772,0.9663734554360023,0.948731026190369
S5,329,0.9598881064624917,0.9479921197443664,0.966733997160826,0.9494842967761067,0.9532153796688284,0.967530813903088,0.9502803631946143
S5,330,0.9612676063295317,0.9496912452393412,0.9679088658480783,0.9510514879379588,0.9547793095161708,0.9686698131098451,0.9518391706691863
S5,331,0.9626111773110725,0.9513037291819859,0.9690566399296456,0.9525611812005907,0.9563180506031076,0.9697769959901462,0.9533481665254836
S5,332,0.9639132341396692,0.952821412309769,0.9701845350076406,0.9540046522582631,0.9578201692968423,0.9708699137366046,0.9548048062050188
S5,333,0.9651877779000666,0.9543759505988939,0.9712963376077571,0.955435861837281,0.9593085257681656,0.9719323723374057,0.9562211144477925
S5,334,0.966443125453528,0.9559329874987555,0.9723936865254381,0.9568462248812105,0.9607835155834077,0.9729801717348439,0.9576204690379727
S5,335,0.9676861300411509,0.9574911852682977,0.9734789960265262,0.9582388914960842,0.9622582908420224,0.9740183885092965,0.9590122720611758
S5,336,0.9689104139359163,0.9589905700570012,0.9745418890264977,0.9596153953141648,0.963712750674463,0.9750347170768051,0.9603798012746445
S5,337,0.9701161548953889,0.9604844361913356,0.9755925448075036,0.9609934476591339,0.9651408950808126,0.9760333882411943,0.9617568387121781
S5,338,0.9712862111644699,0.9619218471065157,0.9766196725427786,0.962334368568567,0.9665409196296237,0.9770113820861036,0.9631074668443951
S5,339,0.9724365578501623,0.9633857307375622,0.9776291134114441,0.9636753308333971,0.9679308502538903,0.9779711242961778,0.9644460974628802
S5,340,0.9735911129215551,0.9648951966752443,0.978623814869165,0.9650557580845819,0.969310861173641,0.9789161475455247,0.9658109133925864
S5,341,0.974738281885956,0.9663802846452175,0.9796048963291557,0.966441451867244,0.970692374344735,0.9798999989650605,0.9672452418141212
S5,342,0.9758851930900289,0.9678812101169899,0.9805670280443102,0.9678416214749203,0.9720711663456164,0.9808682299096739,0.9686833217022611
S5,343,0.9770741643685588,0.9694441255558672,0.981515132239497,0.9693049636437343,0.9734798645311202,0.9818589866267371,0.970185129243597
S5,344,0.9782302544890644,0.970946416537694,0.982457343785107,0.9707746044265083,0.9748530663120656,0.9828154693992027,0.9716770830262998
S5,345,0.9793726119295232,0.9725030367382579,0.9833997386322965,0.9722705084629755,0.9761969632436296,0.983761953472433,0.973159566059484
S5,346,0.980528784109538,0.9739889086359461,0.9843395322619091,0.9737802733672325,0.977530297495559,0.9847207014348109,0.9746503089657064
S5,347,0.9816544769276517,0.9754329533620519,0.9852630069656693,0.9752733619228756,0.9788424500994316,0.9856653438250133,0.9761170664070278
S5,348,0.9827441837514241,0.9768130723467201,0.9861756799532319,0.9767370705279964,0.9801389217875195,0.9866072844191076,0.9775534439598248
S5,349,0.9838315869385934,0.9782377243692526,0.9870814346608545,0.9781868563548858,0.9814551031353232,0.9875141170269096,0.9789795447376246
S5,350,0.9849228061512982,0.9797224473973393,0.9879886452023839,0.9796374634158906,0.9827569166313262,0.9884094203495809,0.9804079204269258
S5,351,0.9860280178984703,0.9812380595911125,0.9888967416564779,0.9811369250408906,0.984057839909481,0.9893035060790222,0.9818821792714534
S5,352,0.9871184129935515,0.9827194161051278,0.9897928949361475,0.9826414922647341,0.9853386394981848,0.9901930845425132,0.983365811289055
S5,353,0.9882195792113975,0.9841711074812867,0.990679622572119,0.9841274861370083,0.9866010361332217,0.991049964295482,0.9848086456452737
S5,354,0.9893367811987419,0.9857207077515666,0.9915563491150697,0.9856445714398772,0.9878825637234221,0.9919057871164317,0.9862713306711205
S5,355,0.9904733563062899,0.9873433903734194,0.9924227332644621,0.9871906824158966,0.9891724413573336,0.9927440266735,0.9877475374163356
S5,356,0.991590188323287,0.9890096169273945,0.993269839537303,0.9887499308035855,0.9904509268528984,0.9935573957888023,0.9892149923486787
S5,357,0.9927257541366824,0.9905685927234702,0.9941065234853407,0.9902832727038958,0.9917180848900671,0.9943626296419881,0.9906615481791166
S5,358,0.9937946921743962,0.9919723153941203,0.9949351980882571,0.9917411856534482,0.9929288238991701,0.9951582953335626,0.9920429112678143
S5,359,0.9948272596546939,0.993286600870464,0.9957619456801262,0.9931411867486746,0.9941130749269584,0.9959587185604452,0.9933771374663148
S5,360,0.9958715022956748,0.9945890590399776,0.9965973314511006,0.9945285086106377,0.9952905721374465,0.9967670001961816,0.994709513014486
S5,361,0.9969064890221203,0.9959078984122388,0.9974341179005671,0.9959081527564707,0.9964673463535242,0.9975746386014066,0.9960275771411492
S5,362,0.9979359501687639,0.9971780074595923,0.9982675751181436,0.9972427170013057,0.9976305122318295,0.9983743164189051,0.9973078743633158
S5,363,0.9989528618385994,0.9986220979992495,0.9991262766717698,0.9986330353876162,0.9988150460740534,0.9991804440483057,0.9986583624715246
S5,364,1.0,1.0,1.0,1.0,1.0,1.0,1.0
