basin_id,paradigm,model,period,seed_or_restart,ct_error_signed,ct_error_abs,amjj_error_signed,amjj_error_abs
01022500,IC-CMA-ES,XAJ-Base,test,selected_restart,-28.2,28.2,-0.1290456798694498,0.1290456798694498
01022500,IC-CMA-ES,XAJ-TGD,test,selected_restart,1.3333333333333333,8.533333333333333,-0.0055548908334937,0.0412765249510111
01022500,IC-CMA-ES,XAJ-CN,test,selected_restart,10.533333333333331,11.333333333333334,0.0743481554565859,0.0787404800847816
01022500,dPL-MLP,XAJ-Base,test,selected_restart,-26.4,26.4,-0.1206211643439498,0.1206211643439498
01022500,dPL-MLP,XAJ-TGD,test,selected_restart,-7.666666666666667,10.066666666666666,-0.0500437967004345,0.0635548128938063
01022500,dPL-MLP,XAJ-CN,test,selected_restart,12.8,13.466666666666669,0.0786367017008893,0.0819926565285174
01031500,IC-CMA-ES,XAJ-Base,test,selected_restart,-46.8,46.8,-0.2391679248304394,0.2391679248304394
01031500,IC-CMA-ES,XAJ-TGD,test,selected_restart,-44.4,44.4,-0.2350784883987136,0.2350784883987136
01031500,IC-CMA-ES,XAJ-CN,test,selected_restart,18.4,18.4,0.0739729775894455,0.0802520678298262
01031500,dPL-MLP,XAJ-Base,test,selected_restart,-34.46666666666667,34.46666666666667,-0.2003822074424452,0.2003822074424452
01031500,dPL-MLP,XAJ-TGD,test,selected_restart,7.666666666666667,13.266666666666667,-0.0190005805185663,0.0548524503386474
01031500,dPL-MLP,XAJ-CN,test,selected_restart,21.0,21.0,0.0928114428032212,0.0955565078430699
01047000,IC-CMA-ES,XAJ-Base,test,selected_restart,-39.6,39.6,-0.2131326063121397,0.2131326063121397
01047000,IC-CMA-ES,XAJ-TGD,test,selected_restart,16.4,18.0,0.0568213041976055,0.0653525255098613
01047000,IC-CMA-ES,XAJ-CN,test,selected_restart,18.2,18.2,0.0701837079082887,0.0718617077942365
01047000,dPL-MLP,XAJ-Base,test,selected_restart,-25.73333333333333,25.866666666666667,-0.1813274754727918,0.1813274754727918
01047000,dPL-MLP,XAJ-TGD,test,selected_restart,6.933333333333334,12.133333333333333,-0.0120581411962746,0.0363903249668036
01047000,dPL-MLP,XAJ-CN,test,selected_restart,19.4,19.4,0.0798046505803824,0.0805006122862968
01052500,IC-CMA-ES,XAJ-Base,test,selected_restart,-36.93333333333333,36.93333333333333,-0.2616731990273485,0.2616731990273485
01052500,IC-CMA-ES,XAJ-TGD,test,selected_restart,4.933333333333334,5.2,0.0082085789347002,0.0341517872772219
01052500,IC-CMA-ES,XAJ-CN,test,selected_restart,7.733333333333333,7.733333333333333,0.0628966074292173,0.0668396138518681
01052500,dPL-MLP,XAJ-Base,test,selected_restart,-35.266666666666666,35.266666666666666,-0.2477327504650443,0.2477327504650443
01052500,dPL-MLP,XAJ-TGD,test,selected_restart,3.6666666666666665,4.466666666666667,-0.0152179776525189,0.0401478195613491
01052500,dPL-MLP,XAJ-CN,test,selected_restart,9.533333333333331,9.533333333333331,0.0871246438328733,0.0901128187524289
01054200,IC-CMA-ES,XAJ-Base,test,selected_restart,-38.13333333333333,38.13333333333333,-0.2090455921048118,0.2090455921048118
01054200,IC-CMA-ES,XAJ-TGD,test,selected_restart,-29.8,30.066666666666663,-0.1849777695093744,0.1849777695093744
01054200,IC-CMA-ES,XAJ-CN,test,selected_restart,18.933333333333334,19.33333333333333,0.0662974311357544,0.0765372532983924
01054200,dPL-MLP,XAJ-Base,test,selected_restart,-23.73333333333333,24.933333333333334,-0.1693810737683568,0.1693810737683568
01054200,dPL-MLP,XAJ-TGD,test,selected_restart,12.333333333333334,19.4,0.0069962614224162,0.0485243003472696
01054200,dPL-MLP,XAJ-CN,test,selected_restart,18.933333333333334,19.33333333333333,0.0796607785866465,0.0873656271279161
01055000,IC-CMA-ES,XAJ-Base,test,selected_restart,-36.266666666666666,36.266666666666666,-0.2224423842206931,0.2224423842206931
01055000,IC-CMA-ES,XAJ-TGD,test,selected_restart,-23.73333333333333,24.666666666666668,-0.1899233769948618,0.1899233769948618
01055000,IC-CMA-ES,XAJ-CN,test,selected_restart,20.066666666666663,20.066666666666663,0.085217912835346,0.0889271492973213
01055000,dPL-MLP,XAJ-Base,test,selected_restart,-20.0,21.066666666666663,-0.1814599138076441,0.1814599138076441
01055000,dPL-MLP,XAJ-TGD,test,selected_restart,15.8,18.33333333333333,0.0288329341436091,0.0493982647645029
01055000,dPL-MLP,XAJ-CN,test,selected_restart,21.0,21.0,0.0867630678837164,0.0899816188717638
01057000,IC-CMA-ES,XAJ-Base,test,selected_restart,-37.2,37.2,-0.1899567632179919,0.1899567632179919
01057000,IC-CMA-ES,XAJ-TGD,test,selected_restart,-31.266666666666666,31.266666666666666,-0.1770971410772664,0.1770971410772664
01057000,IC-CMA-ES,XAJ-CN,test,selected_restart,14.733333333333333,16.2,0.0596353254416125,0.0651855407995421
01057000,dPL-MLP,XAJ-Base,test,selected_restart,-26.266666666666666,26.4,-0.1619980229240122,0.1619980229240122
01057000,dPL-MLP,XAJ-TGD,test,selected_restart,6.933333333333334,11.466666666666669,-0.0205553351145449,0.0508653932099924
01057000,dPL-MLP,XAJ-CN,test,selected_restart,14.6,15.933333333333334,0.0610877277154264,0.0694030542018452
01073000,IC-CMA-ES,XAJ-Base,test,selected_restart,-17.066666666666666,18.933333333333334,-0.0820815163652894,0.0826410867393832
01073000,IC-CMA-ES,XAJ-TGD,test,selected_restart,-8.133333333333333,10.933333333333334,-0.0533770355384347,0.0559220286827107
01073000,IC-CMA-ES,XAJ-CN,test,selected_restart,9.133333333333333,11.0,0.0218809174695812,0.037162908505085
01073000,dPL-MLP,XAJ-Base,test,selected_restart,-14.2,15.8,-0.0751010142565565,0.0763184887787521
01073000,dPL-MLP,XAJ-TGD,test,selected_restart,-12.6,14.6,-0.0699859910012083,0.0700085632623057
01073000,dPL-MLP,XAJ-CN,test,selected_restart,9.133333333333333,11.266666666666667,0.0238898344039124,0.0378054403932466
01078000,IC-CMA-ES,XAJ-Base,test,selected_restart,-32.733333333333334,32.733333333333334,-0.1674515144999853,0.1674515144999853
01078000,IC-CMA-ES,XAJ-TGD,test,selected_restart,3.6666666666666665,8.466666666666667,-0.0088597538050047,0.0489972977331151
01078000,IC-CMA-ES,XAJ-CN,test,selected_restart,9.333333333333334,10.8,0.0463007209722169,0.0530123121496341
01078000,dPL-MLP,XAJ-Base,test,selected_restart,-33.06666666666667,33.06666666666667,-0.1662058419958781,0.1662058419958781
01078000,dPL-MLP,XAJ-TGD,test,selected_restart,-1.8,6.733333333333333,-0.0285540701921812,0.0496517920585315
01078000,dPL-MLP,XAJ-CN,test,selected_restart,9.2,11.066666666666666,0.0541588324332205,0.0646702358933848
01123000,IC-CMA-ES,XAJ-Base,test,selected_restart,-7.733333333333333,8.0,-0.0559220381638952,0.0559220381638952
01123000,IC-CMA-ES,XAJ-TGD,test,selected_restart,-10.2,11.266666666666667,-0.0526609985094814,0.0526609985094814
01123000,IC-CMA-ES,XAJ-CN,test,selected_restart,0.6666666666666666,5.6,-0.0184908765615571,0.0220678062108116
01123000,dPL-MLP,XAJ-Base,test,selected_restart,-9.2,9.466666666666669,-0.0590476729533621,0.0590476729533621
01123000,dPL-MLP,XAJ-TGD,test,selected_restart,-9.733333333333333,10.266666666666667,-0.058092831379329,0.058092831379329
01123000,dPL-MLP,XAJ-CN,test,selected_restart,1.6666666666666667,5.4,-0.0218303281129945,0.0246127743004143
01134500,IC-CMA-ES,XAJ-Base,test,selected_restart,-11.133333333333333,18.866666666666667,-0.1626561117415725,0.1626561117415725
01134500,IC-CMA-ES,XAJ-TGD,test,selected_restart,11.733333333333333,11.733333333333333,0.0426887211953502,0.0530676430104037
01134500,IC-CMA-ES,XAJ-CN,test,selected_restart,12.666666666666666,12.666666666666666,0.0623709875101746,0.0645817561075286
01134500,dPL-MLP,XAJ-Base,test,selected_restart,-21.666666666666668,22.33333333333333,-0.1593913318956989,0.1593913318956989
01134500,dPL-MLP,XAJ-TGD,test,selected_restart,4.6,6.2,-0.0039198082928954,0.0410239672596974
01134500,dPL-MLP,XAJ-CN,test,selected_restart,15.133333333333333,15.133333333333333,0.0883140859757762,0.0883140859757762
01137500,IC-CMA-ES,XAJ-Base,test,selected_restart,-32.06666666666667,32.06666666666667,-0.1640602987055608,0.1640602987055608
01137500,IC-CMA-ES,XAJ-TGD,test,selected_restart,9.533333333333331,12.466666666666669,0.0587584573979547,0.0667844574569368
01137500,IC-CMA-ES,XAJ-CN,test,selected_restart,13.866666666666667,15.866666666666667,0.0839135725255182,0.0905402422863944
01137500,dPL-MLP,XAJ-Base,test,selected_restart,-31.73333333333333,31.73333333333333,-0.1584934166118134,0.1584934166118134
01137500,dPL-MLP,XAJ-TGD,test,selected_restart,1.7333333333333334,7.6,0.0080883879418542,0.0389718893594104
01137500,dPL-MLP,XAJ-CN,test,selected_restart,11.533333333333331,14.6,0.0530116874928644,0.0639261859945764
01139000,IC-CMA-ES,XAJ-Base,test,selected_restart,-24.066666666666663,24.066666666666663,-0.1489295639937423,0.1489295639937423
01139000,IC-CMA-ES,XAJ-TGD,test,selected_restart,9.4,10.6,0.0208698542569773,0.0472199827124017
01139000,IC-CMA-ES,XAJ-CN,test,selected_restart,15.4,15.4,0.0605484278653757,0.0605484278653757
01139000,dPL-MLP,XAJ-Base,test,selected_restart,-13.466666666666669,14.533333333333331,-0.1247751383329732,0.1248983641230603
01139000,dPL-MLP,XAJ-TGD,test,selected_restart,5.333333333333333,8.4,-0.0019066461270355,0.0386482745100397
01139000,dPL-MLP,XAJ-CN,test,selected_restart,17.266666666666666,17.266666666666666,0.0699499400113718,0.0699499400113718
01139800,IC-CMA-ES,XAJ-Base,test,selected_restart,-32.93333333333333,32.93333333333333,-0.1943022415502658,0.1943022415502658
01139800,IC-CMA-ES,XAJ-TGD,test,selected_restart,9.866666666666667,10.0,0.0329880073205838,0.0539237197394647
01139800,IC-CMA-ES,XAJ-CN,test,selected_restart,11.466666666666669,12.133333333333333,0.0500563178992479,0.0674237903113641
01139800,dPL-MLP,XAJ-Base,test,selected_restart,-27.73333333333333,28.8,-0.185466867234686,0.185466867234686
01139800,dPL-MLP,XAJ-TGD,test,selected_restart,6.733333333333333,7.0,0.0068806344803382,0.0445927567088276
01139800,dPL-MLP,XAJ-CN,test,selected_restart,12.4,12.933333333333334,0.0524921093917101,0.0668432529921807
01142500,IC-CMA-ES,XAJ-Base,test,selected_restart,-19.666666666666668,19.666666666666668,-0.1465468053523119,0.1465468053523119
01142500,IC-CMA-ES,XAJ-TGD,test,selected_restart,10.866666666666667,11.533333333333331,0.03625357006953,0.0505118794857823
01142500,IC-CMA-ES,XAJ-CN,test,selected_restart,12.0,12.133333333333333,0.0459082330759946,0.0511662572668444
01142500,dPL-MLP,XAJ-Base,test,selected_restart,-22.6,22.6,-0.1510390584174211,0.1510390584174211
01142500,dPL-MLP,XAJ-TGD,test,selected_restart,8.866666666666667,9.666666666666666,0.0143202230827594,0.0409667958897984
01142500,dPL-MLP,XAJ-CN,test,selected_restart,12.933333333333334,13.2,0.0590338036911273,0.0624759991087743
01144000,IC-CMA-ES,XAJ-Base,test,selected_restart,-27.33333333333333,27.33333333333333,-0.1536711520578762,0.1536711520578762
01144000,IC-CMA-ES,XAJ-TGD,test,selected_restart,7.866666666666666,7.866666666666666,0.0187684837354917,0.0347039997481141
01144000,IC-CMA-ES,XAJ-CN,test,selected_restart,11.866666666666667,11.866666666666667,0.0518180910124082,0.0518180910124082
01144000,dPL-MLP,XAJ-Base,test,selected_restart,-22.466666666666665,22.466666666666665,-0.1452524758007427,0.1452524758007427
01144000,dPL-MLP,XAJ-TGD,test,selected_restart,6.666666666666667,6.933333333333334,0.0073813441766996,0.0252246554790142
01144000,dPL-MLP,XAJ-CN,test,selected_restart,12.933333333333334,12.933333333333334,0.0670756402982969,0.0670756402982969
01162500,IC-CMA-ES,XAJ-Base,test,selected_restart,-14.466666666666669,17.133333333333333,-0.0965569964111933,0.1013924689593192
01162500,IC-CMA-ES,XAJ-TGD,test,selected_restart,-17.466666666666665,19.466666666666665,-0.0894786448340703,0.093164168367942
01162500,IC-CMA-ES,XAJ-CN,test,selected_restart,10.666666666666666,10.666666666666666,0.0648145436186503,0.0653153487940457
01162500,dPL-MLP,XAJ-Base,test,selected_restart,-18.866666666666667,20.33333333333333,-0.1022380800109196,0.1057511718573447
01162500,dPL-MLP,XAJ-TGD,test,selected_restart,-4.733333333333333,7.933333333333334,-0.0572405140659301,0.0661988284230721
01162500,dPL-MLP,XAJ-CN,test,selected_restart,15.0,15.0,0.0770361144283325,0.0772629130780525
01169000,IC-CMA-ES,XAJ-Base,test,selected_restart,-17.933333333333334,18.866666666666667,-0.0987078961510065,0.0992857300400058
01169000,IC-CMA-ES,XAJ-TGD,test,selected_restart,-15.666666666666666,17.4,-0.0866953190941218,0.0871435486435214
01169000,IC-CMA-ES,XAJ-CN,test,selected_restart,9.533333333333331,9.933333333333334,0.0410371048471725,0.0436773155437254
01169000,dPL-MLP,XAJ-Base,test,selected_restart,-18.933333333333334,20.133333333333333,-0.0952472345807754,0.0971547467668175
01169000,dPL-MLP,XAJ-TGD,test,selected_restart,-1.8,6.466666666666667,-0.0369868921020233,0.0484483912851547
01169000,dPL-MLP,XAJ-CN,test,selected_restart,11.533333333333331,11.533333333333331,0.0552339566967285,0.0565773054268303
01170100,IC-CMA-ES,XAJ-Base,test,selected_restart,-17.066666666666666,18.666666666666668,-0.0989921398090749,0.0989921398090749
01170100,IC-CMA-ES,XAJ-TGD,test,selected_restart,-12.6,17.133333333333333,-0.075430059147619,0.0756282290546338
01170100,IC-CMA-ES,XAJ-CN,test,selected_restart,10.066666666666666,10.333333333333334,0.0441788338494868,0.0461019615762333
01170100,dPL-MLP,XAJ-Base,test,selected_restart,-19.0,20.6,-0.09900259645059,0.09900259645059
01170100,dPL-MLP,XAJ-TGD,test,selected_restart,-0.6,5.533333333333333,-0.02929678729449,0.0439794639531422
01170100,dPL-MLP,XAJ-CN,test,selected_restart,11.8,12.2,0.0527400635552973,0.0562135438554386
01181000,IC-CMA-ES,XAJ-Base,test,selected_restart,-13.266666666666667,17.933333333333334,-0.0750373235809346,0.0760467263734469
01181000,IC-CMA-ES,XAJ-TGD,test,selected_restart,-12.466666666666669,17.666666666666668,-0.0665618868139923,0.0688340704195222
01181000,IC-CMA-ES,XAJ-CN,test,selected_restart,11.666666666666666,11.666666666666666,0.0345494835110961,0.0356822934816721
01181000,dPL-MLP,XAJ-Base,test,selected_restart,-13.666666666666666,18.2,-0.0770275713471115,0.0772235257105161
01181000,dPL-MLP,XAJ-TGD,test,selected_restart,-22.2,26.73333333333333,-0.0963434359895726,0.0963434359895726
01181000,dPL-MLP,XAJ-CN,test,selected_restart,10.266666666666667,11.2,0.0296308376920679,0.0327500148643509
01187300,IC-CMA-ES,XAJ-Base,test,selected_restart,-5.8,10.066666666666666,-0.0469652737218319,0.0510065378898093
01187300,IC-CMA-ES,XAJ-TGD,test,selected_restart,-3.066666666666667,9.066666666666666,-0.0344437316097993,0.0380089808078015
01187300,IC-CMA-ES,XAJ-CN,test,selected_restart,16.333333333333332,16.6,0.0386752044123233,0.0457961374652148
01187300,dPL-MLP,XAJ-Base,test,selected_restart,-7.933333333333334,10.733333333333333,-0.0529244894820629,0.055324785766145
01187300,dPL-MLP,XAJ-TGD,test,selected_restart,-11.8,14.6,-0.0619338865119396,0.0633560228915417
01187300,dPL-MLP,XAJ-CN,test,selected_restart,13.466666666666669,14.4,0.0220541412593743,0.0352605247029835
01195100,IC-CMA-ES,XAJ-Base,test,selected_restart,-12.866666666666667,16.866666666666667,-0.0569188128890648,0.0569188128890648
01195100,IC-CMA-ES,XAJ-TGD,test,selected_restart,-12.666666666666666,16.533333333333335,-0.0552725395542438,0.0552725395542438
01195100,IC-CMA-ES,XAJ-CN,test,selected_restart,-6.266666666666667,11.466666666666669,-0.0437517564477578,0.0478675222032505
01195100,dPL-MLP,XAJ-Base,test,selected_restart,-3.6,9.733333333333333,-0.0395490826151823,0.0422230710531666
01195100,dPL-MLP,XAJ-TGD,test,selected_restart,-6.666666666666667,11.466666666666669,-0.0425581625086124,0.0468825861834173
01195100,dPL-MLP,XAJ-CN,test,selected_restart,3.2666666666666666,8.466666666666667,-0.0138947368643735,0.0291338215794644
04296000,IC-CMA-ES,XAJ-Base,test,selected_restart,-36.8,36.8,-0.1711628999345847,0.1711628999345847
04296000,IC-CMA-ES,XAJ-TGD,test,selected_restart,3.466666666666667,6.0,0.0106470549073468,0.0396034194517723
04296000,IC-CMA-ES,XAJ-CN,test,selected_restart,8.533333333333333,10.266666666666667,0.0646294518278689,0.0769124486817352
04296000,dPL-MLP,XAJ-Base,test,selected_restart,-29.73333333333333,30.8,-0.1510251657201199,0.1510251657201199
04296000,dPL-MLP,XAJ-TGD,test,selected_restart,-3.4,8.2,-0.0437711642218976,0.0552950863505167
04296000,dPL-MLP,XAJ-CN,test,selected_restart,11.533333333333331,12.2,0.0803193573123863,0.0879060604943267
01333000,IC-CMA-ES,XAJ-Base,test,selected_restart,-22.666666666666668,22.8,-0.0774575392253026,0.0869441463395405
01333000,IC-CMA-ES,XAJ-TGD,test,selected_restart,0.4,10.933333333333334,-0.0169088740991378,0.0398846330456565
01333000,IC-CMA-ES,XAJ-CN,test,selected_restart,11.466666666666669,14.666666666666666,0.0435004125190948,0.0494892958964624
01333000,dPL-MLP,XAJ-Base,test,selected_restart,-19.53333333333333,19.666666666666668,-0.064688149079365,0.0708968418386422
01333000,dPL-MLP,XAJ-TGD,test,selected_restart,-2.8,11.2,-0.0205759207255467,0.0371169487408652
01333000,dPL-MLP,XAJ-CN,test,selected_restart,16.333333333333332,18.066666666666663,0.0719891399297292,0.0735318828656818
01350000,IC-CMA-ES,XAJ-Base,test,selected_restart,-14.266666666666667,15.466666666666669,-0.0856712461060731,0.0856712461060731
01350000,IC-CMA-ES,XAJ-TGD,test,selected_restart,-11.466666666666669,13.066666666666666,-0.07879492943947,0.07879492943947
01350000,IC-CMA-ES,XAJ-CN,test,selected_restart,18.133333333333333,18.4,0.0478697597437651,0.0538419873861734
01350000,dPL-MLP,XAJ-Base,test,selected_restart,-20.933333333333334,21.066666666666663,-0.1007025515582609,0.1007025515582609
01350000,dPL-MLP,XAJ-TGD,test,selected_restart,-15.066666666666666,16.0,-0.0840213974859762,0.0840213974859762
01350000,dPL-MLP,XAJ-CN,test,selected_restart,18.33333333333333,18.6,0.0491127540125004,0.0555802297651891
01350080,IC-CMA-ES,XAJ-Base,test,selected_restart,-25.466666666666665,25.466666666666665,-0.129424550813149,0.129424550813149
01350080,IC-CMA-ES,XAJ-TGD,test,selected_restart,7.666666666666667,11.266666666666667,0.0097354767901593,0.0696743146053962
01350080,IC-CMA-ES,XAJ-CN,test,selected_restart,7.0,11.666666666666666,0.0116155771596127,0.0632779429909235
01350080,dPL-MLP,XAJ-Base,test,selected_restart,-31.33333333333333,31.33333333333333,-0.1351782403207924,0.1351782403207924
01350080,dPL-MLP,XAJ-TGD,test,selected_restart,-26.666666666666668,26.666666666666668,-0.1141167433874911,0.1141167433874911
01350080,dPL-MLP,XAJ-CN,test,selected_restart,2.6,10.066666666666666,0.0012318629208101,0.0634961545040217
01350140,IC-CMA-ES,XAJ-Base,test,selected_restart,-18.33333333333333,20.866666666666667,-0.0712941391987449,0.0737724078283039
01350140,IC-CMA-ES,XAJ-TGD,test,selected_restart,-13.333333333333334,16.933333333333334,-0.0663596425178494,0.0741124692147302
01350140,IC-CMA-ES,XAJ-CN,test,selected_restart,9.266666666666667,15.0,0.0308013018247637,0.0580069753237223
01350140,dPL-MLP,XAJ-Base,test,selected_restart,-18.666666666666668,21.866666666666667,-0.0697053614976849,0.0712194951956796
01350140,dPL-MLP,XAJ-TGD,test,selected_restart,-18.133333333333333,21.066666666666663,-0.0683826311154014,0.0707891973441171
01350140,dPL-MLP,XAJ-CN,test,selected_restart,9.066666666666666,15.466666666666669,0.0483396307902687,0.0637570547742747
01365000,IC-CMA-ES,XAJ-Base,test,selected_restart,-10.733333333333333,14.866666666666667,-0.0799481755392921,0.0799481755392921
01365000,IC-CMA-ES,XAJ-TGD,test,selected_restart,-8.733333333333333,14.066666666666666,-0.0716777370271257,0.0716777370271257
01365000,IC-CMA-ES,XAJ-CN,test,selected_restart,13.133333333333333,16.466666666666665,0.0146912539107429,0.0354755964787233
01365000,dPL-MLP,XAJ-Base,test,selected_restart,-16.666666666666668,19.33333333333333,-0.0845586603777778,0.0845586603777778
01365000,dPL-MLP,XAJ-TGD,test,selected_restart,-16.666666666666668,19.466666666666665,-0.0810159391062629,0.0810159391062629
01365000,dPL-MLP,XAJ-CN,test,selected_restart,13.933333333333334,16.6,0.0199596508446164,0.03954136300104
01411300,IC-CMA-ES,XAJ-Base,test,selected_restart,-8.133333333333333,16.933333333333334,-0.0259159629745758,0.0578110957358515
01411300,IC-CMA-ES,XAJ-TGD,test,selected_restart,-9.8,17.533333333333335,-0.0301150645021077,0.0582783266121383
01411300,IC-CMA-ES,XAJ-CN,test,selected_restart,-6.8,16.666666666666668,-0.0190769230528152,0.0557756656621134
01411300,dPL-MLP,XAJ-Base,test,selected_restart,-8.666666666666666,17.733333333333334,-0.0234460965001062,0.0604856187318003
01411300,dPL-MLP,XAJ-TGD,test,selected_restart,-11.4,18.73333333333333,-0.0304401174389795,0.067652016303364
01411300,dPL-MLP,XAJ-CN,test,selected_restart,-7.133333333333334,15.8,-0.022812659065274,0.0559889062458511
01413500,IC-CMA-ES,XAJ-Base,test,selected_restart,-16.933333333333334,18.666666666666668,-0.0961062431162706,0.0961062431162706
01413500,IC-CMA-ES,XAJ-TGD,test,selected_restart,-10.0,13.333333333333334,-0.0712311704780768,0.0712311704780768
01413500,IC-CMA-ES,XAJ-CN,test,selected_restart,13.8,14.733333333333333,0.024218547361482,0.0514494719767955
01413500,dPL-MLP,XAJ-Base,test,selected_restart,-17.466666666666665,18.53333333333333,-0.0924436191545041,0.0924436191545041
01413500,dPL-MLP,XAJ-TGD,test,selected_restart,-14.133333333333333,15.6,-0.0778057396239153,0.0778057396239153
01413500,dPL-MLP,XAJ-CN,test,selected_restart,16.866666666666667,17.0,0.0430187185778109,0.0552403096286551
01414500,IC-CMA-ES,XAJ-Base,test,selected_restart,-8.4,14.533333333333331,-0.0697285396200005,0.0697285396200005
01414500,IC-CMA-ES,XAJ-TGD,test,selected_restart,-4.133333333333334,13.066666666666666,-0.0538768820307238,0.0541498428891344
01414500,IC-CMA-ES,XAJ-CN,test,selected_restart,19.866666666666667,20.133333333333333,0.0469623086510515,0.0573792487555349
01414500,dPL-MLP,XAJ-Base,test,selected_restart,-8.333333333333334,13.933333333333334,-0.0663084916613085,0.0663769295293288
01414500,dPL-MLP,XAJ-TGD,test,selected_restart,-5.466666666666667,12.933333333333334,-0.0542514058293485,0.0547012736875014
01414500,dPL-MLP,XAJ-CN,test,selected_restart,21.266666666666666,21.53333333333333,0.0567208635467704,0.0655257404023016
01415000,IC-CMA-ES,XAJ-Base,test,selected_restart,-17.133333333333333,18.066666666666663,-0.0700878851224979,0.0700878851224979
01415000,IC-CMA-ES,XAJ-TGD,test,selected_restart,-13.133333333333333,14.333333333333334,-0.0596591862648726,0.0596970069713699
01415000,IC-CMA-ES,XAJ-CN,test,selected_restart,13.0,14.333333333333334,0.034642488498489,0.0405897260975737
01415000,dPL-MLP,XAJ-Base,test,selected_restart,-13.266666666666667,15.133333333333333,-0.0600063187489907,0.0600063187489907
01415000,dPL-MLP,XAJ-TGD,test,selected_restart,-10.933333333333334,12.933333333333334,-0.0497816436101993,0.0499056385833201
01415000,dPL-MLP,XAJ-CN,test,selected_restart,14.0,14.933333333333334,0.0450364825516938,0.0483150816128731
01423000,IC-CMA-ES,XAJ-Base,test,selected_restart,-20.666666666666668,22.0,-0.0840757503288099,0.0852468923597051
01423000,IC-CMA-ES,XAJ-TGD,test,selected_restart,-14.266666666666667,17.333333333333332,-0.0693991873837619,0.0715172326434169
01423000,IC-CMA-ES,XAJ-CN,test,selected_restart,11.066666666666666,11.6,0.0202651744905005,0.0373459201313091
01423000,dPL-MLP,XAJ-Base,test,selected_restart,-14.866666666666667,17.266666666666666,-0.0680087739405144,0.0680087739405144
01423000,dPL-MLP,XAJ-TGD,test,selected_restart,-10.066666666666666,13.133333333333333,-0.0555230631606885,0.0561829801269883
01423000,dPL-MLP,XAJ-CN,test,selected_restart,13.066666666666666,13.066666666666666,0.0414217914961666,0.0466274405644341
01434025,IC-CMA-ES,XAJ-Base,test,selected_restart,-7.266666666666667,15.933333333333334,-0.0742302974461897,0.0742302974461897
01434025,IC-CMA-ES,XAJ-TGD,test,selected_restart,-3.533333333333333,14.6,-0.063731289942998,0.0642748588975345
01434025,IC-CMA-ES,XAJ-CN,test,selected_restart,21.666666666666668,21.666666666666668,0.0582405546904222,0.0612696552349846
01434025,dPL-MLP,XAJ-Base,test,selected_restart,-9.933333333333334,16.2,-0.0759223858912173,0.0759675312074021
01434025,dPL-MLP,XAJ-TGD,test,selected_restart,-9.133333333333333,15.933333333333334,-0.0691446880896274,0.0691446880896274
01434025,dPL-MLP,XAJ-CN,test,selected_restart,21.933333333333334,21.933333333333334,0.0672420123816148,0.068043110200543
01435000,IC-CMA-ES,XAJ-Base,test,selected_restart,-5.266666666666667,10.333333333333334,-0.0701469143217533,0.0701469143217533
01435000,IC-CMA-ES,XAJ-TGD,test,selected_restart,-1.3333333333333333,9.333333333333334,-0.0537036369230081,0.0537036369230081
01435000,IC-CMA-ES,XAJ-CN,test,selected_restart,22.8,22.8,0.0598667403076361,0.0601687459940702
01435000,dPL-MLP,XAJ-Base,test,selected_restart,-8.733333333333333,10.6,-0.0728976269548862,0.0728976269548862
01435000,dPL-MLP,XAJ-TGD,test,selected_restart,-8.4,10.133333333333333,-0.0692638407136727,0.0692638407136727
01435000,dPL-MLP,XAJ-CN,test,selected_restart,21.0,21.0,0.057167800268955,0.0579479305739194
01439500,IC-CMA-ES,XAJ-Base,test,selected_restart,-3.8666666666666663,10.4,-0.043564161031897,0.048815419476395
01439500,IC-CMA-ES,XAJ-TGD,test,selected_restart,2.7333333333333334,7.8,-0.0282094780300609,0.0370583734921268
01439500,IC-CMA-ES,XAJ-CN,test,selected_restart,10.533333333333331,10.666666666666666,-0.0042966498627813,0.027301298985658
01439500,dPL-MLP,XAJ-Base,test,selected_restart,-1.7333333333333334,9.733333333333333,-0.0379461610013795,0.0453515909127048
01439500,dPL-MLP,XAJ-TGD,test,selected_restart,-1.6666666666666667,7.933333333333334,-0.0349948787385773,0.0406219324800389
01439500,dPL-MLP,XAJ-CN,test,selected_restart,11.466666666666669,11.466666666666669,0.001289008687481,0.0288286583117544
01440000,IC-CMA-ES,XAJ-Base,test,selected_restart,-9.666666666666666,12.066666666666666,-0.0564634628261796,0.0564634628261796
01440000,IC-CMA-ES,XAJ-TGD,test,selected_restart,-5.8,9.266666666666667,-0.0475733605191778,0.0480458760675662
01440000,IC-CMA-ES,XAJ-CN,test,selected_restart,5.466666666666667,7.6,-0.0138112383252056,0.0278498349980356
01440000,dPL-MLP,XAJ-Base,test,selected_restart,-7.8,10.066666666666666,-0.0510641562109859,0.0510641562109859
01440000,dPL-MLP,XAJ-TGD,test,selected_restart,-10.666666666666666,12.533333333333331,-0.0562251276935807,0.0562251276935807
01440000,dPL-MLP,XAJ-CN,test,selected_restart,7.333333333333333,8.8,-0.0024167097772828,0.0311397316834079
01440400,IC-CMA-ES,XAJ-Base,test,selected_restart,-3.6,10.533333333333331,-0.0418909816093392,0.0507765476571555
01440400,IC-CMA-ES,XAJ-TGD,test,selected_restart,-2.466666666666667,9.133333333333333,-0.0380126643327024,0.0466961547401583
01440400,IC-CMA-ES,XAJ-CN,test,selected_restart,13.333333333333334,14.4,0.0054592988742244,0.0326174174154419
01440400,dPL-MLP,XAJ-Base,test,selected_restart,-2.533333333333333,9.733333333333333,-0.0383342482792484,0.0460045153565243
01440400,dPL-MLP,XAJ-TGD,test,selected_restart,-1.2,8.8,-0.0336841621147739,0.0421114320225552
01440400,dPL-MLP,XAJ-CN,test,selected_restart,14.666666666666666,14.933333333333334,0.0135046762081834,0.0348555558870666
01451800,IC-CMA-ES,XAJ-Base,test,selected_restart,-13.8,16.866666666666667,-0.0262021242539755,0.0324018908286951
01451800,IC-CMA-ES,XAJ-TGD,test,selected_restart,-7.0,11.266666666666667,-0.0120169032574367,0.0276908605560884
01451800,IC-CMA-ES,XAJ-CN,test,selected_restart,-3.466666666666667,10.8,-0.0133784764966042,0.022147522942074
01451800,dPL-MLP,XAJ-Base,test,selected_restart,-8.4,12.0,-0.0115626016220124,0.0239657560254361
01451800,dPL-MLP,XAJ-TGD,test,selected_restart,-8.0,12.133333333333333,-0.0129418560823472,0.0289239097898429
01451800,dPL-MLP,XAJ-CN,test,selected_restart,0.9333333333333332,8.0,0.0046148678699461,0.0242315969337614
01466500,IC-CMA-ES,XAJ-Base,test,selected_restart,0.3333333333333333,8.733333333333333,-0.0068077378742859,0.0197079165121765
01466500,IC-CMA-ES,XAJ-TGD,test,selected_restart,-1.3333333333333333,11.333333333333334,-0.0137115829460785,0.0273576858905733
01466500,IC-CMA-ES,XAJ-CN,test,selected_restart,-0.9333333333333332,11.733333333333333,-0.0116543604207998,0.0302623116242667
01466500,dPL-MLP,XAJ-Base,test,selected_restart,-2.4,8.8,-0.0230062656872436,0.0275992815219024
01466500,dPL-MLP,XAJ-TGD,test,selected_restart,-1.0666666666666669,8.666666666666666,-0.0198408000939056,0.0269074881596028
01466500,dPL-MLP,XAJ-CN,test,selected_restart,0.7333333333333333,9.0,-0.018810013261732,0.0260945721986551
01484100,IC-CMA-ES,XAJ-Base,test,selected_restart,-2.6666666666666665,10.666666666666666,-0.0260588144517198,0.0411796686109754
01484100,IC-CMA-ES,XAJ-TGD,test,selected_restart,-1.6666666666666667,11.266666666666667,-0.027580417718118,0.0425117651993737
01484100,IC-CMA-ES,XAJ-CN,test,selected_restart,-3.8,10.866666666666667,-0.0358797028915341,0.0489242732658996
01484100,dPL-MLP,XAJ-Base,test,selected_restart,0.0666666666666666,9.666666666666666,-0.0146247888859367,0.0375764058228272
01484100,dPL-MLP,XAJ-TGD,test,selected_restart,-1.8666666666666667,10.666666666666666,-0.018388440733776,0.0355154499892392
01484100,dPL-MLP,XAJ-CN,test,selected_restart,0.6666666666666666,10.133333333333333,-0.0092315261817232,0.0364548689321615
01487000,IC-CMA-ES,XAJ-Base,test,selected_restart,-0.2666666666666666,8.8,-0.0151429689678658,0.0339970612906729
01487000,IC-CMA-ES,XAJ-TGD,test,selected_restart,-1.3333333333333333,11.2,-0.0201345380895445,0.0370258460224219
01487000,IC-CMA-ES,XAJ-CN,test,selected_restart,-1.0666666666666669,10.533333333333331,-0.0149361408504952,0.034909388507609
01487000,dPL-MLP,XAJ-Base,test,selected_restart,0.2666666666666666,8.666666666666666,-0.0157353805256992,0.0304847230004316
01487000,dPL-MLP,XAJ-TGD,test,selected_restart,-1.0,10.066666666666666,-0.0186206228289117,0.0344766937673427
01487000,dPL-MLP,XAJ-CN,test,selected_restart,-0.2,9.533333333333331,-0.0129576024167845,0.0313352860340457
01491000,IC-CMA-ES,XAJ-Base,test,selected_restart,-8.666666666666666,22.933333333333334,-0.069698706396525,0.0744674891897921
01491000,IC-CMA-ES,XAJ-TGD,test,selected_restart,-7.4,21.8,-0.0668929200650303,0.0725461443929756
01491000,IC-CMA-ES,XAJ-CN,test,selected_restart,-5.133333333333334,24.33333333333333,-0.0691654618860333,0.0712715323437138
01491000,dPL-MLP,XAJ-Base,test,selected_restart,-6.466666666666667,19.0,-0.0600787169020423,0.0656539723941568
01491000,dPL-MLP,XAJ-TGD,test,selected_restart,-7.6,19.066666666666663,-0.0584285126408983,0.0655865476199869
01491000,dPL-MLP,XAJ-CN,test,selected_restart,-4.8,24.133333333333333,-0.0688862538616904,0.0713716760942225
01510000,IC-CMA-ES,XAJ-Base,test,selected_restart,-24.0,24.0,-0.0877150692104923,0.0877150692104923
01510000,IC-CMA-ES,XAJ-TGD,test,selected_restart,10.466666666666669,10.866666666666667,0.0259724634329847,0.0473075077314846
01510000,IC-CMA-ES,XAJ-CN,test,selected_restart,15.066666666666666,15.066666666666666,0.0575521863937747,0.0591869586445304
01510000,dPL-MLP,XAJ-Base,test,selected_restart,-16.533333333333335,19.866666666666667,-0.0648447585661836,0.0712897032617412
01510000,dPL-MLP,XAJ-TGD,test,selected_restart,2.6,7.133333333333334,-0.0158921363512305,0.0339063888022571
01510000,dPL-MLP,XAJ-CN,test,selected_restart,16.0,16.0,0.073965803527869,0.0744822820793335
01516500,IC-CMA-ES,XAJ-Base,test,selected_restart,-13.533333333333331,19.266666666666666,-0.0746730638554028,0.0760179049494323
01516500,IC-CMA-ES,XAJ-TGD,test,selected_restart,-11.133333333333333,16.866666666666667,-0.0701338696490061,0.0757876244113468
01516500,IC-CMA-ES,XAJ-CN,test,selected_restart,-0.6,11.666666666666666,-0.0110139526933761,0.0574676669720524
01516500,dPL-MLP,XAJ-Base,test,selected_restart,-12.933333333333334,18.53333333333333,-0.0607463437329065,0.0699712280306431
01516500,dPL-MLP,XAJ-TGD,test,selected_restart,-13.4,18.6,-0.0675706995537213,0.0727145784160333
01516500,dPL-MLP,XAJ-CN,test,selected_restart,4.733333333333333,13.266666666666667,0.017712360321449,0.058452882689131
01518862,IC-CMA-ES,XAJ-Base,test,selected_restart,-20.133333333333333,21.73333333333333,-0.0987740404259186,0.0987740404259186
01518862,IC-CMA-ES,XAJ-TGD,test,selected_restart,-17.266666666666666,19.133333333333333,-0.0793325296889763,0.0801407961245733
01518862,IC-CMA-ES,XAJ-CN,test,selected_restart,-3.533333333333333,15.8,0.0071903639186401,0.0650241270754028
01518862,dPL-MLP,XAJ-Base,test,selected_restart,-17.533333333333335,18.866666666666667,-0.0794621176372986,0.0814713618678462
01518862,dPL-MLP,XAJ-TGD,test,selected_restart,-19.066666666666663,20.933333333333334,-0.0864536764076373,0.0864536764076373
01518862,dPL-MLP,XAJ-CN,test,selected_restart,1.5333333333333334,13.266666666666667,0.0230549586960652,0.0567286091129726
01532000,IC-CMA-ES,XAJ-Base,test,selected_restart,-7.8,13.666666666666666,-0.0564027710355494,0.0669236336018532
01532000,IC-CMA-ES,XAJ-TGD,test,selected_restart,-5.8,12.333333333333334,-0.0458149183389717,0.0610177575415263
01532000,IC-CMA-ES,XAJ-CN,test,selected_restart,7.466666666666667,14.266666666666667,0.0095507330102548,0.0476942766478435
01532000,dPL-MLP,XAJ-Base,test,selected_restart,-5.8,12.066666666666666,-0.0459978742994044,0.0584389402335772
01532000,dPL-MLP,XAJ-TGD,test,selected_restart,-6.266666666666667,12.266666666666667,-0.0450252129234049,0.058049631502816
01532000,dPL-MLP,XAJ-CN,test,selected_restart,10.466666666666669,16.733333333333334,0.0313796874287551,0.0561329265740162
01539000,IC-CMA-ES,XAJ-Base,test,selected_restart,-5.2,11.6,-0.0456926030665451,0.0456926030665451
01539000,IC-CMA-ES,XAJ-TGD,test,selected_restart,-3.0,9.533333333333331,-0.0431288652370188,0.0431288652370188
01539000,IC-CMA-ES,XAJ-CN,test,selected_restart,7.866666666666666,10.133333333333333,-0.0007981521636062,0.0233978963662817
01539000,dPL-MLP,XAJ-Base,test,selected_restart,-4.466666666666667,10.466666666666669,-0.0422767582287206,0.0422767582287206
01539000,dPL-MLP,XAJ-TGD,test,selected_restart,-3.8666666666666663,10.133333333333333,-0.0423771046350214,0.0423771046350214
01539000,dPL-MLP,XAJ-CN,test,selected_restart,7.866666666666666,10.0,-0.0050011250128163,0.0201828673370626
01542810,IC-CMA-ES,XAJ-Base,test,selected_restart,-7.733333333333333,17.6,-0.0739012066148273,0.0773778507491172
01542810,IC-CMA-ES,XAJ-TGD,test,selected_restart,-6.466666666666667,16.866666666666667,-0.069620104493951,0.0732600375394246
01542810,IC-CMA-ES,XAJ-CN,test,selected_restart,14.533333333333331,14.8,0.0073254830020117,0.0404092505119731
01542810,dPL-MLP,XAJ-Base,test,selected_restart,-3.8666666666666663,12.0,-0.0565011713527194,0.0598665021906237
01542810,dPL-MLP,XAJ-TGD,test,selected_restart,-5.866666666666666,14.133333333333333,-0.0637832655134352,0.0672919411838274
01542810,dPL-MLP,XAJ-CN,test,selected_restart,14.733333333333333,15.133333333333333,0.0184591816243974,0.0451249228767911
01543000,IC-CMA-ES,XAJ-Base,test,selected_restart,-8.333333333333334,12.333333333333334,-0.0665437654856473,0.0683906319154952
01543000,IC-CMA-ES,XAJ-TGD,test,selected_restart,-4.4,12.533333333333331,-0.0566439614895612,0.0586936974598452
01543000,IC-CMA-ES,XAJ-CN,test,selected_restart,13.4,14.066666666666666,0.0139508628642926,0.0356761947135274
01543000,dPL-MLP,XAJ-Base,test,selected_restart,-6.2,11.0,-0.0598734702868889,0.060955458125835
01543000,dPL-MLP,XAJ-TGD,test,selected_restart,-6.4,10.666666666666666,-0.0590929931604495,0.0602726809594684
01543000,dPL-MLP,XAJ-CN,test,selected_restart,14.066666666666666,14.6,0.0211742822126914,0.0379235915867505
01543500,IC-CMA-ES,XAJ-Base,test,selected_restart,-10.0,12.133333333333333,-0.0651489856250395,0.0667097324571648
01543500,IC-CMA-ES,XAJ-TGD,test,selected_restart,-9.066666666666666,12.0,-0.0577998292850762,0.0599218253733356
01543500,IC-CMA-ES,XAJ-CN,test,selected_restart,8.4,9.866666666666667,0.008252466479211,0.0347854692631865
01543500,dPL-MLP,XAJ-Base,test,selected_restart,-7.466666666666667,10.533333333333331,-0.0541156771190275,0.0567008279000915
01543500,dPL-MLP,XAJ-TGD,test,selected_restart,-9.266666666666667,11.666666666666666,-0.0540415607300708,0.0558582578541476
01543500,dPL-MLP,XAJ-CN,test,selected_restart,10.133333333333333,10.933333333333334,0.007887465516,0.0307732898884917
01544500,IC-CMA-ES,XAJ-Base,test,selected_restart,-9.533333333333331,12.6,-0.0756832934059841,0.0773949274793724
01544500,IC-CMA-ES,XAJ-TGD,test,selected_restart,6.866666666666666,9.533333333333331,-0.0317897688983026,0.05362010134902
01544500,IC-CMA-ES,XAJ-CN,test,selected_restart,13.133333333333333,14.733333333333333,0.0184063169719633,0.0539809408802455
01544500,dPL-MLP,XAJ-Base,test,selected_restart,-9.733333333333333,12.666666666666666,-0.075615658028736,0.0764137992635826
01544500,dPL-MLP,XAJ-TGD,test,selected_restart,-4.533333333333333,8.0,-0.0605457933384322,0.0648970997910635
01544500,dPL-MLP,XAJ-CN,test,selected_restart,16.333333333333332,17.133333333333333,0.0306494646630542,0.0586980478164233
01545600,IC-CMA-ES,XAJ-Base,test,selected_restart,-17.0,20.33333333333333,-0.1007857977297776,0.1009000209818536
01545600,IC-CMA-ES,XAJ-TGD,test,selected_restart,-3.733333333333333,9.2,-0.06409328867464,0.0677662294616931
01545600,IC-CMA-ES,XAJ-CN,test,selected_restart,4.8,12.133333333333333,0.0072620174341525,0.0470118217607145
01545600,dPL-MLP,XAJ-Base,test,selected_restart,-14.8,18.0,-0.0913800740189228,0.0913800740189228
01545600,dPL-MLP,XAJ-TGD,test,selected_restart,-12.133333333333333,15.866666666666667,-0.080960455928929,0.0828767842561636
01545600,dPL-MLP,XAJ-CN,test,selected_restart,6.333333333333333,10.2,0.0066413045975691,0.0453651213399757
01547700,IC-CMA-ES,XAJ-Base,test,selected_restart,-6.8,14.8,-0.0743317524160957,0.0754043304304338
01547700,IC-CMA-ES,XAJ-TGD,test,selected_restart,-1.8,11.4,-0.0604628453220939,0.0625372741003887
01547700,IC-CMA-ES,XAJ-CN,test,selected_restart,6.133333333333334,8.666666666666666,-0.0125702072745577,0.0334663425986047
01547700,dPL-MLP,XAJ-Base,test,selected_restart,-5.866666666666666,8.8,-0.0510293806161498,0.0528102434768606
01547700,dPL-MLP,XAJ-TGD,test,selected_restart,-5.533333333333333,9.266666666666667,-0.0524047334557787,0.0531461123009579
01547700,dPL-MLP,XAJ-CN,test,selected_restart,2.6,11.533333333333331,-0.0274241943722979,0.0334454005595602
01548500,IC-CMA-ES,XAJ-Base,test,selected_restart,-14.733333333333333,18.466666666666665,-0.0898326361144754,0.0913832242165948
01548500,IC-CMA-ES,XAJ-TGD,test,selected_restart,4.2,8.066666666666666,-0.0355804953937901,0.0508921554779454
01548500,IC-CMA-ES,XAJ-CN,test,selected_restart,7.333333333333333,12.666666666666666,0.0054592381949053,0.036947285441258
01548500,dPL-MLP,XAJ-Base,test,selected_restart,-11.8,15.533333333333331,-0.0783385901615195,0.079839551436399
01548500,dPL-MLP,XAJ-TGD,test,selected_restart,-7.333333333333333,10.933333333333334,-0.0658500511412991,0.0676999976113385
01548500,dPL-MLP,XAJ-CN,test,selected_restart,11.4,13.133333333333333,0.017667139672719,0.0368574473033143
01549500,IC-CMA-ES,XAJ-Base,test,selected_restart,-2.0,12.666666666666666,-0.0341635564376145,0.0494566759288735
01549500,IC-CMA-ES,XAJ-TGD,test,selected_restart,0.3333333333333333,11.533333333333331,-0.0285683695881794,0.0446059620896665
01549500,IC-CMA-ES,XAJ-CN,test,selected_restart,19.53333333333333,23.4,0.0455180759818126,0.0576436003346681
01549500,dPL-MLP,XAJ-Base,test,selected_restart,-1.5333333333333334,12.733333333333333,-0.0311671658763518,0.0476645932416545
01549500,dPL-MLP,XAJ-TGD,test,selected_restart,-1.2666666666666666,12.2,-0.0319077381898194,0.0490499875465719
01549500,dPL-MLP,XAJ-CN,test,selected_restart,15.8,20.066666666666663,0.0296863988628754,0.0496471895554755
01550000,IC-CMA-ES,XAJ-Base,test,selected_restart,-5.933333333333334,16.2,-0.0406900868070086,0.0549125553963151
01550000,IC-CMA-ES,XAJ-TGD,test,selected_restart,-2.7333333333333334,15.133333333333333,-0.0319870189082583,0.051445735672868
01550000,IC-CMA-ES,XAJ-CN,test,selected_restart,15.6,20.4,0.0358433340736269,0.0521373266715761
01550000,dPL-MLP,XAJ-Base,test,selected_restart,-4.266666666666667,16.0,-0.0341769869379163,0.0489804895517793
01550000,dPL-MLP,XAJ-TGD,test,selected_restart,-0.8,13.066666666666666,-0.0285849049937685,0.0485091201928635
01550000,dPL-MLP,XAJ-CN,test,selected_restart,15.133333333333333,19.8,0.0349920446423729,0.0505752845345913
01552000,IC-CMA-ES,XAJ-Base,test,selected_restart,-2.933333333333333,11.6,-0.0392022511819773,0.0457781025118817
01552000,IC-CMA-ES,XAJ-TGD,test,selected_restart,-0.8666666666666667,11.666666666666666,-0.0299747751613233,0.0409629653427706
01552000,IC-CMA-ES,XAJ-CN,test,selected_restart,11.4,13.133333333333333,0.0198608531097795,0.0412712872013109
01552000,dPL-MLP,XAJ-Base,test,selected_restart,-1.8666666666666667,11.333333333333334,-0.0335694503247513,0.040812640938531
01552000,dPL-MLP,XAJ-TGD,test,selected_restart,-0.0666666666666666,9.666666666666666,-0.0291587617456688,0.0397135513293762
01552000,dPL-MLP,XAJ-CN,test,selected_restart,13.0,14.333333333333334,0.0285319957673774,0.0411660035115374
01552500,IC-CMA-ES,XAJ-Base,test,selected_restart,-0.2666666666666666,9.6,-0.0295035048191677,0.0372003664589982
01552500,IC-CMA-ES,XAJ-TGD,test,selected_restart,-0.8666666666666667,8.6,-0.0301439040765098,0.0360952218390564
01552500,IC-CMA-ES,XAJ-CN,test,selected_restart,15.133333333333333,15.4,0.0223642504349419,0.0347780417200397
01552500,dPL-MLP,XAJ-Base,test,selected_restart,0.6666666666666666,9.6,-0.0237269961699775,0.0310886352359758
01552500,dPL-MLP,XAJ-TGD,test,selected_restart,-1.2666666666666666,9.133333333333333,-0.0313778016830415,0.037399238349702
01552500,dPL-MLP,XAJ-CN,test,selected_restart,17.533333333333335,17.8,0.0357261703545916,0.0426908175941776
01557500,IC-CMA-ES,XAJ-Base,test,selected_restart,-8.866666666666667,17.133333333333333,-0.0541083813911932,0.055420176875087
01557500,IC-CMA-ES,XAJ-TGD,test,selected_restart,2.0,9.333333333333334,-0.0257948489195364,0.0500464526288505
01557500,IC-CMA-ES,XAJ-CN,test,selected_restart,5.133333333333334,11.133333333333333,0.0015413710270069,0.0339662203276072
01557500,dPL-MLP,XAJ-Base,test,selected_restart,-5.533333333333333,12.6,-0.0389228514041759,0.0411812468328831
01557500,dPL-MLP,XAJ-TGD,test,selected_restart,-5.933333333333334,13.4,-0.0444294602877158,0.0503461324818788
01557500,dPL-MLP,XAJ-CN,test,selected_restart,0.7333333333333333,9.4,-0.0191922357883312,0.0305853340327725
01567500,IC-CMA-ES,XAJ-Base,test,selected_restart,-11.066666666666666,17.2,-0.0571495960564225,0.0852150368975472
01567500,IC-CMA-ES,XAJ-TGD,test,selected_restart,-2.2666666666666666,10.8,-0.0361012354901243,0.0551809622135631
01567500,IC-CMA-ES,XAJ-CN,test,selected_restart,1.0666666666666669,9.466666666666669,-0.0205427204977283,0.0465704615956723
01567500,dPL-MLP,XAJ-Base,test,selected_restart,1.1333333333333333,9.4,-0.0210223958304335,0.0334138413680885
01567500,dPL-MLP,XAJ-TGD,test,selected_restart,-1.2666666666666666,11.0,-0.0234086697708377,0.0456356764808727
01567500,dPL-MLP,XAJ-CN,test,selected_restart,2.933333333333333,9.333333333333334,-0.0094285970340976,0.039595201218742
01568000,IC-CMA-ES,XAJ-Base,test,selected_restart,-14.0,16.4,-0.0632082959941814,0.0810882094346853
01568000,IC-CMA-ES,XAJ-TGD,test,selected_restart,-5.533333333333333,9.266666666666667,-0.0433963071238785,0.0509458773179225
01568000,IC-CMA-ES,XAJ-CN,test,selected_restart,-1.8,7.533333333333333,-0.028009824050644,0.0385517701714824
01568000,dPL-MLP,XAJ-Base,test,selected_restart,-3.466666666666667,7.733333333333333,-0.0403139492801616,0.042693444491624
01568000,dPL-MLP,XAJ-TGD,test,selected_restart,-8.0,10.266666666666667,-0.0493215050232201,0.0571152794205518
01568000,dPL-MLP,XAJ-CN,test,selected_restart,-1.3333333333333333,7.6,-0.0230954032075196,0.0395985878412725
01580000,IC-CMA-ES,XAJ-Base,test,selected_restart,-1.8666666666666667,14.133333333333333,-0.0196549612420424,0.0424758534284407
01580000,IC-CMA-ES,XAJ-TGD,test,selected_restart,-1.6666666666666667,16.066666666666666,-0.018790816082321,0.0450100427925277
01580000,IC-CMA-ES,XAJ-CN,test,selected_restart,0.1333333333333333,13.866666666666667,-0.0107956536747639,0.0379627735070362
01580000,dPL-MLP,XAJ-Base,test,selected_restart,2.6666666666666665,12.4,-0.0154637732245152,0.0278356608376902
01580000,dPL-MLP,XAJ-TGD,test,selected_restart,1.5333333333333334,11.4,-0.018701863103869,0.0287825645238784
01580000,dPL-MLP,XAJ-CN,test,selected_restart,4.2,12.2,-0.0131259101765975,0.0261414449722611
01583500,IC-CMA-ES,XAJ-Base,test,selected_restart,-0.4,10.533333333333331,-0.0072349882537913,0.036403655263925
01583500,IC-CMA-ES,XAJ-TGD,test,selected_restart,-0.1333333333333333,8.133333333333333,-0.011172242603182,0.024366243490443
01583500,IC-CMA-ES,XAJ-CN,test,selected_restart,3.6,6.666666666666667,4.66598654992989e-05,0.0229181801249709
01583500,dPL-MLP,XAJ-Base,test,selected_restart,3.6666666666666665,7.4,-0.0063731338992508,0.0153267578747807
01583500,dPL-MLP,XAJ-TGD,test,selected_restart,2.933333333333333,7.066666666666666,-0.0087731278354716,0.0153648835839292
01583500,dPL-MLP,XAJ-CN,test,selected_restart,3.8666666666666663,6.933333333333334,-0.0109325504715037,0.0176852665598047
01586610,IC-CMA-ES,XAJ-Base,test,selected_restart,-5.6,14.8,-0.0291285654840987,0.047170067841924
01586610,IC-CMA-ES,XAJ-TGD,test,selected_restart,-4.666666666666667,14.8,-0.0254385690826298,0.0467772374700673
01586610,IC-CMA-ES,XAJ-CN,test,selected_restart,1.0,11.933333333333334,-0.0106090407508732,0.0420519969920069
01586610,dPL-MLP,XAJ-Base,test,selected_restart,-0.7333333333333333,10.333333333333334,-0.0180566321748616,0.03340231027832
01586610,dPL-MLP,XAJ-TGD,test,selected_restart,1.2,8.666666666666666,-0.0150757134892664,0.0303973656952133
01586610,dPL-MLP,XAJ-CN,test,selected_restart,3.8666666666666663,8.666666666666666,-0.0124370754697046,0.0348547639508794
01591400,IC-CMA-ES,XAJ-Base,test,selected_restart,-13.333333333333334,19.066666666666663,-0.0499950116537229,0.0576140222380785
01591400,IC-CMA-ES,XAJ-TGD,test,selected_restart,-9.066666666666666,20.53333333333333,-0.0380084887804802,0.0535529038766363
01591400,IC-CMA-ES,XAJ-CN,test,selected_restart,-6.133333333333334,17.066666666666666,-0.0312776869199888,0.0434852671086131
01591400,dPL-MLP,XAJ-Base,test,selected_restart,-4.4,11.6,-0.0306957012079374,0.0427723087469292
01591400,dPL-MLP,XAJ-TGD,test,selected_restart,-2.066666666666667,10.333333333333334,-0.0270779208006676,0.0405901956160419
01591400,dPL-MLP,XAJ-CN,test,selected_restart,0.4,12.8,-0.0223588035168465,0.0377633487400553
01594950,IC-CMA-ES,XAJ-Base,test,selected_restart,-6.333333333333333,13.533333333333331,-0.0393740886923204,0.0420538204880339
01594950,IC-CMA-ES,XAJ-TGD,test,selected_restart,-4.666666666666667,12.266666666666667,-0.0362106675382982,0.0412660020561797
01594950,IC-CMA-ES,XAJ-CN,test,selected_restart,7.4,8.333333333333334,-0.0048974488652279,0.0363849425798337
01594950,dPL-MLP,XAJ-Base,test,selected_restart,-7.933333333333334,13.4,-0.0418687139428188,0.0433778810377585
01594950,dPL-MLP,XAJ-TGD,test,selected_restart,-4.2,10.066666666666666,-0.0365088318265011,0.0403703568351053
01594950,dPL-MLP,XAJ-CN,test,selected_restart,4.133333333333334,6.4,-0.0108643059409191,0.0336911204532389
01596500,IC-CMA-ES,XAJ-Base,test,selected_restart,-8.066666666666666,15.4,-0.0497413393161863,0.0600339674208725
01596500,IC-CMA-ES,XAJ-TGD,test,selected_restart,-2.4,10.266666666666667,-0.0381377613844643,0.0545439285272587
01596500,IC-CMA-ES,XAJ-CN,test,selected_restart,9.133333333333333,9.666666666666666,0.0099738025365103,0.0463418159768721
01596500,dPL-MLP,XAJ-Base,test,selected_restart,-5.8,14.333333333333334,-0.0334629134637287,0.0484397686987411
01596500,dPL-MLP,XAJ-TGD,test,selected_restart,-0.4,10.4,-0.0229627178412845,0.0539829147094716
01596500,dPL-MLP,XAJ-CN,test,selected_restart,7.533333333333333,8.733333333333333,-0.0029715633692513,0.0393537254086169
01605500,IC-CMA-ES,XAJ-Base,test,selected_restart,-29.53333333333333,30.466666666666665,-0.1028085038171088,0.1139562154320662
01605500,IC-CMA-ES,XAJ-TGD,test,selected_restart,-26.2,27.133333333333333,-0.1045628473267829,0.1233082994329715
01605500,IC-CMA-ES,XAJ-CN,test,selected_restart,-10.666666666666666,16.4,-0.070893219620573,0.0834522102780923
01605500,dPL-MLP,XAJ-Base,test,selected_restart,-2.6,10.2,-0.0300814370419458,0.0378299443469711
01605500,dPL-MLP,XAJ-TGD,test,selected_restart,-1.5333333333333334,9.4,-0.0209742317702249,0.0289255382687439
01605500,dPL-MLP,XAJ-CN,test,selected_restart,4.8,10.0,-0.0312569846814747,0.0475011796242622
01606500,IC-CMA-ES,XAJ-Base,test,selected_restart,-24.33333333333333,25.4,-0.0949333506517293,0.0949333506517293
01606500,IC-CMA-ES,XAJ-TGD,test,selected_restart,-16.866666666666667,19.133333333333333,-0.0838399234108808,0.0838399234108808
01606500,IC-CMA-ES,XAJ-CN,test,selected_restart,-12.866666666666667,14.2,-0.0688312726907613,0.0688312726907613
01606500,dPL-MLP,XAJ-Base,test,selected_restart,-10.6,13.133333333333333,-0.0526829796724203,0.0526829796724203
01606500,dPL-MLP,XAJ-TGD,test,selected_restart,-11.133333333333333,13.533333333333331,-0.0559093790941121,0.0559093790941121
01606500,dPL-MLP,XAJ-CN,test,selected_restart,-3.1333333333333333,8.2,-0.0422878422034465,0.0495268307580721
01632000,IC-CMA-ES,XAJ-Base,test,selected_restart,-16.066666666666666,23.0,-0.0850762423163322,0.0854890415251934
01632000,IC-CMA-ES,XAJ-TGD,test,selected_restart,-12.666666666666666,20.666666666666668,-0.0780187911078997,0.0801314233919664
01632000,IC-CMA-ES,XAJ-CN,test,selected_restart,-7.733333333333333,15.066666666666666,-0.0833164958939619,0.0864770581393516
01632000,dPL-MLP,XAJ-Base,test,selected_restart,-9.466666666666669,18.266666666666666,-0.0647246781772045,0.06729909943349
01632000,dPL-MLP,XAJ-TGD,test,selected_restart,-5.866666666666666,15.466666666666669,-0.0595903956677186,0.0631516115546906
01632000,dPL-MLP,XAJ-CN,test,selected_restart,0.5333333333333333,12.933333333333334,-0.0438775230234531,0.0528341311951653
01632900,IC-CMA-ES,XAJ-Base,test,selected_restart,-6.666666666666667,18.133333333333333,-0.0231984228423439,0.0412018120490815
01632900,IC-CMA-ES,XAJ-TGD,test,selected_restart,-0.6,15.666666666666666,-0.0096158410639765,0.0339490289691395
01632900,IC-CMA-ES,XAJ-CN,test,selected_restart,8.266666666666667,15.2,0.0084076140789983,0.0296907408853008
01632900,dPL-MLP,XAJ-Base,test,selected_restart,3.4,16.2,-0.0101166710785232,0.0277143095472487
01632900,dPL-MLP,XAJ-TGD,test,selected_restart,2.0,18.4,-0.0083411098054252,0.0317305877905873
01632900,dPL-MLP,XAJ-CN,test,selected_restart,9.733333333333333,17.6,0.0112854554721511,0.0289987060497742
01634500,IC-CMA-ES,XAJ-Base,test,selected_restart,-11.0,23.933333333333334,-0.0713084108156971,0.0808966092106966
01634500,IC-CMA-ES,XAJ-TGD,test,selected_restart,-8.333333333333334,23.266666666666666,-0.0617206227305544,0.0665501929161218
01634500,IC-CMA-ES,XAJ-CN,test,selected_restart,-6.066666666666666,23.4,-0.047962233078779,0.0587835224615114
01634500,dPL-MLP,XAJ-Base,test,selected_restart,-10.4,21.33333333333333,-0.0660176035287988,0.0660176035287988
01634500,dPL-MLP,XAJ-TGD,test,selected_restart,-9.533333333333331,20.73333333333333,-0.0628464844349039,0.0638459873037803
01634500,dPL-MLP,XAJ-CN,test,selected_restart,-3.6,20.4,-0.0417868367357067,0.0426945018820342
01638480,IC-CMA-ES,XAJ-Base,test,selected_restart,-7.2,16.4,-0.0600719817146409,0.0633378883743868
01638480,IC-CMA-ES,XAJ-TGD,test,selected_restart,-11.333333333333334,15.733333333333333,-0.0698182868624477,0.0715355257734245
01638480,IC-CMA-ES,XAJ-CN,test,selected_restart,-8.733333333333333,15.133333333333333,-0.0696570115948467,0.0754699995661363
01638480,dPL-MLP,XAJ-Base,test,selected_restart,-5.733333333333333,15.6,-0.0523923772240429,0.055742858901082
01638480,dPL-MLP,XAJ-TGD,test,selected_restart,-5.0,15.133333333333333,-0.048264513181125,0.0510971040031954
01638480,dPL-MLP,XAJ-CN,test,selected_restart,0.4,13.866666666666667,-0.0298857348824291,0.0389282833041394
01639500,IC-CMA-ES,XAJ-Base,test,selected_restart,-2.8,13.333333333333334,-0.0176914698908573,0.0369257064003076
01639500,IC-CMA-ES,XAJ-TGD,test,selected_restart,-0.0666666666666666,12.6,-0.0120543566375817,0.0335565143034953
01639500,IC-CMA-ES,XAJ-CN,test,selected_restart,1.6,11.6,-0.0118990050782606,0.0317676093893528
01639500,dPL-MLP,XAJ-Base,test,selected_restart,3.533333333333333,10.866666666666667,-0.0061708238750543,0.0277523440427441
01639500,dPL-MLP,XAJ-TGD,test,selected_restart,3.2,10.4,0.0013354969988419,0.0279755681960315
01639500,dPL-MLP,XAJ-CN,test,selected_restart,4.466666666666667,10.866666666666667,-0.0115612404574797,0.0291690150848494
01644000,IC-CMA-ES,XAJ-Base,test,selected_restart,-9.0,15.0,-0.0478619774397226,0.0478619774397226
01644000,IC-CMA-ES,XAJ-TGD,test,selected_restart,-8.933333333333334,15.333333333333334,-0.0558356841619821,0.0558356841619821
01644000,IC-CMA-ES,XAJ-CN,test,selected_restart,-6.133333333333334,16.266666666666666,-0.0411571105535837,0.0411571105535837
01644000,dPL-MLP,XAJ-Base,test,selected_restart,-9.333333333333334,14.533333333333331,-0.0514853889958075,0.0514853889958075
01644000,dPL-MLP,XAJ-TGD,test,selected_restart,-7.933333333333334,14.333333333333334,-0.0460663542366039,0.0460663542366039
01644000,dPL-MLP,XAJ-CN,test,selected_restart,-2.2666666666666666,13.333333333333334,-0.0326788832958551,0.033644547417929
01664000,IC-CMA-ES,XAJ-Base,test,selected_restart,-5.066666666666666,13.333333333333334,-0.0444073141038252,0.0453429229536245
01664000,IC-CMA-ES,XAJ-TGD,test,selected_restart,-5.333333333333333,14.8,-0.036788925570233,0.036788925570233
01664000,IC-CMA-ES,XAJ-CN,test,selected_restart,-0.5333333333333333,16.266666666666666,-0.0378517648001346,0.0382575241206675
01664000,dPL-MLP,XAJ-Base,test,selected_restart,-4.666666666666667,13.066666666666666,-0.0357302467445367,0.037118496766976
01664000,dPL-MLP,XAJ-TGD,test,selected_restart,-1.8,12.066666666666666,-0.0317914228061669,0.0356148963633341
01664000,dPL-MLP,XAJ-CN,test,selected_restart,4.133333333333334,12.8,-0.0223550091604226,0.0295973470506557
01666500,IC-CMA-ES,XAJ-Base,test,selected_restart,-6.8,18.0,-0.0437744122442527,0.0452064986849734
01666500,IC-CMA-ES,XAJ-TGD,test,selected_restart,-2.4,13.6,-0.0259578423397663,0.0294495186895315
01666500,IC-CMA-ES,XAJ-CN,test,selected_restart,-0.6,15.666666666666666,-0.0271629469292286,0.0287808965469309
01666500,dPL-MLP,XAJ-Base,test,selected_restart,11.266666666666667,15.133333333333333,0.0094384951693888,0.0188935575497293
01666500,dPL-MLP,XAJ-TGD,test,selected_restart,7.6,14.133333333333333,0.0032687577906326,0.0161487095092907
01666500,dPL-MLP,XAJ-CN,test,selected_restart,13.4,14.6,0.0041349553369558,0.0238098268579667
01667500,IC-CMA-ES,XAJ-Base,test,selected_restart,-5.6,11.333333333333334,-0.0465066125127835,0.0506403431853276
01667500,IC-CMA-ES,XAJ-TGD,test,selected_restart,-3.466666666666667,11.733333333333333,-0.0467337608469687,0.0482483044823628
01667500,IC-CMA-ES,XAJ-CN,test,selected_restart,-3.2666666666666666,11.133333333333333,-0.0427735448015891,0.0454370832006754
01667500,dPL-MLP,XAJ-Base,test,selected_restart,6.733333333333333,9.8,-0.0074599723153474,0.0291987263018673
01667500,dPL-MLP,XAJ-TGD,test,selected_restart,7.466666666666667,10.666666666666666,-0.0084946582847002,0.0273844337339692
01667500,dPL-MLP,XAJ-CN,test,selected_restart,11.266666666666667,12.866666666666667,-0.0080824186536831,0.0359838641103871
01669000,IC-CMA-ES,XAJ-Base,test,selected_restart,4.266666666666667,17.6,-0.0011868735648988,0.0495359689282976
01669000,IC-CMA-ES,XAJ-TGD,test,selected_restart,4.6,18.2,0.0015003700556557,0.0520253350623054
01669000,IC-CMA-ES,XAJ-CN,test,selected_restart,8.6,18.6,0.0133795847000877,0.0477771501032116
01669000,dPL-MLP,XAJ-Base,test,selected_restart,7.866666666666666,16.8,0.0101730554801425,0.0510479285934385
01669000,dPL-MLP,XAJ-TGD,test,selected_restart,7.4,17.266666666666666,0.0070987750592033,0.0504376187541898
01669000,dPL-MLP,XAJ-CN,test,selected_restart,8.0,17.333333333333332,0.0078920085730354,0.0457574848948733
01669520,IC-CMA-ES,XAJ-Base,test,selected_restart,-9.333333333333334,31.066666666666663,-0.0141300414640071,0.051433292663786
01669520,IC-CMA-ES,XAJ-TGD,test,selected_restart,-8.8,30.933333333333334,-0.0106142535446447,0.0504377653874324
01669520,IC-CMA-ES,XAJ-CN,test,selected_restart,-10.666666666666666,32.13333333333333,-0.0199389467277489,0.04764779934969
01669520,dPL-MLP,XAJ-Base,test,selected_restart,-3.1333333333333333,29.8,-0.0055212075152359,0.0467366647997577
01669520,dPL-MLP,XAJ-TGD,test,selected_restart,-3.933333333333333,31.4,-0.0081565618155759,0.047017834313619
01669520,dPL-MLP,XAJ-CN,test,selected_restart,-4.866666666666666,32.2,-0.010439573689139,0.0451293580699608
02011400,IC-CMA-ES,XAJ-Base,test,selected_restart,-9.466666666666669,11.6,-0.0640154992901885,0.0640821912382425
02011400,IC-CMA-ES,XAJ-TGD,test,selected_restart,-5.6,10.4,-0.0545475398861968,0.0562248013263498
02011400,IC-CMA-ES,XAJ-CN,test,selected_restart,2.4,8.4,-0.0306715106331908,0.0376320157079251
02011400,dPL-MLP,XAJ-Base,test,selected_restart,-8.066666666666666,11.0,-0.0604634906216069,0.0604634906216069
02011400,dPL-MLP,XAJ-TGD,test,selected_restart,-10.0,12.0,-0.0629981920484308,0.0629981920484308
02011400,dPL-MLP,XAJ-CN,test,selected_restart,4.533333333333333,8.533333333333333,-0.0285297488534057,0.0383139087387275
02013000,IC-CMA-ES,XAJ-Base,test,selected_restart,-8.866666666666667,17.533333333333335,-0.0576749529419055,0.0662798850680323
02013000,IC-CMA-ES,XAJ-TGD,test,selected_restart,0.0666666666666666,12.733333333333333,-0.0461801634210061,0.0506421524727877
02013000,IC-CMA-ES,XAJ-CN,test,selected_restart,4.466666666666667,10.333333333333334,-0.0353817717212151,0.0450410294974383
02013000,dPL-MLP,XAJ-Base,test,selected_restart,-4.733333333333333,15.533333333333331,-0.0568651602643441,0.0583532172198765
02013000,dPL-MLP,XAJ-TGD,test,selected_restart,-6.333333333333333,16.466666666666665,-0.0576149946429045,0.0621912715589675
02013000,dPL-MLP,XAJ-CN,test,selected_restart,4.666666666666667,10.266666666666667,-0.0329997426249296,0.0432871062005099
02014000,IC-CMA-ES,XAJ-Base,test,selected_restart,-11.0,16.733333333333334,-0.0569670745922553,0.0728998761722468
02014000,IC-CMA-ES,XAJ-TGD,test,selected_restart,-3.466666666666667,13.466666666666669,-0.0455051232569841,0.0501866236226571
02014000,IC-CMA-ES,XAJ-CN,test,selected_restart,1.8666666666666667,8.666666666666666,-0.033090854604386,0.0426485910909188
02014000,dPL-MLP,XAJ-Base,test,selected_restart,-5.866666666666666,15.2,-0.0554345875177212,0.0574259501957545
02014000,dPL-MLP,XAJ-TGD,test,selected_restart,-5.4,14.733333333333333,-0.0496739674800066,0.0519891072468327
02014000,dPL-MLP,XAJ-CN,test,selected_restart,1.6666666666666667,9.666666666666666,-0.0313682982517707,0.0405041254313151
02015700,IC-CMA-ES,XAJ-Base,test,selected_restart,-6.4,16.933333333333334,-0.0433176946033445,0.0563907466755465
02015700,IC-CMA-ES,XAJ-TGD,test,selected_restart,-0.9333333333333332,13.733333333333333,-0.0270926943808205,0.0445699439417105
02015700,IC-CMA-ES,XAJ-CN,test,selected_restart,2.7333333333333334,14.733333333333333,-0.019405187307736,0.0408402488599997
02015700,dPL-MLP,XAJ-Base,test,selected_restart,-3.2666666666666666,12.733333333333333,-0.0391510935017871,0.0424271526362653
02015700,dPL-MLP,XAJ-TGD,test,selected_restart,-2.6,12.733333333333333,-0.0340447407354322,0.0410017002379245
02015700,dPL-MLP,XAJ-CN,test,selected_restart,6.066666666666666,12.333333333333334,-0.0182248017578728,0.029501068855007
02016000,IC-CMA-ES,XAJ-Base,test,selected_restart,-12.666666666666666,19.6,-0.0541037113727833,0.0653969574101395
02016000,IC-CMA-ES,XAJ-TGD,test,selected_restart,-9.4,17.666666666666668,-0.0447188408436085,0.0576104688771195
02016000,IC-CMA-ES,XAJ-CN,test,selected_restart,-5.866666666666666,16.133333333333333,-0.0332937510074879,0.050728113753416
02016000,dPL-MLP,XAJ-Base,test,selected_restart,-13.2,18.4,-0.0603269319992965,0.0616916688174967
02016000,dPL-MLP,XAJ-TGD,test,selected_restart,-12.8,17.866666666666667,-0.0559000374140049,0.0611440590909088
02016000,dPL-MLP,XAJ-CN,test,selected_restart,-7.333333333333333,14.533333333333331,-0.0405928672613407,0.049683688385107
02017500,IC-CMA-ES,XAJ-Base,test,selected_restart,-1.2,15.866666666666667,-0.0547968752093427,0.059778557991291
02017500,IC-CMA-ES,XAJ-TGD,test,selected_restart,1.4666666666666666,14.533333333333331,-0.0463741448429537,0.0521029298335334
02017500,IC-CMA-ES,XAJ-CN,test,selected_restart,8.466666666666667,10.333333333333334,-0.026839103987546,0.0387007238059495
02017500,dPL-MLP,XAJ-Base,test,selected_restart,0.7333333333333333,11.666666666666666,-0.0491197523382617,0.0548178170949241
02017500,dPL-MLP,XAJ-TGD,test,selected_restart,1.6,11.2,-0.0423461175866239,0.0482576742599428
02017500,dPL-MLP,XAJ-CN,test,selected_restart,6.066666666666666,10.066666666666666,-0.0327789710866722,0.0436969460635636
02018000,IC-CMA-ES,XAJ-Base,test,selected_restart,-19.0,22.6,-0.0901475325160427,0.0901475325160427
02018000,IC-CMA-ES,XAJ-TGD,test,selected_restart,-7.333333333333333,15.333333333333334,-0.0543114945226116,0.0564332047132692
02018000,IC-CMA-ES,XAJ-CN,test,selected_restart,-5.0,11.933333333333334,-0.0519608800543549,0.0537627556947908
02018000,dPL-MLP,XAJ-Base,test,selected_restart,-9.6,16.0,-0.0598460530174973,0.0612152791440435
02018000,dPL-MLP,XAJ-TGD,test,selected_restart,-7.333333333333333,14.0,-0.0512685154808762,0.0531745244093777
02018000,dPL-MLP,XAJ-CN,test,selected_restart,-2.533333333333333,10.666666666666666,-0.0429649934106273,0.0479643281954519
02027000,IC-CMA-ES,XAJ-Base,test,selected_restart,5.466666666666667,11.6,-0.0054726962237467,0.0427020086704136
02027000,IC-CMA-ES,XAJ-TGD,test,selected_restart,8.2,12.2,0.0032009528091638,0.0428369386850238
02027000,IC-CMA-ES,XAJ-CN,test,selected_restart,9.866666666666667,14.0,0.006097029249975,0.042774621097366
02027000,dPL-MLP,XAJ-Base,test,selected_restart,4.6,11.0,-0.0050684763976842,0.0441869183240772
02027000,dPL-MLP,XAJ-TGD,test,selected_restart,5.133333333333334,10.866666666666667,0.0002074227741449,0.0433496300238809
02027000,dPL-MLP,XAJ-CN,test,selected_restart,11.0,13.533333333333331,0.0148773020516921,0.0438593801537656
02027500,IC-CMA-ES,XAJ-Base,test,selected_restart,6.533333333333333,16.8,-0.0151307597286604,0.0510848012547452
02027500,IC-CMA-ES,XAJ-TGD,test,selected_restart,7.533333333333333,16.066666666666666,-0.0109696511951191,0.0507408853697981
02027500,IC-CMA-ES,XAJ-CN,test,selected_restart,9.2,15.866666666666667,-0.0049697622187041,0.0517404254603591
02027500,dPL-MLP,XAJ-Base,test,selected_restart,6.266666666666667,16.4,-0.013220744781405,0.0521234558352039
02027500,dPL-MLP,XAJ-TGD,test,selected_restart,9.2,16.533333333333335,-0.003365414791018,0.0532165950862771
02027500,dPL-MLP,XAJ-CN,test,selected_restart,11.866666666666667,17.333333333333332,0.0077643817139562,0.0533739446944859
02028500,IC-CMA-ES,XAJ-Base,test,selected_restart,-1.4666666666666666,14.666666666666666,-0.0437886568702902,0.0570124592821315
02028500,IC-CMA-ES,XAJ-TGD,test,selected_restart,5.333333333333333,14.933333333333334,-0.0268204527892317,0.042469523270108
02028500,IC-CMA-ES,XAJ-CN,test,selected_restart,3.8666666666666663,15.6,-0.0294671329654898,0.0506173496463806
02028500,dPL-MLP,XAJ-Base,test,selected_restart,6.266666666666667,9.2,-0.0125725515482471,0.0334388910138334
02028500,dPL-MLP,XAJ-TGD,test,selected_restart,4.466666666666667,11.533333333333331,-0.0188078838385786,0.0366518653413563
02028500,dPL-MLP,XAJ-CN,test,selected_restart,7.2,11.2,-0.0101791429318632,0.0323196041326045
02038850,IC-CMA-ES,XAJ-Base,test,selected_restart,-8.6,13.133333333333333,-0.0343970290263711,0.0374388228221653
02038850,IC-CMA-ES,XAJ-TGD,test,selected_restart,-4.066666666666666,12.866666666666667,-0.0221057525714456,0.0330374983597472
02038850,IC-CMA-ES,XAJ-CN,test,selected_restart,-6.0,12.266666666666667,-0.0284569950342396,0.0363441547982549
02038850,dPL-MLP,XAJ-Base,test,selected_restart,0.5333333333333333,11.2,-0.0163175614118793,0.0236594074837502
02038850,dPL-MLP,XAJ-TGD,test,selected_restart,4.2,13.933333333333334,-0.0096856982946613,0.0214446242505269
02038850,dPL-MLP,XAJ-CN,test,selected_restart,3.466666666666667,13.733333333333333,-0.0098496686856169,0.021690944221828
02046000,IC-CMA-ES,XAJ-Base,test,selected_restart,4.6,31.8,-0.0526065193612818,0.0697629179505951
02046000,IC-CMA-ES,XAJ-TGD,test,selected_restart,10.8,37.73333333333333,-0.0473484732706789,0.0550371215214805
02046000,IC-CMA-ES,XAJ-CN,test,selected_restart,7.933333333333334,29.666666666666668,-0.0536347451805516,0.0650933049818301
02046000,dPL-MLP,XAJ-Base,test,selected_restart,5.2,30.266666666666666,-0.0680256528655136,0.0710630783050627
02046000,dPL-MLP,XAJ-TGD,test,selected_restart,8.4,32.53333333333333,-0.0692209803064112,0.0722677040705453
02046000,dPL-MLP,XAJ-CN,test,selected_restart,10.733333333333333,32.86666666666667,-0.0597348156570836,0.0634385341507691
02051500,IC-CMA-ES,XAJ-Base,test,selected_restart,-10.133333333333333,20.0,-0.0421096410509403,0.0560750426795361
02051500,IC-CMA-ES,XAJ-TGD,test,selected_restart,-5.933333333333334,21.666666666666668,-0.0535582091566379,0.0548431776952052
02051500,IC-CMA-ES,XAJ-CN,test,selected_restart,-4.533333333333333,20.133333333333333,-0.0399980486588136,0.0536122278124221
02051500,dPL-MLP,XAJ-Base,test,selected_restart,-4.933333333333334,12.133333333333333,-0.0420641130364394,0.04666313425358
02051500,dPL-MLP,XAJ-TGD,test,selected_restart,-3.733333333333333,17.333333333333332,-0.0440976178801512,0.0499153573876209
02051500,dPL-MLP,XAJ-CN,test,selected_restart,-0.8666666666666667,12.6,-0.0330655461705184,0.0418977746929314
02053200,IC-CMA-ES,XAJ-Base,test,selected_restart,-0.6,19.266666666666666,-0.0407847043309161,0.070759191036679
02053200,IC-CMA-ES,XAJ-TGD,test,selected_restart,-3.533333333333333,17.666666666666668,-0.0491750514937986,0.0675034466290263
02053200,IC-CMA-ES,XAJ-CN,test,selected_restart,8.533333333333333,20.666666666666668,-0.0239542195134907,0.058560968478897
02053200,dPL-MLP,XAJ-Base,test,selected_restart,-0.4666666666666667,17.533333333333335,-0.0375892739925334,0.0597653255807166
02053200,dPL-MLP,XAJ-TGD,test,selected_restart,-0.6666666666666666,17.066666666666666,-0.0370041970345923,0.0552518756568622
02053200,dPL-MLP,XAJ-CN,test,selected_restart,1.9333333333333331,17.666666666666668,-0.0323173077338486,0.0652943297108204
02053800,IC-CMA-ES,XAJ-Base,test,selected_restart,2.7333333333333334,16.2,-0.0265568295300291,0.0323023972911891
02053800,IC-CMA-ES,XAJ-TGD,test,selected_restart,5.533333333333333,16.333333333333332,-0.0147997040729013,0.0295262455903699
02053800,IC-CMA-ES,XAJ-CN,test,selected_restart,9.6,15.6,-0.0035859017749912,0.0275647787067361
02053800,dPL-MLP,XAJ-Base,test,selected_restart,2.533333333333333,14.933333333333334,-0.0230366209328459,0.0320121286315974
02053800,dPL-MLP,XAJ-TGD,test,selected_restart,2.066666666666667,16.333333333333332,-0.0214676826377994,0.0313260468549376
02053800,dPL-MLP,XAJ-CN,test,selected_restart,8.8,14.0,-0.004897751329371,0.0281083110785654
02055100,IC-CMA-ES,XAJ-Base,test,selected_restart,-17.733333333333334,27.466666666666665,-0.084821815098907,0.0871112011129343
02055100,IC-CMA-ES,XAJ-TGD,test,selected_restart,-13.533333333333331,24.6,-0.0516661175147548,0.0639967062652849
02055100,IC-CMA-ES,XAJ-CN,test,selected_restart,-12.6,23.4,-0.052631566232031,0.0629461229360354
02055100,dPL-MLP,XAJ-Base,test,selected_restart,2.933333333333333,7.733333333333333,0.0027101617996041,0.033382158599971
02055100,dPL-MLP,XAJ-TGD,test,selected_restart,3.466666666666667,8.133333333333333,0.0062556358122969,0.0341034424663704
02055100,dPL-MLP,XAJ-CN,test,selected_restart,6.533333333333333,8.933333333333334,0.0104481530134027,0.0342695266386098
02056900,IC-CMA-ES,XAJ-Base,test,selected_restart,-1.9333333333333331,15.666666666666666,-0.0355845147109954,0.0458952975900026
02056900,IC-CMA-ES,XAJ-TGD,test,selected_restart,6.0,15.733333333333333,-0.0071037057774195,0.0373078788893888
02056900,IC-CMA-ES,XAJ-CN,test,selected_restart,4.933333333333334,15.466666666666669,-0.0111248318092951,0.0365854884761045
02056900,dPL-MLP,XAJ-Base,test,selected_restart,3.1333333333333333,11.266666666666667,-0.0222345047927826,0.0317785058007138
02056900,dPL-MLP,XAJ-TGD,test,selected_restart,2.4,8.666666666666666,-0.0288322730597783,0.0308502385127002
02056900,dPL-MLP,XAJ-CN,test,selected_restart,6.6,9.933333333333334,-0.0161216024296412,0.0269854714068032
02059500,IC-CMA-ES,XAJ-Base,test,selected_restart,-19.73333333333333,20.4,-0.1038956691189273,0.1038956691189273
02059500,IC-CMA-ES,XAJ-TGD,test,selected_restart,-19.4,20.6,-0.1065375446641112,0.1065375446641112
02059500,IC-CMA-ES,XAJ-CN,test,selected_restart,-17.4,18.866666666666667,-0.0981371938550139,0.0981371938550139
02059500,dPL-MLP,XAJ-Base,test,selected_restart,1.8,5.0,-0.0307040064894819,0.0319194760217341
02059500,dPL-MLP,XAJ-TGD,test,selected_restart,2.066666666666667,6.2,-0.0303749650084639,0.0333863741451574
02059500,dPL-MLP,XAJ-CN,test,selected_restart,4.0,5.866666666666666,-0.0262535452210569,0.0281951448372516
02064000,IC-CMA-ES,XAJ-Base,test,selected_restart,-13.333333333333334,14.4,-0.0591740979795567,0.0595408403496947
02064000,IC-CMA-ES,XAJ-TGD,test,selected_restart,-12.266666666666667,14.0,-0.0604527874832265,0.0616331412018345
02064000,IC-CMA-ES,XAJ-CN,test,selected_restart,-10.533333333333331,12.133333333333333,-0.0523155782664728,0.0534106768792806
02064000,dPL-MLP,XAJ-Base,test,selected_restart,0.6,8.466666666666667,-0.0220805678809595,0.0344501113452659
02064000,dPL-MLP,XAJ-TGD,test,selected_restart,2.933333333333333,9.066666666666666,-0.0161639108305089,0.033682900225932
02064000,dPL-MLP,XAJ-CN,test,selected_restart,2.6,10.6,-0.0205047959133895,0.031824651912664
02065500,IC-CMA-ES,XAJ-Base,test,selected_restart,-7.8,15.933333333333334,-0.0478482446070198,0.0548191899887149
02065500,IC-CMA-ES,XAJ-TGD,test,selected_restart,-9.266666666666667,14.733333333333333,-0.044289486705828,0.0508750634187859
02065500,IC-CMA-ES,XAJ-CN,test,selected_restart,-8.0,13.333333333333334,-0.0480362962678754,0.05127642321531
02065500,dPL-MLP,XAJ-Base,test,selected_restart,-3.533333333333333,13.933333333333334,-0.0370582422609809,0.0396312922269902
02065500,dPL-MLP,XAJ-TGD,test,selected_restart,-4.333333333333333,13.933333333333334,-0.0340170573190533,0.0360439070133193
02065500,dPL-MLP,XAJ-CN,test,selected_restart,-3.4,14.466666666666669,-0.0387849709387306,0.0418240306842152
02069700,IC-CMA-ES,XAJ-Base,test,selected_restart,-3.1333333333333333,12.066666666666666,-0.0459098182185246,0.0462081951864206
02069700,IC-CMA-ES,XAJ-TGD,test,selected_restart,-2.466666666666667,12.466666666666669,-0.0399894974692418,0.0416982978077113
02069700,IC-CMA-ES,XAJ-CN,test,selected_restart,-3.4,12.733333333333333,-0.0449850899044428,0.0460754178928974
02069700,dPL-MLP,XAJ-Base,test,selected_restart,-1.2666666666666666,13.0,-0.0348450096511596,0.0371107591554202
02069700,dPL-MLP,XAJ-TGD,test,selected_restart,0.4666666666666667,11.8,-0.032798709677036,0.0358282290360121
02069700,dPL-MLP,XAJ-CN,test,selected_restart,3.933333333333333,10.866666666666667,-0.0287478170855595,0.0337048672998624
02070000,IC-CMA-ES,XAJ-Base,test,selected_restart,-13.133333333333333,17.8,-0.05041684501628,0.0643188440285888
02070000,IC-CMA-ES,XAJ-TGD,test,selected_restart,-7.666666666666667,15.0,-0.0373319505975636,0.0536641422393686
02070000,IC-CMA-ES,XAJ-CN,test,selected_restart,-6.6,14.333333333333334,-0.0432126859154296,0.0537125749868916
02070000,dPL-MLP,XAJ-Base,test,selected_restart,-2.2666666666666666,7.733333333333333,-0.0331041146641962,0.0388619150822998
02070000,dPL-MLP,XAJ-TGD,test,selected_restart,-2.066666666666667,7.4,-0.0342356323526295,0.0385108308102331
02070000,dPL-MLP,XAJ-CN,test,selected_restart,0.5333333333333333,8.4,-0.0292267302002502,0.0371018028364222
02074500,IC-CMA-ES,XAJ-Base,test,selected_restart,-18.0,18.8,-0.0667721255595756,0.0727420742010776
02074500,IC-CMA-ES,XAJ-TGD,test,selected_restart,-5.733333333333333,14.533333333333331,-0.0561970441515518,0.0573656734711237
02074500,IC-CMA-ES,XAJ-CN,test,selected_restart,-8.666666666666666,14.0,-0.0490415095264984,0.0495697815177101
02074500,dPL-MLP,XAJ-Base,test,selected_restart,-1.0666666666666669,7.733333333333333,-0.033310519553748,0.0435160304391447
02074500,dPL-MLP,XAJ-TGD,test,selected_restart,-0.4666666666666667,8.333333333333334,-0.0332897155458999,0.0453093231334496
02074500,dPL-MLP,XAJ-CN,test,selected_restart,-3.466666666666667,9.733333333333333,-0.0380817342773351,0.0432795897050101
02077200,IC-CMA-ES,XAJ-Base,test,selected_restart,-7.333333333333333,34.8,-0.1070239465980495,0.1070239465980495
02077200,IC-CMA-ES,XAJ-TGD,test,selected_restart,-6.6,35.266666666666666,-0.0900320692905551,0.0927123545895349
02077200,IC-CMA-ES,XAJ-CN,test,selected_restart,-7.333333333333333,36.266666666666666,-0.1034382287709679,0.1034382287709679
02077200,dPL-MLP,XAJ-Base,test,selected_restart,2.333333333333333,20.73333333333333,-0.0424643274693455,0.0722936693772745
02077200,dPL-MLP,XAJ-TGD,test,selected_restart,5.333333333333333,19.066666666666663,-0.0271736519087121,0.0748425358815883
02077200,dPL-MLP,XAJ-CN,test,selected_restart,3.333333333333333,21.466666666666665,-0.0494071514952943,0.0708502572569911
02081500,IC-CMA-ES,XAJ-Base,test,selected_restart,2.466666666666667,30.73333333333333,-0.0762550129872616,0.0772095156437712
02081500,IC-CMA-ES,XAJ-TGD,test,selected_restart,-9.666666666666666,22.066666666666663,-0.0606541754684901,0.0606541754684901
02081500,IC-CMA-ES,XAJ-CN,test,selected_restart,11.6,36.0,-0.0333583180489198,0.0371593362441078
02081500,dPL-MLP,XAJ-Base,test,selected_restart,1.0,23.8,-0.0351715405168191,0.0352634058645207
02081500,dPL-MLP,XAJ-TGD,test,selected_restart,-0.8666666666666667,20.866666666666667,-0.0363995884241715,0.0366698501710977
02081500,dPL-MLP,XAJ-CN,test,selected_restart,2.466666666666667,22.866666666666667,-0.041992943920896,0.0457339398787972
02082950,IC-CMA-ES,XAJ-Base,test,selected_restart,-8.333333333333334,26.066666666666663,-0.0388888893830653,0.060785490912413
02082950,IC-CMA-ES,XAJ-TGD,test,selected_restart,-3.933333333333333,23.666666666666668,-0.0377025374082601,0.058282541849787
02082950,IC-CMA-ES,XAJ-CN,test,selected_restart,-2.8,22.4,-0.0299426151621218,0.0513455690131336
02082950,dPL-MLP,XAJ-Base,test,selected_restart,-0.8666666666666667,17.8,-0.0316695976563171,0.0497064161930159
02082950,dPL-MLP,XAJ-TGD,test,selected_restart,-1.6666666666666667,19.933333333333334,-0.0361948498395955,0.0533764010852326
02082950,dPL-MLP,XAJ-CN,test,selected_restart,0.1333333333333333,18.666666666666668,-0.0291763855326052,0.0486896458897666
02092500,IC-CMA-ES,XAJ-Base,test,selected_restart,-6.266666666666667,22.53333333333333,-0.0232571123197585,0.043368052103571
02092500,IC-CMA-ES,XAJ-TGD,test,selected_restart,-9.466666666666669,20.133333333333333,-0.0477504594281226,0.0590718242238273
02092500,IC-CMA-ES,XAJ-CN,test,selected_restart,-7.6,18.666666666666668,-0.0431299714401274,0.0575759835750173
02092500,dPL-MLP,XAJ-Base,test,selected_restart,-6.0,20.8,-0.0264097842728008,0.0408264072323361
02092500,dPL-MLP,XAJ-TGD,test,selected_restart,-7.333333333333333,20.666666666666668,-0.0325714720442801,0.0436635655870348
02092500,dPL-MLP,XAJ-CN,test,selected_restart,-4.066666666666666,19.933333333333334,-0.0204317423855175,0.0392700393286283
02096846,IC-CMA-ES,XAJ-Base,test,selected_restart,-2.333333333333333,41.8,-0.0887287886794771,0.0999415556365041
02096846,IC-CMA-ES,XAJ-TGD,test,selected_restart,-5.4,44.6,-0.1109140683567887,0.1183485485388625
02096846,IC-CMA-ES,XAJ-CN,test,selected_restart,0.7333333333333333,32.6,-0.0689089416818187,0.0829708737673934
02096846,dPL-MLP,XAJ-Base,test,selected_restart,4.066666666666666,25.133333333333333,-0.0433608739928768,0.0748185070894734
02096846,dPL-MLP,XAJ-TGD,test,selected_restart,5.0,23.8,-0.0479223643100625,0.0785826422316408
02096846,dPL-MLP,XAJ-CN,test,selected_restart,11.266666666666667,25.0,-0.0249758555845783,0.0624171048699249
02102908,IC-CMA-ES,XAJ-Base,test,selected_restart,13.933333333333334,14.866666666666667,0.0161717441293703,0.0279438603998119
02102908,IC-CMA-ES,XAJ-TGD,test,selected_restart,18.2,19.4,0.0186996953301735,0.0301127989173824
02102908,IC-CMA-ES,XAJ-CN,test,selected_restart,19.73333333333333,20.266666666666666,0.0203144060187645,0.0303782849590872
02102908,dPL-MLP,XAJ-Base,test,selected_restart,15.866666666666667,15.866666666666667,0.0265822347614275,0.0286743407262586
02102908,dPL-MLP,XAJ-TGD,test,selected_restart,16.266666666666666,16.266666666666666,0.0268954253805783,0.0290057341580968
02102908,dPL-MLP,XAJ-CN,test,selected_restart,15.8,15.8,0.0248256759457893,0.027519757033708
02108000,IC-CMA-ES,XAJ-Base,test,selected_restart,6.933333333333334,17.333333333333332,0.0027538251689243,0.0340570094747627
02108000,IC-CMA-ES,XAJ-TGD,test,selected_restart,7.266666666666667,15.933333333333334,0.0047549828202692,0.0355867137574438
02108000,IC-CMA-ES,XAJ-CN,test,selected_restart,6.4,16.933333333333334,0.0045929205230045,0.0356093935070605
02108000,dPL-MLP,XAJ-Base,test,selected_restart,6.666666666666667,15.333333333333334,0.0024582102210489,0.0346509615643108
02108000,dPL-MLP,XAJ-TGD,test,selected_restart,7.866666666666666,14.8,0.0054567194790808,0.0375474544189802
02108000,dPL-MLP,XAJ-CN,test,selected_restart,7.533333333333333,15.4,0.0099807835431067,0.035605511184267
02111180,IC-CMA-ES,XAJ-Base,test,selected_restart,-1.8,12.333333333333334,-0.0308874295056128,0.0361320439734748
02111180,IC-CMA-ES,XAJ-TGD,test,selected_restart,-0.4666666666666667,12.466666666666669,-0.0283601051469906,0.0338605308292996
02111180,IC-CMA-ES,XAJ-CN,test,selected_restart,1.3333333333333333,12.133333333333333,-0.0211783464650575,0.0290444391348276
02111180,dPL-MLP,XAJ-Base,test,selected_restart,-2.0,9.866666666666667,-0.026398248066531,0.0300480886060686
02111180,dPL-MLP,XAJ-TGD,test,selected_restart,-1.0666666666666669,8.8,-0.0236199017266694,0.0289475311609256
02111180,dPL-MLP,XAJ-CN,test,selected_restart,0.8,8.666666666666666,-0.0216612921059394,0.0271431159965319
02111500,IC-CMA-ES,XAJ-Base,test,selected_restart,5.466666666666667,12.533333333333331,0.0049179693901844,0.0193814300092954
02111500,IC-CMA-ES,XAJ-TGD,test,selected_restart,5.733333333333333,13.333333333333334,0.0103745034182377,0.0306477316872404
02111500,IC-CMA-ES,XAJ-CN,test,selected_restart,9.133333333333333,14.066666666666666,0.0137974580967732,0.022859826746848
02111500,dPL-MLP,XAJ-Base,test,selected_restart,3.8666666666666663,11.066666666666666,-0.0033630360320898,0.0163270021070219
02111500,dPL-MLP,XAJ-TGD,test,selected_restart,3.066666666666667,11.466666666666669,-0.0052936930612417,0.0175960793683108
02111500,dPL-MLP,XAJ-CN,test,selected_restart,6.266666666666667,10.933333333333334,-0.0002299526488475,0.0139318867732684
02112120,IC-CMA-ES,XAJ-Base,test,selected_restart,8.466666666666667,11.666666666666666,0.0098931045425462,0.0264421159354003
02112120,IC-CMA-ES,XAJ-TGD,test,selected_restart,0.6,10.333333333333334,-0.0124634284682544,0.0243170899112816
02112120,IC-CMA-ES,XAJ-CN,test,selected_restart,2.2666666666666666,9.066666666666666,-0.0070052980291319,0.0242788397632141
02112120,dPL-MLP,XAJ-Base,test,selected_restart,5.0,9.266666666666667,-0.0001527844774198,0.0202725469840921
02112120,dPL-MLP,XAJ-TGD,test,selected_restart,7.066666666666666,10.0,0.0051722666713126,0.022470913308199
02112120,dPL-MLP,XAJ-CN,test,selected_restart,10.133333333333333,10.4,0.0082653374565172,0.0221729798632847
02112360,IC-CMA-ES,XAJ-Base,test,selected_restart,2.7333333333333334,11.4,-0.0173405649393387,0.0322976152310947
02112360,IC-CMA-ES,XAJ-TGD,test,selected_restart,4.333333333333333,11.666666666666666,-0.0137846928963649,0.0296932677636723
02112360,IC-CMA-ES,XAJ-CN,test,selected_restart,4.466666666666667,9.8,-0.0104940496017126,0.0277572783031476
02112360,dPL-MLP,XAJ-Base,test,selected_restart,4.533333333333333,10.0,-0.0110155534872997,0.0264862885286589
02112360,dPL-MLP,XAJ-TGD,test,selected_restart,2.933333333333333,8.4,-0.0162518036494243,0.0273449947645445
02112360,dPL-MLP,XAJ-CN,test,selected_restart,8.333333333333334,10.866666666666667,-0.0049003235627798,0.0246571376819477
02118500,IC-CMA-ES,XAJ-Base,test,selected_restart,-2.2,9.8,-0.0365848993909318,0.0385038103973749
02118500,IC-CMA-ES,XAJ-TGD,test,selected_restart,3.066666666666667,9.066666666666666,-0.0114381259334046,0.0276417427896844
02118500,IC-CMA-ES,XAJ-CN,test,selected_restart,4.2,9.666666666666666,-0.0102041081241726,0.025987153554475
02118500,dPL-MLP,XAJ-Base,test,selected_restart,1.2666666666666666,7.933333333333334,-0.0217309401086925,0.0244922962695472
02118500,dPL-MLP,XAJ-TGD,test,selected_restart,-0.5333333333333333,8.533333333333333,-0.028476470276908,0.0301618212048192
02118500,dPL-MLP,XAJ-CN,test,selected_restart,1.4,8.866666666666667,-0.0224089955937821,0.0265046838695229
02125000,IC-CMA-ES,XAJ-Base,test,selected_restart,-2.1333333333333333,6.4,-0.0063034340110885,0.0358247342658216
02125000,IC-CMA-ES,XAJ-TGD,test,selected_restart,-0.4,7.466666666666667,-0.0036711354422039,0.0322839959879074
02125000,IC-CMA-ES,XAJ-CN,test,selected_restart,1.0666666666666669,8.666666666666666,0.0030689448746574,0.044683864509282
02125000,dPL-MLP,XAJ-Base,test,selected_restart,6.066666666666666,10.733333333333333,0.045420801205688,0.0612571297422655
02125000,dPL-MLP,XAJ-TGD,test,selected_restart,4.4,9.733333333333333,0.0410054137937757,0.0572652651206263
02125000,dPL-MLP,XAJ-CN,test,selected_restart,4.466666666666667,9.933333333333334,0.0349252338839106,0.0520952123736946
02128000,IC-CMA-ES,XAJ-Base,test,selected_restart,-10.0,26.133333333333333,-0.0828683795716101,0.0828683795716101
02128000,IC-CMA-ES,XAJ-TGD,test,selected_restart,-8.733333333333333,24.2,-0.0458701116031144,0.0657465109472266
02128000,IC-CMA-ES,XAJ-CN,test,selected_restart,-13.4,28.866666666666667,-0.0747715187257264,0.0779066711390838
02128000,dPL-MLP,XAJ-Base,test,selected_restart,-2.6666666666666665,18.666666666666668,-0.0262341024662787,0.0408813883820978
02128000,dPL-MLP,XAJ-TGD,test,selected_restart,-2.333333333333333,18.866666666666667,-0.0254190963691209,0.0419328242500432
02128000,dPL-MLP,XAJ-CN,test,selected_restart,-5.2,18.8,-0.0482850787228082,0.0510848969784135
02137727,IC-CMA-ES,XAJ-Base,test,selected_restart,-0.5333333333333333,5.066666666666666,-0.0140891628676849,0.0230369876330985
02137727,IC-CMA-ES,XAJ-TGD,test,selected_restart,0.0666666666666666,5.8,-0.0143690712466039,0.023224163105676
02137727,IC-CMA-ES,XAJ-CN,test,selected_restart,-3.4,11.0,-0.0223819580886958,0.0364616432861241
02137727,dPL-MLP,XAJ-Base,test,selected_restart,2.533333333333333,6.533333333333333,-0.0039661802067556,0.0217193988917829
02137727,dPL-MLP,XAJ-TGD,test,selected_restart,1.8,5.933333333333334,-0.0052248246683873,0.0222202535226345
02137727,dPL-MLP,XAJ-CN,test,selected_restart,4.733333333333333,6.866666666666666,-0.001294518233756,0.0224725664164517
02140991,IC-CMA-ES,XAJ-Base,test,selected_restart,1.5333333333333334,9.666666666666666,-0.0079316188730875,0.0255692343362519
02140991,IC-CMA-ES,XAJ-TGD,test,selected_restart,7.666666666666667,10.866666666666667,0.0137242069007873,0.0310846335976164
02140991,IC-CMA-ES,XAJ-CN,test,selected_restart,0.5333333333333333,11.466666666666669,-0.0171956558861414,0.0284473985926277
02140991,dPL-MLP,XAJ-Base,test,selected_restart,3.6666666666666665,7.266666666666667,0.0011076013408025,0.0215671896629933
02140991,dPL-MLP,XAJ-TGD,test,selected_restart,1.3333333333333333,6.8,-0.0026534755863825,0.0246378830120096
02140991,dPL-MLP,XAJ-CN,test,selected_restart,2.4,6.533333333333333,-0.0007077783185322,0.021416845432913
02143000,IC-CMA-ES,XAJ-Base,test,selected_restart,1.2666666666666666,7.933333333333334,-0.0069698185614345,0.0244491240034367
02143000,IC-CMA-ES,XAJ-TGD,test,selected_restart,1.4,7.4,-0.0033773065499064,0.0202282381145404
02143000,IC-CMA-ES,XAJ-CN,test,selected_restart,3.6666666666666665,7.533333333333333,0.0001609394061965,0.0252307641002901
02143000,dPL-MLP,XAJ-Base,test,selected_restart,1.6666666666666667,5.933333333333334,-0.0086219609669444,0.0195849461974609
02143000,dPL-MLP,XAJ-TGD,test,selected_restart,-0.5333333333333333,5.733333333333333,-0.0191534500213064,0.0230443049876519
02143000,dPL-MLP,XAJ-CN,test,selected_restart,2.333333333333333,6.066666666666666,-0.0065850318363902,0.0202309201623411
02143040,IC-CMA-ES,XAJ-Base,test,selected_restart,1.2,9.066666666666666,0.0088730715817185,0.0198033314245309
02143040,IC-CMA-ES,XAJ-TGD,test,selected_restart,1.2666666666666666,8.866666666666667,0.0092430535064113,0.0223733605243132
02143040,IC-CMA-ES,XAJ-CN,test,selected_restart,3.8666666666666663,8.533333333333333,0.0150255792444917,0.0239433820077244
02143040,dPL-MLP,XAJ-Base,test,selected_restart,-0.2666666666666666,8.533333333333333,0.0030315879092586,0.0219717798837206
02143040,dPL-MLP,XAJ-TGD,test,selected_restart,-1.6666666666666667,8.733333333333333,-0.0048143393689421,0.0215056528667079
02143040,dPL-MLP,XAJ-CN,test,selected_restart,4.2,10.066666666666666,0.0147207571174673,0.0288970895096777
02149000,IC-CMA-ES,XAJ-Base,test,selected_restart,6.333333333333333,12.2,-0.0137769907528848,0.0259917402871258
02149000,IC-CMA-ES,XAJ-TGD,test,selected_restart,8.733333333333333,13.4,-0.0032559374784122,0.0244114527770472
02149000,IC-CMA-ES,XAJ-CN,test,selected_restart,8.666666666666666,13.6,-0.0072688003197005,0.0256976264723809
02149000,dPL-MLP,XAJ-Base,test,selected_restart,6.933333333333334,10.933333333333334,-0.0044901658907225,0.0239785540112527
02149000,dPL-MLP,XAJ-TGD,test,selected_restart,7.266666666666667,11.266666666666667,-0.0046859840367923,0.0248820768514557
02149000,dPL-MLP,XAJ-CN,test,selected_restart,10.933333333333334,13.6,0.0016064057931611,0.0241404450654272
02152100,IC-CMA-ES,XAJ-Base,test,selected_restart,-2.333333333333333,15.0,-0.0024000354550741,0.0428321684209635
02152100,IC-CMA-ES,XAJ-TGD,test,selected_restart,-0.4666666666666667,14.733333333333333,0.0007027687686221,0.0437737300801407
02152100,IC-CMA-ES,XAJ-CN,test,selected_restart,-0.2666666666666666,14.666666666666666,0.0013048233645694,0.0439471219786138
02152100,dPL-MLP,XAJ-Base,test,selected_restart,-6.0,12.266666666666667,-0.0150008577051225,0.0419483868665288
02152100,dPL-MLP,XAJ-TGD,test,selected_restart,-7.4,12.866666666666667,-0.02388445813879,0.0435545390016958
02152100,dPL-MLP,XAJ-CN,test,selected_restart,-2.466666666666667,11.4,-0.0094940809351665,0.0424175678081106
02177000,IC-CMA-ES,XAJ-Base,test,selected_restart,-6.6,8.333333333333334,-0.0277268676201389,0.028221855494411
02177000,IC-CMA-ES,XAJ-TGD,test,selected_restart,-6.0,7.733333333333333,-0.0248434144496804,0.0256494630704634
02177000,IC-CMA-ES,XAJ-CN,test,selected_restart,-5.4,7.4,-0.0227867422739551,0.0239464113932666
02177000,dPL-MLP,XAJ-Base,test,selected_restart,-7.333333333333333,8.533333333333333,-0.0283942141373838,0.0283942141373838
02177000,dPL-MLP,XAJ-TGD,test,selected_restart,-7.133333333333334,8.333333333333334,-0.0292387751976535,0.0292387751976535
02177000,dPL-MLP,XAJ-CN,test,selected_restart,-6.4,7.866666666666666,-0.0270710883776233,0.0270710883776233
02178400,IC-CMA-ES,XAJ-Base,test,selected_restart,-5.8,9.266666666666667,-0.0291554222013474,0.0322724834774918
02178400,IC-CMA-ES,XAJ-TGD,test,selected_restart,-4.066666666666666,8.333333333333334,-0.0252098867799759,0.0309512152298461
02178400,IC-CMA-ES,XAJ-CN,test,selected_restart,-5.8,8.2,-0.0271575887507121,0.0301882073973603
02178400,dPL-MLP,XAJ-Base,test,selected_restart,-4.666666666666667,7.333333333333333,-0.0232396711414973,0.0274591282700486
02178400,dPL-MLP,XAJ-TGD,test,selected_restart,-4.8,8.8,-0.0275130976742427,0.028709932105154
02178400,dPL-MLP,XAJ-CN,test,selected_restart,-3.2666666666666666,7.8,-0.020900972635142,0.0235545629956258
02193340,IC-CMA-ES,XAJ-Base,test,selected_restart,1.6,10.533333333333331,-0.0202983706800742,0.0606730944827884
02193340,IC-CMA-ES,XAJ-TGD,test,selected_restart,10.533333333333331,14.266666666666667,0.0071812262526548,0.0516124952632141
02193340,IC-CMA-ES,XAJ-CN,test,selected_restart,-0.8666666666666667,16.333333333333332,-0.0362433611957831,0.0573016213293562
02193340,dPL-MLP,XAJ-Base,test,selected_restart,4.2,4.2,0.0285814593624468,0.0501171392083867
02193340,dPL-MLP,XAJ-TGD,test,selected_restart,5.533333333333333,6.6,0.0219480301331873,0.0476508952062034
02193340,dPL-MLP,XAJ-CN,test,selected_restart,7.4,7.666666666666667,0.0277805795661008,0.0493698678295516
02196000,IC-CMA-ES,XAJ-Base,test,selected_restart,1.4666666666666666,23.6,-0.0638795139094012,0.0638795139094012
02196000,IC-CMA-ES,XAJ-TGD,test,selected_restart,0.1333333333333333,24.53333333333333,-0.0654747040768283,0.0654747040768283
02196000,IC-CMA-ES,XAJ-CN,test,selected_restart,-2.0,26.933333333333334,-0.0809104192207075,0.0809104192207075
02196000,dPL-MLP,XAJ-Base,test,selected_restart,-0.6,20.066666666666663,-0.0443432635764099,0.0443432635764099
02196000,dPL-MLP,XAJ-TGD,test,selected_restart,,,,
02196000,dPL-MLP,XAJ-CN,test,selected_restart,2.2666666666666666,19.466666666666665,-0.039441226094943,0.039441226094943
02198100,IC-CMA-ES,XAJ-Base,test,selected_restart,5.933333333333334,25.266666666666666,-0.0076957454194064,0.0623624385659727
02198100,IC-CMA-ES,XAJ-TGD,test,selected_restart,8.733333333333333,29.0,-0.0096810397912497,0.0525786833273646
02198100,IC-CMA-ES,XAJ-CN,test,selected_restart,12.466666666666669,30.33333333333333,-0.0139339471766785,0.0477002907168669
02198100,dPL-MLP,XAJ-Base,test,selected_restart,14.266666666666667,26.8,0.0158631712288225,0.0697926125808702
02198100,dPL-MLP,XAJ-TGD,test,selected_restart,15.466666666666669,27.33333333333333,0.0135401820233031,0.063363757419998
02198100,dPL-MLP,XAJ-CN,test,selected_restart,13.733333333333333,25.73333333333333,0.0209608415852551,0.0708865952376669
02202600,IC-CMA-ES,XAJ-Base,test,selected_restart,3.0,26.2,0.0263394952958038,0.0814505922991464
02202600,IC-CMA-ES,XAJ-TGD,test,selected_restart,-0.3333333333333333,24.73333333333333,0.010605583453696,0.081607935794243
02202600,IC-CMA-ES,XAJ-CN,test,selected_restart,8.4,30.133333333333333,0.0335307919626644,0.089665176868848
02202600,dPL-MLP,XAJ-Base,test,selected_restart,-4.0,23.33333333333333,0.0054665762827009,0.0755608455040484
02202600,dPL-MLP,XAJ-TGD,test,selected_restart,-3.0,24.466666666666665,-0.0065832696959166,0.0776892422070591
02202600,dPL-MLP,XAJ-CN,test,selected_restart,-1.9333333333333331,25.0,0.0070967399721553,0.0778870255448847
02212600,IC-CMA-ES,XAJ-Base,test,selected_restart,-3.1333333333333333,16.733333333333334,-0.0520826613803781,0.0682896077223189
02212600,IC-CMA-ES,XAJ-TGD,test,selected_restart,6.866666666666666,18.6,0.0085202891727211,0.0394475885667451
02212600,IC-CMA-ES,XAJ-CN,test,selected_restart,4.266666666666667,12.4,-0.007931362678615,0.0394457500050799
02212600,dPL-MLP,XAJ-Base,test,selected_restart,8.866666666666667,11.133333333333333,0.0571751995980662,0.0661310688859666
02212600,dPL-MLP,XAJ-TGD,test,selected_restart,3.2666666666666666,11.666666666666666,0.0387118770778102,0.045891405304959
02212600,dPL-MLP,XAJ-CN,test,selected_restart,8.466666666666667,11.4,0.0535995139777583,0.0633751060770397
02215100,IC-CMA-ES,XAJ-Base,test,selected_restart,5.4,9.8,-0.0030692110646341,0.0320099509423565
02215100,IC-CMA-ES,XAJ-TGD,test,selected_restart,7.133333333333334,10.066666666666666,0.0021090204329715,0.0429591119528807
02215100,IC-CMA-ES,XAJ-CN,test,selected_restart,4.466666666666667,7.666666666666667,0.0045870264183904,0.0327552065492667
02215100,dPL-MLP,XAJ-Base,test,selected_restart,5.866666666666666,8.133333333333333,0.0203530440540538,0.0426180444207272
02215100,dPL-MLP,XAJ-TGD,test,selected_restart,1.5333333333333334,6.2,-0.0045880635766758,0.0385467422480458
02215100,dPL-MLP,XAJ-CN,test,selected_restart,4.866666666666666,7.266666666666667,0.0110684613199458,0.0369218341555675
02216180,IC-CMA-ES,XAJ-Base,test,selected_restart,-6.2,13.533333333333331,0.022813294665521,0.0740691760951023
02216180,IC-CMA-ES,XAJ-TGD,test,selected_restart,-1.2,10.8,0.0209263884390449,0.0690346312379586
02216180,IC-CMA-ES,XAJ-CN,test,selected_restart,-4.066666666666666,9.266666666666667,0.0257164228325144,0.0719233301138626
02216180,dPL-MLP,XAJ-Base,test,selected_restart,-2.4,6.666666666666667,-0.0091869159673595,0.0662412809371392
02216180,dPL-MLP,XAJ-TGD,test,selected_restart,2.0,8.0,-0.0001024602984332,0.0701343309918483
02216180,dPL-MLP,XAJ-CN,test,selected_restart,-1.0,8.866666666666667,0.0076571597024854,0.0660688365664294
02221525,IC-CMA-ES,XAJ-Base,test,selected_restart,7.6,13.733333333333333,0.0045001896080198,0.0328987994892207
02221525,IC-CMA-ES,XAJ-TGD,test,selected_restart,4.2,8.6,-0.0132027435444968,0.0300705246607048
02221525,IC-CMA-ES,XAJ-CN,test,selected_restart,7.933333333333334,11.133333333333333,0.0044191302713575,0.0264061303483203
02221525,dPL-MLP,XAJ-Base,test,selected_restart,8.333333333333334,11.0,0.0013641955312909,0.0280466790883987
02221525,dPL-MLP,XAJ-TGD,test,selected_restart,5.2,9.333333333333334,-0.00111029228997,0.0217639165334145
02221525,dPL-MLP,XAJ-CN,test,selected_restart,7.2,10.666666666666666,-0.0037451851510184,0.0266470386102815
02231000,IC-CMA-ES,XAJ-Base,test,selected_restart,-5.666666666666667,12.2,0.0214142590017971,0.0435985918800705
02231000,IC-CMA-ES,XAJ-TGD,test,selected_restart,-10.933333333333334,17.2,-0.0009560876337829,0.0348076999318131
02231000,IC-CMA-ES,XAJ-CN,test,selected_restart,-4.333333333333333,11.8,0.0215440657488363,0.0441859069924228
02231000,dPL-MLP,XAJ-Base,test,selected_restart,8.066666666666666,24.73333333333333,0.021316122686054,0.0508359944018281
02231000,dPL-MLP,XAJ-TGD,test,selected_restart,8.133333333333333,24.933333333333334,0.0206587050608651,0.0497305337679675
02231000,dPL-MLP,XAJ-CN,test,selected_restart,6.466666666666667,24.73333333333333,0.0205853709828711,0.0545037812124918
02245500,IC-CMA-ES,XAJ-Base,test,selected_restart,5.533333333333333,14.333333333333334,0.0059655631321542,0.0538706572710693
02245500,IC-CMA-ES,XAJ-TGD,test,selected_restart,1.6666666666666667,19.133333333333333,-0.0009328564268476,0.0552952890211342
02245500,IC-CMA-ES,XAJ-CN,test,selected_restart,1.8666666666666667,17.333333333333332,0.0027019267020496,0.0533241270001535
02245500,dPL-MLP,XAJ-Base,test,selected_restart,0.5333333333333333,19.466666666666665,0.005597806447533,0.0553837224578656
02245500,dPL-MLP,XAJ-TGD,test,selected_restart,-0.2666666666666666,20.933333333333334,-0.0058797344825791,0.0572378098581232
02245500,dPL-MLP,XAJ-CN,test,selected_restart,-2.933333333333333,21.066666666666663,-0.0034461697203047,0.0576033427927889
02246000,IC-CMA-ES,XAJ-Base,test,selected_restart,14.2,20.6,0.0415495660897755,0.0558508328091972
02246000,IC-CMA-ES,XAJ-TGD,test,selected_restart,4.066666666666666,22.866666666666667,0.0123221752044225,0.0405701920891498
02246000,IC-CMA-ES,XAJ-CN,test,selected_restart,4.4,19.866666666666667,0.0202246702707473,0.0420512438887973
02246000,dPL-MLP,XAJ-Base,test,selected_restart,5.266666666666667,19.4,0.0252091613408589,0.0385546933803861
02246000,dPL-MLP,XAJ-TGD,test,selected_restart,5.133333333333334,20.33333333333333,0.0313638425863449,0.0446032714042966
02246000,dPL-MLP,XAJ-CN,test,selected_restart,5.0,20.466666666666665,0.022932317802972,0.0401268852732735
02296500,IC-CMA-ES,XAJ-Base,test,selected_restart,-18.466666666666665,25.0,0.0068204851304074,0.0690174506306007
02296500,IC-CMA-ES,XAJ-TGD,test,selected_restart,-19.266666666666666,25.8,-0.0071325504427571,0.0571838953903828
02296500,IC-CMA-ES,XAJ-CN,test,selected_restart,-10.4,17.066666666666666,0.0008507897560378,0.0608676895560338
02296500,dPL-MLP,XAJ-Base,test,selected_restart,-1.8,17.666666666666668,0.053734764094609,0.0802844937873486
02296500,dPL-MLP,XAJ-TGD,test,selected_restart,-6.466666666666667,11.666666666666666,0.0233972513531228,0.0618018359338236
02296500,dPL-MLP,XAJ-CN,test,selected_restart,-0.0666666666666666,18.2,0.0605848527306894,0.0834617470728034
02297155,IC-CMA-ES,XAJ-Base,test,selected_restart,34.86666666666667,41.66666666666666,0.0470856579393149,0.1056013493934273
02297155,IC-CMA-ES,XAJ-TGD,test,selected_restart,36.13333333333333,42.266666666666666,0.0288852815578382,0.103038409521083
02297155,IC-CMA-ES,XAJ-CN,test,selected_restart,30.933333333333334,43.73333333333333,0.0192435962210099,0.0982522705395022
02297155,dPL-MLP,XAJ-Base,test,selected_restart,30.6,44.2,0.059463452026248,0.1066706009941168
02297155,dPL-MLP,XAJ-TGD,test,selected_restart,30.53333333333333,44.66666666666666,0.0461755266785622,0.0992821579658326
02297155,dPL-MLP,XAJ-CN,test,selected_restart,28.666666666666668,43.06666666666667,0.0449128289769094,0.0999178423715965
02297310,IC-CMA-ES,XAJ-Base,test,selected_restart,3.6,25.066666666666663,0.0472124852034934,0.089306992986599
02297310,IC-CMA-ES,XAJ-TGD,test,selected_restart,9.0,20.6,0.077049643277475,0.1031311591916757
02297310,IC-CMA-ES,XAJ-CN,test,selected_restart,6.866666666666666,22.066666666666663,0.0470730339282242,0.0890236292767518
02297310,dPL-MLP,XAJ-Base,test,selected_restart,2.466666666666667,28.6,0.0183282109393167,0.0719058982548137
02297310,dPL-MLP,XAJ-TGD,test,selected_restart,-2.6,23.53333333333333,0.002495450257608,0.0794732654608309
02297310,dPL-MLP,XAJ-CN,test,selected_restart,-2.333333333333333,30.466666666666665,0.0128137310140816,0.070409951556523
02298123,IC-CMA-ES,XAJ-Base,test,selected_restart,18.73333333333333,24.33333333333333,-0.038771552448863,0.0664076005660103
02298123,IC-CMA-ES,XAJ-TGD,test,selected_restart,18.33333333333333,28.6,-0.0716912666761818,0.0904883393637941
02298123,IC-CMA-ES,XAJ-CN,test,selected_restart,18.6,24.6,-0.038100324179127,0.0657652288916316
02298123,dPL-MLP,XAJ-Base,test,selected_restart,15.266666666666667,19.133333333333333,-0.0235792752160571,0.0500571763529594
02298123,dPL-MLP,XAJ-TGD,test,selected_restart,19.066666666666663,24.666666666666668,-0.0714443206592343,0.08803051402098
02298123,dPL-MLP,XAJ-CN,test,selected_restart,16.8,21.066666666666663,-0.0388763627463522,0.0650376301024571
02298608,IC-CMA-ES,XAJ-Base,test,selected_restart,7.6,15.333333333333334,0.0509271222504274,0.0828080208410444
02298608,IC-CMA-ES,XAJ-TGD,test,selected_restart,8.466666666666667,15.133333333333333,0.0312025326641695,0.0775732600377848
02298608,IC-CMA-ES,XAJ-CN,test,selected_restart,6.4,15.333333333333334,0.0483471804015136,0.081763148934605
02298608,dPL-MLP,XAJ-Base,test,selected_restart,5.933333333333334,13.4,0.0243434884302115,0.0797196303179718
02298608,dPL-MLP,XAJ-TGD,test,selected_restart,7.333333333333333,14.933333333333334,0.0170801637721356,0.0763808785100014
02298608,dPL-MLP,XAJ-CN,test,selected_restart,6.333333333333333,13.933333333333334,0.0335884370557761,0.0771641825011231
02299950,IC-CMA-ES,XAJ-Base,test,selected_restart,5.333333333333333,12.0,-0.0058970582699422,0.0668863785066194
02299950,IC-CMA-ES,XAJ-TGD,test,selected_restart,6.866666666666666,14.333333333333334,-0.0347791917339607,0.0808874734459022
02299950,IC-CMA-ES,XAJ-CN,test,selected_restart,0.4666666666666667,11.933333333333334,0.0545878599369879,0.0788752155081912
02299950,dPL-MLP,XAJ-Base,test,selected_restart,1.2,8.933333333333334,0.0100324780031398,0.0666823444452168
02299950,dPL-MLP,XAJ-TGD,test,selected_restart,2.466666666666667,11.4,0.0002825141235546,0.0651649501247235
02299950,dPL-MLP,XAJ-CN,test,selected_restart,2.4,11.066666666666666,0.0165761366769031,0.0678533522126624
02300700,IC-CMA-ES,XAJ-Base,test,selected_restart,33.8,41.0,0.0683770881105497,0.08969615543974
02300700,IC-CMA-ES,XAJ-TGD,test,selected_restart,34.733333333333334,42.06666666666667,0.06108406966021,0.0849814870863165
02300700,IC-CMA-ES,XAJ-CN,test,selected_restart,30.6,42.2,0.1011704498041703,0.111827177795684
02300700,dPL-MLP,XAJ-Base,test,selected_restart,34.266666666666666,40.266666666666666,0.0201150361209148,0.0661022966469202
02300700,dPL-MLP,XAJ-TGD,test,selected_restart,16.6,30.466666666666665,0.0380343867847357,0.0623838609790998
02300700,dPL-MLP,XAJ-CN,test,selected_restart,25.0,37.66666666666666,0.0566657288381491,0.0736201971455875
02342933,IC-CMA-ES,XAJ-Base,test,selected_restart,-1.9333333333333331,15.933333333333334,0.0106624194407066,0.0638748564795189
02342933,IC-CMA-ES,XAJ-TGD,test,selected_restart,-0.4,16.8,-0.0037206882314283,0.0568677327430339
02342933,IC-CMA-ES,XAJ-CN,test,selected_restart,2.066666666666667,16.733333333333334,0.0223709395451944,0.0614983965302215
02342933,dPL-MLP,XAJ-Base,test,selected_restart,1.4,17.133333333333333,0.0108786529226701,0.0605161379750105
02342933,dPL-MLP,XAJ-TGD,test,selected_restart,-0.2666666666666666,16.933333333333334,0.0032510668956837,0.0592732862607173
02342933,dPL-MLP,XAJ-CN,test,selected_restart,2.333333333333333,17.266666666666666,0.0151060348673265,0.0603928547079893
02349900,IC-CMA-ES,XAJ-Base,test,selected_restart,-1.7333333333333334,9.333333333333334,-0.0237927369251855,0.0469484239485172
02349900,IC-CMA-ES,XAJ-TGD,test,selected_restart,-1.5333333333333334,9.666666666666666,-0.0186039360339451,0.0477861473626204
02349900,IC-CMA-ES,XAJ-CN,test,selected_restart,-1.4,9.533333333333331,-0.0068151520664501,0.0418027621073674
02349900,dPL-MLP,XAJ-Base,test,selected_restart,1.8666666666666667,6.266666666666667,-0.00776228179286,0.0503741326171548
02349900,dPL-MLP,XAJ-TGD,test,selected_restart,2.4,6.8,-0.0101158099348354,0.0484981866914423
02349900,dPL-MLP,XAJ-CN,test,selected_restart,2.4,6.533333333333333,-0.007973990537227,0.0490135026214909
02350900,IC-CMA-ES,XAJ-Base,test,selected_restart,10.466666666666669,12.866666666666667,0.0286673045388652,0.0351166381603233
02350900,IC-CMA-ES,XAJ-TGD,test,selected_restart,9.0,10.466666666666669,0.0245166735084646,0.0262803016225927
02350900,IC-CMA-ES,XAJ-CN,test,selected_restart,7.533333333333333,8.2,0.0251367515555812,0.0254984097022665
02350900,dPL-MLP,XAJ-Base,test,selected_restart,13.866666666666667,14.266666666666667,0.0303978697689169,0.0376011398870419
02350900,dPL-MLP,XAJ-TGD,test,selected_restart,11.933333333333334,12.2,0.0334416395656063,0.0334416395656063
02350900,dPL-MLP,XAJ-CN,test,selected_restart,13.8,14.2,0.0298182364535127,0.037766318265465
02361000,IC-CMA-ES,XAJ-Base,test,selected_restart,-4.2,9.8,-0.0171622371240205,0.027991068980943
02361000,IC-CMA-ES,XAJ-TGD,test,selected_restart,-2.2666666666666666,12.933333333333334,-0.0288181126677738,0.0387507887794155
02361000,IC-CMA-ES,XAJ-CN,test,selected_restart,-4.2,9.933333333333334,-0.0168617214325812,0.0277621603229154
02361000,dPL-MLP,XAJ-Base,test,selected_restart,4.4,7.866666666666666,0.0078022375142825,0.0274099081897153
02361000,dPL-MLP,XAJ-TGD,test,selected_restart,3.6,8.933333333333334,0.0124717230038099,0.0268199193354986
02361000,dPL-MLP,XAJ-CN,test,selected_restart,3.466666666666667,7.466666666666667,0.0067216331200056,0.0269832482083056
02363000,IC-CMA-ES,XAJ-Base,test,selected_restart,-1.0666666666666669,10.533333333333331,0.0242471724224711,0.0341694209493631
02363000,IC-CMA-ES,XAJ-TGD,test,selected_restart,-1.0,9.8,0.0228339005979523,0.0334017612837802
02363000,IC-CMA-ES,XAJ-CN,test,selected_restart,-2.466666666666667,10.066666666666666,0.0176175911697373,0.030177729447417
02363000,dPL-MLP,XAJ-Base,test,selected_restart,-0.8,10.666666666666666,0.0153582939975088,0.0366817420142329
02363000,dPL-MLP,XAJ-TGD,test,selected_restart,-1.1333333333333333,10.733333333333333,0.0143305018020297,0.036894301614904
02363000,dPL-MLP,XAJ-CN,test,selected_restart,-0.9333333333333332,10.666666666666666,0.015690191037717,0.0369767864959872
02369800,IC-CMA-ES,XAJ-Base,test,selected_restart,-8.266666666666667,10.933333333333334,-0.0200742975333858,0.035514749341102
02369800,IC-CMA-ES,XAJ-TGD,test,selected_restart,-8.2,11.0,-0.019908564335061,0.0355338461725826
02369800,IC-CMA-ES,XAJ-CN,test,selected_restart,-7.333333333333333,13.066666666666666,-0.0213346258262325,0.0370033756012783
02369800,dPL-MLP,XAJ-Base,test,selected_restart,0.8666666666666667,7.133333333333334,0.004767800325202,0.0273215900022838
02369800,dPL-MLP,XAJ-TGD,test,selected_restart,-3.333333333333333,7.2,-0.0044504215776452,0.0242455943167239
02369800,dPL-MLP,XAJ-CN,test,selected_restart,-2.0,7.333333333333333,0.0001351862689326,0.0262155880688681
02371500,IC-CMA-ES,XAJ-Base,test,selected_restart,-11.266666666666667,11.533333333333331,-0.0323270955567664,0.033390249692253
02371500,IC-CMA-ES,XAJ-TGD,test,selected_restart,-10.866666666666667,11.4,-0.0269121476893729,0.0292741895133872
02371500,IC-CMA-ES,XAJ-CN,test,selected_restart,-8.266666666666667,9.6,-0.030335722256214,0.0338795267651443
02371500,dPL-MLP,XAJ-Base,test,selected_restart,-3.1333333333333333,11.8,-0.0164799167598393,0.0244496885386307
02371500,dPL-MLP,XAJ-TGD,test,selected_restart,-2.8666666666666667,11.533333333333331,-0.0111390813077595,0.0234946002694803
02371500,dPL-MLP,XAJ-CN,test,selected_restart,-4.6,10.066666666666666,-0.0129694863046314,0.0245294461779631
02372250,IC-CMA-ES,XAJ-Base,test,selected_restart,-7.133333333333334,8.2,-0.0383263360732841,0.0434098033110827
02372250,IC-CMA-ES,XAJ-TGD,test,selected_restart,-10.266666666666667,10.4,-0.0280795441343434,0.0343885997317352
02372250,IC-CMA-ES,XAJ-CN,test,selected_restart,-8.533333333333333,10.0,-0.0329884411170132,0.0342642219224442
02372250,dPL-MLP,XAJ-Base,test,selected_restart,-4.0,10.666666666666666,-0.0163530197018432,0.0195863724048478
02372250,dPL-MLP,XAJ-TGD,test,selected_restart,-2.6,10.733333333333333,-0.011244728294417,0.0166503524080458
02372250,dPL-MLP,XAJ-CN,test,selected_restart,-5.133333333333334,8.6,-0.0141770374053764,0.0175709908500853
02374500,IC-CMA-ES,XAJ-Base,test,selected_restart,5.666666666666667,8.466666666666667,0.0173370898933973,0.0303268961436677
02374500,IC-CMA-ES,XAJ-TGD,test,selected_restart,5.733333333333333,8.8,0.0160020938686298,0.0299813936095167
02374500,IC-CMA-ES,XAJ-CN,test,selected_restart,6.266666666666667,8.8,0.0169565460256503,0.0296728066810473
02374500,dPL-MLP,XAJ-Base,test,selected_restart,8.2,9.533333333333331,0.0169989765854444,0.0305103857955989
02374500,dPL-MLP,XAJ-TGD,test,selected_restart,8.2,9.8,0.0161482514114942,0.0299186626714127
02374500,dPL-MLP,XAJ-CN,test,selected_restart,7.8,9.933333333333334,0.0140491804651187,0.0279384274921474
02381600,IC-CMA-ES,XAJ-Base,test,selected_restart,-3.333333333333333,13.466666666666669,-0.0524741645186873,0.0619851636072541
02381600,IC-CMA-ES,XAJ-TGD,test,selected_restart,-3.333333333333333,13.466666666666669,-0.0526793624490233,0.0622567849537278
02381600,IC-CMA-ES,XAJ-CN,test,selected_restart,-2.6,13.133333333333333,-0.0516446774730813,0.0617656267862066
02381600,dPL-MLP,XAJ-Base,test,selected_restart,-3.6,12.8,-0.0348018810679248,0.0477084844715377
02381600,dPL-MLP,XAJ-TGD,test,selected_restart,-5.933333333333334,13.133333333333333,-0.0526852871507139,0.0578814678673989
02381600,dPL-MLP,XAJ-CN,test,selected_restart,-1.3333333333333333,12.133333333333333,-0.0395012473592889,0.0484471999888665
02384540,IC-CMA-ES,XAJ-Base,test,selected_restart,-13.266666666666667,15.8,-0.0497459055574256,0.0615838548828002
02384540,IC-CMA-ES,XAJ-TGD,test,selected_restart,-12.066666666666666,15.0,-0.047860624054225,0.0602285341708696
02384540,IC-CMA-ES,XAJ-CN,test,selected_restart,-12.4,13.466666666666669,-0.0533559567323841,0.0670490410217481
02384540,dPL-MLP,XAJ-Base,test,selected_restart,-7.333333333333333,11.466666666666669,-0.028481012740882,0.0460979264268117
02384540,dPL-MLP,XAJ-TGD,test,selected_restart,-9.866666666666667,13.466666666666669,-0.038867602903795,0.0534782450684743
02384540,dPL-MLP,XAJ-CN,test,selected_restart,-7.266666666666667,11.533333333333331,-0.0283212494444368,0.0453460655118494
02395120,IC-CMA-ES,XAJ-Base,test,selected_restart,-1.0,9.4,-0.0139498794215354,0.0362865291945834
02395120,IC-CMA-ES,XAJ-TGD,test,selected_restart,-5.4,10.733333333333333,-0.0337005515036417,0.0450586722974113
02395120,IC-CMA-ES,XAJ-CN,test,selected_restart,-4.133333333333334,9.466666666666669,-0.0234786117213401,0.0407222374437388
02395120,dPL-MLP,XAJ-Base,test,selected_restart,-4.2,9.266666666666667,-0.0342632208404375,0.0435546856804819
02395120,dPL-MLP,XAJ-TGD,test,selected_restart,-3.1333333333333333,8.866666666666667,-0.030171808018032,0.0413346433278198
02395120,dPL-MLP,XAJ-CN,test,selected_restart,-3.933333333333333,8.2,-0.0347620113827221,0.0440166484995813
02415000,IC-CMA-ES,XAJ-Base,test,selected_restart,-5.6,6.533333333333333,-0.0449131962814898,0.0450762056712059
02415000,IC-CMA-ES,XAJ-TGD,test,selected_restart,-4.4,6.4,-0.0405081155060699,0.0405081155060699
02415000,IC-CMA-ES,XAJ-CN,test,selected_restart,-2.7333333333333334,6.466666666666667,-0.0344660572368871,0.035643459867316
02415000,dPL-MLP,XAJ-Base,test,selected_restart,-1.4,5.533333333333333,-0.0241526168742746,0.0314792581819009
02415000,dPL-MLP,XAJ-TGD,test,selected_restart,-0.8,5.466666666666667,-0.0204442493278752,0.0323237218699911
02415000,dPL-MLP,XAJ-CN,test,selected_restart,-1.4666666666666666,6.0,-0.0312791896024317,0.0313957885015781
02427250,IC-CMA-ES,XAJ-Base,test,selected_restart,-3.6666666666666665,5.666666666666667,-0.0142882809286447,0.0235218508439843
02427250,IC-CMA-ES,XAJ-TGD,test,selected_restart,-3.8,5.8,-0.0150913879518839,0.0236326578654432
02427250,IC-CMA-ES,XAJ-CN,test,selected_restart,-4.666666666666667,6.666666666666667,-0.0124115000411999,0.0227943754868771
02427250,dPL-MLP,XAJ-Base,test,selected_restart,-6.266666666666667,6.4,-0.0243295684700342,0.0261566701309619
02427250,dPL-MLP,XAJ-TGD,test,selected_restart,-8.0,8.133333333333333,-0.0293332805479697,0.0295371987423137
02427250,dPL-MLP,XAJ-CN,test,selected_restart,-4.066666666666666,5.133333333333334,-0.012741993888729,0.0209591809887504
02430085,IC-CMA-ES,XAJ-Base,test,selected_restart,-5.8,7.933333333333334,-0.02078506045016,0.0361400069929482
02430085,IC-CMA-ES,XAJ-TGD,test,selected_restart,-4.933333333333334,7.333333333333333,-0.0098294654734169,0.034489246235144
02430085,IC-CMA-ES,XAJ-CN,test,selected_restart,-10.066666666666666,10.866666666666667,-0.0297711848464842,0.0428691091418574
02430085,dPL-MLP,XAJ-Base,test,selected_restart,7.666666666666667,8.866666666666667,0.0155985177311067,0.0495150534483359
02430085,dPL-MLP,XAJ-TGD,test,selected_restart,4.866666666666666,6.733333333333333,0.0137553633007173,0.0444695083471701
02430085,dPL-MLP,XAJ-CN,test,selected_restart,7.4,8.2,0.0149125050259395,0.0477643170130814
02450250,IC-CMA-ES,XAJ-Base,test,selected_restart,-14.2,14.333333333333334,-0.0580108175996416,0.0626549507509824
02450250,IC-CMA-ES,XAJ-TGD,test,selected_restart,-11.466666666666669,12.0,-0.0438239279214017,0.0549581901759325
02450250,IC-CMA-ES,XAJ-CN,test,selected_restart,-12.333333333333334,12.6,-0.0440397141201767,0.0540505976606571
02450250,dPL-MLP,XAJ-Base,test,selected_restart,-11.066666666666666,11.333333333333334,-0.0451386012458277,0.0516231984211896
02450250,dPL-MLP,XAJ-TGD,test,selected_restart,-14.4,14.533333333333331,-0.0675948488536947,0.0696495813957012
02450250,dPL-MLP,XAJ-CN,test,selected_restart,-6.533333333333333,7.866666666666666,-0.0206355487628254,0.0385798278964845
02464000,IC-CMA-ES,XAJ-Base,test,selected_restart,-0.1333333333333333,6.266666666666667,-0.0016388831967826,0.0284659233980232
02464000,IC-CMA-ES,XAJ-TGD,test,selected_restart,0.2666666666666666,7.2,0.0018003445431872,0.0395503657353773
02464000,IC-CMA-ES,XAJ-CN,test,selected_restart,-0.8666666666666667,7.533333333333333,-0.0060835444365656,0.0394898035623715
02464000,dPL-MLP,XAJ-Base,test,selected_restart,0.0,7.2,-0.0016945747966285,0.0387589623149912
02464000,dPL-MLP,XAJ-TGD,test,selected_restart,0.0,7.333333333333333,-0.0010471074218268,0.0396962533013702
02464000,dPL-MLP,XAJ-CN,test,selected_restart,-0.3333333333333333,7.133333333333334,-0.0041786326403136,0.0398865138110201
02464360,IC-CMA-ES,XAJ-Base,test,selected_restart,4.466666666666667,8.466666666666667,0.0096041330633527,0.0455208869601611
02464360,IC-CMA-ES,XAJ-TGD,test,selected_restart,10.466666666666669,12.6,0.0378022590217954,0.0488084353022363
02464360,IC-CMA-ES,XAJ-CN,test,selected_restart,9.6,13.066666666666666,0.0289059553482101,0.0497860801727023
02464360,dPL-MLP,XAJ-Base,test,selected_restart,8.066666666666666,9.0,0.0233788707790738,0.0391936269303928
02464360,dPL-MLP,XAJ-TGD,test,selected_restart,5.8,7.933333333333334,0.0178323347308205,0.0381134099663069
02464360,dPL-MLP,XAJ-CN,test,selected_restart,7.733333333333333,8.933333333333334,0.0229840615330106,0.039419272234119
02465493,IC-CMA-ES,XAJ-Base,test,selected_restart,2.4,8.133333333333333,0.0080331253547416,0.0269683889038232
02465493,IC-CMA-ES,XAJ-TGD,test,selected_restart,0.4666666666666667,8.066666666666666,0.0055825111805345,0.0304322130459089
02465493,IC-CMA-ES,XAJ-CN,test,selected_restart,4.466666666666667,7.8,0.0103271501798377,0.0269946561906547
02465493,dPL-MLP,XAJ-Base,test,selected_restart,5.733333333333333,9.6,0.0124442932545091,0.0282966680019947
02465493,dPL-MLP,XAJ-TGD,test,selected_restart,1.6,8.0,0.0034984019934084,0.0261635475890329
02465493,dPL-MLP,XAJ-CN,test,selected_restart,0.6666666666666666,9.333333333333334,0.000612200055415,0.0279798002563823
02469800,IC-CMA-ES,XAJ-Base,test,selected_restart,-9.4,12.6,-0.0190485839940336,0.0418511107372853
02469800,IC-CMA-ES,XAJ-TGD,test,selected_restart,-7.333333333333333,11.866666666666667,-0.0091442848143206,0.0372172224109752
02469800,IC-CMA-ES,XAJ-CN,test,selected_restart,-7.2,12.133333333333333,-0.0201322396494176,0.0450763287728412
02469800,dPL-MLP,XAJ-Base,test,selected_restart,-4.6,11.933333333333334,-0.0033761774398114,0.0433482181850144
02469800,dPL-MLP,XAJ-TGD,test,selected_restart,-5.866666666666666,12.266666666666667,-0.0110899895327515,0.044100753723123
02469800,dPL-MLP,XAJ-CN,test,selected_restart,-5.133333333333334,12.066666666666666,-0.006675935774766,0.0429412645683073
02472000,IC-CMA-ES,XAJ-Base,test,selected_restart,-7.666666666666667,10.466666666666669,-0.0275449009052177,0.0339519964116942
02472000,IC-CMA-ES,XAJ-TGD,test,selected_restart,-7.133333333333334,9.8,-0.0284445157956342,0.0356585747458667
02472000,IC-CMA-ES,XAJ-CN,test,selected_restart,-6.866666666666666,11.266666666666667,-0.0233305599601328,0.0312267639723468
02472000,dPL-MLP,XAJ-Base,test,selected_restart,-3.6666666666666665,7.4,-0.0068826835663378,0.0240224413698002
02472000,dPL-MLP,XAJ-TGD,test,selected_restart,-6.4,7.866666666666666,-0.0260579383682469,0.0358581253807646
02472000,dPL-MLP,XAJ-CN,test,selected_restart,-2.333333333333333,7.133333333333334,-0.0007647356700162,0.0253773264711186
02472500,IC-CMA-ES,XAJ-Base,test,selected_restart,-2.533333333333333,3.8666666666666663,0.0135768324255213,0.0277385908399625
02472500,IC-CMA-ES,XAJ-TGD,test,selected_restart,-2.4,3.8666666666666663,0.0102043887097899,0.0234831373487259
02472500,IC-CMA-ES,XAJ-CN,test,selected_restart,-2.1333333333333333,3.733333333333333,0.0167820394157633,0.0303973835851512
02472500,dPL-MLP,XAJ-Base,test,selected_restart,-3.2666666666666666,4.2,-0.0005015502254898,0.0174240648343164
02472500,dPL-MLP,XAJ-TGD,test,selected_restart,-1.0,2.7333333333333334,0.012357257815129,0.0247589341944219
02472500,dPL-MLP,XAJ-CN,test,selected_restart,-4.266666666666667,4.666666666666667,-0.0029385606329376,0.0152027142150825
02479155,IC-CMA-ES,XAJ-Base,test,selected_restart,0.4,10.533333333333331,-0.0113028208414094,0.0347886680155825
02479155,IC-CMA-ES,XAJ-TGD,test,selected_restart,-4.4,7.333333333333333,-0.0125421514113124,0.0297294689326309
02479155,IC-CMA-ES,XAJ-CN,test,selected_restart,-4.4,8.4,-0.0107065935928996,0.0299312097935699
02479155,dPL-MLP,XAJ-Base,test,selected_restart,-2.2666666666666666,5.6,-0.004717011252977,0.028739848201319
02479155,dPL-MLP,XAJ-TGD,test,selected_restart,-1.4,5.8,-0.0026573717593527,0.0301626068789316
02479155,dPL-MLP,XAJ-CN,test,selected_restart,-2.533333333333333,5.733333333333333,-0.0047173728544887,0.0297085953194452
02479300,IC-CMA-ES,XAJ-Base,test,selected_restart,-2.8,8.133333333333333,-0.0031798560339436,0.0278933846767677
02479300,IC-CMA-ES,XAJ-TGD,test,selected_restart,-3.6666666666666665,8.2,-0.005482833476685,0.0274556993268953
02479300,IC-CMA-ES,XAJ-CN,test,selected_restart,-3.6,8.0,-0.0067149707593744,0.0284426365113192
02479300,dPL-MLP,XAJ-Base,test,selected_restart,-2.2,8.466666666666667,-0.0060158052959268,0.0246860525242757
02479300,dPL-MLP,XAJ-TGD,test,selected_restart,-2.466666666666667,8.333333333333334,-0.0069849112548654,0.0274165307579159
02479300,dPL-MLP,XAJ-CN,test,selected_restart,-3.466666666666667,8.133333333333333,-0.0080474047778273,0.028316033392918
02479560,IC-CMA-ES,XAJ-Base,test,selected_restart,-0.6,8.866666666666667,-0.0057328703068536,0.0381463784190674
02479560,IC-CMA-ES,XAJ-TGD,test,selected_restart,-2.2666666666666666,10.666666666666666,-0.0075139907064876,0.0401223344815432
02479560,IC-CMA-ES,XAJ-CN,test,selected_restart,-1.8,9.266666666666667,-0.0084821797473074,0.0384421123278796
02479560,dPL-MLP,XAJ-Base,test,selected_restart,-1.0,8.2,-0.0022827860775432,0.0347190314901097
02479560,dPL-MLP,XAJ-TGD,test,selected_restart,-0.8,8.933333333333334,4.039336613400798e-05,0.0368557046048534
02479560,dPL-MLP,XAJ-CN,test,selected_restart,-1.5333333333333334,9.133333333333333,-0.0027988336546065,0.0339571672859143
02481000,IC-CMA-ES,XAJ-Base,test,selected_restart,-10.8,15.6,-0.0135780411488153,0.047713061126107
02481000,IC-CMA-ES,XAJ-TGD,test,selected_restart,-8.2,14.466666666666669,-0.0144396913574475,0.0472849346486162
02481000,IC-CMA-ES,XAJ-CN,test,selected_restart,-9.2,16.8,-0.0183508805956779,0.0538981802518533
02481000,dPL-MLP,XAJ-Base,test,selected_restart,-5.666666666666667,12.6,-0.010456340762609,0.0438220870654093
02481000,dPL-MLP,XAJ-TGD,test,selected_restart,-5.533333333333333,13.0,-0.0122720343397397,0.0470155679540192
02481000,dPL-MLP,XAJ-CN,test,selected_restart,-6.666666666666667,13.066666666666666,-0.0143900302575367,0.046534959311918
02481510,IC-CMA-ES,XAJ-Base,test,selected_restart,-8.4,11.2,-0.0061506807617492,0.0357020516150353
02481510,IC-CMA-ES,XAJ-TGD,test,selected_restart,-7.266666666666667,12.866666666666667,-0.0034590323579457,0.0326366267629105
02481510,IC-CMA-ES,XAJ-CN,test,selected_restart,-6.466666666666667,12.466666666666669,-0.0019766360334701,0.0338841191955048
02481510,dPL-MLP,XAJ-Base,test,selected_restart,-0.5333333333333333,8.666666666666666,0.0051563119081509,0.0260978045239693
02481510,dPL-MLP,XAJ-TGD,test,selected_restart,-1.2666666666666666,8.2,0.0023088559694938,0.0287328930869346
02481510,dPL-MLP,XAJ-CN,test,selected_restart,-1.8666666666666667,8.933333333333334,0.0031739697046928,0.0291251750960594
04015330,IC-CMA-ES,XAJ-Base,test,selected_restart,18.2,35.13333333333333,-0.2178912799210076,0.223277881494912
04015330,IC-CMA-ES,XAJ-TGD,test,selected_restart,19.266666666666666,20.6,-0.1235979239792352,0.1244943192965769
04015330,IC-CMA-ES,XAJ-CN,test,selected_restart,14.733333333333333,16.066666666666666,-0.0483654440095748,0.0730506454203214
04015330,dPL-MLP,XAJ-Base,test,selected_restart,4.2,29.4,-0.2288090895266061,0.2316703932998106
04015330,dPL-MLP,XAJ-TGD,test,selected_restart,,,,
04015330,dPL-MLP,XAJ-CN,test,selected_restart,15.933333333333334,16.466666666666665,-0.0586044689665958,0.0728390250871317
04024430,IC-CMA-ES,XAJ-Base,test,selected_restart,1.2666666666666666,29.4,-0.1685969044357754,0.1696511190074464
04024430,IC-CMA-ES,XAJ-TGD,test,selected_restart,20.6,22.2,-0.058924536862991,0.078784387691896
04024430,IC-CMA-ES,XAJ-CN,test,selected_restart,19.6,19.6,-0.0275481472005663,0.0478793896306311
04024430,dPL-MLP,XAJ-Base,test,selected_restart,2.0,30.0,-0.1685368189801988,0.1687223157224834
04024430,dPL-MLP,XAJ-TGD,test,selected_restart,24.0,25.866666666666667,-0.0644461800247647,0.083226296544657
04024430,dPL-MLP,XAJ-CN,test,selected_restart,19.33333333333333,19.466666666666665,-0.0384230802049455,0.0547099286173103
04027000,IC-CMA-ES,XAJ-Base,test,selected_restart,-27.53333333333333,36.86666666666667,-0.2101493843695738,0.2149135125002357
04027000,IC-CMA-ES,XAJ-TGD,test,selected_restart,11.266666666666667,13.666666666666666,-0.015998352398596,0.0662013753364655
04027000,IC-CMA-ES,XAJ-CN,test,selected_restart,7.533333333333333,7.8,0.0182901115912975,0.0594258582851195
04027000,dPL-MLP,XAJ-Base,test,selected_restart,-16.2,27.933333333333334,-0.1830575047235904,0.1906163278652781
04027000,dPL-MLP,XAJ-TGD,test,selected_restart,5.333333333333333,12.4,-0.0432337113520719,0.0859348692669313
04027000,dPL-MLP,XAJ-CN,test,selected_restart,7.8,8.066666666666666,0.0008817763824047,0.0541633889402583
04040500,IC-CMA-ES,XAJ-Base,test,selected_restart,-27.933333333333334,34.333333333333336,-0.2662600221641255,0.2662600221641255
04040500,IC-CMA-ES,XAJ-TGD,test,selected_restart,4.4,6.933333333333334,-0.0136670134869607,0.053216192450161
04040500,IC-CMA-ES,XAJ-CN,test,selected_restart,11.2,11.2,0.0626729476047165,0.0626729476047165
04040500,dPL-MLP,XAJ-Base,test,selected_restart,-15.733333333333333,23.2,-0.2245291533477497,0.2291733066831756
04040500,dPL-MLP,XAJ-TGD,test,selected_restart,2.466666666666667,6.2,-0.0389335346626631,0.061453571755932
04040500,dPL-MLP,XAJ-CN,test,selected_restart,11.733333333333333,11.733333333333333,0.0670584358366934,0.0670584358366934
04043050,IC-CMA-ES,XAJ-Base,test,selected_restart,-5.0,20.066666666666663,-0.2249674260882184,0.2249674260882184
04043050,IC-CMA-ES,XAJ-TGD,test,selected_restart,-4.733333333333333,19.53333333333333,-0.068122567759717,0.0934468182655398
04043050,IC-CMA-ES,XAJ-CN,test,selected_restart,2.466666666666667,5.266666666666667,-0.0823367019760255,0.0829277493806177
04043050,dPL-MLP,XAJ-Base,test,selected_restart,-27.6,36.13333333333333,-0.24734547240214,0.24734547240214
04043050,dPL-MLP,XAJ-TGD,test,selected_restart,-5.266666666666667,20.066666666666663,-0.058692894405886,0.0847316814196332
04043050,dPL-MLP,XAJ-CN,test,selected_restart,0.0,8.4,-0.0946129322317883,0.0959196247906977
04045500,IC-CMA-ES,XAJ-Base,test,selected_restart,-47.93333333333333,47.93333333333333,-0.2120149750857202,0.2120149750857202
04045500,IC-CMA-ES,XAJ-TGD,test,selected_restart,3.533333333333333,5.933333333333334,0.0022894790422272,0.0258237934612565
04045500,IC-CMA-ES,XAJ-CN,test,selected_restart,9.4,9.4,0.0610881219954641,0.0646957052612421
04045500,dPL-MLP,XAJ-Base,test,selected_restart,-44.06666666666667,44.73333333333333,-0.1984158227193999,0.1984158227193999
04045500,dPL-MLP,XAJ-TGD,test,selected_restart,-3.2666666666666666,6.466666666666667,-0.0300420571713296,0.0387881622810859
04045500,dPL-MLP,XAJ-CN,test,selected_restart,8.4,8.666666666666666,0.0421077838193726,0.0521467903623239
04057510,IC-CMA-ES,XAJ-Base,test,selected_restart,-18.6,25.4,-0.137723146568954,0.137723146568954
04057510,IC-CMA-ES,XAJ-TGD,test,selected_restart,4.933333333333334,8.0,-0.0098264114968181,0.0425579563816464
04057510,IC-CMA-ES,XAJ-CN,test,selected_restart,10.266666666666667,10.4,0.0316860072898665,0.0553547959565989
04057510,dPL-MLP,XAJ-Base,test,selected_restart,-27.133333333333333,34.06666666666667,-0.1739736901633143,0.1739736901633143
04057510,dPL-MLP,XAJ-TGD,test,selected_restart,4.6,9.533333333333331,-0.0281552699121038,0.0499789780418153
04057510,dPL-MLP,XAJ-CN,test,selected_restart,12.133333333333333,12.133333333333333,0.0104157003847558,0.0439520319479483
04057800,IC-CMA-ES,XAJ-Base,test,selected_restart,-36.4,38.4,-0.2932270368631512,0.2932270368631512
04057800,IC-CMA-ES,XAJ-TGD,test,selected_restart,1.5333333333333334,6.2,-0.031621592312637,0.0490635137405218
04057800,IC-CMA-ES,XAJ-CN,test,selected_restart,9.6,9.6,0.0623919098878075,0.0703273253661992
04057800,dPL-MLP,XAJ-Base,test,selected_restart,-17.8,23.266666666666666,-0.2389470647469987,0.2389470647469987
04057800,dPL-MLP,XAJ-TGD,test,selected_restart,0.6,5.8,-0.0393962711787055,0.0565584878768743
04057800,dPL-MLP,XAJ-CN,test,selected_restart,11.266666666666667,11.266666666666667,0.0322533259097903,0.0408109538566094
04059500,IC-CMA-ES,XAJ-Base,test,selected_restart,-30.53333333333333,34.666666666666664,-0.2353667738483054,0.2353667738483054
04059500,IC-CMA-ES,XAJ-TGD,test,selected_restart,1.4666666666666666,8.8,-0.0512109202589296,0.0755786748979994
04059500,IC-CMA-ES,XAJ-CN,test,selected_restart,4.6,7.933333333333334,-0.0031607948189678,0.041287121022052
04059500,dPL-MLP,XAJ-Base,test,selected_restart,-24.866666666666667,31.53333333333333,-0.2285388174102408,0.2285388174102408
04059500,dPL-MLP,XAJ-TGD,test,selected_restart,0.1333333333333333,10.0,-0.0887766621952953,0.0923666549583945
04059500,dPL-MLP,XAJ-CN,test,selected_restart,10.333333333333334,10.733333333333333,0.0146241741929746,0.0383210309786662
04063700,IC-CMA-ES,XAJ-Base,test,selected_restart,1.4,18.73333333333333,-0.1195429170473756,0.1333439155187372
04063700,IC-CMA-ES,XAJ-TGD,test,selected_restart,11.333333333333334,15.066666666666666,-0.0239051644349438,0.0576646794761859
04063700,IC-CMA-ES,XAJ-CN,test,selected_restart,10.933333333333334,13.066666666666666,-0.0312570635819775,0.0422017478710575
04063700,dPL-MLP,XAJ-Base,test,selected_restart,-4.133333333333334,23.33333333333333,-0.1507810815517447,0.1610382302369837
04063700,dPL-MLP,XAJ-TGD,test,selected_restart,13.133333333333333,16.6,-0.0249310815676393,0.0507431993768258
04063700,dPL-MLP,XAJ-CN,test,selected_restart,7.6,10.8,-0.0651392265502952,0.0793260935710036
04074950,IC-CMA-ES,XAJ-Base,test,selected_restart,-0.4666666666666667,16.6,-0.0648691026291682,0.0668320625094695
04074950,IC-CMA-ES,XAJ-TGD,test,selected_restart,4.133333333333334,16.133333333333333,-0.0560659297229284,0.0605938351133717
04074950,IC-CMA-ES,XAJ-CN,test,selected_restart,9.733333333333333,11.466666666666669,-0.0165157147170538,0.0294312278189767
04074950,dPL-MLP,XAJ-Base,test,selected_restart,-1.6666666666666667,14.466666666666669,-0.0736845183294449,0.0739210694102568
04074950,dPL-MLP,XAJ-TGD,test,selected_restart,7.866666666666666,10.0,-0.0275248475791448,0.0318170591981705
04074950,dPL-MLP,XAJ-CN,test,selected_restart,5.733333333333333,7.2,-0.0266599047105942,0.0282149239028302
04105700,IC-CMA-ES,XAJ-Base,test,selected_restart,6.0,10.533333333333331,0.0063367739602628,0.024995415301251
04105700,IC-CMA-ES,XAJ-TGD,test,selected_restart,15.4,17.266666666666666,0.0320916508917712,0.0373150959623364
04105700,IC-CMA-ES,XAJ-CN,test,selected_restart,13.466666666666669,15.6,0.0256064211611651,0.0310598355712694
04105700,dPL-MLP,XAJ-Base,test,selected_restart,9.0,11.133333333333333,0.0143240208709938,0.0246705427976136
04105700,dPL-MLP,XAJ-TGD,test,selected_restart,9.333333333333334,11.466666666666669,0.0113866860950691,0.0241489565760525
04105700,dPL-MLP,XAJ-CN,test,selected_restart,14.333333333333334,15.533333333333331,0.0255365863725248,0.0302882713260454
04115265,IC-CMA-ES,XAJ-Base,test,selected_restart,8.933333333333334,16.133333333333333,0.0268633210331782,0.0475740038120523
04115265,IC-CMA-ES,XAJ-TGD,test,selected_restart,9.466666666666669,14.4,0.0065477275521144,0.0302718804422655
04115265,IC-CMA-ES,XAJ-CN,test,selected_restart,19.133333333333333,21.8,0.0645125074854081,0.072368067337465
04115265,dPL-MLP,XAJ-Base,test,selected_restart,11.4,15.266666666666667,0.020131469137528,0.0374390179258353
04115265,dPL-MLP,XAJ-TGD,test,selected_restart,13.466666666666669,17.066666666666666,0.0257127546936854,0.0393858326515751
04115265,dPL-MLP,XAJ-CN,test,selected_restart,15.066666666666666,16.666666666666668,0.0311176124881292,0.0414883290984312
04122200,IC-CMA-ES,XAJ-Base,test,selected_restart,7.266666666666667,12.733333333333333,0.0119252726403731,0.0259998021005837
04122200,IC-CMA-ES,XAJ-TGD,test,selected_restart,12.466666666666669,13.533333333333331,0.0268310412732619,0.0301098589170498
04122200,IC-CMA-ES,XAJ-CN,test,selected_restart,19.8,20.066666666666663,0.0593719487356999,0.0594795358243745
04122200,dPL-MLP,XAJ-Base,test,selected_restart,7.666666666666667,13.666666666666666,0.0175949111548919,0.0297149515305879
04122200,dPL-MLP,XAJ-TGD,test,selected_restart,12.066666666666666,14.2,0.0283151095080235,0.0320927981603664
04122200,dPL-MLP,XAJ-CN,test,selected_restart,17.466666666666665,18.4,0.0585457985567906,0.0585457985567906
04122500,IC-CMA-ES,XAJ-Base,test,selected_restart,9.6,14.933333333333334,0.0204247181300751,0.0315374665707912
04122500,IC-CMA-ES,XAJ-TGD,test,selected_restart,12.333333333333334,13.8,0.0311786656264893,0.0369559294225133
04122500,IC-CMA-ES,XAJ-CN,test,selected_restart,18.266666666666666,18.666666666666668,0.0457366530780426,0.0457366530780426
04122500,dPL-MLP,XAJ-Base,test,selected_restart,6.533333333333333,13.733333333333333,0.0122566148325236,0.0262451722378025
04122500,dPL-MLP,XAJ-TGD,test,selected_restart,13.133333333333333,14.466666666666669,0.0370316688899628,0.0412062211880512
04122500,dPL-MLP,XAJ-CN,test,selected_restart,16.0,16.933333333333334,0.040787655580484,0.0441605831521187
04127918,IC-CMA-ES,XAJ-Base,test,selected_restart,-44.46666666666667,44.73333333333333,-0.1812398400546807,0.1812398400546807
04127918,IC-CMA-ES,XAJ-TGD,test,selected_restart,-1.9333333333333331,5.8,-0.0113306677978931,0.0423692807977534
04127918,IC-CMA-ES,XAJ-CN,test,selected_restart,2.066666666666667,3.4,0.0233421954868536,0.0560848964829138
04127918,dPL-MLP,XAJ-Base,test,selected_restart,-37.2,38.8,-0.1556141472500262,0.1556141472500262
04127918,dPL-MLP,XAJ-TGD,test,selected_restart,-22.266666666666666,23.466666666666665,-0.1218628065428831,0.1218628065428831
04127918,dPL-MLP,XAJ-CN,test,selected_restart,6.2,6.6,0.0648943129537802,0.0710904592340241
04127997,IC-CMA-ES,XAJ-Base,test,selected_restart,-2.533333333333333,6.666666666666667,-0.0126735094936221,0.0204314107419664
04127997,IC-CMA-ES,XAJ-TGD,test,selected_restart,3.333333333333333,5.2,0.0028426464645535,0.0164367951458417
04127997,IC-CMA-ES,XAJ-CN,test,selected_restart,8.866666666666667,8.866666666666667,0.0130167480556637,0.0146712927664769
04127997,dPL-MLP,XAJ-Base,test,selected_restart,-2.8,7.466666666666667,-0.012159785007589,0.0195986501496937
04127997,dPL-MLP,XAJ-TGD,test,selected_restart,1.8,5.133333333333334,0.0002763307341407,0.0150012829847943
04127997,dPL-MLP,XAJ-CN,test,selected_restart,9.8,9.8,0.0213793134936164,0.0228443840080551
04161580,IC-CMA-ES,XAJ-Base,test,selected_restart,-1.0666666666666669,17.066666666666666,0.0092750547934933,0.0725396454585275
04161580,IC-CMA-ES,XAJ-TGD,test,selected_restart,10.866666666666667,20.2,0.0501465746372306,0.0781670376795496
04161580,IC-CMA-ES,XAJ-CN,test,selected_restart,7.866666666666666,16.4,0.0286959189781907,0.0610599507319258
04161580,dPL-MLP,XAJ-Base,test,selected_restart,-3.2666666666666666,17.533333333333335,0.011215175053414,0.0732671435610265
04161580,dPL-MLP,XAJ-TGD,test,selected_restart,5.8,21.4,0.0455520598699017,0.0876163413378279
04161580,dPL-MLP,XAJ-CN,test,selected_restart,17.2,21.466666666666665,0.0867868749905987,0.0985805597197593
04185000,IC-CMA-ES,XAJ-Base,test,selected_restart,-5.466666666666667,12.666666666666666,-0.0400820636357414,0.0400820636357414
04185000,IC-CMA-ES,XAJ-TGD,test,selected_restart,-3.1333333333333333,10.333333333333334,-0.0356306760117955,0.0378977956388938
04185000,IC-CMA-ES,XAJ-CN,test,selected_restart,3.466666666666667,9.2,-0.0128946640695678,0.036636481142486
04185000,dPL-MLP,XAJ-Base,test,selected_restart,-4.733333333333333,11.8,-0.0464759865011321,0.0465047447450989
04185000,dPL-MLP,XAJ-TGD,test,selected_restart,-6.6,13.533333333333331,-0.0524056368674384,0.0545423769521747
04185000,dPL-MLP,XAJ-CN,test,selected_restart,4.2,10.6,-0.0097335928286658,0.0389024231405418
04196800,IC-CMA-ES,XAJ-Base,test,selected_restart,-7.866666666666666,13.6,-0.0382935719345925,0.0471145086518537
04196800,IC-CMA-ES,XAJ-TGD,test,selected_restart,-15.0,19.133333333333333,-0.0654349671458123,0.0672221179472668
04196800,IC-CMA-ES,XAJ-CN,test,selected_restart,-2.4,10.8,-0.0257002414916871,0.0501568352294093
04196800,dPL-MLP,XAJ-Base,test,selected_restart,-10.133333333333333,14.533333333333331,-0.0491749203855711,0.0545017613127509
04196800,dPL-MLP,XAJ-TGD,test,selected_restart,-6.133333333333334,11.066666666666666,-0.0375111055031337,0.0501683494124232
04196800,dPL-MLP,XAJ-CN,test,selected_restart,-0.2666666666666666,10.266666666666667,-0.0168297471259949,0.048553518281628
04197100,IC-CMA-ES,XAJ-Base,test,selected_restart,-14.0,15.733333333333333,-0.0468677908566731,0.0593445489884743
04197100,IC-CMA-ES,XAJ-TGD,test,selected_restart,-9.666666666666666,14.066666666666666,-0.0437531692670919,0.0660334726832058
04197100,IC-CMA-ES,XAJ-CN,test,selected_restart,-7.533333333333333,16.2,-0.0280960306909817,0.0733556754613862
04197100,dPL-MLP,XAJ-Base,test,selected_restart,-10.066666666666666,13.0,-0.0334491834429043,0.0557654346744554
04197100,dPL-MLP,XAJ-TGD,test,selected_restart,-12.133333333333333,14.0,-0.034862827796453,0.0588720775867448
04197100,dPL-MLP,XAJ-CN,test,selected_restart,4.533333333333333,16.133333333333333,0.00737366424132,0.06119780441477
04197170,IC-CMA-ES,XAJ-Base,test,selected_restart,-20.666666666666668,23.6,-0.0639983398228129,0.0757160148306365
04197170,IC-CMA-ES,XAJ-TGD,test,selected_restart,-16.333333333333332,19.8,-0.0384151890883089,0.0666840209348674
04197170,IC-CMA-ES,XAJ-CN,test,selected_restart,-14.0,20.933333333333334,-0.037882957360073,0.0725744718098318
04197170,dPL-MLP,XAJ-Base,test,selected_restart,-14.866666666666667,19.666666666666668,-0.0335420576243838,0.0627830525098461
04197170,dPL-MLP,XAJ-TGD,test,selected_restart,-15.6,20.666666666666668,-0.0404367794602355,0.0706720360898649
04197170,dPL-MLP,XAJ-CN,test,selected_restart,-8.533333333333333,16.133333333333333,-0.0112778323401253,0.0656800364508852
04213000,IC-CMA-ES,XAJ-Base,test,selected_restart,-9.933333333333334,19.53333333333333,-0.0320094938167129,0.0437575526465856
04213000,IC-CMA-ES,XAJ-TGD,test,selected_restart,-4.466666666666667,15.133333333333333,-0.0254386395303601,0.0405843519226752
04213000,IC-CMA-ES,XAJ-CN,test,selected_restart,3.066666666666667,11.733333333333333,-0.0058338622339759,0.0358955721263701
04213000,dPL-MLP,XAJ-Base,test,selected_restart,-9.266666666666667,18.066666666666663,-0.0299621120182866,0.0419380255595885
04213000,dPL-MLP,XAJ-TGD,test,selected_restart,,,,
04213000,dPL-MLP,XAJ-CN,test,selected_restart,3.0,12.333333333333334,0.0037520825775271,0.039163990245309
04213075,IC-CMA-ES,XAJ-Base,test,selected_restart,0.8666666666666667,12.866666666666667,-0.0165501502064759,0.0633307454740043
04213075,IC-CMA-ES,XAJ-TGD,test,selected_restart,8.066666666666666,17.666666666666668,0.0178605102590823,0.06192910604215
04213075,IC-CMA-ES,XAJ-CN,test,selected_restart,15.466666666666669,21.466666666666665,0.0430832657309477,0.0653620636047884
04213075,dPL-MLP,XAJ-Base,test,selected_restart,-4.933333333333334,18.133333333333333,-0.0165971658535694,0.0613130655388351
04213075,dPL-MLP,XAJ-TGD,test,selected_restart,-1.7333333333333334,15.6,-0.0085833715307608,0.061568076560926
04213075,dPL-MLP,XAJ-CN,test,selected_restart,3.2,17.866666666666667,0.0093940201493208,0.0634390474856214
04216418,IC-CMA-ES,XAJ-Base,test,selected_restart,-16.533333333333335,17.2,-0.0575228719002557,0.0575228719002557
04216418,IC-CMA-ES,XAJ-TGD,test,selected_restart,-6.0,8.8,-0.0394010988957238,0.0431557749473343
04216418,IC-CMA-ES,XAJ-CN,test,selected_restart,7.333333333333333,10.533333333333331,0.0118230742130127,0.0193757066579738
04216418,dPL-MLP,XAJ-Base,test,selected_restart,-15.466666666666669,15.6,-0.0497671800937804,0.0511912747982432
04216418,dPL-MLP,XAJ-TGD,test,selected_restart,-11.933333333333334,12.733333333333333,-0.0523560363140257,0.0537391826275279
04216418,dPL-MLP,XAJ-CN,test,selected_restart,9.466666666666669,12.266666666666667,0.0370793632580287,0.0407045980769404
04221000,IC-CMA-ES,XAJ-Base,test,selected_restart,-15.866666666666667,17.066666666666666,-0.079296737427811,0.079296737427811
04221000,IC-CMA-ES,XAJ-TGD,test,selected_restart,-9.333333333333334,11.6,-0.0544884661985438,0.0544884661985438
04221000,IC-CMA-ES,XAJ-CN,test,selected_restart,5.0,10.733333333333333,0.0329997027761735,0.0523015871371116
04221000,dPL-MLP,XAJ-Base,test,selected_restart,-7.0,9.666666666666666,-0.0516269261790317,0.0596964438485641
04221000,dPL-MLP,XAJ-TGD,test,selected_restart,-14.733333333333333,15.266666666666667,-0.0708615427367887,0.0708615427367887
04221000,dPL-MLP,XAJ-CN,test,selected_restart,14.066666666666666,14.066666666666666,0.0521479621377585,0.0552167681019909
04224775,IC-CMA-ES,XAJ-Base,test,selected_restart,-10.2,17.4,-0.0582876564752288,0.0731248672984839
04224775,IC-CMA-ES,XAJ-TGD,test,selected_restart,-2.1333333333333333,11.6,-0.0398306003899601,0.0641708490368974
04224775,IC-CMA-ES,XAJ-CN,test,selected_restart,3.8,9.133333333333333,0.0092852799404434,0.0325094176596364
04224775,dPL-MLP,XAJ-Base,test,selected_restart,-6.133333333333334,14.533333333333331,-0.0450938236406671,0.0751417316116146
04224775,dPL-MLP,XAJ-TGD,test,selected_restart,-10.4,15.066666666666666,-0.0597236833663014,0.0766914531551557
04224775,dPL-MLP,XAJ-CN,test,selected_restart,4.866666666666666,10.466666666666669,0.0272888807762436,0.0477753647720952
04233000,IC-CMA-ES,XAJ-Base,test,selected_restart,-16.066666666666666,18.73333333333333,-0.0769257610703316,0.0772174217338476
04233000,IC-CMA-ES,XAJ-TGD,test,selected_restart,-5.266666666666667,12.866666666666667,-0.0332509592835909,0.0524796232339259
04233000,IC-CMA-ES,XAJ-CN,test,selected_restart,1.6,13.333333333333334,-0.0050326790079282,0.04314766179748
04233000,dPL-MLP,XAJ-Base,test,selected_restart,-16.466666666666665,18.466666666666665,-0.0734131798808581,0.0735556699867162
04233000,dPL-MLP,XAJ-TGD,test,selected_restart,-10.0,16.933333333333334,-0.048362249698719,0.0624106803054379
04233000,dPL-MLP,XAJ-CN,test,selected_restart,1.4,13.533333333333331,0.0079365535910122,0.0481076533717674
04256000,IC-CMA-ES,XAJ-Base,test,selected_restart,-34.2,34.2,-0.1394328006946654,0.1394328006946654
04256000,IC-CMA-ES,XAJ-TGD,test,selected_restart,8.933333333333334,9.6,0.0023976406610397,0.0346200789941013
04256000,IC-CMA-ES,XAJ-CN,test,selected_restart,11.733333333333333,11.733333333333333,0.0473529459194728,0.0605006112545432
04256000,dPL-MLP,XAJ-Base,test,selected_restart,-30.933333333333334,30.933333333333334,-0.1280649879419418,0.1280649879419418
04256000,dPL-MLP,XAJ-TGD,test,selected_restart,5.666666666666667,7.666666666666667,-0.0091062047922225,0.0327450261446496
04256000,dPL-MLP,XAJ-CN,test,selected_restart,13.733333333333333,13.733333333333333,0.0602230053302037,0.0696851950870299
03010655,IC-CMA-ES,XAJ-Base,test,selected_restart,-10.866666666666667,18.73333333333333,-0.0732925423490254,0.0761014365595271
03010655,IC-CMA-ES,XAJ-TGD,test,selected_restart,5.533333333333333,12.333333333333334,-0.0243817486869542,0.0342767513532145
03010655,IC-CMA-ES,XAJ-CN,test,selected_restart,10.466666666666669,14.333333333333334,0.0273471823824198,0.0508736610008904
03010655,dPL-MLP,XAJ-Base,test,selected_restart,-8.533333333333333,15.733333333333333,-0.0637049752977737,0.0680252845607289
03010655,dPL-MLP,XAJ-TGD,test,selected_restart,-2.4,11.733333333333333,-0.0461629359431314,0.052827360880498
03010655,dPL-MLP,XAJ-CN,test,selected_restart,18.133333333333333,20.4,0.0540896437061579,0.0624727407122457
03011800,IC-CMA-ES,XAJ-Base,test,selected_restart,-9.6,16.8,-0.0589618672339099,0.0656945613406331
03011800,IC-CMA-ES,XAJ-TGD,test,selected_restart,-3.4,16.066666666666666,-0.0374719688701607,0.0482941028970793
03011800,IC-CMA-ES,XAJ-CN,test,selected_restart,15.666666666666666,21.133333333333333,0.0402161390177431,0.0486455379898544
03011800,dPL-MLP,XAJ-Base,test,selected_restart,-3.4,15.8,-0.0389875401465075,0.0495864428578134
03011800,dPL-MLP,XAJ-TGD,test,selected_restart,-3.2,15.6,-0.0371061602640129,0.0484304316340204
03011800,dPL-MLP,XAJ-CN,test,selected_restart,17.733333333333334,23.2,0.0620756835333528,0.0653825958857223
03015500,IC-CMA-ES,XAJ-Base,test,selected_restart,-5.266666666666667,16.333333333333332,-0.0324849686933665,0.0376223796486513
03015500,IC-CMA-ES,XAJ-TGD,test,selected_restart,5.533333333333333,11.933333333333334,-0.0093622666511047,0.0211045339899742
03015500,IC-CMA-ES,XAJ-CN,test,selected_restart,16.2,16.866666666666667,0.0300868290749084,0.0377857722846062
03015500,dPL-MLP,XAJ-Base,test,selected_restart,-4.066666666666666,15.0,-0.0279270720395553,0.0343260967611925
03015500,dPL-MLP,XAJ-TGD,test,selected_restart,-1.0666666666666669,13.466666666666669,-0.0172339838656891,0.0267681845924608
03015500,dPL-MLP,XAJ-CN,test,selected_restart,18.066666666666663,18.6,0.0415005711800745,0.0459542024142932
03021350,IC-CMA-ES,XAJ-Base,test,selected_restart,-4.4,16.666666666666668,-0.0137463665743686,0.046999144529613
03021350,IC-CMA-ES,XAJ-TGD,test,selected_restart,5.733333333333333,12.8,0.0110308397074523,0.0367047402678106
03021350,IC-CMA-ES,XAJ-CN,test,selected_restart,21.133333333333333,22.2,0.0535612313210947,0.0553020255546575
03021350,dPL-MLP,XAJ-Base,test,selected_restart,0.8,16.266666666666666,-0.0010935745378352,0.0446757182233652
03021350,dPL-MLP,XAJ-TGD,test,selected_restart,7.466666666666667,13.733333333333333,0.0140951353569808,0.0390350702820394
03021350,dPL-MLP,XAJ-CN,test,selected_restart,23.666666666666668,24.73333333333333,0.0637254663566731,0.065899087375192
03026500,IC-CMA-ES,XAJ-Base,test,selected_restart,-9.6,12.533333333333331,-0.0597334885242182,0.0597334885242182
03026500,IC-CMA-ES,XAJ-TGD,test,selected_restart,-10.066666666666666,12.466666666666669,-0.056250255171716,0.056250255171716
03026500,IC-CMA-ES,XAJ-CN,test,selected_restart,14.533333333333331,15.066666666666666,0.0380407836394907,0.0540555712571737
03026500,dPL-MLP,XAJ-Base,test,selected_restart,-7.333333333333333,12.133333333333333,-0.0477616860114135,0.0477616860114135
03026500,dPL-MLP,XAJ-TGD,test,selected_restart,-5.666666666666667,10.733333333333333,-0.0404571546755829,0.0404571546755829
03026500,dPL-MLP,XAJ-CN,test,selected_restart,16.133333333333333,16.533333333333335,0.0573782082753778,0.0641609187950121
03028000,IC-CMA-ES,XAJ-Base,test,selected_restart,-5.4,10.733333333333333,-0.0379459884863561,0.044746306145873
03028000,IC-CMA-ES,XAJ-TGD,test,selected_restart,-4.466666666666667,10.066666666666666,-0.034976379782107,0.0416492252248079
03028000,IC-CMA-ES,XAJ-CN,test,selected_restart,16.333333333333332,16.333333333333332,0.0420332990982665,0.0551338978965912
03028000,dPL-MLP,XAJ-Base,test,selected_restart,-8.133333333333333,11.466666666666669,-0.0513523734710083,0.0525374590111406
03028000,dPL-MLP,XAJ-TGD,test,selected_restart,-6.533333333333333,10.133333333333333,-0.0429819173714981,0.045131457721455
03028000,dPL-MLP,XAJ-CN,test,selected_restart,14.266666666666667,14.533333333333331,0.0486473543344471,0.0615025945861969
03049000,IC-CMA-ES,XAJ-Base,test,selected_restart,-8.866666666666667,11.266666666666667,-0.0349373079393331,0.0413434674424243
03049000,IC-CMA-ES,XAJ-TGD,test,selected_restart,-9.066666666666666,11.466666666666669,-0.0389447258963212,0.0457190911056908
03049000,IC-CMA-ES,XAJ-CN,test,selected_restart,-3.733333333333333,6.933333333333334,-0.0275426017298325,0.0391965369465264
03049000,dPL-MLP,XAJ-Base,test,selected_restart,-5.0,9.266666666666667,-0.0197861817532802,0.0292256653390638
03049000,dPL-MLP,XAJ-TGD,test,selected_restart,-13.266666666666667,15.133333333333333,-0.0398778927379871,0.0453992666276041
03049000,dPL-MLP,XAJ-CN,test,selected_restart,-1.7333333333333334,5.333333333333333,-0.0157130725238745,0.030431785290651
03049800,IC-CMA-ES,XAJ-Base,test,selected_restart,-19.73333333333333,20.4,-0.0683060136919406,0.0743948199366534
03049800,IC-CMA-ES,XAJ-TGD,test,selected_restart,-16.0,17.6,-0.0544887654468603,0.0659275807031183
03049800,IC-CMA-ES,XAJ-CN,test,selected_restart,-10.133333333333333,14.266666666666667,-0.049382261682072,0.0572152746174953
03049800,dPL-MLP,XAJ-Base,test,selected_restart,1.9333333333333331,14.733333333333333,0.0026305712774209,0.0452653274199514
03049800,dPL-MLP,XAJ-TGD,test,selected_restart,-14.333333333333334,17.0,-0.0487295649931021,0.0663568704539982
03049800,dPL-MLP,XAJ-CN,test,selected_restart,-6.866666666666666,15.133333333333333,-0.0261923285807358,0.0549049989039334
03050000,IC-CMA-ES,XAJ-Base,test,selected_restart,-15.333333333333334,18.53333333333333,-0.0546704958180831,0.0546816519911402
03050000,IC-CMA-ES,XAJ-TGD,test,selected_restart,-15.466666666666669,18.8,-0.059811580707654,0.059811580707654
03050000,IC-CMA-ES,XAJ-CN,test,selected_restart,-7.2,11.6,-0.0487508525749292,0.0487508525749292
03050000,dPL-MLP,XAJ-Base,test,selected_restart,-18.133333333333333,19.73333333333333,-0.0644417534570144,0.0650051784530594
03050000,dPL-MLP,XAJ-TGD,test,selected_restart,-18.933333333333334,20.266666666666666,-0.0676862145761894,0.0676862145761894
03050000,dPL-MLP,XAJ-CN,test,selected_restart,-7.8,12.333333333333334,-0.0422167788247512,0.0433880595272433
03069500,IC-CMA-ES,XAJ-Base,test,selected_restart,-5.866666666666666,12.133333333333333,-0.0335486528115347,0.0354033407942203
03069500,IC-CMA-ES,XAJ-TGD,test,selected_restart,-1.4,11.133333333333333,-0.0236879375414923,0.0280691775726724
03069500,IC-CMA-ES,XAJ-CN,test,selected_restart,10.8,10.8,0.0087379786534234,0.0197928170366312
03069500,dPL-MLP,XAJ-Base,test,selected_restart,-1.1333333333333333,11.0,-0.0238755332268154,0.027681063915039
03069500,dPL-MLP,XAJ-TGD,test,selected_restart,-2.2,11.4,-0.0254383501248434,0.0310838086453526
03069500,dPL-MLP,XAJ-CN,test,selected_restart,12.2,12.2,0.0120951278173053,0.0217258838092776
03070500,IC-CMA-ES,XAJ-Base,test,selected_restart,-0.3333333333333333,11.4,-0.0207136972364033,0.0316119604217702
03070500,IC-CMA-ES,XAJ-TGD,test,selected_restart,0.2,11.4,-0.020780641199772,0.033275491982275
03070500,IC-CMA-ES,XAJ-CN,test,selected_restart,8.266666666666667,11.066666666666666,-0.000937438370411,0.0253276951570481
03070500,dPL-MLP,XAJ-Base,test,selected_restart,0.6,12.066666666666666,-0.0183759235954527,0.0304480843650991
03070500,dPL-MLP,XAJ-TGD,test,selected_restart,0.4666666666666667,10.2,-0.0219023747857654,0.0317840943630275
03070500,dPL-MLP,XAJ-CN,test,selected_restart,7.866666666666666,10.666666666666666,-0.003060937287037,0.0245981968461122
03076600,IC-CMA-ES,XAJ-Base,test,selected_restart,-5.8,16.333333333333332,-0.0434252127491193,0.0502728363451238
03076600,IC-CMA-ES,XAJ-TGD,test,selected_restart,0.0666666666666666,12.866666666666667,-0.0335246557476875,0.0474073082781707
03076600,IC-CMA-ES,XAJ-CN,test,selected_restart,5.8,8.333333333333334,-0.0240511421842135,0.0381236384960826
03076600,dPL-MLP,XAJ-Base,test,selected_restart,-5.066666666666666,15.2,-0.0418334965390719,0.048616206703273
03076600,dPL-MLP,XAJ-TGD,test,selected_restart,-1.1333333333333333,12.466666666666669,-0.0359865540745613,0.0484151354011769
03076600,dPL-MLP,XAJ-CN,test,selected_restart,6.866666666666666,8.866666666666667,-0.0142345840218422,0.035356830611258
03078000,IC-CMA-ES,XAJ-Base,test,selected_restart,-1.9333333333333331,16.466666666666665,-0.0312147028567256,0.0381764264916367
03078000,IC-CMA-ES,XAJ-TGD,test,selected_restart,3.2,14.533333333333331,-0.0205733405870061,0.0372315376164276
03078000,IC-CMA-ES,XAJ-CN,test,selected_restart,13.933333333333334,14.6,0.0149027062136072,0.0329085966700829
03078000,dPL-MLP,XAJ-Base,test,selected_restart,1.4,16.466666666666665,-0.0238863008540731,0.0318409640699968
03078000,dPL-MLP,XAJ-TGD,test,selected_restart,4.733333333333333,14.066666666666666,-0.016078076493925,0.0325926104348658
03078000,dPL-MLP,XAJ-CN,test,selected_restart,13.333333333333334,13.866666666666667,0.0117388241169987,0.027213714595091
03140000,IC-CMA-ES,XAJ-Base,test,selected_restart,-5.933333333333334,9.133333333333333,-0.0288225631131,0.0424375238539654
03140000,IC-CMA-ES,XAJ-TGD,test,selected_restart,-2.6,7.933333333333334,-0.0176994184864825,0.0426642449719512
03140000,IC-CMA-ES,XAJ-CN,test,selected_restart,-2.1333333333333333,7.066666666666666,-0.0175667102350063,0.0448387942010306
03140000,dPL-MLP,XAJ-Base,test,selected_restart,3.733333333333333,7.333333333333333,-0.0141319121135539,0.0442784238367553
03140000,dPL-MLP,XAJ-TGD,test,selected_restart,6.866666666666666,9.4,-0.0021486565682557,0.0453374692310169
03140000,dPL-MLP,XAJ-CN,test,selected_restart,7.333333333333333,9.066666666666666,0.0091075176782144,0.0451555836706633
03144000,IC-CMA-ES,XAJ-Base,test,selected_restart,-11.466666666666669,16.0,-0.0523972719015329,0.0544079756825728
03144000,IC-CMA-ES,XAJ-TGD,test,selected_restart,-7.666666666666667,13.933333333333334,-0.0401932645938445,0.0468179524980908
03144000,IC-CMA-ES,XAJ-CN,test,selected_restart,-7.266666666666667,13.133333333333333,-0.0430161380868801,0.0448828433394631
03144000,dPL-MLP,XAJ-Base,test,selected_restart,1.2,7.333333333333333,-0.0220736110311398,0.0383326228502319
03144000,dPL-MLP,XAJ-TGD,test,selected_restart,-8.333333333333334,13.533333333333331,-0.0406241421005774,0.0445040718757039
03144000,dPL-MLP,XAJ-CN,test,selected_restart,-2.7333333333333334,9.933333333333334,-0.0180875553788392,0.0357318825316828
03170000,IC-CMA-ES,XAJ-Base,test,selected_restart,4.733333333333333,12.333333333333334,-0.0095894202000885,0.0252213946161313
03170000,IC-CMA-ES,XAJ-TGD,test,selected_restart,3.2,11.866666666666667,-0.0167233183390884,0.025155802893642
03170000,IC-CMA-ES,XAJ-CN,test,selected_restart,10.533333333333331,13.6,0.0001087790323308,0.0182842437751543
03170000,dPL-MLP,XAJ-Base,test,selected_restart,1.1333333333333333,9.0,-0.022441699545283,0.0232142790588872
03170000,dPL-MLP,XAJ-TGD,test,selected_restart,0.0666666666666666,8.866666666666667,-0.0251194262908884,0.0257123461852571
03170000,dPL-MLP,XAJ-CN,test,selected_restart,6.533333333333333,9.2,-0.0150988165941823,0.0174389992451986
03173000,IC-CMA-ES,XAJ-Base,test,selected_restart,-2.466666666666667,19.4,-0.0343230172251551,0.0504254325536503
03173000,IC-CMA-ES,XAJ-TGD,test,selected_restart,0.7333333333333333,15.8,-0.0330953989679504,0.0465613411621164
03173000,IC-CMA-ES,XAJ-CN,test,selected_restart,8.266666666666667,14.8,-0.0111178223545242,0.0355294278767579
03173000,dPL-MLP,XAJ-Base,test,selected_restart,-3.6666666666666665,16.6,-0.0435022025560229,0.0479788977392594
03173000,dPL-MLP,XAJ-TGD,test,selected_restart,-4.733333333333333,17.8,-0.0450651709491897,0.0597575271085073
03173000,dPL-MLP,XAJ-CN,test,selected_restart,5.333333333333333,12.8,-0.0164659007643549,0.0321852831429473
03180500,IC-CMA-ES,XAJ-Base,test,selected_restart,-9.066666666666666,13.333333333333334,-0.0418487606670247,0.0461513688752095
03180500,IC-CMA-ES,XAJ-TGD,test,selected_restart,-8.933333333333334,12.666666666666666,-0.0444720922138082,0.0462579788555789
03180500,IC-CMA-ES,XAJ-CN,test,selected_restart,5.4,8.866666666666667,-0.0090148948853996,0.0224022496987915
03180500,dPL-MLP,XAJ-Base,test,selected_restart,-8.733333333333333,12.466666666666669,-0.0418473217115588,0.0462245620572138
03180500,dPL-MLP,XAJ-TGD,test,selected_restart,-5.533333333333333,11.533333333333331,-0.0341934619571553,0.0383287321119547
03180500,dPL-MLP,XAJ-CN,test,selected_restart,6.133333333333334,8.8,-0.0035934352105644,0.0239683283158464
03182500,IC-CMA-ES,XAJ-Base,test,selected_restart,-16.933333333333334,17.2,-0.0711008043757514,0.0711008043757514
03182500,IC-CMA-ES,XAJ-TGD,test,selected_restart,-16.933333333333334,17.066666666666666,-0.0755558914613164,0.0755558914613164
03182500,IC-CMA-ES,XAJ-CN,test,selected_restart,-4.266666666666667,7.333333333333333,-0.0429499285093383,0.0432606112818384
03182500,dPL-MLP,XAJ-Base,test,selected_restart,-12.2,14.466666666666669,-0.0574741693011359,0.0574741693011359
03182500,dPL-MLP,XAJ-TGD,test,selected_restart,-11.0,12.733333333333333,-0.0548258395663337,0.0548258395663337
03182500,dPL-MLP,XAJ-CN,test,selected_restart,2.6666666666666665,8.666666666666666,-0.0239501463047103,0.0285165910586315
03186500,IC-CMA-ES,XAJ-Base,test,selected_restart,6.266666666666667,13.333333333333334,-0.0098057720857802,0.0245777466145035
03186500,IC-CMA-ES,XAJ-TGD,test,selected_restart,8.6,13.0,-0.0036811385351363,0.0253262173090871
03186500,IC-CMA-ES,XAJ-CN,test,selected_restart,16.533333333333335,16.533333333333335,0.0192008327645119,0.0271430234527263
03186500,dPL-MLP,XAJ-Base,test,selected_restart,7.6,13.066666666666666,-0.0053251260318302,0.0228396751227609
03186500,dPL-MLP,XAJ-TGD,test,selected_restart,10.866666666666667,13.933333333333334,0.0026107928357577,0.0244434049817406
03186500,dPL-MLP,XAJ-CN,test,selected_restart,17.666666666666668,17.666666666666668,0.0244823755027906,0.0311170902076905
03237280,IC-CMA-ES,XAJ-Base,test,selected_restart,-3.6666666666666665,20.6,-0.0388676875304197,0.0728068593512337
03237280,IC-CMA-ES,XAJ-TGD,test,selected_restart,-9.266666666666667,18.066666666666663,-0.0462927702537194,0.0806148740556218
03237280,IC-CMA-ES,XAJ-CN,test,selected_restart,0.6666666666666666,21.866666666666667,-0.0251701398165042,0.0671415699428695
03237280,dPL-MLP,XAJ-Base,test,selected_restart,-0.6666666666666666,21.066666666666663,-0.0212689785630519,0.0636651394671576
03237280,dPL-MLP,XAJ-TGD,test,selected_restart,1.0,21.8,-0.0134881370734189,0.065389001658199
03237280,dPL-MLP,XAJ-CN,test,selected_restart,-6.866666666666666,17.933333333333334,-0.048944308705232,0.073767521320064
03237500,IC-CMA-ES,XAJ-Base,test,selected_restart,-3.4,8.733333333333333,-0.0148030209227327,0.0285013534037489
03237500,IC-CMA-ES,XAJ-TGD,test,selected_restart,-3.1333333333333333,9.0,-0.0152600752993349,0.0291124162483432
03237500,IC-CMA-ES,XAJ-CN,test,selected_restart,-2.333333333333333,10.6,-0.0185329161767089,0.0367995461229107
03237500,dPL-MLP,XAJ-Base,test,selected_restart,-6.533333333333333,9.6,-0.0235542101347371,0.034462473505372
03237500,dPL-MLP,XAJ-TGD,test,selected_restart,-3.2,8.933333333333334,-0.0184935930057291,0.0302418244724215
03237500,dPL-MLP,XAJ-CN,test,selected_restart,0.1333333333333333,9.333333333333334,-0.000359302529089,0.0323564068927053
03238500,IC-CMA-ES,XAJ-Base,test,selected_restart,-7.133333333333334,8.066666666666666,-0.0150436038860754,0.0316507404176651
03238500,IC-CMA-ES,XAJ-TGD,test,selected_restart,-7.133333333333334,7.933333333333334,-0.0151841670363224,0.0322183976698178
03238500,IC-CMA-ES,XAJ-CN,test,selected_restart,-6.6,9.266666666666667,-0.0228329489716963,0.0360550940998821
03238500,dPL-MLP,XAJ-Base,test,selected_restart,-6.8,7.6,-0.0140706122010029,0.0318305194505312
03238500,dPL-MLP,XAJ-TGD,test,selected_restart,-7.333333333333333,8.133333333333333,-0.0200815364806927,0.0343813265490788
03238500,dPL-MLP,XAJ-CN,test,selected_restart,-5.4,8.066666666666666,-0.0111868803788301,0.0323110724616307
03241500,IC-CMA-ES,XAJ-Base,test,selected_restart,0.8666666666666667,11.8,-0.039079492127284,0.0538479204927208
03241500,IC-CMA-ES,XAJ-TGD,test,selected_restart,-8.133333333333333,13.2,-0.0792388114684667,0.0802818146972469
03241500,IC-CMA-ES,XAJ-CN,test,selected_restart,0.7333333333333333,11.0,-0.0334230808768517,0.0496627869334877
03241500,dPL-MLP,XAJ-Base,test,selected_restart,-1.0666666666666669,12.666666666666666,-0.0434342084679848,0.0567312047833524
03241500,dPL-MLP,XAJ-TGD,test,selected_restart,-8.933333333333334,14.0,-0.0615516417576716,0.0690625713666189
03241500,dPL-MLP,XAJ-CN,test,selected_restart,2.2,11.666666666666666,-0.0287714921786235,0.0485146281249385
03280700,IC-CMA-ES,XAJ-Base,test,selected_restart,-16.6,17.666666666666668,-0.0886140591241743,0.0886140591241743
03280700,IC-CMA-ES,XAJ-TGD,test,selected_restart,-11.8,15.666666666666666,-0.0681820637323286,0.0754603868564837
03280700,IC-CMA-ES,XAJ-CN,test,selected_restart,-14.933333333333334,15.2,-0.0856333455778982,0.0856333455778982
03280700,dPL-MLP,XAJ-Base,test,selected_restart,-12.2,15.666666666666666,-0.0661873029011315,0.0773921177626524
03280700,dPL-MLP,XAJ-TGD,test,selected_restart,-13.066666666666666,16.4,-0.0753040881293839,0.0793059717457367
03280700,dPL-MLP,XAJ-CN,test,selected_restart,-15.333333333333334,15.733333333333333,-0.0868687149224506,0.0875668359777678
03281500,IC-CMA-ES,XAJ-Base,test,selected_restart,-0.4,10.266666666666667,-0.0392501777193726,0.0503474947409382
03281500,IC-CMA-ES,XAJ-TGD,test,selected_restart,-1.2,9.733333333333333,-0.0425231810194036,0.0510642460569597
03281500,IC-CMA-ES,XAJ-CN,test,selected_restart,-1.2666666666666666,9.8,-0.0413639526349089,0.047430240273133
03281500,dPL-MLP,XAJ-Base,test,selected_restart,-6.6,13.266666666666667,-0.0576343209328037,0.0576343209328037
03281500,dPL-MLP,XAJ-TGD,test,selected_restart,-6.133333333333334,12.8,-0.0574555998823823,0.0574555998823823
03281500,dPL-MLP,XAJ-CN,test,selected_restart,0.6666666666666666,9.2,-0.0320520491184573,0.0326874899669116
03285000,IC-CMA-ES,XAJ-Base,test,selected_restart,-3.1333333333333333,10.466666666666669,-0.0348946541370277,0.0446483469227021
03285000,IC-CMA-ES,XAJ-TGD,test,selected_restart,-3.1333333333333333,10.333333333333334,-0.034533621849748,0.0442526465871995
03285000,IC-CMA-ES,XAJ-CN,test,selected_restart,-3.0,9.533333333333331,-0.0361595620534147,0.0459940444541626
03285000,dPL-MLP,XAJ-Base,test,selected_restart,-2.2666666666666666,10.133333333333333,-0.022299007060262,0.0404626024769056
03285000,dPL-MLP,XAJ-TGD,test,selected_restart,-1.4666666666666666,10.133333333333333,-0.0219191108963216,0.0401448825207164
03285000,dPL-MLP,XAJ-CN,test,selected_restart,1.2666666666666666,10.733333333333333,-0.0114251350185598,0.0377277791767765
03291780,IC-CMA-ES,XAJ-Base,test,selected_restart,-3.8666666666666663,11.466666666666669,-0.0154182516715667,0.0327498709435927
03291780,IC-CMA-ES,XAJ-TGD,test,selected_restart,-12.4,17.333333333333332,-0.0489798787416757,0.0580051232552861
03291780,IC-CMA-ES,XAJ-CN,test,selected_restart,-7.933333333333334,14.866666666666667,-0.0207696411194147,0.0417953173244435
03291780,dPL-MLP,XAJ-Base,test,selected_restart,-9.466666666666669,19.2,-0.0213886199575405,0.0389544213736493
03291780,dPL-MLP,XAJ-TGD,test,selected_restart,-9.133333333333333,17.666666666666668,-0.0218095971327763,0.038618741746329
03291780,dPL-MLP,XAJ-CN,test,selected_restart,-4.4,15.066666666666666,-0.0084005850734056,0.0364137945727336
03338780,IC-CMA-ES,XAJ-Base,test,selected_restart,-0.3333333333333333,7.666666666666667,-0.0604296868395841,0.0606236520264221
03338780,IC-CMA-ES,XAJ-TGD,test,selected_restart,-2.1333333333333333,7.066666666666666,-0.0693676010123924,0.0693676010123924
03338780,IC-CMA-ES,XAJ-CN,test,selected_restart,2.466666666666667,7.933333333333334,-0.0477045322807665,0.050842927183079
03338780,dPL-MLP,XAJ-Base,test,selected_restart,1.0666666666666669,6.666666666666667,-0.0606594846002296,0.0620122038179311
03338780,dPL-MLP,XAJ-TGD,test,selected_restart,0.1333333333333333,7.333333333333333,-0.0622123897425369,0.0657119013720426
03338780,dPL-MLP,XAJ-CN,test,selected_restart,4.066666666666666,7.0,-0.0487646162859634,0.0510245897346016
03340800,IC-CMA-ES,XAJ-Base,test,selected_restart,-10.866666666666667,18.866666666666667,-0.0910304316138417,0.0930969610928219
03340800,IC-CMA-ES,XAJ-TGD,test,selected_restart,-6.533333333333333,14.4,-0.0680793015415659,0.0793765866182975
03340800,IC-CMA-ES,XAJ-CN,test,selected_restart,-1.6666666666666667,16.333333333333332,-0.0575902599349807,0.0749481691343319
03340800,dPL-MLP,XAJ-Base,test,selected_restart,-1.4666666666666666,12.4,-0.0543687664722592,0.069279006960266
03340800,dPL-MLP,XAJ-TGD,test,selected_restart,-3.2666666666666666,13.133333333333333,-0.0555800922965199,0.0705915494186413
03340800,dPL-MLP,XAJ-CN,test,selected_restart,0.5333333333333333,14.0,-0.0433350486810198,0.0612640310343396
03346000,IC-CMA-ES,XAJ-Base,test,selected_restart,-13.933333333333334,14.066666666666666,-0.0652743809345308,0.0659576297838911
03346000,IC-CMA-ES,XAJ-TGD,test,selected_restart,-8.866666666666667,23.133333333333333,-0.0962338390869839,0.0962338390869839
03346000,IC-CMA-ES,XAJ-CN,test,selected_restart,-11.733333333333333,11.866666666666667,-0.068058689228986,0.0687921359894061
03346000,dPL-MLP,XAJ-Base,test,selected_restart,-10.466666666666669,14.866666666666667,-0.0668657904290103,0.0681722137867833
03346000,dPL-MLP,XAJ-TGD,test,selected_restart,-12.266666666666667,15.333333333333334,-0.0737181447866502,0.0742457063038573
03346000,dPL-MLP,XAJ-CN,test,selected_restart,-8.866666666666667,13.133333333333333,-0.0728418767872396,0.0743912864267255
03364500,IC-CMA-ES,XAJ-Base,test,selected_restart,-5.533333333333333,8.333333333333334,-0.0502987594769549,0.0723698911746623
03364500,IC-CMA-ES,XAJ-TGD,test,selected_restart,-11.0,13.0,-0.0895704072084181,0.1001475470930312
03364500,IC-CMA-ES,XAJ-CN,test,selected_restart,-6.733333333333333,9.933333333333334,-0.0823171731199972,0.0977127644091819
03364500,dPL-MLP,XAJ-Base,test,selected_restart,-6.8,9.466666666666669,-0.0510420731073769,0.0713700172980906
03364500,dPL-MLP,XAJ-TGD,test,selected_restart,-7.533333333333333,10.2,-0.0519715757535052,0.0732028482040049
03364500,dPL-MLP,XAJ-CN,test,selected_restart,-1.0,9.133333333333333,-0.0372234474982969,0.0650271194855652
03366500,IC-CMA-ES,XAJ-Base,test,selected_restart,-10.2,13.4,-0.0503509958342773,0.0518214045748972
03366500,IC-CMA-ES,XAJ-TGD,test,selected_restart,-9.733333333333333,14.266666666666667,-0.0380206564819874,0.042857396028643
03366500,IC-CMA-ES,XAJ-CN,test,selected_restart,-9.266666666666667,12.6,-0.0431379387533726,0.0453596631549953
03366500,dPL-MLP,XAJ-Base,test,selected_restart,-5.266666666666667,13.533333333333331,-0.0226947009321115,0.0347084619087119
03366500,dPL-MLP,XAJ-TGD,test,selected_restart,-5.066666666666666,12.933333333333334,-0.0228976294155977,0.0327027008749792
03366500,dPL-MLP,XAJ-CN,test,selected_restart,-1.4,11.133333333333333,-0.013061544771598,0.030996133750144
03368000,IC-CMA-ES,XAJ-Base,test,selected_restart,-1.8666666666666667,14.933333333333334,-0.0188508890293635,0.0507527785237604
03368000,IC-CMA-ES,XAJ-TGD,test,selected_restart,-2.0,13.866666666666667,-0.0226708613060511,0.0521415727074915
03368000,IC-CMA-ES,XAJ-CN,test,selected_restart,0.6,10.066666666666666,-0.0227626549425321,0.0556196373438809
03368000,dPL-MLP,XAJ-Base,test,selected_restart,-5.133333333333334,12.466666666666669,-0.0267596699021853,0.0532044026746882
03368000,dPL-MLP,XAJ-TGD,test,selected_restart,-5.466666666666667,11.733333333333333,-0.0297464298429685,0.055615683743808
03368000,dPL-MLP,XAJ-CN,test,selected_restart,-0.4,10.666666666666666,-0.0186925746224917,0.0514388471219832
03384450,IC-CMA-ES,XAJ-Base,test,selected_restart,-8.2,9.8,-0.0345236884145409,0.0468245309744394
03384450,IC-CMA-ES,XAJ-TGD,test,selected_restart,-12.333333333333334,12.466666666666669,-0.0677215235023171,0.0686838124235458
03384450,IC-CMA-ES,XAJ-CN,test,selected_restart,-8.866666666666667,10.466666666666669,-0.0454707902261089,0.0549642877930518
03384450,dPL-MLP,XAJ-Base,test,selected_restart,-8.4,10.0,-0.0371517148205112,0.0473728066839527
03384450,dPL-MLP,XAJ-TGD,test,selected_restart,-8.066666666666666,9.666666666666666,-0.036428480504798,0.0468691600598302
03384450,dPL-MLP,XAJ-CN,test,selected_restart,-4.733333333333333,6.333333333333333,-0.0271453441767365,0.0399488750534552
03439000,IC-CMA-ES,XAJ-Base,test,selected_restart,1.0666666666666669,9.066666666666666,-0.024579566877158,0.0293611761766555
03439000,IC-CMA-ES,XAJ-TGD,test,selected_restart,0.6,8.2,-0.0225191932529921,0.027084703926035
03439000,IC-CMA-ES,XAJ-CN,test,selected_restart,2.2,8.466666666666667,-0.0157454800219054,0.0222429014326545
03439000,dPL-MLP,XAJ-Base,test,selected_restart,1.2,7.2,-0.0158369503031884,0.0200490685314436
03439000,dPL-MLP,XAJ-TGD,test,selected_restart,1.0666666666666669,7.466666666666667,-0.0165989489963367,0.0198424922669792
03439000,dPL-MLP,XAJ-CN,test,selected_restart,2.8666666666666667,8.333333333333334,-0.0131143164247984,0.0189781152113949
03455500,IC-CMA-ES,XAJ-Base,test,selected_restart,3.6,14.133333333333333,-0.0213043261123195,0.0350916637895806
03455500,IC-CMA-ES,XAJ-TGD,test,selected_restart,4.466666666666667,14.866666666666667,-0.0194602428428824,0.0348696037052376
03455500,IC-CMA-ES,XAJ-CN,test,selected_restart,9.266666666666667,15.133333333333333,-0.008924272512644,0.030724105950566
03455500,dPL-MLP,XAJ-Base,test,selected_restart,4.733333333333333,12.733333333333333,-0.0167899329019084,0.0305259668745899
03455500,dPL-MLP,XAJ-TGD,test,selected_restart,4.533333333333333,13.333333333333334,-0.0182566840005413,0.0324029767432117
03455500,dPL-MLP,XAJ-CN,test,selected_restart,8.733333333333333,13.933333333333334,-0.005947820201764,0.0277425614162007
03456500,IC-CMA-ES,XAJ-Base,test,selected_restart,1.5333333333333334,9.8,-0.0179207887105726,0.039095532278635
03456500,IC-CMA-ES,XAJ-TGD,test,selected_restart,3.2,10.266666666666667,-0.0114079501085065,0.0366069052422225
03456500,IC-CMA-ES,XAJ-CN,test,selected_restart,6.0,10.4,-0.0003868476403338,0.0348094257558071
03456500,dPL-MLP,XAJ-Base,test,selected_restart,0.8,9.066666666666666,-0.0138324127448184,0.0372988893393854
03456500,dPL-MLP,XAJ-TGD,test,selected_restart,1.0666666666666669,9.2,-0.013754634643851,0.0380687244154272
03456500,dPL-MLP,XAJ-CN,test,selected_restart,4.733333333333333,9.666666666666666,-7.009094216708922e-06,0.0352602431452491
03460000,IC-CMA-ES,XAJ-Base,test,selected_restart,4.333333333333333,13.8,-0.0033829260510379,0.0403789862064736
03460000,IC-CMA-ES,XAJ-TGD,test,selected_restart,5.0,13.533333333333331,-0.0010940262319817,0.0394864285059985
03460000,IC-CMA-ES,XAJ-CN,test,selected_restart,9.666666666666666,13.8,0.0166201751786297,0.0379564418463128
03460000,dPL-MLP,XAJ-Base,test,selected_restart,2.4,12.8,-0.010114202761866,0.0395552986928043
03460000,dPL-MLP,XAJ-TGD,test,selected_restart,2.4,12.266666666666667,-0.0101670532069776,0.0366653128532784
03460000,dPL-MLP,XAJ-CN,test,selected_restart,11.733333333333333,13.333333333333334,0.0215581587312446,0.0373748059752573
03463300,IC-CMA-ES,XAJ-Base,test,selected_restart,-4.733333333333333,12.466666666666669,-0.0198174490876063,0.0437462253037133
03463300,IC-CMA-ES,XAJ-TGD,test,selected_restart,-2.8,13.066666666666666,-0.0160170678642456,0.0427049947443642
03463300,IC-CMA-ES,XAJ-CN,test,selected_restart,3.066666666666667,15.866666666666667,-0.0015805914349421,0.0382653605255409
03463300,dPL-MLP,XAJ-Base,test,selected_restart,-4.533333333333333,11.6,-0.0075063411739533,0.0333850358823295
03463300,dPL-MLP,XAJ-TGD,test,selected_restart,-3.6666666666666665,11.533333333333331,-0.0105235610750382,0.0346926005450338
03463300,dPL-MLP,XAJ-CN,test,selected_restart,4.333333333333333,16.333333333333332,0.0002678469472065,0.0364971362637698
03471500,IC-CMA-ES,XAJ-Base,test,selected_restart,-5.333333333333333,12.533333333333331,-0.0575127765209741,0.0576229567522874
03471500,IC-CMA-ES,XAJ-TGD,test,selected_restart,-8.4,13.066666666666666,-0.0664908582638966,0.0664908582638966
03471500,IC-CMA-ES,XAJ-CN,test,selected_restart,-0.6666666666666666,12.0,-0.0445091818443206,0.0458579545413524
03471500,dPL-MLP,XAJ-Base,test,selected_restart,-8.4,13.066666666666666,-0.0666717633278437,0.0666717633278437
03471500,dPL-MLP,XAJ-TGD,test,selected_restart,-8.4,13.333333333333334,-0.0676014666429427,0.0676014666429427
03471500,dPL-MLP,XAJ-CN,test,selected_restart,-0.6666666666666666,12.133333333333333,-0.0474213932624725,0.0474213932624725
03473000,IC-CMA-ES,XAJ-Base,test,selected_restart,-1.0,14.6,-0.0481869647192866,0.0481885510909256
03473000,IC-CMA-ES,XAJ-TGD,test,selected_restart,0.5333333333333333,14.266666666666667,-0.0423927306421509,0.0427275506881572
03473000,IC-CMA-ES,XAJ-CN,test,selected_restart,1.8,14.066666666666666,-0.0351956952897619,0.0364072909383226
03473000,dPL-MLP,XAJ-Base,test,selected_restart,-2.466666666666667,14.333333333333334,-0.0534456987468313,0.0534456987468313
03473000,dPL-MLP,XAJ-TGD,test,selected_restart,-3.066666666666667,14.666666666666666,-0.0567190219251226,0.0567190219251226
03473000,dPL-MLP,XAJ-CN,test,selected_restart,3.2666666666666666,13.4,-0.0337058265296529,0.034801101727113
03479000,IC-CMA-ES,XAJ-Base,test,selected_restart,5.533333333333333,9.933333333333334,-0.0221884042392372,0.0277451812432534
03479000,IC-CMA-ES,XAJ-TGD,test,selected_restart,8.466666666666667,11.533333333333331,-0.0123187408218978,0.0234042114334956
03479000,IC-CMA-ES,XAJ-CN,test,selected_restart,11.066666666666666,13.066666666666666,-0.0053461189439097,0.0206378968961442
03479000,dPL-MLP,XAJ-Base,test,selected_restart,6.4,9.333333333333334,-0.0158785209427475,0.0238831223913055
03479000,dPL-MLP,XAJ-TGD,test,selected_restart,9.933333333333334,11.933333333333334,-0.002506964938859,0.0219585986259589
03479000,dPL-MLP,XAJ-CN,test,selected_restart,11.266666666666667,13.0,-0.0002285823593734,0.0219275535467276
03488000,IC-CMA-ES,XAJ-Base,test,selected_restart,-5.466666666666667,14.666666666666666,-0.0456898634545866,0.0499942162363393
03488000,IC-CMA-ES,XAJ-TGD,test,selected_restart,-2.4,13.2,-0.0325086767388248,0.0386893865666872
03488000,IC-CMA-ES,XAJ-CN,test,selected_restart,-2.8,13.066666666666666,-0.0369095370086892,0.0410834299725379
03488000,dPL-MLP,XAJ-Base,test,selected_restart,-4.466666666666667,11.666666666666666,-0.0415877178224786,0.0483534007001582
03488000,dPL-MLP,XAJ-TGD,test,selected_restart,-6.0,13.6,-0.0471232667478783,0.0504982360927923
03488000,dPL-MLP,XAJ-CN,test,selected_restart,2.1333333333333333,10.533333333333331,-0.0226427818251514,0.0316714373431688
03498500,IC-CMA-ES,XAJ-Base,test,selected_restart,-5.6,8.0,-0.0366598585630822,0.0381223024198915
03498500,IC-CMA-ES,XAJ-TGD,test,selected_restart,-5.266666666666667,7.8,-0.0353931088631717,0.0368985832998659
03498500,IC-CMA-ES,XAJ-CN,test,selected_restart,-1.2666666666666666,7.933333333333334,-0.0186975945418445,0.039098867197924
03498500,dPL-MLP,XAJ-Base,test,selected_restart,-6.8,8.533333333333333,-0.0468173125769066,0.0468173125769066
03498500,dPL-MLP,XAJ-TGD,test,selected_restart,-9.0,10.466666666666669,-0.0492743253097303,0.0496740024556225
03498500,dPL-MLP,XAJ-CN,test,selected_restart,2.2666666666666666,4.666666666666667,-0.0229684322461851,0.0299322657104014
03500000,IC-CMA-ES,XAJ-Base,test,selected_restart,-3.0,8.333333333333334,-0.0262712554286603,0.0262712554286603
03500000,IC-CMA-ES,XAJ-TGD,test,selected_restart,-3.0,8.466666666666667,-0.0256630059232994,0.0256630059232994
03500000,IC-CMA-ES,XAJ-CN,test,selected_restart,-2.466666666666667,7.666666666666667,-0.0219810134322131,0.0224021039787069
03500000,dPL-MLP,XAJ-Base,test,selected_restart,-6.0,8.666666666666666,-0.0306745942583366,0.0306745942583366
03500000,dPL-MLP,XAJ-TGD,test,selected_restart,-5.466666666666667,8.666666666666666,-0.0311957544238055,0.0311957544238055
03500000,dPL-MLP,XAJ-CN,test,selected_restart,-4.266666666666667,8.266666666666667,-0.029323879495331,0.0293535681946213
03500240,IC-CMA-ES,XAJ-Base,test,selected_restart,-1.8,6.733333333333333,-0.014236957849198,0.0209391341882533
03500240,IC-CMA-ES,XAJ-TGD,test,selected_restart,-4.333333333333333,8.066666666666666,-0.0232862532348766,0.0260320522781118
03500240,IC-CMA-ES,XAJ-CN,test,selected_restart,-1.0,5.666666666666667,-0.0160161545089219,0.0184835570905833
03500240,dPL-MLP,XAJ-Base,test,selected_restart,-8.4,9.866666666666667,-0.0379011641156012,0.0379011641156012
03500240,dPL-MLP,XAJ-TGD,test,selected_restart,-6.466666666666667,7.933333333333334,-0.0312188327522411,0.0312188327522411
03500240,dPL-MLP,XAJ-CN,test,selected_restart,-6.266666666666667,8.133333333333333,-0.0318091740420793,0.0318091740420793
03504000,IC-CMA-ES,XAJ-Base,test,selected_restart,-4.866666666666666,9.8,-0.0389320812097715,0.0389320812097715
03504000,IC-CMA-ES,XAJ-TGD,test,selected_restart,-2.6,8.6,-0.0304114402802315,0.0306790479962776
03504000,IC-CMA-ES,XAJ-CN,test,selected_restart,-0.4,7.466666666666667,-0.0252680005104866,0.0268180603739463
03504000,dPL-MLP,XAJ-Base,test,selected_restart,-4.333333333333333,8.333333333333334,-0.0327929210137851,0.0327929210137851
03504000,dPL-MLP,XAJ-TGD,test,selected_restart,-2.066666666666667,7.533333333333333,-0.0269139887364235,0.0269139887364235
03504000,dPL-MLP,XAJ-CN,test,selected_restart,-0.0666666666666666,6.466666666666667,-0.0213066162140694,0.0245408864509934
03574500,IC-CMA-ES,XAJ-Base,test,selected_restart,-10.066666666666666,10.733333333333333,-0.0531407189279678,0.0558344125372691
03574500,IC-CMA-ES,XAJ-TGD,test,selected_restart,-11.133333333333333,11.666666666666666,-0.059030240467179,0.0598961318157636
03574500,IC-CMA-ES,XAJ-CN,test,selected_restart,-9.4,10.066666666666666,-0.052019618641325,0.0543216342352353
03574500,dPL-MLP,XAJ-Base,test,selected_restart,-8.266666666666667,9.6,-0.0422867374529324,0.0444220924995862
03574500,dPL-MLP,XAJ-TGD,test,selected_restart,-6.666666666666667,8.533333333333333,-0.0351441956470293,0.0385494114435133
03574500,dPL-MLP,XAJ-CN,test,selected_restart,-4.933333333333334,7.6,-0.0290376590599499,0.0345287727525284
03592718,IC-CMA-ES,XAJ-Base,test,selected_restart,-10.933333333333334,12.266666666666667,-0.0567118702090848,0.0567816804210464
03592718,IC-CMA-ES,XAJ-TGD,test,selected_restart,-4.933333333333334,8.0,-0.0286336464441884,0.0415997592458168
03592718,IC-CMA-ES,XAJ-CN,test,selected_restart,-7.333333333333333,9.2,-0.0470011803266474,0.0502721012455145
03592718,dPL-MLP,XAJ-Base,test,selected_restart,1.6666666666666667,6.733333333333333,-0.0056523757931658,0.0406689889302709
03592718,dPL-MLP,XAJ-TGD,test,selected_restart,11.466666666666669,14.666666666666666,0.0152239285154075,0.0471384705908239
03592718,dPL-MLP,XAJ-CN,test,selected_restart,2.933333333333333,8.133333333333333,-0.0053405501203804,0.041184513426048
03604000,IC-CMA-ES,XAJ-Base,test,selected_restart,-13.4,16.066666666666666,-0.0421022220225654,0.0712840634357118
03604000,IC-CMA-ES,XAJ-TGD,test,selected_restart,-16.933333333333334,19.6,-0.0557470086983365,0.0880584913264894
03604000,IC-CMA-ES,XAJ-CN,test,selected_restart,-11.866666666666667,15.466666666666669,-0.0374725236268363,0.0671118585041347
03604000,dPL-MLP,XAJ-Base,test,selected_restart,-6.133333333333334,10.533333333333331,-0.0265565334530196,0.0475334644743542
03604000,dPL-MLP,XAJ-TGD,test,selected_restart,-3.6666666666666665,10.866666666666667,-0.0115442811222396,0.0494524548596456
03604000,dPL-MLP,XAJ-CN,test,selected_restart,-2.333333333333333,8.466666666666667,-0.021044356502247,0.0405690902870913
05291000,IC-CMA-ES,XAJ-Base,test,selected_restart,3.4,40.46666666666667,-0.0649894713466786,0.1779324723231146
05291000,IC-CMA-ES,XAJ-TGD,test,selected_restart,13.733333333333333,32.266666666666666,-0.0217575449849588,0.1479982706852108
05291000,IC-CMA-ES,XAJ-CN,test,selected_restart,13.666666666666666,25.8,-0.0057577003146631,0.1139148854163636
05291000,dPL-MLP,XAJ-Base,test,selected_restart,-8.933333333333334,40.4,-0.0976372663284761,0.1948414939589649
05291000,dPL-MLP,XAJ-TGD,test,selected_restart,-17.733333333333334,56.0,-0.0938301870331588,0.2114761534280926
05291000,dPL-MLP,XAJ-CN,test,selected_restart,16.266666666666666,26.933333333333334,0.0040899019335287,0.1244154166377357
05362000,IC-CMA-ES,XAJ-Base,test,selected_restart,-18.53333333333333,34.0,-0.2177902286038508,0.2177902286038508
05362000,IC-CMA-ES,XAJ-TGD,test,selected_restart,9.266666666666667,13.533333333333331,-0.0926551326896459,0.1113829741394809
05362000,IC-CMA-ES,XAJ-CN,test,selected_restart,8.466666666666667,8.866666666666667,-0.0515793487216741,0.0683574129344639
05362000,dPL-MLP,XAJ-Base,test,selected_restart,-13.133333333333333,28.466666666666665,-0.2004272028590948,0.2012518982270716
05362000,dPL-MLP,XAJ-TGD,test,selected_restart,8.466666666666667,11.533333333333331,-0.0976879005417934,0.107651431313782
05362000,dPL-MLP,XAJ-CN,test,selected_restart,8.2,8.866666666666667,-0.0645159010872951,0.0736544263281652
05393500,IC-CMA-ES,XAJ-Base,test,selected_restart,-21.666666666666668,35.53333333333333,-0.2117998885991877,0.2117998885991877
05393500,IC-CMA-ES,XAJ-TGD,test,selected_restart,3.533333333333333,7.666666666666667,-0.0974238244575963,0.1101708485510468
05393500,IC-CMA-ES,XAJ-CN,test,selected_restart,8.2,8.333333333333334,-0.0213305282476252,0.0481077317353937
05393500,dPL-MLP,XAJ-Base,test,selected_restart,-14.933333333333334,26.53333333333333,-0.1966661997519638,0.1980853245381286
05393500,dPL-MLP,XAJ-TGD,test,selected_restart,5.733333333333333,8.533333333333333,-0.0885178752623702,0.1008220418251409
05393500,dPL-MLP,XAJ-CN,test,selected_restart,7.0,7.533333333333333,-0.0394516754033869,0.0572733565128697
05399500,IC-CMA-ES,XAJ-Base,test,selected_restart,-9.8,25.666666666666668,-0.1176326004664609,0.1542054340067571
05399500,IC-CMA-ES,XAJ-TGD,test,selected_restart,-9.333333333333334,25.066666666666663,-0.1121536978086341,0.1495667343162562
05399500,IC-CMA-ES,XAJ-CN,test,selected_restart,7.533333333333333,7.666666666666667,-0.0369027890762199,0.0536552595115551
05399500,dPL-MLP,XAJ-Base,test,selected_restart,-11.133333333333333,26.066666666666663,-0.1366052228212862,0.1569245849870708
05399500,dPL-MLP,XAJ-TGD,test,selected_restart,4.6,9.133333333333333,-0.069079356193593,0.0945208094420041
05399500,dPL-MLP,XAJ-CN,test,selected_restart,8.666666666666666,8.666666666666666,-0.0157796361049522,0.055558848886473
05408000,IC-CMA-ES,XAJ-Base,test,selected_restart,11.733333333333333,15.733333333333333,0.0003182231018978,0.0317478229960879
05408000,IC-CMA-ES,XAJ-TGD,test,selected_restart,11.533333333333331,16.466666666666665,0.0071180908511119,0.0338522922045416
05408000,IC-CMA-ES,XAJ-CN,test,selected_restart,13.4,17.133333333333333,0.0238996881872453,0.0322926842108838
05408000,dPL-MLP,XAJ-Base,test,selected_restart,12.333333333333334,16.733333333333334,0.005984289311373,0.0341204448948925
05408000,dPL-MLP,XAJ-TGD,test,selected_restart,10.466666666666669,15.8,0.0010415185123719,0.0327570889120577
05408000,dPL-MLP,XAJ-CN,test,selected_restart,10.6,14.066666666666666,-0.0010883412132622,0.0257820000609835
05413500,IC-CMA-ES,XAJ-Base,test,selected_restart,14.2,15.266666666666667,0.0234350959486606,0.0320391548060805
05413500,IC-CMA-ES,XAJ-TGD,test,selected_restart,19.6,20.53333333333333,0.0484788219160678,0.0517453680047992
05413500,IC-CMA-ES,XAJ-CN,test,selected_restart,16.466666666666665,17.933333333333334,0.0200354913897158,0.0326461302666823
05413500,dPL-MLP,XAJ-Base,test,selected_restart,11.266666666666667,14.466666666666669,0.0108900705999972,0.0293826213871164
05413500,dPL-MLP,XAJ-TGD,test,selected_restart,13.533333333333331,15.533333333333331,0.0238493323352776,0.036261230551768
05413500,dPL-MLP,XAJ-CN,test,selected_restart,9.8,13.666666666666666,-5.562305183785347e-05,0.0298784802002436
05414000,IC-CMA-ES,XAJ-Base,test,selected_restart,19.33333333333333,24.133333333333333,0.0283663920050654,0.0524784158210838
05414000,IC-CMA-ES,XAJ-TGD,test,selected_restart,18.866666666666667,23.53333333333333,0.0442902119443608,0.0681199897113962
05414000,IC-CMA-ES,XAJ-CN,test,selected_restart,16.066666666666666,20.73333333333333,0.0441074482089075,0.0668901907967791
05414000,dPL-MLP,XAJ-Base,test,selected_restart,13.333333333333334,18.666666666666668,-0.0013381946597702,0.0387526561067819
05414000,dPL-MLP,XAJ-TGD,test,selected_restart,15.8,19.666666666666668,0.0165217470611923,0.0476518392004798
05414000,dPL-MLP,XAJ-CN,test,selected_restart,14.266666666666667,18.4,-0.0009269702945358,0.0436622429189228
05444000,IC-CMA-ES,XAJ-Base,test,selected_restart,2.8666666666666667,10.066666666666666,0.0277232046908524,0.05098111370925
05444000,IC-CMA-ES,XAJ-TGD,test,selected_restart,1.6,10.533333333333331,0.0245577202227102,0.0476838094442804
05444000,IC-CMA-ES,XAJ-CN,test,selected_restart,9.066666666666666,11.466666666666669,0.0546153163896388,0.0620221835770523
05444000,dPL-MLP,XAJ-Base,test,selected_restart,4.933333333333334,10.8,0.0050166294958578,0.0310768789233938
05444000,dPL-MLP,XAJ-TGD,test,selected_restart,3.2666666666666666,12.333333333333334,0.0179248418397095,0.042242625411598
05444000,dPL-MLP,XAJ-CN,test,selected_restart,9.4,12.466666666666669,0.011215573150554,0.0371689237965722
05454000,IC-CMA-ES,XAJ-Base,test,selected_restart,-4.133333333333334,28.266666666666666,-0.1515599901536749,0.1522449849276344
05454000,IC-CMA-ES,XAJ-TGD,test,selected_restart,7.066666666666666,15.733333333333333,-0.0857659831702358,0.0984341064042078
05454000,IC-CMA-ES,XAJ-CN,test,selected_restart,2.2,18.6,-0.1436538115203029,0.1436538115203029
05454000,dPL-MLP,XAJ-Base,test,selected_restart,-0.1333333333333333,20.133333333333333,-0.0849517340520666,0.0892177157693243
05454000,dPL-MLP,XAJ-TGD,test,selected_restart,3.733333333333333,18.4,-0.084602677331333,0.0952349834733343
05454000,dPL-MLP,XAJ-CN,test,selected_restart,9.066666666666666,16.133333333333333,-0.0636437242289033,0.0752235606570455
05458000,IC-CMA-ES,XAJ-Base,test,selected_restart,14.933333333333334,24.933333333333334,-0.0463677536188564,0.0607061230344663
05458000,IC-CMA-ES,XAJ-TGD,test,selected_restart,18.4,27.466666666666665,-0.040084176335633,0.0608573428171868
05458000,IC-CMA-ES,XAJ-CN,test,selected_restart,21.266666666666666,26.866666666666667,0.0142915913721916,0.0473784200268582
05458000,dPL-MLP,XAJ-Base,test,selected_restart,14.333333333333334,22.6,-0.0544327826041978,0.0637017970323499
05458000,dPL-MLP,XAJ-TGD,test,selected_restart,11.8,23.8,-0.0379784654318295,0.0565871047383019
05458000,dPL-MLP,XAJ-CN,test,selected_restart,21.466666666666665,24.933333333333334,-0.0010377616424364,0.0375202013689129
05466500,IC-CMA-ES,XAJ-Base,test,selected_restart,6.066666666666666,14.466666666666669,-0.0562700757757414,0.07251633256105
05466500,IC-CMA-ES,XAJ-TGD,test,selected_restart,7.133333333333334,14.733333333333333,-0.0485016494369098,0.0651033316298424
05466500,IC-CMA-ES,XAJ-CN,test,selected_restart,10.466666666666669,14.066666666666666,-0.0190506477530389,0.0517756591420851
05466500,dPL-MLP,XAJ-Base,test,selected_restart,6.066666666666666,14.333333333333334,-0.0567260711764881,0.0730168883942308
05466500,dPL-MLP,XAJ-TGD,test,selected_restart,7.133333333333334,14.733333333333333,-0.0509119629239628,0.0707335328005494
05466500,dPL-MLP,XAJ-CN,test,selected_restart,10.933333333333334,12.8,-0.0339820463831811,0.0599567447050004
05487980,IC-CMA-ES,XAJ-Base,test,selected_restart,9.4,11.266666666666667,-0.059295015281386,0.0701495724302872
05487980,IC-CMA-ES,XAJ-TGD,test,selected_restart,9.533333333333331,11.266666666666667,-0.0500358370402921,0.0644703425242303
05487980,IC-CMA-ES,XAJ-CN,test,selected_restart,9.266666666666667,11.533333333333331,-0.0397404221156705,0.0664208289866897
05487980,dPL-MLP,XAJ-Base,test,selected_restart,9.6,11.866666666666667,-0.0675222443997332,0.0772514894779469
05487980,dPL-MLP,XAJ-TGD,test,selected_restart,10.133333333333333,11.6,-0.0620003131488431,0.0785822448128261
05487980,dPL-MLP,XAJ-CN,test,selected_restart,10.733333333333333,12.733333333333333,-0.0345587876895535,0.0761769632075404
05488200,IC-CMA-ES,XAJ-Base,test,selected_restart,9.6,20.4,-0.0693124447319752,0.1061564283560284
05488200,IC-CMA-ES,XAJ-TGD,test,selected_restart,5.933333333333334,14.066666666666666,-0.09475890636979,0.1388469503564848
05488200,IC-CMA-ES,XAJ-CN,test,selected_restart,12.666666666666666,21.73333333333333,-0.0479153984838571,0.0977533455911345
05488200,dPL-MLP,XAJ-Base,test,selected_restart,15.533333333333331,22.33333333333333,-0.0651030564361658,0.1292296256863289
05488200,dPL-MLP,XAJ-TGD,test,selected_restart,15.2,22.4,-0.0627204978519525,0.1266138142588947
05488200,dPL-MLP,XAJ-CN,test,selected_restart,16.2,23.0,-0.030839461490894,0.1141862100584375
05489000,IC-CMA-ES,XAJ-Base,test,selected_restart,-2.933333333333333,18.266666666666666,-0.1154515999784326,0.1206341134674304
05489000,IC-CMA-ES,XAJ-TGD,test,selected_restart,13.933333333333334,14.066666666666666,-0.0776300239791727,0.1027247262349586
05489000,IC-CMA-ES,XAJ-CN,test,selected_restart,13.6,17.066666666666666,-0.0488733776639159,0.1005292993355681
05489000,dPL-MLP,XAJ-Base,test,selected_restart,8.133333333333333,20.0,-0.0855203815529998,0.1079190105375762
05489000,dPL-MLP,XAJ-TGD,test,selected_restart,10.866666666666667,19.0,-0.073883705162034,0.1000614673075194
05489000,dPL-MLP,XAJ-CN,test,selected_restart,14.466666666666669,17.8,-0.0586972542832549,0.1010377778042217
05495000,IC-CMA-ES,XAJ-Base,test,selected_restart,-5.0,11.933333333333334,-0.0645213331631563,0.0793326219009086
05495000,IC-CMA-ES,XAJ-TGD,test,selected_restart,-4.266666666666667,10.8,-0.0646758880070589,0.0732201099546769
05495000,IC-CMA-ES,XAJ-CN,test,selected_restart,-0.9333333333333332,8.533333333333333,-0.0444875067325176,0.0730879043919043
05495000,dPL-MLP,XAJ-Base,test,selected_restart,-6.2,11.666666666666666,-0.0675127402794104,0.0750756917309349
05495000,dPL-MLP,XAJ-TGD,test,selected_restart,-6.333333333333333,11.8,-0.0646752949408434,0.0736290254107699
05495000,dPL-MLP,XAJ-CN,test,selected_restart,-1.6,8.933333333333334,-0.0465561346065741,0.067804935115794
05495500,IC-CMA-ES,XAJ-Base,test,selected_restart,4.466666666666667,18.73333333333333,-0.0696516552462341,0.0997563736893873
05495500,IC-CMA-ES,XAJ-TGD,test,selected_restart,2.4,19.73333333333333,-0.0610200205340149,0.0953382684185045
05495500,IC-CMA-ES,XAJ-CN,test,selected_restart,5.333333333333333,18.8,-0.0560073454076213,0.0901327349005282
05495500,dPL-MLP,XAJ-Base,test,selected_restart,3.333333333333333,17.066666666666666,-0.0678366615269742,0.0946641894438009
05495500,dPL-MLP,XAJ-TGD,test,selected_restart,1.4,17.0,-0.0682997652783157,0.0917938454343812
05495500,dPL-MLP,XAJ-CN,test,selected_restart,4.266666666666667,17.333333333333332,-0.0510804910355967,0.0850943379992184
05501000,IC-CMA-ES,XAJ-Base,test,selected_restart,-6.066666666666666,15.533333333333331,-0.0704613317812195,0.0725880230753812
05501000,IC-CMA-ES,XAJ-TGD,test,selected_restart,-4.933333333333334,15.866666666666667,-0.0670084369445553,0.0710211781451297
05501000,IC-CMA-ES,XAJ-CN,test,selected_restart,-3.2,16.933333333333334,-0.056722394601972,0.0656751481595276
05501000,dPL-MLP,XAJ-Base,test,selected_restart,-2.1333333333333333,15.6,-0.0586645905936471,0.0686695851878804
05501000,dPL-MLP,XAJ-TGD,test,selected_restart,-3.2,15.866666666666667,-0.0583678945665271,0.0648495910561563
05501000,dPL-MLP,XAJ-CN,test,selected_restart,-1.8666666666666667,15.333333333333334,-0.0498935808504334,0.0607930502011341
05503800,IC-CMA-ES,XAJ-Base,test,selected_restart,-4.933333333333334,14.0,-0.120220968080231,0.120220968080231
05503800,IC-CMA-ES,XAJ-TGD,test,selected_restart,0.4,11.2,-0.1177780443953161,0.1203833390621488
05503800,IC-CMA-ES,XAJ-CN,test,selected_restart,1.2,13.6,-0.1083993916240021,0.111220279700278
05503800,dPL-MLP,XAJ-Base,test,selected_restart,-8.133333333333333,16.0,-0.0902106761462177,0.0970333922572123
05503800,dPL-MLP,XAJ-TGD,test,selected_restart,-8.066666666666666,15.933333333333334,-0.0865847606983468,0.0941597947147675
05503800,dPL-MLP,XAJ-CN,test,selected_restart,-5.133333333333334,13.4,-0.0719786792523349,0.0835142506283205
05507600,IC-CMA-ES,XAJ-Base,test,selected_restart,-7.733333333333333,11.333333333333334,-0.1511462123413005,0.1702651479956424
05507600,IC-CMA-ES,XAJ-TGD,test,selected_restart,-3.8666666666666663,10.0,-0.1099037357885757,0.1434787970400766
05507600,IC-CMA-ES,XAJ-CN,test,selected_restart,1.8,16.333333333333332,-0.1580836245138564,0.1672662538496633
05507600,dPL-MLP,XAJ-Base,test,selected_restart,-3.333333333333333,6.666666666666667,-0.0790303221562622,0.1126481512305057
05507600,dPL-MLP,XAJ-TGD,test,selected_restart,-5.466666666666667,8.8,-0.0776041804471729,0.1115655463800098
05507600,dPL-MLP,XAJ-CN,test,selected_restart,-0.8666666666666667,8.733333333333333,-0.0678952583391585,0.1084186866389727
05508805,IC-CMA-ES,XAJ-Base,test,selected_restart,-4.2,9.266666666666667,-0.0641445860421923,0.0831907359224744
05508805,IC-CMA-ES,XAJ-TGD,test,selected_restart,-1.6666666666666667,7.8,-0.0752377234554556,0.092740009432149
05508805,IC-CMA-ES,XAJ-CN,test,selected_restart,-0.9333333333333332,7.2,-0.0696804585711427,0.0953818056170102
05508805,dPL-MLP,XAJ-Base,test,selected_restart,-4.266666666666667,9.333333333333334,-0.0497255765056876,0.0772078365049945
05508805,dPL-MLP,XAJ-TGD,test,selected_restart,-5.266666666666667,9.133333333333333,-0.0484915199534364,0.0749817304620788
05508805,dPL-MLP,XAJ-CN,test,selected_restart,2.933333333333333,7.2,-0.0305791435297596,0.0707080495450814
05525500,IC-CMA-ES,XAJ-Base,test,selected_restart,-7.8,13.0,-0.0799770687894457,0.0860473937528672
05525500,IC-CMA-ES,XAJ-TGD,test,selected_restart,-13.933333333333334,17.4,-0.1202355449275606,0.1231778528614998
05525500,IC-CMA-ES,XAJ-CN,test,selected_restart,-1.0666666666666669,10.8,-0.069155896691127,0.0776404034830473
05525500,dPL-MLP,XAJ-Base,test,selected_restart,-7.933333333333334,12.733333333333333,-0.0801540091511044,0.0863273508089127
05525500,dPL-MLP,XAJ-TGD,test,selected_restart,-8.266666666666667,12.666666666666666,-0.0789493272579147,0.0848114045200091
05525500,dPL-MLP,XAJ-CN,test,selected_restart,4.6,12.6,-0.0538683185852004,0.0674678655887575
05556500,IC-CMA-ES,XAJ-Base,test,selected_restart,-0.4,10.133333333333333,-0.0937439345983255,0.1003575804549324
05556500,IC-CMA-ES,XAJ-TGD,test,selected_restart,0.5333333333333333,11.333333333333334,-0.1079440766242731,0.1152697317518659
05556500,IC-CMA-ES,XAJ-CN,test,selected_restart,7.2,11.2,-0.096710585918783,0.0998361264655047
05556500,dPL-MLP,XAJ-Base,test,selected_restart,0.8666666666666667,7.133333333333334,-0.0867031339474111,0.0900490544952818
05556500,dPL-MLP,XAJ-TGD,test,selected_restart,1.2666666666666666,6.733333333333333,-0.0849215660162358,0.0872842464673206
05556500,dPL-MLP,XAJ-CN,test,selected_restart,9.0,11.266666666666667,-0.0599840227432637,0.0815012638218385
05584500,IC-CMA-ES,XAJ-Base,test,selected_restart,4.266666666666667,16.0,-0.0897161344596413,0.1012171697050573
05584500,IC-CMA-ES,XAJ-TGD,test,selected_restart,6.0,17.066666666666666,-0.0805766130396393,0.0971254298722549
05584500,IC-CMA-ES,XAJ-CN,test,selected_restart,6.066666666666666,15.133333333333333,-0.0750600521672435,0.0937957890272492
05584500,dPL-MLP,XAJ-Base,test,selected_restart,3.733333333333333,15.2,-0.0805356606750356,0.0970628728107416
05584500,dPL-MLP,XAJ-TGD,test,selected_restart,3.6,14.8,-0.0749188239285019,0.0935014187927846
05584500,dPL-MLP,XAJ-CN,test,selected_restart,7.6,16.533333333333335,-0.0627985392916866,0.0900262845153565
05591550,IC-CMA-ES,XAJ-Base,test,selected_restart,-4.533333333333333,11.066666666666666,-0.0538240289055715,0.0890299004962782
05591550,IC-CMA-ES,XAJ-TGD,test,selected_restart,-2.2666666666666666,9.733333333333333,-0.051973013615947,0.0874346209218839
05591550,IC-CMA-ES,XAJ-CN,test,selected_restart,-1.6666666666666667,13.8,-0.0763519727054646,0.10898987099984
05591550,dPL-MLP,XAJ-Base,test,selected_restart,-3.2,11.733333333333333,-0.0370853426916808,0.0878099922881396
05591550,dPL-MLP,XAJ-TGD,test,selected_restart,-1.7333333333333334,12.133333333333333,-0.0324341098828524,0.0910410525447003
05591550,dPL-MLP,XAJ-CN,test,selected_restart,3.066666666666667,6.533333333333333,-0.0291850333773504,0.0844968643830092
05592050,IC-CMA-ES,XAJ-Base,test,selected_restart,-6.733333333333333,11.4,-0.0505874239013961,0.061049716535956
05592050,IC-CMA-ES,XAJ-TGD,test,selected_restart,-6.8,11.333333333333334,-0.0529562004016211,0.0622388386819251
05592050,IC-CMA-ES,XAJ-CN,test,selected_restart,-4.6,11.266666666666667,-0.0453483782814315,0.0590561075876904
05592050,dPL-MLP,XAJ-Base,test,selected_restart,-7.2,12.933333333333334,-0.0500006218856941,0.0616627670078222
05592050,dPL-MLP,XAJ-TGD,test,selected_restart,-6.133333333333334,13.066666666666666,-0.0455481698221336,0.0559868302691722
05592050,dPL-MLP,XAJ-CN,test,selected_restart,-6.133333333333334,12.0,-0.0448073660439621,0.060505656040783
05592575,IC-CMA-ES,XAJ-Base,test,selected_restart,-9.8,11.8,-0.0329938914118658,0.0703665555784409
05592575,IC-CMA-ES,XAJ-TGD,test,selected_restart,-14.666666666666666,16.8,-0.0225071669358463,0.0560236312815721
05592575,IC-CMA-ES,XAJ-CN,test,selected_restart,-12.533333333333331,14.533333333333331,-0.0616776146728248,0.0778753401917718
05592575,dPL-MLP,XAJ-Base,test,selected_restart,-13.933333333333334,16.2,-0.0188459260501912,0.0612325256436244
05592575,dPL-MLP,XAJ-TGD,test,selected_restart,-12.933333333333334,15.2,-0.0185956230499795,0.0599181312192654
05592575,dPL-MLP,XAJ-CN,test,selected_restart,-10.333333333333334,12.333333333333334,-0.0178929103651097,0.0585549290348267
05593575,IC-CMA-ES,XAJ-Base,test,selected_restart,-13.333333333333334,13.466666666666669,-0.0440042031293929,0.0527820885306998
05593575,IC-CMA-ES,XAJ-TGD,test,selected_restart,-12.933333333333334,13.066666666666666,-0.0455060494428695,0.0530242333935106
05593575,IC-CMA-ES,XAJ-CN,test,selected_restart,-6.533333333333333,9.333333333333334,-0.0096160739646177,0.0461796929434226
05593575,dPL-MLP,XAJ-Base,test,selected_restart,-10.466666666666669,11.133333333333333,-0.025005291649284,0.0482172533997596
05593575,dPL-MLP,XAJ-TGD,test,selected_restart,-9.2,9.866666666666667,-0.0161425913359543,0.0463398340673273
05593575,dPL-MLP,XAJ-CN,test,selected_restart,-8.0,8.666666666666666,-0.0225298566108764,0.0484688073524536
05593900,IC-CMA-ES,XAJ-Base,test,selected_restart,-7.533333333333333,13.666666666666666,-0.0333751835647498,0.0555310152658428
05593900,IC-CMA-ES,XAJ-TGD,test,selected_restart,-8.266666666666667,22.53333333333333,-0.0442907269520834,0.0662468066193553
05593900,IC-CMA-ES,XAJ-CN,test,selected_restart,-3.333333333333333,7.866666666666666,-0.0133938288413758,0.053622358947272
05593900,dPL-MLP,XAJ-Base,test,selected_restart,-7.4,16.6,-0.011905646892714,0.0647702140937338
05593900,dPL-MLP,XAJ-TGD,test,selected_restart,-7.533333333333333,16.866666666666667,-0.0126819844765737,0.0676919361911298
05593900,dPL-MLP,XAJ-CN,test,selected_restart,-1.0,11.0,-0.0003637694540893,0.07039790012738
05595730,IC-CMA-ES,XAJ-Base,test,selected_restart,-2.533333333333333,3.6,-0.0341906053456096,0.0374068550646142
05595730,IC-CMA-ES,XAJ-TGD,test,selected_restart,-2.6,3.6666666666666665,-0.0361742901436914,0.038808870486395
05595730,IC-CMA-ES,XAJ-CN,test,selected_restart,-3.8,4.866666666666666,-0.0407619173459638,0.0451812021766301
05595730,dPL-MLP,XAJ-Base,test,selected_restart,-2.066666666666667,3.4,-0.0339180397622216,0.0382103066383025
05595730,dPL-MLP,XAJ-TGD,test,selected_restart,-1.2666666666666666,3.2666666666666666,-0.0335252538454958,0.0397074279314453
05595730,dPL-MLP,XAJ-CN,test,selected_restart,-1.0,2.7333333333333334,-0.0294486972324479,0.03786882136853
07291000,IC-CMA-ES,XAJ-Base,test,selected_restart,-4.333333333333333,18.2,-0.0093848426210803,0.0501461631102643
07291000,IC-CMA-ES,XAJ-TGD,test,selected_restart,-5.733333333333333,21.066666666666663,-0.0095166602798226,0.0444841559987984
07291000,IC-CMA-ES,XAJ-CN,test,selected_restart,-3.1333333333333333,19.133333333333333,0.0052821386289672,0.0332473330647452
07291000,dPL-MLP,XAJ-Base,test,selected_restart,-8.733333333333333,11.8,-0.0041924619742158,0.0424877874226379
07291000,dPL-MLP,XAJ-TGD,test,selected_restart,-2.8666666666666667,9.933333333333334,0.0137339163255767,0.0402657445398329
07291000,dPL-MLP,XAJ-CN,test,selected_restart,-2.466666666666667,7.133333333333334,0.0196740715138193,0.0392190841767768
07359610,IC-CMA-ES,XAJ-Base,test,selected_restart,-21.8,22.33333333333333,-0.0716738697513736,0.0728561217104658
07359610,IC-CMA-ES,XAJ-TGD,test,selected_restart,-16.066666666666666,16.333333333333332,-0.051380987378438,0.0516235094662555
07359610,IC-CMA-ES,XAJ-CN,test,selected_restart,-11.733333333333333,13.466666666666669,-0.03799891885368,0.0425136676368314
07359610,dPL-MLP,XAJ-Base,test,selected_restart,-12.466666666666669,15.4,-0.0354500210905867,0.0475843711522882
07359610,dPL-MLP,XAJ-TGD,test,selected_restart,-9.866666666666667,12.533333333333331,-0.0323867528761225,0.043336508306629
07359610,dPL-MLP,XAJ-CN,test,selected_restart,-3.2666666666666666,7.533333333333333,-0.0146184220040636,0.02810909227256
07362100,IC-CMA-ES,XAJ-Base,test,selected_restart,-11.466666666666669,17.2,-0.0525082340245812,0.0889978541045783
07362100,IC-CMA-ES,XAJ-TGD,test,selected_restart,-7.2,13.733333333333333,-0.0473980358894039,0.0787976396620549
07362100,IC-CMA-ES,XAJ-CN,test,selected_restart,-4.733333333333333,14.6,-0.0323643878505,0.0729354571325224
07362100,dPL-MLP,XAJ-Base,test,selected_restart,-3.333333333333333,12.266666666666667,-0.0254151029294102,0.0587951848549784
07362100,dPL-MLP,XAJ-TGD,test,selected_restart,-4.933333333333334,12.0,-0.0378901834691931,0.058726316656484
07362100,dPL-MLP,XAJ-CN,test,selected_restart,-2.066666666666667,12.6,-0.0231490520542233,0.0611457780196557
07362587,IC-CMA-ES,XAJ-Base,test,selected_restart,-6.266666666666667,16.266666666666666,-0.0196021720601433,0.0442594743412115
07362587,IC-CMA-ES,XAJ-TGD,test,selected_restart,-7.2,17.466666666666665,-0.0242861593597446,0.046951804342835
07362587,IC-CMA-ES,XAJ-CN,test,selected_restart,-1.9333333333333331,13.133333333333333,0.0185052360263154,0.0463714941276195
07362587,dPL-MLP,XAJ-Base,test,selected_restart,-6.8,18.0,-0.0223910555077904,0.0504175178440553
07362587,dPL-MLP,XAJ-TGD,test,selected_restart,-5.8,16.866666666666667,-0.0131956783268167,0.0440278747006947
07362587,dPL-MLP,XAJ-CN,test,selected_restart,-2.0,12.4,-0.0040878106984808,0.0381561167193
07375000,IC-CMA-ES,XAJ-Base,test,selected_restart,-7.866666666666666,14.133333333333333,-0.0556444249101086,0.0594911453972791
07375000,IC-CMA-ES,XAJ-TGD,test,selected_restart,-7.933333333333334,14.333333333333334,-0.0619410844194495,0.0660817591200803
07375000,IC-CMA-ES,XAJ-CN,test,selected_restart,-7.4,14.866666666666667,-0.0561800605602665,0.0613878094008102
07375000,dPL-MLP,XAJ-Base,test,selected_restart,0.4,13.6,-0.0250878231274688,0.0492271559302834
07375000,dPL-MLP,XAJ-TGD,test,selected_restart,0.2,13.933333333333334,-0.0168494037337704,0.0516406130656428
07375000,dPL-MLP,XAJ-CN,test,selected_restart,-0.6,13.0,-0.0203647684601549,0.0497675013407893
08013000,IC-CMA-ES,XAJ-Base,test,selected_restart,-12.4,13.2,-0.0432129869374778,0.0509292506021219
08013000,IC-CMA-ES,XAJ-TGD,test,selected_restart,-18.73333333333333,18.73333333333333,-0.0640673626972384,0.0693937406866901
08013000,IC-CMA-ES,XAJ-CN,test,selected_restart,-12.133333333333333,13.2,-0.0399293455742942,0.0474142791422166
08013000,dPL-MLP,XAJ-Base,test,selected_restart,-9.6,12.266666666666667,-0.0396119344495879,0.0449352176738195
08013000,dPL-MLP,XAJ-TGD,test,selected_restart,-10.8,11.6,-0.0464993692450868,0.0519287457567863
08013000,dPL-MLP,XAJ-CN,test,selected_restart,-10.0,12.266666666666667,-0.0406171872728215,0.0447131085398209
08014500,IC-CMA-ES,XAJ-Base,test,selected_restart,-9.133333333333333,12.333333333333334,-0.0169596662357149,0.0327611530550894
08014500,IC-CMA-ES,XAJ-TGD,test,selected_restart,-13.066666666666666,15.066666666666666,-0.0387205784752665,0.0495116621648341
08014500,IC-CMA-ES,XAJ-CN,test,selected_restart,-10.8,13.066666666666666,-0.0178065513804255,0.0354528987279538
08014500,dPL-MLP,XAJ-Base,test,selected_restart,-6.733333333333333,11.0,-0.0147517942125298,0.034081288894452
08014500,dPL-MLP,XAJ-TGD,test,selected_restart,-9.2,12.133333333333333,-0.0250290990108945,0.0374705968097659
08014500,dPL-MLP,XAJ-CN,test,selected_restart,-8.266666666666667,11.866666666666667,-0.0174933706953821,0.0372067590260876
05057200,IC-CMA-ES,XAJ-Base,test,selected_restart,17.8,30.33333333333333,-0.1465492097225118,0.2013380804314652
05057200,IC-CMA-ES,XAJ-TGD,test,selected_restart,17.066666666666666,49.6,-0.0801096804625121,0.2068823148820938
05057200,IC-CMA-ES,XAJ-CN,test,selected_restart,31.33333333333333,31.33333333333333,-0.0195339409198689,0.0970920991821859
05057200,dPL-MLP,XAJ-Base,test,selected_restart,7.533333333333333,24.6,-0.1863183416611282,0.217899744506428
05057200,dPL-MLP,XAJ-TGD,test,selected_restart,31.4,31.4,-0.0666057236677734,0.151595429983877
05057200,dPL-MLP,XAJ-CN,test,selected_restart,32.6,32.6,-0.0617220031903513,0.1186577362361585
05120500,IC-CMA-ES,XAJ-Base,test,selected_restart,10.4,35.06666666666667,-0.1399813388450263,0.1703672704896572
05120500,IC-CMA-ES,XAJ-TGD,test,selected_restart,21.73333333333333,33.333333333333336,-0.0657615874869941,0.1216388915671159
05120500,IC-CMA-ES,XAJ-CN,test,selected_restart,32.333333333333336,35.8,-0.0458075259788154,0.0700362395202384
05120500,dPL-MLP,XAJ-Base,test,selected_restart,9.133333333333333,32.86666666666667,-0.1922083412273048,0.2033664369722605
05120500,dPL-MLP,XAJ-TGD,test,selected_restart,25.133333333333333,26.2,0.006173331075577,0.1147105283029213
05120500,dPL-MLP,XAJ-CN,test,selected_restart,28.4,29.6,-0.0297694359881995,0.0804982269958907
06221400,IC-CMA-ES,XAJ-Base,test,selected_restart,-76.0,76.0,-0.2323840523740717,0.2323840523740717
06221400,IC-CMA-ES,XAJ-TGD,test,selected_restart,-34.266666666666666,34.266666666666666,-0.0268843953789341,0.0452949407721394
06221400,IC-CMA-ES,XAJ-CN,test,selected_restart,-20.466666666666665,20.466666666666665,0.0203928207376531,0.0405875052444183
06221400,dPL-MLP,XAJ-Base,test,selected_restart,-58.8,58.8,-0.1949457491418787,0.1949457491418787
06221400,dPL-MLP,XAJ-TGD,test,selected_restart,,,,
06221400,dPL-MLP,XAJ-CN,test,selected_restart,-18.066666666666663,18.066666666666663,0.0818424001354904,0.0861575228381568
06224000,IC-CMA-ES,XAJ-Base,test,selected_restart,-66.8,66.8,-0.3202859322779607,0.3202859322779607
06224000,IC-CMA-ES,XAJ-TGD,test,selected_restart,-28.666666666666668,28.666666666666668,-0.0685893079194656,0.0730584607074797
06224000,IC-CMA-ES,XAJ-CN,test,selected_restart,-15.6,15.6,-0.0262535671942663,0.0377009713026062
06224000,dPL-MLP,XAJ-Base,test,selected_restart,-43.06666666666667,43.06666666666667,-0.2274423659397395,0.2274423659397395
06224000,dPL-MLP,XAJ-TGD,test,selected_restart,,,,
06224000,dPL-MLP,XAJ-CN,test,selected_restart,-18.666666666666668,18.666666666666668,0.0792102197256454,0.0914204646989361
06278300,IC-CMA-ES,XAJ-Base,test,selected_restart,-38.73333333333333,38.73333333333333,-0.3647794694058157,0.3647794694058157
06278300,IC-CMA-ES,XAJ-TGD,test,selected_restart,-11.733333333333333,12.8,-0.1637491554371572,0.1637491554371572
06278300,IC-CMA-ES,XAJ-CN,test,selected_restart,-0.6666666666666666,4.666666666666667,0.0101283222087167,0.0307857530654468
06278300,dPL-MLP,XAJ-Base,test,selected_restart,-38.4,38.4,-0.3551080714019196,0.3551080714019196
06278300,dPL-MLP,XAJ-TGD,test,selected_restart,-11.733333333333333,11.733333333333333,-0.0962877283843414,0.0962877283843414
06278300,dPL-MLP,XAJ-CN,test,selected_restart,-4.866666666666666,6.466666666666667,0.0014555642652455,0.0356623859849253
06280300,IC-CMA-ES,XAJ-Base,test,selected_restart,-58.0,58.0,-0.3015940490828586,0.3015940490828586
06280300,IC-CMA-ES,XAJ-TGD,test,selected_restart,-20.53333333333333,20.53333333333333,0.0001699821684129,0.0397877719870153
06280300,IC-CMA-ES,XAJ-CN,test,selected_restart,-9.733333333333333,9.733333333333333,-0.0107189400460951,0.0258646888701586
06280300,dPL-MLP,XAJ-Base,test,selected_restart,-61.266666666666666,61.266666666666666,-0.290918227381173,0.290918227381173
06280300,dPL-MLP,XAJ-TGD,test,selected_restart,-21.666666666666668,21.666666666666668,0.0032874799304572,0.0605772601436519
06280300,dPL-MLP,XAJ-CN,test,selected_restart,-13.266666666666667,13.266666666666667,-0.0064549230999382,0.0281770506375461
06289000,IC-CMA-ES,XAJ-Base,test,selected_restart,-22.6,22.866666666666667,-0.0400675603836595,0.0785186881852923
06289000,IC-CMA-ES,XAJ-TGD,test,selected_restart,3.2,6.266666666666667,0.1323648960302452,0.1324720657313859
06289000,IC-CMA-ES,XAJ-CN,test,selected_restart,3.2666666666666666,5.8,0.0945697060138166,0.0964831428175167
06289000,dPL-MLP,XAJ-Base,test,selected_restart,-20.066666666666663,20.73333333333333,-0.0548257161269406,0.0945785634707984
06289000,dPL-MLP,XAJ-TGD,test,selected_restart,2.8666666666666667,7.266666666666667,0.0571629475464602,0.0809381750322772
06289000,dPL-MLP,XAJ-CN,test,selected_restart,1.0,5.133333333333334,0.0388271640648623,0.0529099615174744
06291500,IC-CMA-ES,XAJ-Base,test,selected_restart,-28.428571428571427,29.285714285714285,-0.1252635216137948,0.1252635216137948
06291500,IC-CMA-ES,XAJ-TGD,test,selected_restart,-12.0,14.428571428571429,-0.0044296712811259,0.08027403393954
06291500,IC-CMA-ES,XAJ-CN,test,selected_restart,-2.357142857142857,10.785714285714286,0.0517378950694022,0.0687494929526772
06291500,dPL-MLP,XAJ-Base,test,selected_restart,-28.5,28.5,-0.1143007458384303,0.1414659156773661
06291500,dPL-MLP,XAJ-TGD,test,selected_restart,-9.928571428571429,13.357142857142858,0.003380370027277,0.1012946939454674
06291500,dPL-MLP,XAJ-CN,test,selected_restart,-4.785714285714286,12.928571428571429,-0.0021939585315085,0.0841458362981952
06311000,IC-CMA-ES,XAJ-Base,test,selected_restart,-18.866666666666667,19.53333333333333,-0.1805262211451603,0.1805262211451603
06311000,IC-CMA-ES,XAJ-TGD,test,selected_restart,-0.1333333333333333,5.6,-0.0014811698088718,0.0512859084267444
06311000,IC-CMA-ES,XAJ-CN,test,selected_restart,5.933333333333334,7.533333333333333,0.0106904324402736,0.0393266624506304
06311000,dPL-MLP,XAJ-Base,test,selected_restart,-17.266666666666666,17.8,-0.1514390948901249,0.1597308053225553
06311000,dPL-MLP,XAJ-TGD,test,selected_restart,1.4666666666666666,5.6,-0.0240447107443881,0.0551030523614212
06311000,dPL-MLP,XAJ-CN,test,selected_restart,-1.7333333333333334,5.466666666666667,-0.1004648510108066,0.1004648510108066
06332515,IC-CMA-ES,XAJ-Base,test,selected_restart,25.0,46.73333333333333,0.194410028903068,0.3029287823213442
06332515,IC-CMA-ES,XAJ-TGD,test,selected_restart,36.0,46.8,0.2432661521915405,0.307946245568951
06332515,IC-CMA-ES,XAJ-CN,test,selected_restart,48.333333333333336,50.2,0.2531232007825185,0.3280113605830375
06332515,dPL-MLP,XAJ-Base,test,selected_restart,46.06666666666667,47.66666666666666,0.2361060280088394,0.3021211263517142
06332515,dPL-MLP,XAJ-TGD,test,selected_restart,58.13333333333333,58.13333333333333,0.2931615887566218,0.3299960967878104
06332515,dPL-MLP,XAJ-CN,test,selected_restart,56.93333333333333,56.93333333333333,0.2889944790287622,0.3188565986334881
06339100,IC-CMA-ES,XAJ-Base,test,selected_restart,34.06666666666667,45.0,0.1723792656698625,0.2015290106654334
06339100,IC-CMA-ES,XAJ-TGD,test,selected_restart,41.2,49.86666666666667,0.2301873112160763,0.2576557760485867
06339100,IC-CMA-ES,XAJ-CN,test,selected_restart,9.8,29.53333333333333,-0.0112267400385139,0.1559962163242871
06339100,dPL-MLP,XAJ-Base,test,selected_restart,38.73333333333333,41.53333333333333,0.1685841475366355,0.2018762215922911
06339100,dPL-MLP,XAJ-TGD,test,selected_restart,57.53333333333333,57.53333333333333,0.2409197205741009,0.2637953518467789
06339100,dPL-MLP,XAJ-CN,test,selected_restart,54.6,54.6,0.2259723061759076,0.2551677424349035
06344600,IC-CMA-ES,XAJ-Base,test,selected_restart,56.8,56.8,0.2489310919282862,0.2538619354138631
06344600,IC-CMA-ES,XAJ-TGD,test,selected_restart,59.46666666666667,59.46666666666667,0.2530323683259913,0.2600973680386799
06344600,IC-CMA-ES,XAJ-CN,test,selected_restart,46.53333333333333,49.333333333333336,0.1888135958749085,0.2024565835879923
06344600,dPL-MLP,XAJ-Base,test,selected_restart,49.86666666666667,49.86666666666667,0.1678461808997421,0.1817526321190946
06344600,dPL-MLP,XAJ-TGD,test,selected_restart,59.2,59.2,0.2211809058028488,0.2334288458603971
06344600,dPL-MLP,XAJ-CN,test,selected_restart,57.13333333333333,57.13333333333333,0.2188385147887497,0.2356276731270902
06350000,IC-CMA-ES,XAJ-Base,test,selected_restart,31.4,39.13333333333333,0.1349396611736583,0.1828114069183959
06350000,IC-CMA-ES,XAJ-TGD,test,selected_restart,51.53333333333333,56.46666666666667,0.1776468103613821,0.2097330362179114
06350000,IC-CMA-ES,XAJ-CN,test,selected_restart,35.4,56.46666666666667,0.087493797688322,0.1840631146461991
06350000,dPL-MLP,XAJ-Base,test,selected_restart,33.8,40.6,0.0793099905536937,0.1493335850606479
06350000,dPL-MLP,XAJ-TGD,test,selected_restart,51.86666666666667,55.333333333333336,0.122832217364149,0.197482871560282
06350000,dPL-MLP,XAJ-CN,test,selected_restart,44.4,47.86666666666667,0.0997760122504202,0.1814504738132422
06352000,IC-CMA-ES,XAJ-Base,test,selected_restart,35.46666666666667,45.6,0.136324771016945,0.1890922206632153
06352000,IC-CMA-ES,XAJ-TGD,test,selected_restart,44.266666666666666,58.66666666666666,0.1515836057763394,0.2377547813609493
06352000,IC-CMA-ES,XAJ-CN,test,selected_restart,6.333333333333333,69.8,0.009705001135776,0.2257327137542904
06352000,dPL-MLP,XAJ-Base,test,selected_restart,32.666666666666664,34.4,0.0863009182315167,0.1836703807378423
06352000,dPL-MLP,XAJ-TGD,test,selected_restart,52.2,52.6,0.1315317201317446,0.2275447928057158
06352000,dPL-MLP,XAJ-CN,test,selected_restart,43.6,44.13333333333333,0.1042178260983125,0.2093628588463906
06404000,IC-CMA-ES,XAJ-Base,test,selected_restart,-0.9333333333333332,6.4,-0.0680255127191988,0.1121472618892984
06404000,IC-CMA-ES,XAJ-TGD,test,selected_restart,8.0,9.6,-0.066349640711193,0.1157771330987608
06404000,IC-CMA-ES,XAJ-CN,test,selected_restart,15.933333333333334,16.066666666666666,-0.0442340266943422,0.0927636645899951
06404000,dPL-MLP,XAJ-Base,test,selected_restart,0.5333333333333333,16.133333333333333,-0.0730328770717429,0.092680478184589
06404000,dPL-MLP,XAJ-TGD,test,selected_restart,15.2,16.266666666666666,-0.0163106096029726,0.0709053360466068
06404000,dPL-MLP,XAJ-CN,test,selected_restart,12.8,12.933333333333334,-0.1016632489602215,0.1016632489602215
06406000,IC-CMA-ES,XAJ-Base,test,selected_restart,19.73333333333333,32.266666666666666,0.1711999263425873,0.2029085330612512
06406000,IC-CMA-ES,XAJ-TGD,test,selected_restart,21.8,32.46666666666667,0.0578394011716254,0.1062840675088758
06406000,IC-CMA-ES,XAJ-CN,test,selected_restart,43.333333333333336,47.2,0.2046334699849493,0.2051700746051499
06406000,dPL-MLP,XAJ-Base,test,selected_restart,8.866666666666667,29.666666666666668,0.1701049025913285,0.2014849640673772
06406000,dPL-MLP,XAJ-TGD,test,selected_restart,30.0,35.06666666666667,0.2307082033217159,0.2332224026354182
06406000,dPL-MLP,XAJ-CN,test,selected_restart,26.2,37.93333333333333,0.208825627571365,0.2226841140422966
06409000,IC-CMA-ES,XAJ-Base,test,selected_restart,7.733333333333333,18.666666666666668,0.0041863260139879,0.0465386740917721
06409000,IC-CMA-ES,XAJ-TGD,test,selected_restart,15.333333333333334,15.6,0.0251965659330146,0.0418104961907333
06409000,IC-CMA-ES,XAJ-CN,test,selected_restart,21.466666666666665,21.866666666666667,0.0847899176150418,0.0916713129384664
06409000,dPL-MLP,XAJ-Base,test,selected_restart,11.266666666666667,18.066666666666663,0.0247441170086321,0.0570887555966505
06409000,dPL-MLP,XAJ-TGD,test,selected_restart,-2.533333333333333,6.133333333333334,-0.0454661908279004,0.0470180189623977
06409000,dPL-MLP,XAJ-CN,test,selected_restart,10.933333333333334,12.133333333333333,-0.0009266875714205,0.0388083858109939
06431500,IC-CMA-ES,XAJ-Base,test,selected_restart,-9.2,12.133333333333333,-0.0471128303019855,0.0471128303019855
06431500,IC-CMA-ES,XAJ-TGD,test,selected_restart,-0.2,9.0,-0.0237687923718148,0.0385814857547701
06431500,IC-CMA-ES,XAJ-CN,test,selected_restart,1.2,6.133333333333334,-0.0102571088282917,0.0331526716057696
06431500,dPL-MLP,XAJ-Base,test,selected_restart,-2.8666666666666667,8.333333333333334,-0.0220909116872801,0.0242857295602514
06431500,dPL-MLP,XAJ-TGD,test,selected_restart,-3.6,5.333333333333333,-0.0345348714002623,0.0352916406748493
06431500,dPL-MLP,XAJ-CN,test,selected_restart,2.0,5.466666666666667,-0.0220651744016661,0.0292658740991781
06440200,IC-CMA-ES,XAJ-Base,test,selected_restart,1.2,28.4,-0.0098466483498526,0.1122274251246693
06440200,IC-CMA-ES,XAJ-TGD,test,selected_restart,-0.1333333333333333,26.8,-0.0090804395819617,0.107896318183764
06440200,IC-CMA-ES,XAJ-CN,test,selected_restart,17.333333333333332,23.066666666666663,0.0616733513529188,0.1117702030065102
06440200,dPL-MLP,XAJ-Base,test,selected_restart,-11.066666666666666,20.266666666666666,-0.0200310118739717,0.1021707773322322
06440200,dPL-MLP,XAJ-TGD,test,selected_restart,31.066666666666663,33.733333333333334,0.0800554555907931,0.1275360965884475
06440200,dPL-MLP,XAJ-CN,test,selected_restart,23.266666666666666,26.73333333333333,0.0353521130735761,0.1190129583527285
06447500,IC-CMA-ES,XAJ-Base,test,selected_restart,42.06666666666667,42.06666666666667,0.0786231826226958,0.1142489677180402
06447500,IC-CMA-ES,XAJ-TGD,test,selected_restart,49.8,49.93333333333333,0.113276504524653,0.1343885196882235
06447500,IC-CMA-ES,XAJ-CN,test,selected_restart,42.266666666666666,48.0,0.0744490549446194,0.1288169307945073
06447500,dPL-MLP,XAJ-Base,test,selected_restart,39.0,39.0,0.0651053528468856,0.117730106274222
06447500,dPL-MLP,XAJ-TGD,test,selected_restart,52.8,52.8,0.1314281354825744,0.1562672131893781
06447500,dPL-MLP,XAJ-CN,test,selected_restart,50.266666666666666,50.266666666666666,0.1272351613125253,0.15240940785783
06470800,IC-CMA-ES,XAJ-Base,test,selected_restart,-6.0,20.8,-0.227672799899687,0.22804030547287
06470800,IC-CMA-ES,XAJ-TGD,test,selected_restart,-13.2,25.866666666666667,-0.2258956352616445,0.254834157322929
06470800,IC-CMA-ES,XAJ-CN,test,selected_restart,-11.466666666666669,29.73333333333333,-0.1722658887252307,0.173972125878006
06470800,dPL-MLP,XAJ-Base,test,selected_restart,-5.933333333333334,19.53333333333333,-0.2440476571266945,0.2440476571266945
06470800,dPL-MLP,XAJ-TGD,test,selected_restart,16.0,18.666666666666668,-0.1827674016103244,0.1834137690050184
06470800,dPL-MLP,XAJ-CN,test,selected_restart,12.266666666666667,16.0,-0.1405173664038475,0.1405173664038475
06477500,IC-CMA-ES,XAJ-Base,test,selected_restart,-4.666666666666667,33.733333333333334,-0.1835383381740666,0.2449234524887681
06477500,IC-CMA-ES,XAJ-TGD,test,selected_restart,-21.4,59.4,-0.2401234320100563,0.2810169878421385
06477500,IC-CMA-ES,XAJ-CN,test,selected_restart,2.8666666666666667,29.4,-0.130419225126149,0.2072810618024232
06477500,dPL-MLP,XAJ-Base,test,selected_restart,0.1333333333333333,26.4,-0.1579690989153005,0.2035019345897594
06477500,dPL-MLP,XAJ-TGD,test,selected_restart,6.333333333333333,27.933333333333334,-0.1430803811844604,0.2184665791512427
06477500,dPL-MLP,XAJ-CN,test,selected_restart,12.133333333333333,27.466666666666665,-0.0965734329120732,0.1987633490586895
06479215,IC-CMA-ES,XAJ-Base,test,selected_restart,6.133333333333334,34.8,-0.1181651479218919,0.193724180062201
06479215,IC-CMA-ES,XAJ-TGD,test,selected_restart,19.4,22.466666666666665,-0.0552920347665269,0.1630177190886072
06479215,IC-CMA-ES,XAJ-CN,test,selected_restart,5.2,25.33333333333333,-0.1055269858454187,0.1669918885263876
06479215,dPL-MLP,XAJ-Base,test,selected_restart,3.4,27.666666666666668,-0.122661584736359,0.1913296643553008
06479215,dPL-MLP,XAJ-TGD,test,selected_restart,7.666666666666667,26.066666666666663,-0.1127713477824647,0.1874170937136674
06479215,dPL-MLP,XAJ-CN,test,selected_restart,23.33333333333333,23.866666666666667,-0.0345394309574881,0.1160582758978868
06601000,IC-CMA-ES,XAJ-Base,test,selected_restart,13.933333333333334,16.333333333333332,0.0420923859240131,0.0741879878502919
06601000,IC-CMA-ES,XAJ-TGD,test,selected_restart,22.266666666666666,24.4,0.0665539076290047,0.0905863748009536
06601000,IC-CMA-ES,XAJ-CN,test,selected_restart,17.666666666666668,20.066666666666663,0.0627523710689462,0.090567122348527
06601000,dPL-MLP,XAJ-Base,test,selected_restart,2.0,14.8,-0.0411917417882366,0.0531533592429013
06601000,dPL-MLP,XAJ-TGD,test,selected_restart,1.6666666666666667,18.466666666666665,-0.0535389572022838,0.0640623886437423
06601000,dPL-MLP,XAJ-CN,test,selected_restart,3.6,18.933333333333334,-0.0432585566876812,0.0530664660055908
06614800,IC-CMA-ES,XAJ-Base,test,selected_restart,-66.06666666666666,66.06666666666666,-0.3951065836328675,0.3951065836328675
06614800,IC-CMA-ES,XAJ-TGD,test,selected_restart,-20.866666666666667,20.866666666666667,-0.0350254593271425,0.0388700297110288
06614800,IC-CMA-ES,XAJ-CN,test,selected_restart,1.1333333333333333,5.0,0.0299156091632037,0.0329714787331945
06614800,dPL-MLP,XAJ-Base,test,selected_restart,-63.2,63.2,-0.3685991722323904,0.3685991722323904
06614800,dPL-MLP,XAJ-TGD,test,selected_restart,-22.266666666666666,22.266666666666666,-0.066396599807184,0.066396599807184
06614800,dPL-MLP,XAJ-CN,test,selected_restart,-4.2,6.466666666666667,0.1075011116287697,0.1075011116287697
06622700,IC-CMA-ES,XAJ-Base,test,selected_restart,-48.86666666666667,48.86666666666667,-0.3568925728179131,0.3568925728179131
06622700,IC-CMA-ES,XAJ-TGD,test,selected_restart,-12.066666666666666,12.733333333333333,-0.0279500116683158,0.0547439541385623
06622700,IC-CMA-ES,XAJ-CN,test,selected_restart,8.066666666666666,8.066666666666666,0.0644639462454008,0.0673679770839048
06622700,dPL-MLP,XAJ-Base,test,selected_restart,-44.86666666666667,44.86666666666667,-0.3323787520107739,0.3323787520107739
06622700,dPL-MLP,XAJ-TGD,test,selected_restart,-8.6,10.066666666666666,0.0215291669192797,0.0566437644109304
06622700,dPL-MLP,XAJ-CN,test,selected_restart,0.0,4.666666666666667,0.0564920952144152,0.0564920952144152
06623800,IC-CMA-ES,XAJ-Base,test,selected_restart,-59.266666666666666,59.266666666666666,-0.3842623460595217,0.3842623460595217
06623800,IC-CMA-ES,XAJ-TGD,test,selected_restart,-16.6,16.6,-0.0060449827019777,0.0549405691282122
06623800,IC-CMA-ES,XAJ-CN,test,selected_restart,4.6,4.866666666666666,0.0595486652548703,0.0595486652548703
06623800,dPL-MLP,XAJ-Base,test,selected_restart,-61.46666666666667,61.46666666666667,-0.3856596895361351,0.3856596895361351
06623800,dPL-MLP,XAJ-TGD,test,selected_restart,-16.466666666666665,16.466666666666665,-0.0451565651401287,0.0601609290973893
06623800,dPL-MLP,XAJ-CN,test,selected_restart,-1.3333333333333333,3.8666666666666663,0.052148371109922,0.052148371109922
06632400,IC-CMA-ES,XAJ-Base,test,selected_restart,-48.8,48.8,-0.3760466427531809,0.3760466427531809
06632400,IC-CMA-ES,XAJ-TGD,test,selected_restart,-9.533333333333331,10.066666666666666,-0.0191572557813893,0.0551726619311249
06632400,IC-CMA-ES,XAJ-CN,test,selected_restart,8.266666666666667,8.266666666666667,0.0372209299676645,0.0378131601734961
06632400,dPL-MLP,XAJ-Base,test,selected_restart,-44.86666666666667,44.86666666666667,-0.3643562288013072,0.3643562288013072
06632400,dPL-MLP,XAJ-TGD,test,selected_restart,-8.333333333333334,9.4,-0.0220467141198089,0.0549992521512583
06632400,dPL-MLP,XAJ-CN,test,selected_restart,2.4,5.866666666666666,0.0331321427298614,0.0340381717322519
06746095,IC-CMA-ES,XAJ-Base,test,selected_restart,-101.8,101.8,-0.5050009060377295,0.5050009060377295
06746095,IC-CMA-ES,XAJ-TGD,test,selected_restart,-24.866666666666667,24.866666666666667,-0.1211728730275647,0.1214909866761749
06746095,IC-CMA-ES,XAJ-CN,test,selected_restart,-3.6666666666666665,5.8,0.0220740280077441,0.0452514752557515
06746095,dPL-MLP,XAJ-Base,test,selected_restart,-61.46666666666667,61.46666666666667,-0.3609461961661196,0.3609461961661196
06746095,dPL-MLP,XAJ-TGD,test,selected_restart,-22.53333333333333,22.53333333333333,-0.0404766478612439,0.0589310585501893
06746095,dPL-MLP,XAJ-CN,test,selected_restart,-12.2,12.333333333333334,0.0709362349436266,0.0785809479574089
06803510,IC-CMA-ES,XAJ-Base,test,selected_restart,-5.2,47.6,-0.0543192482898872,0.1652414065245428
06803510,IC-CMA-ES,XAJ-TGD,test,selected_restart,-0.8,45.6,-0.0314206371118864,0.1602526626716975
06803510,IC-CMA-ES,XAJ-CN,test,selected_restart,24.6,42.86666666666667,0.0045025694459437,0.1114846054688009
06803510,dPL-MLP,XAJ-Base,test,selected_restart,3.466666666666667,9.066666666666666,-0.0703431032012145,0.0863031790166362
06803510,dPL-MLP,XAJ-TGD,test,selected_restart,4.266666666666667,9.733333333333333,-0.0657849909772714,0.0838065798659673
06803510,dPL-MLP,XAJ-CN,test,selected_restart,5.6,11.066666666666666,-0.0655469777097544,0.0760569350815757
06803530,IC-CMA-ES,XAJ-Base,test,selected_restart,-13.133333333333333,28.066666666666663,-0.0968697043950497,0.1146819325480408
06803530,IC-CMA-ES,XAJ-TGD,test,selected_restart,-0.7333333333333333,33.13333333333333,-0.1099045676683524,0.130129341864892
06803530,IC-CMA-ES,XAJ-CN,test,selected_restart,5.0,49.13333333333333,-0.0284645132914324,0.1063401072799127
06803530,dPL-MLP,XAJ-Base,test,selected_restart,4.066666666666666,15.533333333333331,-0.10023869898867,0.1092668056552388
06803530,dPL-MLP,XAJ-TGD,test,selected_restart,5.933333333333334,15.8,-0.0959324759935477,0.1024660011196909
06803530,dPL-MLP,XAJ-CN,test,selected_restart,7.533333333333333,18.33333333333333,-0.1004532816703259,0.1098409712378956
06814000,IC-CMA-ES,XAJ-Base,test,selected_restart,-10.866666666666667,17.266666666666666,-0.1407754194027794,0.1419850416994537
06814000,IC-CMA-ES,XAJ-TGD,test,selected_restart,-11.2,14.133333333333333,-0.1409300616668277,0.1504124297002136
06814000,IC-CMA-ES,XAJ-CN,test,selected_restart,-7.733333333333333,11.066666666666666,-0.1372775387055291,0.1373240598059143
06814000,dPL-MLP,XAJ-Base,test,selected_restart,-10.666666666666666,17.066666666666666,-0.1236449173377566,0.1265649147844757
06814000,dPL-MLP,XAJ-TGD,test,selected_restart,-7.133333333333334,19.0,-0.0915594330714755,0.1211391331037284
06814000,dPL-MLP,XAJ-CN,test,selected_restart,0.6666666666666666,16.4,-0.0831112872845543,0.1179674956324787
06847900,IC-CMA-ES,XAJ-Base,test,selected_restart,16.066666666666666,64.46666666666667,-0.0301862493682802,0.1293666304646258
06847900,IC-CMA-ES,XAJ-TGD,test,selected_restart,35.46666666666667,71.86666666666666,0.0319211646389066,0.1290152786477442
06847900,IC-CMA-ES,XAJ-CN,test,selected_restart,9.133333333333333,64.86666666666666,-0.0220956897267601,0.1459131714892879
06847900,dPL-MLP,XAJ-Base,test,selected_restart,22.73333333333333,47.4,-0.0303070938119194,0.1085917251626593
06847900,dPL-MLP,XAJ-TGD,test,selected_restart,44.4,56.4,0.0237812086414395,0.1020954864541632
06847900,dPL-MLP,XAJ-CN,test,selected_restart,39.0,51.8,0.0086652720442512,0.1057974117318732
06853800,IC-CMA-ES,XAJ-Base,test,selected_restart,-12.0,48.0,-0.172507631827329,0.2072731117628327
06853800,IC-CMA-ES,XAJ-TGD,test,selected_restart,3.533333333333333,32.46666666666667,-0.131794545599753,0.1829910670938403
06853800,IC-CMA-ES,XAJ-CN,test,selected_restart,-2.4,40.8,-0.1515503233163897,0.2041496440989088
06853800,dPL-MLP,XAJ-Base,test,selected_restart,-8.933333333333334,28.0,-0.1643840641269429,0.182390359996286
06853800,dPL-MLP,XAJ-TGD,test,selected_restart,-5.133333333333334,29.8,-0.1586698542524719,0.1810805836901337
06853800,dPL-MLP,XAJ-CN,test,selected_restart,-6.866666666666666,37.4,-0.166088739582831,0.1905350351833161
06876700,IC-CMA-ES,XAJ-Base,test,selected_restart,-0.9333333333333332,44.0,-0.0697885241456797,0.1408875645512983
06876700,IC-CMA-ES,XAJ-TGD,test,selected_restart,10.0,60.53333333333333,-0.0943289907125603,0.1195012165310395
06876700,IC-CMA-ES,XAJ-CN,test,selected_restart,8.933333333333334,48.4,-0.0576069654373299,0.1268412467156495
06876700,dPL-MLP,XAJ-Base,test,selected_restart,1.7333333333333334,42.53333333333333,-0.0772199438361298,0.1297102101844959
06876700,dPL-MLP,XAJ-TGD,test,selected_restart,7.6,42.93333333333333,-0.0344130919722687,0.0927951993448062
06876700,dPL-MLP,XAJ-CN,test,selected_restart,0.0666666666666666,41.13333333333333,-0.0569859838831396,0.1092616337738844
06878000,IC-CMA-ES,XAJ-Base,test,selected_restart,-7.266666666666667,22.866666666666667,-0.0748220769998958,0.0981684535365197
06878000,IC-CMA-ES,XAJ-TGD,test,selected_restart,1.6666666666666667,18.73333333333333,-0.063970839822047,0.1000361283243589
06878000,IC-CMA-ES,XAJ-CN,test,selected_restart,-18.2,26.866666666666667,-0.1012240775860876,0.108676826770473
06878000,dPL-MLP,XAJ-Base,test,selected_restart,-10.066666666666666,19.666666666666668,-0.0814676134226253,0.0884011597213933
06878000,dPL-MLP,XAJ-TGD,test,selected_restart,-2.7333333333333334,19.133333333333333,-0.0782114345269928,0.0924332023439594
06878000,dPL-MLP,XAJ-CN,test,selected_restart,-0.1333333333333333,16.933333333333334,-0.0802888819016546,0.0929095179615208
06879650,IC-CMA-ES,XAJ-Base,test,selected_restart,11.6,20.666666666666668,-0.220465316658789,0.2295076320395853
06879650,IC-CMA-ES,XAJ-TGD,test,selected_restart,14.266666666666667,21.066666666666663,-0.2050319177762411,0.2154639750546203
06879650,IC-CMA-ES,XAJ-CN,test,selected_restart,12.266666666666667,20.53333333333333,-0.2029422027722737,0.2143207579678283
06879650,dPL-MLP,XAJ-Base,test,selected_restart,14.4,23.866666666666667,-0.2295802755013844,0.2385961343671864
06879650,dPL-MLP,XAJ-TGD,test,selected_restart,16.666666666666668,23.6,-0.2181273264542958,0.2278862486110117
06879650,dPL-MLP,XAJ-CN,test,selected_restart,15.666666666666666,23.666666666666668,-0.2194875958418589,0.2298145820524281
06885500,IC-CMA-ES,XAJ-Base,test,selected_restart,-2.8,33.6,-0.0649139068038142,0.1058633253812463
06885500,IC-CMA-ES,XAJ-TGD,test,selected_restart,20.53333333333333,27.73333333333333,-0.0258275132885452,0.0837054424019153
06885500,IC-CMA-ES,XAJ-CN,test,selected_restart,19.866666666666667,27.866666666666667,-0.0601355444899078,0.0870211780212741
06885500,dPL-MLP,XAJ-Base,test,selected_restart,13.333333333333334,24.4,-0.0416515173028783,0.0898237148880545
06885500,dPL-MLP,XAJ-TGD,test,selected_restart,11.333333333333334,20.0,-0.0355913600833094,0.0795472914724889
06885500,dPL-MLP,XAJ-CN,test,selected_restart,19.73333333333333,24.8,-0.0237087608884648,0.0866549904364347
06888500,IC-CMA-ES,XAJ-Base,test,selected_restart,4.133333333333334,10.133333333333333,-0.1425224730477425,0.1425224730477425
06888500,IC-CMA-ES,XAJ-TGD,test,selected_restart,6.933333333333334,11.733333333333333,-0.1202137817050708,0.1202137817050708
06888500,IC-CMA-ES,XAJ-CN,test,selected_restart,6.0,10.133333333333333,-0.1224974770452273,0.1224974770452273
06888500,dPL-MLP,XAJ-Base,test,selected_restart,7.666666666666667,13.0,-0.1079889942313922,0.1079889942313922
06888500,dPL-MLP,XAJ-TGD,test,selected_restart,10.6,14.466666666666669,-0.0924434154337339,0.0965829954580382
06888500,dPL-MLP,XAJ-CN,test,selected_restart,11.666666666666666,14.466666666666669,-0.0941707938021116,0.0969850538562835
06889200,IC-CMA-ES,XAJ-Base,test,selected_restart,10.866666666666667,26.866666666666667,-0.1139622294901556,0.1594360550888623
06889200,IC-CMA-ES,XAJ-TGD,test,selected_restart,17.133333333333333,22.466666666666665,-0.0566861017543819,0.1235795796561484
06889200,IC-CMA-ES,XAJ-CN,test,selected_restart,10.466666666666669,23.933333333333334,-0.0944966022172319,0.1503500641036277
06889200,dPL-MLP,XAJ-Base,test,selected_restart,17.266666666666666,24.2,-0.0726160768666612,0.1318083436681575
06889200,dPL-MLP,XAJ-TGD,test,selected_restart,17.4,23.8,-0.0614792291322099,0.1246489893787847
06889200,dPL-MLP,XAJ-CN,test,selected_restart,21.33333333333333,27.6,-0.0582864228883134,0.1251766454571233
06889500,IC-CMA-ES,XAJ-Base,test,selected_restart,-4.466666666666667,21.666666666666668,-0.0749676728972005,0.114803049560515
06889500,IC-CMA-ES,XAJ-TGD,test,selected_restart,-3.466666666666667,20.666666666666668,-0.0700248315660364,0.1107823973855654
06889500,IC-CMA-ES,XAJ-CN,test,selected_restart,5.333333333333333,18.666666666666668,-0.0104442650803136,0.1236646905384569
06889500,dPL-MLP,XAJ-Base,test,selected_restart,8.933333333333334,16.933333333333334,-0.0810041958817052,0.1217827027997652
06889500,dPL-MLP,XAJ-TGD,test,selected_restart,8.933333333333334,15.2,-0.0677618885763692,0.1129949267666816
06889500,dPL-MLP,XAJ-CN,test,selected_restart,11.066666666666666,18.8,-0.0655647183188008,0.1123195385894457
06892000,IC-CMA-ES,XAJ-Base,test,selected_restart,-0.7333333333333333,15.4,-0.1411513780698817,0.1417224965638886
06892000,IC-CMA-ES,XAJ-TGD,test,selected_restart,-3.1333333333333333,13.4,-0.1375798776890477,0.1375798776890477
06892000,IC-CMA-ES,XAJ-CN,test,selected_restart,1.4,8.333333333333334,-0.1109598035758377,0.1161432906584236
06892000,dPL-MLP,XAJ-Base,test,selected_restart,-2.466666666666667,14.733333333333333,-0.1218088641907415,0.1218088641907415
06892000,dPL-MLP,XAJ-TGD,test,selected_restart,-1.9333333333333331,13.133333333333333,-0.1167422796433807,0.1193507189150942
06892000,dPL-MLP,XAJ-CN,test,selected_restart,1.1333333333333333,11.0,-0.1082316731557886,0.1108801183796369
06903400,IC-CMA-ES,XAJ-Base,test,selected_restart,12.866666666666667,13.4,-0.1251384755987379,0.1450019442116528
06903400,IC-CMA-ES,XAJ-TGD,test,selected_restart,11.2,15.466666666666669,-0.1202866485733243,0.1324301867364835
06903400,IC-CMA-ES,XAJ-CN,test,selected_restart,12.466666666666669,15.4,-0.1081264914093864,0.1282699598829814
06903400,dPL-MLP,XAJ-Base,test,selected_restart,13.533333333333331,13.933333333333334,-0.1227246682860903,0.1483025971129844
06903400,dPL-MLP,XAJ-TGD,test,selected_restart,14.4,14.8,-0.1175538282611422,0.1481964313065319
06903400,dPL-MLP,XAJ-CN,test,selected_restart,14.466666666666669,14.866666666666667,-0.097104734283532,0.1381757034819194
06906800,IC-CMA-ES,XAJ-Base,test,selected_restart,-1.0,14.066666666666666,-0.0699912422652237,0.0851780002661256
06906800,IC-CMA-ES,XAJ-TGD,test,selected_restart,-2.6,12.333333333333334,-0.0659580358619683,0.0785634557751524
06906800,IC-CMA-ES,XAJ-CN,test,selected_restart,1.6666666666666667,13.533333333333331,-0.0645933900033626,0.0787366938031673
06906800,dPL-MLP,XAJ-Base,test,selected_restart,0.4,13.733333333333333,-0.0551557621613336,0.0757574233261454
06906800,dPL-MLP,XAJ-TGD,test,selected_restart,2.933333333333333,14.4,-0.0514840465044173,0.0741442573912648
06906800,dPL-MLP,XAJ-CN,test,selected_restart,3.466666666666667,14.133333333333333,-0.0483304452156218,0.0744608078337669
06910800,IC-CMA-ES,XAJ-Base,test,selected_restart,4.066666666666666,20.2,-0.0871819840984954,0.1303485387177116
06910800,IC-CMA-ES,XAJ-TGD,test,selected_restart,-2.1333333333333333,21.73333333333333,-0.1159799771624221,0.1550362919497847
06910800,IC-CMA-ES,XAJ-CN,test,selected_restart,2.466666666666667,20.466666666666665,-0.0694846508023553,0.1268358671278602
06910800,dPL-MLP,XAJ-Base,test,selected_restart,-1.6,21.2,-0.0691096869227701,0.1248078251608569
06910800,dPL-MLP,XAJ-TGD,test,selected_restart,-0.4,18.666666666666668,-0.0615857955930047,0.1197220011165585
06910800,dPL-MLP,XAJ-CN,test,selected_restart,2.533333333333333,18.266666666666666,-0.0528334714092228,0.1156728092442797
06911900,IC-CMA-ES,XAJ-Base,test,selected_restart,-6.8,24.0,-0.0893561995732574,0.1020175385869032
06911900,IC-CMA-ES,XAJ-TGD,test,selected_restart,-0.5333333333333333,17.2,-0.0681481447525609,0.1024207915053849
06911900,IC-CMA-ES,XAJ-CN,test,selected_restart,0.0666666666666666,17.4,-0.072120123774587,0.1088972225970114
06911900,dPL-MLP,XAJ-Base,test,selected_restart,-6.0,23.066666666666663,-0.0719693657465566,0.1031359845632476
06911900,dPL-MLP,XAJ-TGD,test,selected_restart,0.2,16.466666666666665,-0.0652575102158178,0.1052436546824866
06911900,dPL-MLP,XAJ-CN,test,selected_restart,5.133333333333334,12.066666666666666,-0.0566929933138479,0.0993162658157442
06917000,IC-CMA-ES,XAJ-Base,test,selected_restart,-4.933333333333334,16.533333333333335,-0.0709503957900659,0.0956641393323759
06917000,IC-CMA-ES,XAJ-TGD,test,selected_restart,-9.333333333333334,16.0,-0.0870998848749455,0.0909512418434182
06917000,IC-CMA-ES,XAJ-CN,test,selected_restart,-1.1333333333333333,11.266666666666667,-0.0648961493644372,0.0846706655306629
06917000,dPL-MLP,XAJ-Base,test,selected_restart,-4.733333333333333,16.6,-0.0829132735007262,0.0959284361113159
06917000,dPL-MLP,XAJ-TGD,test,selected_restart,-4.2,14.333333333333334,-0.0793382663799579,0.0902604199134322
06917000,dPL-MLP,XAJ-CN,test,selected_restart,0.1333333333333333,12.533333333333331,-0.0723089823398248,0.0893957501559504
06918460,IC-CMA-ES,XAJ-Base,test,selected_restart,4.333333333333333,9.4,-0.0075952897831113,0.0399378145439164
06918460,IC-CMA-ES,XAJ-TGD,test,selected_restart,3.533333333333333,8.2,-0.0197372978294204,0.0428881048860883
06918460,IC-CMA-ES,XAJ-CN,test,selected_restart,5.533333333333333,9.8,-0.0191431587302993,0.0400102560561043
06918460,dPL-MLP,XAJ-Base,test,selected_restart,4.466666666666667,8.733333333333333,-0.0048766961062263,0.041115489075853
06918460,dPL-MLP,XAJ-TGD,test,selected_restart,5.466666666666667,9.066666666666666,-0.0011379957561007,0.034379651978083
06918460,dPL-MLP,XAJ-CN,test,selected_restart,6.6,10.066666666666666,0.0013091931378532,0.0329813765055342
06919500,IC-CMA-ES,XAJ-Base,test,selected_restart,-1.1333333333333333,9.8,-0.1160261183884432,0.1289664814546609
06919500,IC-CMA-ES,XAJ-TGD,test,selected_restart,7.933333333333334,14.333333333333334,-0.0633730798867037,0.1035127286074345
06919500,IC-CMA-ES,XAJ-CN,test,selected_restart,5.666666666666667,12.466666666666669,-0.0835329373584877,0.1032749601483694
06919500,dPL-MLP,XAJ-Base,test,selected_restart,3.2,12.8,-0.0799186969704122,0.0922828217320742
06919500,dPL-MLP,XAJ-TGD,test,selected_restart,4.266666666666667,14.933333333333334,-0.0725594242321144,0.0833271658071181
06919500,dPL-MLP,XAJ-CN,test,selected_restart,4.8,12.533333333333331,-0.0797941366738767,0.0938740120970806
06921070,IC-CMA-ES,XAJ-Base,test,selected_restart,-5.466666666666667,12.666666666666666,-0.0469362425248551,0.0531049750222969
06921070,IC-CMA-ES,XAJ-TGD,test,selected_restart,-1.9333333333333331,11.4,-0.0285194220583367,0.0415678014375207
06921070,IC-CMA-ES,XAJ-CN,test,selected_restart,-1.5333333333333334,15.8,-0.0330922268272169,0.0508577675408168
06921070,dPL-MLP,XAJ-Base,test,selected_restart,-4.4,12.8,-0.0357082170685855,0.0481575824085003
06921070,dPL-MLP,XAJ-TGD,test,selected_restart,-2.8,12.533333333333331,-0.0296397395373113,0.0453258362062778
06921070,dPL-MLP,XAJ-CN,test,selected_restart,2.333333333333333,16.066666666666666,-0.0243866426190463,0.0474540997191993
06921200,IC-CMA-ES,XAJ-Base,test,selected_restart,1.5333333333333334,12.333333333333334,-0.0486732822069213,0.077539191984147
06921200,IC-CMA-ES,XAJ-TGD,test,selected_restart,0.8,13.733333333333333,-0.0716003752160753,0.099678123462774
06921200,IC-CMA-ES,XAJ-CN,test,selected_restart,8.266666666666667,11.866666666666667,-0.0188452165731475,0.0603830940001585
06921200,dPL-MLP,XAJ-Base,test,selected_restart,0.7333333333333333,9.8,-0.0426024090656326,0.0667639808330315
06921200,dPL-MLP,XAJ-TGD,test,selected_restart,4.733333333333333,11.133333333333333,-0.026940114936102,0.0604124177630869
06921200,dPL-MLP,XAJ-CN,test,selected_restart,7.8,10.333333333333334,-0.0335467777062143,0.070282062537807
07057500,IC-CMA-ES,XAJ-Base,test,selected_restart,-0.1333333333333333,11.333333333333334,-0.0081568464695427,0.037397179113691
07057500,IC-CMA-ES,XAJ-TGD,test,selected_restart,-2.6666666666666665,12.933333333333334,-0.0087393239199134,0.0376716922314371
07057500,IC-CMA-ES,XAJ-CN,test,selected_restart,-2.6,11.4,-0.0084013735313229,0.0373717656325703
07057500,dPL-MLP,XAJ-Base,test,selected_restart,1.4666666666666666,10.0,-0.0012007052758349,0.0310160791219271
07057500,dPL-MLP,XAJ-TGD,test,selected_restart,1.2,8.666666666666666,-0.0027268573700401,0.0290245160799222
07057500,dPL-MLP,XAJ-CN,test,selected_restart,4.066666666666666,10.066666666666666,0.0107830022713528,0.0322947760596788
07060710,IC-CMA-ES,XAJ-Base,test,selected_restart,-36.4,37.6,-0.1644932297811357,0.1644932297811357
07060710,IC-CMA-ES,XAJ-TGD,test,selected_restart,-13.4,17.666666666666668,-0.0535612551317063,0.0552606418210492
07060710,IC-CMA-ES,XAJ-CN,test,selected_restart,-10.466666666666669,13.933333333333334,-0.0562685894911932,0.0674148918509887
07060710,dPL-MLP,XAJ-Base,test,selected_restart,-9.666666666666666,12.733333333333333,-0.0489272567575621,0.0821891456494385
07060710,dPL-MLP,XAJ-TGD,test,selected_restart,-11.866666666666667,14.133333333333333,-0.0564113530462431,0.0861840853740428
07060710,dPL-MLP,XAJ-CN,test,selected_restart,-4.066666666666666,8.866666666666667,-0.0527624232516137,0.0797519000433383
07066000,IC-CMA-ES,XAJ-Base,test,selected_restart,-7.0,10.066666666666666,-0.0336210104897075,0.053996901110894
07066000,IC-CMA-ES,XAJ-TGD,test,selected_restart,-5.733333333333333,8.8,-0.0324499550535731,0.0551505857667193
07066000,IC-CMA-ES,XAJ-CN,test,selected_restart,-5.133333333333334,9.933333333333334,-0.0286896162305725,0.0597357151208476
07066000,dPL-MLP,XAJ-Base,test,selected_restart,1.0666666666666669,7.2,-0.0114185932352595,0.04106477285821
07066000,dPL-MLP,XAJ-TGD,test,selected_restart,2.333333333333333,6.733333333333333,-0.0093149078959676,0.0383347261488314
07066000,dPL-MLP,XAJ-CN,test,selected_restart,4.666666666666667,7.733333333333333,-0.0094198677017741,0.0389981672381689
07083000,IC-CMA-ES,XAJ-Base,test,selected_restart,-64.73333333333333,64.73333333333333,-0.3391365219226023,0.3391365219226023
07083000,IC-CMA-ES,XAJ-TGD,test,selected_restart,-15.266666666666667,15.266666666666667,0.0466136049160818,0.0626819990290136
07083000,IC-CMA-ES,XAJ-CN,test,selected_restart,0.0666666666666666,2.8666666666666667,0.0187021167009532,0.044410613947908
07083000,dPL-MLP,XAJ-Base,test,selected_restart,-62.93333333333333,62.93333333333333,-0.3155447372864227,0.3155447372864227
07083000,dPL-MLP,XAJ-TGD,test,selected_restart,-20.466666666666665,20.466666666666665,0.0069604705700734,0.0483441191841015
07083000,dPL-MLP,XAJ-CN,test,selected_restart,-6.4,6.4,-0.0438044040471852,0.0481709033215443
07142300,IC-CMA-ES,XAJ-Base,test,selected_restart,-7.133333333333334,84.2,-0.1114003813014875,0.1680700303975593
07142300,IC-CMA-ES,XAJ-TGD,test,selected_restart,8.2,61.13333333333333,-0.1106681923813075,0.1433622119600938
07142300,IC-CMA-ES,XAJ-CN,test,selected_restart,4.133333333333334,82.53333333333333,-0.0589730710532715,0.1429767368636265
07142300,dPL-MLP,XAJ-Base,test,selected_restart,14.933333333333334,55.73333333333333,-0.0734070828305135,0.1225536852088247
07142300,dPL-MLP,XAJ-TGD,test,selected_restart,19.33333333333333,64.8,-0.0452877810345541,0.1141294934751326
07142300,dPL-MLP,XAJ-CN,test,selected_restart,22.73333333333333,61.93333333333333,-0.0533513685809026,0.1097842713738041
07145700,IC-CMA-ES,XAJ-Base,test,selected_restart,-1.5333333333333334,8.6,-0.0393469122492977,0.0526983011139442
07145700,IC-CMA-ES,XAJ-TGD,test,selected_restart,-14.266666666666667,17.6,-0.0805152473294446,0.0899738901076696
07145700,IC-CMA-ES,XAJ-CN,test,selected_restart,-10.466666666666669,19.666666666666668,-0.0693088374976028,0.0788289311314844
07145700,dPL-MLP,XAJ-Base,test,selected_restart,-5.4,9.0,-0.0443099814100771,0.0639856525813593
07145700,dPL-MLP,XAJ-TGD,test,selected_restart,4.466666666666667,6.6,0.003555944815903,0.0646188754629137
07145700,dPL-MLP,XAJ-CN,test,selected_restart,3.6,6.0,0.0077252777970126,0.0620124994507473
07167500,IC-CMA-ES,XAJ-Base,test,selected_restart,-3.733333333333333,26.53333333333333,-0.0559612569248524,0.110253370058767
07167500,IC-CMA-ES,XAJ-TGD,test,selected_restart,-1.8,31.53333333333333,-0.0550739315187778,0.108085756930576
07167500,IC-CMA-ES,XAJ-CN,test,selected_restart,-2.2666666666666666,28.933333333333334,-0.0390348193085041,0.0984672428936177
07167500,dPL-MLP,XAJ-Base,test,selected_restart,-7.266666666666667,22.2,-0.0386631058688806,0.0927565562237842
07167500,dPL-MLP,XAJ-TGD,test,selected_restart,-5.266666666666667,23.933333333333334,-0.0298937824404087,0.0976389826208331
07167500,dPL-MLP,XAJ-CN,test,selected_restart,1.4666666666666666,28.4,-0.0212419467206643,0.0971221795548974
07180500,IC-CMA-ES,XAJ-Base,test,selected_restart,12.2,17.0,-0.0351836560510699,0.0694407244119971
07180500,IC-CMA-ES,XAJ-TGD,test,selected_restart,2.8,16.133333333333333,-0.0898596662623787,0.1018514019014663
07180500,IC-CMA-ES,XAJ-CN,test,selected_restart,12.733333333333333,14.6,-0.059831135307064,0.0755077505396896
07180500,dPL-MLP,XAJ-Base,test,selected_restart,15.8,19.4,-0.023849004342467,0.0576677072182162
07180500,dPL-MLP,XAJ-TGD,test,selected_restart,17.733333333333334,18.8,-0.0158363022747739,0.0535945675159229
07180500,dPL-MLP,XAJ-CN,test,selected_restart,21.73333333333333,22.933333333333334,-0.0047952272835477,0.0527472626606189
07184000,IC-CMA-ES,XAJ-Base,test,selected_restart,17.066666666666666,19.6,-0.0556467469586302,0.0747865577092855
07184000,IC-CMA-ES,XAJ-TGD,test,selected_restart,17.066666666666666,19.6,-0.0558051989528904,0.0749450097035456
07184000,IC-CMA-ES,XAJ-CN,test,selected_restart,23.133333333333333,24.33333333333333,-0.043567299450772,0.069162817751476
07184000,dPL-MLP,XAJ-Base,test,selected_restart,3.1333333333333333,5.266666666666667,-0.0303838596794376,0.0425481702537884
07184000,dPL-MLP,XAJ-TGD,test,selected_restart,2.6666666666666665,5.733333333333333,-0.0297172234508762,0.0390586739432364
07184000,dPL-MLP,XAJ-CN,test,selected_restart,5.133333333333334,6.6,-0.0180066641224791,0.0356206021013046
07195800,IC-CMA-ES,XAJ-Base,test,selected_restart,-2.8,12.8,-0.0043630208006959,0.0371495051170811
07195800,IC-CMA-ES,XAJ-TGD,test,selected_restart,0.1333333333333333,12.266666666666667,0.002548676189635,0.0365284008766636
07195800,IC-CMA-ES,XAJ-CN,test,selected_restart,-2.2,14.2,0.0030818377503294,0.0424427347098917
07195800,dPL-MLP,XAJ-Base,test,selected_restart,-3.733333333333333,11.2,-0.0138403351536851,0.0399579304762758
07195800,dPL-MLP,XAJ-TGD,test,selected_restart,-0.2666666666666666,12.0,0.0041516566841342,0.0384645628289714
07195800,dPL-MLP,XAJ-CN,test,selected_restart,-2.933333333333333,10.8,-0.0201930309764009,0.0445278772661369
07196900,IC-CMA-ES,XAJ-Base,test,selected_restart,-9.866666666666667,18.8,-0.0238439055697197,0.0386912992395326
07196900,IC-CMA-ES,XAJ-TGD,test,selected_restart,-7.866666666666666,17.466666666666665,-0.0123314527090464,0.043266195634739
07196900,IC-CMA-ES,XAJ-CN,test,selected_restart,-6.2,15.933333333333334,-0.0074177103654617,0.0404132409679781
07196900,dPL-MLP,XAJ-Base,test,selected_restart,-1.5333333333333334,12.6,0.0036487328592861,0.0514851126331567
07196900,dPL-MLP,XAJ-TGD,test,selected_restart,-3.0,13.133333333333333,0.002956961352023,0.0502039584774255
07196900,dPL-MLP,XAJ-CN,test,selected_restart,-5.333333333333333,15.6,-0.0004779316401555,0.0406002183008707
07197000,IC-CMA-ES,XAJ-Base,test,selected_restart,-3.2,14.533333333333331,-0.0438084387487146,0.0587808141690013
07197000,IC-CMA-ES,XAJ-TGD,test,selected_restart,-2.6666666666666665,13.733333333333333,-0.0410764101848973,0.0519521000171795
07197000,IC-CMA-ES,XAJ-CN,test,selected_restart,-0.8,13.466666666666669,-0.0398749245907836,0.0567416508576787
07197000,dPL-MLP,XAJ-Base,test,selected_restart,-3.4,15.0,-0.0396326595252725,0.0528924477284247
07197000,dPL-MLP,XAJ-TGD,test,selected_restart,-2.8666666666666667,14.733333333333333,-0.0361464146480931,0.0538275045340354
07197000,dPL-MLP,XAJ-CN,test,selected_restart,1.4666666666666666,12.533333333333331,-0.029858149459558,0.0493051257063227
07208500,IC-CMA-ES,XAJ-Base,test,selected_restart,-23.8,38.73333333333333,-0.2563933686506746,0.2563933686506746
07208500,IC-CMA-ES,XAJ-TGD,test,selected_restart,37.46666666666667,40.4,-0.0735235359362758,0.0979091946125043
07208500,IC-CMA-ES,XAJ-CN,test,selected_restart,23.6,33.733333333333334,-0.1246376470816132,0.127799587535708
07208500,dPL-MLP,XAJ-Base,test,selected_restart,-18.8,30.0,-0.2288838203839458,0.2288838203839458
07208500,dPL-MLP,XAJ-TGD,test,selected_restart,32.333333333333336,35.13333333333333,-0.0706091231199102,0.091006611543059
07208500,dPL-MLP,XAJ-CN,test,selected_restart,31.866666666666667,38.66666666666666,-0.1247505760284262,0.1260360867657749
07261000,IC-CMA-ES,XAJ-Base,test,selected_restart,1.4,11.666666666666666,0.0115488503159407,0.0466923095560991
07261000,IC-CMA-ES,XAJ-TGD,test,selected_restart,0.6666666666666666,12.266666666666667,0.0088648293198469,0.0475120482620521
07261000,IC-CMA-ES,XAJ-CN,test,selected_restart,2.6666666666666665,10.533333333333331,0.0108200702847365,0.0471364029026949
07261000,dPL-MLP,XAJ-Base,test,selected_restart,1.4,5.666666666666667,0.001772719997299,0.0394768111397407
07261000,dPL-MLP,XAJ-TGD,test,selected_restart,,,,
07261000,dPL-MLP,XAJ-CN,test,selected_restart,4.6,7.0,0.0146802006941361,0.0380292475967763
07263295,IC-CMA-ES,XAJ-Base,test,selected_restart,-4.066666666666666,7.533333333333333,0.0133814820730711,0.0481692373982377
07263295,IC-CMA-ES,XAJ-TGD,test,selected_restart,-11.2,15.733333333333333,-0.0141069564636522,0.0521085612003758
07263295,IC-CMA-ES,XAJ-CN,test,selected_restart,-2.6666666666666665,18.933333333333334,0.0089151590152607,0.0584193690925735
07263295,dPL-MLP,XAJ-Base,test,selected_restart,-2.2666666666666666,15.866666666666667,-0.0047360219971313,0.062911691710035
07263295,dPL-MLP,XAJ-TGD,test,selected_restart,-1.9333333333333331,14.733333333333333,-0.0013188524460766,0.0563277414579106
07263295,dPL-MLP,XAJ-CN,test,selected_restart,1.4666666666666666,13.6,0.008180303532285,0.052854220748931
07299670,IC-CMA-ES,XAJ-Base,test,selected_restart,-59.333333333333336,70.93333333333334,-0.1391236839857801,0.1600581695352464
07299670,IC-CMA-ES,XAJ-TGD,test,selected_restart,-40.53333333333333,57.46666666666667,-0.0933074134754245,0.1307359992598637
07299670,IC-CMA-ES,XAJ-CN,test,selected_restart,-59.53333333333333,71.0,-0.1302603491313362,0.1350232143913179
07299670,dPL-MLP,XAJ-Base,test,selected_restart,-56.4,72.53333333333333,-0.1123478638050064,0.184093589125646
07299670,dPL-MLP,XAJ-TGD,test,selected_restart,-24.73333333333333,58.06666666666667,-0.059051628477087,0.1533195264234102
07299670,dPL-MLP,XAJ-CN,test,selected_restart,-52.46666666666667,68.73333333333333,-0.100581732458582,0.1808639674520223
07301410,IC-CMA-ES,XAJ-Base,test,selected_restart,4.466666666666667,26.6,-0.0657891612120189,0.0807367246376865
07301410,IC-CMA-ES,XAJ-TGD,test,selected_restart,2.6666666666666665,24.4,-0.0754298220940151,0.0849880477631687
07301410,IC-CMA-ES,XAJ-CN,test,selected_restart,17.133333333333333,24.2,-0.0407476167746105,0.0733931375512395
07301410,dPL-MLP,XAJ-Base,test,selected_restart,17.8,33.93333333333333,-0.0122388522692241,0.1016695513967782
07301410,dPL-MLP,XAJ-TGD,test,selected_restart,27.53333333333333,32.06666666666667,-0.0113472104934571,0.0796229605179714
07301410,dPL-MLP,XAJ-CN,test,selected_restart,19.6,27.866666666666667,-0.019910137938233,0.0782236550551342
07315200,IC-CMA-ES,XAJ-Base,test,selected_restart,-1.0666666666666669,52.13333333333333,-0.1278366422927742,0.1727366345174775
07315200,IC-CMA-ES,XAJ-TGD,test,selected_restart,-1.8666666666666667,52.13333333333333,-0.1485479440566266,0.1769946942698647
07315200,IC-CMA-ES,XAJ-CN,test,selected_restart,-29.4,39.4,-0.1578456806666021,0.2126444690456989
07315200,dPL-MLP,XAJ-Base,test,selected_restart,-4.6,38.73333333333333,-0.1182468357211713,0.1762365727346827
07315200,dPL-MLP,XAJ-TGD,test,selected_restart,-2.4,39.86666666666667,-0.1163648325976098,0.1730185466479946
07315200,dPL-MLP,XAJ-CN,test,selected_restart,-1.1333333333333333,44.2,-0.1199069298829997,0.1723942978900362
07315700,IC-CMA-ES,XAJ-Base,test,selected_restart,-25.466666666666665,32.8,-0.1227148887141962,0.1305586038881347
07315700,IC-CMA-ES,XAJ-TGD,test,selected_restart,-22.33333333333333,29.0,-0.1262707525615313,0.1321763409185571
07315700,IC-CMA-ES,XAJ-CN,test,selected_restart,-20.866666666666667,25.8,-0.0966049439335285,0.1011558705137551
07315700,dPL-MLP,XAJ-Base,test,selected_restart,-27.666666666666668,29.8,-0.1149178230886081,0.1198014783867362
07315700,dPL-MLP,XAJ-TGD,test,selected_restart,-24.066666666666663,27.666666666666668,-0.1099656646822312,0.1107800395082866
07315700,dPL-MLP,XAJ-CN,test,selected_restart,-24.933333333333334,28.0,-0.1102918795371472,0.1110488379539485
07335700,IC-CMA-ES,XAJ-Base,test,selected_restart,1.4666666666666666,18.666666666666668,0.0126867051543355,0.0572589696043082
07335700,IC-CMA-ES,XAJ-TGD,test,selected_restart,4.4,20.4,0.0126346563916961,0.0562376261346885
07335700,IC-CMA-ES,XAJ-CN,test,selected_restart,4.2,20.866666666666667,0.0144393832108935,0.0569228585157144
07335700,dPL-MLP,XAJ-Base,test,selected_restart,5.066666666666666,19.33333333333333,0.0137029693148096,0.0534428150051185
07335700,dPL-MLP,XAJ-TGD,test,selected_restart,4.866666666666666,19.666666666666668,0.0137821809074839,0.0539895475500174
07335700,dPL-MLP,XAJ-CN,test,selected_restart,6.666666666666667,20.666666666666668,0.0133813232800921,0.0521844362808613
07340300,IC-CMA-ES,XAJ-Base,test,selected_restart,-1.2666666666666666,11.8,-0.0047921485047046,0.0386514337804748
07340300,IC-CMA-ES,XAJ-TGD,test,selected_restart,-0.4,11.733333333333333,-0.0011936655978862,0.0372432308342888
07340300,IC-CMA-ES,XAJ-CN,test,selected_restart,0.5333333333333333,13.066666666666666,0.0061492580830549,0.0348760830309822
07340300,dPL-MLP,XAJ-Base,test,selected_restart,1.1333333333333333,11.666666666666666,0.0064686406313871,0.0391179757264091
07340300,dPL-MLP,XAJ-TGD,test,selected_restart,1.6,11.733333333333333,0.0074433668116227,0.0389276764737401
07340300,dPL-MLP,XAJ-CN,test,selected_restart,8.6,10.6,0.0227618091960246,0.0412935775759686
07346045,IC-CMA-ES,XAJ-Base,test,selected_restart,7.533333333333333,15.8,0.0129469029283291,0.038190698057194
07346045,IC-CMA-ES,XAJ-TGD,test,selected_restart,7.466666666666667,17.066666666666666,0.0096770343359079,0.0391304689009536
07346045,IC-CMA-ES,XAJ-CN,test,selected_restart,2.6666666666666665,16.533333333333335,-0.0013883861724767,0.0302888319405342
07346045,dPL-MLP,XAJ-Base,test,selected_restart,6.133333333333334,15.2,-0.00320952115697,0.042368149051618
07346045,dPL-MLP,XAJ-TGD,test,selected_restart,6.866666666666666,15.266666666666667,-0.002032278758708,0.0410281104739025
07346045,dPL-MLP,XAJ-CN,test,selected_restart,7.133333333333334,15.533333333333331,-0.000755563162191,0.0420785439904048
08023080,IC-CMA-ES,XAJ-Base,test,selected_restart,0.4666666666666667,18.2,0.0256398461387718,0.0666873936696847
08023080,IC-CMA-ES,XAJ-TGD,test,selected_restart,-9.2,20.133333333333333,-0.0079585214827294,0.0578335207292268
08023080,IC-CMA-ES,XAJ-CN,test,selected_restart,-7.333333333333333,19.066666666666663,0.0137422608461146,0.0602059628509116
08023080,dPL-MLP,XAJ-Base,test,selected_restart,-0.0666666666666666,18.6,0.0236648367967372,0.0638908664230505
08023080,dPL-MLP,XAJ-TGD,test,selected_restart,-2.1333333333333333,19.066666666666663,0.0190330270306433,0.0644371835565284
08023080,dPL-MLP,XAJ-CN,test,selected_restart,-2.933333333333333,19.066666666666663,0.0139449648187721,0.0625591376846746
08050800,IC-CMA-ES,XAJ-Base,test,selected_restart,-16.6,18.6,-0.1223888241188215,0.1709285265322244
08050800,IC-CMA-ES,XAJ-TGD,test,selected_restart,-14.6,16.6,-0.1242125846879171,0.1664788892980134
08050800,IC-CMA-ES,XAJ-CN,test,selected_restart,-16.266666666666666,18.133333333333333,-0.1368095763461279,0.1586517445147135
08050800,dPL-MLP,XAJ-Base,test,selected_restart,-16.266666666666666,18.666666666666668,-0.1056498838401324,0.1224991288681922
08050800,dPL-MLP,XAJ-TGD,test,selected_restart,-10.733333333333333,15.266666666666667,-0.1142861940400289,0.126651646197225
08050800,dPL-MLP,XAJ-CN,test,selected_restart,-11.8,15.266666666666667,-0.1197542056874918,0.1404721542596915
08066200,IC-CMA-ES,XAJ-Base,test,selected_restart,-15.0,29.933333333333334,-0.0447081250113185,0.0731067977334951
08066200,IC-CMA-ES,XAJ-TGD,test,selected_restart,-18.933333333333334,32.13333333333333,-0.047810032185111,0.0841233298064554
08066200,IC-CMA-ES,XAJ-CN,test,selected_restart,-18.066666666666663,32.86666666666667,-0.0595294482670164,0.0813469973145865
08066200,dPL-MLP,XAJ-Base,test,selected_restart,3.066666666666667,24.933333333333334,-0.0640701437654034,0.07076285500035
08066200,dPL-MLP,XAJ-TGD,test,selected_restart,-5.266666666666667,28.73333333333333,-0.0812765347125069,0.0841196490154825
08066200,dPL-MLP,XAJ-CN,test,selected_restart,-4.333333333333333,28.066666666666663,-0.0741753236986137,0.0781644704144361
08066300,IC-CMA-ES,XAJ-Base,test,selected_restart,-26.4,36.0,-0.0375611714479442,0.0850911599851456
08066300,IC-CMA-ES,XAJ-TGD,test,selected_restart,-22.266666666666666,32.0,-0.020495058728468,0.05726363785538
08066300,IC-CMA-ES,XAJ-CN,test,selected_restart,-19.73333333333333,34.0,-0.0209481210839864,0.0593215572582972
08066300,dPL-MLP,XAJ-Base,test,selected_restart,-17.0,26.2,-0.0213095630290226,0.067451872827576
08066300,dPL-MLP,XAJ-TGD,test,selected_restart,-18.33333333333333,28.2,-0.0217864754380898,0.0699043950954739
08066300,dPL-MLP,XAJ-CN,test,selected_restart,-18.4,27.6,-0.0260307498357809,0.0709706303415555
08070000,IC-CMA-ES,XAJ-Base,test,selected_restart,-10.066666666666666,18.866666666666667,-0.0258272671606378,0.0452960533509933
08070000,IC-CMA-ES,XAJ-TGD,test,selected_restart,-10.666666666666666,25.2,-0.0316313905175762,0.0429651345370271
08070000,IC-CMA-ES,XAJ-CN,test,selected_restart,-8.2,30.2,-0.0382722202843663,0.0507502331312809
08070000,dPL-MLP,XAJ-Base,test,selected_restart,-2.533333333333333,9.866666666666667,0.0015739384883406,0.0532046170768236
08070000,dPL-MLP,XAJ-TGD,test,selected_restart,-3.8666666666666663,11.2,-0.0061484892076489,0.0555346279578502
08070000,dPL-MLP,XAJ-CN,test,selected_restart,-2.2666666666666666,10.4,-0.0030270836160815,0.0473967027403012
08070200,IC-CMA-ES,XAJ-Base,test,selected_restart,-8.4,33.46666666666667,-0.0219923029999268,0.0640026076729379
08070200,IC-CMA-ES,XAJ-TGD,test,selected_restart,-11.466666666666669,18.0,-0.0167886239201161,0.0496830063150761
08070200,IC-CMA-ES,XAJ-CN,test,selected_restart,-17.8,23.266666666666666,-0.032870130182339,0.0724485826164676
08070200,dPL-MLP,XAJ-Base,test,selected_restart,-4.6,12.066666666666666,0.0042268692170249,0.0439734499026201
08070200,dPL-MLP,XAJ-TGD,test,selected_restart,-7.266666666666667,13.8,-0.0049831329569551,0.0498095814256943
08070200,dPL-MLP,XAJ-CN,test,selected_restart,-4.933333333333334,12.4,0.002944478389091,0.0426170288641117
08082700,IC-CMA-ES,XAJ-Base,test,selected_restart,-51.6,70.8,-0.3705981422092207,0.3966476502796043
08082700,IC-CMA-ES,XAJ-TGD,test,selected_restart,-52.13333333333333,72.13333333333334,-0.3695499761527466,0.3953952002306808
08082700,IC-CMA-ES,XAJ-CN,test,selected_restart,-45.6,68.53333333333333,-0.3532349895562418,0.3890915940483441
08082700,dPL-MLP,XAJ-Base,test,selected_restart,-44.13333333333333,63.46666666666667,-0.3820386495317706,0.3998866781870553
08082700,dPL-MLP,XAJ-TGD,test,selected_restart,-40.53333333333333,71.06666666666666,-0.3651628068214345,0.3812003158115196
08082700,dPL-MLP,XAJ-CN,test,selected_restart,-35.53333333333333,66.06666666666666,-0.3779267047718851,0.3922526189518817
08086212,IC-CMA-ES,XAJ-Base,test,selected_restart,-36.0,36.266666666666666,-0.2976109407651213,0.3310145665487242
08086212,IC-CMA-ES,XAJ-TGD,test,selected_restart,-27.2,28.4,-0.2020778372071969,0.241978210325598
08086212,IC-CMA-ES,XAJ-CN,test,selected_restart,-36.6,36.73333333333333,-0.2927133877570716,0.3227856110998086
08086212,dPL-MLP,XAJ-Base,test,selected_restart,-24.866666666666667,26.2,-0.2126456993751513,0.2541651065057111
08086212,dPL-MLP,XAJ-TGD,test,selected_restart,-23.4,25.53333333333333,-0.2094362284176337,0.2481509668037884
08086212,dPL-MLP,XAJ-CN,test,selected_restart,-24.066666666666663,27.0,-0.2147692742876994,0.2585479875311844
08086290,IC-CMA-ES,XAJ-Base,test,selected_restart,-47.13333333333333,47.266666666666666,-0.2749873348876504,0.3126348073092984
08086290,IC-CMA-ES,XAJ-TGD,test,selected_restart,-59.13333333333333,60.2,-0.2653026107752987,0.3469667208148855
08086290,IC-CMA-ES,XAJ-CN,test,selected_restart,-52.333333333333336,57.0,-0.2578689708118308,0.3242678969907648
08086290,dPL-MLP,XAJ-Base,test,selected_restart,-41.86666666666667,42.4,-0.2200063590014645,0.2532950338977825
08086290,dPL-MLP,XAJ-TGD,test,selected_restart,-39.266666666666666,40.86666666666667,-0.2151502290174035,0.2465288293618213
08086290,dPL-MLP,XAJ-CN,test,selected_restart,-39.46666666666667,41.06666666666667,-0.2178168141647844,0.2524359789747249
08101000,IC-CMA-ES,XAJ-Base,test,selected_restart,-25.0,31.133333333333333,-0.1047022108306812,0.1325279163495317
08101000,IC-CMA-ES,XAJ-TGD,test,selected_restart,-16.6,25.666666666666668,-0.0832050469090865,0.1108840445355192
08101000,IC-CMA-ES,XAJ-CN,test,selected_restart,-24.0,33.333333333333336,-0.0899918609927422,0.1239284704921162
08101000,dPL-MLP,XAJ-Base,test,selected_restart,-16.133333333333333,22.0,-0.0722258450160748,0.1043357368105517
08101000,dPL-MLP,XAJ-TGD,test,selected_restart,-16.666666666666668,22.53333333333333,-0.0785177535385218,0.1133386533254252
08101000,dPL-MLP,XAJ-CN,test,selected_restart,-16.4,22.266666666666666,-0.0702263031473087,0.1019514429861174
08103900,IC-CMA-ES,XAJ-Base,test,selected_restart,-7.4,27.8,-0.0150713565612125,0.1026868046247475
08103900,IC-CMA-ES,XAJ-TGD,test,selected_restart,-5.533333333333333,26.6,-0.0048852923178958,0.1090573995149262
08103900,IC-CMA-ES,XAJ-CN,test,selected_restart,-6.666666666666667,29.066666666666663,-0.0157936322355556,0.1037492986444148
08103900,dPL-MLP,XAJ-Base,test,selected_restart,-4.2,30.33333333333333,-0.0170371748670228,0.1068989043039914
08103900,dPL-MLP,XAJ-TGD,test,selected_restart,-7.333333333333333,28.666666666666668,-0.0207776283387629,0.105067542446958
08103900,dPL-MLP,XAJ-CN,test,selected_restart,-5.533333333333333,30.33333333333333,-0.0189055177235889,0.103114532391512
08104900,IC-CMA-ES,XAJ-Base,test,selected_restart,-26.466666666666665,30.33333333333333,-0.0473483556502972,0.0970450389628898
08104900,IC-CMA-ES,XAJ-TGD,test,selected_restart,-20.266666666666666,39.333333333333336,-0.0824727663391743,0.1214706113390603
08104900,IC-CMA-ES,XAJ-CN,test,selected_restart,-25.2,32.8,-0.0778765843802605,0.1142088414157289
08104900,dPL-MLP,XAJ-Base,test,selected_restart,-32.8,36.8,-0.0576501596961333,0.1020614337508652
08104900,dPL-MLP,XAJ-TGD,test,selected_restart,-19.933333333333334,21.133333333333333,-0.0514245556288872,0.0914370068991953
08104900,dPL-MLP,XAJ-CN,test,selected_restart,-25.933333333333334,27.266666666666666,-0.0537552504732126,0.093840320069072
08109700,IC-CMA-ES,XAJ-Base,test,selected_restart,5.6,27.73333333333333,-0.0204289856974653,0.0695422739731946
08109700,IC-CMA-ES,XAJ-TGD,test,selected_restart,3.0,30.066666666666663,-0.0248187563369047,0.0551901030479688
08109700,IC-CMA-ES,XAJ-CN,test,selected_restart,2.2666666666666666,27.73333333333333,-0.0303265452682347,0.0582325574918525
08109700,dPL-MLP,XAJ-Base,test,selected_restart,11.0,27.8,-0.0215135239362092,0.081153413721068
08109700,dPL-MLP,XAJ-TGD,test,selected_restart,13.8,26.466666666666665,-0.0346948090617231,0.0849768271713598
08109700,dPL-MLP,XAJ-CN,test,selected_restart,11.266666666666667,31.133333333333333,-0.0179516022701434,0.0788180878502324
08150800,IC-CMA-ES,XAJ-Base,test,selected_restart,5.866666666666666,50.93333333333333,-0.0673971923658136,0.1717471180237966
08150800,IC-CMA-ES,XAJ-TGD,test,selected_restart,17.733333333333334,38.0,-0.0543842487006271,0.1668838782261769
08150800,IC-CMA-ES,XAJ-CN,test,selected_restart,6.2,51.266666666666666,-0.0655969622203592,0.176759037963788
08150800,dPL-MLP,XAJ-Base,test,selected_restart,5.533333333333333,42.86666666666667,-0.0448902685164296,0.1421927760206895
08150800,dPL-MLP,XAJ-TGD,test,selected_restart,6.466666666666667,40.46666666666667,-0.0450666823703928,0.1337429353993098
08150800,dPL-MLP,XAJ-CN,test,selected_restart,5.133333333333334,41.53333333333333,-0.0456910042682175,0.133027603245103
08158700,IC-CMA-ES,XAJ-Base,test,selected_restart,8.357142857142858,33.5,-0.0389451151870006,0.094333651680306
08158700,IC-CMA-ES,XAJ-TGD,test,selected_restart,0.0,23.428571428571427,-0.0336485686203014,0.0934919047449066
08158700,IC-CMA-ES,XAJ-CN,test,selected_restart,12.285714285714286,31.285714285714285,-0.0240339342927109,0.0881590491528826
08158700,dPL-MLP,XAJ-Base,test,selected_restart,8.714285714285714,28.571428571428573,-0.0299078781047917,0.0892252151585264
08158700,dPL-MLP,XAJ-TGD,test,selected_restart,10.5,30.642857142857142,-0.031511442751419,0.0874472401367979
08158700,dPL-MLP,XAJ-CN,test,selected_restart,12.214285714285714,33.07142857142857,-0.0331360257520023,0.0897054375412422
08158810,IC-CMA-ES,XAJ-Base,test,selected_restart,-31.066666666666663,38.66666666666666,-0.0271702663264617,0.0606414238475751
08158810,IC-CMA-ES,XAJ-TGD,test,selected_restart,-34.0,42.266666666666666,-0.0542736982218369,0.0714890578309542
08158810,IC-CMA-ES,XAJ-CN,test,selected_restart,-19.666666666666668,33.93333333333333,-0.010561573124125,0.0740404456242219
08158810,dPL-MLP,XAJ-Base,test,selected_restart,-10.6,23.8,-0.028865508602256,0.0504392224749716
08158810,dPL-MLP,XAJ-TGD,test,selected_restart,-5.2,19.33333333333333,-0.0285984417957012,0.0502027270085018
08158810,dPL-MLP,XAJ-CN,test,selected_restart,-11.333333333333334,24.666666666666668,-0.0265871791702454,0.0510497732163263
08164300,IC-CMA-ES,XAJ-Base,test,selected_restart,-26.066666666666663,27.933333333333334,-0.0834673302984854,0.0979072686102492
08164300,IC-CMA-ES,XAJ-TGD,test,selected_restart,-15.066666666666666,28.266666666666666,-0.0456428113354117,0.0640042873427691
08164300,IC-CMA-ES,XAJ-CN,test,selected_restart,0.0666666666666666,35.266666666666666,-0.047695957337605,0.0781266778536067
08164300,dPL-MLP,XAJ-Base,test,selected_restart,-8.533333333333333,22.933333333333334,-0.0481479084390273,0.0666810610449035
08164300,dPL-MLP,XAJ-TGD,test,selected_restart,-14.866666666666667,19.266666666666666,-0.0678086027774086,0.0685372847650733
08164300,dPL-MLP,XAJ-CN,test,selected_restart,-4.466666666666667,19.933333333333334,-0.0450664173461865,0.0648310510680588
08164600,IC-CMA-ES,XAJ-Base,test,selected_restart,-9.8,21.666666666666668,-0.0001126861679896,0.1214549440932193
08164600,IC-CMA-ES,XAJ-TGD,test,selected_restart,-1.2,21.2,0.0120249603220198,0.1130444684878295
08164600,IC-CMA-ES,XAJ-CN,test,selected_restart,-2.0,19.866666666666667,0.0164710121971492,0.1235393649817555
08164600,dPL-MLP,XAJ-Base,test,selected_restart,-18.0,21.2,-0.0248766110855838,0.0694669685299463
08164600,dPL-MLP,XAJ-TGD,test,selected_restart,-14.866666666666667,19.666666666666668,-0.0212550672503561,0.0661879361648446
08164600,dPL-MLP,XAJ-CN,test,selected_restart,-7.533333333333333,22.6,-0.0161613906379541,0.0687889491491285
08165300,IC-CMA-ES,XAJ-Base,test,selected_restart,20.2,73.4,0.0066037650358201,0.145871875112161
08165300,IC-CMA-ES,XAJ-TGD,test,selected_restart,29.0,81.53333333333333,0.0048086421391885,0.1380808792729161
08165300,IC-CMA-ES,XAJ-CN,test,selected_restart,17.8,84.06666666666666,-0.0177669558225551,0.1472678315857035
08165300,dPL-MLP,XAJ-Base,test,selected_restart,21.53333333333333,26.866666666666667,0.0102013748587689,0.0647999677731287
08165300,dPL-MLP,XAJ-TGD,test,selected_restart,21.6,24.8,0.0126806499264162,0.0570978317333948
08165300,dPL-MLP,XAJ-CN,test,selected_restart,21.866666666666667,26.133333333333333,0.0117291581334194,0.0632184270693552
08171300,IC-CMA-ES,XAJ-Base,test,selected_restart,21.0,58.2,-0.033886204395354,0.1392849856985809
08171300,IC-CMA-ES,XAJ-TGD,test,selected_restart,-4.533333333333333,22.0,-0.0102207477973503,0.1147537125241707
08171300,IC-CMA-ES,XAJ-CN,test,selected_restart,16.6,45.93333333333333,-0.0342053526229264,0.1284727429969313
08171300,dPL-MLP,XAJ-Base,test,selected_restart,8.333333333333334,19.53333333333333,0.0051400888873535,0.094657752527953
08171300,dPL-MLP,XAJ-TGD,test,selected_restart,9.666666666666666,22.73333333333333,0.0044779222620922,0.0957753932140353
08171300,dPL-MLP,XAJ-CN,test,selected_restart,9.066666666666666,19.6,0.0054452443036832,0.0940989151670083
08175000,IC-CMA-ES,XAJ-Base,test,selected_restart,-6.533333333333333,36.13333333333333,-0.0472720262845973,0.0885393387573984
08175000,IC-CMA-ES,XAJ-TGD,test,selected_restart,7.066666666666666,18.0,-0.0600214186686396,0.0888086168745563
08175000,IC-CMA-ES,XAJ-CN,test,selected_restart,0.4666666666666667,25.4,-0.0491477044550697,0.0940692511650894
08175000,dPL-MLP,XAJ-Base,test,selected_restart,-6.466666666666667,32.06666666666667,-0.0502752482521653,0.0838482974117421
08175000,dPL-MLP,XAJ-TGD,test,selected_restart,-6.466666666666667,32.333333333333336,-0.0556488503953437,0.0868625366149269
08175000,dPL-MLP,XAJ-CN,test,selected_restart,-6.2,32.2,-0.0506593586507558,0.0843409446952715
08176900,IC-CMA-ES,XAJ-Base,test,selected_restart,-27.2,48.266666666666666,-0.0320416295961361,0.0840474894278057
08176900,IC-CMA-ES,XAJ-TGD,test,selected_restart,-28.6,40.46666666666667,-0.0318212457837732,0.0904536281059814
08176900,IC-CMA-ES,XAJ-CN,test,selected_restart,-28.2,40.06666666666667,-0.0321896059343786,0.0900666285274558
08176900,dPL-MLP,XAJ-Base,test,selected_restart,-31.133333333333333,44.86666666666667,-0.0129725889518431,0.0705544537454694
08176900,dPL-MLP,XAJ-TGD,test,selected_restart,-30.666666666666668,44.4,-0.0049206171089978,0.075181616956974
08176900,dPL-MLP,XAJ-CN,test,selected_restart,-29.066666666666663,42.93333333333333,-0.0023959446603627,0.0759741133600324
08178880,IC-CMA-ES,XAJ-Base,test,selected_restart,15.2,32.8,-0.0093937974174252,0.1019934178720607
08178880,IC-CMA-ES,XAJ-TGD,test,selected_restart,17.666666666666668,29.8,0.0001702729861506,0.0628781221601106
08178880,IC-CMA-ES,XAJ-CN,test,selected_restart,14.333333333333334,29.933333333333334,-0.0073808144529095,0.0898002820998285
08178880,dPL-MLP,XAJ-Base,test,selected_restart,-2.466666666666667,24.866666666666667,-0.032964818278892,0.0794171651884847
08178880,dPL-MLP,XAJ-TGD,test,selected_restart,2.533333333333333,22.53333333333333,-0.028668201565686,0.0796726183312016
08178880,dPL-MLP,XAJ-CN,test,selected_restart,-3.933333333333333,17.933333333333334,-0.0450551197925638,0.0723980597945912
08189500,IC-CMA-ES,XAJ-Base,test,selected_restart,31.866666666666667,40.266666666666666,-0.0469397611369147,0.0760534146578541
08189500,IC-CMA-ES,XAJ-TGD,test,selected_restart,45.266666666666666,53.266666666666666,-0.0483723450720079,0.081229450119216
08189500,IC-CMA-ES,XAJ-CN,test,selected_restart,35.93333333333333,44.333333333333336,-0.042654555162516,0.0749804163778534
08189500,dPL-MLP,XAJ-Base,test,selected_restart,23.53333333333333,24.2,-0.0111971715034686,0.1144659973825928
08189500,dPL-MLP,XAJ-TGD,test,selected_restart,21.133333333333333,21.8,-0.0218511005743486,0.109414713384958
08189500,dPL-MLP,XAJ-CN,test,selected_restart,28.066666666666663,28.33333333333333,-0.0068989837732556,0.1236831528032839
08190000,IC-CMA-ES,XAJ-Base,test,selected_restart,-8.333333333333334,33.8,-0.0260773614097586,0.0507254450143761
08190000,IC-CMA-ES,XAJ-TGD,test,selected_restart,-12.733333333333333,25.0,-0.0141688995111933,0.0376099816696663
08190000,IC-CMA-ES,XAJ-CN,test,selected_restart,-6.333333333333333,33.93333333333333,-0.0270413527934701,0.0500558876615153
08190000,dPL-MLP,XAJ-Base,test,selected_restart,-2.933333333333333,24.666666666666668,0.0016275947244017,0.0397308898322093
08190000,dPL-MLP,XAJ-TGD,test,selected_restart,8.266666666666667,36.266666666666666,0.0200892935147929,0.0466239233377568
08190000,dPL-MLP,XAJ-CN,test,selected_restart,1.1333333333333333,25.266666666666666,0.006015809868877,0.0429816994815543
08190500,IC-CMA-ES,XAJ-Base,test,selected_restart,6.2,49.266666666666666,-0.041615388873207,0.1455625199437029
08190500,IC-CMA-ES,XAJ-TGD,test,selected_restart,33.333333333333336,65.06666666666666,-0.0128597746806715,0.1036079225227617
08190500,IC-CMA-ES,XAJ-CN,test,selected_restart,4.333333333333333,38.86666666666667,-0.0288129276915949,0.1209445894911795
08190500,dPL-MLP,XAJ-Base,test,selected_restart,21.33333333333333,52.4,0.0146025778522218,0.1208282287776875
08190500,dPL-MLP,XAJ-TGD,test,selected_restart,29.4,47.8,0.0355641888251031,0.1039083837772845
08190500,dPL-MLP,XAJ-CN,test,selected_restart,18.73333333333333,50.333333333333336,0.0124009258220717,0.1181724042555101
08194200,IC-CMA-ES,XAJ-Base,test,selected_restart,-58.333333333333336,74.06666666666666,-0.1184319605662574,0.2606454808358978
08194200,IC-CMA-ES,XAJ-TGD,test,selected_restart,-57.266666666666666,75.4,-0.1120937628928922,0.2577810154676117
08194200,IC-CMA-ES,XAJ-CN,test,selected_restart,-57.0,75.0,-0.1195494122414936,0.2627005711912742
08194200,dPL-MLP,XAJ-Base,test,selected_restart,-82.06666666666666,97.0,-0.094518244907742,0.2233637045571136
08194200,dPL-MLP,XAJ-TGD,test,selected_restart,-70.86666666666666,72.73333333333333,-0.0752705342507476,0.2316011679485864
08194200,dPL-MLP,XAJ-CN,test,selected_restart,-77.66666666666667,92.6,-0.0842295143301957,0.2306026275918463
08195000,IC-CMA-ES,XAJ-Base,test,selected_restart,-6.933333333333334,38.4,-0.0490495222683296,0.0915488597608587
08195000,IC-CMA-ES,XAJ-TGD,test,selected_restart,-7.066666666666666,40.4,-0.0644126748418357,0.1039363426983674
08195000,IC-CMA-ES,XAJ-CN,test,selected_restart,-6.533333333333333,42.53333333333333,-0.0582080518579032,0.1033091170609315
08195000,dPL-MLP,XAJ-Base,test,selected_restart,-3.533333333333333,18.2,-0.0208173955853329,0.0479728408463746
08195000,dPL-MLP,XAJ-TGD,test,selected_restart,2.8666666666666667,22.466666666666665,-0.009085870323136,0.0498269478238529
08195000,dPL-MLP,XAJ-CN,test,selected_restart,-2.0,20.4,-0.0212017720317389,0.0498416793379285
08196000,IC-CMA-ES,XAJ-Base,test,selected_restart,-1.7333333333333334,25.866666666666667,-0.033539171665386,0.0843192568732638
08196000,IC-CMA-ES,XAJ-TGD,test,selected_restart,-15.333333333333334,26.266666666666666,-0.0476158319905158,0.0812604224761696
08196000,IC-CMA-ES,XAJ-CN,test,selected_restart,-1.7333333333333334,25.866666666666667,-0.031772077480431,0.0819925388298025
08196000,dPL-MLP,XAJ-Base,test,selected_restart,4.8,12.666666666666666,-0.0364679757748799,0.0689724117395546
08196000,dPL-MLP,XAJ-TGD,test,selected_restart,1.0,15.0,-0.0276190036530054,0.0638715664423769
08196000,dPL-MLP,XAJ-CN,test,selected_restart,2.933333333333333,16.266666666666666,-0.0342923198138432,0.069449509180955
08198500,IC-CMA-ES,XAJ-Base,test,selected_restart,0.8,27.6,-0.0545912877035211,0.1461264599012604
08198500,IC-CMA-ES,XAJ-TGD,test,selected_restart,-4.666666666666667,48.266666666666666,-0.0526370209020447,0.1344332088924717
08198500,IC-CMA-ES,XAJ-CN,test,selected_restart,-1.6666666666666667,30.066666666666663,-0.0534460881414087,0.1435697806276153
08198500,dPL-MLP,XAJ-Base,test,selected_restart,0.2,25.4,-0.0596872373483649,0.1444595398900182
08198500,dPL-MLP,XAJ-TGD,test,selected_restart,0.0,26.933333333333334,-0.0424950474562318,0.1341644398766032
08198500,dPL-MLP,XAJ-CN,test,selected_restart,1.3333333333333333,24.266666666666666,-0.057139593517986,0.1253093848523767
08200000,IC-CMA-ES,XAJ-Base,test,selected_restart,8.133333333333333,44.0,-0.0093179875604788,0.1257481298453205
08200000,IC-CMA-ES,XAJ-TGD,test,selected_restart,24.4,56.4,0.0337974661099434,0.1274472441362185
08200000,IC-CMA-ES,XAJ-CN,test,selected_restart,33.53333333333333,54.6,0.0073778257774829,0.1222855283406221
08200000,dPL-MLP,XAJ-Base,test,selected_restart,1.9333333333333331,29.8,-0.0251757124058882,0.1024456078006125
08200000,dPL-MLP,XAJ-TGD,test,selected_restart,7.4,24.73333333333333,-0.0260137902192751,0.0903571236132417
08200000,dPL-MLP,XAJ-CN,test,selected_restart,13.2,34.93333333333333,-0.0155882054559866,0.1096010162022554
08202700,IC-CMA-ES,XAJ-Base,test,selected_restart,-59.1,66.1,-0.138805891526193,0.2059866141055531
08202700,IC-CMA-ES,XAJ-TGD,test,selected_restart,-51.5,58.3,-0.1006143028375512,0.1812139451962716
08202700,IC-CMA-ES,XAJ-CN,test,selected_restart,-52.9,59.9,-0.1504862308029836,0.2268036718939251
08202700,dPL-MLP,XAJ-Base,test,selected_restart,-57.6,63.2,-0.2022512463380403,0.2673718390513963
08202700,dPL-MLP,XAJ-TGD,test,selected_restart,-62.2,67.4,-0.2089753895525641,0.2800304408644146
08202700,dPL-MLP,XAJ-CN,test,selected_restart,-65.3,72.9,-0.2209334225852794,0.2913835161824531
08267500,IC-CMA-ES,XAJ-Base,test,selected_restart,-34.8,42.0,-0.2635094031366392,0.2635094031366392
08267500,IC-CMA-ES,XAJ-TGD,test,selected_restart,10.133333333333333,28.53333333333333,-0.0754721308422768,0.1061722101155076
08267500,IC-CMA-ES,XAJ-CN,test,selected_restart,13.933333333333334,20.6,-0.0200833444468859,0.0615242360998119
08267500,dPL-MLP,XAJ-Base,test,selected_restart,-37.4,37.4,-0.2227397704792702,0.2227397704792702
08267500,dPL-MLP,XAJ-TGD,test,selected_restart,12.733333333333333,33.4,-0.0432796562386238,0.0863971870524837
08267500,dPL-MLP,XAJ-CN,test,selected_restart,15.066666666666666,23.866666666666667,-0.0440471097501798,0.0840642850978328
08269000,IC-CMA-ES,XAJ-Base,test,selected_restart,-27.466666666666665,30.4,-0.2651239506409417,0.2685376250585234
08269000,IC-CMA-ES,XAJ-TGD,test,selected_restart,21.8,29.666666666666668,-0.0583279492463519,0.1082432529912773
08269000,IC-CMA-ES,XAJ-CN,test,selected_restart,15.8,24.73333333333333,-0.0036476713424772,0.0894857885694107
08269000,dPL-MLP,XAJ-Base,test,selected_restart,-23.73333333333333,23.73333333333333,-0.2595725995308012,0.2595725995308012
08269000,dPL-MLP,XAJ-TGD,test,selected_restart,19.53333333333333,26.2,-0.0822721840943743,0.1440536782158214
08269000,dPL-MLP,XAJ-CN,test,selected_restart,30.133333333333333,31.6,-0.0966610870764504,0.1332337742063203
08271000,IC-CMA-ES,XAJ-Base,test,selected_restart,-35.666666666666664,49.4,-0.2985430061718446,0.2985430061718446
08271000,IC-CMA-ES,XAJ-TGD,test,selected_restart,12.2,28.466666666666665,-0.082211750735901,0.1147027573109302
08271000,IC-CMA-ES,XAJ-CN,test,selected_restart,16.333333333333332,20.066666666666663,-0.020529359569214,0.0602090926830501
08271000,dPL-MLP,XAJ-Base,test,selected_restart,-35.8,35.8,-0.2363443771899365,0.2363443771899365
08271000,dPL-MLP,XAJ-TGD,test,selected_restart,11.0,32.733333333333334,-0.0438337345819297,0.0872056286653512
08271000,dPL-MLP,XAJ-CN,test,selected_restart,18.933333333333334,24.4,-0.0429997801681978,0.0789221625646584
08324000,IC-CMA-ES,XAJ-Base,test,selected_restart,-5.8,44.333333333333336,-0.1620388927913766,0.1675846150581869
08324000,IC-CMA-ES,XAJ-TGD,test,selected_restart,31.666666666666668,38.46666666666667,-0.0488533407804431,0.0960266172660253
08324000,IC-CMA-ES,XAJ-CN,test,selected_restart,22.53333333333333,36.0,-0.0331586232142708,0.1176183648863335
08324000,dPL-MLP,XAJ-Base,test,selected_restart,-15.8,37.8,-0.1393439797418378,0.1583330243943923
08324000,dPL-MLP,XAJ-TGD,test,selected_restart,33.46666666666667,36.0,-0.037772712892002,0.1077336248962681
08324000,dPL-MLP,XAJ-CN,test,selected_restart,22.866666666666667,38.2,-0.0989673254745266,0.1118679134662951
08377900,IC-CMA-ES,XAJ-Base,test,selected_restart,-43.86666666666667,44.266666666666666,-0.3050208566768229,0.307396276502025
08377900,IC-CMA-ES,XAJ-TGD,test,selected_restart,3.0,18.066666666666663,-0.0927289027157684,0.1066002205826559
08377900,IC-CMA-ES,XAJ-CN,test,selected_restart,4.666666666666667,7.2,0.0086867910441497,0.045588728841874
08377900,dPL-MLP,XAJ-Base,test,selected_restart,-40.0,40.0,-0.2850177773021916,0.2864041494411348
08377900,dPL-MLP,XAJ-TGD,test,selected_restart,1.2,18.53333333333333,-0.1152733443362772,0.1262412937105154
08377900,dPL-MLP,XAJ-CN,test,selected_restart,8.2,13.4,-0.1010469891809682,0.1156489010216219
08378500,IC-CMA-ES,XAJ-Base,test,selected_restart,-33.8,39.13333333333333,-0.2732450238661268,0.2732450238661268
08378500,IC-CMA-ES,XAJ-TGD,test,selected_restart,12.4,25.466666666666665,-0.0729123643831708,0.0776265045845702
08378500,IC-CMA-ES,XAJ-CN,test,selected_restart,10.466666666666669,13.533333333333331,-0.005511968512962,0.0268854497916624
08378500,dPL-MLP,XAJ-Base,test,selected_restart,-33.8,39.0,-0.2614698421752749,0.2614698421752749
08378500,dPL-MLP,XAJ-TGD,test,selected_restart,8.133333333333333,26.133333333333333,-0.1090895286993482,0.1204047565882622
08378500,dPL-MLP,XAJ-CN,test,selected_restart,11.466666666666669,20.933333333333334,-0.0966209006107149,0.1067687994656781
08380500,IC-CMA-ES,XAJ-Base,test,selected_restart,-19.6,39.46666666666667,-0.1871370826951714,0.2077648110787822
08380500,IC-CMA-ES,XAJ-TGD,test,selected_restart,12.4,23.73333333333333,-0.0036414399536502,0.0912074482048319
08380500,IC-CMA-ES,XAJ-CN,test,selected_restart,20.266666666666666,27.066666666666663,0.0176064019608445,0.0806634668773228
08380500,dPL-MLP,XAJ-Base,test,selected_restart,-33.733333333333334,34.8,-0.1646112744800301,0.1646112744800301
08380500,dPL-MLP,XAJ-TGD,test,selected_restart,9.133333333333333,20.466666666666665,-0.0526445631973,0.0930996984833496
08380500,dPL-MLP,XAJ-CN,test,selected_restart,9.133333333333333,21.53333333333333,-0.0776880040558231,0.107569092094517
09035800,IC-CMA-ES,XAJ-Base,test,selected_restart,-55.66666666666666,55.66666666666666,-0.2861589058995503,0.2861589058995503
09035800,IC-CMA-ES,XAJ-TGD,test,selected_restart,-9.2,11.866666666666667,0.116835699005896,0.116835699005896
09035800,IC-CMA-ES,XAJ-CN,test,selected_restart,-1.7333333333333334,3.466666666666667,-0.0062649075945474,0.0360798357204579
09035800,dPL-MLP,XAJ-Base,test,selected_restart,-55.0,55.0,-0.260531372304783,0.260531372304783
09035800,dPL-MLP,XAJ-TGD,test,selected_restart,-9.0,10.466666666666669,0.0066530203064026,0.0344677737516675
09035800,dPL-MLP,XAJ-CN,test,selected_restart,-2.466666666666667,3.533333333333333,-0.0002634629369037,0.0386992330800063
09035900,IC-CMA-ES,XAJ-Base,test,selected_restart,-54.333333333333336,54.333333333333336,-0.2721782365233756,0.2721782365233756
09035900,IC-CMA-ES,XAJ-TGD,test,selected_restart,-10.933333333333334,12.133333333333333,0.0742593349227253,0.0742593349227253
09035900,IC-CMA-ES,XAJ-CN,test,selected_restart,-4.866666666666666,5.4,0.0154463510919554,0.0357494866644322
09035900,dPL-MLP,XAJ-Base,test,selected_restart,-54.86666666666667,54.86666666666667,-0.2740629353911734,0.2740629353911734
09035900,dPL-MLP,XAJ-TGD,test,selected_restart,-10.066666666666666,11.533333333333331,0.0103978933104816,0.0283613397064342
09035900,dPL-MLP,XAJ-CN,test,selected_restart,-7.333333333333333,7.333333333333333,-0.0175342975845989,0.0247972385568618
09047700,IC-CMA-ES,XAJ-Base,test,selected_restart,-34.4,38.53333333333333,-0.1480511068238982,0.1488369155956214
09047700,IC-CMA-ES,XAJ-TGD,test,selected_restart,9.4,15.0,0.1306147556569011,0.1319565997014083
09047700,IC-CMA-ES,XAJ-CN,test,selected_restart,5.933333333333334,8.866666666666667,0.0057386737133892,0.0359745611255711
09047700,dPL-MLP,XAJ-Base,test,selected_restart,-33.4,38.06666666666667,-0.1442199129794208,0.1484284828353635
09047700,dPL-MLP,XAJ-TGD,test,selected_restart,9.733333333333333,14.533333333333331,0.0188081245686443,0.057487607909975
09047700,dPL-MLP,XAJ-CN,test,selected_restart,6.0,9.2,-0.0114004173809457,0.0460719258791118
09065500,IC-CMA-ES,XAJ-Base,test,selected_restart,-63.0,63.0,-0.4575130077467121,0.4575130077467121
09065500,IC-CMA-ES,XAJ-TGD,test,selected_restart,-23.133333333333333,23.133333333333333,-0.1506902845964589,0.1506902845964589
09065500,IC-CMA-ES,XAJ-CN,test,selected_restart,-1.2,3.333333333333333,-0.0317115179961679,0.0396775555187757
09065500,dPL-MLP,XAJ-Base,test,selected_restart,-61.0,61.0,-0.4192556393410521,0.4192556393410521
09065500,dPL-MLP,XAJ-TGD,test,selected_restart,-22.53333333333333,22.53333333333333,-0.1197354030873137,0.1197354030873137
09065500,dPL-MLP,XAJ-CN,test,selected_restart,-7.666666666666667,7.666666666666667,-0.0157517663901803,0.0328069683058516
09066000,IC-CMA-ES,XAJ-Base,test,selected_restart,-55.13333333333333,55.13333333333333,-0.4132723911610932,0.4132723911610932
09066000,IC-CMA-ES,XAJ-TGD,test,selected_restart,-16.866666666666667,16.866666666666667,-0.0769301319129955,0.0810349582390795
09066000,IC-CMA-ES,XAJ-CN,test,selected_restart,-0.6,3.2666666666666666,0.0098835285497017,0.0257544290520052
09066000,dPL-MLP,XAJ-Base,test,selected_restart,-52.0,52.0,-0.3863008165367138,0.3863008165367138
09066000,dPL-MLP,XAJ-TGD,test,selected_restart,-14.133333333333333,14.133333333333333,-0.0454542581247977,0.0646092464751579
09066000,dPL-MLP,XAJ-CN,test,selected_restart,-1.9333333333333331,3.8,0.0317965920758553,0.0394888051967588
09066200,IC-CMA-ES,XAJ-Base,test,selected_restart,-56.53333333333333,56.53333333333333,-0.45477505413691,0.45477505413691
09066200,IC-CMA-ES,XAJ-TGD,test,selected_restart,-20.933333333333334,20.933333333333334,-0.1484501787821433,0.1484501787821433
09066200,IC-CMA-ES,XAJ-CN,test,selected_restart,-1.0,5.133333333333334,-0.0337862718900025,0.0445733687596308
09066200,dPL-MLP,XAJ-Base,test,selected_restart,-54.66666666666666,54.66666666666666,-0.4366200654506664,0.4366200654506664
09066200,dPL-MLP,XAJ-TGD,test,selected_restart,-17.866666666666667,17.866666666666667,-0.1304065295855185,0.1304065295855185
09066200,dPL-MLP,XAJ-CN,test,selected_restart,-5.266666666666667,7.533333333333333,-0.0226239988009116,0.0396308880365677
09066300,IC-CMA-ES,XAJ-Base,test,selected_restart,-54.0,54.0,-0.4117380479540691,0.4117380479540691
09066300,IC-CMA-ES,XAJ-TGD,test,selected_restart,-14.466666666666669,14.733333333333333,-0.0317081093357271,0.0351258828545777
09066300,IC-CMA-ES,XAJ-CN,test,selected_restart,-1.8666666666666667,4.266666666666667,-0.0100825269586112,0.0233707471337865
09066300,dPL-MLP,XAJ-Base,test,selected_restart,-53.266666666666666,53.266666666666666,-0.3999517341023947,0.3999517341023947
09066300,dPL-MLP,XAJ-TGD,test,selected_restart,-14.6,14.866666666666667,-0.0900738278593884,0.0900738278593884
09066300,dPL-MLP,XAJ-CN,test,selected_restart,-6.066666666666666,7.133333333333334,-0.0232944329148795,0.0291805107083586
09081600,IC-CMA-ES,XAJ-Base,test,selected_restart,-76.8,76.8,-0.4344344458803255,0.4344344458803255
09081600,IC-CMA-ES,XAJ-TGD,test,selected_restart,-24.0,24.0,-0.0560458105628409,0.0592430151365978
09081600,IC-CMA-ES,XAJ-CN,test,selected_restart,-2.8666666666666667,4.333333333333333,-0.0043377719148713,0.0274821715657003
09081600,dPL-MLP,XAJ-Base,test,selected_restart,-62.53333333333333,62.53333333333333,-0.3719302874629416,0.3719302874629416
09081600,dPL-MLP,XAJ-TGD,test,selected_restart,-22.866666666666667,22.866666666666667,-0.0432673654779511,0.0581827511161656
09081600,dPL-MLP,XAJ-CN,test,selected_restart,-4.666666666666667,5.066666666666666,0.0066365200455269,0.0304079854008877
09107000,IC-CMA-ES,XAJ-Base,test,selected_restart,-46.0,46.0,-0.2034873538633972,0.2034873538633972
09107000,IC-CMA-ES,XAJ-TGD,test,selected_restart,-0.8666666666666667,5.0,0.0283880737005879,0.0355927339775937
09107000,IC-CMA-ES,XAJ-CN,test,selected_restart,3.333333333333333,4.4,0.0086356427847554,0.0266095011410508
09107000,dPL-MLP,XAJ-Base,test,selected_restart,-43.2,43.2,-0.2161427650273631,0.2161427650273631
09107000,dPL-MLP,XAJ-TGD,test,selected_restart,-1.0666666666666669,5.066666666666666,0.0198875056285868,0.0323222223049956
09107000,dPL-MLP,XAJ-CN,test,selected_restart,-2.933333333333333,3.8666666666666663,-0.052277852437972,0.052277852437972
09210500,IC-CMA-ES,XAJ-Base,test,selected_restart,-26.466666666666665,27.8,-0.1711014443188408,0.1711014443188408
09210500,IC-CMA-ES,XAJ-TGD,test,selected_restart,0.1333333333333333,6.4,-0.0231376442859073,0.0379176220409902
09210500,IC-CMA-ES,XAJ-CN,test,selected_restart,2.8666666666666667,5.533333333333333,0.0149280037930111,0.0493389536152541
09210500,dPL-MLP,XAJ-Base,test,selected_restart,-28.4,28.53333333333333,-0.1793777876644829,0.1793777876644829
09210500,dPL-MLP,XAJ-TGD,test,selected_restart,2.4,7.333333333333333,0.0328132596066097,0.0578499320148845
09210500,dPL-MLP,XAJ-CN,test,selected_restart,1.2,5.333333333333333,0.0482709295005103,0.0495150680314701
09223000,IC-CMA-ES,XAJ-Base,test,selected_restart,-36.2,36.2,-0.3214713947149047,0.3214713947149047
09223000,IC-CMA-ES,XAJ-TGD,test,selected_restart,2.1333333333333333,6.8,0.0821029249656271,0.0821029249656271
09223000,IC-CMA-ES,XAJ-CN,test,selected_restart,0.7333333333333333,2.6,0.058549744271047,0.0609977739261151
09223000,dPL-MLP,XAJ-Base,test,selected_restart,-35.46666666666667,35.46666666666667,-0.3090116675865579,0.3090116675865579
09223000,dPL-MLP,XAJ-TGD,test,selected_restart,-4.4,6.133333333333334,-0.0159001644623208,0.0386410639404333
09223000,dPL-MLP,XAJ-CN,test,selected_restart,-2.333333333333333,3.8,-0.0017976975611774,0.0244585256670618
09306242,IC-CMA-ES,XAJ-Base,test,selected_restart,-30.4,35.86666666666667,-0.0461242411759156,0.1706048277965594
09306242,IC-CMA-ES,XAJ-TGD,test,selected_restart,7.466666666666667,26.266666666666666,0.1691271971437674,0.2302638042218809
09306242,IC-CMA-ES,XAJ-CN,test,selected_restart,5.8,24.33333333333333,0.2455345661216319,0.2707252433003172
09306242,dPL-MLP,XAJ-Base,test,selected_restart,-29.4,36.2,-0.0440848339822549,0.1726138742257143
09306242,dPL-MLP,XAJ-TGD,test,selected_restart,1.4666666666666666,24.266666666666666,0.136261446354125,0.2282669646896145
09306242,dPL-MLP,XAJ-CN,test,selected_restart,10.533333333333331,26.133333333333333,0.1705586483849427,0.2125157439070166
09312600,IC-CMA-ES,XAJ-Base,test,selected_restart,-18.0,18.666666666666668,-0.272046936839362,0.272046936839362
09312600,IC-CMA-ES,XAJ-TGD,test,selected_restart,-6.333333333333333,6.6,-0.0364527019754449,0.0808104860113392
09312600,IC-CMA-ES,XAJ-CN,test,selected_restart,-7.533333333333333,9.266666666666667,-0.0587863775983849,0.1147818308102216
09312600,dPL-MLP,XAJ-Base,test,selected_restart,-22.066666666666663,22.2,-0.2912345839436253,0.2912345839436253
09312600,dPL-MLP,XAJ-TGD,test,selected_restart,-5.933333333333334,6.6,-0.0487851692135532,0.0874338375852833
09312600,dPL-MLP,XAJ-CN,test,selected_restart,-3.066666666666667,5.2,-0.0271837207571069,0.0775826786588074
09352900,IC-CMA-ES,XAJ-Base,test,selected_restart,-80.0,80.0,-0.427192902283752,0.427192902283752
09352900,IC-CMA-ES,XAJ-TGD,test,selected_restart,-14.533333333333331,14.8,-0.1075900094875535,0.1075900094875535
09352900,IC-CMA-ES,XAJ-CN,test,selected_restart,-0.9333333333333332,7.866666666666666,-0.0514645871687771,0.0516996508131453
09352900,dPL-MLP,XAJ-Base,test,selected_restart,-73.93333333333334,73.93333333333334,-0.3819160418876847,0.3819160418876847
09352900,dPL-MLP,XAJ-TGD,test,selected_restart,-20.2,20.73333333333333,-0.1202032185761969,0.1211209104803324
09352900,dPL-MLP,XAJ-CN,test,selected_restart,1.2666666666666666,8.733333333333333,-0.0376775897710364,0.0424616818420792
09378170,IC-CMA-ES,XAJ-Base,test,selected_restart,-41.2,41.2,-0.3770196408299462,0.3770196408299462
09378170,IC-CMA-ES,XAJ-TGD,test,selected_restart,-4.8,20.266666666666666,-0.0876302908130344,0.1495234251412331
09378170,IC-CMA-ES,XAJ-CN,test,selected_restart,-0.2666666666666666,37.2,-0.1830021436281856,0.195759057206505
09378170,dPL-MLP,XAJ-Base,test,selected_restart,-30.133333333333333,36.0,-0.3049414346881565,0.3049414346881565
09378170,dPL-MLP,XAJ-TGD,test,selected_restart,-6.933333333333334,25.73333333333333,-0.179885909981316,0.1861597486176675
09378170,dPL-MLP,XAJ-CN,test,selected_restart,-2.1333333333333333,35.06666666666667,-0.1586437185871458,0.1696385879025881
09386900,IC-CMA-ES,XAJ-Base,test,selected_restart,-5.4,33.0,0.0100265596780737,0.1271689946392492
09386900,IC-CMA-ES,XAJ-TGD,test,selected_restart,23.4,29.266666666666666,0.0271405095953306,0.2028785583997499
09386900,IC-CMA-ES,XAJ-CN,test,selected_restart,11.866666666666667,20.0,0.0477512468371351,0.1197154951699243
09386900,dPL-MLP,XAJ-Base,test,selected_restart,3.6666666666666665,27.8,0.1197859073155681,0.1592041600793479
09386900,dPL-MLP,XAJ-TGD,test,selected_restart,19.6,28.933333333333334,0.0128438895666162,0.1799402382969589
09386900,dPL-MLP,XAJ-CN,test,selected_restart,-3.8666666666666663,13.2,8.100067313118186e-05,0.09518029673653
09404450,IC-CMA-ES,XAJ-Base,test,selected_restart,15.0,24.066666666666663,0.1003499423489958,0.1321845504183049
09404450,IC-CMA-ES,XAJ-TGD,test,selected_restart,26.8,28.8,0.0863125587528934,0.1002710176981252
09404450,IC-CMA-ES,XAJ-CN,test,selected_restart,20.466666666666665,23.933333333333334,0.0398006007101128,0.0653462736177933
09404450,dPL-MLP,XAJ-Base,test,selected_restart,2.066666666666667,13.8,0.0058722381816298,0.0671930166478441
09404450,dPL-MLP,XAJ-TGD,test,selected_restart,12.6,16.6,0.0370687867230167,0.0710861941543323
09404450,dPL-MLP,XAJ-CN,test,selected_restart,21.33333333333333,24.8,0.0463331724232425,0.0727435224728546
09430600,IC-CMA-ES,XAJ-Base,test,selected_restart,-18.933333333333334,30.133333333333333,-0.0834459791898314,0.0834459791898314
09430600,IC-CMA-ES,XAJ-TGD,test,selected_restart,-19.066666666666663,38.266666666666666,-0.0795879664837901,0.086277162723469
09430600,IC-CMA-ES,XAJ-CN,test,selected_restart,-3.933333333333333,25.53333333333333,-0.0753638528604889,0.0753638528604889
09430600,dPL-MLP,XAJ-Base,test,selected_restart,-7.666666666666667,20.73333333333333,-0.0821512612521235,0.0821512612521235
09430600,dPL-MLP,XAJ-TGD,test,selected_restart,6.733333333333333,26.866666666666667,-0.079559806269366,0.079559806269366
09430600,dPL-MLP,XAJ-CN,test,selected_restart,13.933333333333334,30.33333333333333,-0.0704788262962882,0.071976330936853
09447800,IC-CMA-ES,XAJ-Base,test,selected_restart,-12.266666666666667,56.8,-0.1427077796718722,0.1908169582361417
09447800,IC-CMA-ES,XAJ-TGD,test,selected_restart,-11.466666666666669,56.13333333333333,-0.1418342889229452,0.1907864917410599
09447800,IC-CMA-ES,XAJ-CN,test,selected_restart,-4.266666666666667,51.6,-0.1280510020850843,0.1816032450210986
09447800,dPL-MLP,XAJ-Base,test,selected_restart,4.133333333333334,43.6,-0.1354245872645324,0.1789302765887913
09447800,dPL-MLP,XAJ-TGD,test,selected_restart,3.8,43.93333333333333,-0.1319622216223424,0.181725429079129
09447800,dPL-MLP,XAJ-CN,test,selected_restart,4.066666666666666,43.8,-0.1306491703514005,0.1756455956833499
09484600,IC-CMA-ES,XAJ-Base,test,selected_restart,-97.26666666666668,103.53333333333332,-0.19096306808138,0.19096306808138
09484600,IC-CMA-ES,XAJ-TGD,test,selected_restart,-96.93333333333334,103.6,-0.1740770888716639,0.1740770888716639
09484600,IC-CMA-ES,XAJ-CN,test,selected_restart,-81.53333333333333,87.93333333333334,-0.1925416438576491,0.1925416438576491
09484600,dPL-MLP,XAJ-Base,test,selected_restart,-79.46666666666667,87.06666666666666,-0.1652735568940054,0.1652735568940054
09484600,dPL-MLP,XAJ-TGD,test,selected_restart,-61.8,70.06666666666666,-0.1490539925219527,0.1508311299344844
09484600,dPL-MLP,XAJ-CN,test,selected_restart,-76.26666666666667,84.53333333333333,-0.1653954510934066,0.1653954510934066
09492400,IC-CMA-ES,XAJ-Base,test,selected_restart,-39.53333333333333,46.06666666666667,-0.1698080226311641,0.1698080226311641
09492400,IC-CMA-ES,XAJ-TGD,test,selected_restart,3.4,36.86666666666667,-0.0876183216303147,0.0900486103404341
09492400,IC-CMA-ES,XAJ-CN,test,selected_restart,-7.6,28.8,-0.1223144898344633,0.1387126867104871
09492400,dPL-MLP,XAJ-Base,test,selected_restart,-42.2,43.93333333333333,-0.2039870172271686,0.2039870172271686
09492400,dPL-MLP,XAJ-TGD,test,selected_restart,10.266666666666667,41.46666666666667,-0.1739389245241441,0.1739389245241441
09492400,dPL-MLP,XAJ-CN,test,selected_restart,9.066666666666666,42.0,-0.1879609946935929,0.1879609946935929
09494000,IC-CMA-ES,XAJ-Base,test,selected_restart,-33.53333333333333,34.86666666666667,-0.136393497732824,0.136393497732824
09494000,IC-CMA-ES,XAJ-TGD,test,selected_restart,17.4,34.733333333333334,-0.1094338996684014,0.1292199693373434
09494000,IC-CMA-ES,XAJ-CN,test,selected_restart,-31.266666666666666,39.66666666666666,-0.1179406383112529,0.1190672472746417
09494000,dPL-MLP,XAJ-Base,test,selected_restart,-22.6,34.46666666666667,-0.1228012133116979,0.1245076921832156
09494000,dPL-MLP,XAJ-TGD,test,selected_restart,16.6,37.266666666666666,-0.1501922471796929,0.1501922471796929
09494000,dPL-MLP,XAJ-CN,test,selected_restart,6.866666666666666,41.266666666666666,-0.1813569588934838,0.1835389358055186
09497980,IC-CMA-ES,XAJ-Base,test,selected_restart,-30.8,31.066666666666663,-0.0511318365340261,0.0668238680127214
09497980,IC-CMA-ES,XAJ-TGD,test,selected_restart,-32.46666666666667,33.4,-0.0331955340608784,0.0739272350775692
09497980,IC-CMA-ES,XAJ-CN,test,selected_restart,-23.4,25.666666666666668,-0.0150933071578372,0.0524972252678561
09497980,dPL-MLP,XAJ-Base,test,selected_restart,-30.0,43.06666666666667,-0.1039541725918481,0.1072822005518033
09497980,dPL-MLP,XAJ-TGD,test,selected_restart,-22.666666666666668,36.93333333333333,-0.0805545426512588,0.0911795778540526
09497980,dPL-MLP,XAJ-CN,test,selected_restart,-33.6,35.86666666666667,-0.0834396856133967,0.0893746473856523
09505350,IC-CMA-ES,XAJ-Base,test,selected_restart,-43.2,44.93333333333333,-0.0385514187566132,0.0875512221688251
09505350,IC-CMA-ES,XAJ-TGD,test,selected_restart,-6.2,27.0,-0.001427924875338,0.0879414553151711
09505350,IC-CMA-ES,XAJ-CN,test,selected_restart,-37.4,44.73333333333333,0.1065643332027702,0.179492671849507
09505350,dPL-MLP,XAJ-Base,test,selected_restart,-12.866666666666667,32.2,-0.0301975031943809,0.0836289451042723
09505350,dPL-MLP,XAJ-TGD,test,selected_restart,-13.133333333333333,34.2,-0.0269156534474781,0.0840539628499965
09505350,dPL-MLP,XAJ-CN,test,selected_restart,-2.0,28.4,-0.0279988323898803,0.0870421038800697
09505800,IC-CMA-ES,XAJ-Base,test,selected_restart,-12.4,37.333333333333336,-0.0587434761248651,0.0890055326030844
09505800,IC-CMA-ES,XAJ-TGD,test,selected_restart,-6.266666666666667,32.4,-0.032707029086612,0.0800504359737022
09505800,IC-CMA-ES,XAJ-CN,test,selected_restart,-14.066666666666666,26.33333333333333,-0.0140576452039305,0.0349627607324163
09505800,dPL-MLP,XAJ-Base,test,selected_restart,-11.866666666666667,31.73333333333333,-0.1176680528270824,0.1191441755382949
09505800,dPL-MLP,XAJ-TGD,test,selected_restart,-6.333333333333333,28.6,-0.1044077258579555,0.106622440518313
09505800,dPL-MLP,XAJ-CN,test,selected_restart,22.0,40.93333333333333,-0.1028288472466293,0.1061560057697586
09508300,IC-CMA-ES,XAJ-Base,test,selected_restart,-9.2,36.8,0.0103463016694153,0.0641441071027498
09508300,IC-CMA-ES,XAJ-TGD,test,selected_restart,-30.466666666666665,39.66666666666666,-0.0044167843946823,0.0621843331411356
09508300,IC-CMA-ES,XAJ-CN,test,selected_restart,3.0,47.266666666666666,0.0139491829023128,0.0587814894328831
09508300,dPL-MLP,XAJ-Base,test,selected_restart,0.6,45.266666666666666,0.0112120679590593,0.0519268266913487
09508300,dPL-MLP,XAJ-TGD,test,selected_restart,10.466666666666669,45.13333333333333,0.0263881313315024,0.0483440781638667
09508300,dPL-MLP,XAJ-CN,test,selected_restart,4.266666666666667,47.333333333333336,0.0208844237195691,0.0488826779188608
09510200,IC-CMA-ES,XAJ-Base,test,selected_restart,-69.66666666666667,69.66666666666667,-0.055924398379869,0.1113461714334154
09510200,IC-CMA-ES,XAJ-TGD,test,selected_restart,-71.13333333333334,71.13333333333334,-0.0326573176596654,0.1142058889861512
09510200,IC-CMA-ES,XAJ-CN,test,selected_restart,-65.73333333333333,66.26666666666667,-0.0024240638959872,0.1137834257386012
09510200,dPL-MLP,XAJ-Base,test,selected_restart,-65.26666666666667,65.4,-0.0552580911875732,0.1111131514303388
09510200,dPL-MLP,XAJ-TGD,test,selected_restart,-62.93333333333333,64.0,-0.0499405828203725,0.1119592569970561
09510200,dPL-MLP,XAJ-CN,test,selected_restart,-65.0,65.13333333333334,-0.059872492159875,0.1155728440948742
09512280,IC-CMA-ES,XAJ-Base,test,selected_restart,-2.533333333333333,24.266666666666666,-0.049516906254404,0.0949735004548878
09512280,IC-CMA-ES,XAJ-TGD,test,selected_restart,-19.53333333333333,23.666666666666668,0.0061688690806958,0.1253213824593627
09512280,IC-CMA-ES,XAJ-CN,test,selected_restart,-19.8,23.666666666666668,-0.0092570115451481,0.1117996996157968
09512280,dPL-MLP,XAJ-Base,test,selected_restart,0.4,33.86666666666667,-0.0405507111871705,0.083210963065252
09512280,dPL-MLP,XAJ-TGD,test,selected_restart,1.4666666666666666,32.93333333333333,-0.0526487767025298,0.0866380587465438
09512280,dPL-MLP,XAJ-CN,test,selected_restart,0.5333333333333333,33.86666666666667,-0.0586733142484691,0.0855123693207414
09513780,IC-CMA-ES,XAJ-Base,test,selected_restart,-46.73333333333333,47.0,-0.0654133489481125,0.0687159635386387
09513780,IC-CMA-ES,XAJ-TGD,test,selected_restart,-33.4,36.86666666666667,-0.0642128990948113,0.0695096276198743
09513780,IC-CMA-ES,XAJ-CN,test,selected_restart,-35.13333333333333,35.4,-0.0604567475607401,0.0646999355021694
09513780,dPL-MLP,XAJ-Base,test,selected_restart,-21.066666666666663,31.33333333333333,-0.0394330288957329,0.0564416968454445
09513780,dPL-MLP,XAJ-TGD,test,selected_restart,-20.4,30.4,-0.041981166916914,0.0610250607632781
09513780,dPL-MLP,XAJ-CN,test,selected_restart,-21.4,29.133333333333333,-0.045463864495061,0.0616619318447446
10234500,IC-CMA-ES,XAJ-Base,test,selected_restart,-32.266666666666666,32.266666666666666,-0.1436246874795435,0.1444753330920565
10234500,IC-CMA-ES,XAJ-TGD,test,selected_restart,-2.933333333333333,5.466666666666667,0.078557067824793,0.0888867802721049
10234500,IC-CMA-ES,XAJ-CN,test,selected_restart,-1.3333333333333333,4.933333333333334,0.0343241807951452,0.0460158644229874
10234500,dPL-MLP,XAJ-Base,test,selected_restart,-31.0,31.0,-0.1364712916678267,0.1389085811351168
10234500,dPL-MLP,XAJ-TGD,test,selected_restart,-0.8,4.266666666666667,0.0265376803411962,0.0643606704265856
10234500,dPL-MLP,XAJ-CN,test,selected_restart,-0.8666666666666667,4.866666666666666,-0.002929497049856,0.0336485737853945
10244950,IC-CMA-ES,XAJ-Base,test,selected_restart,-2.533333333333333,18.666666666666668,0.0192163087186604,0.0858938692162903
10244950,IC-CMA-ES,XAJ-TGD,test,selected_restart,17.8,19.4,0.0875357009229451,0.0875357009229451
10244950,IC-CMA-ES,XAJ-CN,test,selected_restart,20.2,20.33333333333333,0.1004132387297739,0.1004132387297739
10244950,dPL-MLP,XAJ-Base,test,selected_restart,-6.666666666666667,13.466666666666669,-0.0235392374537994,0.0512199891602223
10244950,dPL-MLP,XAJ-TGD,test,selected_restart,9.6,15.333333333333334,0.0362894711154093,0.0543970064251005
10244950,dPL-MLP,XAJ-CN,test,selected_restart,4.066666666666666,14.2,0.0058472114063689,0.043966187179323
10336645,IC-CMA-ES,XAJ-Base,test,selected_restart,-45.66666666666666,45.66666666666666,-0.3671605490820419,0.3671605490820419
10336645,IC-CMA-ES,XAJ-TGD,test,selected_restart,-17.0,17.0,-0.1283839715696187,0.1349514892956926
10336645,IC-CMA-ES,XAJ-CN,test,selected_restart,-5.133333333333334,8.6,-0.0660062842743408,0.0855955329197673
10336645,dPL-MLP,XAJ-Base,test,selected_restart,-43.13333333333333,43.13333333333333,-0.3516756199972641,0.3516756199972641
10336645,dPL-MLP,XAJ-TGD,test,selected_restart,,,,
10336645,dPL-MLP,XAJ-CN,test,selected_restart,-11.2,12.4,-0.0947808099962087,0.1054220574870492
10336660,IC-CMA-ES,XAJ-Base,test,selected_restart,-56.93333333333333,56.93333333333333,-0.418879682264085,0.418879682264085
10336660,IC-CMA-ES,XAJ-TGD,test,selected_restart,-26.266666666666666,26.266666666666666,-0.2145303164336635,0.2145303164336635
10336660,IC-CMA-ES,XAJ-CN,test,selected_restart,-7.066666666666666,11.066666666666666,-0.0747892831180049,0.0982176417996325
10336660,dPL-MLP,XAJ-Base,test,selected_restart,-51.2,51.2,-0.3927066886835847,0.3927066886835847
10336660,dPL-MLP,XAJ-TGD,test,selected_restart,,,,
10336660,dPL-MLP,XAJ-CN,test,selected_restart,-21.33333333333333,21.33333333333333,-0.1624058757636501,0.1624058757636501
10343500,IC-CMA-ES,XAJ-Base,test,selected_restart,-26.4,26.4,-0.2214277174184339,0.2214277174184339
10343500,IC-CMA-ES,XAJ-TGD,test,selected_restart,-5.8,11.133333333333333,-0.0046986228336509,0.0781686851500842
10343500,IC-CMA-ES,XAJ-CN,test,selected_restart,-9.8,11.533333333333331,-0.0451501296072817,0.0725864350289148
10343500,dPL-MLP,XAJ-Base,test,selected_restart,-29.4,29.4,-0.2292392826189216,0.2292392826189216
10343500,dPL-MLP,XAJ-TGD,test,selected_restart,-7.8,13.0,-0.042488929242851,0.090853107740762
10343500,dPL-MLP,XAJ-CN,test,selected_restart,-10.333333333333334,11.533333333333331,-0.097643737605176,0.097643737605176
12010000,IC-CMA-ES,XAJ-Base,test,selected_restart,-1.2666666666666666,5.266666666666667,0.0004774790581297,0.0208583710044775
12010000,IC-CMA-ES,XAJ-TGD,test,selected_restart,-1.2,5.066666666666666,0.0013148816005619,0.0201498601599059
12010000,IC-CMA-ES,XAJ-CN,test,selected_restart,-1.0,5.266666666666667,0.0013793057775727,0.0207291944118598
12010000,dPL-MLP,XAJ-Base,test,selected_restart,-1.7333333333333334,5.333333333333333,0.0008325329995385,0.0188524691554168
12010000,dPL-MLP,XAJ-TGD,test,selected_restart,2.8,6.933333333333334,0.0097439807232451,0.0231983884777254
12010000,dPL-MLP,XAJ-CN,test,selected_restart,0.6666666666666666,6.133333333333334,0.0035131287153792,0.0190536930765337
12013500,IC-CMA-ES,XAJ-Base,test,selected_restart,-4.466666666666667,6.066666666666666,-0.0259205425498594,0.0299759641514287
12013500,IC-CMA-ES,XAJ-TGD,test,selected_restart,-5.666666666666667,6.866666666666666,-0.0353145646271814,0.0366686630192838
12013500,IC-CMA-ES,XAJ-CN,test,selected_restart,-6.6,7.666666666666667,-0.0431494849143136,0.0431660103741727
12013500,dPL-MLP,XAJ-Base,test,selected_restart,-3.733333333333333,5.866666666666666,-0.0195518100974668,0.0260755009139447
12013500,dPL-MLP,XAJ-TGD,test,selected_restart,-4.066666666666666,6.2,-0.0187355681973406,0.0253308559595766
12013500,dPL-MLP,XAJ-CN,test,selected_restart,-3.8666666666666663,6.533333333333333,-0.0328292995410868,0.0342341314200006
12020000,IC-CMA-ES,XAJ-Base,test,selected_restart,-4.866666666666666,8.6,-0.0373271901383512,0.0430614365535649
12020000,IC-CMA-ES,XAJ-TGD,test,selected_restart,-4.733333333333333,8.733333333333333,-0.0388846282138936,0.0441068796711834
12020000,IC-CMA-ES,XAJ-CN,test,selected_restart,-3.6,8.4,-0.0347065924579414,0.0416447434224359
12020000,dPL-MLP,XAJ-Base,test,selected_restart,-0.8,8.0,-0.0164298369461807,0.0324835656638091
12020000,dPL-MLP,XAJ-TGD,test,selected_restart,-2.0,7.6,-0.0150456800038132,0.0308732585896456
12020000,dPL-MLP,XAJ-CN,test,selected_restart,0.4,9.466666666666669,-0.0135956152254852,0.0336925473033832
12025700,IC-CMA-ES,XAJ-Base,test,selected_restart,-12.133333333333333,12.133333333333333,-0.0357296952139229,0.0371157360269982
12025700,IC-CMA-ES,XAJ-TGD,test,selected_restart,-12.4,12.4,-0.0372267135511727,0.0383771570716657
12025700,IC-CMA-ES,XAJ-CN,test,selected_restart,-10.733333333333333,10.866666666666667,-0.0328672094673803,0.0348587004843476
12025700,dPL-MLP,XAJ-Base,test,selected_restart,-9.8,10.066666666666666,-0.0250129007827134,0.0289245002126039
12025700,dPL-MLP,XAJ-TGD,test,selected_restart,-7.866666666666666,8.533333333333333,-0.0190192797314019,0.0237725364819507
12025700,dPL-MLP,XAJ-CN,test,selected_restart,-4.266666666666667,7.2,-0.0134746073217085,0.0192550739461728
12035000,IC-CMA-ES,XAJ-Base,test,selected_restart,-7.533333333333333,7.533333333333333,-0.0269792670788067,0.0269792670788067
12035000,IC-CMA-ES,XAJ-TGD,test,selected_restart,-7.2,7.2,-0.0232131679635939,0.0236945828236789
12035000,IC-CMA-ES,XAJ-CN,test,selected_restart,-6.666666666666667,6.666666666666667,-0.0286495039643543,0.0289346271038853
12035000,dPL-MLP,XAJ-Base,test,selected_restart,-4.533333333333333,4.533333333333333,-0.0135461240789987,0.0160241872506986
12035000,dPL-MLP,XAJ-TGD,test,selected_restart,-6.133333333333334,6.133333333333334,-0.0223931019288001,0.0229592504042928
12035000,dPL-MLP,XAJ-CN,test,selected_restart,-4.4,4.933333333333334,-0.0173127501986123,0.0194376101531238
12040500,IC-CMA-ES,XAJ-Base,test,selected_restart,-8.466666666666667,8.866666666666667,-0.0566935517370691,0.0583147021689124
12040500,IC-CMA-ES,XAJ-TGD,test,selected_restart,-7.133333333333334,7.933333333333334,-0.0488364654759556,0.0508809797523525
12040500,IC-CMA-ES,XAJ-CN,test,selected_restart,-6.8,7.466666666666667,-0.0528811944504569,0.0546620356597609
12040500,dPL-MLP,XAJ-Base,test,selected_restart,-8.333333333333334,8.866666666666667,-0.0514736009617637,0.0531382270215061
12040500,dPL-MLP,XAJ-TGD,test,selected_restart,,,,
12040500,dPL-MLP,XAJ-CN,test,selected_restart,-4.6,6.2,-0.0462632639189552,0.0482430256960895
12041200,IC-CMA-ES,XAJ-Base,test,selected_restart,-17.266666666666666,18.73333333333333,-0.0883178538639366,0.0883178538639366
12041200,IC-CMA-ES,XAJ-TGD,test,selected_restart,-15.866666666666667,17.466666666666665,-0.0833272438803335,0.0836700008363627
12041200,IC-CMA-ES,XAJ-CN,test,selected_restart,-1.5333333333333334,17.266666666666666,-0.008171185012561,0.0553107434329512
12041200,dPL-MLP,XAJ-Base,test,selected_restart,-1.9333333333333331,8.333333333333334,-0.0330659430781026,0.0391665802450083
12041200,dPL-MLP,XAJ-TGD,test,selected_restart,,,,
12041200,dPL-MLP,XAJ-CN,test,selected_restart,10.733333333333333,16.466666666666665,0.0115216263573348,0.0423214717524372
12048000,IC-CMA-ES,XAJ-Base,test,selected_restart,-48.333333333333336,49.266666666666666,-0.1636786645255053,0.1636786645255053
12048000,IC-CMA-ES,XAJ-TGD,test,selected_restart,-38.46666666666667,42.86666666666667,-0.1315771108469927,0.1315771108469927
12048000,IC-CMA-ES,XAJ-CN,test,selected_restart,-3.066666666666667,32.8,0.0322458480197623,0.0932711235580167
12048000,dPL-MLP,XAJ-Base,test,selected_restart,-19.066666666666663,30.666666666666668,-0.11381171003993,0.1156188099046095
12048000,dPL-MLP,XAJ-TGD,test,selected_restart,-19.266666666666666,30.73333333333333,-0.1149177397888466,0.1166217554072086
12048000,dPL-MLP,XAJ-CN,test,selected_restart,-4.533333333333333,24.933333333333334,-0.0658136750858589,0.0756638114328581
12054000,IC-CMA-ES,XAJ-Base,test,selected_restart,-24.73333333333333,25.266666666666666,-0.1290618697345088,0.1290618697345088
12054000,IC-CMA-ES,XAJ-TGD,test,selected_restart,-26.666666666666668,26.666666666666668,-0.1346684664030701,0.1346684664030701
12054000,IC-CMA-ES,XAJ-CN,test,selected_restart,9.0,21.666666666666668,0.0232982506811787,0.0686980559644166
12054000,dPL-MLP,XAJ-Base,test,selected_restart,-21.33333333333333,22.0,-0.1197669277131388,0.1197669277131388
12054000,dPL-MLP,XAJ-TGD,test,selected_restart,-24.0,24.266666666666666,-0.1303209373891184,0.1303209373891184
12054000,dPL-MLP,XAJ-CN,test,selected_restart,6.733333333333333,21.0,0.0134846181134551,0.0624224438485567
12056500,IC-CMA-ES,XAJ-Base,test,selected_restart,-25.066666666666663,25.066666666666663,-0.1471967433158817,0.1471967433158817
12056500,IC-CMA-ES,XAJ-TGD,test,selected_restart,-25.866666666666667,25.866666666666667,-0.1539929488563798,0.1539929488563798
12056500,IC-CMA-ES,XAJ-CN,test,selected_restart,6.666666666666667,16.8,0.0197618420656261,0.0683623777619953
12056500,dPL-MLP,XAJ-Base,test,selected_restart,-20.2,20.2,-0.128347609864102,0.128347609864102
12056500,dPL-MLP,XAJ-TGD,test,selected_restart,-18.866666666666667,18.866666666666667,-0.1217260489130281,0.1217260489130281
12056500,dPL-MLP,XAJ-CN,test,selected_restart,16.8,24.0,0.0369498854613043,0.0674986978997401
12073500,IC-CMA-ES,XAJ-Base,test,selected_restart,-5.533333333333333,9.4,-0.0041609182936152,0.0203919365501201
12073500,IC-CMA-ES,XAJ-TGD,test,selected_restart,-4.333333333333333,7.266666666666667,0.0012824232397277,0.0174585634153595
12073500,IC-CMA-ES,XAJ-CN,test,selected_restart,-5.866666666666666,8.133333333333333,-0.0077666526021759,0.01666709133721
12073500,dPL-MLP,XAJ-Base,test,selected_restart,-0.8666666666666667,7.266666666666667,-0.0006740624688268,0.0187938601212781
12073500,dPL-MLP,XAJ-TGD,test,selected_restart,3.4,6.866666666666666,0.0152207707383036,0.0180833388429233
12073500,dPL-MLP,XAJ-CN,test,selected_restart,-2.6666666666666665,7.2,-0.0091773952029347,0.0194089787857231
12082500,IC-CMA-ES,XAJ-Base,test,selected_restart,-25.73333333333333,28.0,-0.0815761901044154,0.0827959974352649
12082500,IC-CMA-ES,XAJ-TGD,test,selected_restart,-25.6,28.266666666666666,-0.0799130138857468,0.0817325869941842
12082500,IC-CMA-ES,XAJ-CN,test,selected_restart,-2.333333333333333,16.866666666666667,0.0079638056851124,0.0445052132919912
12082500,dPL-MLP,XAJ-Base,test,selected_restart,-24.4,27.33333333333333,-0.0753317005538249,0.0799751013263197
12082500,dPL-MLP,XAJ-TGD,test,selected_restart,,,,
12082500,dPL-MLP,XAJ-CN,test,selected_restart,-0.3333333333333333,17.0,0.007952375501066,0.0454708076464732
12092000,IC-CMA-ES,XAJ-Base,test,selected_restart,-38.266666666666666,39.86666666666667,-0.0845263433887973,0.0887393850407867
12092000,IC-CMA-ES,XAJ-TGD,test,selected_restart,-39.4,40.73333333333333,-0.0857835156157031,0.0887009569328892
12092000,IC-CMA-ES,XAJ-CN,test,selected_restart,-10.266666666666667,23.866666666666667,-0.0046756995155826,0.0469648510478014
12092000,dPL-MLP,XAJ-Base,test,selected_restart,-36.73333333333333,39.66666666666666,-0.0827376616432681,0.0905699370624491
12092000,dPL-MLP,XAJ-TGD,test,selected_restart,,,,
12092000,dPL-MLP,XAJ-CN,test,selected_restart,-3.4,21.133333333333333,-0.0041706792945082,0.0450274789722339
12114500,IC-CMA-ES,XAJ-Base,test,selected_restart,-44.73333333333333,46.73333333333333,-0.1786575944326043,0.1786575944326043
12114500,IC-CMA-ES,XAJ-TGD,test,selected_restart,-42.06666666666667,44.2,-0.1685949286919554,0.1685949286919554
12114500,IC-CMA-ES,XAJ-CN,test,selected_restart,-2.6,16.6,0.0238617419102072,0.0680401737123104
12114500,dPL-MLP,XAJ-Base,test,selected_restart,-47.0,48.333333333333336,-0.1899503490429838,0.1899503490429838
12114500,dPL-MLP,XAJ-TGD,test,selected_restart,-43.86666666666667,45.06666666666667,-0.1770949980717619,0.1770949980717619
12114500,dPL-MLP,XAJ-CN,test,selected_restart,-1.9333333333333331,15.0,-0.0014391562443693,0.0574919489775704
12115000,IC-CMA-ES,XAJ-Base,test,selected_restart,-43.06666666666667,43.333333333333336,-0.1744311268581453,0.1744311268581453
12115000,IC-CMA-ES,XAJ-TGD,test,selected_restart,-38.266666666666666,38.8,-0.1565631246023877,0.1565631246023877
12115000,IC-CMA-ES,XAJ-CN,test,selected_restart,-3.466666666666667,14.933333333333334,0.0049448584066327,0.0583548669299067
12115000,dPL-MLP,XAJ-Base,test,selected_restart,-40.86666666666667,41.0,-0.1723996664537493,0.1723996664537493
12115000,dPL-MLP,XAJ-TGD,test,selected_restart,-35.2,36.53333333333333,-0.1500355070286496,0.1500355070286496
12115000,dPL-MLP,XAJ-CN,test,selected_restart,-2.6,15.4,-0.0171385502272351,0.0551507586519501
12117000,IC-CMA-ES,XAJ-Base,test,selected_restart,-11.066666666666666,11.066666666666666,-0.0419388414898858,0.0419388414898858
12117000,IC-CMA-ES,XAJ-TGD,test,selected_restart,-10.266666666666667,10.4,-0.038174697903727,0.0382664938115107
12117000,IC-CMA-ES,XAJ-CN,test,selected_restart,-6.533333333333333,7.2,-0.0324124476789778,0.0324124476789778
12117000,dPL-MLP,XAJ-Base,test,selected_restart,-11.466666666666669,11.466666666666669,-0.0459440123517658,0.0463441987179744
12117000,dPL-MLP,XAJ-TGD,test,selected_restart,-8.0,8.8,-0.0322467646478957,0.0336741299044285
12117000,dPL-MLP,XAJ-CN,test,selected_restart,-7.4,8.333333333333334,-0.0392149857162779,0.0396604557179438
12143600,IC-CMA-ES,XAJ-Base,test,selected_restart,-38.6,39.4,-0.1558799005681551,0.1558799005681551
12143600,IC-CMA-ES,XAJ-TGD,test,selected_restart,-34.13333333333333,34.93333333333333,-0.140222750816174,0.140222750816174
12143600,IC-CMA-ES,XAJ-CN,test,selected_restart,-4.933333333333334,11.733333333333333,-0.0118578093383984,0.0491396897070739
12143600,dPL-MLP,XAJ-Base,test,selected_restart,-40.86666666666667,41.266666666666666,-0.1676234729224718,0.1676234729224718
12143600,dPL-MLP,XAJ-TGD,test,selected_restart,-33.8,35.53333333333333,-0.1423098491762356,0.1423098491762356
12143600,dPL-MLP,XAJ-CN,test,selected_restart,-1.1333333333333333,12.466666666666669,-0.0068107900156852,0.0454338424437377
12144000,IC-CMA-ES,XAJ-Base,test,selected_restart,-30.0,31.866666666666667,-0.115706807579441,0.115706807579441
12144000,IC-CMA-ES,XAJ-TGD,test,selected_restart,-26.6,28.6,-0.1074762495416831,0.1075480899514119
12144000,IC-CMA-ES,XAJ-CN,test,selected_restart,-10.4,13.466666666666669,-0.0289885920344225,0.0406144424363084
12144000,dPL-MLP,XAJ-Base,test,selected_restart,-35.2,35.86666666666667,-0.135921056276404,0.135921056276404
12144000,dPL-MLP,XAJ-TGD,test,selected_restart,-27.73333333333333,30.0,-0.1139002047040493,0.1141620984972875
12144000,dPL-MLP,XAJ-CN,test,selected_restart,-10.2,14.066666666666666,-0.0387705685753059,0.0464679504016703
12145500,IC-CMA-ES,XAJ-Base,test,selected_restart,-7.666666666666667,7.8,-0.0487507783348197,0.0490291496669982
12145500,IC-CMA-ES,XAJ-TGD,test,selected_restart,-7.266666666666667,7.4,-0.0465417666211559,0.0470131556745106
12145500,IC-CMA-ES,XAJ-CN,test,selected_restart,-5.666666666666667,5.933333333333334,-0.0419092414751484,0.0433233177220558
12145500,dPL-MLP,XAJ-Base,test,selected_restart,-3.6,4.533333333333333,-0.0344475123261247,0.0374655048604542
12145500,dPL-MLP,XAJ-TGD,test,selected_restart,-4.333333333333333,4.866666666666666,-0.0335644069289003,0.0366946628248428
12145500,dPL-MLP,XAJ-CN,test,selected_restart,-0.2,3.0,-0.0321224066590105,0.0348617752945159
12147500,IC-CMA-ES,XAJ-Base,test,selected_restart,-24.0,24.0,-0.117047003909868,0.117047003909868
12147500,IC-CMA-ES,XAJ-TGD,test,selected_restart,-22.933333333333334,22.933333333333334,-0.1146268000254254,0.1146268000254254
12147500,IC-CMA-ES,XAJ-CN,test,selected_restart,-16.4,16.4,-0.0978320707926373,0.0978320707926373
12147500,dPL-MLP,XAJ-Base,test,selected_restart,-27.933333333333334,27.933333333333334,-0.1171298782079637,0.1171298782079637
12147500,dPL-MLP,XAJ-TGD,test,selected_restart,-23.466666666666665,23.466666666666665,-0.1112046649107556,0.1112046649107556
12147500,dPL-MLP,XAJ-CN,test,selected_restart,-9.133333333333333,10.733333333333333,-0.073368852342091,0.073368852342091
12167000,IC-CMA-ES,XAJ-Base,test,selected_restart,-23.8,24.6,-0.113090836968546,0.1132177862628308
12167000,IC-CMA-ES,XAJ-TGD,test,selected_restart,-22.933333333333334,23.73333333333333,-0.1109742199048648,0.1113139776492126
12167000,IC-CMA-ES,XAJ-CN,test,selected_restart,-17.666666666666668,18.73333333333333,-0.1038846859996765,0.1044021291637428
12167000,dPL-MLP,XAJ-Base,test,selected_restart,-25.8,26.33333333333333,-0.1155086387858042,0.1155086387858042
12167000,dPL-MLP,XAJ-TGD,test,selected_restart,-22.933333333333334,23.73333333333333,-0.1077729691729197,0.1078939738972989
12167000,dPL-MLP,XAJ-CN,test,selected_restart,-7.933333333333334,9.666666666666666,-0.0774947747255613,0.0798928835097956
12175500,IC-CMA-ES,XAJ-Base,test,selected_restart,-102.13333333333334,102.13333333333334,-0.2278878041062492,0.2278878041062492
12175500,IC-CMA-ES,XAJ-TGD,test,selected_restart,-44.86666666666667,44.86666666666667,0.0309768480108441,0.0400648092678781
12175500,IC-CMA-ES,XAJ-CN,test,selected_restart,-2.2,14.2,0.0376532139426729,0.0566191394321694
12175500,dPL-MLP,XAJ-Base,test,selected_restart,-109.4,109.4,-0.2331806995425361,0.2331806995425361
12175500,dPL-MLP,XAJ-TGD,test,selected_restart,,,,
12175500,dPL-MLP,XAJ-CN,test,selected_restart,-2.6,13.533333333333331,0.0506978354897361,0.0627867584252548
12178100,IC-CMA-ES,XAJ-Base,test,selected_restart,-62.86666666666667,64.46666666666667,-0.2143177200466865,0.2143177200466865
12178100,IC-CMA-ES,XAJ-TGD,test,selected_restart,-60.06666666666667,61.93333333333333,-0.2082434355328951,0.2082434355328951
12178100,IC-CMA-ES,XAJ-CN,test,selected_restart,9.2,13.066666666666666,0.0656366974999036,0.0674140803348824
12178100,dPL-MLP,XAJ-Base,test,selected_restart,-69.33333333333333,69.33333333333333,-0.2206804195156171,0.2206804195156171
12178100,dPL-MLP,XAJ-TGD,test,selected_restart,-13.533333333333331,22.73333333333333,0.0235380561043347,0.0427423760086686
12178100,dPL-MLP,XAJ-CN,test,selected_restart,12.866666666666667,14.866666666666667,0.0607284099747266,0.0642301074993417
12186000,IC-CMA-ES,XAJ-Base,test,selected_restart,-59.266666666666666,60.86666666666667,-0.201538116372013,0.201538116372013
12186000,IC-CMA-ES,XAJ-TGD,test,selected_restart,-55.73333333333333,58.53333333333333,-0.1956348753336906,0.1956348753336906
12186000,IC-CMA-ES,XAJ-CN,test,selected_restart,0.9333333333333332,14.933333333333334,0.0338649624224662,0.0684744768744266
12186000,dPL-MLP,XAJ-Base,test,selected_restart,-62.6,63.13333333333333,-0.2066968934102694,0.2066968934102694
12186000,dPL-MLP,XAJ-TGD,test,selected_restart,-62.6,63.13333333333333,-0.2080793367190996,0.2080793367190996
12186000,dPL-MLP,XAJ-CN,test,selected_restart,1.5333333333333334,15.0,0.038751033309714,0.0702303621575788
12189500,IC-CMA-ES,XAJ-Base,test,selected_restart,-44.4,47.06666666666667,-0.1548532966274834,0.1548532966274834
12189500,IC-CMA-ES,XAJ-TGD,test,selected_restart,-43.46666666666667,45.6,-0.1547065122424381,0.1547065122424381
12189500,IC-CMA-ES,XAJ-CN,test,selected_restart,5.466666666666667,14.4,0.0475169059138678,0.0636088816356384
12189500,dPL-MLP,XAJ-Base,test,selected_restart,-48.73333333333333,49.8,-0.1585562461116728,0.1585562461116728
12189500,dPL-MLP,XAJ-TGD,test,selected_restart,-50.266666666666666,50.93333333333333,-0.1647174461184756,0.1647174461184756
12189500,dPL-MLP,XAJ-CN,test,selected_restart,5.333333333333333,14.666666666666666,0.0393252846103095,0.0606757570570215
12375900,IC-CMA-ES,XAJ-Base,test,selected_restart,-82.86666666666666,82.86666666666666,-0.3594702890363505,0.3594702890363505
12375900,IC-CMA-ES,XAJ-TGD,test,selected_restart,-26.933333333333334,26.933333333333334,-0.0418243697133829,0.0489663639714612
12375900,IC-CMA-ES,XAJ-CN,test,selected_restart,-1.4,5.533333333333333,0.0136657227230896,0.0310416955068723
12375900,dPL-MLP,XAJ-Base,test,selected_restart,-67.06666666666666,67.06666666666666,-0.3133329501596263,0.3133329501596263
12375900,dPL-MLP,XAJ-TGD,test,selected_restart,-21.666666666666668,21.666666666666668,-0.0562240412679483,0.0579802790334119
12375900,dPL-MLP,XAJ-CN,test,selected_restart,-2.8666666666666667,6.466666666666667,-0.0133180430379678,0.0263142490461129
12377150,IC-CMA-ES,XAJ-Base,test,selected_restart,-111.2,111.2,-0.437690081981651,0.437690081981651
12377150,IC-CMA-ES,XAJ-TGD,test,selected_restart,-38.2,38.2,-0.0729380297539949,0.0729380297539949
12377150,IC-CMA-ES,XAJ-CN,test,selected_restart,-4.0,5.733333333333333,0.0193483781935453,0.029667313909289
12377150,dPL-MLP,XAJ-Base,test,selected_restart,-103.13333333333334,103.13333333333334,-0.4099580494441906,0.4099580494441906
12377150,dPL-MLP,XAJ-TGD,test,selected_restart,-36.0,36.0,-0.0671039430179516,0.0671039430179516
12377150,dPL-MLP,XAJ-CN,test,selected_restart,-7.133333333333334,8.066666666666666,0.0481577189884265,0.0546091252626647
12381400,IC-CMA-ES,XAJ-Base,test,selected_restart,-57.266666666666666,57.266666666666666,-0.3561472699939668,0.3561472699939668
12381400,IC-CMA-ES,XAJ-TGD,test,selected_restart,-12.933333333333334,14.666666666666666,0.0013729745249489,0.0452289404743703
12381400,IC-CMA-ES,XAJ-CN,test,selected_restart,-4.066666666666666,5.8,-0.0119818872113486,0.0304902765282316
12381400,dPL-MLP,XAJ-Base,test,selected_restart,-54.4,54.4,-0.3441837475597322,0.3441837475597322
12381400,dPL-MLP,XAJ-TGD,test,selected_restart,-18.666666666666668,18.8,-0.0518214768071433,0.0578706382427365
12381400,dPL-MLP,XAJ-CN,test,selected_restart,-15.133333333333333,15.4,-0.1595616763730308,0.1595616763730308
12383500,IC-CMA-ES,XAJ-Base,test,selected_restart,-75.53333333333333,75.53333333333333,-0.2046327613067941,0.2046327613067941
12383500,IC-CMA-ES,XAJ-TGD,test,selected_restart,-17.533333333333335,17.533333333333335,0.0182326632467591,0.0460383195613357
12383500,IC-CMA-ES,XAJ-CN,test,selected_restart,-5.6,7.2,-0.0352181019656178,0.0452408236822917
12383500,dPL-MLP,XAJ-Base,test,selected_restart,-60.13333333333333,60.13333333333333,-0.1506255469990091,0.1506255469990091
12383500,dPL-MLP,XAJ-TGD,test,selected_restart,-20.066666666666663,20.066666666666663,0.0059929527568502,0.0423761619235995
12383500,dPL-MLP,XAJ-CN,test,selected_restart,-22.73333333333333,22.73333333333333,-0.0911924245230671,0.0911924245230671
12390700,IC-CMA-ES,XAJ-Base,test,selected_restart,-39.0,39.0,-0.2759671231027921,0.2759671231027921
12390700,IC-CMA-ES,XAJ-TGD,test,selected_restart,-2.0,9.2,0.0118965506636619,0.0565317449430168
12390700,IC-CMA-ES,XAJ-CN,test,selected_restart,3.6666666666666665,6.866666666666666,0.0672369241797446,0.0705361923849943
12390700,dPL-MLP,XAJ-Base,test,selected_restart,-38.46666666666667,38.46666666666667,-0.2657277882016182,0.2657277882016182
12390700,dPL-MLP,XAJ-TGD,test,selected_restart,-4.533333333333333,10.0,0.0005702932758648,0.0578291314303419
12390700,dPL-MLP,XAJ-CN,test,selected_restart,-0.2666666666666666,7.466666666666667,-0.0677240312016487,0.0828254911132819
12411000,IC-CMA-ES,XAJ-Base,test,selected_restart,-42.266666666666666,42.266666666666666,-0.2916289786090399,0.2916289786090399
12411000,IC-CMA-ES,XAJ-TGD,test,selected_restart,-3.466666666666667,14.133333333333333,-0.0379599084049409,0.1010663734085003
12411000,IC-CMA-ES,XAJ-CN,test,selected_restart,-0.8666666666666667,9.4,-0.0222556739638195,0.0775700684043725
12411000,dPL-MLP,XAJ-Base,test,selected_restart,-39.86666666666667,39.86666666666667,-0.2799183408011939,0.2799183408011939
12411000,dPL-MLP,XAJ-TGD,test,selected_restart,-0.2,13.666666666666666,-0.0141883184105104,0.0827041512933015
12411000,dPL-MLP,XAJ-CN,test,selected_restart,2.466666666666667,9.8,-0.0321305999745871,0.0753278887086865
12447390,IC-CMA-ES,XAJ-Base,test,selected_restart,-85.6,85.6,-0.5132811207782533,0.5132811207782533
12447390,IC-CMA-ES,XAJ-TGD,test,selected_restart,-7.133333333333334,10.6,0.0030453891345554,0.0531103730659177
12447390,IC-CMA-ES,XAJ-CN,test,selected_restart,10.733333333333333,10.733333333333333,0.0110483339218988,0.0386555962899521
12447390,dPL-MLP,XAJ-Base,test,selected_restart,-74.53333333333333,74.53333333333333,-0.4730408777009751,0.4730408777009751
12447390,dPL-MLP,XAJ-TGD,test,selected_restart,-12.4,14.0,-0.0081585913113063,0.0608237147788694
12447390,dPL-MLP,XAJ-CN,test,selected_restart,2.8666666666666667,4.866666666666666,-0.1117907116026983,0.1150506130254215
12451000,IC-CMA-ES,XAJ-Base,test,selected_restart,-85.8,85.8,-0.3724144183934085,0.3724144183934085
12451000,IC-CMA-ES,XAJ-TGD,test,selected_restart,-33.86666666666667,33.86666666666667,-0.0763185305734825,0.0763185305734825
12451000,IC-CMA-ES,XAJ-CN,test,selected_restart,-5.933333333333334,9.0,-0.0339031024118614,0.0499885526971628
12451000,dPL-MLP,XAJ-Base,test,selected_restart,-93.8,93.8,-0.386643018657004,0.386643018657004
12451000,dPL-MLP,XAJ-TGD,test,selected_restart,-32.13333333333333,32.13333333333333,-0.0632558686872673,0.0632558686872673
12451000,dPL-MLP,XAJ-CN,test,selected_restart,-2.8,8.133333333333333,0.0159189499079831,0.0500867263328289
12488500,IC-CMA-ES,XAJ-Base,test,selected_restart,-54.8,54.8,-0.2747904463611382,0.2747904463611382
12488500,IC-CMA-ES,XAJ-TGD,test,selected_restart,-7.666666666666667,14.733333333333333,0.0112836496032935,0.0474552368571876
12488500,IC-CMA-ES,XAJ-CN,test,selected_restart,-3.466666666666667,7.333333333333333,-0.0428259734315015,0.0539623834204724
12488500,dPL-MLP,XAJ-Base,test,selected_restart,-56.06666666666667,56.06666666666667,-0.2765082641444939,0.2765082641444939
12488500,dPL-MLP,XAJ-TGD,test,selected_restart,-7.533333333333333,15.266666666666667,0.0181105232236447,0.0498792124630571
12488500,dPL-MLP,XAJ-CN,test,selected_restart,-6.733333333333333,10.733333333333333,-0.0912949983281232,0.0949311032528365
13011500,IC-CMA-ES,XAJ-Base,test,selected_restart,-51.266666666666666,51.266666666666666,-0.4472463876678825,0.4472463876678825
13011500,IC-CMA-ES,XAJ-TGD,test,selected_restart,-11.733333333333333,12.933333333333334,-0.0112104247683564,0.0796307551160259
13011500,IC-CMA-ES,XAJ-CN,test,selected_restart,-3.533333333333333,4.333333333333333,-0.0274212827954967,0.0287611670758663
13011500,dPL-MLP,XAJ-Base,test,selected_restart,-53.66666666666666,53.66666666666666,-0.4295336257094422,0.4295336257094422
13011500,dPL-MLP,XAJ-TGD,test,selected_restart,-11.333333333333334,12.533333333333331,-0.0333581040972749,0.0739622977668844
13011500,dPL-MLP,XAJ-CN,test,selected_restart,-5.866666666666666,6.4,-0.0013350000653942,0.0203840852067644
13011900,IC-CMA-ES,XAJ-Base,test,selected_restart,-63.13333333333333,63.13333333333333,-0.3328201164391634,0.3328201164391634
13011900,IC-CMA-ES,XAJ-TGD,test,selected_restart,-14.933333333333334,15.866666666666667,0.0274405966612699,0.0467719805932991
13011900,IC-CMA-ES,XAJ-CN,test,selected_restart,-9.466666666666669,9.466666666666669,-0.012736188330948,0.0219415132187963
13011900,dPL-MLP,XAJ-Base,test,selected_restart,-63.8,63.8,-0.329339626390437,0.329339626390437
13011900,dPL-MLP,XAJ-TGD,test,selected_restart,-17.2,17.6,0.0302548458589119,0.0528078211046211
13011900,dPL-MLP,XAJ-CN,test,selected_restart,-8.6,8.733333333333333,0.0106828421764575,0.0164302611958824
13018300,IC-CMA-ES,XAJ-Base,test,selected_restart,-56.6,56.6,-0.2279924623441134,0.2279924623441134
13018300,IC-CMA-ES,XAJ-TGD,test,selected_restart,-3.8666666666666663,7.466666666666667,0.0878886945772732,0.0895022617408068
13018300,IC-CMA-ES,XAJ-CN,test,selected_restart,-4.8,5.466666666666667,0.0059215434122647,0.0240578121564446
13018300,dPL-MLP,XAJ-Base,test,selected_restart,-57.333333333333336,57.333333333333336,-0.2246624700498019,0.2246624700498019
13018300,dPL-MLP,XAJ-TGD,test,selected_restart,-6.733333333333333,8.2,0.0437579917638068,0.0594955154723387
13018300,dPL-MLP,XAJ-CN,test,selected_restart,-4.2,4.866666666666666,0.0162799008417691,0.0274247203043712
13023000,IC-CMA-ES,XAJ-Base,test,selected_restart,-46.86666666666667,46.86666666666667,-0.2418297186369032,0.2418297186369032
13023000,IC-CMA-ES,XAJ-TGD,test,selected_restart,-4.333333333333333,5.8,0.038950223239826,0.0478922145962864
13023000,IC-CMA-ES,XAJ-CN,test,selected_restart,-0.9333333333333332,2.6666666666666665,-0.0062163844579786,0.0197544815515634
13023000,dPL-MLP,XAJ-Base,test,selected_restart,-49.333333333333336,49.333333333333336,-0.2412667209778558,0.2412667209778558
13023000,dPL-MLP,XAJ-TGD,test,selected_restart,-5.733333333333333,6.8,0.0385610168303717,0.0455696242451817
13023000,dPL-MLP,XAJ-CN,test,selected_restart,-2.1333333333333333,2.8,0.0087850873793829,0.0157311033390155
13161500,IC-CMA-ES,XAJ-Base,test,selected_restart,-1.3333333333333333,14.533333333333331,-0.1614512507704084,0.1614512507704084
13161500,IC-CMA-ES,XAJ-TGD,test,selected_restart,-1.4666666666666666,6.533333333333333,-0.0492269917912468,0.0676819374033255
13161500,IC-CMA-ES,XAJ-CN,test,selected_restart,-1.8,6.2,-0.0457615022447889,0.0688553857527024
13161500,dPL-MLP,XAJ-Base,test,selected_restart,-17.466666666666665,20.8,-0.2112316354699119,0.2112316354699119
13161500,dPL-MLP,XAJ-TGD,test,selected_restart,-7.266666666666667,9.266666666666667,-0.0959290350066805,0.1010434594063987
13161500,dPL-MLP,XAJ-CN,test,selected_restart,-1.1333333333333333,6.733333333333333,-0.0472803398556694,0.0737241633456793
13235000,IC-CMA-ES,XAJ-Base,test,selected_restart,-49.66666666666666,49.66666666666666,-0.2650554278711542,0.2650554278711542
13235000,IC-CMA-ES,XAJ-TGD,test,selected_restart,-10.6,11.266666666666667,0.0343689919292862,0.0414112188311703
13235000,IC-CMA-ES,XAJ-CN,test,selected_restart,-10.066666666666666,10.066666666666666,-0.0421291092256769,0.0421291092256769
13235000,dPL-MLP,XAJ-Base,test,selected_restart,-53.2,53.2,-0.2625986634910171,0.2625986634910171
13235000,dPL-MLP,XAJ-TGD,test,selected_restart,-8.733333333333333,9.666666666666666,0.0227152348339493,0.0339727623906113
13235000,dPL-MLP,XAJ-CN,test,selected_restart,-4.0,4.4,-0.0342570343832239,0.037184466444755
13240000,IC-CMA-ES,XAJ-Base,test,selected_restart,-54.333333333333336,54.333333333333336,-0.4384096249641901,0.4384096249641901
13240000,IC-CMA-ES,XAJ-TGD,test,selected_restart,-22.8,22.8,-0.1036628608606186,0.1091701356740593
13240000,IC-CMA-ES,XAJ-CN,test,selected_restart,-5.866666666666666,6.666666666666667,-0.0571452900471217,0.072012432858824
13240000,dPL-MLP,XAJ-Base,test,selected_restart,-58.93333333333333,58.93333333333333,-0.4409505689841436,0.4409505689841436
13240000,dPL-MLP,XAJ-TGD,test,selected_restart,-22.933333333333334,22.933333333333334,-0.1000429754159775,0.1063868848653435
13240000,dPL-MLP,XAJ-CN,test,selected_restart,-3.1333333333333333,4.6,-0.0037690524957504,0.0373278859486232
13313000,IC-CMA-ES,XAJ-Base,test,selected_restart,-54.66666666666666,54.66666666666666,-0.384009777367176,0.384009777367176
13313000,IC-CMA-ES,XAJ-TGD,test,selected_restart,-8.533333333333333,12.133333333333333,0.0019586554566407,0.047999560356463
13313000,IC-CMA-ES,XAJ-CN,test,selected_restart,-10.266666666666667,10.4,-0.001308879117232,0.0481017994712811
13313000,dPL-MLP,XAJ-Base,test,selected_restart,-52.73333333333333,52.73333333333333,-0.3726727295518532,0.3726727295518532
13313000,dPL-MLP,XAJ-TGD,test,selected_restart,-18.33333333333333,18.73333333333333,-0.0353525408705686,0.0578633521950555
13313000,dPL-MLP,XAJ-CN,test,selected_restart,-14.8,14.8,-0.2155591138800596,0.2155591138800596
13331500,IC-CMA-ES,XAJ-Base,test,selected_restart,-48.6,48.6,-0.3126679311184305,0.3126679311184305
13331500,IC-CMA-ES,XAJ-TGD,test,selected_restart,-15.933333333333334,15.933333333333334,-0.025923551121177,0.0460392512882332
13331500,IC-CMA-ES,XAJ-CN,test,selected_restart,-6.2,6.466666666666667,-0.0066627035526651,0.027427314852559
13331500,dPL-MLP,XAJ-Base,test,selected_restart,-53.06666666666667,53.06666666666667,-0.3269928961980559,0.3269928961980559
13331500,dPL-MLP,XAJ-TGD,test,selected_restart,-18.866666666666667,18.866666666666667,-0.0423516164211648,0.0509926879112406
13331500,dPL-MLP,XAJ-CN,test,selected_restart,-5.933333333333334,6.6,-0.003320396938743,0.0336550108796799
14020000,IC-CMA-ES,XAJ-Base,test,selected_restart,-25.066666666666663,25.2,-0.1277935580674342,0.132558681920778
14020000,IC-CMA-ES,XAJ-TGD,test,selected_restart,-6.0,11.733333333333333,-0.0546005195641053,0.0894800598216032
14020000,IC-CMA-ES,XAJ-CN,test,selected_restart,-7.2,10.0,-0.066384643938495,0.0742236205992167
14020000,dPL-MLP,XAJ-Base,test,selected_restart,-31.4,31.4,-0.1530117577576173,0.1545094142640539
14020000,dPL-MLP,XAJ-TGD,test,selected_restart,-2.333333333333333,8.866666666666667,-0.027615421639237,0.0631634960370746
14020000,dPL-MLP,XAJ-CN,test,selected_restart,-2.466666666666667,8.466666666666667,-0.0321370746953818,0.0591922787673738
14096850,IC-CMA-ES,XAJ-Base,test,selected_restart,-14.066666666666666,15.933333333333334,-0.036517827420169,0.0543547126806299
14096850,IC-CMA-ES,XAJ-TGD,test,selected_restart,-6.8,10.933333333333334,-0.0367275702046691,0.0510396513498346
14096850,IC-CMA-ES,XAJ-CN,test,selected_restart,-3.533333333333333,7.8,-0.0118791607109049,0.0389100080789132
14096850,dPL-MLP,XAJ-Base,test,selected_restart,-12.133333333333333,19.066666666666663,-0.0242810981559097,0.0652775784475117
14096850,dPL-MLP,XAJ-TGD,test,selected_restart,5.266666666666667,18.6,0.0353301180315674,0.0687755803587396
14096850,dPL-MLP,XAJ-CN,test,selected_restart,5.733333333333333,11.466666666666669,0.0067742181730926,0.0462380627037505
14137000,IC-CMA-ES,XAJ-Base,test,selected_restart,-14.4,16.4,-0.0600048158894993,0.0707837415865838
14137000,IC-CMA-ES,XAJ-TGD,test,selected_restart,-14.666666666666666,16.533333333333335,-0.0622947697173572,0.0693739063235246
14137000,IC-CMA-ES,XAJ-CN,test,selected_restart,3.8666666666666663,14.266666666666667,0.0145164465575399,0.046683946758766
14137000,dPL-MLP,XAJ-Base,test,selected_restart,-13.933333333333334,15.933333333333334,-0.062487828168374,0.0707628068022055
14137000,dPL-MLP,XAJ-TGD,test,selected_restart,,,,
14137000,dPL-MLP,XAJ-CN,test,selected_restart,7.466666666666667,13.6,0.0152957107294582,0.0476606681885897
14138800,IC-CMA-ES,XAJ-Base,test,selected_restart,-22.933333333333334,22.933333333333334,-0.1194838612718714,0.1194838612718714
14138800,IC-CMA-ES,XAJ-TGD,test,selected_restart,-23.133333333333333,23.266666666666666,-0.1184756382746829,0.1184756382746829
14138800,IC-CMA-ES,XAJ-CN,test,selected_restart,6.866666666666666,15.933333333333334,0.00795075799591,0.0443194238266983
14138800,dPL-MLP,XAJ-Base,test,selected_restart,-20.066666666666663,21.133333333333333,-0.1086560949130191,0.1086560949130191
14138800,dPL-MLP,XAJ-TGD,test,selected_restart,-19.53333333333333,20.73333333333333,-0.1050131901545657,0.1050131901545657
14138800,dPL-MLP,XAJ-CN,test,selected_restart,9.133333333333333,17.4,0.015994150495198,0.0457080610515314
14138870,IC-CMA-ES,XAJ-Base,test,selected_restart,-15.733333333333333,15.733333333333333,-0.0829363090137312,0.0829363090137312
14138870,IC-CMA-ES,XAJ-TGD,test,selected_restart,-14.2,14.2,-0.075877697501547,0.075877697501547
14138870,IC-CMA-ES,XAJ-CN,test,selected_restart,-5.733333333333333,9.2,-0.0546171498636076,0.0546171498636076
14138870,dPL-MLP,XAJ-Base,test,selected_restart,-10.733333333333333,11.0,-0.058214675619172,0.058214675619172
14138870,dPL-MLP,XAJ-TGD,test,selected_restart,-9.333333333333334,10.133333333333333,-0.050730093552636,0.050730093552636
14138870,dPL-MLP,XAJ-CN,test,selected_restart,4.933333333333334,10.0,-0.0042443774481286,0.0264414056227864
14138900,IC-CMA-ES,XAJ-Base,test,selected_restart,-17.2,17.2,-0.0758525332728394,0.0758525332728394
14138900,IC-CMA-ES,XAJ-TGD,test,selected_restart,-15.733333333333333,15.733333333333333,-0.068656333378888,0.068656333378888
14138900,IC-CMA-ES,XAJ-CN,test,selected_restart,-3.2666666666666666,7.666666666666667,-0.0350389203349121,0.0370796758658342
14138900,dPL-MLP,XAJ-Base,test,selected_restart,-14.0,14.0,-0.0623695871153839,0.0628064968910468
14138900,dPL-MLP,XAJ-TGD,test,selected_restart,-14.533333333333331,14.533333333333331,-0.0635458251753815,0.0636500178502651
14138900,dPL-MLP,XAJ-CN,test,selected_restart,1.8666666666666667,10.133333333333333,-0.0069034905154872,0.0314221394669719
14139800,IC-CMA-ES,XAJ-Base,test,selected_restart,-13.333333333333334,13.333333333333334,-0.0520138888104444,0.0520138888104444
14139800,IC-CMA-ES,XAJ-TGD,test,selected_restart,-15.533333333333331,15.533333333333331,-0.0588605809751834,0.0588605809751834
14139800,IC-CMA-ES,XAJ-CN,test,selected_restart,-4.8,9.333333333333334,-0.0358838715696022,0.0360654858360392
14139800,dPL-MLP,XAJ-Base,test,selected_restart,-12.066666666666666,12.066666666666666,-0.0513683069292392,0.0513683069292392
14139800,dPL-MLP,XAJ-TGD,test,selected_restart,-10.866666666666667,10.866666666666667,-0.0454881716314639,0.0457619634939067
14139800,dPL-MLP,XAJ-CN,test,selected_restart,-4.0,10.0,-0.0332612691863065,0.0360493190820205
14141500,IC-CMA-ES,XAJ-Base,test,selected_restart,-13.466666666666669,13.733333333333333,-0.0665758955850497,0.0665758955850497
14141500,IC-CMA-ES,XAJ-TGD,test,selected_restart,-11.466666666666669,12.0,-0.0579835274193977,0.0580596458992147
14141500,IC-CMA-ES,XAJ-CN,test,selected_restart,-5.133333333333334,8.6,-0.0485870270306165,0.0485870270306165
14141500,dPL-MLP,XAJ-Base,test,selected_restart,-10.666666666666666,11.333333333333334,-0.0543621230497256,0.0552299163819138
14141500,dPL-MLP,XAJ-TGD,test,selected_restart,-8.666666666666666,9.733333333333333,-0.0460661975914533,0.04915724485748
14141500,dPL-MLP,XAJ-CN,test,selected_restart,-4.133333333333334,8.133333333333333,-0.0432744004700874,0.0439315540082523
14154500,IC-CMA-ES,XAJ-Base,test,selected_restart,-16.933333333333334,16.933333333333334,-0.0710696234780185,0.0710696234780185
14154500,IC-CMA-ES,XAJ-TGD,test,selected_restart,-13.533333333333331,13.666666666666666,-0.0688882226226363,0.0689330797041421
14154500,IC-CMA-ES,XAJ-CN,test,selected_restart,-12.6,12.733333333333333,-0.0677418991404407,0.0679438283686802
14154500,dPL-MLP,XAJ-Base,test,selected_restart,-11.733333333333333,12.0,-0.0736260135449601,0.0736260135449601
14154500,dPL-MLP,XAJ-TGD,test,selected_restart,-15.466666666666669,15.6,-0.0839311484970284,0.0839311484970284
14154500,dPL-MLP,XAJ-CN,test,selected_restart,-7.466666666666667,7.733333333333333,-0.0738617131588492,0.0738617131588492
14158790,IC-CMA-ES,XAJ-Base,test,selected_restart,-35.13333333333333,35.13333333333333,-0.1479823411980226,0.1479823411980226
14158790,IC-CMA-ES,XAJ-TGD,test,selected_restart,-32.6,32.6,-0.1378235162773683,0.1378235162773683
14158790,IC-CMA-ES,XAJ-CN,test,selected_restart,-6.666666666666667,12.266666666666667,-0.0314104141274049,0.0452768619410195
14158790,dPL-MLP,XAJ-Base,test,selected_restart,-33.2,33.2,-0.1449009857057486,0.1449009857057486
14158790,dPL-MLP,XAJ-TGD,test,selected_restart,-32.333333333333336,32.333333333333336,-0.1429731728115632,0.1429731728115632
14158790,dPL-MLP,XAJ-CN,test,selected_restart,-6.533333333333333,12.533333333333331,-0.031051985569691,0.045797534341812
14166500,IC-CMA-ES,XAJ-Base,test,selected_restart,-4.466666666666667,5.666666666666667,-0.0203337818087968,0.022987395279684
14166500,IC-CMA-ES,XAJ-TGD,test,selected_restart,-4.066666666666666,5.8,-0.0207697843215696,0.0255049211314105
14166500,IC-CMA-ES,XAJ-CN,test,selected_restart,-4.2,4.333333333333333,-0.0211156055035027,0.0249370246204121
14166500,dPL-MLP,XAJ-Base,test,selected_restart,-0.8666666666666667,4.733333333333333,-0.0019521439772678,0.0157269192016952
14166500,dPL-MLP,XAJ-TGD,test,selected_restart,0.2666666666666666,3.8666666666666663,0.0008521934646534,0.0144578847014791
14166500,dPL-MLP,XAJ-CN,test,selected_restart,-0.9333333333333332,4.4,-0.01167822228887,0.0228449307184265
14182500,IC-CMA-ES,XAJ-Base,test,selected_restart,-14.533333333333331,17.6,-0.0763488431778814,0.0763488431778814
14182500,IC-CMA-ES,XAJ-TGD,test,selected_restart,-12.866666666666667,16.866666666666667,-0.0657188832767075,0.0657188832767075
14182500,IC-CMA-ES,XAJ-CN,test,selected_restart,-9.733333333333333,14.0,-0.0700174525387353,0.0700174525387353
14182500,dPL-MLP,XAJ-Base,test,selected_restart,-13.933333333333334,17.266666666666666,-0.0700990567611919,0.0700990567611919
14182500,dPL-MLP,XAJ-TGD,test,selected_restart,-11.933333333333334,15.533333333333331,-0.0623959481723374,0.0623959481723374
14182500,dPL-MLP,XAJ-CN,test,selected_restart,0.8,11.2,-0.0259689480073517,0.037859680901599
14185000,IC-CMA-ES,XAJ-Base,test,selected_restart,-12.866666666666667,12.866666666666667,-0.0677606448036154,0.0677606448036154
14185000,IC-CMA-ES,XAJ-TGD,test,selected_restart,-11.6,11.6,-0.0629145845275839,0.0629145845275839
14185000,IC-CMA-ES,XAJ-CN,test,selected_restart,-4.8,8.8,-0.04403875514882,0.0460160283588439
14185000,dPL-MLP,XAJ-Base,test,selected_restart,-13.0,13.0,-0.0707281206549922,0.0707281206549922
14185000,dPL-MLP,XAJ-TGD,test,selected_restart,-15.6,15.6,-0.0716405237219452,0.0716405237219452
14185000,dPL-MLP,XAJ-CN,test,selected_restart,-3.6666666666666665,8.6,-0.0384284014008164,0.0426497913939895
14185900,IC-CMA-ES,XAJ-Base,test,selected_restart,-20.8,20.8,-0.0735483399274821,0.0735483399274821
14185900,IC-CMA-ES,XAJ-TGD,test,selected_restart,-19.066666666666663,19.066666666666663,-0.0616147236270582,0.0629372542810952
14185900,IC-CMA-ES,XAJ-CN,test,selected_restart,-8.333333333333334,10.066666666666666,-0.0544966316464419,0.0548287642850879
14185900,dPL-MLP,XAJ-Base,test,selected_restart,-18.53333333333333,18.53333333333333,-0.0618601089957232,0.0628300629908247
14185900,dPL-MLP,XAJ-TGD,test,selected_restart,-17.4,17.4,-0.0585796948515251,0.0600393161885456
14185900,dPL-MLP,XAJ-CN,test,selected_restart,-1.9333333333333331,10.066666666666666,-0.0200101908289269,0.0329433990948739
14187000,IC-CMA-ES,XAJ-Base,test,selected_restart,-14.666666666666666,14.666666666666666,-0.0591452517455421,0.0591452517455421
14187000,IC-CMA-ES,XAJ-TGD,test,selected_restart,-11.533333333333331,11.533333333333331,-0.0507711488351824,0.0514716971163561
14187000,IC-CMA-ES,XAJ-CN,test,selected_restart,-8.6,8.6,-0.0494542477871579,0.0495875625058621
14187000,dPL-MLP,XAJ-Base,test,selected_restart,-10.933333333333334,10.933333333333334,-0.0525637366717658,0.0530729480827461
14187000,dPL-MLP,XAJ-TGD,test,selected_restart,-13.933333333333334,13.933333333333334,-0.0553108313029609,0.0554726757848869
14187000,dPL-MLP,XAJ-CN,test,selected_restart,-11.333333333333334,11.333333333333334,-0.0578675005183222,0.0578675005183222
14216500,IC-CMA-ES,XAJ-Base,test,selected_restart,-27.466666666666665,27.466666666666665,-0.1135984005173143,0.1137513644288162
14216500,IC-CMA-ES,XAJ-TGD,test,selected_restart,-26.266666666666666,26.266666666666666,-0.1116903098066744,0.1116903098066744
14216500,IC-CMA-ES,XAJ-CN,test,selected_restart,-1.7333333333333334,12.533333333333331,-0.0023573996265825,0.0543355893797178
14216500,dPL-MLP,XAJ-Base,test,selected_restart,-28.2,28.2,-0.1194799305637773,0.1194799305637773
14216500,dPL-MLP,XAJ-TGD,test,selected_restart,-24.0,24.4,-0.1040076883276399,0.1050689753681599
14216500,dPL-MLP,XAJ-CN,test,selected_restart,0.6666666666666666,12.533333333333331,0.0014572728037737,0.05403254645134
14222500,IC-CMA-ES,XAJ-Base,test,selected_restart,-9.933333333333334,9.933333333333334,-0.0628001124488667,0.0628001124488667
14222500,IC-CMA-ES,XAJ-TGD,test,selected_restart,-7.933333333333334,8.6,-0.0497026339995221,0.05116550480404
14222500,IC-CMA-ES,XAJ-CN,test,selected_restart,-5.4,8.066666666666666,-0.0460759516385551,0.0484914199022303
14222500,dPL-MLP,XAJ-Base,test,selected_restart,-7.866666666666666,8.533333333333333,-0.0506724264052863,0.0520729825405131
14222500,dPL-MLP,XAJ-TGD,test,selected_restart,-9.933333333333334,10.333333333333334,-0.0570379004704312,0.0576421226568868
14222500,dPL-MLP,XAJ-CN,test,selected_restart,-4.6,7.533333333333333,-0.0492502253082748,0.0495169531309138
14236200,IC-CMA-ES,XAJ-Base,test,selected_restart,-16.2,16.2,-0.0709520637089658,0.0713536419815731
14236200,IC-CMA-ES,XAJ-TGD,test,selected_restart,-14.4,14.8,-0.0615434635772951,0.0630382736831885
14236200,IC-CMA-ES,XAJ-CN,test,selected_restart,-11.266666666666667,11.933333333333334,-0.0607622841094581,0.0623924325217785
14236200,dPL-MLP,XAJ-Base,test,selected_restart,-17.933333333333334,17.933333333333334,-0.0696115989580401,0.0707822611985324
14236200,dPL-MLP,XAJ-TGD,test,selected_restart,-15.666666666666666,15.666666666666666,-0.0589417516285825,0.0619105469244439
14236200,dPL-MLP,XAJ-CN,test,selected_restart,-7.4,10.333333333333334,-0.0349808975154805,0.0418640403642546
14301000,IC-CMA-ES,XAJ-Base,test,selected_restart,-10.066666666666666,10.066666666666666,-0.067857198734124,0.067857198734124
14301000,IC-CMA-ES,XAJ-TGD,test,selected_restart,-4.533333333333333,5.866666666666666,-0.0258729624937371,0.028442095411603
14301000,IC-CMA-ES,XAJ-CN,test,selected_restart,-4.666666666666667,5.733333333333333,-0.0253706885566707,0.0286420732427485
14301000,dPL-MLP,XAJ-Base,test,selected_restart,-4.2,5.533333333333333,-0.0280213329385117,0.0293000520684695
14301000,dPL-MLP,XAJ-TGD,test,selected_restart,-3.733333333333333,5.6,-0.0314494429221149,0.0314494429221149
14301000,dPL-MLP,XAJ-CN,test,selected_restart,-2.8666666666666667,5.0,-0.0213533275515234,0.0262150486001221
14303200,IC-CMA-ES,XAJ-Base,test,selected_restart,-11.733333333333333,12.4,-0.0633589266986318,0.0633589266986318
14303200,IC-CMA-ES,XAJ-TGD,test,selected_restart,-8.8,10.0,-0.0433434371402529,0.0453271876481208
14303200,IC-CMA-ES,XAJ-CN,test,selected_restart,-9.933333333333334,10.866666666666667,-0.0543997783711222,0.0551226611641082
14303200,dPL-MLP,XAJ-Base,test,selected_restart,-8.8,10.133333333333333,-0.0435309657703506,0.0461381729152831
14303200,dPL-MLP,XAJ-TGD,test,selected_restart,-10.933333333333334,11.866666666666667,-0.062095754767524,0.0623995096193783
14303200,dPL-MLP,XAJ-CN,test,selected_restart,-8.2,9.666666666666666,-0.0460060600688723,0.0482223680324388
14305500,IC-CMA-ES,XAJ-Base,test,selected_restart,-9.533333333333331,9.533333333333331,-0.0345575018292655,0.0355603569151415
14305500,IC-CMA-ES,XAJ-TGD,test,selected_restart,-9.133333333333333,9.133333333333333,-0.0299906316961834,0.0311639779211535
14305500,IC-CMA-ES,XAJ-CN,test,selected_restart,-8.866666666666667,9.0,-0.0338275987472126,0.0348757394553675
14305500,dPL-MLP,XAJ-Base,test,selected_restart,-10.8,10.8,-0.0462915463811148,0.0462915463811148
14305500,dPL-MLP,XAJ-TGD,test,selected_restart,-9.533333333333331,9.533333333333331,-0.0340742646223296,0.0344621924958084
14305500,dPL-MLP,XAJ-CN,test,selected_restart,-7.466666666666667,8.533333333333333,-0.02897550002396,0.0300674779615257
14306340,IC-CMA-ES,XAJ-Base,test,selected_restart,-8.4,10.0,-0.0305213955753993,0.0305213955753993
14306340,IC-CMA-ES,XAJ-TGD,test,selected_restart,-7.866666666666666,9.6,-0.0266386024866453,0.0266386024866453
14306340,IC-CMA-ES,XAJ-CN,test,selected_restart,-5.133333333333334,11.933333333333334,-0.0259680720879586,0.0259680720879586
14306340,dPL-MLP,XAJ-Base,test,selected_restart,-4.666666666666667,7.6,-0.0180434160147062,0.0200983328179585
14306340,dPL-MLP,XAJ-TGD,test,selected_restart,-8.933333333333334,10.266666666666667,-0.0365189103001308,0.0365189103001308
14306340,dPL-MLP,XAJ-CN,test,selected_restart,-5.466666666666667,9.333333333333334,-0.0223815006726932,0.0231728875536594
14306500,IC-CMA-ES,XAJ-Base,test,selected_restart,-2.7333333333333334,5.0,-0.0248339882710596,0.0248339882710596
14306500,IC-CMA-ES,XAJ-TGD,test,selected_restart,-2.2666666666666666,4.666666666666667,-0.0229013935942471,0.0229013935942471
14306500,IC-CMA-ES,XAJ-CN,test,selected_restart,-7.533333333333333,8.466666666666667,-0.0444868322431068,0.0444868322431068
14306500,dPL-MLP,XAJ-Base,test,selected_restart,-4.733333333333333,5.933333333333334,-0.0230618115483741,0.0230618115483741
14306500,dPL-MLP,XAJ-TGD,test,selected_restart,-7.2,7.6,-0.036871119958065,0.036871119958065
14306500,dPL-MLP,XAJ-CN,test,selected_restart,-6.6,6.733333333333333,-0.03277422996551,0.03277422996551
14308990,IC-CMA-ES,XAJ-Base,test,selected_restart,-12.6,13.0,-0.0881525595973855,0.0881525595973855
14308990,IC-CMA-ES,XAJ-TGD,test,selected_restart,-15.733333333333333,15.733333333333333,-0.0817272300512518,0.0817272300512518
14308990,IC-CMA-ES,XAJ-CN,test,selected_restart,-17.2,17.866666666666667,-0.0736489042630717,0.0807692483152552
14308990,dPL-MLP,XAJ-Base,test,selected_restart,-6.733333333333333,8.066666666666666,-0.0348634511223361,0.0437534981841449
14308990,dPL-MLP,XAJ-TGD,test,selected_restart,-6.066666666666666,6.866666666666666,-0.0349549834917908,0.0441681946717994
14308990,dPL-MLP,XAJ-CN,test,selected_restart,-6.0,8.4,-0.0430122767876511,0.0470958169763902
14309500,IC-CMA-ES,XAJ-Base,test,selected_restart,-10.533333333333331,10.666666666666666,-0.0363421604569015,0.0367297030063373
14309500,IC-CMA-ES,XAJ-TGD,test,selected_restart,-13.466666666666669,13.6,-0.0445118820205586,0.0448611857820685
14309500,IC-CMA-ES,XAJ-CN,test,selected_restart,-12.866666666666667,12.866666666666667,-0.049011833522246,0.049011833522246
14309500,dPL-MLP,XAJ-Base,test,selected_restart,-7.666666666666667,8.866666666666667,-0.0238145553107318,0.0267196206649903
14309500,dPL-MLP,XAJ-TGD,test,selected_restart,-10.333333333333334,10.466666666666669,-0.03864722406221,0.0396107055077092
14309500,dPL-MLP,XAJ-CN,test,selected_restart,-4.866666666666666,5.133333333333334,-0.016512340112056,0.0209954583049579
14316700,IC-CMA-ES,XAJ-Base,test,selected_restart,-10.066666666666666,10.066666666666666,-0.0475068646056838,0.0481503719630081
14316700,IC-CMA-ES,XAJ-TGD,test,selected_restart,-10.2,10.2,-0.0446491104745256,0.0456284403346219
14316700,IC-CMA-ES,XAJ-CN,test,selected_restart,-10.666666666666666,11.066666666666666,-0.0652731038514164,0.0652731038514164
14316700,dPL-MLP,XAJ-Base,test,selected_restart,-11.6,11.6,-0.0536410855634398,0.0536435628475982
14316700,dPL-MLP,XAJ-TGD,test,selected_restart,-12.533333333333331,12.533333333333331,-0.0561079588913308,0.0561079588913308
14316700,dPL-MLP,XAJ-CN,test,selected_restart,-6.133333333333334,7.2,-0.0515660174075153,0.0515660174075153
14325000,IC-CMA-ES,XAJ-Base,test,selected_restart,-11.066666666666666,11.866666666666667,-0.0501483584428707,0.0501483584428707
14325000,IC-CMA-ES,XAJ-TGD,test,selected_restart,-10.4,11.333333333333334,-0.042380222179977,0.042380222179977
14325000,IC-CMA-ES,XAJ-CN,test,selected_restart,-10.933333333333334,11.866666666666667,-0.0489499832178035,0.0489499832178035
14325000,dPL-MLP,XAJ-Base,test,selected_restart,-6.533333333333333,8.533333333333333,-0.0313771138573566,0.0318981783257325
14325000,dPL-MLP,XAJ-TGD,test,selected_restart,-9.2,10.666666666666666,-0.042668663460501,0.042668663460501
14325000,dPL-MLP,XAJ-CN,test,selected_restart,-6.866666666666666,8.466666666666667,-0.0276478533928473,0.0279501371170231
14362250,IC-CMA-ES,XAJ-Base,test,selected_restart,-1.1333333333333333,18.866666666666667,-0.050129690474764,0.0893755534808798
14362250,IC-CMA-ES,XAJ-TGD,test,selected_restart,-2.333333333333333,19.8,-0.05106421530892,0.0905892485897703
14362250,IC-CMA-ES,XAJ-CN,test,selected_restart,-1.8666666666666667,17.466666666666665,-0.0530216452543889,0.0927107642204066
14362250,dPL-MLP,XAJ-Base,test,selected_restart,0.0,7.866666666666666,-0.0066623304848825,0.0550483278745213
14362250,dPL-MLP,XAJ-TGD,test,selected_restart,-3.4,7.8,-0.0411562822326973,0.0581368791037995
14362250,dPL-MLP,XAJ-CN,test,selected_restart,-8.266666666666667,14.133333333333333,-0.0443616436983103,0.0629182743533163
14400000,IC-CMA-ES,XAJ-Base,test,selected_restart,-12.066666666666666,12.066666666666666,-0.0265883996971048,0.0308331746593341
14400000,IC-CMA-ES,XAJ-TGD,test,selected_restart,-12.333333333333334,12.333333333333334,-0.027658933886647,0.031541413936538
14400000,IC-CMA-ES,XAJ-CN,test,selected_restart,-12.133333333333333,12.133333333333333,-0.0263237193115152,0.0304220829039494
14400000,dPL-MLP,XAJ-Base,test,selected_restart,-12.2,12.2,-0.0396937146671213,0.04059696183977
14400000,dPL-MLP,XAJ-TGD,test,selected_restart,-13.066666666666666,13.066666666666666,-0.0344944208748735,0.0358677986897774
14400000,dPL-MLP,XAJ-CN,test,selected_restart,-13.133333333333333,13.133333333333333,-0.0331285888838368,0.0349195697543768
10259000,IC-CMA-ES,XAJ-Base,test,selected_restart,23.4,24.2,0.068144572150079,0.0746036493869593
10259000,IC-CMA-ES,XAJ-TGD,test,selected_restart,1.6666666666666667,6.733333333333333,0.0104238444282289,0.0270693346345096
10259000,IC-CMA-ES,XAJ-CN,test,selected_restart,23.53333333333333,24.33333333333333,0.0688813709928271,0.0755135003817052
10259000,dPL-MLP,XAJ-Base,test,selected_restart,17.266666666666666,18.066666666666663,0.0486615601890958,0.0579416941661673
10259000,dPL-MLP,XAJ-TGD,test,selected_restart,16.533333333333335,16.933333333333334,0.0518535736912167,0.0564565225533615
10259000,dPL-MLP,XAJ-CN,test,selected_restart,18.53333333333333,18.666666666666668,0.0558521999631004,0.0610294157357982
11124500,IC-CMA-ES,XAJ-Base,test,selected_restart,-4.866666666666666,7.8,-0.0626112386564139,0.0659608661372847
11124500,IC-CMA-ES,XAJ-TGD,test,selected_restart,-2.466666666666667,7.4,-0.056204114293528,0.0625926197034809
11124500,IC-CMA-ES,XAJ-CN,test,selected_restart,-2.066666666666667,7.533333333333333,-0.05358567392873,0.0606908410652863
11124500,dPL-MLP,XAJ-Base,test,selected_restart,1.0666666666666669,6.4,0.0022496825725114,0.0495734648315652
11124500,dPL-MLP,XAJ-TGD,test,selected_restart,-0.8,6.933333333333334,-0.0247817239393516,0.0491012705090691
11124500,dPL-MLP,XAJ-CN,test,selected_restart,-1.0,6.333333333333333,-0.0230689310759031,0.0489975074244146
11141280,IC-CMA-ES,XAJ-Base,test,selected_restart,2.8666666666666667,8.2,0.0179064276735703,0.0576017727831842
11141280,IC-CMA-ES,XAJ-TGD,test,selected_restart,8.066666666666666,9.533333333333331,0.0526604486426433,0.071476656936681
11141280,IC-CMA-ES,XAJ-CN,test,selected_restart,2.6,7.266666666666667,0.0142162186822017,0.0581648097257754
11141280,dPL-MLP,XAJ-Base,test,selected_restart,6.866666666666666,9.266666666666667,0.0137727566481352,0.038143656350574
11141280,dPL-MLP,XAJ-TGD,test,selected_restart,1.5333333333333334,5.8,0.0071972944260359,0.0446053189180041
11141280,dPL-MLP,XAJ-CN,test,selected_restart,5.666666666666667,9.133333333333333,0.0089353499731143,0.0375087585356486
11143000,IC-CMA-ES,XAJ-Base,test,selected_restart,-11.0,11.533333333333331,-0.0534738940003397,0.0592156811173169
11143000,IC-CMA-ES,XAJ-TGD,test,selected_restart,-12.066666666666666,12.466666666666669,-0.0716988087448361,0.0716988087448361
11143000,IC-CMA-ES,XAJ-CN,test,selected_restart,-10.933333333333334,11.333333333333334,-0.0647923924776795,0.0647923924776795
11143000,dPL-MLP,XAJ-Base,test,selected_restart,2.7333333333333334,5.0,0.0177158657955246,0.0301068980071972
11143000,dPL-MLP,XAJ-TGD,test,selected_restart,,,,
11143000,dPL-MLP,XAJ-CN,test,selected_restart,1.6,4.4,0.008995111211848,0.0261242944283281
11148900,IC-CMA-ES,XAJ-Base,test,selected_restart,-3.333333333333333,4.933333333333334,-0.013337553417996,0.0214072860443892
11148900,IC-CMA-ES,XAJ-TGD,test,selected_restart,-0.2666666666666666,6.666666666666667,-0.0079239262824286,0.0267469902445253
11148900,IC-CMA-ES,XAJ-CN,test,selected_restart,-4.933333333333334,5.333333333333333,-0.0309656507382625,0.0309656507382625
11148900,dPL-MLP,XAJ-Base,test,selected_restart,1.3333333333333333,8.533333333333333,0.0158738119242993,0.0312253502146666
11148900,dPL-MLP,XAJ-TGD,test,selected_restart,2.466666666666667,7.266666666666667,0.0207808550550572,0.0319541652468681
11148900,dPL-MLP,XAJ-CN,test,selected_restart,1.0,8.866666666666667,0.0197801168335261,0.0323897458791669
11151300,IC-CMA-ES,XAJ-Base,test,selected_restart,12.066666666666666,15.266666666666667,0.0720343821465879,0.1356311984381828
11151300,IC-CMA-ES,XAJ-TGD,test,selected_restart,-13.6,17.733333333333334,-0.1153859466284234,0.1167304281289237
11151300,IC-CMA-ES,XAJ-CN,test,selected_restart,-7.4,13.666666666666666,-0.0464780080348342,0.0916403526821952
11151300,dPL-MLP,XAJ-Base,test,selected_restart,-6.4,12.133333333333333,-0.0320334971477677,0.0745176600368706
11151300,dPL-MLP,XAJ-TGD,test,selected_restart,-7.4,12.866666666666667,-0.0611600680182466,0.0763909753837207
11151300,dPL-MLP,XAJ-CN,test,selected_restart,-9.533333333333331,13.933333333333334,-0.0782928601744363,0.0867593286342744
11176400,IC-CMA-ES,XAJ-Base,test,selected_restart,0.0666666666666666,5.266666666666667,-0.0342166712066582,0.0519781223850341
11176400,IC-CMA-ES,XAJ-TGD,test,selected_restart,-1.4,5.266666666666667,-0.0314643325253661,0.0519758731240106
11176400,IC-CMA-ES,XAJ-CN,test,selected_restart,-2.466666666666667,5.533333333333333,-0.0277712165635503,0.0421408172707761
11176400,dPL-MLP,XAJ-Base,test,selected_restart,0.0666666666666666,8.333333333333334,0.0167510815328184,0.041065275017492
11176400,dPL-MLP,XAJ-TGD,test,selected_restart,1.5333333333333334,7.133333333333334,0.0089353252255244,0.0286144000791729
11176400,dPL-MLP,XAJ-CN,test,selected_restart,0.3333333333333333,6.466666666666667,-0.0008748192597604,0.0432441383742692
11230500,IC-CMA-ES,XAJ-Base,test,selected_restart,-79.2,79.2,-0.4708707277577899,0.4708707277577899
11230500,IC-CMA-ES,XAJ-TGD,test,selected_restart,-16.666666666666668,17.066666666666666,-0.1039138987264813,0.107712892358033
11230500,IC-CMA-ES,XAJ-CN,test,selected_restart,7.466666666666667,10.266666666666667,0.05023453686617,0.0632613032350312
11230500,dPL-MLP,XAJ-Base,test,selected_restart,-58.53333333333333,58.53333333333333,-0.384121471107183,0.384121471107183
11230500,dPL-MLP,XAJ-TGD,test,selected_restart,-23.6,23.6,-0.093052523791967,0.103192409508759
11230500,dPL-MLP,XAJ-CN,test,selected_restart,4.6,9.266666666666667,0.0644722824690956,0.0728072329523263
11237500,IC-CMA-ES,XAJ-Base,test,selected_restart,-42.86666666666667,42.86666666666667,-0.4238539135922175,0.4238539135922175
11237500,IC-CMA-ES,XAJ-TGD,test,selected_restart,-14.066666666666666,15.8,-0.1615302002896052,0.1615302002896052
11237500,IC-CMA-ES,XAJ-CN,test,selected_restart,2.0,8.266666666666667,-0.0308991547891678,0.0567284290162404
11237500,dPL-MLP,XAJ-Base,test,selected_restart,-42.2,42.2,-0.4115188197760961,0.4115188197760961
11237500,dPL-MLP,XAJ-TGD,test,selected_restart,-15.2,16.933333333333334,-0.1735072569518468,0.1735072569518468
11237500,dPL-MLP,XAJ-CN,test,selected_restart,-5.533333333333333,9.533333333333331,-0.104662602789122,0.1142624774420058
11264500,IC-CMA-ES,XAJ-Base,test,selected_restart,-51.66666666666666,51.66666666666666,-0.4125418909270521,0.4125418909270521
11264500,IC-CMA-ES,XAJ-TGD,test,selected_restart,-23.466666666666665,23.466666666666665,-0.2045730101941978,0.2045730101941978
11264500,IC-CMA-ES,XAJ-CN,test,selected_restart,1.4666666666666666,6.4,-0.0697126813609357,0.0829329854285163
11264500,dPL-MLP,XAJ-Base,test,selected_restart,-52.86666666666667,52.86666666666667,-0.4062827932714379,0.4062827932714379
11264500,dPL-MLP,XAJ-TGD,test,selected_restart,-23.4,23.4,-0.1973870404441114,0.1973870404441114
11264500,dPL-MLP,XAJ-CN,test,selected_restart,-1.1333333333333333,6.066666666666666,-0.063904447146153,0.0759254739717088
11266500,IC-CMA-ES,XAJ-Base,test,selected_restart,-48.13333333333333,48.13333333333333,-0.3909275033813909,0.3909275033813909
11266500,IC-CMA-ES,XAJ-TGD,test,selected_restart,-19.933333333333334,19.933333333333334,-0.1734590787432785,0.1734590787432785
11266500,IC-CMA-ES,XAJ-CN,test,selected_restart,0.8666666666666667,6.733333333333333,-0.0650395113967056,0.0786345386578585
11266500,dPL-MLP,XAJ-Base,test,selected_restart,-50.06666666666667,50.06666666666667,-0.3862751721086299,0.3862751721086299
11266500,dPL-MLP,XAJ-TGD,test,selected_restart,-20.133333333333333,20.133333333333333,-0.1708544014634882,0.1708544014634882
11266500,dPL-MLP,XAJ-CN,test,selected_restart,-3.2666666666666666,6.2,-0.0685540317239558,0.0772992913001721
11284400,IC-CMA-ES,XAJ-Base,test,selected_restart,-22.73333333333333,22.73333333333333,-0.0435440814885657,0.0778872102371205
11284400,IC-CMA-ES,XAJ-TGD,test,selected_restart,-16.733333333333334,16.733333333333334,-0.021739023317214,0.0733318109032585
11284400,IC-CMA-ES,XAJ-CN,test,selected_restart,-9.2,11.866666666666667,-0.0111207819375556,0.0893832640068803
11284400,dPL-MLP,XAJ-Base,test,selected_restart,-3.8,7.8,0.0212049007273553,0.0567691985724949
11284400,dPL-MLP,XAJ-TGD,test,selected_restart,-4.666666666666667,8.133333333333333,0.0231121186024783,0.0599089523363693
11284400,dPL-MLP,XAJ-CN,test,selected_restart,-7.866666666666666,10.266666666666667,-0.0180129974601826,0.0466618115118256
11381500,IC-CMA-ES,XAJ-Base,test,selected_restart,-3.2666666666666666,6.6,-0.0311415153803908,0.0342818744820474
11381500,IC-CMA-ES,XAJ-TGD,test,selected_restart,-3.333333333333333,6.666666666666667,-0.0310457158150756,0.0342168368739007
11381500,IC-CMA-ES,XAJ-CN,test,selected_restart,1.9333333333333331,6.866666666666666,-0.0133172649207198,0.0263480951798781
11381500,dPL-MLP,XAJ-Base,test,selected_restart,-2.0,6.8,-0.0263466634415074,0.0336875991377365
11381500,dPL-MLP,XAJ-TGD,test,selected_restart,-2.6,6.2,-0.0292313464544697,0.0331270999067159
11381500,dPL-MLP,XAJ-CN,test,selected_restart,0.8666666666666667,5.933333333333334,-0.0224338201743845,0.0331031286519535
11451100,IC-CMA-ES,XAJ-Base,test,selected_restart,-9.6,12.8,-0.0247555961574558,0.0367445844038296
11451100,IC-CMA-ES,XAJ-TGD,test,selected_restart,-12.133333333333333,12.666666666666666,-0.0372998838365519,0.0439921728768914
11451100,IC-CMA-ES,XAJ-CN,test,selected_restart,-11.0,11.4,-0.0358972000321194,0.0425766065300163
11451100,dPL-MLP,XAJ-Base,test,selected_restart,-1.0666666666666669,8.266666666666667,-0.0110939373935703,0.0356007217754279
11451100,dPL-MLP,XAJ-TGD,test,selected_restart,0.2,8.066666666666666,-0.0101053289190376,0.0356143246729527
11451100,dPL-MLP,XAJ-CN,test,selected_restart,1.7333333333333334,6.666666666666667,0.0067868447189088,0.0305928973247432
11468500,IC-CMA-ES,XAJ-Base,test,selected_restart,-9.933333333333334,9.933333333333334,-0.0597084252848129,0.0597084252848129
11468500,IC-CMA-ES,XAJ-TGD,test,selected_restart,-10.266666666666667,10.266666666666667,-0.064100704783092,0.064100704783092
11468500,IC-CMA-ES,XAJ-CN,test,selected_restart,-10.4,10.4,-0.0645075008336604,0.0645075008336604
11468500,dPL-MLP,XAJ-Base,test,selected_restart,-5.6,6.266666666666667,-0.0366276546134452,0.0366276546134452
11468500,dPL-MLP,XAJ-TGD,test,selected_restart,-3.933333333333333,5.0,-0.0239833603366117,0.0268463177104225
11468500,dPL-MLP,XAJ-CN,test,selected_restart,-3.1333333333333333,3.6666666666666665,-0.0150859467748702,0.0279424473166907
11473900,IC-CMA-ES,XAJ-Base,test,selected_restart,-5.666666666666667,11.0,-0.0494875161956716,0.0636262581191718
11473900,IC-CMA-ES,XAJ-TGD,test,selected_restart,-6.933333333333334,11.6,-0.0572599097203184,0.0686702798249582
11473900,IC-CMA-ES,XAJ-CN,test,selected_restart,6.666666666666667,8.533333333333333,0.0208292713651092,0.0563629179070691
11473900,dPL-MLP,XAJ-Base,test,selected_restart,-1.3333333333333333,9.6,-0.0298521105558642,0.0509779771608372
11473900,dPL-MLP,XAJ-TGD,test,selected_restart,0.6666666666666666,9.2,-0.0152165337513852,0.044335939531405
11473900,dPL-MLP,XAJ-CN,test,selected_restart,10.266666666666667,11.6,0.0180855314820042,0.0580557827874771
11475560,IC-CMA-ES,XAJ-Base,test,selected_restart,-5.666666666666667,8.333333333333334,-0.0435431960540414,0.0450020917215537
11475560,IC-CMA-ES,XAJ-TGD,test,selected_restart,-6.266666666666667,8.533333333333333,-0.0448294122584065,0.0472581062921475
11475560,IC-CMA-ES,XAJ-CN,test,selected_restart,-3.533333333333333,7.0,-0.0435389515824517,0.0451529487483891
11475560,dPL-MLP,XAJ-Base,test,selected_restart,-2.7333333333333334,6.466666666666667,-0.0098221476691366,0.0242417053023543
11475560,dPL-MLP,XAJ-TGD,test,selected_restart,-4.6,7.8,-0.0245734121220708,0.0312077294248929
11475560,dPL-MLP,XAJ-CN,test,selected_restart,0.6666666666666666,6.533333333333333,0.0001090421460667,0.0382502845618459
11476600,IC-CMA-ES,XAJ-Base,test,selected_restart,-10.066666666666666,10.466666666666669,-0.0211058032088692,0.0337826271764322
11476600,IC-CMA-ES,XAJ-TGD,test,selected_restart,-10.0,10.4,-0.0205562868787065,0.0333608465802554
11476600,IC-CMA-ES,XAJ-CN,test,selected_restart,-10.0,10.4,-0.0211372441622828,0.0338551854006334
11476600,dPL-MLP,XAJ-Base,test,selected_restart,-6.066666666666666,7.133333333333334,-0.0178074161532735,0.0261460730097576
11476600,dPL-MLP,XAJ-TGD,test,selected_restart,-6.4,7.333333333333333,-0.0171586998128111,0.0268103248041753
11476600,dPL-MLP,XAJ-CN,test,selected_restart,-4.6,5.8,-0.0016617082380469,0.0210948082324542
11478500,IC-CMA-ES,XAJ-Base,test,selected_restart,-7.6,7.866666666666666,-0.0540329424856858,0.0549702133969377
11478500,IC-CMA-ES,XAJ-TGD,test,selected_restart,-7.4,7.533333333333333,-0.0531370656757312,0.054112853108437
11478500,IC-CMA-ES,XAJ-CN,test,selected_restart,-1.8666666666666667,4.933333333333334,-0.0317699169932561,0.051500573211373
11478500,dPL-MLP,XAJ-Base,test,selected_restart,-5.4,5.933333333333334,-0.0476785874186711,0.0491740439073156
11478500,dPL-MLP,XAJ-TGD,test,selected_restart,-6.4,6.933333333333334,-0.051166547419504,0.051313387228639
11478500,dPL-MLP,XAJ-CN,test,selected_restart,1.6666666666666667,6.733333333333333,-0.0179270104387161,0.0391003333409464
11480390,IC-CMA-ES,XAJ-Base,test,selected_restart,-1.1333333333333333,4.2,-0.0191695884241542,0.0404673452073103
11480390,IC-CMA-ES,XAJ-TGD,test,selected_restart,-0.0666666666666666,4.2,-0.0124142952634772,0.0389377815285433
11480390,IC-CMA-ES,XAJ-CN,test,selected_restart,1.4666666666666666,9.466666666666669,0.0121374619132398,0.0535508191352133
11480390,dPL-MLP,XAJ-Base,test,selected_restart,-0.8,3.8666666666666663,-0.0256095459435265,0.0399265984446993
11480390,dPL-MLP,XAJ-TGD,test,selected_restart,-3.6666666666666665,4.866666666666666,-0.0358129574978233,0.047011882911244
11480390,dPL-MLP,XAJ-CN,test,selected_restart,11.466666666666669,11.466666666666669,0.0376363674428183,0.0709941268420487
11481200,IC-CMA-ES,XAJ-Base,test,selected_restart,-12.866666666666667,12.866666666666667,-0.0674739744016274,0.0674739744016274
11481200,IC-CMA-ES,XAJ-TGD,test,selected_restart,-13.266666666666667,13.266666666666667,-0.0678791533657654,0.0678791533657654
11481200,IC-CMA-ES,XAJ-CN,test,selected_restart,-12.8,12.933333333333334,-0.0658035214492424,0.0658035214492424
11481200,dPL-MLP,XAJ-Base,test,selected_restart,-7.0,9.0,-0.0420102415729308,0.0420102415729308
11481200,dPL-MLP,XAJ-TGD,test,selected_restart,-8.6,10.066666666666666,-0.0558062134433532,0.0558062134433532
11481200,dPL-MLP,XAJ-CN,test,selected_restart,-8.733333333333333,10.333333333333334,-0.0555487082152311,0.0555487082152311
11482500,IC-CMA-ES,XAJ-Base,test,selected_restart,-9.133333333333333,10.066666666666666,-0.0607087569123504,0.0607087569123504
11482500,IC-CMA-ES,XAJ-TGD,test,selected_restart,-9.133333333333333,10.066666666666666,-0.0601067783123252,0.0601067783123252
11482500,IC-CMA-ES,XAJ-CN,test,selected_restart,-10.133333333333333,10.666666666666666,-0.0637069604482251,0.0637069604482251
11482500,dPL-MLP,XAJ-Base,test,selected_restart,-7.266666666666667,9.0,-0.0487705671972034,0.0489144812755741
11482500,dPL-MLP,XAJ-TGD,test,selected_restart,,,,
11482500,dPL-MLP,XAJ-CN,test,selected_restart,-7.066666666666666,9.333333333333334,-0.0559452242340641,0.0559452242340641
11522500,IC-CMA-ES,XAJ-Base,test,selected_restart,-15.0,17.8,-0.1071763249425943,0.1071763249425943
11522500,IC-CMA-ES,XAJ-TGD,test,selected_restart,-12.8,16.4,-0.1010550113706644,0.1010550113706644
11522500,IC-CMA-ES,XAJ-CN,test,selected_restart,-0.4,10.133333333333333,-0.0350785565563892,0.05300390463711
11522500,dPL-MLP,XAJ-Base,test,selected_restart,-15.4,18.73333333333333,-0.1130947939742461,0.1130947939742461
11522500,dPL-MLP,XAJ-TGD,test,selected_restart,-13.666666666666666,17.533333333333335,-0.1094237170804397,0.1094237170804397
11522500,dPL-MLP,XAJ-CN,test,selected_restart,-12.266666666666667,15.6,-0.1009046705751474,0.1010775813877238
11523200,IC-CMA-ES,XAJ-Base,test,selected_restart,-51.06666666666667,51.06666666666667,-0.27281923568613,0.27281923568613
11523200,IC-CMA-ES,XAJ-TGD,test,selected_restart,-47.0,47.0,-0.255692359570331,0.255692359570331
11523200,IC-CMA-ES,XAJ-CN,test,selected_restart,-17.866666666666667,19.466666666666665,-0.1076193846897945,0.1102787640809652
11523200,dPL-MLP,XAJ-Base,test,selected_restart,-47.8,48.46666666666667,-0.2687275983528958,0.2687275983528958
11523200,dPL-MLP,XAJ-TGD,test,selected_restart,-19.73333333333333,26.666666666666668,-0.1515008020040061,0.1519641188413107
11523200,dPL-MLP,XAJ-CN,test,selected_restart,-25.066666666666663,25.6,-0.1433159279462363,0.1433159279462363
11528700,IC-CMA-ES,XAJ-Base,test,selected_restart,-2.533333333333333,4.666666666666667,-0.0402535191275695,0.0442761765544276
11528700,IC-CMA-ES,XAJ-TGD,test,selected_restart,-2.2,4.6,-0.0368480097351491,0.0423022218881997
11528700,IC-CMA-ES,XAJ-CN,test,selected_restart,2.7333333333333334,7.8,0.0016135428251803,0.0363972922868872
11528700,dPL-MLP,XAJ-Base,test,selected_restart,2.333333333333333,6.866666666666666,-0.0019587080774724,0.0328896069987622
11528700,dPL-MLP,XAJ-TGD,test,selected_restart,2.2666666666666666,6.4,-0.0057777410842994,0.0325888047982575
11528700,dPL-MLP,XAJ-CN,test,selected_restart,7.266666666666667,8.733333333333333,-0.0011849851506968,0.02987578639026
11532500,IC-CMA-ES,XAJ-Base,test,selected_restart,-19.8,19.8,-0.0603424185332872,0.0603424185332872
11532500,IC-CMA-ES,XAJ-TGD,test,selected_restart,-19.866666666666667,19.866666666666667,-0.0598023055808959,0.0598023055808959
11532500,IC-CMA-ES,XAJ-CN,test,selected_restart,-19.066666666666663,19.066666666666663,-0.0595295060492771,0.0595295060492771
11532500,dPL-MLP,XAJ-Base,test,selected_restart,-16.466666666666665,16.466666666666665,-0.0537352446533459,0.0537352446533459
11532500,dPL-MLP,XAJ-TGD,test,selected_restart,-16.266666666666666,16.266666666666666,-0.0469361199753699,0.0469361199753699
11532500,dPL-MLP,XAJ-CN,test,selected_restart,-17.8,17.8,-0.0547286032455382,0.0547286032455382
