paradigm,effect,period,paired_basin_count,median,iqr,mean,fraction_greater_zero,spearman_rho,spearman_p,robust_slope,robust_ci_low,robust_ci_high,ols_slope,ols_ci_low,ols_ci_high,analysis_type,status,term,estimate,std_error,ci_low,ci_high,p_value,matched_basin_count,reference_category,model_specification,support_status,x_metric,y_metric,analysis_set,summary_level,result_role,bootstrap_ci_low,bootstrap_ci_high,bootstrap_statistic,aggregation_rule,snow_stratum,snow_interval,stratum_n,structure,regional_slope_ci_low,regional_slope_ci_high,bootstrap_method,effect_family,signature,comparison,metric_unit,association_x
IC-CMA-ES,CN-Base,test,531,0.023546132797762201,0.13751602551414671,0.1128771834679954,0.73069679849340863,0.70120214325672758,9.2386038177637353e-80,0.65907027732330137,0.60254941297537545,0.7184692606623051,0.92678588347424917,0.84459023896327001,1.0089815279852286,within_paradigm,valid_continuous_attribute,,,,,,,,,,,,,all_531_basins,detailed,secondary,,,,,,,,,,,,,,,,
IC-CMA-ES,CN-Base,train,531,0.022494513990702299,0.16322309537701321,0.1387879171224769,0.82862523540489641,0.84359906885807334,5.7362498250487854e-145,0.75316144835118337,0.68218786131238573,0.82555673823028441,1.0547349427059305,1.0103172263054536,1.0991526591064074,within_paradigm,valid_continuous_attribute,,,,,,,,,,,,,all_531_basins,detailed,secondary,,,,,,,,,,,,,,,,
IC-CMA-ES,CN-TGD,test,121,0.067417728809625196,0.088090014120794202,0.048127275147128092,0.82644628099173556,0.13022625660479606,0.15453626027700779,0.34583474447617824,-0.052641238658763981,0.67642212381308864,0.042556764395799029,-1.2888559932116208,1.3739695220032186,snow_stratum_summary,valid_continuous_attribute,,,,,,,,,,,frac_snow,KGE_CN-TGD_test,snow_fixed_strata,snow_stratum,stratified_primary,0.0553208694928344,0.079793412175519898,median,,S3,"[0.15, 0.30)",121,,,,,,,,,
IC-CMA-ES,CN-TGD,test,156,0.00517618538319955,0.028624430200338398,0.015274103491208356,0.60897435897435892,0.31310078867095503,6.8999175998906022e-05,0.34021402433294062,0.18097709321017294,0.50538095764582569,0.51633761469888306,-0.12765535190255017,1.1603305813003164,snow_stratum_summary,valid_continuous_attribute,,,,,,,,,,,frac_snow,KGE_CN-TGD_test,snow_fixed_strata,snow_stratum,stratified_primary,0.0015185296048391,0.0097751094521201509,median,,S2,"[0.05, 0.15)",156,,,,,,,,,
IC-CMA-ES,CN-TGD,test,165,-0.001738808734456,0.017276980025199701,-0.0044450837124543766,0.40606060606060607,-0.073745177922683744,0.34652295271474143,-0.074429121645391616,-0.25222145620312131,0.097716206092579916,-0.21712373988931141,-0.64318222257163304,0.20893474279301025,snow_stratum_summary,valid_continuous_attribute,,,,,,,,,,,frac_snow,KGE_CN-TGD_test,snow_fixed_strata,snow_stratum,stratified_primary,-0.0043960894537736998,-0.0002410725598367,median,,S1,"[0, 0.05)",165,,,,,,,,,
IC-CMA-ES,CN-TGD,test,34,0.091297267339254348,0.16091399817659563,0.076770813947869165,0.73529411764705888,0.21069518716577537,0.23166374193220438,0.36402126047496552,-0.29071547725619651,0.97704907100224581,0.14402496022097408,-0.92960086128131725,1.2176507817232654,snow_stratum_summary,valid_continuous_attribute,,,,,,,,,,,frac_snow,KGE_CN-TGD_test,snow_fixed_strata,snow_stratum,stratified_primary,0.011712510445724401,0.1318560108141876,median,,S4,"[0.30, 0.50)",34,,,,,,,,,
IC-CMA-ES,CN-TGD,test,531,0.0098345481029111,0.075631829002014594,0.037093779223969676,0.63653483992467041,0.53526857548125673,1.0718270279067527e-40,0.2676308165372161,0.23132502899872115,0.30729013376076481,0.2676658869046204,0.19670728688564093,0.33862448692359987,full_sample_attribute,valid_continuous_attribute,,,,,,,,,,,frac_snow,KGE_CN-TGD_test,all_531_basins,full_sample,primary,0.0056358730479751,0.012871493357991599,median,basin-wise CN-TGD test effect with continuous frac_snow,,,,,,,,,,,,
IC-CMA-ES,CN-TGD,test,531,0.0098345481029111,0.075631829002014705,0.0370937792239696,0.63653483992467041,0.53526857548125673,1.0718270279067527e-40,0.26763081653721632,0.2313250289987209,0.30729013376076481,0.26766588690462051,0.1967072868856409,0.33862448692359992,within_paradigm,valid_continuous_attribute,,,,,,,,,,,,,all_531_basins,detailed,secondary,,,,,,,,,,,,,,,,
IC-CMA-ES,CN-TGD,test,55,0.16257191155369141,0.19095239069497089,0.17479759034226036,0.92727272727272725,0.38701298701298709,0.0035124877213352597,0.6363229064354089,0.19432445223281972,1.237547533328287,0.4747550652250358,-0.0099810348258278503,0.9594911652758995,snow_stratum_summary,valid_continuous_attribute,,,,,,,,,,,frac_snow,KGE_CN-TGD_test,snow_fixed_strata,snow_stratum,stratified_primary,0.10572186674093489,0.21150861476804039,median,,S5,"[0.50, 1.00]",55,,,,,,,,,
IC-CMA-ES,CN-TGD,train,531,0.010191169040361501,0.087991992521237503,0.050359399263738502,0.74952919020715625,0.71924855867566817,1.0247399179095828e-85,0.28930963195596737,0.2580970326872552,0.31605751169719942,0.30006596648940081,0.27533359700972992,0.32479833596907171,within_paradigm,valid_continuous_attribute,,,,,,,,,,,,,all_531_basins,detailed,secondary,,,,,,,,,,,,,,,,
IC-CMA-ES,E_CN-Base,test_minus_train,531,-0.0080068902058959002,0.057353223691480951,-0.025910733654481412,0.3728813559322034,-0.29626578019426963,3.2164393507700862e-12,-0.11700840082978678,-0.14796794125293231,-0.084802023509198896,-0.12794905923168085,-0.20162316723295182,-0.05427495123040986,snow_exposure_continuous,valid_continuous_attribute,,,,,,,,,,,frac_snow,E_CN-Base,r1_remaining_exposure_gradient,full_sample,primary,,,,,,,,,-0.21566036894944468,-0.086416112648784377,region block bootstrap OLS slope sensitivity,generalization_exposure,,,,
IC-CMA-ES,E_CN-TGD,test_minus_train,531,-0.0040418235162397002,0.044360940636048951,-0.013265620039768883,0.41807909604519772,-0.071551360149622864,0.099554913735026188,-0.025132245765328132,-0.053585355119338388,0.0011480823271744634,-0.032400079584780431,-0.10234111960808248,0.03754096043852162,snow_exposure_continuous,valid_continuous_attribute,,,,,,,,,,,frac_snow,E_CN-TGD,r1_remaining_exposure_gradient,full_sample,primary,,,,,,,,,-0.10588174122677603,0.015903558802692987,region block bootstrap OLS slope sensitivity,generalization_exposure,,,,
IC-CMA-ES,E_TGD-Base,test_minus_train,531,-0.0038554449529178002,0.032751838378595549,-0.012645113614712529,0.4143126177024482,-0.24028277953925437,2.0677839313703893e-08,-0.051199183207014984,-0.072137600390169046,-0.033001917337396561,-0.095548979646900414,-0.14372201722341973,-0.047375942070381094,snow_exposure_continuous,valid_continuous_attribute,,,,,,,,,,,frac_snow,E_TGD-Base,r1_remaining_exposure_gradient,full_sample,primary,,,,,,,,,-0.13849410101286203,-0.065118512961029981,region block bootstrap OLS slope sensitivity,generalization_exposure,,,,
IC-CMA-ES,KGE_CN-TGD_vs_AMJJ,test,531,0.0037665434861456001,0.023190748900776003,0.011498351341050339,0.63653483992467041,0.36077161650572426,9.1136442027825281e-18,0.055428716253445934,0.041304466051095168,0.071190486449310197,0.065454812581018262,0.052288234409257756,0.078621390752778769,kge_signature_association,valid_continuous_attribute,,,,,,,,,,,KGE_CN-TGD,AMJJ_R_CN-TGD,r1_remaining_kge_signature_association,full_sample,primary,,,,,,,,,0.039461081166681192,0.085410713087253495,region block bootstrap OLS slope sensitivity,,AMJJ,R_CN-TGD,,KGE_CN-TGD_test
IC-CMA-ES,KGE_CN-TGD_vs_AMJJ_TGD-CN,test,531,,,,,0.25778429123656588,1.6557231328189087e-09,0.086487576543602201,0.056184142040176403,0.1200368808000697,0.031468844101537601,0.015302552512323001,0.047635135690752201,kge_signature_association,valid_association,,,,,,,,,,,KGE_CN-TGD_test,AMJJ_TGD-CN_error_reduction,all_531_basins,detailed,secondary,,,,,,,,,,,,,,,,
IC-CMA-ES,KGE_CN-TGD_vs_CT,test,531,1,5,2.4180790960451977,0.5216572504708098,0.3071891145401191,4.5622470916959964e-13,10.764743429520173,6.9831456582474924,13.804075436743469,17.918804870434322,14.620340055500296,21.217269685368347,kge_signature_association,valid_continuous_attribute,,,,,,,,,,,KGE_CN-TGD,CT_R_CN-TGD,r1_remaining_kge_signature_association,full_sample,primary,,,,,,,,,10.329924668827495,23.636859676672792,region block bootstrap OLS slope sensitivity,,CT,R_CN-TGD,,KGE_CN-TGD_test
IC-CMA-ES,KGE_CN-TGD_vs_CT_TGD-CN,test,531,,,,,0.29879866302543451,2.0600108253207319e-12,23.88868122122016,15.163812596453509,31.529144841152235,9.5007782904659113,5.4146032245109152,13.586953356420906,kge_signature_association,valid_association,,,,,,,,,,,KGE_CN-TGD_test,CT_TGD-CN_error_reduction,all_531_basins,detailed,secondary,,,,,,,,,,,,,,,,
IC-CMA-ES,R_CN-Base,test,121,0.0332482705478458,0.04582965676978909,0.046038928353050117,0.87603305785123964,0.43149979677550454,7.7595270671441928e-07,0.50147278773118398,0.32084159676602536,0.70490186512162001,0.5305856396165497,0.31229201425309716,0.74887926498000223,process_gradient_snow_stratum,valid_continuous_attribute,,,,,,,,,,,frac_snow,AMJJ_R_CN-Base,r1_remaining_process_gradient_snow_strata,full_sample,primary,,,,,S3,"[0.15, 0.30)",121,,0.071253464351310788,0.77332520944162764,region block bootstrap OLS slope sensitivity,,AMJJ,R_CN-Base,fractional_flow_error,
IC-CMA-ES,R_CN-Base,test,121,6,11,7.5206611570247937,0.75206611570247939,0.38205117368489838,1.5312397430137992e-05,109.09985892410229,62.558481580193387,157.94211006162436,129.00282311144787,84.558555535834657,173.44709068706106,process_gradient_snow_stratum,valid_continuous_attribute,,,,,,,,,,,frac_snow,CT_R_CN-Base,r1_remaining_process_gradient_snow_strata,full_sample,primary,,,,,S3,"[0.15, 0.30)",121,,45.825338148140325,180.70809397132922,region block bootstrap OLS slope sensitivity,,CT,R_CN-Base,days,
IC-CMA-ES,R_CN-Base,test,156,0.005739229478370092,0.018782865803663271,0.0089527401769193635,0.69230769230769229,0.21553318265872196,0.0068883634197231484,0.13162587027567468,0.03622634738002737,0.23469890838342283,0.21410510532380334,0.090694316627765378,0.33751589401984128,process_gradient_snow_stratum,valid_continuous_attribute,,,,,,,,,,,frac_snow,AMJJ_R_CN-Base,r1_remaining_process_gradient_snow_strata,full_sample,primary,,,,,S2,"[0.05, 0.15)",156,,-0.032591639532746165,0.5489645481682025,region block bootstrap OLS slope sensitivity,,AMJJ,R_CN-Base,fractional_flow_error,
IC-CMA-ES,R_CN-Base,test,156,1,6,2.1217948717948718,0.5641025641025641,0.20883034607218726,0.0088908335136880495,35.12578152677942,0,63.501834509128848,51.552960452154664,21.197551415098882,81.908369489210443,process_gradient_snow_stratum,valid_continuous_attribute,,,,,,,,,,,frac_snow,CT_R_CN-Base,r1_remaining_process_gradient_snow_strata,full_sample,primary,,,,,S2,"[0.05, 0.15)",156,,26.205474991074507,77.892682750762887,region block bootstrap OLS slope sensitivity,,CT,R_CN-Base,days,
IC-CMA-ES,R_CN-Base,test,165,0,2,-0.74545454545454548,0.39393939393939392,0.17917565642904479,0.021294428506886745,0,0,41.342124977562605,92.796244436278187,19.991219510488122,165.60126936206825,process_gradient_snow_stratum,valid_continuous_attribute,,,,,,,,,,,frac_snow,CT_R_CN-Base,r1_remaining_process_gradient_snow_strata,full_sample,primary,,,,,S1,"[0, 0.05)",165,,16.506217544735719,182.88066154929419,region block bootstrap OLS slope sensitivity,,CT,R_CN-Base,days,
IC-CMA-ES,R_CN-Base,test,165,0.00054686267246130058,0.010435457625594398,-0.00085143462404772905,0.54545454545454541,0.14855630012848411,0.056869356041272225,0.091926318227273859,-0.001954314356931823,0.18571058209680549,0.10609979755292952,-0.098661374953808736,0.31086097005966778,process_gradient_snow_stratum,valid_continuous_attribute,,,,,,,,,,,frac_snow,AMJJ_R_CN-Base,r1_remaining_process_gradient_snow_strata,full_sample,primary,,,,,S1,"[0, 0.05)",165,,-0.10241322921816354,0.23345969259402122,region block bootstrap OLS slope sensitivity,,AMJJ,R_CN-Base,fractional_flow_error,
IC-CMA-ES,R_CN-Base,test,34,0.11025645895052431,0.12399962415667884,0.11976206197795716,0.88235294117647056,0.23666921313980135,0.1777788020676033,0.34310302935230902,-0.28014992154334895,1.0429046641982747,0.56289433900319708,-0.033989524338414512,1.1597782023448087,process_gradient_snow_stratum,valid_continuous_attribute,,,,,,,,,,,frac_snow,AMJJ_R_CN-Base,r1_remaining_process_gradient_snow_strata,full_sample,primary,,,,,S4,"[0.30, 0.50)",34,,-0.85342414958414203,1.2176131500378216,region block bootstrap OLS slope sensitivity,,AMJJ,R_CN-Base,fractional_flow_error,
IC-CMA-ES,R_CN-Base,test,34,18.5,20.75,21.191176470588236,0.94117647058823528,0.27465984952749728,0.11594375513283924,54.325339019736347,-29.647570865711749,144.66229632422463,75.677094831498891,-5.6241904042867361,156.97838006728452,process_gradient_snow_stratum,valid_continuous_attribute,,,,,,,,,,,frac_snow,CT_R_CN-Base,r1_remaining_process_gradient_snow_strata,full_sample,primary,,,,,S4,"[0.30, 0.50)",34,,-138.69436103610167,148.50628810095964,region block bootstrap OLS slope sensitivity,,CT,R_CN-Base,days,
IC-CMA-ES,R_CN-Base,test,531,0.010602590671425702,0.044875830726990043,0.048428203906619546,0.72881355932203384,0.66961674851020569,2.3745918717044635e-70,0.2496194820126974,0.22417875227344861,0.27770250670234231,0.41444495968662631,0.39147455806857179,0.43741536130468084,process_gradient,valid_continuous_attribute,,,,,,,,,,,frac_snow,AMJJ_R_CN-Base,r1_remaining_process_gradient,full_sample,primary,,,,,,,,,0.3832445539604904,0.45511752452641174,region block bootstrap OLS slope sensitivity,,AMJJ,R_CN-Base,fractional_flow_error,
IC-CMA-ES,R_CN-Base,test,531,2,10,8.3116760828625242,0.62146892655367236,0.61190874734639977,7.3539116270208505e-56,50.209874537740305,44.375518529758587,56.256956918074629,72.492346862009938,67.887150173888813,77.097543550131064,process_gradient,valid_continuous_attribute,,,,,,,,,,,frac_snow,CT_R_CN-Base,r1_remaining_process_gradient,full_sample,primary,,,,,,,,,58.652627231984823,88.836544415524656,region block bootstrap OLS slope sensitivity,,CT,R_CN-Base,days,
IC-CMA-ES,R_CN-Base,test,55,0.29965741597882778,0.17413300954999367,0.26939300148752421,0.96363636363636362,0.61688311688311692,5.2937924931570863e-07,0.9932483137857725,0.60152197370258487,1.4169332299348287,0.82081590802892879,0.47479687957549921,1.1668349364823585,process_gradient_snow_stratum,valid_continuous_attribute,,,,,,,,,,,frac_snow,AMJJ_R_CN-Base,r1_remaining_process_gradient_snow_strata,full_sample,primary,,,,,S5,"[0.50, 1.00]",55,,0.62423144856245061,1.7916098910364233,region block bootstrap OLS slope sensitivity,,AMJJ,R_CN-Base,fractional_flow_error,
IC-CMA-ES,R_CN-Base,test,55,46,22.5,46.81818181818182,0.98181818181818181,0.43830971962742532,0.00081685173218298129,148.27816707426055,61.903384967151737,228.00603775314562,123.11821402453711,51.674641770881735,194.56178627819247,process_gradient_snow_stratum,valid_continuous_attribute,,,,,,,,,,,frac_snow,CT_R_CN-Base,r1_remaining_process_gradient_snow_strata,full_sample,primary,,,,,S5,"[0.50, 1.00]",55,,95.434958325137771,322.61672598936445,region block bootstrap OLS slope sensitivity,,CT,R_CN-Base,days,
IC-CMA-ES,R_CN-Base,train,121,0.039617810692345948,0.066097603443594888,0.053008125062262809,0.88429752066115708,0.48605202547080328,1.5898620661548889e-08,0.7648600752918675,0.49988765111868189,1.0089814591588104,0.771316708443474,0.56714163450638511,0.97549178238056289,process_gradient_snow_stratum,valid_continuous_attribute,,,,,,,,,,,frac_snow,AMJJ_R_CN-Base,r1_remaining_process_gradient_snow_strata,full_sample,primary,,,,,S3,"[0.15, 0.30)",121,,0.24154962123904361,1.0311544209799013,region block bootstrap OLS slope sensitivity,,AMJJ,R_CN-Base,fractional_flow_error,
IC-CMA-ES,R_CN-Base,train,121,11,14.5,11.421487603305785,0.85950413223140498,0.42430741776574932,1.2339074744610499e-06,157.02009882659956,97.42301706917317,207.38216879059718,146.77829462599044,96.21720819770573,197.33938105427515,process_gradient_snow_stratum,valid_continuous_attribute,,,,,,,,,,,frac_snow,CT_R_CN-Base,r1_remaining_process_gradient_snow_strata,full_sample,primary,,,,,S3,"[0.15, 0.30)",121,,37.069975262419923,212.22532230195881,region block bootstrap OLS slope sensitivity,,CT,R_CN-Base,days,
IC-CMA-ES,R_CN-Base,train,156,0.0065498728993675474,0.017133740424939599,0.007593636342021837,0.6858974358974359,0.16479903905422705,0.039795672030652422,0.10111718692872992,0.0047617466227182405,0.19397038517743109,0.11661698066162432,0.017635050882321521,0.21559891044092711,process_gradient_snow_stratum,valid_continuous_attribute,,,,,,,,,,,frac_snow,AMJJ_R_CN-Base,r1_remaining_process_gradient_snow_strata,full_sample,primary,,,,,S2,"[0.05, 0.15)",156,,-0.021346330945690294,0.25247406569137387,region block bootstrap OLS slope sensitivity,,AMJJ,R_CN-Base,fractional_flow_error,
IC-CMA-ES,R_CN-Base,train,156,1.75,6.5,2.75,0.66666666666666663,0.083423874811980145,0.30048684926578018,17.096934511967454,-8.6872143563438229,48.522307377000473,12.573113679634652,-18.571570116947107,43.717797476216411,process_gradient_snow_stratum,valid_continuous_attribute,,,,,,,,,,,frac_snow,CT_R_CN-Base,r1_remaining_process_gradient_snow_strata,full_sample,primary,,,,,S2,"[0.05, 0.15)",156,,-57.791932694738769,84.194282246647404,region block bootstrap OLS slope sensitivity,,CT,R_CN-Base,days,
IC-CMA-ES,R_CN-Base,train,165,0,3.5,-0.1484848484848485,0.46666666666666667,0.1556984247629232,0.045828054475334598,22.736426600248819,0,50.866432885664473,62.397792562148517,12.560978717837514,112.23460640645952,process_gradient_snow_stratum,valid_continuous_attribute,,,,,,,,,,,frac_snow,CT_R_CN-Base,r1_remaining_process_gradient_snow_strata,full_sample,primary,,,,,S1,"[0, 0.05)",165,,14.02187008582335,125.43650960245579,region block bootstrap OLS slope sensitivity,,CT,R_CN-Base,days,
IC-CMA-ES,R_CN-Base,train,165,0.001639391565279355,0.010418931934786699,0.0017859107863228535,0.59999999999999998,0.12981010705923793,0.096552172656730731,0.071991421891506313,-0.013122892319076384,0.16148164718223534,0.084288229842251441,-0.074165936145266773,0.24274239582976964,process_gradient_snow_stratum,valid_continuous_attribute,,,,,,,,,,,frac_snow,AMJJ_R_CN-Base,r1_remaining_process_gradient_snow_strata,full_sample,primary,,,,,S1,"[0, 0.05)",165,,-0.038044391710276154,0.18710914095505637,region block bootstrap OLS slope sensitivity,,AMJJ,R_CN-Base,fractional_flow_error,
IC-CMA-ES,R_CN-Base,train,34,0.086326123076726172,0.15549064413199853,0.11927937215960988,0.91176470588235292,0.17677616501145912,0.31725104048905595,0.33317590465161762,-0.26500969973316468,0.90339476536028518,0.47526170324531258,-0.084473222464621633,1.0349966289552468,process_gradient_snow_stratum,valid_continuous_attribute,,,,,,,,,,,frac_snow,AMJJ_R_CN-Base,r1_remaining_process_gradient_snow_strata,full_sample,primary,,,,,S4,"[0.30, 0.50)",34,,-0.77441208442779996,1.1234178143902473,region block bootstrap OLS slope sensitivity,,AMJJ,R_CN-Base,fractional_flow_error,
IC-CMA-ES,R_CN-Base,train,34,17,21.125,18.102941176470587,0.94117647058823528,0.29191844562565,0.093893724406754059,60.097873950237556,-15.188041046470913,145.85890592927333,83.869672481346484,11.7955766276297,155.94376833506328,process_gradient_snow_stratum,valid_continuous_attribute,,,,,,,,,,,frac_snow,CT_R_CN-Base,r1_remaining_process_gradient_snow_strata,full_sample,primary,,,,,S4,"[0.30, 0.50)",34,,-140.08177656664938,165.41568829486755,region block bootstrap OLS slope sensitivity,,CT,R_CN-Base,days,
IC-CMA-ES,R_CN-Base,train,531,0.01098697209709576,0.048409682243754991,0.049513435262478735,0.74764595103578158,0.65935130686674104,1.5440231844374026e-67,0.24320149673237881,0.21123849774362413,0.27701044110361256,0.40464116724742438,0.38281753209632319,0.42646480239852558,process_gradient,valid_continuous_attribute,,,,,,,,,,,frac_snow,AMJJ_R_CN-Base,r1_remaining_process_gradient,full_sample,primary,,,,,,,,,0.38298422258437642,0.4520948834306982,region block bootstrap OLS slope sensitivity,,AMJJ,R_CN-Base,fractional_flow_error,
IC-CMA-ES,R_CN-Base,train,531,2.5,13,9.3521657250470813,0.70056497175141241,0.66508522762162403,4.2773390899920496e-69,55.53377426186259,49.373897953445592,61.250238730274752,70.317244616233097,65.89186828151162,74.742620950954574,process_gradient,valid_continuous_attribute,,,,,,,,,,,frac_snow,CT_R_CN-Base,r1_remaining_process_gradient,full_sample,primary,,,,,,,,,58.859803161755565,85.396148269279905,region block bootstrap OLS slope sensitivity,,CT,R_CN-Base,days,
IC-CMA-ES,R_CN-Base,train,55,0.29328700324857437,0.18243818238398257,0.26077945071485448,0.96363636363636362,0.65324675324675341,6.4434982912941251e-08,1.0554981760748734,0.66486963125768073,1.4386806084763823,0.89172613416976931,0.56168943946832472,1.2217628288712139,process_gradient_snow_stratum,valid_continuous_attribute,,,,,,,,,,,frac_snow,AMJJ_R_CN-Base,r1_remaining_process_gradient_snow_strata,full_sample,primary,,,,,S5,"[0.50, 1.00]",55,,0.67144102934298688,1.8562012459760655,region block bootstrap OLS slope sensitivity,,AMJJ,R_CN-Base,fractional_flow_error,
IC-CMA-ES,R_CN-Base,train,55,44.5,22.25,46.618181818181817,1,0.37818432004140151,0.0044156640470922144,106.64952745441433,36.364584637506077,200.71427084600165,95.349070222174589,25.613484073002894,165.08465637134628,process_gradient_snow_stratum,valid_continuous_attribute,,,,,,,,,,,frac_snow,CT_R_CN-Base,r1_remaining_process_gradient_snow_strata,full_sample,primary,,,,,S5,"[0.50, 1.00]",55,,71.449662008420063,257.43828872908563,region block bootstrap OLS slope sensitivity,,CT,R_CN-Base,days,
IC-CMA-ES,R_CN-TGD,test,121,0,8,1.9504132231404958,0.49586776859504134,-0.080622404919140786,0.37936163275540613,-12.646800342469549,-47.212967494348021,12.270875088775941,3.6277488239660443,-34.168943868151608,41.424441516083697,process_gradient_snow_stratum,valid_continuous_attribute,,,,,,,,,,,frac_snow,CT_R_CN-TGD,r1_remaining_process_gradient_snow_strata,full_sample,primary,,,,,S3,"[0.15, 0.30)",121,,-67.711868380013286,60.600713693961239,region block bootstrap OLS slope sensitivity,,CT,R_CN-TGD,days,
IC-CMA-ES,R_CN-TGD,test,121,0.012781626230456401,0.027561538238489988,0.01491697870461944,0.71900826446280997,-0.15986316217314725,0.079855599552996009,-0.10648992888241246,-0.21774604857470098,0.0077357782658984296,-0.013034223607805605,-0.15389946510454328,0.12783101788893209,process_gradient_snow_stratum,valid_continuous_attribute,,,,,,,,,,,frac_snow,AMJJ_R_CN-TGD,r1_remaining_process_gradient_snow_strata,full_sample,primary,,,,,S3,"[0.15, 0.30)",121,,-0.17528716558469637,0.13101531335232658,region block bootstrap OLS slope sensitivity,,AMJJ,R_CN-TGD,fractional_flow_error,
IC-CMA-ES,R_CN-TGD,test,156,0.0027397077765540529,0.015692108383665204,0.0073947264541628192,0.61538461538461542,0.17474356340187444,0.029123658527621134,0.082384893604506987,0.0065160494282307559,0.17138693704972291,0.23582490951783106,0.10459065195065159,0.36705916708501052,process_gradient_snow_stratum,valid_continuous_attribute,,,,,,,,,,,frac_snow,AMJJ_R_CN-TGD,r1_remaining_process_gradient_snow_strata,full_sample,primary,,,,,S2,"[0.05, 0.15)",156,,0.011463566556988169,0.68457951354069868,region block bootstrap OLS slope sensitivity,,AMJJ,R_CN-TGD,fractional_flow_error,
IC-CMA-ES,R_CN-TGD,test,156,1,4,1.3653846153846154,0.52564102564102566,0.16362554417193997,0.041248549724533151,17.760378825469683,0,42.364453564915593,33.938049558805851,8.4290418939982459,59.447057223613456,process_gradient_snow_stratum,valid_continuous_attribute,,,,,,,,,,,frac_snow,CT_R_CN-TGD,r1_remaining_process_gradient_snow_strata,full_sample,primary,,,,,S2,"[0.05, 0.15)",156,,11.17494491970986,64.087598030943198,region block bootstrap OLS slope sensitivity,,CT,R_CN-TGD,days,
IC-CMA-ES,R_CN-TGD,test,165,0,2,-0.48181818181818181,0.37575757575757573,0.060142775842237928,0.44286168075471055,0,0,20.056621097735174,29.918903554730363,-38.817359371815428,98.655166481276154,process_gradient_snow_stratum,valid_continuous_attribute,,,,,,,,,,,frac_snow,CT_R_CN-TGD,r1_remaining_process_gradient_snow_strata,full_sample,primary,,,,,S1,"[0, 0.05)",165,,-30.507032168037433,68.964569851214819,region block bootstrap OLS slope sensitivity,,CT,R_CN-TGD,days,
IC-CMA-ES,R_CN-TGD,test,165,0.00027870872344819969,0.012189051759475097,-0.0012619396460444318,0.52121212121212124,0.079363425610388588,0.31092125130222964,0.049084804386383872,-0.041268561837170634,0.15282555245004967,0.072640172557274049,-0.12104229769373488,0.26632264280828299,process_gradient_snow_stratum,valid_continuous_attribute,,,,,,,,,,,frac_snow,AMJJ_R_CN-TGD,r1_remaining_process_gradient_snow_strata,full_sample,primary,,,,,S1,"[0, 0.05)",165,,-0.10477876956555147,0.17476716715758803,region block bootstrap OLS slope sensitivity,,AMJJ,R_CN-TGD,fractional_flow_error,
IC-CMA-ES,R_CN-TGD,test,34,0.032695160826525099,0.097145112237003672,0.039298771843518043,0.73529411764705888,0.20213903743315509,0.25160525070597095,0.24486943824194704,-0.16409220656631868,0.59093468921787462,0.22510262962087749,-0.11393436486081762,0.56413962410257257,process_gradient_snow_stratum,valid_continuous_attribute,,,,,,,,,,,frac_snow,AMJJ_R_CN-TGD,r1_remaining_process_gradient_snow_strata,full_sample,primary,,,,,S4,"[0.30, 0.50)",34,,0.050046495542639742,0.39852876334703741,region block bootstrap OLS slope sensitivity,,AMJJ,R_CN-TGD,fractional_flow_error,
IC-CMA-ES,R_CN-TGD,test,34,7,14,9.3382352941176467,0.67647058823529416,0.36103509992653204,0.035924950349562342,63.854614098183887,0,106.58502953505673,53.390774275333207,-22.102176182616283,128.88372473328269,process_gradient_snow_stratum,valid_continuous_attribute,,,,,,,,,,,frac_snow,CT_R_CN-TGD,r1_remaining_process_gradient_snow_strata,full_sample,primary,,,,,S4,"[0.30, 0.50)",34,,0.95398167973566472,103.60635002619163,region block bootstrap OLS slope sensitivity,,CT,R_CN-TGD,days,
IC-CMA-ES,R_CN-TGD,test,531,0.0037665434861456001,0.023190748900776003,0.011498351341050339,0.63653483992467041,0.36077161650572426,9.1136442027825281e-18,0.055428716253445934,0.041304466051095168,0.071190486449310197,0.065454812581018262,0.052288234409257756,0.078621390752778769,process_gradient,valid_continuous_attribute,,,,,,,,,,,frac_snow,AMJJ_R_CN-TGD,r1_remaining_process_gradient,full_sample,primary,,,,,,,,,0.039323245199349342,0.085410713087253495,region block bootstrap OLS slope sensitivity,,AMJJ,R_CN-TGD,fractional_flow_error,
IC-CMA-ES,R_CN-TGD,test,531,1,5,2.4180790960451977,0.5216572504708098,0.3071891145401191,4.5622470916959964e-13,10.764743429520173,6.9831456582474924,13.804075436743469,17.918804870434322,14.620340055500296,21.217269685368347,process_gradient,valid_continuous_attribute,,,,,,,,,,,frac_snow,CT_R_CN-TGD,r1_remaining_process_gradient,full_sample,primary,,,,,,,,,10.46072125641116,23.638496136743303,region block bootstrap OLS slope sensitivity,,CT,R_CN-TGD,days,
IC-CMA-ES,R_CN-TGD,test,55,0.020835949623637592,0.062380577062450204,0.036711902016492645,0.80000000000000004,0.1728715728715729,0.20690197209918096,0.10025269385447225,-0.059144104618470535,0.2615704657924437,0.1578043832856682,0.0068478413691682727,0.30876092520216813,process_gradient_snow_stratum,valid_continuous_attribute,,,,,,,,,,,frac_snow,AMJJ_R_CN-TGD,r1_remaining_process_gradient_snow_strata,full_sample,primary,,,,,S5,"[0.50, 1.00]",55,,-0.18224041077214273,0.35037387822785621,region block bootstrap OLS slope sensitivity,,AMJJ,R_CN-TGD,fractional_flow_error,
IC-CMA-ES,R_CN-TGD,test,55,9,13,10.854545454545455,0.90909090909090906,0.29732610884717059,0.027489151124281536,34.348563913535173,0,58.979474972019553,11.836026077401399,-22.652946005410136,46.324998160212935,process_gradient_snow_stratum,valid_continuous_attribute,,,,,,,,,,,frac_snow,CT_R_CN-TGD,r1_remaining_process_gradient_snow_strata,full_sample,primary,,,,,S5,"[0.50, 1.00]",55,,-20.287992199488048,64.920036537119174,region block bootstrap OLS slope sensitivity,,CT,R_CN-TGD,days,
IC-CMA-ES,R_CN-TGD,train,121,0.014631715233217251,0.035773679651433903,0.023303536929815273,0.80991735537190079,0.10917219888903941,0.23326303106255183,0.073362856267221069,-0.046523469219854632,0.21212845730140176,0.1225632260765222,-0.025384550288071628,0.27051100244111603,process_gradient_snow_stratum,valid_continuous_attribute,,,,,,,,,,,frac_snow,AMJJ_R_CN-TGD,r1_remaining_process_gradient_snow_strata,full_sample,primary,,,,,S3,"[0.15, 0.30)",121,,-0.082372661925178059,0.24222037083357789,region block bootstrap OLS slope sensitivity,,AMJJ,R_CN-TGD,fractional_flow_error,
IC-CMA-ES,R_CN-TGD,train,121,3,8.5,4.4752066115702478,0.66942148760330578,-0.0995855301642804,0.27713659056744544,-18.082338248132682,-48.054477422979616,12.144059186560202,-7.4518383265325809,-44.440735591873569,29.537058938808407,process_gradient_snow_stratum,valid_continuous_attribute,,,,,,,,,,,frac_snow,CT_R_CN-TGD,r1_remaining_process_gradient_snow_strata,full_sample,primary,,,,,S3,"[0.15, 0.30)",121,,-76.964145161423914,22.862094474170036,region block bootstrap OLS slope sensitivity,,CT,R_CN-TGD,days,
IC-CMA-ES,R_CN-TGD,train,156,0.002724164607952273,0.011613308922631033,0.0042986160267344349,0.66666666666666663,0.22973874286798054,0.0039135063837320676,0.10411482423064668,0.033501987385476939,0.1779064045107861,0.11563794146740115,0.026094330385983036,0.20518155254881926,process_gradient_snow_stratum,valid_continuous_attribute,,,,,,,,,,,frac_snow,AMJJ_R_CN-TGD,r1_remaining_process_gradient_snow_strata,full_sample,primary,,,,,S2,"[0.05, 0.15)",156,,-0.023328116640301606,0.25131052964315903,region block bootstrap OLS slope sensitivity,,AMJJ,R_CN-TGD,fractional_flow_error,
IC-CMA-ES,R_CN-TGD,train,156,1.5,4,1.6153846153846154,0.62820512820512819,0.057038765642046491,0.47940464380109282,0,-11.125540718149924,29.636547299847201,7.7864340788935351,-17.551610732252129,33.1244788900392,process_gradient_snow_stratum,valid_continuous_attribute,,,,,,,,,,,frac_snow,CT_R_CN-TGD,r1_remaining_process_gradient_snow_strata,full_sample,primary,,,,,S2,"[0.05, 0.15)",156,,-32.575679311927594,47.407899086301782,region block bootstrap OLS slope sensitivity,,CT,R_CN-TGD,days,
IC-CMA-ES,R_CN-TGD,train,165,0.00062044114669445108,0.0090935415825945474,0.0010601507554437303,0.55757575757575761,0.00077741801099481854,0.99209293467226378,0.00067601108235693281,-0.076435378213222008,0.070219425076796543,-0.041966390609499631,-0.22739183491927328,0.14345905370027401,process_gradient_snow_stratum,valid_continuous_attribute,,,,,,,,,,,frac_snow,AMJJ_R_CN-TGD,r1_remaining_process_gradient_snow_strata,full_sample,primary,,,,,S1,"[0, 0.05)",165,,-0.20888654294404035,0.10430596157692715,region block bootstrap OLS slope sensitivity,,AMJJ,R_CN-TGD,fractional_flow_error,
IC-CMA-ES,R_CN-TGD,train,165,0.5,2.5,-0.11212121212121212,0.51515151515151514,0.074266450413843846,0.34311548847305184,0,0,31.139727234938213,34.369816416149519,-25.251478658388827,93.991111490687871,process_gradient_snow_stratum,valid_continuous_attribute,,,,,,,,,,,frac_snow,CT_R_CN-TGD,r1_remaining_process_gradient_snow_strata,full_sample,primary,,,,,S1,"[0, 0.05)",165,,-2.7160278114041896,85.656356267272884,region block bootstrap OLS slope sensitivity,,CT,R_CN-TGD,days,
IC-CMA-ES,R_CN-TGD,train,34,0.029070638687979822,0.054702687871509822,0.036471233176501312,0.76470588235294112,0.3894576012223071,0.02280441644941977,0.2934620777310733,0.019864653075032476,0.54123116578337271,0.27038433337656936,-0.0121195480357848,0.55288821478892358,process_gradient_snow_stratum,valid_continuous_attribute,,,,,,,,,,,frac_snow,AMJJ_R_CN-TGD,r1_remaining_process_gradient_snow_strata,full_sample,primary,,,,,S4,"[0.30, 0.50)",34,,-0.17611625604027098,0.58958756276752644,region block bootstrap OLS slope sensitivity,,AMJJ,R_CN-TGD,fractional_flow_error,
IC-CMA-ES,R_CN-TGD,train,34,2.25,15.5,5.8529411764705879,0.61764705882352944,0.10304236753194483,0.56197634890753556,17.51229727499733,-38.296160947008666,79.284605780500769,26.881200297848864,-41.534110586266294,95.296511181964021,process_gradient_snow_stratum,valid_continuous_attribute,,,,,,,,,,,frac_snow,CT_R_CN-TGD,r1_remaining_process_gradient_snow_strata,full_sample,primary,,,,,S4,"[0.30, 0.50)",34,,-70.534520284294643,105.21311185622804,region block bootstrap OLS slope sensitivity,,CT,R_CN-TGD,days,
IC-CMA-ES,R_CN-TGD,train,531,0.0045131905635372033,0.022578956213605401,0.012550144348589257,0.68549905838041436,0.38683897269145484,2.1247141835412623e-20,0.056257701485889246,0.044173108874385879,0.069408648599024417,0.06056955753953587,0.048318081509502106,0.072821033569569635,process_gradient,valid_continuous_attribute,,,,,,,,,,,frac_snow,AMJJ_R_CN-TGD,r1_remaining_process_gradient,full_sample,primary,,,,,,,,,0.043016802621032829,0.090217868092090897,region block bootstrap OLS slope sensitivity,,AMJJ,R_CN-TGD,fractional_flow_error,
IC-CMA-ES,R_CN-TGD,train,531,1,5,2.7156308851224105,0.62523540489642182,0.32193826502678657,2.8608544873177509e-14,10.481329487877755,7.5333482631693327,13.357941486908631,13.342133489001094,10.313021531292533,16.371245446709654,process_gradient,valid_continuous_attribute,,,,,,,,,,,frac_snow,CT_R_CN-TGD,r1_remaining_process_gradient,full_sample,primary,,,,,,,,,8.4250219217524371,18.154499044039692,region block bootstrap OLS slope sensitivity,,CT,R_CN-TGD,days,
IC-CMA-ES,R_CN-TGD,train,55,0.025518688354930499,0.048346832145648333,0.03197941414133483,0.80000000000000004,0.28542568542568553,0.034659615454210153,0.19755342716619276,0.031291954986766825,0.32783704725138135,0.20047830717522991,0.058383797536681659,0.34257281681377816,process_gradient_snow_stratum,valid_continuous_attribute,,,,,,,,,,,frac_snow,AMJJ_R_CN-TGD,r1_remaining_process_gradient_snow_strata,full_sample,primary,,,,,S5,"[0.50, 1.00]",55,,-0.11719172274120426,0.3999659612515703,region block bootstrap OLS slope sensitivity,,AMJJ,R_CN-TGD,fractional_flow_error,
IC-CMA-ES,R_CN-TGD,train,55,6.5,10,8.5090909090909097,0.8545454545454545,0.29891704542404685,0.026632286421726929,31.919300086834948,3.849493385144251,56.803899138020213,14.341390554939043,-16.450444444535169,45.133225554413258,process_gradient_snow_stratum,valid_continuous_attribute,,,,,,,,,,,frac_snow,CT_R_CN-TGD,r1_remaining_process_gradient_snow_strata,full_sample,primary,,,,,S5,"[0.50, 1.00]",55,,-34.238897921612413,55.27887899467224,region block bootstrap OLS slope sensitivity,,CT,R_CN-TGD,days,
IC-CMA-ES,R_TGD-Base,test,121,0.012424222468111104,0.031627286668327995,0.031121949648430673,0.80165289256198347,0.48502912884432986,1.7210875177395428e-08,0.3584944384746237,0.21419557067803804,0.54943013043560118,0.5436198632243554,0.33474396843547671,0.7524957580132341,process_gradient_snow_stratum,valid_continuous_attribute,,,,,,,,,,,frac_snow,AMJJ_R_TGD-Base,r1_remaining_process_gradient_snow_strata,full_sample,primary,,,,,S3,"[0.15, 0.30)",121,,0.037145090591375572,0.81635075958704784,region block bootstrap OLS slope sensitivity,,AMJJ,R_TGD-Base,fractional_flow_error,
IC-CMA-ES,R_TGD-Base,test,121,3,9,5.5702479338842972,0.76859504132231404,0.42887095763473998,9.2045757628097244e-07,99.913235520639034,55.135926726094169,149.2737718745509,125.37507428748185,82.515690338096164,168.23445823686754,process_gradient_snow_stratum,valid_continuous_attribute,,,,,,,,,,,frac_snow,CT_R_TGD-Base,r1_remaining_process_gradient_snow_strata,full_sample,primary,,,,,S3,"[0.15, 0.30)",121,,53.812395281229833,192.91924760263709,region block bootstrap OLS slope sensitivity,,CT,R_TGD-Base,days,
IC-CMA-ES,R_TGD-Base,test,156,0,4.25,0.75641025641025639,0.4358974358974359,0.094685071944657417,0.23969539186398811,0,0,30.986071347433217,17.614910893348821,-6.437762257188794,41.667584043886436,process_gradient_snow_stratum,valid_continuous_attribute,,,,,,,,,,,frac_snow,CT_R_TGD-Base,r1_remaining_process_gradient_snow_strata,full_sample,primary,,,,,S2,"[0.05, 0.15)",156,,0.17586424360679481,31.181003183540824,region block bootstrap OLS slope sensitivity,,CT,R_TGD-Base,days,
IC-CMA-ES,R_TGD-Base,test,156,0.001764410975883703,0.011808865570165476,0.0015580137227565437,0.60897435897435892,0.013532265967030709,0.86684581535896266,0.0098414207729599218,-0.066207775844190908,0.08414608294821864,-0.021719804194027706,-0.11418005386145313,0.070740445473397723,process_gradient_snow_stratum,valid_continuous_attribute,,,,,,,,,,,frac_snow,AMJJ_R_TGD-Base,r1_remaining_process_gradient_snow_strata,full_sample,primary,,,,,S2,"[0.05, 0.15)",156,,-0.15927330403533907,0.088195816520389603,region block bootstrap OLS slope sensitivity,,AMJJ,R_TGD-Base,fractional_flow_error,
IC-CMA-ES,R_TGD-Base,test,165,0,3,-0.26363636363636361,0.36969696969696969,0.14807615172286109,0.057684257243419627,0,0,46.373263227165374,62.877340881547831,-0.67905289740286889,126.43373466049853,process_gradient_snow_stratum,valid_continuous_attribute,,,,,,,,,,,frac_snow,CT_R_TGD-Base,r1_remaining_process_gradient_snow_strata,full_sample,primary,,,,,S1,"[0, 0.05)",165,,3.1191801474771674,133.47307521344672,region block bootstrap OLS slope sensitivity,,CT,R_TGD-Base,days,
IC-CMA-ES,R_TGD-Base,test,165,0.00022196890456940149,0.0086013092686392026,0.00041050502199670261,0.52121212121212124,0.01229175350029952,0.87548442373293511,0.0042937832939956696,-0.075407614391162142,0.086491363664023643,0.033459624995655378,-0.19359594835836322,0.26051519834967396,process_gradient_snow_stratum,valid_continuous_attribute,,,,,,,,,,,frac_snow,AMJJ_R_TGD-Base,r1_remaining_process_gradient_snow_strata,full_sample,primary,,,,,S1,"[0, 0.05)",165,,-0.067135220699407527,0.17273982732774271,region block bootstrap OLS slope sensitivity,,AMJJ,R_TGD-Base,fractional_flow_error,
IC-CMA-ES,R_TGD-Base,test,34,0.019737532886313552,0.19159089603376542,0.080463290134439092,0.8529411764705882,0.12727272727272726,0.47319662581243782,0.048871913600893546,-0.16204112264375864,0.49882982217145916,0.33779170938231967,-0.30732140344009135,0.98290482220473074,process_gradient_snow_stratum,valid_continuous_attribute,,,,,,,,,,,frac_snow,AMJJ_R_TGD-Base,r1_remaining_process_gradient_snow_strata,full_sample,primary,,,,,S4,"[0.30, 0.50)",34,,-1.0939963912753847,0.99185318026453506,region block bootstrap OLS slope sensitivity,,AMJJ,R_TGD-Base,fractional_flow_error,
IC-CMA-ES,R_TGD-Base,test,34,7,17.5,11.852941176470589,0.8529411764705882,0.07966363184439075,0.65425934532681396,16.946918225556569,-74.857886040619263,81.034022489223688,22.286320556165681,-54.829855285578176,99.40249639790953,process_gradient_snow_stratum,valid_continuous_attribute,,,,,,,,,,,frac_snow,CT_R_TGD-Base,r1_remaining_process_gradient_snow_strata,full_sample,primary,,,,,S4,"[0.30, 0.50)",34,,-177.91787880851308,104.28960921951541,region block bootstrap OLS slope sensitivity,,CT,R_TGD-Base,days,
IC-CMA-ES,R_TGD-Base,test,531,0.0047662050182541993,0.023264611422582796,0.036929852565569216,0.67419962335216577,0.51627976464352121,1.6451875572965361e-37,0.12581560210888704,0.099115398594173579,0.15589834503866032,0.34899014710560827,0.3252687593443499,0.37271153486686665,process_gradient,valid_continuous_attribute,,,,,,,,,,,frac_snow,AMJJ_R_TGD-Base,r1_remaining_process_gradient,full_sample,primary,,,,,,,,,0.30506217213706255,0.41030455933782584,region block bootstrap OLS slope sensitivity,,AMJJ,R_TGD-Base,fractional_flow_error,
IC-CMA-ES,R_TGD-Base,test,531,1,7,5.8935969868173261,0.57250470809792842,0.55484738858507932,3.3576789479100177e-44,32.836616851571065,27.204524796518371,38.346755647494469,54.573541991575624,50.488026982726097,58.65905700042515,process_gradient,valid_continuous_attribute,,,,,,,,,,,frac_snow,CT_R_TGD-Base,r1_remaining_process_gradient,full_sample,primary,,,,,,,,,44.814568012108708,67.104371617072502,region block bootstrap OLS slope sensitivity,,CT,R_TGD-Base,days,
IC-CMA-ES,R_TGD-Base,test,55,0.24892229765398491,0.1573758859901124,0.23268109947103155,0.92727272727272725,0.52886002886002892,3.3128091183917464e-05,0.95388596700557404,0.48221261095353118,1.3740915180256374,0.66301152474326075,0.30549944334292306,1.0205236061435985,process_gradient_snow_stratum,valid_continuous_attribute,,,,,,,,,,,frac_snow,AMJJ_R_TGD-Base,r1_remaining_process_gradient_snow_strata,full_sample,primary,,,,,S5,"[0.50, 1.00]",55,,0.27385757033458979,1.7659647911131735,region block bootstrap OLS slope sensitivity,,AMJJ,R_TGD-Base,fractional_flow_error,
IC-CMA-ES,R_TGD-Base,test,55,38,20,35.963636363636361,0.96363636363636362,0.46616375122352616,0.00033452265421922656,125.99366842048495,54.682607894016506,201.99324718487637,111.28218794713574,53.308083229918928,169.25629266435254,process_gradient_snow_stratum,valid_continuous_attribute,,,,,,,,,,,frac_snow,CT_R_TGD-Base,r1_remaining_process_gradient_snow_strata,full_sample,primary,,,,,S5,"[0.50, 1.00]",55,,63.652193102585038,257.69668945224629,region block bootstrap OLS slope sensitivity,,CT,R_TGD-Base,days,
IC-CMA-ES,R_TGD-Base,train,121,0.0107556340544437,0.027754449211920586,0.029704588132447536,0.81818181818181823,0.42303210947026137,1.3381960435944934e-06,0.30447657225694336,0.16914180812363053,0.54017863900778795,0.64875348236695185,0.45844756985354862,0.83905939488035508,process_gradient_snow_stratum,valid_continuous_attribute,,,,,,,,,,,frac_snow,AMJJ_R_TGD-Base,r1_remaining_process_gradient_snow_strata,full_sample,primary,,,,,S3,"[0.15, 0.30)",121,,0.2438256166522299,0.90140903513356885,region block bootstrap OLS slope sensitivity,,AMJJ,R_TGD-Base,fractional_flow_error,
IC-CMA-ES,R_TGD-Base,train,121,4.5,11.5,6.946280991735537,0.79338842975206614,0.48114422410685942,2.3205707242838938e-08,135.04955106062073,81.01047013323516,187.24035707129917,154.23013295252306,107.5735152696534,200.88675063539273,process_gradient_snow_stratum,valid_continuous_attribute,,,,,,,,,,,frac_snow,CT_R_TGD-Base,r1_remaining_process_gradient_snow_strata,full_sample,primary,,,,,S3,"[0.15, 0.30)",121,,67.546106661341483,234.02694613039537,region block bootstrap OLS slope sensitivity,,CT,R_TGD-Base,days,
IC-CMA-ES,R_TGD-Base,train,156,0.0024936090276831257,0.012264381524623051,0.0032950203152874035,0.60897435897435892,-0.051110303298509581,0.52631074140920053,-0.019733756582253695,-0.088150331550884392,0.04336855370224791,0.00097903919422316979,-0.10050235833067926,0.10246043671912559,process_gradient_snow_stratum,valid_continuous_attribute,,,,,,,,,,,frac_snow,AMJJ_R_TGD-Base,r1_remaining_process_gradient_snow_strata,full_sample,primary,,,,,S2,"[0.05, 0.15)",156,,-0.15839591436367925,0.18798418789195684,region block bootstrap OLS slope sensitivity,,AMJJ,R_TGD-Base,fractional_flow_error,
IC-CMA-ES,R_TGD-Base,train,156,0.5,3.625,1.1346153846153846,0.60256410256410253,0.083905192251748487,0.29769701698676609,7.3292618596400647,-7.6816391658614407,27.351214042869309,4.7866796007411097,-17.487638889199935,27.060998090682155,process_gradient_snow_stratum,valid_continuous_attribute,,,,,,,,,,,frac_snow,CT_R_TGD-Base,r1_remaining_process_gradient_snow_strata,full_sample,primary,,,,,S2,"[0.05, 0.15)",156,,-32.168097609933163,38.075950943923573,region block bootstrap OLS slope sensitivity,,CT,R_TGD-Base,days,
IC-CMA-ES,R_TGD-Base,train,165,0,2,-0.036363636363636362,0.40000000000000002,0.11620524503095224,0.13717971976009685,12.451424661747097,0,36.764810433343648,28.027976145998984,-24.499007951711853,80.554960243709814,process_gradient_snow_stratum,valid_continuous_attribute,,,,,,,,,,,frac_snow,CT_R_TGD-Base,r1_remaining_process_gradient_snow_strata,full_sample,primary,,,,,S1,"[0, 0.05)",165,,-3.1324454221513647,80.166668106126622,region block bootstrap OLS slope sensitivity,,CT,R_TGD-Base,days,
IC-CMA-ES,R_TGD-Base,train,165,0.00085669228051675483,0.0096594108384842406,0.00072576003087912325,0.5696969696969697,0.12282670265806797,0.11602008138219365,0.065676103197674224,-0.018750684816488113,0.15611641030431778,0.12625462045175107,-0.025996487643392435,0.27850572854689459,process_gradient_snow_stratum,valid_continuous_attribute,,,,,,,,,,,frac_snow,AMJJ_R_TGD-Base,r1_remaining_process_gradient_snow_strata,full_sample,primary,,,,,S1,"[0, 0.05)",165,,0.0092445807239080278,0.2870577165477291,region block bootstrap OLS slope sensitivity,,AMJJ,R_TGD-Base,fractional_flow_error,
IC-CMA-ES,R_TGD-Base,train,34,0.025797188080504158,0.15361898376753044,0.082808138983108556,0.88235294117647056,0.029182582123758589,0.86986329879380941,0.0046089618534500805,-0.27253875168469649,0.58997746283849084,0.20487736986874319,-0.36894070068745655,0.77869544042494288,process_gradient_snow_stratum,valid_continuous_attribute,,,,,,,,,,,frac_snow,AMJJ_R_TGD-Base,r1_remaining_process_gradient_snow_strata,full_sample,primary,,,,,S4,"[0.30, 0.50)",34,,-0.82785716210226123,0.68227276679324411,region block bootstrap OLS slope sensitivity,,AMJJ,R_TGD-Base,fractional_flow_error,
IC-CMA-ES,R_TGD-Base,train,34,7,23,12.25,0.8529411764705882,0.20026024734496525,0.25613217229224888,29.478666005881657,-25.420377338334852,123.57062856486041,56.988472183497585,-31.609522477062988,145.58646684405815,process_gradient_snow_stratum,valid_continuous_attribute,,,,,,,,,,,frac_snow,CT_R_TGD-Base,r1_remaining_process_gradient_snow_strata,full_sample,primary,,,,,S4,"[0.30, 0.50)",34,,-166.49053112325473,198.96921830055757,region block bootstrap OLS slope sensitivity,,CT,R_TGD-Base,days,
IC-CMA-ES,R_TGD-Base,train,531,0.0047234768894018481,0.021912997284207356,0.036963290913889481,0.69679849340866296,0.51809987499948462,8.3074961973286388e-38,0.12245171367220309,0.096907792858143715,0.14942323553802589,0.34407160970788842,0.3220134058632303,0.36612981355254653,process_gradient,valid_continuous_attribute,,,,,,,,,,,frac_snow,AMJJ_R_TGD-Base,r1_remaining_process_gradient,full_sample,primary,,,,,,,,,0.31119555055288622,0.39449146785937472,region block bootstrap OLS slope sensitivity,,AMJJ,R_TGD-Base,fractional_flow_error,
IC-CMA-ES,R_TGD-Base,train,531,1.5,7.5,6.6365348399246704,0.64030131826741998,0.58874073850101849,7.5976945515453731e-51,33.701946417020878,29.312153155163791,38.708408504670864,56.975111127232012,52.883478481745271,61.066743772718752,process_gradient,valid_continuous_attribute,,,,,,,,,,,frac_snow,CT_R_TGD-Base,r1_remaining_process_gradient,full_sample,primary,,,,,,,,,48.454163863745883,69.379598067285571,region block bootstrap OLS slope sensitivity,,CT,R_TGD-Base,days,
IC-CMA-ES,R_TGD-Base,train,55,0.24455537208546707,0.16987714433281026,0.22880003657351972,0.94545454545454544,0.52676767676767688,3.6055266052266114e-05,0.85317958931476856,0.43690181004142875,1.3532382713958555,0.69124782699453935,0.35205617746984935,1.0304394765192293,process_gradient_snow_stratum,valid_continuous_attribute,,,,,,,,,,,frac_snow,AMJJ_R_TGD-Base,r1_remaining_process_gradient_snow_strata,full_sample,primary,,,,,S5,"[0.50, 1.00]",55,,0.2714750680914183,1.6498997144866769,region block bootstrap OLS slope sensitivity,,AMJJ,R_TGD-Base,fractional_flow_error,
IC-CMA-ES,R_TGD-Base,train,55,38,20,38.109090909090909,1,0.38445579786083617,0.0037555788108607924,89.497709427381366,29.458841278232388,166.76434259941453,81.007679667235536,24.347595724182248,137.66776361028883,process_gradient_snow_stratum,valid_continuous_attribute,,,,,,,,,,,frac_snow,CT_R_TGD-Base,r1_remaining_process_gradient_snow_strata,full_sample,primary,,,,,S5,"[0.50, 1.00]",55,,24.379440755375235,214.60028832361229,region block bootstrap OLS slope sensitivity,,CT,R_TGD-Base,days,
IC-CMA-ES,TGD-Base,test,531,0.0145320651078844,0.0508699868213255,0.075783404244025701,0.7231638418079096,0.58043037927645036,3.8230863355440272e-49,0.29674098551991113,0.24694702768472501,0.35193821726902458,0.65911999656962905,0.60050406561270453,0.71773592752655346,within_paradigm,valid_continuous_attribute,,,,,,,,,,,,,all_531_basins,detailed,secondary,,,,,,,,,,,,,,,,
IC-CMA-ES,TGD-Base,train,531,0.0142848660905141,0.052942114806264401,0.088428517858738301,0.82485875706214684,0.79766703033123965,2.9036684519718932e-118,0.3047442097191031,0.26710536115376848,0.34996763890235771,0.75466897621652951,0.71404794241604508,0.79529001001701383,within_paradigm,valid_continuous_attribute,,,,,,,,,,,,,all_531_basins,detailed,secondary,,,,,,,,,,,,,,,,
IC-dPL,D_Base,test_minus_train,531,-0.029729275853338732,0.095608737374420577,-0.086956195983224419,0.2071563088512241,0.22799573221044625,1.0870382632171216e-07,0.073172797348884058,0.043376973673667579,0.10714674115001792,0.10318283673545772,0.023460186138973438,0.18290548733194201,transfer_gradient,valid_continuous_attribute,,,,,,,,,,,frac_snow,D_IC_minus_dPL,r1_remaining_transfer_gradient,full_sample,primary,,,,,,,,XAJ-Base,0.027880389939146669,0.2464444194193115,region block bootstrap OLS slope sensitivity,,,,,
IC-dPL,D_CN,test_minus_train,531,-0.032651395080989576,0.093966849396553531,-0.085182918415861453,0.22598870056497175,0.10665715241100604,0.013933506565934489,0.038625259956251413,0.0067584056779434925,0.073685813258590777,0.016568685601302289,-0.10187059926170434,0.13500797046430893,transfer_gradient,valid_continuous_attribute,,,,,,,,,,,frac_snow,D_IC_minus_dPL,r1_remaining_transfer_gradient,full_sample,primary,,,,,,,,XAJ-CN,-0.057739409847332002,0.16964867948124013,region block bootstrap OLS slope sensitivity,,,,,
IC-dPL,D_TGD,test_minus_train,531,-0.027132621159847492,0.097655433648603462,-0.077503015330106437,0.22787193973634651,0.15170033524856952,0.00045186142058668046,0.046320471737541002,0.018589374675307666,0.078622280238312581,0.089334485375417466,0.025040971259529615,0.15362799949130532,transfer_gradient,valid_continuous_attribute,,,,,,,,,,,frac_snow,D_IC_minus_dPL,r1_remaining_transfer_gradient,full_sample,primary,,,,,,,,XAJ-TGD,0.024072674785147165,0.20007842517771876,region block bootstrap OLS slope sensitivity,,,,,
combined,CN-TGD,test,,,,,,,,,,,,,,cluster_robust_interaction,valid_cluster_robust,eta_0,-0.0094551039826440992,0.0073678661504600002,-0.0238958562804579,0.0049856483151693,0.19939073103932231,531,IC-CMA-ES,effect_value ~ frac_snow + paradigm_dPL + frac_snow:paradigm_dPL; cluster=basin_id,inconclusive,,,all_531_basins,full_sample,primary,,,,,,,,,,,,,,,,
combined,CN-TGD,test,,,,,,,,,,,,,,cluster_robust_interaction,valid_cluster_robust,eta_1_frac_snow,0.26766588690462018,0.029888289705752101,0.20908591552184691,0.32624585828739372,3.3806520218614687e-19,531,IC-CMA-ES,effect_value ~ frac_snow + paradigm_dPL + frac_snow:paradigm_dPL; cluster=basin_id,supported_positive,,,all_531_basins,full_sample,primary,,,,,,,,,,,,,,,,
combined,CN-TGD,test,,,,,,,,,,,,,,cluster_robust_interaction,valid_cluster_robust,eta_2_paradigm_dPL,0.0012259637055859001,0.0092708620059878,-0.0169445919317909,0.019396519342962701,0.89479575055910554,531,IC-CMA-ES,effect_value ~ frac_snow + paradigm_dPL + frac_snow:paradigm_dPL; cluster=basin_id,inconclusive,,,all_531_basins,full_sample,primary,,,,,,,,,,,,,,,,
combined,CN-TGD,test,,,,,,,,,,,,,,cluster_robust_interaction,valid_cluster_robust,eta_3_frac_snow_x_paradigm_dPL,-0.0082412582375701992,0.019984781957053901,-0.047410711112282101,0.030928194637141401,0.6800633456004106,531,IC-CMA-ES,effect_value ~ frac_snow + paradigm_dPL + frac_snow:paradigm_dPL; cluster=basin_id,inconclusive,,,all_531_basins,full_sample,primary,,,,,,,,,,,,,,,,
combined,D_transfer_gradient,test_minus_train,,,,,,,,,,,,,,transfer_gradient_interaction,,beta0_intercept,-0.093038878245446988,0.0087556666493481781,-0.11019998487816941,-0.075877771612724562,2.2526004854344656e-26,531,XAJ-TGD,D ~ frac_snow + structure + frac_snow:structure; cluster=basin_id; TGD reference,supported_negative,,,r1_remaining_transfer_gradient_interaction,full_sample,primary,,,,,,,,intercept,,,,,,,,
combined,D_transfer_gradient,test_minus_train,,,,,,,,,,,,,,transfer_gradient_interaction,,beta1_frac_snow_TGD,0.089334485375417397,0.021469424119193989,0.047254414101797176,0.13141455664903762,3.1684340888034506e-05,531,XAJ-TGD,D ~ frac_snow + structure + frac_snow:structure; cluster=basin_id; TGD reference,supported_positive,,,r1_remaining_transfer_gradient_interaction,full_sample,primary,,,,,,,,TGD,,,,,,,,
combined,D_transfer_gradient,test_minus_train,,,,,,,,,,,,,,transfer_gradient_interaction,,beta2_structure_Base,-0.011861501330502205,0.006695949845533785,-0.024985563027748424,0.001262560366744013,0.076486868640262176,531,XAJ-TGD,D ~ frac_snow + structure + frac_snow:structure; cluster=basin_id; TGD reference,inconclusive,,,r1_remaining_transfer_gradient_interaction,full_sample,primary,,,,,,,,Base,,,,,,,,
combined,D_transfer_gradient,test_minus_train,,,,,,,,,,,,,,transfer_gradient_interaction,,beta2_structure_CN,0.0049745548815693392,0.009113137348550843,-0.012887194321590313,0.022836304084728989,0.58515782116751835,531,XAJ-TGD,D ~ frac_snow + structure + frac_snow:structure; cluster=basin_id; TGD reference,inconclusive,,,r1_remaining_transfer_gradient_interaction,full_sample,primary,,,,,,,,CN,,,,,,,,
combined,D_transfer_gradient,test_minus_train,,,,,,,,,,,,,,transfer_gradient_interaction,,beta3_frac_snow_x_Base,0.013848351360040336,0.026631461495010625,-0.038349313170180491,0.066046015890261156,0.60306380062323739,531,XAJ-TGD,D ~ frac_snow + structure + frac_snow:structure; cluster=basin_id; TGD reference,inconclusive,,,r1_remaining_transfer_gradient_interaction,full_sample,primary,,,,,,,,Base,,,,,,,,
combined,D_transfer_gradient,test_minus_train,,,,,,,,,,,,,,transfer_gradient_interaction,,beta3_frac_snow_x_CN,-0.072765799774115181,0.020446140090590058,-0.1128402343516717,-0.032691365196558665,0.00037240907726711353,531,XAJ-TGD,D ~ frac_snow + structure + frac_snow:structure; cluster=basin_id; TGD reference,supported_negative,,,r1_remaining_transfer_gradient_interaction,full_sample,primary,,,,,,,,CN,,,,,,,,
combined,D_transfer_gradient,test_minus_train,,,,,,,,,,,,,,transfer_gradient_structure_slope,,slope_XAJ-Base,0.10318283673545774,0.031170963238864955,0.042087748787282428,0.16427792468363306,0.000932216986474728,531,XAJ-TGD,D ~ frac_snow + structure + frac_snow:structure; cluster=basin_id; TGD reference,supported_positive,,,r1_remaining_transfer_gradient_interaction,full_sample,primary,,,,,,,,XAJ-Base,,,,,,,,
combined,D_transfer_gradient,test_minus_train,,,,,,,,,,,,,,transfer_gradient_structure_slope,,slope_XAJ-CN,0.016568685601302216,0.026936542414928974,-0.036226937531958575,0.069364308734563007,0.5384882319283455,531,XAJ-TGD,D ~ frac_snow + structure + frac_snow:structure; cluster=basin_id; TGD reference,inconclusive,,,r1_remaining_transfer_gradient_interaction,full_sample,primary,,,,,,,,XAJ-CN,,,,,,,,
combined,D_transfer_gradient,test_minus_train,,,,,,,,,,,,,,transfer_gradient_structure_slope,,slope_XAJ-TGD,0.089334485375417397,0.021469424119193989,0.047254414101797176,0.13141455664903762,3.1684340888034506e-05,531,XAJ-TGD,D ~ frac_snow + structure + frac_snow:structure; cluster=basin_id; TGD reference,supported_positive,,,r1_remaining_transfer_gradient_interaction,full_sample,primary,,,,,,,,XAJ-TGD,,,,,,,,
dPL-MLP,CN-Base,test,531,0.0156361748076402,0.1086812995924084,0.1007324859563315,0.65725047080979282,0.68278263286632168,3.9638710800007602e-74,0.59544898682496972,0.54115972249648381,0.65564928920158083,0.92650550843810275,0.88267261238870831,0.97033840448749764,within_paradigm,valid_continuous_attribute,,,,,,,,,,,,,all_531_basins,detailed,secondary,,,,,,,,,,,,,,,,
dPL-MLP,CN-Base,train,531,0.029463115794300498,0.1634111746555604,0.12788727440186931,0.82109227871939727,0.70800834129794743,5.9325723054541161e-82,0.7204305406901037,0.65281599691972081,0.78007417620858044,0.96067913054604481,0.91366210952563076,1.0076961515664584,within_paradigm,valid_continuous_attribute,,,,,,,,,,,,,all_531_basins,detailed,secondary,,,,,,,,,,,,,,,,
dPL-MLP,CN-TGD,test,121,0.035095404248429302,0.098558094894242998,0.053235802898693875,0.72727272727272729,0.090184256875762064,0.32524538330416197,0.24169104248016798,-0.18376255358053309,0.63989852260720081,-0.12282973414609985,-0.84786812099318087,0.60220865270098112,snow_stratum_summary,valid_continuous_attribute,,,,,,,,,,,frac_snow,KGE_CN-TGD_test,snow_fixed_strata,snow_stratum,stratified_primary,0.022288599965435099,0.046125807659762,median,,S3,"[0.15, 0.30)",121,,,,,,,,,
dPL-MLP,CN-TGD,test,156,0.0029938463693633499,0.031583363422361121,0.0061480063158123304,0.54487179487179482,0.22991259818874363,0.0038857053392441329,0.24964518565774221,0.089822210365699817,0.41555346962040446,0.46884359488585381,0.26243618648609646,0.67525100328561116,snow_stratum_summary,valid_continuous_attribute,,,,,,,,,,,frac_snow,KGE_CN-TGD_test,snow_fixed_strata,snow_stratum,stratified_primary,-0.00227025582873655,0.0072758792571871005,median,,S2,"[0.05, 0.15)",156,,,,,,,,,
dPL-MLP,CN-TGD,test,165,-0.0011278242920266001,0.0228156306042312,-0.0023918079506674637,0.46060606060606063,0.12000822842576718,0.12469328770861773,0.14430057094109769,-0.058564461265553848,0.33968696096872819,0.17750383662639915,-0.077404972583698523,0.43241264583649686,snow_stratum_summary,valid_continuous_attribute,,,,,,,,,,,frac_snow,KGE_CN-TGD_test,snow_fixed_strata,snow_stratum,stratified_primary,-0.0044674573981857996,0.0014645650941030001,median,,S1,"[0, 0.05)",165,,,,,,,,,
dPL-MLP,CN-TGD,test,34,0.10300849980608109,0.126283836887711,0.11452260069260237,0.82352941176470584,0.25805958747135216,0.14060554658781191,0.34778002820868203,-0.17399363393246975,0.95362889216055391,0.19983120931643034,-0.9084298809806437,1.3080922996135043,snow_stratum_summary,valid_continuous_attribute,,,,,,,,,,,frac_snow,KGE_CN-TGD_test,snow_fixed_strata,snow_stratum,stratified_primary,0.037746261020466847,0.1289707496661176,median,,S4,"[0.30, 0.50)",34,,,,,,,,,
dPL-MLP,CN-TGD,test,531,0.008163894674835,0.0551982077456225,0.0368865331484644,0.6064030131826742,0.46227180293304992,1.8028002672019386e-29,0.21824343562522111,0.18370316186612801,0.25143047578653988,0.25942462866705002,0.2159893364678796,0.30285992086622038,within_paradigm,valid_continuous_attribute,,,,,,,,,,,,,all_531_basins,detailed,secondary,,,,,,,,,,,,,,,,
dPL-MLP,CN-TGD,test,531,0.008163894674835,0.055198207745622507,0.036886533148464427,0.6064030131826742,0.46227180293304992,1.8028002672019386e-29,0.21824343562522103,0.18370316186612801,0.25143047578654004,0.25942462866704996,0.21598933646787949,0.30285992086622043,full_sample_attribute,valid_continuous_attribute,,,,,,,,,,,frac_snow,KGE_CN-TGD_test,all_531_basins,full_sample,primary,0.0047821893285718,0.0123045822713916,median,basin-wise CN-TGD test effect with continuous frac_snow,,,,,,,,,,,,
dPL-MLP,CN-TGD,test,55,0.145416779729441,0.18576152161944515,0.15794559734795593,0.81818181818181823,0.34898989898989913,0.009017294418515058,0.59407249395055017,0.13427020387124433,1.1292906822874837,0.34997997052597712,-0.085107958793649574,0.78506789984560377,snow_stratum_summary,valid_continuous_attribute,,,,,,,,,,,frac_snow,KGE_CN-TGD_test,snow_fixed_strata,snow_stratum,stratified_primary,0.1127068933787134,0.2114752364192472,median,,S5,"[0.50, 1.00]",55,,,,,,,,,
dPL-MLP,CN-TGD,train,531,0.0098523831028037006,0.078158052892221302,0.0427046441672757,0.68926553672316382,0.53828852079379108,3.1955844917986567e-41,0.24421307620913851,0.21098343494476041,0.2773855880486088,0.22010272598451031,0.18996008861093,0.25024536335809061,within_paradigm,valid_continuous_attribute,,,,,,,,,,,,,all_531_basins,detailed,secondary,,,,,,,,,,,,,,,,
dPL-MLP,E_CN-Base,test_minus_train,531,-0.0138608614443495,0.060502209347990908,-0.027129551871811923,0.32015065913370999,-0.15023424433169594,0.00051373998634425208,-0.053234126887592395,-0.084528273116293517,-0.022164457642308427,-0.03956548276570683,-0.073594659700626203,-0.005536305830787458,snow_exposure_continuous,valid_continuous_attribute,,,,,,,,,,,frac_snow,E_CN-Base,r1_remaining_exposure_gradient,full_sample,primary,,,,,,,,,-0.16243571366317403,-0.016991798921696021,region block bootstrap OLS slope sensitivity,generalization_exposure,,,,
dPL-MLP,E_CN-TGD,test_minus_train,531,-0.0060871892621774002,0.046130137003067298,-0.005510991509791131,0.41054613935969869,-0.065089483482713817,0.13414895253089903,-0.024108808977958519,-0.051271754067201421,0.0035221834120056569,0.035571860675150113,-0.01186215996953259,0.083005881319832817,snow_exposure_continuous,valid_continuous_attribute,,,,,,,,,,,frac_snow,E_CN-TGD,r1_remaining_exposure_gradient,full_sample,primary,,,,,,,,,-0.095142651202520592,0.071509715344796887,region block bootstrap OLS slope sensitivity,generalization_exposure,,,,
dPL-MLP,E_TGD-Base,test_minus_train,531,-0.0080796314726225005,0.035509999257818496,-0.022680070524772118,0.32580037664783429,-0.082218670361707824,0.058312337805356676,-0.016836345798937662,-0.037294120272386884,0.0018880394375443508,-0.075745849889636674,-0.12200286761969642,-0.029488832159576935,snow_exposure_continuous,valid_continuous_attribute,,,,,,,,,,,frac_snow,E_TGD-Base,r1_remaining_exposure_gradient,full_sample,primary,,,,,,,,,-0.1191194206018501,-0.025975528845327642,region block bootstrap OLS slope sensitivity,generalization_exposure,,,,
dPL-MLP,KGE_CN-TGD_vs_AMJJ,test,531,0.0015784020901071991,0.016360204379719606,0.0059141303764464062,0.57815442561205277,0.18238429086639724,2.3538746844646006e-05,0.026740220882357529,0.01537663424254836,0.037264353936614175,0.036298653715571706,0.025016856084372187,0.047580451346771226,kge_signature_association,valid_continuous_attribute,,,,,,,,,,,KGE_CN-TGD,AMJJ_R_CN-TGD,r1_remaining_kge_signature_association,full_sample,primary,,,,,,,,,-0.018395616470609017,0.056416866101002938,region block bootstrap OLS slope sensitivity,,AMJJ,R_CN-TGD,,KGE_CN-TGD_test
dPL-MLP,KGE_CN-TGD_vs_AMJJ_TGD-CN,test,531,,,,,0.1225400405394682,0.0046875919214240001,0.0422149555980268,0.014398056553446,0.074229852367484306,0.052586412425472302,0.032614049414603601,0.072558775436340803,kge_signature_association,valid_association,,,,,,,,,,,KGE_CN-TGD_test,AMJJ_TGD-CN_error_reduction,all_531_basins,detailed,secondary,,,,,,,,,,,,,,,,
dPL-MLP,KGE_CN-TGD_vs_CT,test,531,0,4,1.5856873822975517,0.47645951035781542,0.18545880144052343,1.7010329113817069e-05,3.9184237021593527,0,6.5434078441051486,15.460435841422479,12.744258900494899,18.176612782350059,kge_signature_association,valid_continuous_attribute,,,,,,,,,,,KGE_CN-TGD,CT_R_CN-TGD,r1_remaining_kge_signature_association,full_sample,primary,,,,,,,,,2.247310957552068,21.254330191726591,region block bootstrap OLS slope sensitivity,,CT,R_CN-TGD,,KGE_CN-TGD_test
dPL-MLP,KGE_CN-TGD_vs_CT_TGD-CN,test,531,,,,,0.19333085604520761,7.2264097879350685e-06,12.003525854530626,0,19.128930514874671,17.925697676056178,12.95336005113132,22.898035300981039,kge_signature_association,valid_association,,,,,,,,,,,KGE_CN-TGD_test,CT_TGD-CN_error_reduction,all_531_basins,detailed,secondary,,,,,,,,,,,,,,,,
dPL-MLP,R_CN-Base,test,121,0.022836446593475203,0.0425886356944494,0.032141523937416712,0.80165289256198347,0.37120308901232885,2.7696706708016912e-05,0.42635980567254617,0.24294005007777117,0.59938984774995629,0.43860398351573454,0.21363062374812719,0.66357734328334184,process_gradient_snow_stratum,valid_continuous_attribute,,,,,,,,,,,frac_snow,AMJJ_R_CN-Base,r1_remaining_process_gradient_snow_strata,full_sample,primary,,,,,S3,"[0.15, 0.30)",121,,0.12665844238774318,0.77772166183864289,region block bootstrap OLS slope sensitivity,,AMJJ,R_CN-Base,fractional_flow_error,
dPL-MLP,R_CN-Base,test,121,3,12,3.5206611570247932,0.5950413223140496,0.36192966046070368,4.5214942226224788e-05,105.00516156288393,54.029813302857121,149.75667951672159,114.40811896851002,71.249054174668515,157.56718376235153,process_gradient_snow_stratum,valid_continuous_attribute,,,,,,,,,,,frac_snow,CT_R_CN-Base,r1_remaining_process_gradient_snow_strata,full_sample,primary,,,,,S3,"[0.15, 0.30)",121,,32.124344950092969,196.83741720446668,region block bootstrap OLS slope sensitivity,,CT,R_CN-Base,days,
dPL-MLP,R_CN-Base,test,156,0,3.25,0.83333333333333337,0.46153846153846156,0.2809166442675205,0.00038197582414563032,33.909660442814811,0,52.436344141330522,38.945044120401313,19.074614509509171,58.815473731293451,process_gradient_snow_stratum,valid_continuous_attribute,,,,,,,,,,,frac_snow,CT_R_CN-Base,r1_remaining_process_gradient_snow_strata,full_sample,primary,,,,,S2,"[0.05, 0.15)",156,,11.326508573069683,61.710970092155549,region block bootstrap OLS slope sensitivity,,CT,R_CN-Base,days,
dPL-MLP,R_CN-Base,test,156,0.0044928387600867009,0.01326839702126505,0.0068431142490496906,0.71153846153846156,0.10462613203521358,0.19365557166456313,0.048173724593048577,-0.02437663232369253,0.12660615879428377,0.096074463068646213,0.02311383400134509,0.16903509213594733,process_gradient_snow_stratum,valid_continuous_attribute,,,,,,,,,,,frac_snow,AMJJ_R_CN-Base,r1_remaining_process_gradient_snow_strata,full_sample,primary,,,,,S2,"[0.05, 0.15)",156,,0.025815137924463456,0.13190386179757149,region block bootstrap OLS slope sensitivity,,AMJJ,R_CN-Base,fractional_flow_error,
dPL-MLP,R_CN-Base,test,165,0,2,0.47575757575757577,0.37575757575757573,0.079035210899595296,0.31293285776091201,0,0,0,5.1472692462571397,-28.891958170651726,39.186496663166004,process_gradient_snow_stratum,valid_continuous_attribute,,,,,,,,,,,frac_snow,CT_R_CN-Base,r1_remaining_process_gradient_snow_strata,full_sample,primary,,,,,S1,"[0, 0.05)",165,,-33.726844548503301,34.879946688571941,region block bootstrap OLS slope sensitivity,,CT,R_CN-Base,days,
dPL-MLP,R_CN-Base,test,165,0.00045199799189899956,0.0079794399359021037,0.0003777735599231116,0.53333333333333333,0.083921072094090179,0.2838627764417484,0.03716097875823169,-0.037653137823099599,0.10631086608674981,0.073042783161388875,-0.0094751316315206946,0.15556069795429844,process_gradient_snow_stratum,valid_continuous_attribute,,,,,,,,,,,frac_snow,AMJJ_R_CN-Base,r1_remaining_process_gradient_snow_strata,full_sample,primary,,,,,S1,"[0, 0.05)",165,,0.049294070909738273,0.21615459553251173,region block bootstrap OLS slope sensitivity,,AMJJ,R_CN-Base,fractional_flow_error,
dPL-MLP,R_CN-Base,test,34,0.1062465048060928,0.11151460844688346,0.10582299171437552,0.91176470588235292,0.22291825821237582,0.20507525038735269,0.32336046786951145,-0.24947562514609695,0.70715970193601829,0.32245890756659801,-0.11984836179239056,0.76476617692558657,process_gradient_snow_stratum,valid_continuous_attribute,,,,,,,,,,,frac_snow,AMJJ_R_CN-Base,r1_remaining_process_gradient_snow_strata,full_sample,primary,,,,,S4,"[0.30, 0.50)",34,,-0.79468955683139686,0.76799632643287552,region block bootstrap OLS slope sensitivity,,AMJJ,R_CN-Base,fractional_flow_error,
dPL-MLP,R_CN-Base,test,34,18.5,23.875,18.514705882352942,0.88235294117647056,0.22332710681095042,0.20422406891953893,56.963579709733594,-32.340550455274965,155.93490845247862,64.095941350259878,-22.587579718292631,150.77946241881239,process_gradient_snow_stratum,valid_continuous_attribute,,,,,,,,,,,frac_snow,CT_R_CN-Base,r1_remaining_process_gradient_snow_strata,full_sample,primary,,,,,S4,"[0.30, 0.50)",34,,-131.01600323561405,109.2820151565483,region block bootstrap OLS slope sensitivity,,CT,R_CN-Base,days,
dPL-MLP,R_CN-Base,test,531,0.0067537198004859987,0.034196517164576154,0.041372139354055842,0.71751412429378536,0.62825273894227729,1.1791934097469872e-59,0.19401474777806352,0.16931905378786033,0.21974486794546139,0.36645783862322318,0.3468114905302353,0.38610418671621105,process_gradient,valid_continuous_attribute,,,,,,,,,,,frac_snow,AMJJ_R_CN-Base,r1_remaining_process_gradient,full_sample,primary,,,,,,,,,0.31201002033386643,0.41036845509492842,region block bootstrap OLS slope sensitivity,,AMJJ,R_CN-Base,fractional_flow_error,
dPL-MLP,R_CN-Base,test,531,1,8,6.8625235404896419,0.54613935969868177,0.50680951208238645,5.3907297817050408e-36,35.895498999703641,29.837824781739233,42.045225345373652,64.531755508561446,60.469129792745534,68.594381224377358,process_gradient,valid_continuous_attribute,,,,,,,,,,,frac_snow,CT_R_CN-Base,r1_remaining_process_gradient,full_sample,primary,,,,,,,,,49.362586794141158,82.926349439240184,region block bootstrap OLS slope sensitivity,,CT,R_CN-Base,days,
dPL-MLP,R_CN-Base,test,55,0.25771267801975384,0.14847236655433832,0.24275711676451631,0.98181818181818181,0.59047619047619049,2.0831178987375166e-06,0.72034138802447145,0.41274429883101288,1.0690577170338176,0.638085301940019,0.34303692836808503,0.93313367551195303,process_gradient_snow_stratum,valid_continuous_attribute,,,,,,,,,,,frac_snow,AMJJ_R_CN-Base,r1_remaining_process_gradient_snow_strata,full_sample,primary,,,,,S5,"[0.50, 1.00]",55,,0.55343678200169066,1.2736847007760383,region block bootstrap OLS slope sensitivity,,AMJJ,R_CN-Base,fractional_flow_error,
dPL-MLP,R_CN-Base,test,55,44,20.5,43.272727272727273,0.98181818181818181,0.42099949820177301,0.001371039088440948,102.729826318832,35.642056962954541,171.02348058529606,89.794291972317637,29.783673438296248,149.80491050633901,process_gradient_snow_stratum,valid_continuous_attribute,,,,,,,,,,,frac_snow,CT_R_CN-Base,r1_remaining_process_gradient_snow_strata,full_sample,primary,,,,,S5,"[0.50, 1.00]",55,,65.811734700674705,266.25234656132278,region block bootstrap OLS slope sensitivity,,CT,R_CN-Base,days,
dPL-MLP,R_CN-Base,train,121,0.027870713635607149,0.054306468039204407,0.038384292656467062,0.86776859504132231,0.47251727408210253,4.4474685854402883e-08,0.56311166469466112,0.36293752712480826,0.75798019688394025,0.55498067535037676,0.38281110382313405,0.72715024687761942,process_gradient_snow_stratum,valid_continuous_attribute,,,,,,,,,,,frac_snow,AMJJ_R_CN-Base,r1_remaining_process_gradient_snow_strata,full_sample,primary,,,,,S3,"[0.15, 0.30)",121,,0.19685788746787769,0.81276859033129012,region block bootstrap OLS slope sensitivity,,AMJJ,R_CN-Base,fractional_flow_error,
dPL-MLP,R_CN-Base,train,121,8,10.5,7.9876033057851243,0.80991735537190079,0.37645972908120751,2.0837765291551034e-05,102.79518928578894,58.528279598673741,144.57212301857791,98.940374360796326,61.751987295944552,136.12876142564809,process_gradient_snow_stratum,valid_continuous_attribute,,,,,,,,,,,frac_snow,CT_R_CN-Base,r1_remaining_process_gradient_snow_strata,full_sample,primary,,,,,S3,"[0.15, 0.30)",121,,20.304362255299175,164.68056249635228,region block bootstrap OLS slope sensitivity,,CT,R_CN-Base,days,
dPL-MLP,R_CN-Base,train,156,0.0027361634518568729,0.014695749628897428,0.0050511648863555466,0.64102564102564108,0.18313287288015043,0.02211884950832442,0.098228718682200886,0.01848935563136057,0.17753454925071455,0.11461294054121896,0.028601668149961401,0.20062421293247651,process_gradient_snow_stratum,valid_continuous_attribute,,,,,,,,,,,frac_snow,AMJJ_R_CN-Base,r1_remaining_process_gradient_snow_strata,full_sample,primary,,,,,S2,"[0.05, 0.15)",156,,-0.03094730768819948,0.23041990852847113,region block bootstrap OLS slope sensitivity,,AMJJ,R_CN-Base,fractional_flow_error,
dPL-MLP,R_CN-Base,train,156,1.25,5,1.7147435897435896,0.63461538461538458,0.080381926813902174,0.31851669264413146,11.099314190807814,-8.5838333718059641,36.682343456566855,15.928307187394076,-6.3876507533589191,38.24426512814707,process_gradient_snow_stratum,valid_continuous_attribute,,,,,,,,,,,frac_snow,CT_R_CN-Base,r1_remaining_process_gradient_snow_strata,full_sample,primary,,,,,S2,"[0.05, 0.15)",156,,-27.088427055525163,59.707500002053955,region block bootstrap OLS slope sensitivity,,CT,R_CN-Base,days,
dPL-MLP,R_CN-Base,train,165,0,2,0.69090909090909092,0.47272727272727272,0.20936338913834887,0.0069578767777197185,17.737018568171045,0,35.260018635098767,28.825073317250421,2.0877031661450971,55.562443468355745,process_gradient_snow_stratum,valid_continuous_attribute,,,,,,,,,,,frac_snow,CT_R_CN-Base,r1_remaining_process_gradient_snow_strata,full_sample,primary,,,,,S1,"[0, 0.05)",165,,11.698048680888467,95.274070464970563,region block bootstrap OLS slope sensitivity,,CT,R_CN-Base,days,
dPL-MLP,R_CN-Base,train,165,0.00049441581644815019,0.0059467699648522998,0.0012969926581208769,0.52121212121212124,0.26024802591429641,0.0007357580690701864,0.093394156258944372,0.04046494379188894,0.15047015335694819,0.13983419325063939,0.072873455934639855,0.20679493056663895,process_gradient_snow_stratum,valid_continuous_attribute,,,,,,,,,,,frac_snow,AMJJ_R_CN-Base,r1_remaining_process_gradient_snow_strata,full_sample,primary,,,,,S1,"[0, 0.05)",165,,0.05709095312329035,0.27762407849425996,region block bootstrap OLS slope sensitivity,,AMJJ,R_CN-Base,fractional_flow_error,
dPL-MLP,R_CN-Base,train,34,0.095239719544976439,0.12177737112402726,0.097890139368946902,0.94117647058823528,0.19694423223834989,0.26425277466825525,0.28885032452893344,-0.20230312761845717,0.81991477367346244,0.35994585809377649,-0.057551117442384392,0.77744283362993738,process_gradient_snow_stratum,valid_continuous_attribute,,,,,,,,,,,frac_snow,AMJJ_R_CN-Base,r1_remaining_process_gradient_snow_strata,full_sample,primary,,,,,S4,"[0.30, 0.50)",34,,-0.74814177295043005,0.75422114502014603,region block bootstrap OLS slope sensitivity,,AMJJ,R_CN-Base,fractional_flow_error,
dPL-MLP,R_CN-Base,train,34,14.25,15,13.647058823529411,0.8529411764705882,0.31985941086456154,0.065167780220363486,83.174769283022513,-10.100041435294946,160.95970157282042,96.187242687904387,7.4971821693027181,184.87730320650604,process_gradient_snow_stratum,valid_continuous_attribute,,,,,,,,,,,frac_snow,CT_R_CN-Base,r1_remaining_process_gradient_snow_strata,full_sample,primary,,,,,S4,"[0.30, 0.50)",34,,-114.69597899352368,193.47229420041933,region block bootstrap OLS slope sensitivity,,CT,R_CN-Base,days,
dPL-MLP,R_CN-Base,train,531,0.0068216376911642458,0.035748103206389228,0.041133781244672075,0.71186440677966101,0.67858617604226379,6.6621776089014291e-73,0.1985331793602344,0.17333800347258516,0.22405735901720866,0.35584392159235928,0.33730544725947353,0.37438239592524503,process_gradient,valid_continuous_attribute,,,,,,,,,,,frac_snow,AMJJ_R_CN-Base,r1_remaining_process_gradient,full_sample,primary,,,,,,,,,0.31949558776971193,0.39218498024177739,region block bootstrap OLS slope sensitivity,,AMJJ,R_CN-Base,fractional_flow_error,
dPL-MLP,R_CN-Base,train,531,2,9.5,7.9114877589453858,0.67608286252354044,0.61995148995872595,1.0642776454045965e-57,43.201501250899895,38.607289672963304,47.968342584119661,62.995720555415232,59.113675215482303,66.877765895348162,process_gradient,valid_continuous_attribute,,,,,,,,,,,frac_snow,CT_R_CN-Base,r1_remaining_process_gradient,full_sample,primary,,,,,,,,,53.231449696934632,76.248256710642067,region block bootstrap OLS slope sensitivity,,CT,R_CN-Base,days,
dPL-MLP,R_CN-Base,train,55,0.25193460304235932,0.16644099701878115,0.23395069418332284,1,0.55346320346320355,1.1721268761259709e-05,0.74027596403214968,0.39257684422947847,1.1213773832730076,0.66967864116066056,0.36576700958198827,0.97359027273933285,process_gradient_snow_stratum,valid_continuous_attribute,,,,,,,,,,,frac_snow,AMJJ_R_CN-Base,r1_remaining_process_gradient_snow_strata,full_sample,primary,,,,,S5,"[0.50, 1.00]",55,,0.56219668661348532,1.1894739982668769,region block bootstrap OLS slope sensitivity,,AMJJ,R_CN-Base,fractional_flow_error,
dPL-MLP,R_CN-Base,train,55,45.5,25.25,43.436363636363637,1,0.37067645140889866,0.0053385074143753554,85.714552332674657,33.290121240281493,165.68804699850446,78.079706239765869,15.918503746939301,140.24090873259243,process_gradient_snow_stratum,valid_continuous_attribute,,,,,,,,,,,frac_snow,CT_R_CN-Base,r1_remaining_process_gradient_snow_strata,full_sample,primary,,,,,S5,"[0.50, 1.00]",55,,66.756344085998705,170.89585471368497,region block bootstrap OLS slope sensitivity,,CT,R_CN-Base,days,
dPL-MLP,R_CN-TGD,test,121,-1,7,-1.2396694214876034,0.38842975206611569,-0.2191016972392234,0.015756126884867959,-28.409508315465793,-54.639976191719683,0,-21.658031892397243,-50.293157036363908,6.9770932515694248,process_gradient_snow_stratum,valid_continuous_attribute,,,,,,,,,,,frac_snow,CT_R_CN-TGD,r1_remaining_process_gradient_snow_strata,full_sample,primary,,,,,S3,"[0.15, 0.30)",121,,-35.920740740116209,14.167446358770409,region block bootstrap OLS slope sensitivity,,CT,R_CN-TGD,days,
dPL-MLP,R_CN-TGD,test,121,0.0031626017405160037,0.032823475951582706,0.0028209967755262496,0.56198347107438018,-0.33021270830510763,0.00021649215250756464,-0.24723541908687235,-0.3593122405339727,-0.12159134878032103,-0.21621590865974721,-0.33287941791655651,-0.099552399402937919,process_gradient_snow_stratum,valid_continuous_attribute,,,,,,,,,,,frac_snow,AMJJ_R_CN-TGD,r1_remaining_process_gradient_snow_strata,full_sample,primary,,,,,S3,"[0.15, 0.30)",121,,-0.42104114317080787,0.146004136027998,region block bootstrap OLS slope sensitivity,,AMJJ,R_CN-TGD,fractional_flow_error,
dPL-MLP,R_CN-TGD,test,156,0,3.25,0.99358974358974361,0.48076923076923078,0.24650415944834492,0.001921609589677159,27.849704642266659,0,46.332790657485369,32.520658209883337,12.373829158580545,52.667487261186125,process_gradient_snow_stratum,valid_continuous_attribute,,,,,,,,,,,frac_snow,CT_R_CN-TGD,r1_remaining_process_gradient_snow_strata,full_sample,primary,,,,,S2,"[0.05, 0.15)",156,,22.296353641543405,44.165339421394791,region block bootstrap OLS slope sensitivity,,CT,R_CN-TGD,days,
dPL-MLP,R_CN-TGD,test,156,0.0033803190159054477,0.012862261114694726,0.0052340225754526123,0.61538461538461542,0.070664285375606511,0.38070675851524427,0.035494821998538616,-0.038435977201369272,0.11270751597138856,0.11046817682236112,0.028420732660500367,0.19251562098422187,process_gradient_snow_stratum,valid_continuous_attribute,,,,,,,,,,,frac_snow,AMJJ_R_CN-TGD,r1_remaining_process_gradient_snow_strata,full_sample,primary,,,,,S2,"[0.05, 0.15)",156,,0.018019389991182619,0.20019124194260865,region block bootstrap OLS slope sensitivity,,AMJJ,R_CN-TGD,fractional_flow_error,
dPL-MLP,R_CN-TGD,test,165,-1.9180247822998819e-05,0.0065772203500746099,-0.0007412956895718316,0.49696969696969695,0.083651246598865164,0.28541930428062101,0.032788544499517222,-0.028753758848940002,0.090365068444428806,0.053727603423913244,-0.029907936174848514,0.13736314302267499,process_gradient_snow_stratum,valid_continuous_attribute,,,,,,,,,,,frac_snow,AMJJ_R_CN-TGD,r1_remaining_process_gradient_snow_strata,full_sample,primary,,,,,S1,"[0, 0.05)",165,,0.014586471072530003,0.2051915878084983,region block bootstrap OLS slope sensitivity,,AMJJ,R_CN-TGD,fractional_flow_error,
dPL-MLP,R_CN-TGD,test,165,0,2,0.16060606060606061,0.37575757575757573,-0.02227294431793761,0.77643999509386907,0,0,0,10.645526493863819,-21.881166057626814,43.172219045354453,process_gradient_snow_stratum,valid_continuous_attribute,,,,,,,,,,,frac_snow,CT_R_CN-TGD,r1_remaining_process_gradient_snow_strata,full_sample,primary,,,,,S1,"[0, 0.05)",165,,-9.8895927107524688,38.173044274723303,region block bootstrap OLS slope sensitivity,,CT,R_CN-TGD,days,
dPL-MLP,R_CN-TGD,test,34,0.014219738248602507,0.068673651872694863,0.027151144056047648,0.70588235294117652,0.18563789152024446,0.29319961790870386,0.2052689816071761,-0.1317968362178159,0.53399802827499587,0.14447450538453968,-0.15735026492637763,0.44629927569545702,process_gradient_snow_stratum,valid_continuous_attribute,,,,,,,,,,,frac_snow,AMJJ_R_CN-TGD,r1_remaining_process_gradient_snow_strata,full_sample,primary,,,,,S4,"[0.30, 0.50)",34,,-0.10451317689726973,0.49716791924261244,region block bootstrap OLS slope sensitivity,,AMJJ,R_CN-TGD,fractional_flow_error,
dPL-MLP,R_CN-TGD,test,34,1.5,12.875,7.0441176470588234,0.52941176470588236,0.50333042779216841,0.0024104515740857755,63.327110187186193,30.744559120984647,105.19763229960886,76.665144704425671,4.0053011944636268,149.3249882143877,process_gradient_snow_stratum,valid_continuous_attribute,,,,,,,,,,,frac_snow,CT_R_CN-TGD,r1_remaining_process_gradient_snow_strata,full_sample,primary,,,,,S4,"[0.30, 0.50)",34,,30.455731298364153,127.94827585250876,region block bootstrap OLS slope sensitivity,,CT,R_CN-TGD,days,
dPL-MLP,R_CN-TGD,test,531,0,4,1.5856873822975517,0.47645951035781542,0.18545880144052343,1.7010329113817069e-05,3.9184237021593527,0,6.5434078441051486,15.460435841422479,12.744258900494899,18.176612782350059,process_gradient,valid_continuous_attribute,,,,,,,,,,,frac_snow,CT_R_CN-TGD,r1_remaining_process_gradient,full_sample,primary,,,,,,,,,1.6328080471485278,21.21678440902916,region block bootstrap OLS slope sensitivity,,CT,R_CN-TGD,days,
dPL-MLP,R_CN-TGD,test,531,0.0015784020901071991,0.016360204379719606,0.0059141303764464062,0.57815442561205277,0.18238429086639724,2.3538746844646006e-05,0.026740220882357529,0.01537663424254836,0.037264353936614175,0.036298653715571706,0.025016856084372187,0.047580451346771226,process_gradient,valid_continuous_attribute,,,,,,,,,,,frac_snow,AMJJ_R_CN-TGD,r1_remaining_process_gradient,full_sample,primary,,,,,,,,,-0.017545230469214555,0.056187246976301911,region block bootstrap OLS slope sensitivity,,AMJJ,R_CN-TGD,fractional_flow_error,
dPL-MLP,R_CN-TGD,test,55,0.016477234130491999,0.044703768145679695,0.021485999802863455,0.67272727272727273,0.077056277056277059,0.57604486362533658,0.043924519360759126,-0.11500206868552074,0.21821999612308188,0.1064842741471433,-0.057782020706432083,0.2707505690007187,process_gradient_snow_stratum,valid_continuous_attribute,,,,,,,,,,,frac_snow,AMJJ_R_CN-TGD,r1_remaining_process_gradient_snow_strata,full_sample,primary,,,,,S5,"[0.50, 1.00]",55,,-0.22052840550321637,0.3149528427454889,region block bootstrap OLS slope sensitivity,,AMJJ,R_CN-TGD,fractional_flow_error,
dPL-MLP,R_CN-TGD,test,55,8,13,10.381818181818181,0.92727272727272725,0.41565248705156027,0.0016001584795536708,41.138102664281249,16.268114264105023,67.019795996345138,23.24621705962479,-9.7374445246889607,56.229878643938541,process_gradient_snow_stratum,valid_continuous_attribute,,,,,,,,,,,frac_snow,CT_R_CN-TGD,r1_remaining_process_gradient_snow_strata,full_sample,primary,,,,,S5,"[0.50, 1.00]",55,,-4.1184584625450196,72.152083026659213,region block bootstrap OLS slope sensitivity,,CT,R_CN-TGD,days,
dPL-MLP,R_CN-TGD,train,121,0.0095289391553958006,0.027130008631964589,0.011771690406348111,0.6776859504132231,-0.12055954477713045,0.18777177785383761,-0.066964276742952661,-0.16452418947077713,0.042546729599463463,-0.10603240828171609,-0.21736902666419766,0.0053042101007654829,process_gradient_snow_stratum,valid_continuous_attribute,,,,,,,,,,,frac_snow,AMJJ_R_CN-TGD,r1_remaining_process_gradient_snow_strata,full_sample,primary,,,,,S3,"[0.15, 0.30)",121,,-0.21198764139073889,0.037583921502109444,region block bootstrap OLS slope sensitivity,,AMJJ,R_CN-TGD,fractional_flow_error,
dPL-MLP,R_CN-TGD,train,121,1,7.5,1.7148760330578512,0.55371900826446285,-0.17501292721453959,0.05485724026318059,-25.57710364173932,-49.11193584715889,0,-27.727545487216389,-54.988084644981463,-0.46700632945131559,process_gradient_snow_stratum,valid_continuous_attribute,,,,,,,,,,,frac_snow,CT_R_CN-TGD,r1_remaining_process_gradient_snow_strata,full_sample,primary,,,,,S3,"[0.15, 0.30)",121,,-60.719488061377234,18.59589384681022,region block bootstrap OLS slope sensitivity,,CT,R_CN-TGD,days,
dPL-MLP,R_CN-TGD,train,156,0.0038000533558460968,0.012841584606704422,0.0048793597284781318,0.64102564102564108,0.22191209242781051,0.0053661390634491208,0.10086391406795836,0.031338968595733326,0.17046963149549019,0.11417826223435472,0.042943205704579351,0.18541331876413009,process_gradient_snow_stratum,valid_continuous_attribute,,,,,,,,,,,frac_snow,AMJJ_R_CN-TGD,r1_remaining_process_gradient_snow_strata,full_sample,primary,,,,,S2,"[0.05, 0.15)",156,,0.0096928282509400315,0.21380860381340516,region block bootstrap OLS slope sensitivity,,AMJJ,R_CN-TGD,fractional_flow_error,
dPL-MLP,R_CN-TGD,train,156,1,3.625,1.2371794871794872,0.59615384615384615,0.13608580777692816,0.090278420693317679,15.593325755990861,0,35.384163481821332,18.848251690043021,-1.5402179807467711,39.236721360832817,process_gradient_snow_stratum,valid_continuous_attribute,,,,,,,,,,,frac_snow,CT_R_CN-TGD,r1_remaining_process_gradient_snow_strata,full_sample,primary,,,,,S2,"[0.05, 0.15)",156,,-17.290797830113981,52.423567225299529,region block bootstrap OLS slope sensitivity,,CT,R_CN-TGD,days,
dPL-MLP,R_CN-TGD,train,165,0,1.5,0.22121212121212122,0.46060606060606063,0.14384200691772062,0.065294734215101208,0,0,25.069551786196158,20.976148736001743,-1.0548512190899366,43.00714869109342,process_gradient_snow_stratum,valid_continuous_attribute,,,,,,,,,,,frac_snow,CT_R_CN-TGD,r1_remaining_process_gradient_snow_strata,full_sample,primary,,,,,S1,"[0, 0.05)",165,,9.924822701216371,72.429483457004494,region block bootstrap OLS slope sensitivity,,CT,R_CN-TGD,days,
dPL-MLP,R_CN-TGD,train,165,2.8268979329400257e-05,0.0056504123764066043,-0.00042102927604575582,0.50909090909090904,0.24816999557853159,0.0013090053788916876,0.081450788990904785,0.031821470933173814,0.13296178908324724,0.11035550755824809,0.040477286366265491,0.18023372875023069,process_gradient_snow_stratum,valid_continuous_attribute,,,,,,,,,,,frac_snow,AMJJ_R_CN-TGD,r1_remaining_process_gradient_snow_strata,full_sample,primary,,,,,S1,"[0, 0.05)",165,,0.073713826584370035,0.21681935832728153,region block bootstrap OLS slope sensitivity,,AMJJ,R_CN-TGD,fractional_flow_error,
dPL-MLP,R_CN-TGD,train,34,-0.25,13.125,2.4264705882352939,0.47058823529411764,0.34538652009396154,0.045430445654322561,34.038698355719056,-5.0476278698599719,92.152479232498635,57.125564805990997,-4.3333004474927748,118.58443005947477,process_gradient_snow_stratum,valid_continuous_attribute,,,,,,,,,,,frac_snow,CT_R_CN-TGD,r1_remaining_process_gradient_snow_strata,full_sample,primary,,,,,S4,"[0.30, 0.50)",34,,-10.324326192625595,123.10541099691486,region block bootstrap OLS slope sensitivity,,CT,R_CN-TGD,days,
dPL-MLP,R_CN-TGD,train,34,0.011139964076819997,0.034165569378466619,0.015366627008746695,0.6470588235294118,0.33078686019862491,0.056025108066352414,0.15561855167183442,-0.02387041090382996,0.43700035840344109,0.25044218585281558,-0.017926417203755318,0.51881078890938648,process_gradient_snow_stratum,valid_continuous_attribute,,,,,,,,,,,frac_snow,AMJJ_R_CN-TGD,r1_remaining_process_gradient_snow_strata,full_sample,primary,,,,,S4,"[0.30, 0.50)",34,,-0.16661114724522078,0.49514550356260384,region block bootstrap OLS slope sensitivity,,AMJJ,R_CN-TGD,fractional_flow_error,
dPL-MLP,R_CN-TGD,train,531,0.0025117099715295452,0.015447221705990907,0.006911546048605356,0.61393596986817323,0.29726836773413245,2.6977874752429594e-12,0.036731019443128385,0.027275357636952591,0.047086700909387963,0.031445479685508884,0.021687000855773797,0.041203958515243971,process_gradient,valid_continuous_attribute,,,,,,,,,,,frac_snow,AMJJ_R_CN-TGD,r1_remaining_process_gradient,full_sample,primary,,,,,,,,,0.00069183146538317726,0.042770678455729003,region block bootstrap OLS slope sensitivity,,AMJJ,R_CN-TGD,fractional_flow_error,
dPL-MLP,R_CN-TGD,train,531,0.5,4,1.8681732580037664,0.55932203389830504,0.23184807101421878,6.5247901098779025e-08,6.4841299921009874,4.0239430229670532,9.298033993837107,11.81992105189385,9.4686478930904716,14.171194210697228,process_gradient,valid_continuous_attribute,,,,,,,,,,,frac_snow,CT_R_CN-TGD,r1_remaining_process_gradient,full_sample,primary,,,,,,,,,4.5945556222699944,15.866947330949159,region block bootstrap OLS slope sensitivity,,CT,R_CN-TGD,days,
dPL-MLP,R_CN-TGD,train,55,0.013397705263151205,0.037387628112285728,0.018754196495434479,0.69090909090909092,0.029581529581529591,0.83024263348921679,0.010446093890069161,-0.11766389753809142,0.16140657509786882,0.062766621411966539,-0.071998244059611138,0.19753148688354422,process_gradient_snow_stratum,valid_continuous_attribute,,,,,,,,,,,frac_snow,AMJJ_R_CN-TGD,r1_remaining_process_gradient_snow_strata,full_sample,primary,,,,,S5,"[0.50, 1.00]",55,,-0.20941180960346673,0.28875511855615732,region block bootstrap OLS slope sensitivity,,AMJJ,R_CN-TGD,fractional_flow_error,
dPL-MLP,R_CN-TGD,train,55,6.5,10.25,8.5909090909090917,0.81818181818181823,0.33237667795149495,0.013164577591234804,36.76769059628392,8.8934589097970953,60.094380046792139,24.030301228045815,-6.4036176300409018,54.464220086132528,process_gradient_snow_stratum,valid_continuous_attribute,,,,,,,,,,,frac_snow,CT_R_CN-TGD,r1_remaining_process_gradient_snow_strata,full_sample,primary,,,,,S5,"[0.50, 1.00]",55,,-12.761476755797894,61.927746273604448,region block bootstrap OLS slope sensitivity,,CT,R_CN-TGD,days,
dPL-MLP,R_TGD-Base,test,121,0.0073837370261908009,0.036900771158435403,0.029320527161890462,0.79338842975206614,0.47896626473377585,2.7394050017249898e-08,0.35948146408945425,0.20740185000633374,0.61491807419645872,0.65481989217548198,0.44249427845956602,0.86714550589139794,process_gradient_snow_stratum,valid_continuous_attribute,,,,,,,,,,,frac_snow,AMJJ_R_TGD-Base,r1_remaining_process_gradient_snow_strata,full_sample,primary,,,,,S3,"[0.15, 0.30)",121,,0.1509470819863386,1.0251121031218686,region block bootstrap OLS slope sensitivity,,AMJJ,R_TGD-Base,fractional_flow_error,
dPL-MLP,R_TGD-Base,test,121,3,9,4.7603305785123968,0.7024793388429752,0.44260011195870064,3.7126721722146013e-07,104.83503251772746,67.373609484823049,145.08314409201057,136.0661508609073,96.552440375234369,175.57986134658023,process_gradient_snow_stratum,valid_continuous_attribute,,,,,,,,,,,frac_snow,CT_R_TGD-Base,r1_remaining_process_gradient_snow_strata,full_sample,primary,,,,,S3,"[0.15, 0.30)",121,,48.113211730338186,210.32595841261428,region block bootstrap OLS slope sensitivity,,CT,R_TGD-Base,days,
dPL-MLP,R_TGD-Base,test,156,0,2,-0.16025641025641027,0.3141025641025641,0.061193601210021063,0.44792886585037628,0,0,0,6.4243859105179677,-6.2504058785862302,19.099177699622167,process_gradient_snow_stratum,valid_continuous_attribute,,,,,,,,,,,frac_snow,CT_R_TGD-Base,r1_remaining_process_gradient_snow_strata,full_sample,primary,,,,,S2,"[0.05, 0.15)",156,,-12.977982592028679,21.468169579301907,region block bootstrap OLS slope sensitivity,,CT,R_TGD-Base,days,
dPL-MLP,R_TGD-Base,test,156,0.0016141839939228485,0.0068380573514132733,0.0016090916735970789,0.60256410256410253,0.067917371307550059,0.39954247768614926,0.015920392456807965,-0.019928423737809092,0.053647942579476797,-0.014393713753714924,-0.071748653663705864,0.042961226156276011,process_gradient_snow_stratum,valid_continuous_attribute,,,,,,,,,,,frac_snow,AMJJ_R_TGD-Base,r1_remaining_process_gradient_snow_strata,full_sample,primary,,,,,S2,"[0.05, 0.15)",156,,-0.10217618567071092,0.041519926299191184,region block bootstrap OLS slope sensitivity,,AMJJ,R_TGD-Base,fractional_flow_error,
dPL-MLP,R_TGD-Base,test,165,0,2,0.31515151515151513,0.33333333333333331,0.15745997861477662,0.04339878288597878,0,0,24.763663461136353,-5.4982572476066789,-43.289670172772922,32.293155677559561,process_gradient_snow_stratum,valid_continuous_attribute,,,,,,,,,,,frac_snow,CT_R_TGD-Base,r1_remaining_process_gradient_snow_strata,full_sample,primary,,,,,S1,"[0, 0.05)",165,,-31.487459968512123,23.027094575758614,region block bootstrap OLS slope sensitivity,,CT,R_TGD-Base,days,
dPL-MLP,R_TGD-Base,test,165,0.0004397447749465988,0.0066004064933347997,0.001119069249494943,0.52727272727272723,0.015991835786305787,0.83845490843748216,0.0066131178391877279,-0.046349816320668959,0.064168324675839439,0.01931517973747561,-0.078124854595042731,0.11675521406999395,process_gradient_snow_stratum,valid_continuous_attribute,,,,,,,,,,,frac_snow,AMJJ_R_TGD-Base,r1_remaining_process_gradient_snow_strata,full_sample,primary,,,,,S1,"[0, 0.05)",165,,-0.030698121695621788,0.064916379629139737,region block bootstrap OLS slope sensitivity,,AMJJ,R_TGD-Base,fractional_flow_error,
dPL-MLP,R_TGD-Base,test,34,0.027953564146862155,0.15229122770699505,0.078671847658327895,0.76470588235294112,-0.022765469824293352,0.89831078754504756,-0.0017589152730024473,-0.40767915611795741,0.59087431176080241,0.17798440218205822,-0.38997208545355988,0.74594088981767637,process_gradient_snow_stratum,valid_continuous_attribute,,,,,,,,,,,frac_snow,AMJJ_R_TGD-Base,r1_remaining_process_gradient_snow_strata,full_sample,primary,,,,,S4,"[0.30, 0.50)",34,,-1.0479373846934068,0.79577471641596986,region block bootstrap OLS slope sensitivity,,AMJJ,R_TGD-Base,fractional_flow_error,
dPL-MLP,R_TGD-Base,test,34,8,15.75,11.470588235294118,0.82352941176470584,-0.083091145484287268,0.64036580652031372,-19.004744787796319,-103.68956963033851,54.124692810036095,-12.569203354165824,-90.361698615011221,65.223291906679577,process_gradient_snow_stratum,valid_continuous_attribute,,,,,,,,,,,frac_snow,CT_R_TGD-Base,r1_remaining_process_gradient_snow_strata,full_sample,primary,,,,,S4,"[0.30, 0.50)",34,,-177.13513465068237,56.152871438129125,region block bootstrap OLS slope sensitivity,,CT,R_TGD-Base,days,
dPL-MLP,R_TGD-Base,test,531,0.0030044328166080984,0.015966400874219345,0.03545800897760943,0.67231638418079098,0.53473782684515703,1.3241761697205757e-40,0.091223185856796285,0.074526133354091501,0.11195520596097906,0.33015918490765156,0.30994386060185436,0.35037450921344876,process_gradient,valid_continuous_attribute,,,,,,,,,,,frac_snow,AMJJ_R_TGD-Base,r1_remaining_process_gradient,full_sample,primary,,,,,,,,,0.29635685358725267,0.38371590572007802,region block bootstrap OLS slope sensitivity,,AMJJ,R_TGD-Base,fractional_flow_error,
dPL-MLP,R_TGD-Base,test,531,1,5.5,5.27683615819209,0.51224105461393599,0.55690945683831194,1.3910439328302603e-44,24.867105097010949,20.753898278772986,28.819099431744455,49.071319667138958,45.5798818903097,52.562757443968216,process_gradient,valid_continuous_attribute,,,,,,,,,,,frac_snow,CT_R_TGD-Base,r1_remaining_process_gradient,full_sample,primary,,,,,,,,,40.416814476885122,62.142154285979778,region block bootstrap OLS slope sensitivity,,CT,R_TGD-Base,days,
dPL-MLP,R_TGD-Base,test,55,0.23173515897484662,0.11891542970487379,0.2212711169616528,0.98181818181818181,0.53795093795093818,2.2780980820577939e-05,0.76824131771656756,0.40881092194367163,1.1371486303506262,0.53160102779287566,0.2489924663370337,0.81420958924871756,process_gradient_snow_stratum,valid_continuous_attribute,,,,,,,,,,,frac_snow,AMJJ_R_TGD-Base,r1_remaining_process_gradient_snow_strata,full_sample,primary,,,,,S5,"[0.50, 1.00]",55,,0.2384839392562017,1.2762521992853166,region block bootstrap OLS slope sensitivity,,AMJJ,R_TGD-Base,fractional_flow_error,
dPL-MLP,R_TGD-Base,test,55,36,17.5,32.890909090909091,1,0.33123370926406326,0.013502127229268881,76.394794774898827,14.279386216657135,148.1426242753646,66.548074912692854,17.713178578353855,115.38297124703186,process_gradient_snow_stratum,valid_continuous_attribute,,,,,,,,,,,frac_snow,CT_R_TGD-Base,r1_remaining_process_gradient_snow_strata,full_sample,primary,,,,,S5,"[0.50, 1.00]",55,,16.283513563028436,194.10026353466426,region block bootstrap OLS slope sensitivity,,CT,R_TGD-Base,days,
dPL-MLP,R_TGD-Base,train,121,0.0080485986660025002,0.033590073317493301,0.026612602250118945,0.75206611570247939,0.46879149166779549,5.8578516842866951e-08,0.40134317905139449,0.22454919239915128,0.60132578362218514,0.66101308363209277,0.4806648521818998,0.84136131508228573,process_gradient_snow_stratum,valid_continuous_attribute,,,,,,,,,,,frac_snow,AMJJ_R_TGD-Base,r1_remaining_process_gradient_snow_strata,full_sample,primary,,,,,S3,"[0.15, 0.30)",121,,0.21074548476332755,0.9488479035492019,region block bootstrap OLS slope sensitivity,,AMJJ,R_TGD-Base,fractional_flow_error,
dPL-MLP,R_TGD-Base,train,121,3.5,9,6.2727272727272725,0.76033057851239672,0.40258469643390393,4.7010795508907749e-06,105.80539720984828,56.638652754167957,154.14461468051812,126.6679198480127,90.587767164666815,162.74807253135859,process_gradient_snow_stratum,valid_continuous_attribute,,,,,,,,,,,frac_snow,CT_R_TGD-Base,r1_remaining_process_gradient_snow_strata,full_sample,primary,,,,,S3,"[0.15, 0.30)",121,,48.386192494809848,177.09364351127704,region block bootstrap OLS slope sensitivity,,CT,R_TGD-Base,days,
dPL-MLP,R_TGD-Base,train,156,0.00035300324472062328,0.0072604269745007279,0.00017180515787741416,0.54487179487179482,0.05665154652210333,0.48239775880001656,0.015025151628732553,-0.022468647174269725,0.052908736819288343,0.00043467830686427442,-0.05626568924421721,0.057135045857945765,process_gradient_snow_stratum,valid_continuous_attribute,,,,,,,,,,,frac_snow,AMJJ_R_TGD-Base,r1_remaining_process_gradient_snow_strata,full_sample,primary,,,,,S2,"[0.05, 0.15)",156,,-0.04005888531098744,0.038005778451080913,region block bootstrap OLS slope sensitivity,,AMJJ,R_TGD-Base,fractional_flow_error,
dPL-MLP,R_TGD-Base,train,156,0.5,2,0.47756410256410259,0.50641025641025639,0.023179279142007035,0.77394439563023421,0,-8.1701221451915096,11.104464937428466,-2.9199445026489479,-18.121702989285822,12.281813983987925,process_gradient_snow_stratum,valid_continuous_attribute,,,,,,,,,,,frac_snow,CT_R_TGD-Base,r1_remaining_process_gradient_snow_strata,full_sample,primary,,,,,S2,"[0.05, 0.15)",156,,-19.014636698337789,8.178205355030812,region block bootstrap OLS slope sensitivity,,CT,R_TGD-Base,days,
dPL-MLP,R_TGD-Base,train,165,0,1.5,0.46969696969696972,0.44242424242424244,0.12791494627555638,0.10155961367960281,0,0,17.887979931392824,7.8489245812486743,-15.17682927792897,30.874678440426319,process_gradient_snow_stratum,valid_continuous_attribute,,,,,,,,,,,frac_snow,CT_R_TGD-Base,r1_remaining_process_gradient_snow_strata,full_sample,primary,,,,,S1,"[0, 0.05)",165,,-0.42728916077510937,27.619145808907323,region block bootstrap OLS slope sensitivity,,CT,R_TGD-Base,days,
dPL-MLP,R_TGD-Base,train,165,0.00077916848327635319,0.0060545567766939479,0.0017180219341666329,0.5636363636363636,0.014081685003277281,0.85753232303042459,0.004829991210161688,-0.047590266182453357,0.054105397491141481,0.029478685692391315,-0.054717851817208396,0.11367522320199103,process_gradient_snow_stratum,valid_continuous_attribute,,,,,,,,,,,frac_snow,AMJJ_R_TGD-Base,r1_remaining_process_gradient_snow_strata,full_sample,primary,,,,,S1,"[0, 0.05)",165,,-0.038199810200143243,0.12242423408766231,region block bootstrap OLS slope sensitivity,,AMJJ,R_TGD-Base,fractional_flow_error,
dPL-MLP,R_TGD-Base,train,34,0.070641421389881692,0.15309420997259804,0.08252351236020021,0.94117647058823528,-0.027960275019098549,0.8752706198485265,-0.0075892780856537979,-0.26988593135456673,0.53248884551301645,0.10950367224096086,-0.37893707682780786,0.59794442130972958,process_gradient_snow_stratum,valid_continuous_attribute,,,,,,,,,,,frac_snow,AMJJ_R_TGD-Base,r1_remaining_process_gradient_snow_strata,full_sample,primary,,,,,S4,"[0.30, 0.50)",34,,-0.61549781931410408,0.51351352900355285,region block bootstrap OLS slope sensitivity,,AMJJ,R_TGD-Base,fractional_flow_error,
dPL-MLP,R_TGD-Base,train,34,8.75,17.625,11.220588235294118,0.88235294117647056,0.05917885723264879,0.73954679838990678,12.436194287847611,-64.494189665572648,109.46404174943721,39.061677881913404,-53.561107993651255,131.68446375747806,process_gradient_snow_stratum,valid_continuous_attribute,,,,,,,,,,,frac_snow,CT_R_TGD-Base,r1_remaining_process_gradient_snow_strata,full_sample,primary,,,,,S4,"[0.30, 0.50)",34,,-121.99729373763491,191.22911215097847,region block bootstrap OLS slope sensitivity,,CT,R_TGD-Base,days,
dPL-MLP,R_TGD-Base,train,531,0.0027623571967162509,0.015266409585874422,0.034222235196066722,0.6704331450094162,0.53001831571738611,8.5371422833814192e-40,0.080295980570893072,0.064116536801140669,0.10068580045892339,0.32439844190685019,0.30491513526299857,0.3438817485507018,process_gradient,valid_continuous_attribute,,,,,,,,,,,frac_snow,AMJJ_R_TGD-Base,r1_remaining_process_gradient,full_sample,primary,,,,,,,,,0.30036088859869164,0.36238335322333143,region block bootstrap OLS slope sensitivity,,AMJJ,R_TGD-Base,fractional_flow_error,
dPL-MLP,R_TGD-Base,train,531,1,6,6.0433145009416194,0.61958568738229758,0.57017518674214074,4.1322764394773651e-47,27.925042015684888,23.570864849132047,32.075570306260062,51.175799503521375,47.747006289830722,54.604592717212029,process_gradient,valid_continuous_attribute,,,,,,,,,,,frac_snow,CT_R_TGD-Base,r1_remaining_process_gradient,full_sample,primary,,,,,,,,,44.336671945438056,62.326187392945862,region block bootstrap OLS slope sensitivity,,CT,R_TGD-Base,days,
dPL-MLP,R_TGD-Base,train,55,0.23324862849880917,0.13801555010816913,0.2151964976878884,1,0.5278499278499279,3.4512692871736843e-05,0.71626548298775838,0.34911377925232034,1.1764969966677998,0.60691201974869402,0.30745966174411182,0.90636437775327616,process_gradient_snow_stratum,valid_continuous_attribute,,,,,,,,,,,frac_snow,AMJJ_R_TGD-Base,r1_remaining_process_gradient_snow_strata,full_sample,primary,,,,,S5,"[0.50, 1.00]",55,,0.27344156805733033,1.2502142263152376,region block bootstrap OLS slope sensitivity,,AMJJ,R_TGD-Base,fractional_flow_error,
dPL-MLP,R_TGD-Base,train,55,35,20.5,34.845454545454544,1,0.31117285788379639,0.020752893985460708,59.231239646816441,10.868833573221474,128.99237500521787,54.04940501172004,5.0804837476999012,103.01832627574018,process_gradient_snow_stratum,valid_continuous_attribute,,,,,,,,,,,frac_snow,CT_R_TGD-Base,r1_remaining_process_gradient_snow_strata,full_sample,primary,,,,,S5,"[0.50, 1.00]",55,,12.326828054669093,165.98001320360319,region block bootstrap OLS slope sensitivity,,CT,R_TGD-Base,days,
dPL-MLP,TGD-Base,test,531,0.0114030626110108,0.042863919783392303,0.063524543663868102,0.68738229755178903,0.58153363433170757,2.2872242485244587e-49,0.26770814558941641,0.22240708450552421,0.3201814942712094,0.66253432930806433,0.60985284104941484,0.71521581756671382,within_paradigm,valid_continuous_attribute,,,,,,,,,,,,,all_531_basins,detailed,secondary,,,,,,,,,,,,,,,,
dPL-MLP,TGD-Base,train,531,0.018972585424856501,0.047655344764374101,0.085805812086163502,0.83427495291902065,0.6090606694906564,3.2011226971844302e-55,0.27791555663639927,0.23466246488883841,0.3285378233126991,0.73964978138954296,0.69290013831697317,0.78639942446211275,within_paradigm,valid_continuous_attribute,,,,,,,,,,,,,all_531_basins,detailed,secondary,,,,,,,,,,,,,,,,
