basin_id,paradigm,period,effect,effect_value,status,metric,effect_family,estimand,seed_count,seed_or_restart
01022500,IC-CMA-ES,test,CN-Base,0.07778049451430313,valid,kge,structural,KGE_CN_Base,,
01022500,IC-CMA-ES,test,TGD-Base,-0.038769728279756,valid,kge,structural,KGE_TGD_Base,,
01022500,IC-CMA-ES,test,CN-TGD,0.11655022279405913,valid,kge,structural,KGE_CN_TGD,,
01022500,IC-CMA-ES,train,CN-Base,0.2156417099087521,valid,kge,structural,KGE_CN_Base,,
01022500,IC-CMA-ES,train,TGD-Base,0.09228554208811302,valid,kge,structural,KGE_TGD_Base,,
01022500,IC-CMA-ES,train,CN-TGD,0.12335616782063907,valid,kge,structural,KGE_CN_TGD,,
01031500,IC-CMA-ES,test,CN-Base,0.25055355558516446,valid,kge,structural,KGE_CN_Base,,
01031500,IC-CMA-ES,test,TGD-Base,0.0674924925071918,valid,kge,structural,KGE_TGD_Base,,
01031500,IC-CMA-ES,test,CN-TGD,0.18306106307797265,valid,kge,structural,KGE_CN_TGD,,
01031500,IC-CMA-ES,train,CN-Base,0.2721202727281157,valid,kge,structural,KGE_CN_Base,,
01031500,IC-CMA-ES,train,TGD-Base,0.02412599162154505,valid,kge,structural,KGE_TGD_Base,,
01031500,IC-CMA-ES,train,CN-TGD,0.24799428110657062,valid,kge,structural,KGE_CN_TGD,,
01047000,IC-CMA-ES,test,CN-Base,0.20638805966945895,valid,kge,structural,KGE_CN_Base,,
01047000,IC-CMA-ES,test,TGD-Base,0.040206435713654676,valid,kge,structural,KGE_TGD_Base,,
01047000,IC-CMA-ES,test,CN-TGD,0.16618162395580427,valid,kge,structural,KGE_CN_TGD,,
01047000,IC-CMA-ES,train,CN-Base,0.2962201408887971,valid,kge,structural,KGE_CN_Base,,
01047000,IC-CMA-ES,train,TGD-Base,0.0518933171033199,valid,kge,structural,KGE_TGD_Base,,
01047000,IC-CMA-ES,train,CN-TGD,0.2443268237854772,valid,kge,structural,KGE_CN_TGD,,
01052500,IC-CMA-ES,test,CN-Base,0.40507293166923186,valid,kge,structural,KGE_CN_Base,,
01052500,IC-CMA-ES,test,TGD-Base,0.29273462070587,valid,kge,structural,KGE_TGD_Base,,
01052500,IC-CMA-ES,test,CN-TGD,0.11233831096336189,valid,kge,structural,KGE_CN_TGD,,
01052500,IC-CMA-ES,train,CN-Base,0.5668559337453469,valid,kge,structural,KGE_CN_Base,,
01052500,IC-CMA-ES,train,TGD-Base,0.4699207301225391,valid,kge,structural,KGE_TGD_Base,,
01052500,IC-CMA-ES,train,CN-TGD,0.09693520362280783,valid,kge,structural,KGE_CN_TGD,,
01054200,IC-CMA-ES,test,CN-Base,0.1902088948727536,valid,kge,structural,KGE_CN_Base,,
01054200,IC-CMA-ES,test,TGD-Base,0.04774440792222423,valid,kge,structural,KGE_TGD_Base,,
01054200,IC-CMA-ES,test,CN-TGD,0.14246448695052938,valid,kge,structural,KGE_CN_TGD,,
01054200,IC-CMA-ES,train,CN-Base,0.2395887966341319,valid,kge,structural,KGE_CN_Base,,
01054200,IC-CMA-ES,train,TGD-Base,0.05620732953436869,valid,kge,structural,KGE_TGD_Base,,
01054200,IC-CMA-ES,train,CN-TGD,0.18338146709976322,valid,kge,structural,KGE_CN_TGD,,
01055000,IC-CMA-ES,test,CN-Base,0.20709208568466742,valid,kge,structural,KGE_CN_Base,,
01055000,IC-CMA-ES,test,TGD-Base,0.04684898997554332,valid,kge,structural,KGE_TGD_Base,,
01055000,IC-CMA-ES,test,CN-TGD,0.1602430957091241,valid,kge,structural,KGE_CN_TGD,,
01055000,IC-CMA-ES,train,CN-Base,0.29722586153912,valid,kge,structural,KGE_CN_Base,,
01055000,IC-CMA-ES,train,TGD-Base,0.05189928076481243,valid,kge,structural,KGE_TGD_Base,,
01055000,IC-CMA-ES,train,CN-TGD,0.24532658077430758,valid,kge,structural,KGE_CN_TGD,,
01057000,IC-CMA-ES,test,CN-Base,0.21484142531179523,valid,kge,structural,KGE_CN_Base,,
01057000,IC-CMA-ES,test,TGD-Base,0.10767504092476415,valid,kge,structural,KGE_TGD_Base,,
01057000,IC-CMA-ES,test,CN-TGD,0.10716638438703108,valid,kge,structural,KGE_CN_TGD,,
01057000,IC-CMA-ES,train,CN-Base,0.21400411932403174,valid,kge,structural,KGE_CN_Base,,
01057000,IC-CMA-ES,train,TGD-Base,0.060653843466351276,valid,kge,structural,KGE_TGD_Base,,
01057000,IC-CMA-ES,train,CN-TGD,0.15335027585768046,valid,kge,structural,KGE_CN_TGD,,
01073000,IC-CMA-ES,test,CN-Base,0.047461696873059234,valid,kge,structural,KGE_CN_Base,,
01073000,IC-CMA-ES,test,TGD-Base,0.013718965293276653,valid,kge,structural,KGE_TGD_Base,,
01073000,IC-CMA-ES,test,CN-TGD,0.03374273157978258,valid,kge,structural,KGE_CN_TGD,,
01073000,IC-CMA-ES,train,CN-Base,0.13775825415711573,valid,kge,structural,KGE_CN_Base,,
01073000,IC-CMA-ES,train,TGD-Base,0.03693614799438938,valid,kge,structural,KGE_TGD_Base,,
01073000,IC-CMA-ES,train,CN-TGD,0.10082210616272635,valid,kge,structural,KGE_CN_TGD,,
01078000,IC-CMA-ES,test,CN-Base,0.17774805212698497,valid,kge,structural,KGE_CN_Base,,
01078000,IC-CMA-ES,test,TGD-Base,0.051377234018863405,valid,kge,structural,KGE_TGD_Base,,
01078000,IC-CMA-ES,test,CN-TGD,0.12637081810812156,valid,kge,structural,KGE_CN_TGD,,
01078000,IC-CMA-ES,train,CN-Base,0.3083005836699806,valid,kge,structural,KGE_CN_Base,,
01078000,IC-CMA-ES,train,TGD-Base,0.13539005183507113,valid,kge,structural,KGE_TGD_Base,,
01078000,IC-CMA-ES,train,CN-TGD,0.17291053183490945,valid,kge,structural,KGE_CN_TGD,,
01123000,IC-CMA-ES,test,CN-Base,5.9975352784569225e-05,valid,kge,structural,KGE_CN_Base,,
01123000,IC-CMA-ES,test,TGD-Base,0.008807726816930872,valid,kge,structural,KGE_TGD_Base,,
01123000,IC-CMA-ES,test,CN-TGD,-0.008747751464146303,valid,kge,structural,KGE_CN_TGD,,
01123000,IC-CMA-ES,train,CN-Base,0.014304935880094072,valid,kge,structural,KGE_CN_Base,,
01123000,IC-CMA-ES,train,TGD-Base,0.019354690790876927,valid,kge,structural,KGE_TGD_Base,,
01123000,IC-CMA-ES,train,CN-TGD,-0.005049754910782855,valid,kge,structural,KGE_CN_TGD,,
01134500,IC-CMA-ES,test,CN-Base,0.3379146266147557,valid,kge,structural,KGE_CN_Base,,
01134500,IC-CMA-ES,test,TGD-Base,0.19586803762181282,valid,kge,structural,KGE_TGD_Base,,
01134500,IC-CMA-ES,test,CN-TGD,0.14204658899294287,valid,kge,structural,KGE_CN_TGD,,
01134500,IC-CMA-ES,train,CN-Base,0.42142692238190976,valid,kge,structural,KGE_CN_Base,,
01134500,IC-CMA-ES,train,TGD-Base,0.2940461194268161,valid,kge,structural,KGE_TGD_Base,,
01134500,IC-CMA-ES,train,CN-TGD,0.12738080295509369,valid,kge,structural,KGE_CN_TGD,,
01137500,IC-CMA-ES,test,CN-Base,0.19009602423765803,valid,kge,structural,KGE_CN_Base,,
01137500,IC-CMA-ES,test,TGD-Base,0.0170305468664963,valid,kge,structural,KGE_TGD_Base,,
01137500,IC-CMA-ES,test,CN-TGD,0.17306547737116174,valid,kge,structural,KGE_CN_TGD,,
01137500,IC-CMA-ES,train,CN-Base,0.3057744144261426,valid,kge,structural,KGE_CN_Base,,
01137500,IC-CMA-ES,train,TGD-Base,0.11496108953101869,valid,kge,structural,KGE_TGD_Base,,
01137500,IC-CMA-ES,train,CN-TGD,0.19081332489512393,valid,kge,structural,KGE_CN_TGD,,
01139000,IC-CMA-ES,test,CN-Base,0.2752734754501338,valid,kge,structural,KGE_CN_Base,,
01139000,IC-CMA-ES,test,TGD-Base,0.14799054017856128,valid,kge,structural,KGE_TGD_Base,,
01139000,IC-CMA-ES,test,CN-TGD,0.12728293527157253,valid,kge,structural,KGE_CN_TGD,,
01139000,IC-CMA-ES,train,CN-Base,0.29936804084923696,valid,kge,structural,KGE_CN_Base,,
01139000,IC-CMA-ES,train,TGD-Base,0.19249025560277522,valid,kge,structural,KGE_TGD_Base,,
01139000,IC-CMA-ES,train,CN-TGD,0.10687778524646174,valid,kge,structural,KGE_CN_TGD,,
01139800,IC-CMA-ES,test,CN-Base,0.3393427272661494,valid,kge,structural,KGE_CN_Base,,
01139800,IC-CMA-ES,test,TGD-Base,0.3202663569999125,valid,kge,structural,KGE_TGD_Base,,
01139800,IC-CMA-ES,test,CN-TGD,0.019076370266236875,valid,kge,structural,KGE_CN_TGD,,
01139800,IC-CMA-ES,train,CN-Base,0.4195628137889309,valid,kge,structural,KGE_CN_Base,,
01139800,IC-CMA-ES,train,TGD-Base,0.3256117131797531,valid,kge,structural,KGE_TGD_Base,,
01139800,IC-CMA-ES,train,CN-TGD,0.09395110060917777,valid,kge,structural,KGE_CN_TGD,,
01142500,IC-CMA-ES,test,CN-Base,0.3164604684117406,valid,kge,structural,KGE_CN_Base,,
01142500,IC-CMA-ES,test,TGD-Base,0.2173300094274333,valid,kge,structural,KGE_TGD_Base,,
01142500,IC-CMA-ES,test,CN-TGD,0.09913045898430728,valid,kge,structural,KGE_CN_TGD,,
01142500,IC-CMA-ES,train,CN-Base,0.38612572859869854,valid,kge,structural,KGE_CN_Base,,
01142500,IC-CMA-ES,train,TGD-Base,0.29497372902172125,valid,kge,structural,KGE_TGD_Base,,
01142500,IC-CMA-ES,train,CN-TGD,0.09115199957697728,valid,kge,structural,KGE_CN_TGD,,
01144000,IC-CMA-ES,test,CN-Base,0.2864082923956933,valid,kge,structural,KGE_CN_Base,,
01144000,IC-CMA-ES,test,TGD-Base,0.20508748426409062,valid,kge,structural,KGE_TGD_Base,,
01144000,IC-CMA-ES,test,CN-TGD,0.0813208081316027,valid,kge,structural,KGE_CN_TGD,,
01144000,IC-CMA-ES,train,CN-Base,0.3729345409629169,valid,kge,structural,KGE_CN_Base,,
01144000,IC-CMA-ES,train,TGD-Base,0.2472258358759124,valid,kge,structural,KGE_TGD_Base,,
01144000,IC-CMA-ES,train,CN-TGD,0.1257087050870045,valid,kge,structural,KGE_CN_TGD,,
01162500,IC-CMA-ES,test,CN-Base,0.11460283278682282,valid,kge,structural,KGE_CN_Base,,
01162500,IC-CMA-ES,test,TGD-Base,0.011088388425596452,valid,kge,structural,KGE_TGD_Base,,
01162500,IC-CMA-ES,test,CN-TGD,0.10351444436122637,valid,kge,structural,KGE_CN_TGD,,
01162500,IC-CMA-ES,train,CN-Base,0.21338505963329657,valid,kge,structural,KGE_CN_Base,,
01162500,IC-CMA-ES,train,TGD-Base,0.06442894483782369,valid,kge,structural,KGE_TGD_Base,,
01162500,IC-CMA-ES,train,CN-TGD,0.14895611479547288,valid,kge,structural,KGE_CN_TGD,,
01169000,IC-CMA-ES,test,CN-Base,0.16091526610147355,valid,kge,structural,KGE_CN_Base,,
01169000,IC-CMA-ES,test,TGD-Base,0.03328589449291508,valid,kge,structural,KGE_TGD_Base,,
01169000,IC-CMA-ES,test,CN-TGD,0.12762937160855847,valid,kge,structural,KGE_CN_TGD,,
01169000,IC-CMA-ES,train,CN-Base,0.23100153272520796,valid,kge,structural,KGE_CN_Base,,
01169000,IC-CMA-ES,train,TGD-Base,0.07572254444391469,valid,kge,structural,KGE_TGD_Base,,
01169000,IC-CMA-ES,train,CN-TGD,0.15527898828129327,valid,kge,structural,KGE_CN_TGD,,
01170100,IC-CMA-ES,test,CN-Base,0.15465466696279973,valid,kge,structural,KGE_CN_Base,,
01170100,IC-CMA-ES,test,TGD-Base,0.04204978625971123,valid,kge,structural,KGE_TGD_Base,,
01170100,IC-CMA-ES,test,CN-TGD,0.1126048807030885,valid,kge,structural,KGE_CN_TGD,,
01170100,IC-CMA-ES,train,CN-Base,0.2407001608118401,valid,kge,structural,KGE_CN_Base,,
01170100,IC-CMA-ES,train,TGD-Base,0.0675551538787984,valid,kge,structural,KGE_TGD_Base,,
01170100,IC-CMA-ES,train,CN-TGD,0.1731450069330417,valid,kge,structural,KGE_CN_TGD,,
01181000,IC-CMA-ES,test,CN-Base,0.08628872454041425,valid,kge,structural,KGE_CN_Base,,
01181000,IC-CMA-ES,test,TGD-Base,0.01575919032438977,valid,kge,structural,KGE_TGD_Base,,
01181000,IC-CMA-ES,test,CN-TGD,0.07052953421602448,valid,kge,structural,KGE_CN_TGD,,
01181000,IC-CMA-ES,train,CN-Base,0.16583556408291422,valid,kge,structural,KGE_CN_Base,,
01181000,IC-CMA-ES,train,TGD-Base,0.06014278323557731,valid,kge,structural,KGE_TGD_Base,,
01181000,IC-CMA-ES,train,CN-TGD,0.10569278084733691,valid,kge,structural,KGE_CN_TGD,,
01187300,IC-CMA-ES,test,CN-Base,0.04890940275796907,valid,kge,structural,KGE_CN_Base,,
01187300,IC-CMA-ES,test,TGD-Base,0.03570803693139879,valid,kge,structural,KGE_TGD_Base,,
01187300,IC-CMA-ES,test,CN-TGD,0.013201365826570277,valid,kge,structural,KGE_CN_TGD,,
01187300,IC-CMA-ES,train,CN-Base,0.12210536209397727,valid,kge,structural,KGE_CN_Base,,
01187300,IC-CMA-ES,train,TGD-Base,0.04675193487716345,valid,kge,structural,KGE_TGD_Base,,
01187300,IC-CMA-ES,train,CN-TGD,0.07535342721681382,valid,kge,structural,KGE_CN_TGD,,
01195100,IC-CMA-ES,test,CN-Base,0.017098726872482373,valid,kge,structural,KGE_CN_Base,,
01195100,IC-CMA-ES,test,TGD-Base,0.01513811705183643,valid,kge,structural,KGE_TGD_Base,,
01195100,IC-CMA-ES,test,CN-TGD,0.001960609820645942,valid,kge,structural,KGE_CN_TGD,,
01195100,IC-CMA-ES,train,CN-Base,0.014279897182687407,valid,kge,structural,KGE_CN_Base,,
01195100,IC-CMA-ES,train,TGD-Base,0.008457622614910232,valid,kge,structural,KGE_TGD_Base,,
01195100,IC-CMA-ES,train,CN-TGD,0.005822274567777175,valid,kge,structural,KGE_CN_TGD,,
01333000,IC-CMA-ES,test,CN-Base,0.11983352527534663,valid,kge,structural,KGE_CN_Base,,
01333000,IC-CMA-ES,test,TGD-Base,0.051349644738960865,valid,kge,structural,KGE_TGD_Base,,
01333000,IC-CMA-ES,test,CN-TGD,0.06848388053638577,valid,kge,structural,KGE_CN_TGD,,
01333000,IC-CMA-ES,train,CN-Base,0.19446839974779706,valid,kge,structural,KGE_CN_Base,,
01333000,IC-CMA-ES,train,TGD-Base,0.05120365371090907,valid,kge,structural,KGE_TGD_Base,,
01333000,IC-CMA-ES,train,CN-TGD,0.143264746036888,valid,kge,structural,KGE_CN_TGD,,
01350000,IC-CMA-ES,test,CN-Base,0.1344371717330819,valid,kge,structural,KGE_CN_Base,,
01350000,IC-CMA-ES,test,TGD-Base,0.057008927196104064,valid,kge,structural,KGE_TGD_Base,,
01350000,IC-CMA-ES,test,CN-TGD,0.07742824453697783,valid,kge,structural,KGE_CN_TGD,,
01350000,IC-CMA-ES,train,CN-Base,0.18114885609864118,valid,kge,structural,KGE_CN_Base,,
01350000,IC-CMA-ES,train,TGD-Base,0.0668731480357656,valid,kge,structural,KGE_TGD_Base,,
01350000,IC-CMA-ES,train,CN-TGD,0.11427570806287557,valid,kge,structural,KGE_CN_TGD,,
01350080,IC-CMA-ES,test,CN-Base,0.13526523767926152,valid,kge,structural,KGE_CN_Base,,
01350080,IC-CMA-ES,test,TGD-Base,0.06784750886963625,valid,kge,structural,KGE_TGD_Base,,
01350080,IC-CMA-ES,test,CN-TGD,0.06741772880962527,valid,kge,structural,KGE_CN_TGD,,
01350080,IC-CMA-ES,train,CN-Base,0.3025065919319332,valid,kge,structural,KGE_CN_Base,,
01350080,IC-CMA-ES,train,TGD-Base,0.09297366456623779,valid,kge,structural,KGE_TGD_Base,,
01350080,IC-CMA-ES,train,CN-TGD,0.2095329273656954,valid,kge,structural,KGE_CN_TGD,,
01350140,IC-CMA-ES,test,CN-Base,0.14001297047274236,valid,kge,structural,KGE_CN_Base,,
01350140,IC-CMA-ES,test,TGD-Base,0.06021955829722242,valid,kge,structural,KGE_TGD_Base,,
01350140,IC-CMA-ES,test,CN-TGD,0.07979341217551994,valid,kge,structural,KGE_CN_TGD,,
01350140,IC-CMA-ES,train,CN-Base,0.23795426967903788,valid,kge,structural,KGE_CN_Base,,
01350140,IC-CMA-ES,train,TGD-Base,0.0824877198165892,valid,kge,structural,KGE_TGD_Base,,
01350140,IC-CMA-ES,train,CN-TGD,0.15546654986244868,valid,kge,structural,KGE_CN_TGD,,
01365000,IC-CMA-ES,test,CN-Base,0.12889345637959093,valid,kge,structural,KGE_CN_Base,,
01365000,IC-CMA-ES,test,TGD-Base,0.07152753928122324,valid,kge,structural,KGE_TGD_Base,,
01365000,IC-CMA-ES,test,CN-TGD,0.05736591709836769,valid,kge,structural,KGE_CN_TGD,,
01365000,IC-CMA-ES,train,CN-Base,0.1734518326687725,valid,kge,structural,KGE_CN_Base,,
01365000,IC-CMA-ES,train,TGD-Base,0.037911831315141864,valid,kge,structural,KGE_TGD_Base,,
01365000,IC-CMA-ES,train,CN-TGD,0.13554000135363065,valid,kge,structural,KGE_CN_TGD,,
01411300,IC-CMA-ES,test,CN-Base,-0.003942533376109836,valid,kge,structural,KGE_CN_Base,,
01411300,IC-CMA-ES,test,TGD-Base,-0.0035013715929507194,valid,kge,structural,KGE_TGD_Base,,
01411300,IC-CMA-ES,test,CN-TGD,-0.00044116178315911636,valid,kge,structural,KGE_CN_TGD,,
01411300,IC-CMA-ES,train,CN-Base,0.004802704804401814,valid,kge,structural,KGE_CN_Base,,
01411300,IC-CMA-ES,train,TGD-Base,0.00522209754495595,valid,kge,structural,KGE_TGD_Base,,
01411300,IC-CMA-ES,train,CN-TGD,-0.00041939274055413645,valid,kge,structural,KGE_CN_TGD,,
01413500,IC-CMA-ES,test,CN-Base,0.15926378686317366,valid,kge,structural,KGE_CN_Base,,
01413500,IC-CMA-ES,test,TGD-Base,0.07850631629910065,valid,kge,structural,KGE_TGD_Base,,
01413500,IC-CMA-ES,test,CN-TGD,0.08075747056407301,valid,kge,structural,KGE_CN_TGD,,
01413500,IC-CMA-ES,train,CN-Base,0.20130432292313793,valid,kge,structural,KGE_CN_Base,,
01413500,IC-CMA-ES,train,TGD-Base,0.03613548732153116,valid,kge,structural,KGE_TGD_Base,,
01413500,IC-CMA-ES,train,CN-TGD,0.16516883560160678,valid,kge,structural,KGE_CN_TGD,,
01414500,IC-CMA-ES,test,CN-Base,0.12183220150167562,valid,kge,structural,KGE_CN_Base,,
01414500,IC-CMA-ES,test,TGD-Base,0.06568569881430719,valid,kge,structural,KGE_TGD_Base,,
01414500,IC-CMA-ES,test,CN-TGD,0.05614650268736843,valid,kge,structural,KGE_CN_TGD,,
01414500,IC-CMA-ES,train,CN-Base,0.18235722487322326,valid,kge,structural,KGE_CN_Base,,
01414500,IC-CMA-ES,train,TGD-Base,0.028066365350180922,valid,kge,structural,KGE_TGD_Base,,
01414500,IC-CMA-ES,train,CN-TGD,0.15429085952304233,valid,kge,structural,KGE_CN_TGD,,
01415000,IC-CMA-ES,test,CN-Base,0.13915095413201262,valid,kge,structural,KGE_CN_Base,,
01415000,IC-CMA-ES,test,TGD-Base,0.06805368487365016,valid,kge,structural,KGE_TGD_Base,,
01415000,IC-CMA-ES,test,CN-TGD,0.07109726925836246,valid,kge,structural,KGE_CN_TGD,,
01415000,IC-CMA-ES,train,CN-Base,0.14721707292693376,valid,kge,structural,KGE_CN_Base,,
01415000,IC-CMA-ES,train,TGD-Base,0.029632657891892178,valid,kge,structural,KGE_TGD_Base,,
01415000,IC-CMA-ES,train,CN-TGD,0.11758441503504158,valid,kge,structural,KGE_CN_TGD,,
01423000,IC-CMA-ES,test,CN-Base,0.0941035462337485,valid,kge,structural,KGE_CN_Base,,
01423000,IC-CMA-ES,test,TGD-Base,0.05543205226046144,valid,kge,structural,KGE_TGD_Base,,
01423000,IC-CMA-ES,test,CN-TGD,0.03867149397328706,valid,kge,structural,KGE_CN_TGD,,
01423000,IC-CMA-ES,train,CN-Base,0.20057302971426616,valid,kge,structural,KGE_CN_Base,,
01423000,IC-CMA-ES,train,TGD-Base,0.048197205215027794,valid,kge,structural,KGE_TGD_Base,,
01423000,IC-CMA-ES,train,CN-TGD,0.15237582449923837,valid,kge,structural,KGE_CN_TGD,,
01434025,IC-CMA-ES,test,CN-Base,0.10948619429021222,valid,kge,structural,KGE_CN_Base,,
01434025,IC-CMA-ES,test,TGD-Base,0.019447205025807324,valid,kge,structural,KGE_TGD_Base,,
01434025,IC-CMA-ES,test,CN-TGD,0.0900389892644049,valid,kge,structural,KGE_CN_TGD,,
01434025,IC-CMA-ES,train,CN-Base,0.15167440632214202,valid,kge,structural,KGE_CN_Base,,
01434025,IC-CMA-ES,train,TGD-Base,0.024241554149617817,valid,kge,structural,KGE_TGD_Base,,
01434025,IC-CMA-ES,train,CN-TGD,0.1274328521725242,valid,kge,structural,KGE_CN_TGD,,
01435000,IC-CMA-ES,test,CN-Base,0.11506284457103477,valid,kge,structural,KGE_CN_Base,,
01435000,IC-CMA-ES,test,TGD-Base,0.04813590209769436,valid,kge,structural,KGE_TGD_Base,,
01435000,IC-CMA-ES,test,CN-TGD,0.06692694247334041,valid,kge,structural,KGE_CN_TGD,,
01435000,IC-CMA-ES,train,CN-Base,0.16442613922805105,valid,kge,structural,KGE_CN_Base,,
01435000,IC-CMA-ES,train,TGD-Base,0.03385845404888976,valid,kge,structural,KGE_TGD_Base,,
01435000,IC-CMA-ES,train,CN-TGD,0.13056768517916129,valid,kge,structural,KGE_CN_TGD,,
01439500,IC-CMA-ES,test,CN-Base,0.0418755983973228,valid,kge,structural,KGE_CN_Base,,
01439500,IC-CMA-ES,test,TGD-Base,0.016944301076544988,valid,kge,structural,KGE_TGD_Base,,
01439500,IC-CMA-ES,test,CN-TGD,0.024931297320777812,valid,kge,structural,KGE_CN_TGD,,
01439500,IC-CMA-ES,train,CN-Base,0.11670591778780126,valid,kge,structural,KGE_CN_Base,,
01439500,IC-CMA-ES,train,TGD-Base,0.045570625291788236,valid,kge,structural,KGE_TGD_Base,,
01439500,IC-CMA-ES,train,CN-TGD,0.07113529249601303,valid,kge,structural,KGE_CN_TGD,,
01440000,IC-CMA-ES,test,CN-Base,0.03937140432471553,valid,kge,structural,KGE_CN_Base,,
01440000,IC-CMA-ES,test,TGD-Base,-0.01927954576550439,valid,kge,structural,KGE_TGD_Base,,
01440000,IC-CMA-ES,test,CN-TGD,0.05865095009021992,valid,kge,structural,KGE_CN_TGD,,
01440000,IC-CMA-ES,train,CN-Base,0.07422017866334785,valid,kge,structural,KGE_CN_Base,,
01440000,IC-CMA-ES,train,TGD-Base,0.030222918924989406,valid,kge,structural,KGE_TGD_Base,,
01440000,IC-CMA-ES,train,CN-TGD,0.04399725973835844,valid,kge,structural,KGE_CN_TGD,,
01440400,IC-CMA-ES,test,CN-Base,0.02486447108117784,valid,kge,structural,KGE_CN_Base,,
01440400,IC-CMA-ES,test,TGD-Base,0.01735698970398869,valid,kge,structural,KGE_TGD_Base,,
01440400,IC-CMA-ES,test,CN-TGD,0.007507481377189151,valid,kge,structural,KGE_CN_TGD,,
01440400,IC-CMA-ES,train,CN-Base,0.08911772734776968,valid,kge,structural,KGE_CN_Base,,
01440400,IC-CMA-ES,train,TGD-Base,0.034987421666632046,valid,kge,structural,KGE_TGD_Base,,
01440400,IC-CMA-ES,train,CN-TGD,0.054130305681137636,valid,kge,structural,KGE_CN_TGD,,
01451800,IC-CMA-ES,test,CN-Base,0.006187718631065708,valid,kge,structural,KGE_CN_Base,,
01451800,IC-CMA-ES,test,TGD-Base,0.014078676757168895,valid,kge,structural,KGE_TGD_Base,,
01451800,IC-CMA-ES,test,CN-TGD,-0.007890958126103187,valid,kge,structural,KGE_CN_TGD,,
01451800,IC-CMA-ES,train,CN-Base,0.03857924831215187,valid,kge,structural,KGE_CN_Base,,
01451800,IC-CMA-ES,train,TGD-Base,0.01743973553029632,valid,kge,structural,KGE_TGD_Base,,
01451800,IC-CMA-ES,train,CN-TGD,0.02113951278185555,valid,kge,structural,KGE_CN_TGD,,
01466500,IC-CMA-ES,test,CN-Base,0.007927537859649059,valid,kge,structural,KGE_CN_Base,,
01466500,IC-CMA-ES,test,TGD-Base,-0.0064908343215959174,valid,kge,structural,KGE_TGD_Base,,
01466500,IC-CMA-ES,test,CN-TGD,0.014418372181244976,valid,kge,structural,KGE_CN_TGD,,
01466500,IC-CMA-ES,train,CN-Base,0.0052633629350669064,valid,kge,structural,KGE_CN_Base,,
01466500,IC-CMA-ES,train,TGD-Base,0.010824913411092596,valid,kge,structural,KGE_TGD_Base,,
01466500,IC-CMA-ES,train,CN-TGD,-0.0055615504760256895,valid,kge,structural,KGE_CN_TGD,,
01484100,IC-CMA-ES,test,CN-Base,-0.016545914565452957,valid,kge,structural,KGE_CN_Base,,
01484100,IC-CMA-ES,test,TGD-Base,-0.02074871598771333,valid,kge,structural,KGE_TGD_Base,,
01484100,IC-CMA-ES,test,CN-TGD,0.004202801422260372,valid,kge,structural,KGE_CN_TGD,,
01484100,IC-CMA-ES,train,CN-Base,0.02284154443065567,valid,kge,structural,KGE_CN_Base,,
01484100,IC-CMA-ES,train,TGD-Base,0.019563138783063816,valid,kge,structural,KGE_TGD_Base,,
01484100,IC-CMA-ES,train,CN-TGD,0.0032784056475918533,valid,kge,structural,KGE_CN_TGD,,
01487000,IC-CMA-ES,test,CN-Base,-0.005965333353589508,valid,kge,structural,KGE_CN_Base,,
01487000,IC-CMA-ES,test,TGD-Base,-0.009038030604265446,valid,kge,structural,KGE_TGD_Base,,
01487000,IC-CMA-ES,test,CN-TGD,0.0030726972506759376,valid,kge,structural,KGE_CN_TGD,,
01487000,IC-CMA-ES,train,CN-Base,0.010802017348183202,valid,kge,structural,KGE_CN_Base,,
01487000,IC-CMA-ES,train,TGD-Base,0.009478091015935663,valid,kge,structural,KGE_TGD_Base,,
01487000,IC-CMA-ES,train,CN-TGD,0.001323926332247538,valid,kge,structural,KGE_CN_TGD,,
01491000,IC-CMA-ES,test,CN-Base,0.0444484348222659,valid,kge,structural,KGE_CN_Base,,
01491000,IC-CMA-ES,test,TGD-Base,0.014590379768641526,valid,kge,structural,KGE_TGD_Base,,
01491000,IC-CMA-ES,test,CN-TGD,0.029858055053624377,valid,kge,structural,KGE_CN_TGD,,
01491000,IC-CMA-ES,train,CN-Base,0.018991611340362757,valid,kge,structural,KGE_CN_Base,,
01491000,IC-CMA-ES,train,TGD-Base,0.0014466763215155165,valid,kge,structural,KGE_TGD_Base,,
01491000,IC-CMA-ES,train,CN-TGD,0.01754493501884724,valid,kge,structural,KGE_CN_TGD,,
01510000,IC-CMA-ES,test,CN-Base,0.1828556645050583,valid,kge,structural,KGE_CN_Base,,
01510000,IC-CMA-ES,test,TGD-Base,0.05359898745069103,valid,kge,structural,KGE_TGD_Base,,
01510000,IC-CMA-ES,test,CN-TGD,0.12925667705436727,valid,kge,structural,KGE_CN_TGD,,
01510000,IC-CMA-ES,train,CN-Base,0.26209424665325876,valid,kge,structural,KGE_CN_Base,,
01510000,IC-CMA-ES,train,TGD-Base,0.10367470404966594,valid,kge,structural,KGE_TGD_Base,,
01510000,IC-CMA-ES,train,CN-TGD,0.1584195426035928,valid,kge,structural,KGE_CN_TGD,,
01516500,IC-CMA-ES,test,CN-Base,0.030685113182118195,valid,kge,structural,KGE_CN_Base,,
01516500,IC-CMA-ES,test,TGD-Base,-0.025972572548459805,valid,kge,structural,KGE_TGD_Base,,
01516500,IC-CMA-ES,test,CN-TGD,0.056657685730578,valid,kge,structural,KGE_CN_TGD,,
01516500,IC-CMA-ES,train,CN-Base,0.1680092339978052,valid,kge,structural,KGE_CN_Base,,
01516500,IC-CMA-ES,train,TGD-Base,0.06951435386139515,valid,kge,structural,KGE_TGD_Base,,
01516500,IC-CMA-ES,train,CN-TGD,0.09849488013641006,valid,kge,structural,KGE_CN_TGD,,
01518862,IC-CMA-ES,test,CN-Base,0.10023036347860992,valid,kge,structural,KGE_CN_Base,,
01518862,IC-CMA-ES,test,TGD-Base,0.06725639030766517,valid,kge,structural,KGE_TGD_Base,,
01518862,IC-CMA-ES,test,CN-TGD,0.03297397317094475,valid,kge,structural,KGE_CN_TGD,,
01518862,IC-CMA-ES,train,CN-Base,0.15483421249930562,valid,kge,structural,KGE_CN_Base,,
01518862,IC-CMA-ES,train,TGD-Base,0.05531211132250591,valid,kge,structural,KGE_TGD_Base,,
01518862,IC-CMA-ES,train,CN-TGD,0.09952210117679972,valid,kge,structural,KGE_CN_TGD,,
01532000,IC-CMA-ES,test,CN-Base,0.09736509195861243,valid,kge,structural,KGE_CN_Base,,
01532000,IC-CMA-ES,test,TGD-Base,0.02953778823254516,valid,kge,structural,KGE_TGD_Base,,
01532000,IC-CMA-ES,test,CN-TGD,0.06782730372606727,valid,kge,structural,KGE_CN_TGD,,
01532000,IC-CMA-ES,train,CN-Base,0.13824438356229007,valid,kge,structural,KGE_CN_Base,,
01532000,IC-CMA-ES,train,TGD-Base,0.03847688084971068,valid,kge,structural,KGE_TGD_Base,,
01532000,IC-CMA-ES,train,CN-TGD,0.09976750271257939,valid,kge,structural,KGE_CN_TGD,,
01539000,IC-CMA-ES,test,CN-Base,-0.004088539698364313,valid,kge,structural,KGE_CN_Base,,
01539000,IC-CMA-ES,test,TGD-Base,0.02016091163768896,valid,kge,structural,KGE_TGD_Base,,
01539000,IC-CMA-ES,test,CN-TGD,-0.024249451336053274,valid,kge,structural,KGE_CN_TGD,,
01539000,IC-CMA-ES,train,CN-Base,0.12389877041420938,valid,kge,structural,KGE_CN_Base,,
01539000,IC-CMA-ES,train,TGD-Base,0.020641035451285483,valid,kge,structural,KGE_TGD_Base,,
01539000,IC-CMA-ES,train,CN-TGD,0.1032577349629239,valid,kge,structural,KGE_CN_TGD,,
01542810,IC-CMA-ES,test,CN-Base,0.1132501010455923,valid,kge,structural,KGE_CN_Base,,
01542810,IC-CMA-ES,test,TGD-Base,0.027794957385873786,valid,kge,structural,KGE_TGD_Base,,
01542810,IC-CMA-ES,test,CN-TGD,0.08545514365971851,valid,kge,structural,KGE_CN_TGD,,
01542810,IC-CMA-ES,train,CN-Base,0.17068654162815033,valid,kge,structural,KGE_CN_Base,,
01542810,IC-CMA-ES,train,TGD-Base,0.023623097406133664,valid,kge,structural,KGE_TGD_Base,,
01542810,IC-CMA-ES,train,CN-TGD,0.14706344422201667,valid,kge,structural,KGE_CN_TGD,,
01543000,IC-CMA-ES,test,CN-Base,0.10644154547449958,valid,kge,structural,KGE_CN_Base,,
01543000,IC-CMA-ES,test,TGD-Base,0.006762574478325067,valid,kge,structural,KGE_TGD_Base,,
01543000,IC-CMA-ES,test,CN-TGD,0.09967897099617451,valid,kge,structural,KGE_CN_TGD,,
01543000,IC-CMA-ES,train,CN-Base,0.17217473665274485,valid,kge,structural,KGE_CN_Base,,
01543000,IC-CMA-ES,train,TGD-Base,0.0414394750553998,valid,kge,structural,KGE_TGD_Base,,
01543000,IC-CMA-ES,train,CN-TGD,0.13073526159734505,valid,kge,structural,KGE_CN_TGD,,
01543500,IC-CMA-ES,test,CN-Base,0.10986023341343865,valid,kge,structural,KGE_CN_Base,,
01543500,IC-CMA-ES,test,TGD-Base,0.025800664160204767,valid,kge,structural,KGE_TGD_Base,,
01543500,IC-CMA-ES,test,CN-TGD,0.08405956925323388,valid,kge,structural,KGE_CN_TGD,,
01543500,IC-CMA-ES,train,CN-Base,0.16574971281443673,valid,kge,structural,KGE_CN_Base,,
01543500,IC-CMA-ES,train,TGD-Base,0.0339652388121211,valid,kge,structural,KGE_TGD_Base,,
01543500,IC-CMA-ES,train,CN-TGD,0.13178447400231563,valid,kge,structural,KGE_CN_TGD,,
01544500,IC-CMA-ES,test,CN-Base,0.05934264808183887,valid,kge,structural,KGE_CN_Base,,
01544500,IC-CMA-ES,test,TGD-Base,0.020324936310864405,valid,kge,structural,KGE_TGD_Base,,
01544500,IC-CMA-ES,test,CN-TGD,0.03901771177097446,valid,kge,structural,KGE_CN_TGD,,
01544500,IC-CMA-ES,train,CN-Base,0.20906799130764508,valid,kge,structural,KGE_CN_Base,,
01544500,IC-CMA-ES,train,TGD-Base,0.03450652432908452,valid,kge,structural,KGE_TGD_Base,,
01544500,IC-CMA-ES,train,CN-TGD,0.17456146697856056,valid,kge,structural,KGE_CN_TGD,,
01545600,IC-CMA-ES,test,CN-Base,0.0984294090052501,valid,kge,structural,KGE_CN_Base,,
01545600,IC-CMA-ES,test,TGD-Base,0.00810955363815058,valid,kge,structural,KGE_TGD_Base,,
01545600,IC-CMA-ES,test,CN-TGD,0.09031985536709952,valid,kge,structural,KGE_CN_TGD,,
01545600,IC-CMA-ES,train,CN-Base,0.1862815172484784,valid,kge,structural,KGE_CN_Base,,
01545600,IC-CMA-ES,train,TGD-Base,0.04813203562712132,valid,kge,structural,KGE_TGD_Base,,
01545600,IC-CMA-ES,train,CN-TGD,0.1381494816213571,valid,kge,structural,KGE_CN_TGD,,
01547700,IC-CMA-ES,test,CN-Base,0.062026505369962015,valid,kge,structural,KGE_CN_Base,,
01547700,IC-CMA-ES,test,TGD-Base,-0.011696564351602046,valid,kge,structural,KGE_TGD_Base,,
01547700,IC-CMA-ES,test,CN-TGD,0.07372306972156406,valid,kge,structural,KGE_CN_TGD,,
01547700,IC-CMA-ES,train,CN-Base,0.1823280279656816,valid,kge,structural,KGE_CN_Base,,
01547700,IC-CMA-ES,train,TGD-Base,0.06988330073737115,valid,kge,structural,KGE_TGD_Base,,
01547700,IC-CMA-ES,train,CN-TGD,0.11244472722831045,valid,kge,structural,KGE_CN_TGD,,
01548500,IC-CMA-ES,test,CN-Base,0.05580520072695827,valid,kge,structural,KGE_CN_Base,,
01548500,IC-CMA-ES,test,TGD-Base,0.04118907057087018,valid,kge,structural,KGE_TGD_Base,,
01548500,IC-CMA-ES,test,CN-TGD,0.014616130156088092,valid,kge,structural,KGE_CN_TGD,,
01548500,IC-CMA-ES,train,CN-Base,0.20325283309196807,valid,kge,structural,KGE_CN_Base,,
01548500,IC-CMA-ES,train,TGD-Base,0.05850572269842613,valid,kge,structural,KGE_TGD_Base,,
01548500,IC-CMA-ES,train,CN-TGD,0.14474711039354193,valid,kge,structural,KGE_CN_TGD,,
01549500,IC-CMA-ES,test,CN-Base,0.049944645342916705,valid,kge,structural,KGE_CN_Base,,
01549500,IC-CMA-ES,test,TGD-Base,-0.01282195029191635,valid,kge,structural,KGE_TGD_Base,,
01549500,IC-CMA-ES,test,CN-TGD,0.06276659563483306,valid,kge,structural,KGE_CN_TGD,,
01549500,IC-CMA-ES,train,CN-Base,0.2099004752410274,valid,kge,structural,KGE_CN_Base,,
01549500,IC-CMA-ES,train,TGD-Base,0.039415373333494874,valid,kge,structural,KGE_TGD_Base,,
01549500,IC-CMA-ES,train,CN-TGD,0.17048510190753252,valid,kge,structural,KGE_CN_TGD,,
01550000,IC-CMA-ES,test,CN-Base,0.09174548491107981,valid,kge,structural,KGE_CN_Base,,
01550000,IC-CMA-ES,test,TGD-Base,0.030260569079813004,valid,kge,structural,KGE_TGD_Base,,
01550000,IC-CMA-ES,test,CN-TGD,0.061484915831266806,valid,kge,structural,KGE_CN_TGD,,
01550000,IC-CMA-ES,train,CN-Base,0.17343013123633488,valid,kge,structural,KGE_CN_Base,,
01550000,IC-CMA-ES,train,TGD-Base,0.039319623341808274,valid,kge,structural,KGE_TGD_Base,,
01550000,IC-CMA-ES,train,CN-TGD,0.1341105078945266,valid,kge,structural,KGE_CN_TGD,,
01552000,IC-CMA-ES,test,CN-Base,0.09152604727569058,valid,kge,structural,KGE_CN_Base,,
01552000,IC-CMA-ES,test,TGD-Base,0.006861780739771284,valid,kge,structural,KGE_TGD_Base,,
01552000,IC-CMA-ES,test,CN-TGD,0.0846642665359193,valid,kge,structural,KGE_CN_TGD,,
01552000,IC-CMA-ES,train,CN-Base,0.13510857619387218,valid,kge,structural,KGE_CN_Base,,
01552000,IC-CMA-ES,train,TGD-Base,0.03204393469079836,valid,kge,structural,KGE_TGD_Base,,
01552000,IC-CMA-ES,train,CN-TGD,0.10306464150307382,valid,kge,structural,KGE_CN_TGD,,
01552500,IC-CMA-ES,test,CN-Base,0.08294490603092652,valid,kge,structural,KGE_CN_Base,,
01552500,IC-CMA-ES,test,TGD-Base,0.020653027284475933,valid,kge,structural,KGE_TGD_Base,,
01552500,IC-CMA-ES,test,CN-TGD,0.06229187874645059,valid,kge,structural,KGE_CN_TGD,,
01552500,IC-CMA-ES,train,CN-Base,0.11002495389093181,valid,kge,structural,KGE_CN_Base,,
01552500,IC-CMA-ES,train,TGD-Base,0.02590493789362258,valid,kge,structural,KGE_TGD_Base,,
01552500,IC-CMA-ES,train,CN-TGD,0.08412001599730923,valid,kge,structural,KGE_CN_TGD,,
01557500,IC-CMA-ES,test,CN-Base,0.09410653950558323,valid,kge,structural,KGE_CN_Base,,
01557500,IC-CMA-ES,test,TGD-Base,-0.06784916839214505,valid,kge,structural,KGE_TGD_Base,,
01557500,IC-CMA-ES,test,CN-TGD,0.16195570789772828,valid,kge,structural,KGE_CN_TGD,,
01557500,IC-CMA-ES,train,CN-Base,0.21781426196047526,valid,kge,structural,KGE_CN_Base,,
01557500,IC-CMA-ES,train,TGD-Base,0.07379181079920949,valid,kge,structural,KGE_TGD_Base,,
01557500,IC-CMA-ES,train,CN-TGD,0.14402245116126577,valid,kge,structural,KGE_CN_TGD,,
01567500,IC-CMA-ES,test,CN-Base,0.06093945431182812,valid,kge,structural,KGE_CN_Base,,
01567500,IC-CMA-ES,test,TGD-Base,-0.09656700987408001,valid,kge,structural,KGE_TGD_Base,,
01567500,IC-CMA-ES,test,CN-TGD,0.15750646418590813,valid,kge,structural,KGE_CN_TGD,,
01567500,IC-CMA-ES,train,CN-Base,0.1908117288726534,valid,kge,structural,KGE_CN_Base,,
01567500,IC-CMA-ES,train,TGD-Base,0.08342841210642749,valid,kge,structural,KGE_TGD_Base,,
01567500,IC-CMA-ES,train,CN-TGD,0.10738331676622592,valid,kge,structural,KGE_CN_TGD,,
01568000,IC-CMA-ES,test,CN-Base,0.052584385324977445,valid,kge,structural,KGE_CN_Base,,
01568000,IC-CMA-ES,test,TGD-Base,0.022325729116479565,valid,kge,structural,KGE_TGD_Base,,
01568000,IC-CMA-ES,test,CN-TGD,0.03025865620849788,valid,kge,structural,KGE_CN_TGD,,
01568000,IC-CMA-ES,train,CN-Base,0.15367805455027783,valid,kge,structural,KGE_CN_Base,,
01568000,IC-CMA-ES,train,TGD-Base,0.07542000808760774,valid,kge,structural,KGE_TGD_Base,,
01568000,IC-CMA-ES,train,CN-TGD,0.0782580464626701,valid,kge,structural,KGE_CN_TGD,,
01580000,IC-CMA-ES,test,CN-Base,0.04184606833304283,valid,kge,structural,KGE_CN_Base,,
01580000,IC-CMA-ES,test,TGD-Base,0.02203267276199805,valid,kge,structural,KGE_TGD_Base,,
01580000,IC-CMA-ES,test,CN-TGD,0.01981339557104478,valid,kge,structural,KGE_CN_TGD,,
01580000,IC-CMA-ES,train,CN-Base,0.02726519314782716,valid,kge,structural,KGE_CN_Base,,
01580000,IC-CMA-ES,train,TGD-Base,0.009943868201621076,valid,kge,structural,KGE_TGD_Base,,
01580000,IC-CMA-ES,train,CN-TGD,0.017321324946206085,valid,kge,structural,KGE_CN_TGD,,
01583500,IC-CMA-ES,test,CN-Base,0.08536407353818265,valid,kge,structural,KGE_CN_Base,,
01583500,IC-CMA-ES,test,TGD-Base,0.02282173609035487,valid,kge,structural,KGE_TGD_Base,,
01583500,IC-CMA-ES,test,CN-TGD,0.06254233744782778,valid,kge,structural,KGE_CN_TGD,,
01583500,IC-CMA-ES,train,CN-Base,0.038908838480777974,valid,kge,structural,KGE_CN_Base,,
01583500,IC-CMA-ES,train,TGD-Base,0.013348394697773047,valid,kge,structural,KGE_TGD_Base,,
01583500,IC-CMA-ES,train,CN-TGD,0.025560443783004927,valid,kge,structural,KGE_CN_TGD,,
01586610,IC-CMA-ES,test,CN-Base,0.05107787471271796,valid,kge,structural,KGE_CN_Base,,
01586610,IC-CMA-ES,test,TGD-Base,0.02517915865868625,valid,kge,structural,KGE_TGD_Base,,
01586610,IC-CMA-ES,test,CN-TGD,0.025898716054031712,valid,kge,structural,KGE_CN_TGD,,
01586610,IC-CMA-ES,train,CN-Base,0.0440567828774413,valid,kge,structural,KGE_CN_Base,,
01586610,IC-CMA-ES,train,TGD-Base,0.017890661469592506,valid,kge,structural,KGE_TGD_Base,,
01586610,IC-CMA-ES,train,CN-TGD,0.026166121407848797,valid,kge,structural,KGE_CN_TGD,,
01591400,IC-CMA-ES,test,CN-Base,0.06605509096537188,valid,kge,structural,KGE_CN_Base,,
01591400,IC-CMA-ES,test,TGD-Base,0.03510198346247062,valid,kge,structural,KGE_TGD_Base,,
01591400,IC-CMA-ES,test,CN-TGD,0.030953107502901256,valid,kge,structural,KGE_CN_TGD,,
01591400,IC-CMA-ES,train,CN-Base,0.045146987121557625,valid,kge,structural,KGE_CN_Base,,
01591400,IC-CMA-ES,train,TGD-Base,0.025692774083072578,valid,kge,structural,KGE_TGD_Base,,
01591400,IC-CMA-ES,train,CN-TGD,0.019454213038485046,valid,kge,structural,KGE_CN_TGD,,
01594950,IC-CMA-ES,test,CN-Base,0.0553605768183818,valid,kge,structural,KGE_CN_Base,,
01594950,IC-CMA-ES,test,TGD-Base,0.02614383233152151,valid,kge,structural,KGE_TGD_Base,,
01594950,IC-CMA-ES,test,CN-TGD,0.02921674448686029,valid,kge,structural,KGE_CN_TGD,,
01594950,IC-CMA-ES,train,CN-Base,0.08981962913734287,valid,kge,structural,KGE_CN_Base,,
01594950,IC-CMA-ES,train,TGD-Base,0.02019562609485237,valid,kge,structural,KGE_TGD_Base,,
01594950,IC-CMA-ES,train,CN-TGD,0.0696240030424905,valid,kge,structural,KGE_CN_TGD,,
01596500,IC-CMA-ES,test,CN-Base,0.1815469890404242,valid,kge,structural,KGE_CN_Base,,
01596500,IC-CMA-ES,test,TGD-Base,0.041508434921361026,valid,kge,structural,KGE_TGD_Base,,
01596500,IC-CMA-ES,test,CN-TGD,0.14003855411906319,valid,kge,structural,KGE_CN_TGD,,
01596500,IC-CMA-ES,train,CN-Base,0.1990929611783644,valid,kge,structural,KGE_CN_Base,,
01596500,IC-CMA-ES,train,TGD-Base,0.09976036187277582,valid,kge,structural,KGE_TGD_Base,,
01596500,IC-CMA-ES,train,CN-TGD,0.09933259930558858,valid,kge,structural,KGE_CN_TGD,,
01605500,IC-CMA-ES,test,CN-Base,0.08594488239943665,valid,kge,structural,KGE_CN_Base,,
01605500,IC-CMA-ES,test,TGD-Base,0.009634547422315731,valid,kge,structural,KGE_TGD_Base,,
01605500,IC-CMA-ES,test,CN-TGD,0.07631033497712092,valid,kge,structural,KGE_CN_TGD,,
01605500,IC-CMA-ES,train,CN-Base,0.03758558811664747,valid,kge,structural,KGE_CN_Base,,
01605500,IC-CMA-ES,train,TGD-Base,0.034785217095253285,valid,kge,structural,KGE_TGD_Base,,
01605500,IC-CMA-ES,train,CN-TGD,0.002800371021394188,valid,kge,structural,KGE_CN_TGD,,
01606500,IC-CMA-ES,test,CN-Base,0.09317005161864611,valid,kge,structural,KGE_CN_Base,,
01606500,IC-CMA-ES,test,TGD-Base,0.04967671556932374,valid,kge,structural,KGE_TGD_Base,,
01606500,IC-CMA-ES,test,CN-TGD,0.04349333604932237,valid,kge,structural,KGE_CN_TGD,,
01606500,IC-CMA-ES,train,CN-Base,0.05666244401471077,valid,kge,structural,KGE_CN_Base,,
01606500,IC-CMA-ES,train,TGD-Base,0.03205368347574922,valid,kge,structural,KGE_TGD_Base,,
01606500,IC-CMA-ES,train,CN-TGD,0.02460876053896155,valid,kge,structural,KGE_CN_TGD,,
01632000,IC-CMA-ES,test,CN-Base,0.06585809659136821,valid,kge,structural,KGE_CN_Base,,
01632000,IC-CMA-ES,test,TGD-Base,0.053625638663184816,valid,kge,structural,KGE_TGD_Base,,
01632000,IC-CMA-ES,test,CN-TGD,0.012232457928183393,valid,kge,structural,KGE_CN_TGD,,
01632000,IC-CMA-ES,train,CN-Base,0.0721504226962344,valid,kge,structural,KGE_CN_Base,,
01632000,IC-CMA-ES,train,TGD-Base,0.04745397269961937,valid,kge,structural,KGE_TGD_Base,,
01632000,IC-CMA-ES,train,CN-TGD,0.024696449996615022,valid,kge,structural,KGE_CN_TGD,,
01632900,IC-CMA-ES,test,CN-Base,0.11285128152799428,valid,kge,structural,KGE_CN_Base,,
01632900,IC-CMA-ES,test,TGD-Base,0.09874946751917679,valid,kge,structural,KGE_TGD_Base,,
01632900,IC-CMA-ES,test,CN-TGD,0.014101814008817493,valid,kge,structural,KGE_CN_TGD,,
01632900,IC-CMA-ES,train,CN-Base,0.07660198696337306,valid,kge,structural,KGE_CN_Base,,
01632900,IC-CMA-ES,train,TGD-Base,0.04281898573873688,valid,kge,structural,KGE_TGD_Base,,
01632900,IC-CMA-ES,train,CN-TGD,0.03378300122463618,valid,kge,structural,KGE_CN_TGD,,
01634500,IC-CMA-ES,test,CN-Base,-0.007242307042163609,valid,kge,structural,KGE_CN_Base,,
01634500,IC-CMA-ES,test,TGD-Base,-0.012878180090138747,valid,kge,structural,KGE_TGD_Base,,
01634500,IC-CMA-ES,test,CN-TGD,0.005635873047975137,valid,kge,structural,KGE_CN_TGD,,
01634500,IC-CMA-ES,train,CN-Base,0.10356691871966084,valid,kge,structural,KGE_CN_Base,,
01634500,IC-CMA-ES,train,TGD-Base,0.07868568789158292,valid,kge,structural,KGE_TGD_Base,,
01634500,IC-CMA-ES,train,CN-TGD,0.024881230828077916,valid,kge,structural,KGE_CN_TGD,,
01638480,IC-CMA-ES,test,CN-Base,0.052097547410401845,valid,kge,structural,KGE_CN_Base,,
01638480,IC-CMA-ES,test,TGD-Base,0.0350800428150263,valid,kge,structural,KGE_TGD_Base,,
01638480,IC-CMA-ES,test,CN-TGD,0.017017504595375543,valid,kge,structural,KGE_CN_TGD,,
01638480,IC-CMA-ES,train,CN-Base,0.03537713523766617,valid,kge,structural,KGE_CN_Base,,
01638480,IC-CMA-ES,train,TGD-Base,0.02884676419198029,valid,kge,structural,KGE_TGD_Base,,
01638480,IC-CMA-ES,train,CN-TGD,0.006530371045685879,valid,kge,structural,KGE_CN_TGD,,
01639500,IC-CMA-ES,test,CN-Base,0.05668582496874475,valid,kge,structural,KGE_CN_Base,,
01639500,IC-CMA-ES,test,TGD-Base,0.040808629925854656,valid,kge,structural,KGE_TGD_Base,,
01639500,IC-CMA-ES,test,CN-TGD,0.01587719504289009,valid,kge,structural,KGE_CN_TGD,,
01639500,IC-CMA-ES,train,CN-Base,0.04344479647685984,valid,kge,structural,KGE_CN_Base,,
01639500,IC-CMA-ES,train,TGD-Base,0.02466181816723534,valid,kge,structural,KGE_TGD_Base,,
01639500,IC-CMA-ES,train,CN-TGD,0.0187829783096245,valid,kge,structural,KGE_CN_TGD,,
01644000,IC-CMA-ES,test,CN-Base,0.0425882631623169,valid,kge,structural,KGE_CN_Base,,
01644000,IC-CMA-ES,test,TGD-Base,0.03209379714884775,valid,kge,structural,KGE_TGD_Base,,
01644000,IC-CMA-ES,test,CN-TGD,0.01049446601346915,valid,kge,structural,KGE_CN_TGD,,
01644000,IC-CMA-ES,train,CN-Base,0.031728975685369254,valid,kge,structural,KGE_CN_Base,,
01644000,IC-CMA-ES,train,TGD-Base,0.025721930828607742,valid,kge,structural,KGE_TGD_Base,,
01644000,IC-CMA-ES,train,CN-TGD,0.006007044856761512,valid,kge,structural,KGE_CN_TGD,,
01664000,IC-CMA-ES,test,CN-Base,-0.026427586762125754,valid,kge,structural,KGE_CN_Base,,
01664000,IC-CMA-ES,test,TGD-Base,-0.006893637838829014,valid,kge,structural,KGE_TGD_Base,,
01664000,IC-CMA-ES,test,CN-TGD,-0.01953394892329674,valid,kge,structural,KGE_CN_TGD,,
01664000,IC-CMA-ES,train,CN-Base,0.03280603364496659,valid,kge,structural,KGE_CN_Base,,
01664000,IC-CMA-ES,train,TGD-Base,0.020076449437340327,valid,kge,structural,KGE_TGD_Base,,
01664000,IC-CMA-ES,train,CN-TGD,0.012729584207626266,valid,kge,structural,KGE_CN_TGD,,
01666500,IC-CMA-ES,test,CN-Base,0.018562544181088825,valid,kge,structural,KGE_CN_Base,,
01666500,IC-CMA-ES,test,TGD-Base,0.020006293583328283,valid,kge,structural,KGE_TGD_Base,,
01666500,IC-CMA-ES,test,CN-TGD,-0.0014437494022394581,valid,kge,structural,KGE_CN_TGD,,
01666500,IC-CMA-ES,train,CN-Base,0.02207855861522634,valid,kge,structural,KGE_CN_Base,,
01666500,IC-CMA-ES,train,TGD-Base,0.016480128908286873,valid,kge,structural,KGE_TGD_Base,,
01666500,IC-CMA-ES,train,CN-TGD,0.005598429706939467,valid,kge,structural,KGE_CN_TGD,,
01667500,IC-CMA-ES,test,CN-Base,0.006246430751511101,valid,kge,structural,KGE_CN_Base,,
01667500,IC-CMA-ES,test,TGD-Base,0.022595395824286824,valid,kge,structural,KGE_TGD_Base,,
01667500,IC-CMA-ES,test,CN-TGD,-0.016348965072775723,valid,kge,structural,KGE_CN_TGD,,
01667500,IC-CMA-ES,train,CN-Base,0.018404973654359336,valid,kge,structural,KGE_CN_Base,,
01667500,IC-CMA-ES,train,TGD-Base,0.014115005563878236,valid,kge,structural,KGE_TGD_Base,,
01667500,IC-CMA-ES,train,CN-TGD,0.0042899680904811,valid,kge,structural,KGE_CN_TGD,,
01669000,IC-CMA-ES,test,CN-Base,0.00667600359847198,valid,kge,structural,KGE_CN_Base,,
01669000,IC-CMA-ES,test,TGD-Base,-0.003358543316313689,valid,kge,structural,KGE_TGD_Base,,
01669000,IC-CMA-ES,test,CN-TGD,0.01003454691478567,valid,kge,structural,KGE_CN_TGD,,
01669000,IC-CMA-ES,train,CN-Base,0.007661073003851437,valid,kge,structural,KGE_CN_Base,,
01669000,IC-CMA-ES,train,TGD-Base,0.009601356715571052,valid,kge,structural,KGE_TGD_Base,,
01669000,IC-CMA-ES,train,CN-TGD,-0.0019402837117196148,valid,kge,structural,KGE_CN_TGD,,
01669520,IC-CMA-ES,test,CN-Base,0.026296879531038875,valid,kge,structural,KGE_CN_Base,,
01669520,IC-CMA-ES,test,TGD-Base,0.026384020307721023,valid,kge,structural,KGE_TGD_Base,,
01669520,IC-CMA-ES,test,CN-TGD,-8.714077668214859e-05,valid,kge,structural,KGE_CN_TGD,,
01669520,IC-CMA-ES,train,CN-Base,0.020099554023752964,valid,kge,structural,KGE_CN_Base,,
01669520,IC-CMA-ES,train,TGD-Base,0.01568506162092409,valid,kge,structural,KGE_TGD_Base,,
01669520,IC-CMA-ES,train,CN-TGD,0.0044144924028288735,valid,kge,structural,KGE_CN_TGD,,
02011400,IC-CMA-ES,test,CN-Base,0.05568269314436192,valid,kge,structural,KGE_CN_Base,,
02011400,IC-CMA-ES,test,TGD-Base,0.042567837399378416,valid,kge,structural,KGE_TGD_Base,,
02011400,IC-CMA-ES,test,CN-TGD,0.0131148557449835,valid,kge,structural,KGE_CN_TGD,,
02011400,IC-CMA-ES,train,CN-Base,0.04542650442660179,valid,kge,structural,KGE_CN_Base,,
02011400,IC-CMA-ES,train,TGD-Base,0.03230777839956411,valid,kge,structural,KGE_TGD_Base,,
02011400,IC-CMA-ES,train,CN-TGD,0.013118726027037675,valid,kge,structural,KGE_CN_TGD,,
02013000,IC-CMA-ES,test,CN-Base,0.09187891649456759,valid,kge,structural,KGE_CN_Base,,
02013000,IC-CMA-ES,test,TGD-Base,0.04155435856776968,valid,kge,structural,KGE_TGD_Base,,
02013000,IC-CMA-ES,test,CN-TGD,0.05032455792679791,valid,kge,structural,KGE_CN_TGD,,
02013000,IC-CMA-ES,train,CN-Base,0.05386828132044086,valid,kge,structural,KGE_CN_Base,,
02013000,IC-CMA-ES,train,TGD-Base,0.036414867682744156,valid,kge,structural,KGE_TGD_Base,,
02013000,IC-CMA-ES,train,CN-TGD,0.017453413637696702,valid,kge,structural,KGE_CN_TGD,,
02014000,IC-CMA-ES,test,CN-Base,0.04292282735011588,valid,kge,structural,KGE_CN_Base,,
02014000,IC-CMA-ES,test,TGD-Base,0.026580745508743453,valid,kge,structural,KGE_TGD_Base,,
02014000,IC-CMA-ES,test,CN-TGD,0.016342081841372424,valid,kge,structural,KGE_CN_TGD,,
02014000,IC-CMA-ES,train,CN-Base,0.05308730812723561,valid,kge,structural,KGE_CN_Base,,
02014000,IC-CMA-ES,train,TGD-Base,0.037038162339323444,valid,kge,structural,KGE_TGD_Base,,
02014000,IC-CMA-ES,train,CN-TGD,0.016049145787912167,valid,kge,structural,KGE_CN_TGD,,
02015700,IC-CMA-ES,test,CN-Base,0.021877269034335733,valid,kge,structural,KGE_CN_Base,,
02015700,IC-CMA-ES,test,TGD-Base,0.030863969429005267,valid,kge,structural,KGE_TGD_Base,,
02015700,IC-CMA-ES,test,CN-TGD,-0.008986700394669533,valid,kge,structural,KGE_CN_TGD,,
02015700,IC-CMA-ES,train,CN-Base,0.04620835746523555,valid,kge,structural,KGE_CN_Base,,
02015700,IC-CMA-ES,train,TGD-Base,0.02974407741898022,valid,kge,structural,KGE_TGD_Base,,
02015700,IC-CMA-ES,train,CN-TGD,0.01646428004625533,valid,kge,structural,KGE_CN_TGD,,
02016000,IC-CMA-ES,test,CN-Base,0.04456486161571949,valid,kge,structural,KGE_CN_Base,,
02016000,IC-CMA-ES,test,TGD-Base,0.036666500912023836,valid,kge,structural,KGE_TGD_Base,,
02016000,IC-CMA-ES,test,CN-TGD,0.00789836070369565,valid,kge,structural,KGE_CN_TGD,,
02016000,IC-CMA-ES,train,CN-Base,0.03416562836223225,valid,kge,structural,KGE_CN_Base,,
02016000,IC-CMA-ES,train,TGD-Base,0.024270472634721374,valid,kge,structural,KGE_TGD_Base,,
02016000,IC-CMA-ES,train,CN-TGD,0.009895155727510874,valid,kge,structural,KGE_CN_TGD,,
02017500,IC-CMA-ES,test,CN-Base,0.037412129533499705,valid,kge,structural,KGE_CN_Base,,
02017500,IC-CMA-ES,test,TGD-Base,0.026317138394480688,valid,kge,structural,KGE_TGD_Base,,
02017500,IC-CMA-ES,test,CN-TGD,0.011094991139019017,valid,kge,structural,KGE_CN_TGD,,
02017500,IC-CMA-ES,train,CN-Base,0.044527744516503875,valid,kge,structural,KGE_CN_Base,,
02017500,IC-CMA-ES,train,TGD-Base,0.025280480171353648,valid,kge,structural,KGE_TGD_Base,,
02017500,IC-CMA-ES,train,CN-TGD,0.019247264345150228,valid,kge,structural,KGE_CN_TGD,,
02018000,IC-CMA-ES,test,CN-Base,0.04376867602511636,valid,kge,structural,KGE_CN_Base,,
02018000,IC-CMA-ES,test,TGD-Base,0.05101856779288205,valid,kge,structural,KGE_TGD_Base,,
02018000,IC-CMA-ES,test,CN-TGD,-0.007249891767765693,valid,kge,structural,KGE_CN_TGD,,
02018000,IC-CMA-ES,train,CN-Base,0.03621355522624248,valid,kge,structural,KGE_CN_Base,,
02018000,IC-CMA-ES,train,TGD-Base,0.026777262742349928,valid,kge,structural,KGE_TGD_Base,,
02018000,IC-CMA-ES,train,CN-TGD,0.00943629248389255,valid,kge,structural,KGE_CN_TGD,,
02027000,IC-CMA-ES,test,CN-Base,0.01844528468398854,valid,kge,structural,KGE_CN_Base,,
02027000,IC-CMA-ES,test,TGD-Base,0.012765304813444733,valid,kge,structural,KGE_TGD_Base,,
02027000,IC-CMA-ES,test,CN-TGD,0.005679979870543805,valid,kge,structural,KGE_CN_TGD,,
02027000,IC-CMA-ES,train,CN-Base,0.013574137655892882,valid,kge,structural,KGE_CN_Base,,
02027000,IC-CMA-ES,train,TGD-Base,0.013354174475634029,valid,kge,structural,KGE_TGD_Base,,
02027000,IC-CMA-ES,train,CN-TGD,0.00021996318025885309,valid,kge,structural,KGE_CN_TGD,,
02027500,IC-CMA-ES,test,CN-Base,0.02122519096504083,valid,kge,structural,KGE_CN_Base,,
02027500,IC-CMA-ES,test,TGD-Base,0.01722724853024149,valid,kge,structural,KGE_TGD_Base,,
02027500,IC-CMA-ES,test,CN-TGD,0.00399794243479934,valid,kge,structural,KGE_CN_TGD,,
02027500,IC-CMA-ES,train,CN-Base,0.008765194586700109,valid,kge,structural,KGE_CN_Base,,
02027500,IC-CMA-ES,train,TGD-Base,0.007540690128994276,valid,kge,structural,KGE_TGD_Base,,
02027500,IC-CMA-ES,train,CN-TGD,0.0012245044577058328,valid,kge,structural,KGE_CN_TGD,,
02028500,IC-CMA-ES,test,CN-Base,0.017205244825547417,valid,kge,structural,KGE_CN_Base,,
02028500,IC-CMA-ES,test,TGD-Base,0.007184602637298809,valid,kge,structural,KGE_TGD_Base,,
02028500,IC-CMA-ES,test,CN-TGD,0.010020642188248607,valid,kge,structural,KGE_CN_TGD,,
02028500,IC-CMA-ES,train,CN-Base,0.018521861235151427,valid,kge,structural,KGE_CN_Base,,
02028500,IC-CMA-ES,train,TGD-Base,0.01461302040516621,valid,kge,structural,KGE_TGD_Base,,
02028500,IC-CMA-ES,train,CN-TGD,0.003908840829985216,valid,kge,structural,KGE_CN_TGD,,
02038850,IC-CMA-ES,test,CN-Base,0.010098605128270322,valid,kge,structural,KGE_CN_Base,,
02038850,IC-CMA-ES,test,TGD-Base,-0.017727258510525923,valid,kge,structural,KGE_TGD_Base,,
02038850,IC-CMA-ES,test,CN-TGD,0.027825863638796244,valid,kge,structural,KGE_CN_TGD,,
02038850,IC-CMA-ES,train,CN-Base,-0.01154469955023607,valid,kge,structural,KGE_CN_Base,,
02038850,IC-CMA-ES,train,TGD-Base,-0.00322768590472422,valid,kge,structural,KGE_TGD_Base,,
02038850,IC-CMA-ES,train,CN-TGD,-0.00831701364551185,valid,kge,structural,KGE_CN_TGD,,
02046000,IC-CMA-ES,test,CN-Base,-0.0009679478755504345,valid,kge,structural,KGE_CN_Base,,
02046000,IC-CMA-ES,test,TGD-Base,0.008008542412152209,valid,kge,structural,KGE_TGD_Base,,
02046000,IC-CMA-ES,test,CN-TGD,-0.008976490287702643,valid,kge,structural,KGE_CN_TGD,,
02046000,IC-CMA-ES,train,CN-Base,0.009968836844552742,valid,kge,structural,KGE_CN_Base,,
02046000,IC-CMA-ES,train,TGD-Base,0.009964635761958607,valid,kge,structural,KGE_TGD_Base,,
02046000,IC-CMA-ES,train,CN-TGD,4.201082594135208e-06,valid,kge,structural,KGE_CN_TGD,,
02051500,IC-CMA-ES,test,CN-Base,-0.009684719471113157,valid,kge,structural,KGE_CN_Base,,
02051500,IC-CMA-ES,test,TGD-Base,0.0007373881851812092,valid,kge,structural,KGE_TGD_Base,,
02051500,IC-CMA-ES,test,CN-TGD,-0.010422107656294366,valid,kge,structural,KGE_CN_TGD,,
02051500,IC-CMA-ES,train,CN-Base,0.011540996452145569,valid,kge,structural,KGE_CN_Base,,
02051500,IC-CMA-ES,train,TGD-Base,0.01757212863824853,valid,kge,structural,KGE_TGD_Base,,
02051500,IC-CMA-ES,train,CN-TGD,-0.006031132186102961,valid,kge,structural,KGE_CN_TGD,,
02053200,IC-CMA-ES,test,CN-Base,-0.0023661531697835025,valid,kge,structural,KGE_CN_Base,,
02053200,IC-CMA-ES,test,TGD-Base,-0.003818473335267969,valid,kge,structural,KGE_TGD_Base,,
02053200,IC-CMA-ES,test,CN-TGD,0.0014523201654844664,valid,kge,structural,KGE_CN_TGD,,
02053200,IC-CMA-ES,train,CN-Base,-0.0010425348764810938,valid,kge,structural,KGE_CN_Base,,
02053200,IC-CMA-ES,train,TGD-Base,0.0066614411593928224,valid,kge,structural,KGE_TGD_Base,,
02053200,IC-CMA-ES,train,CN-TGD,-0.007703976035873916,valid,kge,structural,KGE_CN_TGD,,
02053800,IC-CMA-ES,test,CN-Base,0.020338021503510717,valid,kge,structural,KGE_CN_Base,,
02053800,IC-CMA-ES,test,TGD-Base,0.010622350702181427,valid,kge,structural,KGE_TGD_Base,,
02053800,IC-CMA-ES,test,CN-TGD,0.00971567080132929,valid,kge,structural,KGE_CN_TGD,,
02053800,IC-CMA-ES,train,CN-Base,0.0222729850705482,valid,kge,structural,KGE_CN_Base,,
02053800,IC-CMA-ES,train,TGD-Base,0.02052978776899761,valid,kge,structural,KGE_TGD_Base,,
02053800,IC-CMA-ES,train,CN-TGD,0.001743197301550592,valid,kge,structural,KGE_CN_TGD,,
02055100,IC-CMA-ES,test,CN-Base,0.0009680699216758071,valid,kge,structural,KGE_CN_Base,,
02055100,IC-CMA-ES,test,TGD-Base,-0.0037484277967482216,valid,kge,structural,KGE_TGD_Base,,
02055100,IC-CMA-ES,test,CN-TGD,0.004716497718424029,valid,kge,structural,KGE_CN_TGD,,
02055100,IC-CMA-ES,train,CN-Base,0.028179905692643392,valid,kge,structural,KGE_CN_Base,,
02055100,IC-CMA-ES,train,TGD-Base,0.01912754004917372,valid,kge,structural,KGE_TGD_Base,,
02055100,IC-CMA-ES,train,CN-TGD,0.009052365643469673,valid,kge,structural,KGE_CN_TGD,,
02056900,IC-CMA-ES,test,CN-Base,0.0075584622043800564,valid,kge,structural,KGE_CN_Base,,
02056900,IC-CMA-ES,test,TGD-Base,-0.00462246801654187,valid,kge,structural,KGE_TGD_Base,,
02056900,IC-CMA-ES,test,CN-TGD,0.012180930220921926,valid,kge,structural,KGE_CN_TGD,,
02056900,IC-CMA-ES,train,CN-Base,0.00925625110454431,valid,kge,structural,KGE_CN_Base,,
02056900,IC-CMA-ES,train,TGD-Base,0.0056768797960115025,valid,kge,structural,KGE_TGD_Base,,
02056900,IC-CMA-ES,train,CN-TGD,0.0035793713085328083,valid,kge,structural,KGE_CN_TGD,,
02059500,IC-CMA-ES,test,CN-Base,-0.017749772666908026,valid,kge,structural,KGE_CN_Base,,
02059500,IC-CMA-ES,test,TGD-Base,-0.02036597102420723,valid,kge,structural,KGE_TGD_Base,,
02059500,IC-CMA-ES,test,CN-TGD,0.0026161983572992042,valid,kge,structural,KGE_CN_TGD,,
02059500,IC-CMA-ES,train,CN-Base,0.00431547224980422,valid,kge,structural,KGE_CN_Base,,
02059500,IC-CMA-ES,train,TGD-Base,-0.0027738946787853047,valid,kge,structural,KGE_TGD_Base,,
02059500,IC-CMA-ES,train,CN-TGD,0.0070893669285895244,valid,kge,structural,KGE_CN_TGD,,
02064000,IC-CMA-ES,test,CN-Base,-0.0036968987894907546,valid,kge,structural,KGE_CN_Base,,
02064000,IC-CMA-ES,test,TGD-Base,-3.697080384790219e-05,valid,kge,structural,KGE_TGD_Base,,
02064000,IC-CMA-ES,test,CN-TGD,-0.0036599279856428524,valid,kge,structural,KGE_CN_TGD,,
02064000,IC-CMA-ES,train,CN-Base,0.012069917533597985,valid,kge,structural,KGE_CN_Base,,
02064000,IC-CMA-ES,train,TGD-Base,0.0033195718148045783,valid,kge,structural,KGE_TGD_Base,,
02064000,IC-CMA-ES,train,CN-TGD,0.008750345718793406,valid,kge,structural,KGE_CN_TGD,,
02065500,IC-CMA-ES,test,CN-Base,-0.005622215473267356,valid,kge,structural,KGE_CN_Base,,
02065500,IC-CMA-ES,test,TGD-Base,0.0034744382543554497,valid,kge,structural,KGE_TGD_Base,,
02065500,IC-CMA-ES,test,CN-TGD,-0.009096653727622805,valid,kge,structural,KGE_CN_TGD,,
02065500,IC-CMA-ES,train,CN-Base,0.01731361988629032,valid,kge,structural,KGE_CN_Base,,
02065500,IC-CMA-ES,train,TGD-Base,0.01700023981626675,valid,kge,structural,KGE_TGD_Base,,
02065500,IC-CMA-ES,train,CN-TGD,0.00031338007002357227,valid,kge,structural,KGE_CN_TGD,,
02069700,IC-CMA-ES,test,CN-Base,-0.01060474933191169,valid,kge,structural,KGE_CN_Base,,
02069700,IC-CMA-ES,test,TGD-Base,0.0012954988928226552,valid,kge,structural,KGE_TGD_Base,,
02069700,IC-CMA-ES,test,CN-TGD,-0.011900248224734344,valid,kge,structural,KGE_CN_TGD,,
02069700,IC-CMA-ES,train,CN-Base,0.001703608069542395,valid,kge,structural,KGE_CN_Base,,
02069700,IC-CMA-ES,train,TGD-Base,0.01561210196667484,valid,kge,structural,KGE_TGD_Base,,
02069700,IC-CMA-ES,train,CN-TGD,-0.013908493897132446,valid,kge,structural,KGE_CN_TGD,,
02070000,IC-CMA-ES,test,CN-Base,-0.028397601803904715,valid,kge,structural,KGE_CN_Base,,
02070000,IC-CMA-ES,test,TGD-Base,-0.009804186340687915,valid,kge,structural,KGE_TGD_Base,,
02070000,IC-CMA-ES,test,CN-TGD,-0.0185934154632168,valid,kge,structural,KGE_CN_TGD,,
02070000,IC-CMA-ES,train,CN-Base,0.004863552407550764,valid,kge,structural,KGE_CN_Base,,
02070000,IC-CMA-ES,train,TGD-Base,0.0027942032142155293,valid,kge,structural,KGE_TGD_Base,,
02070000,IC-CMA-ES,train,CN-TGD,0.002069349193335235,valid,kge,structural,KGE_CN_TGD,,
02074500,IC-CMA-ES,test,CN-Base,-0.018432555667749928,valid,kge,structural,KGE_CN_Base,,
02074500,IC-CMA-ES,test,TGD-Base,-0.018861006875527386,valid,kge,structural,KGE_TGD_Base,,
02074500,IC-CMA-ES,test,CN-TGD,0.00042845120777745827,valid,kge,structural,KGE_CN_TGD,,
02074500,IC-CMA-ES,train,CN-Base,0.0015891702541037667,valid,kge,structural,KGE_CN_Base,,
02074500,IC-CMA-ES,train,TGD-Base,-0.0012172570263450089,valid,kge,structural,KGE_TGD_Base,,
02074500,IC-CMA-ES,train,CN-TGD,0.0028064272804487755,valid,kge,structural,KGE_CN_TGD,,
02077200,IC-CMA-ES,test,CN-Base,-0.012847919004295438,valid,kge,structural,KGE_CN_Base,,
02077200,IC-CMA-ES,test,TGD-Base,0.00856906337457497,valid,kge,structural,KGE_TGD_Base,,
02077200,IC-CMA-ES,test,CN-TGD,-0.02141698237887041,valid,kge,structural,KGE_CN_TGD,,
02077200,IC-CMA-ES,train,CN-Base,0.016594026661162276,valid,kge,structural,KGE_CN_Base,,
02077200,IC-CMA-ES,train,TGD-Base,0.011732430296190977,valid,kge,structural,KGE_TGD_Base,,
02077200,IC-CMA-ES,train,CN-TGD,0.004861596364971299,valid,kge,structural,KGE_CN_TGD,,
02081500,IC-CMA-ES,test,CN-Base,-0.11089935398354744,valid,kge,structural,KGE_CN_Base,,
02081500,IC-CMA-ES,test,TGD-Base,-0.049324439312345425,valid,kge,structural,KGE_TGD_Base,,
02081500,IC-CMA-ES,test,CN-TGD,-0.06157491467120202,valid,kge,structural,KGE_CN_TGD,,
02081500,IC-CMA-ES,train,CN-Base,-0.012381943875179546,valid,kge,structural,KGE_CN_Base,,
02081500,IC-CMA-ES,train,TGD-Base,0.010170777378814777,valid,kge,structural,KGE_TGD_Base,,
02081500,IC-CMA-ES,train,CN-TGD,-0.022552721253994323,valid,kge,structural,KGE_CN_TGD,,
02082950,IC-CMA-ES,test,CN-Base,0.00275100493102709,valid,kge,structural,KGE_CN_Base,,
02082950,IC-CMA-ES,test,TGD-Base,0.03945898893951505,valid,kge,structural,KGE_TGD_Base,,
02082950,IC-CMA-ES,test,CN-TGD,-0.03670798400848796,valid,kge,structural,KGE_CN_TGD,,
02082950,IC-CMA-ES,train,CN-Base,0.01612204221024649,valid,kge,structural,KGE_CN_Base,,
02082950,IC-CMA-ES,train,TGD-Base,-0.00025272018608557545,valid,kge,structural,KGE_TGD_Base,,
02082950,IC-CMA-ES,train,CN-TGD,0.016374762396332065,valid,kge,structural,KGE_CN_TGD,,
02092500,IC-CMA-ES,test,CN-Base,-0.021314358025816604,valid,kge,structural,KGE_CN_Base,,
02092500,IC-CMA-ES,test,TGD-Base,-0.0022885439236185467,valid,kge,structural,KGE_TGD_Base,,
02092500,IC-CMA-ES,test,CN-TGD,-0.019025814102198058,valid,kge,structural,KGE_CN_TGD,,
02092500,IC-CMA-ES,train,CN-Base,-0.0009883862678700117,valid,kge,structural,KGE_CN_Base,,
02092500,IC-CMA-ES,train,TGD-Base,0.00355012996230053,valid,kge,structural,KGE_TGD_Base,,
02092500,IC-CMA-ES,train,CN-TGD,-0.004538516230170542,valid,kge,structural,KGE_CN_TGD,,
02096846,IC-CMA-ES,test,CN-Base,0.03631098751878037,valid,kge,structural,KGE_CN_Base,,
02096846,IC-CMA-ES,test,TGD-Base,-0.008428818923997494,valid,kge,structural,KGE_TGD_Base,,
02096846,IC-CMA-ES,test,CN-TGD,0.04473980644277786,valid,kge,structural,KGE_CN_TGD,,
02096846,IC-CMA-ES,train,CN-Base,0.021085133857418947,valid,kge,structural,KGE_CN_Base,,
02096846,IC-CMA-ES,train,TGD-Base,-0.0005435056684626183,valid,kge,structural,KGE_TGD_Base,,
02096846,IC-CMA-ES,train,CN-TGD,0.021628639525881566,valid,kge,structural,KGE_CN_TGD,,
02102908,IC-CMA-ES,test,CN-Base,-0.11346056881834232,valid,kge,structural,KGE_CN_Base,,
02102908,IC-CMA-ES,test,TGD-Base,-0.004462766949760222,valid,kge,structural,KGE_TGD_Base,,
02102908,IC-CMA-ES,test,CN-TGD,-0.1089978018685821,valid,kge,structural,KGE_CN_TGD,,
02102908,IC-CMA-ES,train,CN-Base,0.0012405964316994922,valid,kge,structural,KGE_CN_Base,,
02102908,IC-CMA-ES,train,TGD-Base,0.0011284750143009115,valid,kge,structural,KGE_TGD_Base,,
02102908,IC-CMA-ES,train,CN-TGD,0.00011212141739858072,valid,kge,structural,KGE_CN_TGD,,
02108000,IC-CMA-ES,test,CN-Base,-0.011162928556950003,valid,kge,structural,KGE_CN_Base,,
02108000,IC-CMA-ES,test,TGD-Base,-0.005641174551048289,valid,kge,structural,KGE_TGD_Base,,
02108000,IC-CMA-ES,test,CN-TGD,-0.005521754005901713,valid,kge,structural,KGE_CN_TGD,,
02108000,IC-CMA-ES,train,CN-Base,-0.0008489878572284226,valid,kge,structural,KGE_CN_Base,,
02108000,IC-CMA-ES,train,TGD-Base,-0.0015534210127758907,valid,kge,structural,KGE_TGD_Base,,
02108000,IC-CMA-ES,train,CN-TGD,0.0007044331555474681,valid,kge,structural,KGE_CN_TGD,,
02111180,IC-CMA-ES,test,CN-Base,0.008754952525417692,valid,kge,structural,KGE_CN_Base,,
02111180,IC-CMA-ES,test,TGD-Base,0.015322087540586615,valid,kge,structural,KGE_TGD_Base,,
02111180,IC-CMA-ES,test,CN-TGD,-0.006567135015168923,valid,kge,structural,KGE_CN_TGD,,
02111180,IC-CMA-ES,train,CN-Base,0.010230131512993679,valid,kge,structural,KGE_CN_Base,,
02111180,IC-CMA-ES,train,TGD-Base,0.007610647940924142,valid,kge,structural,KGE_TGD_Base,,
02111180,IC-CMA-ES,train,CN-TGD,0.0026194835720695364,valid,kge,structural,KGE_CN_TGD,,
02111500,IC-CMA-ES,test,CN-Base,0.001254918717639164,valid,kge,structural,KGE_CN_Base,,
02111500,IC-CMA-ES,test,TGD-Base,0.013180551413348618,valid,kge,structural,KGE_TGD_Base,,
02111500,IC-CMA-ES,test,CN-TGD,-0.011925632695709454,valid,kge,structural,KGE_CN_TGD,,
02111500,IC-CMA-ES,train,CN-Base,0.003280387659491346,valid,kge,structural,KGE_CN_Base,,
02111500,IC-CMA-ES,train,TGD-Base,-0.0010815957632243078,valid,kge,structural,KGE_TGD_Base,,
02111500,IC-CMA-ES,train,CN-TGD,0.004361983422715654,valid,kge,structural,KGE_CN_TGD,,
02112120,IC-CMA-ES,test,CN-Base,0.0012344332707102668,valid,kge,structural,KGE_CN_Base,,
02112120,IC-CMA-ES,test,TGD-Base,0.011049903649498316,valid,kge,structural,KGE_TGD_Base,,
02112120,IC-CMA-ES,test,CN-TGD,-0.00981547037878805,valid,kge,structural,KGE_CN_TGD,,
02112120,IC-CMA-ES,train,CN-Base,0.0057859511449162015,valid,kge,structural,KGE_CN_Base,,
02112120,IC-CMA-ES,train,TGD-Base,0.004131471481900184,valid,kge,structural,KGE_TGD_Base,,
02112120,IC-CMA-ES,train,CN-TGD,0.0016544796630160175,valid,kge,structural,KGE_CN_TGD,,
02112360,IC-CMA-ES,test,CN-Base,0.00468004219780227,valid,kge,structural,KGE_CN_Base,,
02112360,IC-CMA-ES,test,TGD-Base,0.007811813259049893,valid,kge,structural,KGE_TGD_Base,,
02112360,IC-CMA-ES,test,CN-TGD,-0.0031317710612476235,valid,kge,structural,KGE_CN_TGD,,
02112360,IC-CMA-ES,train,CN-Base,0.009035600347730433,valid,kge,structural,KGE_CN_Base,,
02112360,IC-CMA-ES,train,TGD-Base,0.0037424748514778283,valid,kge,structural,KGE_TGD_Base,,
02112360,IC-CMA-ES,train,CN-TGD,0.005293125496252604,valid,kge,structural,KGE_CN_TGD,,
02118500,IC-CMA-ES,test,CN-Base,0.023546132797762298,valid,kge,structural,KGE_CN_Base,,
02118500,IC-CMA-ES,test,TGD-Base,0.041916016318797045,valid,kge,structural,KGE_TGD_Base,,
02118500,IC-CMA-ES,test,CN-TGD,-0.018369883521034747,valid,kge,structural,KGE_CN_TGD,,
02118500,IC-CMA-ES,train,CN-Base,0.021197487576036456,valid,kge,structural,KGE_CN_Base,,
02118500,IC-CMA-ES,train,TGD-Base,0.025385143360651785,valid,kge,structural,KGE_TGD_Base,,
02118500,IC-CMA-ES,train,CN-TGD,-0.0041876557846153295,valid,kge,structural,KGE_CN_TGD,,
02125000,IC-CMA-ES,test,CN-Base,-0.015389776173182712,valid,kge,structural,KGE_CN_Base,,
02125000,IC-CMA-ES,test,TGD-Base,0.004772014250620349,valid,kge,structural,KGE_TGD_Base,,
02125000,IC-CMA-ES,test,CN-TGD,-0.02016179042380306,valid,kge,structural,KGE_CN_TGD,,
02125000,IC-CMA-ES,train,CN-Base,-0.003564683725228446,valid,kge,structural,KGE_CN_Base,,
02125000,IC-CMA-ES,train,TGD-Base,-0.00645078813378841,valid,kge,structural,KGE_TGD_Base,,
02125000,IC-CMA-ES,train,CN-TGD,0.002886104408559964,valid,kge,structural,KGE_CN_TGD,,
02128000,IC-CMA-ES,test,CN-Base,0.0015485946104883963,valid,kge,structural,KGE_CN_Base,,
02128000,IC-CMA-ES,test,TGD-Base,0.013661586410466442,valid,kge,structural,KGE_TGD_Base,,
02128000,IC-CMA-ES,test,CN-TGD,-0.012112991799978046,valid,kge,structural,KGE_CN_TGD,,
02128000,IC-CMA-ES,train,CN-Base,-0.004703026813251632,valid,kge,structural,KGE_CN_Base,,
02128000,IC-CMA-ES,train,TGD-Base,-0.005987636789386519,valid,kge,structural,KGE_TGD_Base,,
02128000,IC-CMA-ES,train,CN-TGD,0.0012846099761348873,valid,kge,structural,KGE_CN_TGD,,
02137727,IC-CMA-ES,test,CN-Base,0.021645390835044465,valid,kge,structural,KGE_CN_Base,,
02137727,IC-CMA-ES,test,TGD-Base,0.008847311540862157,valid,kge,structural,KGE_TGD_Base,,
02137727,IC-CMA-ES,test,CN-TGD,0.012798079294182307,valid,kge,structural,KGE_CN_TGD,,
02137727,IC-CMA-ES,train,CN-Base,0.00810882164694715,valid,kge,structural,KGE_CN_Base,,
02137727,IC-CMA-ES,train,TGD-Base,0.004396038416609183,valid,kge,structural,KGE_TGD_Base,,
02137727,IC-CMA-ES,train,CN-TGD,0.003712783230337968,valid,kge,structural,KGE_CN_TGD,,
02140991,IC-CMA-ES,test,CN-Base,0.010589385249834216,valid,kge,structural,KGE_CN_Base,,
02140991,IC-CMA-ES,test,TGD-Base,-0.0022821081081574324,valid,kge,structural,KGE_TGD_Base,,
02140991,IC-CMA-ES,test,CN-TGD,0.012871493357991648,valid,kge,structural,KGE_CN_TGD,,
02140991,IC-CMA-ES,train,CN-Base,0.012736601663232539,valid,kge,structural,KGE_CN_Base,,
02140991,IC-CMA-ES,train,TGD-Base,0.008605674908930716,valid,kge,structural,KGE_TGD_Base,,
02140991,IC-CMA-ES,train,CN-TGD,0.0041309267543018224,valid,kge,structural,KGE_CN_TGD,,
02143000,IC-CMA-ES,test,CN-Base,0.012236560525048845,valid,kge,structural,KGE_CN_Base,,
02143000,IC-CMA-ES,test,TGD-Base,0.013307880574444653,valid,kge,structural,KGE_TGD_Base,,
02143000,IC-CMA-ES,test,CN-TGD,-0.0010713200493958075,valid,kge,structural,KGE_CN_TGD,,
02143000,IC-CMA-ES,train,CN-Base,0.015728273767987244,valid,kge,structural,KGE_CN_Base,,
02143000,IC-CMA-ES,train,TGD-Base,0.012757770301143334,valid,kge,structural,KGE_TGD_Base,,
02143000,IC-CMA-ES,train,CN-TGD,0.00297050346684391,valid,kge,structural,KGE_CN_TGD,,
02143040,IC-CMA-ES,test,CN-Base,-0.0035621948851276564,valid,kge,structural,KGE_CN_Base,,
02143040,IC-CMA-ES,test,TGD-Base,-0.003321122325290915,valid,kge,structural,KGE_TGD_Base,,
02143040,IC-CMA-ES,test,CN-TGD,-0.00024107255983674136,valid,kge,structural,KGE_CN_TGD,,
02143040,IC-CMA-ES,train,CN-Base,0.007076856740876769,valid,kge,structural,KGE_CN_Base,,
02143040,IC-CMA-ES,train,TGD-Base,0.002954113602749775,valid,kge,structural,KGE_TGD_Base,,
02143040,IC-CMA-ES,train,CN-TGD,0.004122743138126994,valid,kge,structural,KGE_CN_TGD,,
02149000,IC-CMA-ES,test,CN-Base,-0.021109769729533046,valid,kge,structural,KGE_CN_Base,,
02149000,IC-CMA-ES,test,TGD-Base,0.024345707666890704,valid,kge,structural,KGE_TGD_Base,,
02149000,IC-CMA-ES,test,CN-TGD,-0.04545547739642375,valid,kge,structural,KGE_CN_TGD,,
02149000,IC-CMA-ES,train,CN-Base,0.0059911984207063895,valid,kge,structural,KGE_CN_Base,,
02149000,IC-CMA-ES,train,TGD-Base,0.0040817817076616025,valid,kge,structural,KGE_TGD_Base,,
02149000,IC-CMA-ES,train,CN-TGD,0.001909416713044787,valid,kge,structural,KGE_CN_TGD,,
02152100,IC-CMA-ES,test,CN-Base,-0.003550160205727737,valid,kge,structural,KGE_CN_Base,,
02152100,IC-CMA-ES,test,TGD-Base,0.0007715979995606137,valid,kge,structural,KGE_TGD_Base,,
02152100,IC-CMA-ES,test,CN-TGD,-0.004321758205288351,valid,kge,structural,KGE_CN_TGD,,
02152100,IC-CMA-ES,train,CN-Base,0.0021313793431856354,valid,kge,structural,KGE_CN_Base,,
02152100,IC-CMA-ES,train,TGD-Base,0.004700683840716868,valid,kge,structural,KGE_TGD_Base,,
02152100,IC-CMA-ES,train,CN-TGD,-0.002569304497531233,valid,kge,structural,KGE_CN_TGD,,
02177000,IC-CMA-ES,test,CN-Base,0.006431743288340619,valid,kge,structural,KGE_CN_Base,,
02177000,IC-CMA-ES,test,TGD-Base,0.01036637388974082,valid,kge,structural,KGE_TGD_Base,,
02177000,IC-CMA-ES,test,CN-TGD,-0.003934630601400202,valid,kge,structural,KGE_CN_TGD,,
02177000,IC-CMA-ES,train,CN-Base,0.0005745247046776703,valid,kge,structural,KGE_CN_Base,,
02177000,IC-CMA-ES,train,TGD-Base,0.0013843470774151934,valid,kge,structural,KGE_TGD_Base,,
02177000,IC-CMA-ES,train,CN-TGD,-0.0008098223727375231,valid,kge,structural,KGE_CN_TGD,,
02178400,IC-CMA-ES,test,CN-Base,0.01617679362521285,valid,kge,structural,KGE_CN_Base,,
02178400,IC-CMA-ES,test,TGD-Base,0.025385392031012644,valid,kge,structural,KGE_TGD_Base,,
02178400,IC-CMA-ES,test,CN-TGD,-0.009208598405799795,valid,kge,structural,KGE_CN_TGD,,
02178400,IC-CMA-ES,train,CN-Base,0.0003104786230495593,valid,kge,structural,KGE_CN_Base,,
02178400,IC-CMA-ES,train,TGD-Base,0.0026003054621119848,valid,kge,structural,KGE_TGD_Base,,
02178400,IC-CMA-ES,train,CN-TGD,-0.0022898268390624255,valid,kge,structural,KGE_CN_TGD,,
02193340,IC-CMA-ES,test,CN-Base,-0.014050867269505996,valid,kge,structural,KGE_CN_Base,,
02193340,IC-CMA-ES,test,TGD-Base,-0.013309892877441332,valid,kge,structural,KGE_TGD_Base,,
02193340,IC-CMA-ES,test,CN-TGD,-0.0007409743920646639,valid,kge,structural,KGE_CN_TGD,,
02193340,IC-CMA-ES,train,CN-Base,0.005866282347515628,valid,kge,structural,KGE_CN_Base,,
02193340,IC-CMA-ES,train,TGD-Base,-0.002375752498094408,valid,kge,structural,KGE_TGD_Base,,
02193340,IC-CMA-ES,train,CN-TGD,0.008242034845610036,valid,kge,structural,KGE_CN_TGD,,
02196000,IC-CMA-ES,test,CN-Base,-0.03942949499637116,valid,kge,structural,KGE_CN_Base,,
02196000,IC-CMA-ES,test,TGD-Base,-0.04372807299434689,valid,kge,structural,KGE_TGD_Base,,
02196000,IC-CMA-ES,test,CN-TGD,0.004298577997975728,valid,kge,structural,KGE_CN_TGD,,
02196000,IC-CMA-ES,train,CN-Base,0.0035690984114256086,valid,kge,structural,KGE_CN_Base,,
02196000,IC-CMA-ES,train,TGD-Base,-0.00587579906610014,valid,kge,structural,KGE_TGD_Base,,
02196000,IC-CMA-ES,train,CN-TGD,0.009444897477525749,valid,kge,structural,KGE_CN_TGD,,
02198100,IC-CMA-ES,test,CN-Base,0.0019986540779010076,valid,kge,structural,KGE_CN_Base,,
02198100,IC-CMA-ES,test,TGD-Base,0.008588439080585375,valid,kge,structural,KGE_TGD_Base,,
02198100,IC-CMA-ES,test,CN-TGD,-0.006589785002684367,valid,kge,structural,KGE_CN_TGD,,
02198100,IC-CMA-ES,train,CN-Base,-0.0012263909314819132,valid,kge,structural,KGE_CN_Base,,
02198100,IC-CMA-ES,train,TGD-Base,-0.0013400135795665902,valid,kge,structural,KGE_TGD_Base,,
02198100,IC-CMA-ES,train,CN-TGD,0.00011362264808467692,valid,kge,structural,KGE_CN_TGD,,
02202600,IC-CMA-ES,test,CN-Base,-0.013961140764160884,valid,kge,structural,KGE_CN_Base,,
02202600,IC-CMA-ES,test,TGD-Base,-0.0184819441337023,valid,kge,structural,KGE_TGD_Base,,
02202600,IC-CMA-ES,test,CN-TGD,0.004520803369541415,valid,kge,structural,KGE_CN_TGD,,
02202600,IC-CMA-ES,train,CN-Base,-0.0011706386657553969,valid,kge,structural,KGE_CN_Base,,
02202600,IC-CMA-ES,train,TGD-Base,-0.0007900210189576429,valid,kge,structural,KGE_TGD_Base,,
02202600,IC-CMA-ES,train,CN-TGD,-0.000380617646797754,valid,kge,structural,KGE_CN_TGD,,
02212600,IC-CMA-ES,test,CN-Base,0.002599999295610611,valid,kge,structural,KGE_CN_Base,,
02212600,IC-CMA-ES,test,TGD-Base,0.005095078593816305,valid,kge,structural,KGE_TGD_Base,,
02212600,IC-CMA-ES,test,CN-TGD,-0.0024950792982056935,valid,kge,structural,KGE_CN_TGD,,
02212600,IC-CMA-ES,train,CN-Base,0.003741482540897567,valid,kge,structural,KGE_CN_Base,,
02212600,IC-CMA-ES,train,TGD-Base,0.0011850670272423036,valid,kge,structural,KGE_TGD_Base,,
02212600,IC-CMA-ES,train,CN-TGD,0.0025564155136552635,valid,kge,structural,KGE_CN_TGD,,
02215100,IC-CMA-ES,test,CN-Base,7.353456106840017e-05,valid,kge,structural,KGE_CN_Base,,
02215100,IC-CMA-ES,test,TGD-Base,0.0001499867827107204,valid,kge,structural,KGE_TGD_Base,,
02215100,IC-CMA-ES,test,CN-TGD,-7.645222164232024e-05,valid,kge,structural,KGE_CN_TGD,,
02215100,IC-CMA-ES,train,CN-Base,5.695800363358927e-05,valid,kge,structural,KGE_CN_Base,,
02215100,IC-CMA-ES,train,TGD-Base,0.0011578346508184234,valid,kge,structural,KGE_TGD_Base,,
02215100,IC-CMA-ES,train,CN-TGD,-0.0011008766471848341,valid,kge,structural,KGE_CN_TGD,,
02216180,IC-CMA-ES,test,CN-Base,0.02278572023525327,valid,kge,structural,KGE_CN_Base,,
02216180,IC-CMA-ES,test,TGD-Base,0.027519519911503476,valid,kge,structural,KGE_TGD_Base,,
02216180,IC-CMA-ES,test,CN-TGD,-0.0047337996762502055,valid,kge,structural,KGE_CN_TGD,,
02216180,IC-CMA-ES,train,CN-Base,0.0033656959510534046,valid,kge,structural,KGE_CN_Base,,
02216180,IC-CMA-ES,train,TGD-Base,-0.0021148515056954587,valid,kge,structural,KGE_TGD_Base,,
02216180,IC-CMA-ES,train,CN-TGD,0.005480547456748863,valid,kge,structural,KGE_CN_TGD,,
02221525,IC-CMA-ES,test,CN-Base,0.005050796921642009,valid,kge,structural,KGE_CN_Base,,
02221525,IC-CMA-ES,test,TGD-Base,7.44348817378615e-05,valid,kge,structural,KGE_TGD_Base,,
02221525,IC-CMA-ES,test,CN-TGD,0.0049763620399041475,valid,kge,structural,KGE_CN_TGD,,
02221525,IC-CMA-ES,train,CN-Base,0.001473217570917229,valid,kge,structural,KGE_CN_Base,,
02221525,IC-CMA-ES,train,TGD-Base,-0.00019656943888080036,valid,kge,structural,KGE_TGD_Base,,
02221525,IC-CMA-ES,train,CN-TGD,0.0016697870097980294,valid,kge,structural,KGE_CN_TGD,,
02231000,IC-CMA-ES,test,CN-Base,0.006016740936356957,valid,kge,structural,KGE_CN_Base,,
02231000,IC-CMA-ES,test,TGD-Base,-0.013969396935626932,valid,kge,structural,KGE_TGD_Base,,
02231000,IC-CMA-ES,test,CN-TGD,0.01998613787198389,valid,kge,structural,KGE_CN_TGD,,
02231000,IC-CMA-ES,train,CN-Base,-0.0024337482669146704,valid,kge,structural,KGE_CN_Base,,
02231000,IC-CMA-ES,train,TGD-Base,-0.003549314391607994,valid,kge,structural,KGE_TGD_Base,,
02231000,IC-CMA-ES,train,CN-TGD,0.0011155661246933235,valid,kge,structural,KGE_CN_TGD,,
02245500,IC-CMA-ES,test,CN-Base,0.0005407669908140678,valid,kge,structural,KGE_CN_Base,,
02245500,IC-CMA-ES,test,TGD-Base,-0.001908845476589871,valid,kge,structural,KGE_TGD_Base,,
02245500,IC-CMA-ES,test,CN-TGD,0.002449612467403939,valid,kge,structural,KGE_CN_TGD,,
02245500,IC-CMA-ES,train,CN-Base,0.0007338740960562973,valid,kge,structural,KGE_CN_Base,,
02245500,IC-CMA-ES,train,TGD-Base,-0.0006854409512818682,valid,kge,structural,KGE_TGD_Base,,
02245500,IC-CMA-ES,train,CN-TGD,0.0014193150473381655,valid,kge,structural,KGE_CN_TGD,,
02246000,IC-CMA-ES,test,CN-Base,-0.044794162954777006,valid,kge,structural,KGE_CN_Base,,
02246000,IC-CMA-ES,test,TGD-Base,0.008247373059023566,valid,kge,structural,KGE_TGD_Base,,
02246000,IC-CMA-ES,test,CN-TGD,-0.05304153601380057,valid,kge,structural,KGE_CN_TGD,,
02246000,IC-CMA-ES,train,CN-Base,-0.0037811354171713996,valid,kge,structural,KGE_CN_Base,,
02246000,IC-CMA-ES,train,TGD-Base,-0.023416944480129764,valid,kge,structural,KGE_TGD_Base,,
02246000,IC-CMA-ES,train,CN-TGD,0.019635809062958365,valid,kge,structural,KGE_CN_TGD,,
02296500,IC-CMA-ES,test,CN-Base,-0.0021945425630698345,valid,kge,structural,KGE_CN_Base,,
02296500,IC-CMA-ES,test,TGD-Base,-0.012999162177460444,valid,kge,structural,KGE_TGD_Base,,
02296500,IC-CMA-ES,test,CN-TGD,0.01080461961439061,valid,kge,structural,KGE_CN_TGD,,
02296500,IC-CMA-ES,train,CN-Base,0.0018493031695503426,valid,kge,structural,KGE_CN_Base,,
02296500,IC-CMA-ES,train,TGD-Base,0.002332906364290843,valid,kge,structural,KGE_TGD_Base,,
02296500,IC-CMA-ES,train,CN-TGD,-0.0004836031947405006,valid,kge,structural,KGE_CN_TGD,,
02297155,IC-CMA-ES,test,CN-Base,0.007081907783326735,valid,kge,structural,KGE_CN_Base,,
02297155,IC-CMA-ES,test,TGD-Base,-0.0007698200969707969,valid,kge,structural,KGE_TGD_Base,,
02297155,IC-CMA-ES,test,CN-TGD,0.007851727880297532,valid,kge,structural,KGE_CN_TGD,,
02297155,IC-CMA-ES,train,CN-Base,-0.00420223952505816,valid,kge,structural,KGE_CN_Base,,
02297155,IC-CMA-ES,train,TGD-Base,-0.002440614501964977,valid,kge,structural,KGE_TGD_Base,,
02297155,IC-CMA-ES,train,CN-TGD,-0.001761625023093183,valid,kge,structural,KGE_CN_TGD,,
02297310,IC-CMA-ES,test,CN-Base,-0.03493433081276076,valid,kge,structural,KGE_CN_Base,,
02297310,IC-CMA-ES,test,TGD-Base,-0.032176968317174204,valid,kge,structural,KGE_TGD_Base,,
02297310,IC-CMA-ES,test,CN-TGD,-0.002757362495586557,valid,kge,structural,KGE_CN_TGD,,
02297310,IC-CMA-ES,train,CN-Base,-0.007243908143402922,valid,kge,structural,KGE_CN_Base,,
02297310,IC-CMA-ES,train,TGD-Base,-0.006005973763981043,valid,kge,structural,KGE_TGD_Base,,
02297310,IC-CMA-ES,train,CN-TGD,-0.001237934379421879,valid,kge,structural,KGE_CN_TGD,,
02298123,IC-CMA-ES,test,CN-Base,-0.007009541503104844,valid,kge,structural,KGE_CN_Base,,
02298123,IC-CMA-ES,test,TGD-Base,-0.0071601009708593955,valid,kge,structural,KGE_TGD_Base,,
02298123,IC-CMA-ES,test,CN-TGD,0.00015055946775455187,valid,kge,structural,KGE_CN_TGD,,
02298123,IC-CMA-ES,train,CN-Base,-6.545349673903189e-05,valid,kge,structural,KGE_CN_Base,,
02298123,IC-CMA-ES,train,TGD-Base,-0.00017850671973762555,valid,kge,structural,KGE_TGD_Base,,
02298123,IC-CMA-ES,train,CN-TGD,0.00011305322299859366,valid,kge,structural,KGE_CN_TGD,,
02298608,IC-CMA-ES,test,CN-Base,-0.021876209225638266,valid,kge,structural,KGE_CN_Base,,
02298608,IC-CMA-ES,test,TGD-Base,-0.01901225950898411,valid,kge,structural,KGE_TGD_Base,,
02298608,IC-CMA-ES,test,CN-TGD,-0.002863949716654157,valid,kge,structural,KGE_CN_TGD,,
02298608,IC-CMA-ES,train,CN-Base,0.004673879593392272,valid,kge,structural,KGE_CN_Base,,
02298608,IC-CMA-ES,train,TGD-Base,0.005779368307547328,valid,kge,structural,KGE_TGD_Base,,
02298608,IC-CMA-ES,train,CN-TGD,-0.0011054887141550562,valid,kge,structural,KGE_CN_TGD,,
02299950,IC-CMA-ES,test,CN-Base,0.007642330870397784,valid,kge,structural,KGE_CN_Base,,
02299950,IC-CMA-ES,test,TGD-Base,-0.008789175435553687,valid,kge,structural,KGE_TGD_Base,,
02299950,IC-CMA-ES,test,CN-TGD,0.01643150630595147,valid,kge,structural,KGE_CN_TGD,,
02299950,IC-CMA-ES,train,CN-Base,-0.0013167686288074743,valid,kge,structural,KGE_CN_Base,,
02299950,IC-CMA-ES,train,TGD-Base,-0.0021275082709425464,valid,kge,structural,KGE_TGD_Base,,
02299950,IC-CMA-ES,train,CN-TGD,0.0008107396421350721,valid,kge,structural,KGE_CN_TGD,,
02300700,IC-CMA-ES,test,CN-Base,1.8050029589100625e-05,valid,kge,structural,KGE_CN_Base,,
02300700,IC-CMA-ES,test,TGD-Base,0.0262081510649832,valid,kge,structural,KGE_TGD_Base,,
02300700,IC-CMA-ES,test,CN-TGD,-0.026190101035394098,valid,kge,structural,KGE_CN_TGD,,
02300700,IC-CMA-ES,train,CN-Base,-5.0438959675602746e-09,valid,kge,structural,KGE_CN_Base,,
02300700,IC-CMA-ES,train,TGD-Base,0.0028762300121318862,valid,kge,structural,KGE_TGD_Base,,
02300700,IC-CMA-ES,train,CN-TGD,-0.002876235056027854,valid,kge,structural,KGE_CN_TGD,,
02342933,IC-CMA-ES,test,CN-Base,0.025239858709352525,valid,kge,structural,KGE_CN_Base,,
02342933,IC-CMA-ES,test,TGD-Base,0.025891455584533096,valid,kge,structural,KGE_TGD_Base,,
02342933,IC-CMA-ES,test,CN-TGD,-0.0006515968751805712,valid,kge,structural,KGE_CN_TGD,,
02342933,IC-CMA-ES,train,CN-Base,-0.0024776445818526227,valid,kge,structural,KGE_CN_Base,,
02342933,IC-CMA-ES,train,TGD-Base,-0.002010949346819557,valid,kge,structural,KGE_TGD_Base,,
02342933,IC-CMA-ES,train,CN-TGD,-0.00046669523503306554,valid,kge,structural,KGE_CN_TGD,,
02349900,IC-CMA-ES,test,CN-Base,0.0158920014590338,valid,kge,structural,KGE_CN_Base,,
02349900,IC-CMA-ES,test,TGD-Base,-9.056319916300737e-05,valid,kge,structural,KGE_TGD_Base,,
02349900,IC-CMA-ES,test,CN-TGD,0.015982564658196807,valid,kge,structural,KGE_CN_TGD,,
02349900,IC-CMA-ES,train,CN-Base,-0.006815563463332008,valid,kge,structural,KGE_CN_Base,,
02349900,IC-CMA-ES,train,TGD-Base,-9.957844248065228e-07,valid,kge,structural,KGE_TGD_Base,,
02349900,IC-CMA-ES,train,CN-TGD,-0.006814567678907202,valid,kge,structural,KGE_CN_TGD,,
02350900,IC-CMA-ES,test,CN-Base,-0.0036393757479344924,valid,kge,structural,KGE_CN_Base,,
02350900,IC-CMA-ES,test,TGD-Base,0.003686900872835297,valid,kge,structural,KGE_TGD_Base,,
02350900,IC-CMA-ES,test,CN-TGD,-0.007326276620769789,valid,kge,structural,KGE_CN_TGD,,
02350900,IC-CMA-ES,train,CN-Base,-0.0019768273336575604,valid,kge,structural,KGE_CN_Base,,
02350900,IC-CMA-ES,train,TGD-Base,-0.0020180919953332044,valid,kge,structural,KGE_TGD_Base,,
02350900,IC-CMA-ES,train,CN-TGD,4.126466167564402e-05,valid,kge,structural,KGE_CN_TGD,,
02361000,IC-CMA-ES,test,CN-Base,-0.01112404245446763,valid,kge,structural,KGE_CN_Base,,
02361000,IC-CMA-ES,test,TGD-Base,0.0376539505389224,valid,kge,structural,KGE_TGD_Base,,
02361000,IC-CMA-ES,test,CN-TGD,-0.04877799299339003,valid,kge,structural,KGE_CN_TGD,,
02361000,IC-CMA-ES,train,CN-Base,-0.0048267590060392385,valid,kge,structural,KGE_CN_Base,,
02361000,IC-CMA-ES,train,TGD-Base,-0.006997824104735817,valid,kge,structural,KGE_TGD_Base,,
02361000,IC-CMA-ES,train,CN-TGD,0.0021710650986965785,valid,kge,structural,KGE_CN_TGD,,
02363000,IC-CMA-ES,test,CN-Base,0.017223885199004307,valid,kge,structural,KGE_CN_Base,,
02363000,IC-CMA-ES,test,TGD-Base,0.013982788981516503,valid,kge,structural,KGE_TGD_Base,,
02363000,IC-CMA-ES,test,CN-TGD,0.0032410962174878044,valid,kge,structural,KGE_CN_TGD,,
02363000,IC-CMA-ES,train,CN-Base,0.0015690761969952005,valid,kge,structural,KGE_CN_Base,,
02363000,IC-CMA-ES,train,TGD-Base,0.0033759387216988346,valid,kge,structural,KGE_TGD_Base,,
02363000,IC-CMA-ES,train,CN-TGD,-0.001806862524703634,valid,kge,structural,KGE_CN_TGD,,
02369800,IC-CMA-ES,test,CN-Base,0.01373009866250563,valid,kge,structural,KGE_CN_Base,,
02369800,IC-CMA-ES,test,TGD-Base,0.00015340169294997263,valid,kge,structural,KGE_TGD_Base,,
02369800,IC-CMA-ES,test,CN-TGD,0.013576696969555657,valid,kge,structural,KGE_CN_TGD,,
02369800,IC-CMA-ES,train,CN-Base,-0.0009348142475055221,valid,kge,structural,KGE_CN_Base,,
02369800,IC-CMA-ES,train,TGD-Base,0.0007781909656654484,valid,kge,structural,KGE_TGD_Base,,
02369800,IC-CMA-ES,train,CN-TGD,-0.0017130052131709705,valid,kge,structural,KGE_CN_TGD,,
02371500,IC-CMA-ES,test,CN-Base,0.01295153260497961,valid,kge,structural,KGE_CN_Base,,
02371500,IC-CMA-ES,test,TGD-Base,0.026057303176354463,valid,kge,structural,KGE_TGD_Base,,
02371500,IC-CMA-ES,test,CN-TGD,-0.013105770571374853,valid,kge,structural,KGE_CN_TGD,,
02371500,IC-CMA-ES,train,CN-Base,0.0021357900265207563,valid,kge,structural,KGE_CN_Base,,
02371500,IC-CMA-ES,train,TGD-Base,-0.0011135003454053605,valid,kge,structural,KGE_TGD_Base,,
02371500,IC-CMA-ES,train,CN-TGD,0.003249290371926117,valid,kge,structural,KGE_CN_TGD,,
02372250,IC-CMA-ES,test,CN-Base,-0.001516431744475466,valid,kge,structural,KGE_CN_Base,,
02372250,IC-CMA-ES,test,TGD-Base,0.0010596689648416646,valid,kge,structural,KGE_TGD_Base,,
02372250,IC-CMA-ES,test,CN-TGD,-0.0025761007093171306,valid,kge,structural,KGE_CN_TGD,,
02372250,IC-CMA-ES,train,CN-Base,-1.5229130140403946e-05,valid,kge,structural,KGE_CN_Base,,
02372250,IC-CMA-ES,train,TGD-Base,-0.013861615995412357,valid,kge,structural,KGE_TGD_Base,,
02372250,IC-CMA-ES,train,CN-TGD,0.013846386865271954,valid,kge,structural,KGE_CN_TGD,,
02374500,IC-CMA-ES,test,CN-Base,-0.013967158930359824,valid,kge,structural,KGE_CN_Base,,
02374500,IC-CMA-ES,test,TGD-Base,0.0012739182839143215,valid,kge,structural,KGE_TGD_Base,,
02374500,IC-CMA-ES,test,CN-TGD,-0.015241077214274146,valid,kge,structural,KGE_CN_TGD,,
02374500,IC-CMA-ES,train,CN-Base,-0.00013020866725876878,valid,kge,structural,KGE_CN_Base,,
02374500,IC-CMA-ES,train,TGD-Base,-1.557876138680303e-05,valid,kge,structural,KGE_TGD_Base,,
02374500,IC-CMA-ES,train,CN-TGD,-0.00011462990587196575,valid,kge,structural,KGE_CN_TGD,,
02381600,IC-CMA-ES,test,CN-Base,-0.006496892410422617,valid,kge,structural,KGE_CN_Base,,
02381600,IC-CMA-ES,test,TGD-Base,-0.00033281303204235613,valid,kge,structural,KGE_TGD_Base,,
02381600,IC-CMA-ES,test,CN-TGD,-0.0061640793783802605,valid,kge,structural,KGE_CN_TGD,,
02381600,IC-CMA-ES,train,CN-Base,-0.0038426267070417186,valid,kge,structural,KGE_CN_Base,,
02381600,IC-CMA-ES,train,TGD-Base,-0.00024391491332265147,valid,kge,structural,KGE_TGD_Base,,
02381600,IC-CMA-ES,train,CN-TGD,-0.003598711793719067,valid,kge,structural,KGE_CN_TGD,,
02384540,IC-CMA-ES,test,CN-Base,0.010128095858379538,valid,kge,structural,KGE_CN_Base,,
02384540,IC-CMA-ES,test,TGD-Base,0.008616345313677887,valid,kge,structural,KGE_TGD_Base,,
02384540,IC-CMA-ES,test,CN-TGD,0.001511750544701651,valid,kge,structural,KGE_CN_TGD,,
02384540,IC-CMA-ES,train,CN-Base,0.006902335773720791,valid,kge,structural,KGE_CN_Base,,
02384540,IC-CMA-ES,train,TGD-Base,0.005693625076896303,valid,kge,structural,KGE_TGD_Base,,
02384540,IC-CMA-ES,train,CN-TGD,0.0012087106968244887,valid,kge,structural,KGE_CN_TGD,,
02395120,IC-CMA-ES,test,CN-Base,-0.007843554153375898,valid,kge,structural,KGE_CN_Base,,
02395120,IC-CMA-ES,test,TGD-Base,-0.000456270923601676,valid,kge,structural,KGE_TGD_Base,,
02395120,IC-CMA-ES,test,CN-TGD,-0.007387283229774222,valid,kge,structural,KGE_CN_TGD,,
02395120,IC-CMA-ES,train,CN-Base,-0.003280421806508116,valid,kge,structural,KGE_CN_Base,,
02395120,IC-CMA-ES,train,TGD-Base,0.0032137589993064264,valid,kge,structural,KGE_TGD_Base,,
02395120,IC-CMA-ES,train,CN-TGD,-0.006494180805814542,valid,kge,structural,KGE_CN_TGD,,
02415000,IC-CMA-ES,test,CN-Base,-0.002777651106382395,valid,kge,structural,KGE_CN_Base,,
02415000,IC-CMA-ES,test,TGD-Base,0.0073987491482994105,valid,kge,structural,KGE_TGD_Base,,
02415000,IC-CMA-ES,test,CN-TGD,-0.010176400254681806,valid,kge,structural,KGE_CN_TGD,,
02415000,IC-CMA-ES,train,CN-Base,-0.0015652710631316458,valid,kge,structural,KGE_CN_Base,,
02415000,IC-CMA-ES,train,TGD-Base,-0.0006705806303399786,valid,kge,structural,KGE_TGD_Base,,
02415000,IC-CMA-ES,train,CN-TGD,-0.0008946904327916672,valid,kge,structural,KGE_CN_TGD,,
02427250,IC-CMA-ES,test,CN-Base,-0.0038804860878185465,valid,kge,structural,KGE_CN_Base,,
02427250,IC-CMA-ES,test,TGD-Base,-0.0002056587178359548,valid,kge,structural,KGE_TGD_Base,,
02427250,IC-CMA-ES,test,CN-TGD,-0.0036748273699825917,valid,kge,structural,KGE_CN_TGD,,
02427250,IC-CMA-ES,train,CN-Base,0.003822132923714028,valid,kge,structural,KGE_CN_Base,,
02427250,IC-CMA-ES,train,TGD-Base,0.0007715675467747651,valid,kge,structural,KGE_TGD_Base,,
02427250,IC-CMA-ES,train,CN-TGD,0.0030505653769392627,valid,kge,structural,KGE_CN_TGD,,
02430085,IC-CMA-ES,test,CN-Base,-0.00307001931937656,valid,kge,structural,KGE_CN_Base,,
02430085,IC-CMA-ES,test,TGD-Base,0.00820921666120289,valid,kge,structural,KGE_TGD_Base,,
02430085,IC-CMA-ES,test,CN-TGD,-0.01127923598057945,valid,kge,structural,KGE_CN_TGD,,
02430085,IC-CMA-ES,train,CN-Base,0.005398799122338871,valid,kge,structural,KGE_CN_Base,,
02430085,IC-CMA-ES,train,TGD-Base,0.0034846792936302773,valid,kge,structural,KGE_TGD_Base,,
02430085,IC-CMA-ES,train,CN-TGD,0.0019141198287085937,valid,kge,structural,KGE_CN_TGD,,
02450250,IC-CMA-ES,test,CN-Base,-0.0302310364241688,valid,kge,structural,KGE_CN_Base,,
02450250,IC-CMA-ES,test,TGD-Base,-0.0035057088533873015,valid,kge,structural,KGE_TGD_Base,,
02450250,IC-CMA-ES,test,CN-TGD,-0.0267253275707815,valid,kge,structural,KGE_CN_TGD,,
02450250,IC-CMA-ES,train,CN-Base,0.0042012574417813475,valid,kge,structural,KGE_CN_Base,,
02450250,IC-CMA-ES,train,TGD-Base,0.0030265258834727415,valid,kge,structural,KGE_TGD_Base,,
02450250,IC-CMA-ES,train,CN-TGD,0.001174731558308606,valid,kge,structural,KGE_CN_TGD,,
02464000,IC-CMA-ES,test,CN-Base,-0.020810582291389768,valid,kge,structural,KGE_CN_Base,,
02464000,IC-CMA-ES,test,TGD-Base,0.003206165537584793,valid,kge,structural,KGE_TGD_Base,,
02464000,IC-CMA-ES,test,CN-TGD,-0.02401674782897456,valid,kge,structural,KGE_CN_TGD,,
02464000,IC-CMA-ES,train,CN-Base,-0.0002605529089841907,valid,kge,structural,KGE_CN_Base,,
02464000,IC-CMA-ES,train,TGD-Base,0.0003329127334635862,valid,kge,structural,KGE_TGD_Base,,
02464000,IC-CMA-ES,train,CN-TGD,-0.0005934656424477769,valid,kge,structural,KGE_CN_TGD,,
02464360,IC-CMA-ES,test,CN-Base,0.024297858991833787,valid,kge,structural,KGE_CN_Base,,
02464360,IC-CMA-ES,test,TGD-Base,0.035444955776632425,valid,kge,structural,KGE_TGD_Base,,
02464360,IC-CMA-ES,test,CN-TGD,-0.011147096784798638,valid,kge,structural,KGE_CN_TGD,,
02464360,IC-CMA-ES,train,CN-Base,-0.0016000268201610268,valid,kge,structural,KGE_CN_Base,,
02464360,IC-CMA-ES,train,TGD-Base,3.5091635939399346e-05,valid,kge,structural,KGE_TGD_Base,,
02464360,IC-CMA-ES,train,CN-TGD,-0.0016351184561004262,valid,kge,structural,KGE_CN_TGD,,
02465493,IC-CMA-ES,test,CN-Base,-0.04065022003401708,valid,kge,structural,KGE_CN_Base,,
02465493,IC-CMA-ES,test,TGD-Base,-0.04351992165847407,valid,kge,structural,KGE_TGD_Base,,
02465493,IC-CMA-ES,test,CN-TGD,0.0028697016244569884,valid,kge,structural,KGE_CN_TGD,,
02465493,IC-CMA-ES,train,CN-Base,0.001581143244107186,valid,kge,structural,KGE_CN_Base,,
02465493,IC-CMA-ES,train,TGD-Base,0.0010897962613519718,valid,kge,structural,KGE_TGD_Base,,
02465493,IC-CMA-ES,train,CN-TGD,0.0004913469827552142,valid,kge,structural,KGE_CN_TGD,,
02469800,IC-CMA-ES,test,CN-Base,0.013031735457805449,valid,kge,structural,KGE_CN_Base,,
02469800,IC-CMA-ES,test,TGD-Base,-0.007598049584274791,valid,kge,structural,KGE_TGD_Base,,
02469800,IC-CMA-ES,test,CN-TGD,0.02062978504208024,valid,kge,structural,KGE_CN_TGD,,
02469800,IC-CMA-ES,train,CN-Base,-0.0006164415010293522,valid,kge,structural,KGE_CN_Base,,
02469800,IC-CMA-ES,train,TGD-Base,-0.0019261728905423103,valid,kge,structural,KGE_TGD_Base,,
02469800,IC-CMA-ES,train,CN-TGD,0.001309731389512958,valid,kge,structural,KGE_CN_TGD,,
02472000,IC-CMA-ES,test,CN-Base,-0.00805730836058638,valid,kge,structural,KGE_CN_Base,,
02472000,IC-CMA-ES,test,TGD-Base,-0.01804512279204762,valid,kge,structural,KGE_TGD_Base,,
02472000,IC-CMA-ES,test,CN-TGD,0.00998781443146124,valid,kge,structural,KGE_CN_TGD,,
02472000,IC-CMA-ES,train,CN-Base,0.0007764129490516192,valid,kge,structural,KGE_CN_Base,,
02472000,IC-CMA-ES,train,TGD-Base,-0.0015038417035520002,valid,kge,structural,KGE_TGD_Base,,
02472000,IC-CMA-ES,train,CN-TGD,0.0022802546526036194,valid,kge,structural,KGE_CN_TGD,,
02472500,IC-CMA-ES,test,CN-Base,0.01273883559154565,valid,kge,structural,KGE_CN_Base,,
02472500,IC-CMA-ES,test,TGD-Base,0.023268472509337057,valid,kge,structural,KGE_TGD_Base,,
02472500,IC-CMA-ES,test,CN-TGD,-0.010529636917791407,valid,kge,structural,KGE_CN_TGD,,
02472500,IC-CMA-ES,train,CN-Base,-0.0036314194738864547,valid,kge,structural,KGE_CN_Base,,
02472500,IC-CMA-ES,train,TGD-Base,-2.078608048161623e-05,valid,kge,structural,KGE_TGD_Base,,
02472500,IC-CMA-ES,train,CN-TGD,-0.0036106333934048385,valid,kge,structural,KGE_CN_TGD,,
02479155,IC-CMA-ES,test,CN-Base,-0.011422491334693197,valid,kge,structural,KGE_CN_Base,,
02479155,IC-CMA-ES,test,TGD-Base,0.009460108924433941,valid,kge,structural,KGE_TGD_Base,,
02479155,IC-CMA-ES,test,CN-TGD,-0.020882600259127138,valid,kge,structural,KGE_CN_TGD,,
02479155,IC-CMA-ES,train,CN-Base,0.00021754287650521675,valid,kge,structural,KGE_CN_Base,,
02479155,IC-CMA-ES,train,TGD-Base,-0.00042059666890681413,valid,kge,structural,KGE_TGD_Base,,
02479155,IC-CMA-ES,train,CN-TGD,0.0006381395454120309,valid,kge,structural,KGE_CN_TGD,,
02479300,IC-CMA-ES,test,CN-Base,0.00034910544914890096,valid,kge,structural,KGE_CN_Base,,
02479300,IC-CMA-ES,test,TGD-Base,0.002160233007449941,valid,kge,structural,KGE_TGD_Base,,
02479300,IC-CMA-ES,test,CN-TGD,-0.00181112755830104,valid,kge,structural,KGE_CN_TGD,,
02479300,IC-CMA-ES,train,CN-Base,-0.00013246982625481074,valid,kge,structural,KGE_CN_Base,,
02479300,IC-CMA-ES,train,TGD-Base,8.567716781593404e-06,valid,kge,structural,KGE_TGD_Base,,
02479300,IC-CMA-ES,train,CN-TGD,-0.00014103754303640414,valid,kge,structural,KGE_CN_TGD,,
02479560,IC-CMA-ES,test,CN-Base,-0.00214521181508609,valid,kge,structural,KGE_CN_Base,,
02479560,IC-CMA-ES,test,TGD-Base,-0.005219711173727881,valid,kge,structural,KGE_TGD_Base,,
02479560,IC-CMA-ES,test,CN-TGD,0.0030744993586417912,valid,kge,structural,KGE_CN_TGD,,
02479560,IC-CMA-ES,train,CN-Base,0.00034416146087346,valid,kge,structural,KGE_CN_Base,,
02479560,IC-CMA-ES,train,TGD-Base,0.0014422093690293902,valid,kge,structural,KGE_TGD_Base,,
02479560,IC-CMA-ES,train,CN-TGD,-0.0010980479081559302,valid,kge,structural,KGE_CN_TGD,,
02481000,IC-CMA-ES,test,CN-Base,-0.01045123060607378,valid,kge,structural,KGE_CN_Base,,
02481000,IC-CMA-ES,test,TGD-Base,-0.010486297422399149,valid,kge,structural,KGE_TGD_Base,,
02481000,IC-CMA-ES,test,CN-TGD,3.506681632536868e-05,valid,kge,structural,KGE_CN_TGD,,
02481000,IC-CMA-ES,train,CN-Base,-0.008083463296396864,valid,kge,structural,KGE_CN_Base,,
02481000,IC-CMA-ES,train,TGD-Base,-0.007930700295702975,valid,kge,structural,KGE_TGD_Base,,
02481000,IC-CMA-ES,train,CN-TGD,-0.0001527630006938896,valid,kge,structural,KGE_CN_TGD,,
02481510,IC-CMA-ES,test,CN-Base,0.00523232521021022,valid,kge,structural,KGE_CN_Base,,
02481510,IC-CMA-ES,test,TGD-Base,-0.02986434461792775,valid,kge,structural,KGE_TGD_Base,,
02481510,IC-CMA-ES,test,CN-TGD,0.03509666982813797,valid,kge,structural,KGE_CN_TGD,,
02481510,IC-CMA-ES,train,CN-Base,0.003547329263332344,valid,kge,structural,KGE_CN_Base,,
02481510,IC-CMA-ES,train,TGD-Base,0.00520084556983913,valid,kge,structural,KGE_TGD_Base,,
02481510,IC-CMA-ES,train,CN-TGD,-0.001653516306506786,valid,kge,structural,KGE_CN_TGD,,
03010655,IC-CMA-ES,test,CN-Base,0.11905924809055446,valid,kge,structural,KGE_CN_Base,,
03010655,IC-CMA-ES,test,TGD-Base,0.024966300819814546,valid,kge,structural,KGE_TGD_Base,,
03010655,IC-CMA-ES,test,CN-TGD,0.09409294727073991,valid,kge,structural,KGE_CN_TGD,,
03010655,IC-CMA-ES,train,CN-Base,0.1500313994928566,valid,kge,structural,KGE_CN_Base,,
03010655,IC-CMA-ES,train,TGD-Base,0.04446418150841969,valid,kge,structural,KGE_TGD_Base,,
03010655,IC-CMA-ES,train,CN-TGD,0.10556721798443691,valid,kge,structural,KGE_CN_TGD,,
03011800,IC-CMA-ES,test,CN-Base,0.09319908618196848,valid,kge,structural,KGE_CN_Base,,
03011800,IC-CMA-ES,test,TGD-Base,0.04291674230744025,valid,kge,structural,KGE_TGD_Base,,
03011800,IC-CMA-ES,test,CN-TGD,0.050282343874528235,valid,kge,structural,KGE_CN_TGD,,
03011800,IC-CMA-ES,train,CN-Base,0.10189224329768987,valid,kge,structural,KGE_CN_Base,,
03011800,IC-CMA-ES,train,TGD-Base,0.02460482509944084,valid,kge,structural,KGE_TGD_Base,,
03011800,IC-CMA-ES,train,CN-TGD,0.07728741819824902,valid,kge,structural,KGE_CN_TGD,,
03015500,IC-CMA-ES,test,CN-Base,0.14895291879042905,valid,kge,structural,KGE_CN_Base,,
03015500,IC-CMA-ES,test,TGD-Base,0.04326808414419114,valid,kge,structural,KGE_TGD_Base,,
03015500,IC-CMA-ES,test,CN-TGD,0.1056848346462379,valid,kge,structural,KGE_CN_TGD,,
03015500,IC-CMA-ES,train,CN-Base,0.14981655528120474,valid,kge,structural,KGE_CN_Base,,
03015500,IC-CMA-ES,train,TGD-Base,0.06809424504971384,valid,kge,structural,KGE_TGD_Base,,
03015500,IC-CMA-ES,train,CN-TGD,0.0817223102314909,valid,kge,structural,KGE_CN_TGD,,
03021350,IC-CMA-ES,test,CN-Base,0.15044740283138125,valid,kge,structural,KGE_CN_Base,,
03021350,IC-CMA-ES,test,TGD-Base,0.043440108256377785,valid,kge,structural,KGE_TGD_Base,,
03021350,IC-CMA-ES,test,CN-TGD,0.10700729457500346,valid,kge,structural,KGE_CN_TGD,,
03021350,IC-CMA-ES,train,CN-Base,0.18911583888493677,valid,kge,structural,KGE_CN_Base,,
03021350,IC-CMA-ES,train,TGD-Base,0.07934371327717238,valid,kge,structural,KGE_TGD_Base,,
03021350,IC-CMA-ES,train,CN-TGD,0.10977212560776439,valid,kge,structural,KGE_CN_TGD,,
03026500,IC-CMA-ES,test,CN-Base,0.11182118876217784,valid,kge,structural,KGE_CN_Base,,
03026500,IC-CMA-ES,test,TGD-Base,0.025092639878827483,valid,kge,structural,KGE_TGD_Base,,
03026500,IC-CMA-ES,test,CN-TGD,0.08672854888335035,valid,kge,structural,KGE_CN_TGD,,
03026500,IC-CMA-ES,train,CN-Base,0.09926113672160619,valid,kge,structural,KGE_CN_Base,,
03026500,IC-CMA-ES,train,TGD-Base,0.021614299011505356,valid,kge,structural,KGE_TGD_Base,,
03026500,IC-CMA-ES,train,CN-TGD,0.07764683771010084,valid,kge,structural,KGE_CN_TGD,,
03028000,IC-CMA-ES,test,CN-Base,0.1459943048359269,valid,kge,structural,KGE_CN_Base,,
03028000,IC-CMA-ES,test,TGD-Base,0.028409030839760985,valid,kge,structural,KGE_TGD_Base,,
03028000,IC-CMA-ES,test,CN-TGD,0.11758527399616592,valid,kge,structural,KGE_CN_TGD,,
03028000,IC-CMA-ES,train,CN-Base,0.14877432248075617,valid,kge,structural,KGE_CN_Base,,
03028000,IC-CMA-ES,train,TGD-Base,0.0211180845802994,valid,kge,structural,KGE_TGD_Base,,
03028000,IC-CMA-ES,train,CN-TGD,0.12765623790045677,valid,kge,structural,KGE_CN_TGD,,
03049000,IC-CMA-ES,test,CN-Base,0.005313261330743835,valid,kge,structural,KGE_CN_Base,,
03049000,IC-CMA-ES,test,TGD-Base,-0.006631465468853515,valid,kge,structural,KGE_TGD_Base,,
03049000,IC-CMA-ES,test,CN-TGD,0.01194472679959735,valid,kge,structural,KGE_CN_TGD,,
03049000,IC-CMA-ES,train,CN-Base,0.041352189942290396,valid,kge,structural,KGE_CN_Base,,
03049000,IC-CMA-ES,train,TGD-Base,0.021098180284800816,valid,kge,structural,KGE_TGD_Base,,
03049000,IC-CMA-ES,train,CN-TGD,0.02025400965748958,valid,kge,structural,KGE_CN_TGD,,
03049800,IC-CMA-ES,test,CN-Base,0.12304881006382856,valid,kge,structural,KGE_CN_Base,,
03049800,IC-CMA-ES,test,TGD-Base,0.10155862223988393,valid,kge,structural,KGE_TGD_Base,,
03049800,IC-CMA-ES,test,CN-TGD,0.02149018782394463,valid,kge,structural,KGE_CN_TGD,,
03049800,IC-CMA-ES,train,CN-Base,0.03058883569800397,valid,kge,structural,KGE_CN_Base,,
03049800,IC-CMA-ES,train,TGD-Base,0.021492671660847118,valid,kge,structural,KGE_TGD_Base,,
03049800,IC-CMA-ES,train,CN-TGD,0.00909616403715685,valid,kge,structural,KGE_CN_TGD,,
03050000,IC-CMA-ES,test,CN-Base,0.03688591069822322,valid,kge,structural,KGE_CN_Base,,
03050000,IC-CMA-ES,test,TGD-Base,0.03026144436147382,valid,kge,structural,KGE_TGD_Base,,
03050000,IC-CMA-ES,test,CN-TGD,0.006624466336749402,valid,kge,structural,KGE_CN_TGD,,
03050000,IC-CMA-ES,train,CN-Base,0.03035999273332224,valid,kge,structural,KGE_CN_Base,,
03050000,IC-CMA-ES,train,TGD-Base,0.020080061586219222,valid,kge,structural,KGE_TGD_Base,,
03050000,IC-CMA-ES,train,CN-TGD,0.010279931147103016,valid,kge,structural,KGE_CN_TGD,,
03069500,IC-CMA-ES,test,CN-Base,0.09369465623635309,valid,kge,structural,KGE_CN_Base,,
03069500,IC-CMA-ES,test,TGD-Base,0.025628438619253457,valid,kge,structural,KGE_TGD_Base,,
03069500,IC-CMA-ES,test,CN-TGD,0.06806621761709963,valid,kge,structural,KGE_CN_TGD,,
03069500,IC-CMA-ES,train,CN-Base,0.06325718689199222,valid,kge,structural,KGE_CN_Base,,
03069500,IC-CMA-ES,train,TGD-Base,0.008166770901624543,valid,kge,structural,KGE_TGD_Base,,
03069500,IC-CMA-ES,train,CN-TGD,0.05509041599036768,valid,kge,structural,KGE_CN_TGD,,
03070500,IC-CMA-ES,test,CN-Base,0.07261795179716368,valid,kge,structural,KGE_CN_Base,,
03070500,IC-CMA-ES,test,TGD-Base,0.02178195023184626,valid,kge,structural,KGE_TGD_Base,,
03070500,IC-CMA-ES,test,CN-TGD,0.050836001565317424,valid,kge,structural,KGE_CN_TGD,,
03070500,IC-CMA-ES,train,CN-Base,0.06331948088991868,valid,kge,structural,KGE_CN_Base,,
03070500,IC-CMA-ES,train,TGD-Base,0.028584322257149908,valid,kge,structural,KGE_TGD_Base,,
03070500,IC-CMA-ES,train,CN-TGD,0.03473515863276877,valid,kge,structural,KGE_CN_TGD,,
03076600,IC-CMA-ES,test,CN-Base,0.11175671494865913,valid,kge,structural,KGE_CN_Base,,
03076600,IC-CMA-ES,test,TGD-Base,0.04602672514633277,valid,kge,structural,KGE_TGD_Base,,
03076600,IC-CMA-ES,test,CN-TGD,0.06572998980232636,valid,kge,structural,KGE_CN_TGD,,
03076600,IC-CMA-ES,train,CN-Base,0.14073162297013908,valid,kge,structural,KGE_CN_Base,,
03076600,IC-CMA-ES,train,TGD-Base,0.08744606138598132,valid,kge,structural,KGE_TGD_Base,,
03076600,IC-CMA-ES,train,CN-TGD,0.05328556158415776,valid,kge,structural,KGE_CN_TGD,,
03078000,IC-CMA-ES,test,CN-Base,0.15731621914461347,valid,kge,structural,KGE_CN_Base,,
03078000,IC-CMA-ES,test,TGD-Base,0.05775076753455244,valid,kge,structural,KGE_TGD_Base,,
03078000,IC-CMA-ES,test,CN-TGD,0.09956545161006103,valid,kge,structural,KGE_CN_TGD,,
03078000,IC-CMA-ES,train,CN-Base,0.1692509999989834,valid,kge,structural,KGE_CN_Base,,
03078000,IC-CMA-ES,train,TGD-Base,0.0836433848857584,valid,kge,structural,KGE_TGD_Base,,
03078000,IC-CMA-ES,train,CN-TGD,0.08560761511322501,valid,kge,structural,KGE_CN_TGD,,
03140000,IC-CMA-ES,test,CN-Base,0.010683913800034195,valid,kge,structural,KGE_CN_Base,,
03140000,IC-CMA-ES,test,TGD-Base,0.019460757293531472,valid,kge,structural,KGE_TGD_Base,,
03140000,IC-CMA-ES,test,CN-TGD,-0.008776843493497277,valid,kge,structural,KGE_CN_TGD,,
03140000,IC-CMA-ES,train,CN-Base,0.022858376869896335,valid,kge,structural,KGE_CN_Base,,
03140000,IC-CMA-ES,train,TGD-Base,0.014466568109987143,valid,kge,structural,KGE_TGD_Base,,
03140000,IC-CMA-ES,train,CN-TGD,0.008391808759909192,valid,kge,structural,KGE_CN_TGD,,
03144000,IC-CMA-ES,test,CN-Base,0.009815240915347134,valid,kge,structural,KGE_CN_Base,,
03144000,IC-CMA-ES,test,TGD-Base,-0.00800073008008062,valid,kge,structural,KGE_TGD_Base,,
03144000,IC-CMA-ES,test,CN-TGD,0.017815970995427755,valid,kge,structural,KGE_CN_TGD,,
03144000,IC-CMA-ES,train,CN-Base,0.010046532555459842,valid,kge,structural,KGE_CN_Base,,
03144000,IC-CMA-ES,train,TGD-Base,0.010195682062124733,valid,kge,structural,KGE_TGD_Base,,
03144000,IC-CMA-ES,train,CN-TGD,-0.0001491495066648918,valid,kge,structural,KGE_CN_TGD,,
03170000,IC-CMA-ES,test,CN-Base,0.03838059083953871,valid,kge,structural,KGE_CN_Base,,
03170000,IC-CMA-ES,test,TGD-Base,0.018907551666451194,valid,kge,structural,KGE_TGD_Base,,
03170000,IC-CMA-ES,test,CN-TGD,0.019473039173087514,valid,kge,structural,KGE_CN_TGD,,
03170000,IC-CMA-ES,train,CN-Base,0.015176362752907124,valid,kge,structural,KGE_CN_Base,,
03170000,IC-CMA-ES,train,TGD-Base,0.011564273379557788,valid,kge,structural,KGE_TGD_Base,,
03170000,IC-CMA-ES,train,CN-TGD,0.0036120893733493364,valid,kge,structural,KGE_CN_TGD,,
03173000,IC-CMA-ES,test,CN-Base,0.10505984160599258,valid,kge,structural,KGE_CN_Base,,
03173000,IC-CMA-ES,test,TGD-Base,0.0655562596805358,valid,kge,structural,KGE_TGD_Base,,
03173000,IC-CMA-ES,test,CN-TGD,0.03950358192545678,valid,kge,structural,KGE_CN_TGD,,
03173000,IC-CMA-ES,train,CN-Base,0.07280011478320747,valid,kge,structural,KGE_CN_Base,,
03173000,IC-CMA-ES,train,TGD-Base,0.049187338306856954,valid,kge,structural,KGE_TGD_Base,,
03173000,IC-CMA-ES,train,CN-TGD,0.023612776476350517,valid,kge,structural,KGE_CN_TGD,,
03180500,IC-CMA-ES,test,CN-Base,0.11224859227883455,valid,kge,structural,KGE_CN_Base,,
03180500,IC-CMA-ES,test,TGD-Base,0.038280060577235986,valid,kge,structural,KGE_TGD_Base,,
03180500,IC-CMA-ES,test,CN-TGD,0.07396853170159856,valid,kge,structural,KGE_CN_TGD,,
03180500,IC-CMA-ES,train,CN-Base,0.08875384328592795,valid,kge,structural,KGE_CN_Base,,
03180500,IC-CMA-ES,train,TGD-Base,0.03002703765500958,valid,kge,structural,KGE_TGD_Base,,
03180500,IC-CMA-ES,train,CN-TGD,0.058726805630918366,valid,kge,structural,KGE_CN_TGD,,
03182500,IC-CMA-ES,test,CN-Base,0.0878240022174479,valid,kge,structural,KGE_CN_Base,,
03182500,IC-CMA-ES,test,TGD-Base,0.047545242760369755,valid,kge,structural,KGE_TGD_Base,,
03182500,IC-CMA-ES,test,CN-TGD,0.04027875945707815,valid,kge,structural,KGE_CN_TGD,,
03182500,IC-CMA-ES,train,CN-Base,0.07413357834359158,valid,kge,structural,KGE_CN_Base,,
03182500,IC-CMA-ES,train,TGD-Base,0.03632793595962425,valid,kge,structural,KGE_TGD_Base,,
03182500,IC-CMA-ES,train,CN-TGD,0.03780564238396733,valid,kge,structural,KGE_CN_TGD,,
03186500,IC-CMA-ES,test,CN-Base,0.09830609281850133,valid,kge,structural,KGE_CN_Base,,
03186500,IC-CMA-ES,test,TGD-Base,0.027927273187273727,valid,kge,structural,KGE_TGD_Base,,
03186500,IC-CMA-ES,test,CN-TGD,0.07037881963122761,valid,kge,structural,KGE_CN_TGD,,
03186500,IC-CMA-ES,train,CN-Base,0.08830203248873802,valid,kge,structural,KGE_CN_Base,,
03186500,IC-CMA-ES,train,TGD-Base,0.03711736671043875,valid,kge,structural,KGE_TGD_Base,,
03186500,IC-CMA-ES,train,CN-TGD,0.051184665778299276,valid,kge,structural,KGE_CN_TGD,,
03237280,IC-CMA-ES,test,CN-Base,0.0466827099970899,valid,kge,structural,KGE_CN_Base,,
03237280,IC-CMA-ES,test,TGD-Base,0.02896828540551566,valid,kge,structural,KGE_TGD_Base,,
03237280,IC-CMA-ES,test,CN-TGD,0.01771442459157424,valid,kge,structural,KGE_CN_TGD,,
03237280,IC-CMA-ES,train,CN-Base,0.022368671912998517,valid,kge,structural,KGE_CN_Base,,
03237280,IC-CMA-ES,train,TGD-Base,0.031297010534052094,valid,kge,structural,KGE_TGD_Base,,
03237280,IC-CMA-ES,train,CN-TGD,-0.008928338621053578,valid,kge,structural,KGE_CN_TGD,,
03237500,IC-CMA-ES,test,CN-Base,0.016908630168377403,valid,kge,structural,KGE_CN_Base,,
03237500,IC-CMA-ES,test,TGD-Base,0.01872172545861661,valid,kge,structural,KGE_TGD_Base,,
03237500,IC-CMA-ES,test,CN-TGD,-0.0018130952902392083,valid,kge,structural,KGE_CN_TGD,,
03237500,IC-CMA-ES,train,CN-Base,0.021883425273860113,valid,kge,structural,KGE_CN_Base,,
03237500,IC-CMA-ES,train,TGD-Base,0.016132633090184645,valid,kge,structural,KGE_TGD_Base,,
03237500,IC-CMA-ES,train,CN-TGD,0.005750792183675468,valid,kge,structural,KGE_CN_TGD,,
03238500,IC-CMA-ES,test,CN-Base,0.009926921690245671,valid,kge,structural,KGE_CN_Base,,
03238500,IC-CMA-ES,test,TGD-Base,0.008242204506666573,valid,kge,structural,KGE_TGD_Base,,
03238500,IC-CMA-ES,test,CN-TGD,0.0016847171835790986,valid,kge,structural,KGE_CN_TGD,,
03238500,IC-CMA-ES,train,CN-Base,0.018886384192554506,valid,kge,structural,KGE_CN_Base,,
03238500,IC-CMA-ES,train,TGD-Base,0.016513943376348927,valid,kge,structural,KGE_TGD_Base,,
03238500,IC-CMA-ES,train,CN-TGD,0.002372440816205579,valid,kge,structural,KGE_CN_TGD,,
03241500,IC-CMA-ES,test,CN-Base,0.024589818817133513,valid,kge,structural,KGE_CN_Base,,
03241500,IC-CMA-ES,test,TGD-Base,0.01988529896008362,valid,kge,structural,KGE_TGD_Base,,
03241500,IC-CMA-ES,test,CN-TGD,0.004704519857049894,valid,kge,structural,KGE_CN_TGD,,
03241500,IC-CMA-ES,train,CN-Base,0.014066000139919654,valid,kge,structural,KGE_CN_Base,,
03241500,IC-CMA-ES,train,TGD-Base,0.005733604566010131,valid,kge,structural,KGE_TGD_Base,,
03241500,IC-CMA-ES,train,CN-TGD,0.008332395573909523,valid,kge,structural,KGE_CN_TGD,,
03280700,IC-CMA-ES,test,CN-Base,0.0014427717787645067,valid,kge,structural,KGE_CN_Base,,
03280700,IC-CMA-ES,test,TGD-Base,0.012945822953411512,valid,kge,structural,KGE_TGD_Base,,
03280700,IC-CMA-ES,test,CN-TGD,-0.011503051174647005,valid,kge,structural,KGE_CN_TGD,,
03280700,IC-CMA-ES,train,CN-Base,-0.00623917548244024,valid,kge,structural,KGE_CN_Base,,
03280700,IC-CMA-ES,train,TGD-Base,0.009313055529150516,valid,kge,structural,KGE_TGD_Base,,
03280700,IC-CMA-ES,train,CN-TGD,-0.015552231011590756,valid,kge,structural,KGE_CN_TGD,,
03281500,IC-CMA-ES,test,CN-Base,0.02306292008552635,valid,kge,structural,KGE_CN_Base,,
03281500,IC-CMA-ES,test,TGD-Base,0.02400295290807508,valid,kge,structural,KGE_TGD_Base,,
03281500,IC-CMA-ES,test,CN-TGD,-0.0009400328225487309,valid,kge,structural,KGE_CN_TGD,,
03281500,IC-CMA-ES,train,CN-Base,0.004423074137612448,valid,kge,structural,KGE_CN_Base,,
03281500,IC-CMA-ES,train,TGD-Base,0.013476241368603703,valid,kge,structural,KGE_TGD_Base,,
03281500,IC-CMA-ES,train,CN-TGD,-0.009053167230991255,valid,kge,structural,KGE_CN_TGD,,
03285000,IC-CMA-ES,test,CN-Base,-0.014660443355696051,valid,kge,structural,KGE_CN_Base,,
03285000,IC-CMA-ES,test,TGD-Base,0.011205690592109296,valid,kge,structural,KGE_TGD_Base,,
03285000,IC-CMA-ES,test,CN-TGD,-0.025866133947805348,valid,kge,structural,KGE_CN_TGD,,
03285000,IC-CMA-ES,train,CN-Base,-0.02198110308518675,valid,kge,structural,KGE_CN_Base,,
03285000,IC-CMA-ES,train,TGD-Base,0.00572022031250119,valid,kge,structural,KGE_TGD_Base,,
03285000,IC-CMA-ES,train,CN-TGD,-0.027701323397687938,valid,kge,structural,KGE_CN_TGD,,
03291780,IC-CMA-ES,test,CN-Base,0.009424718625143713,valid,kge,structural,KGE_CN_Base,,
03291780,IC-CMA-ES,test,TGD-Base,0.009958088895921646,valid,kge,structural,KGE_TGD_Base,,
03291780,IC-CMA-ES,test,CN-TGD,-0.0005333702707779331,valid,kge,structural,KGE_CN_TGD,,
03291780,IC-CMA-ES,train,CN-Base,0.025274465417239766,valid,kge,structural,KGE_CN_Base,,
03291780,IC-CMA-ES,train,TGD-Base,-0.0013448871915282545,valid,kge,structural,KGE_TGD_Base,,
03291780,IC-CMA-ES,train,CN-TGD,0.02661935260876802,valid,kge,structural,KGE_CN_TGD,,
03338780,IC-CMA-ES,test,CN-Base,-0.015835327355885775,valid,kge,structural,KGE_CN_Base,,
03338780,IC-CMA-ES,test,TGD-Base,-0.027429419017032997,valid,kge,structural,KGE_TGD_Base,,
03338780,IC-CMA-ES,test,CN-TGD,0.011594091661147221,valid,kge,structural,KGE_CN_TGD,,
03338780,IC-CMA-ES,train,CN-Base,-0.0008928750040549938,valid,kge,structural,KGE_CN_Base,,
03338780,IC-CMA-ES,train,TGD-Base,-0.0003957233285897255,valid,kge,structural,KGE_TGD_Base,,
03338780,IC-CMA-ES,train,CN-TGD,-0.0004971516754652683,valid,kge,structural,KGE_CN_TGD,,
03340800,IC-CMA-ES,test,CN-Base,0.008316486913308219,valid,kge,structural,KGE_CN_Base,,
03340800,IC-CMA-ES,test,TGD-Base,0.002340078528840883,valid,kge,structural,KGE_TGD_Base,,
03340800,IC-CMA-ES,test,CN-TGD,0.0059764083844673355,valid,kge,structural,KGE_CN_TGD,,
03340800,IC-CMA-ES,train,CN-Base,0.038383813476164375,valid,kge,structural,KGE_CN_Base,,
03340800,IC-CMA-ES,train,TGD-Base,0.011309443539993858,valid,kge,structural,KGE_TGD_Base,,
03340800,IC-CMA-ES,train,CN-TGD,0.027074369936170517,valid,kge,structural,KGE_CN_TGD,,
03346000,IC-CMA-ES,test,CN-Base,0.0398212404580236,valid,kge,structural,KGE_CN_Base,,
03346000,IC-CMA-ES,test,TGD-Base,0.007410539611506839,valid,kge,structural,KGE_TGD_Base,,
03346000,IC-CMA-ES,test,CN-TGD,0.03241070084651676,valid,kge,structural,KGE_CN_TGD,,
03346000,IC-CMA-ES,train,CN-Base,0.009361106836659028,valid,kge,structural,KGE_CN_Base,,
03346000,IC-CMA-ES,train,TGD-Base,0.01544501930492781,valid,kge,structural,KGE_TGD_Base,,
03346000,IC-CMA-ES,train,CN-TGD,-0.006083912468268782,valid,kge,structural,KGE_CN_TGD,,
03364500,IC-CMA-ES,test,CN-Base,-0.009721911101695957,valid,kge,structural,KGE_CN_Base,,
03364500,IC-CMA-ES,test,TGD-Base,0.005547930207628338,valid,kge,structural,KGE_TGD_Base,,
03364500,IC-CMA-ES,test,CN-TGD,-0.015269841309324295,valid,kge,structural,KGE_CN_TGD,,
03364500,IC-CMA-ES,train,CN-Base,0.021032797691202143,valid,kge,structural,KGE_CN_Base,,
03364500,IC-CMA-ES,train,TGD-Base,0.004303084284221992,valid,kge,structural,KGE_TGD_Base,,
03364500,IC-CMA-ES,train,CN-TGD,0.01672971340698015,valid,kge,structural,KGE_CN_TGD,,
03366500,IC-CMA-ES,test,CN-Base,0.007786928334651666,valid,kge,structural,KGE_CN_Base,,
03366500,IC-CMA-ES,test,TGD-Base,-0.0057531064132591014,valid,kge,structural,KGE_TGD_Base,,
03366500,IC-CMA-ES,test,CN-TGD,0.013540034747910767,valid,kge,structural,KGE_CN_TGD,,
03366500,IC-CMA-ES,train,CN-Base,-0.0038189589364658882,valid,kge,structural,KGE_CN_Base,,
03366500,IC-CMA-ES,train,TGD-Base,-0.008519826517605966,valid,kge,structural,KGE_TGD_Base,,
03366500,IC-CMA-ES,train,CN-TGD,0.004700867581140078,valid,kge,structural,KGE_CN_TGD,,
03368000,IC-CMA-ES,test,CN-Base,0.017700953153594656,valid,kge,structural,KGE_CN_Base,,
03368000,IC-CMA-ES,test,TGD-Base,0.015609354752760263,valid,kge,structural,KGE_TGD_Base,,
03368000,IC-CMA-ES,test,CN-TGD,0.0020915984008343935,valid,kge,structural,KGE_CN_TGD,,
03368000,IC-CMA-ES,train,CN-Base,0.025586004683339936,valid,kge,structural,KGE_CN_Base,,
03368000,IC-CMA-ES,train,TGD-Base,0.01205327285985347,valid,kge,structural,KGE_TGD_Base,,
03368000,IC-CMA-ES,train,CN-TGD,0.013532731823486466,valid,kge,structural,KGE_CN_TGD,,
03384450,IC-CMA-ES,test,CN-Base,0.012769275291428905,valid,kge,structural,KGE_CN_Base,,
03384450,IC-CMA-ES,test,TGD-Base,0.025217789602487217,valid,kge,structural,KGE_TGD_Base,,
03384450,IC-CMA-ES,test,CN-TGD,-0.012448514311058312,valid,kge,structural,KGE_CN_TGD,,
03384450,IC-CMA-ES,train,CN-Base,-0.0018272690142557835,valid,kge,structural,KGE_CN_Base,,
03384450,IC-CMA-ES,train,TGD-Base,0.008407898725220853,valid,kge,structural,KGE_TGD_Base,,
03384450,IC-CMA-ES,train,CN-TGD,-0.010235167739476636,valid,kge,structural,KGE_CN_TGD,,
03439000,IC-CMA-ES,test,CN-Base,-0.009343761615215218,valid,kge,structural,KGE_CN_Base,,
03439000,IC-CMA-ES,test,TGD-Base,-0.009624343897767451,valid,kge,structural,KGE_TGD_Base,,
03439000,IC-CMA-ES,test,CN-TGD,0.00028058228255223305,valid,kge,structural,KGE_CN_TGD,,
03439000,IC-CMA-ES,train,CN-Base,0.0020710011269892137,valid,kge,structural,KGE_CN_Base,,
03439000,IC-CMA-ES,train,TGD-Base,0.000494155658639972,valid,kge,structural,KGE_TGD_Base,,
03439000,IC-CMA-ES,train,CN-TGD,0.0015768454683492417,valid,kge,structural,KGE_CN_TGD,,
03455500,IC-CMA-ES,test,CN-Base,0.02202694993921983,valid,kge,structural,KGE_CN_Base,,
03455500,IC-CMA-ES,test,TGD-Base,0.0288113264914841,valid,kge,structural,KGE_TGD_Base,,
03455500,IC-CMA-ES,test,CN-TGD,-0.006784376552264271,valid,kge,structural,KGE_CN_TGD,,
03455500,IC-CMA-ES,train,CN-Base,0.011035093392307682,valid,kge,structural,KGE_CN_Base,,
03455500,IC-CMA-ES,train,TGD-Base,0.005577209298618824,valid,kge,structural,KGE_TGD_Base,,
03455500,IC-CMA-ES,train,CN-TGD,0.005457884093688858,valid,kge,structural,KGE_CN_TGD,,
03456500,IC-CMA-ES,test,CN-Base,-0.013508854995890607,valid,kge,structural,KGE_CN_Base,,
03456500,IC-CMA-ES,test,TGD-Base,-0.02551861474079764,valid,kge,structural,KGE_TGD_Base,,
03456500,IC-CMA-ES,test,CN-TGD,0.012009759744907034,valid,kge,structural,KGE_CN_TGD,,
03456500,IC-CMA-ES,train,CN-Base,0.020619855399530707,valid,kge,structural,KGE_CN_Base,,
03456500,IC-CMA-ES,train,TGD-Base,0.010230965367782452,valid,kge,structural,KGE_TGD_Base,,
03456500,IC-CMA-ES,train,CN-TGD,0.010388890031748255,valid,kge,structural,KGE_CN_TGD,,
03460000,IC-CMA-ES,test,CN-Base,0.011296442410199115,valid,kge,structural,KGE_CN_Base,,
03460000,IC-CMA-ES,test,TGD-Base,0.00947648590486605,valid,kge,structural,KGE_TGD_Base,,
03460000,IC-CMA-ES,test,CN-TGD,0.0018199565053330646,valid,kge,structural,KGE_CN_TGD,,
03460000,IC-CMA-ES,train,CN-Base,0.006741922613433982,valid,kge,structural,KGE_CN_Base,,
03460000,IC-CMA-ES,train,TGD-Base,0.007706902919444758,valid,kge,structural,KGE_TGD_Base,,
03460000,IC-CMA-ES,train,CN-TGD,-0.0009649803060107764,valid,kge,structural,KGE_CN_TGD,,
03463300,IC-CMA-ES,test,CN-Base,-0.0020987741221897283,valid,kge,structural,KGE_CN_Base,,
03463300,IC-CMA-ES,test,TGD-Base,0.003553755181061602,valid,kge,structural,KGE_TGD_Base,,
03463300,IC-CMA-ES,test,CN-TGD,-0.00565252930325133,valid,kge,structural,KGE_CN_TGD,,
03463300,IC-CMA-ES,train,CN-Base,0.023108904285227494,valid,kge,structural,KGE_CN_Base,,
03463300,IC-CMA-ES,train,TGD-Base,0.01391097746982084,valid,kge,structural,KGE_TGD_Base,,
03463300,IC-CMA-ES,train,CN-TGD,0.009197926815406654,valid,kge,structural,KGE_CN_TGD,,
03471500,IC-CMA-ES,test,CN-Base,0.044293076869418746,valid,kge,structural,KGE_CN_Base,,
03471500,IC-CMA-ES,test,TGD-Base,0.03445852876650757,valid,kge,structural,KGE_TGD_Base,,
03471500,IC-CMA-ES,test,CN-TGD,0.009834548102911178,valid,kge,structural,KGE_CN_TGD,,
03471500,IC-CMA-ES,train,CN-Base,0.01949485288880659,valid,kge,structural,KGE_CN_Base,,
03471500,IC-CMA-ES,train,TGD-Base,0.012320623708078404,valid,kge,structural,KGE_TGD_Base,,
03471500,IC-CMA-ES,train,CN-TGD,0.007174229180728187,valid,kge,structural,KGE_CN_TGD,,
03473000,IC-CMA-ES,test,CN-Base,0.01649506616357521,valid,kge,structural,KGE_CN_Base,,
03473000,IC-CMA-ES,test,TGD-Base,0.010856670602010787,valid,kge,structural,KGE_TGD_Base,,
03473000,IC-CMA-ES,test,CN-TGD,0.005638395561564424,valid,kge,structural,KGE_CN_TGD,,
03473000,IC-CMA-ES,train,CN-Base,0.006670770074790444,valid,kge,structural,KGE_CN_Base,,
03473000,IC-CMA-ES,train,TGD-Base,0.009848698907498621,valid,kge,structural,KGE_TGD_Base,,
03473000,IC-CMA-ES,train,CN-TGD,-0.0031779288327081767,valid,kge,structural,KGE_CN_TGD,,
03479000,IC-CMA-ES,test,CN-Base,0.005966925415600732,valid,kge,structural,KGE_CN_Base,,
03479000,IC-CMA-ES,test,TGD-Base,-0.00018798629834926306,valid,kge,structural,KGE_TGD_Base,,
03479000,IC-CMA-ES,test,CN-TGD,0.006154911713949995,valid,kge,structural,KGE_CN_TGD,,
03479000,IC-CMA-ES,train,CN-Base,0.018752040143950155,valid,kge,structural,KGE_CN_Base,,
03479000,IC-CMA-ES,train,TGD-Base,0.019817595052261217,valid,kge,structural,KGE_TGD_Base,,
03479000,IC-CMA-ES,train,CN-TGD,-0.0010655549083110616,valid,kge,structural,KGE_CN_TGD,,
03488000,IC-CMA-ES,test,CN-Base,0.02154346273278207,valid,kge,structural,KGE_CN_Base,,
03488000,IC-CMA-ES,test,TGD-Base,0.020192214949208642,valid,kge,structural,KGE_TGD_Base,,
03488000,IC-CMA-ES,test,CN-TGD,0.0013512477835734282,valid,kge,structural,KGE_CN_TGD,,
03488000,IC-CMA-ES,train,CN-Base,0.031821306462094245,valid,kge,structural,KGE_CN_Base,,
03488000,IC-CMA-ES,train,TGD-Base,0.01913625816648601,valid,kge,structural,KGE_TGD_Base,,
03488000,IC-CMA-ES,train,CN-TGD,0.012685048295608237,valid,kge,structural,KGE_CN_TGD,,
03498500,IC-CMA-ES,test,CN-Base,-0.008018102409471428,valid,kge,structural,KGE_CN_Base,,
03498500,IC-CMA-ES,test,TGD-Base,-0.0002438391877854773,valid,kge,structural,KGE_TGD_Base,,
03498500,IC-CMA-ES,test,CN-TGD,-0.007774263221685951,valid,kge,structural,KGE_CN_TGD,,
03498500,IC-CMA-ES,train,CN-Base,-0.008144338553021657,valid,kge,structural,KGE_CN_Base,,
03498500,IC-CMA-ES,train,TGD-Base,0.0006272082795113487,valid,kge,structural,KGE_TGD_Base,,
03498500,IC-CMA-ES,train,CN-TGD,-0.008771546832533006,valid,kge,structural,KGE_CN_TGD,,
03500000,IC-CMA-ES,test,CN-Base,0.0109055315730624,valid,kge,structural,KGE_CN_Base,,
03500000,IC-CMA-ES,test,TGD-Base,0.003840654997677495,valid,kge,structural,KGE_TGD_Base,,
03500000,IC-CMA-ES,test,CN-TGD,0.007064876575384904,valid,kge,structural,KGE_CN_TGD,,
03500000,IC-CMA-ES,train,CN-Base,0.0015688054384059846,valid,kge,structural,KGE_CN_Base,,
03500000,IC-CMA-ES,train,TGD-Base,0.001358967293941915,valid,kge,structural,KGE_TGD_Base,,
03500000,IC-CMA-ES,train,CN-TGD,0.00020983814446406956,valid,kge,structural,KGE_CN_TGD,,
03500240,IC-CMA-ES,test,CN-Base,-0.003955138882435594,valid,kge,structural,KGE_CN_Base,,
03500240,IC-CMA-ES,test,TGD-Base,-0.0029116094975734086,valid,kge,structural,KGE_TGD_Base,,
03500240,IC-CMA-ES,test,CN-TGD,-0.0010435293848621852,valid,kge,structural,KGE_CN_TGD,,
03500240,IC-CMA-ES,train,CN-Base,0.002254847285612649,valid,kge,structural,KGE_CN_Base,,
03500240,IC-CMA-ES,train,TGD-Base,0.00466815823514799,valid,kge,structural,KGE_TGD_Base,,
03500240,IC-CMA-ES,train,CN-TGD,-0.002413310949535341,valid,kge,structural,KGE_CN_TGD,,
03504000,IC-CMA-ES,test,CN-Base,-0.021605120732839156,valid,kge,structural,KGE_CN_Base,,
03504000,IC-CMA-ES,test,TGD-Base,-0.0003116349038667643,valid,kge,structural,KGE_TGD_Base,,
03504000,IC-CMA-ES,test,CN-TGD,-0.02129348582897239,valid,kge,structural,KGE_CN_TGD,,
03504000,IC-CMA-ES,train,CN-Base,-0.0016800660701767889,valid,kge,structural,KGE_CN_Base,,
03504000,IC-CMA-ES,train,TGD-Base,-9.395667519085382e-05,valid,kge,structural,KGE_TGD_Base,,
03504000,IC-CMA-ES,train,CN-TGD,-0.001586109394985935,valid,kge,structural,KGE_CN_TGD,,
03574500,IC-CMA-ES,test,CN-Base,0.004492378515543627,valid,kge,structural,KGE_CN_Base,,
03574500,IC-CMA-ES,test,TGD-Base,0.02148062025783548,valid,kge,structural,KGE_TGD_Base,,
03574500,IC-CMA-ES,test,CN-TGD,-0.016988241742291854,valid,kge,structural,KGE_CN_TGD,,
03574500,IC-CMA-ES,train,CN-Base,-6.656949143057922e-05,valid,kge,structural,KGE_CN_Base,,
03574500,IC-CMA-ES,train,TGD-Base,0.0020122283955166242,valid,kge,structural,KGE_TGD_Base,,
03574500,IC-CMA-ES,train,CN-TGD,-0.0020787978869472035,valid,kge,structural,KGE_CN_TGD,,
03592718,IC-CMA-ES,test,CN-Base,0.013039189229420822,valid,kge,structural,KGE_CN_Base,,
03592718,IC-CMA-ES,test,TGD-Base,0.006868081474362242,valid,kge,structural,KGE_TGD_Base,,
03592718,IC-CMA-ES,test,CN-TGD,0.00617110775505858,valid,kge,structural,KGE_CN_TGD,,
03592718,IC-CMA-ES,train,CN-Base,0.002630260649869043,valid,kge,structural,KGE_CN_Base,,
03592718,IC-CMA-ES,train,TGD-Base,0.006467801953420782,valid,kge,structural,KGE_TGD_Base,,
03592718,IC-CMA-ES,train,CN-TGD,-0.003837541303551739,valid,kge,structural,KGE_CN_TGD,,
03604000,IC-CMA-ES,test,CN-Base,-0.0256031092327208,valid,kge,structural,KGE_CN_Base,,
03604000,IC-CMA-ES,test,TGD-Base,-0.01919922329342838,valid,kge,structural,KGE_TGD_Base,,
03604000,IC-CMA-ES,test,CN-TGD,-0.00640388593929242,valid,kge,structural,KGE_CN_TGD,,
03604000,IC-CMA-ES,train,CN-Base,-0.020424024896450677,valid,kge,structural,KGE_CN_Base,,
03604000,IC-CMA-ES,train,TGD-Base,-7.942361695911782e-05,valid,kge,structural,KGE_TGD_Base,,
03604000,IC-CMA-ES,train,CN-TGD,-0.02034460127949156,valid,kge,structural,KGE_CN_TGD,,
04015330,IC-CMA-ES,test,CN-Base,0.23844480350728048,valid,kge,structural,KGE_CN_Base,,
04015330,IC-CMA-ES,test,TGD-Base,0.05658353158296714,valid,kge,structural,KGE_TGD_Base,,
04015330,IC-CMA-ES,test,CN-TGD,0.18186127192431334,valid,kge,structural,KGE_CN_TGD,,
04015330,IC-CMA-ES,train,CN-Base,0.2283596189797994,valid,kge,structural,KGE_CN_Base,,
04015330,IC-CMA-ES,train,TGD-Base,0.06918259299707186,valid,kge,structural,KGE_TGD_Base,,
04015330,IC-CMA-ES,train,CN-TGD,0.15917702598272754,valid,kge,structural,KGE_CN_TGD,,
04024430,IC-CMA-ES,test,CN-Base,0.19500967363736832,valid,kge,structural,KGE_CN_Base,,
04024430,IC-CMA-ES,test,TGD-Base,0.06641645556482667,valid,kge,structural,KGE_TGD_Base,,
04024430,IC-CMA-ES,test,CN-TGD,0.12859321807254165,valid,kge,structural,KGE_CN_TGD,,
04024430,IC-CMA-ES,train,CN-Base,0.18791906251598267,valid,kge,structural,KGE_CN_Base,,
04024430,IC-CMA-ES,train,TGD-Base,0.07059812893666295,valid,kge,structural,KGE_TGD_Base,,
04024430,IC-CMA-ES,train,CN-TGD,0.11732093357931972,valid,kge,structural,KGE_CN_TGD,,
04027000,IC-CMA-ES,test,CN-Base,0.27575815462325254,valid,kge,structural,KGE_CN_Base,,
04027000,IC-CMA-ES,test,TGD-Base,0.24448175841892977,valid,kge,structural,KGE_TGD_Base,,
04027000,IC-CMA-ES,test,CN-TGD,0.031276396204322765,valid,kge,structural,KGE_CN_TGD,,
04027000,IC-CMA-ES,train,CN-Base,0.32688188490932435,valid,kge,structural,KGE_CN_Base,,
04027000,IC-CMA-ES,train,TGD-Base,0.21144554452339692,valid,kge,structural,KGE_TGD_Base,,
04027000,IC-CMA-ES,train,CN-TGD,0.11543634038592743,valid,kge,structural,KGE_CN_TGD,,
04040500,IC-CMA-ES,test,CN-Base,0.4363725843122756,valid,kge,structural,KGE_CN_Base,,
04040500,IC-CMA-ES,test,TGD-Base,0.3942222665318294,valid,kge,structural,KGE_TGD_Base,,
04040500,IC-CMA-ES,test,CN-TGD,0.0421503177804462,valid,kge,structural,KGE_CN_TGD,,
04040500,IC-CMA-ES,train,CN-Base,0.507619374212271,valid,kge,structural,KGE_CN_Base,,
04040500,IC-CMA-ES,train,TGD-Base,0.39569657750809234,valid,kge,structural,KGE_TGD_Base,,
04040500,IC-CMA-ES,train,CN-TGD,0.1119227967041787,valid,kge,structural,KGE_CN_TGD,,
04043050,IC-CMA-ES,test,CN-Base,0.4223315772537544,valid,kge,structural,KGE_CN_Base,,
04043050,IC-CMA-ES,test,TGD-Base,0.2639315272275406,valid,kge,structural,KGE_TGD_Base,,
04043050,IC-CMA-ES,test,CN-TGD,0.15840005002621382,valid,kge,structural,KGE_CN_TGD,,
04043050,IC-CMA-ES,train,CN-Base,0.6627686766859143,valid,kge,structural,KGE_CN_Base,,
04043050,IC-CMA-ES,train,TGD-Base,0.5257429708986893,valid,kge,structural,KGE_TGD_Base,,
04043050,IC-CMA-ES,train,CN-TGD,0.13702570578722506,valid,kge,structural,KGE_CN_TGD,,
04045500,IC-CMA-ES,test,CN-Base,0.32178893927760255,valid,kge,structural,KGE_CN_Base,,
04045500,IC-CMA-ES,test,TGD-Base,0.3260464552620831,valid,kge,structural,KGE_TGD_Base,,
04045500,IC-CMA-ES,test,CN-TGD,-0.004257515984480542,valid,kge,structural,KGE_CN_TGD,,
04045500,IC-CMA-ES,train,CN-Base,0.5830880732972811,valid,kge,structural,KGE_CN_Base,,
04045500,IC-CMA-ES,train,TGD-Base,0.4810264512060035,valid,kge,structural,KGE_TGD_Base,,
04045500,IC-CMA-ES,train,CN-TGD,0.10206162209127756,valid,kge,structural,KGE_CN_TGD,,
04057510,IC-CMA-ES,test,CN-Base,0.23046404505940365,valid,kge,structural,KGE_CN_Base,,
04057510,IC-CMA-ES,test,TGD-Base,0.24121881198769468,valid,kge,structural,KGE_TGD_Base,,
04057510,IC-CMA-ES,test,CN-TGD,-0.010754766928291026,valid,kge,structural,KGE_CN_TGD,,
04057510,IC-CMA-ES,train,CN-Base,0.3888795928694998,valid,kge,structural,KGE_CN_Base,,
04057510,IC-CMA-ES,train,TGD-Base,0.3044201471896957,valid,kge,structural,KGE_TGD_Base,,
04057510,IC-CMA-ES,train,CN-TGD,0.08445944567980412,valid,kge,structural,KGE_CN_TGD,,
04057800,IC-CMA-ES,test,CN-Base,0.3272300441515138,valid,kge,structural,KGE_CN_Base,,
04057800,IC-CMA-ES,test,TGD-Base,0.3577099128389911,valid,kge,structural,KGE_TGD_Base,,
04057800,IC-CMA-ES,test,CN-TGD,-0.03047986868747732,valid,kge,structural,KGE_CN_TGD,,
04057800,IC-CMA-ES,train,CN-Base,0.4612377303712264,valid,kge,structural,KGE_CN_Base,,
04057800,IC-CMA-ES,train,TGD-Base,0.3416907692440515,valid,kge,structural,KGE_TGD_Base,,
04057800,IC-CMA-ES,train,CN-TGD,0.11954696112717489,valid,kge,structural,KGE_CN_TGD,,
04059500,IC-CMA-ES,test,CN-Base,0.3038415928708905,valid,kge,structural,KGE_CN_Base,,
04059500,IC-CMA-ES,test,TGD-Base,0.33192367421304514,valid,kge,structural,KGE_TGD_Base,,
04059500,IC-CMA-ES,test,CN-TGD,-0.02808208134215462,valid,kge,structural,KGE_CN_TGD,,
04059500,IC-CMA-ES,train,CN-Base,0.3648230069168832,valid,kge,structural,KGE_CN_Base,,
04059500,IC-CMA-ES,train,TGD-Base,0.254245666421293,valid,kge,structural,KGE_TGD_Base,,
04059500,IC-CMA-ES,train,CN-TGD,0.1105773404955902,valid,kge,structural,KGE_CN_TGD,,
04063700,IC-CMA-ES,test,CN-Base,0.17127590276003762,valid,kge,structural,KGE_CN_Base,,
04063700,IC-CMA-ES,test,TGD-Base,0.1667724629058886,valid,kge,structural,KGE_TGD_Base,,
04063700,IC-CMA-ES,test,CN-TGD,0.004503439854149027,valid,kge,structural,KGE_CN_TGD,,
04063700,IC-CMA-ES,train,CN-Base,0.22912931665382275,valid,kge,structural,KGE_CN_Base,,
04063700,IC-CMA-ES,train,TGD-Base,0.14079739787348144,valid,kge,structural,KGE_TGD_Base,,
04063700,IC-CMA-ES,train,CN-TGD,0.0883319187803413,valid,kge,structural,KGE_CN_TGD,,
04074950,IC-CMA-ES,test,CN-Base,0.3010640489058426,valid,kge,structural,KGE_CN_Base,,
04074950,IC-CMA-ES,test,TGD-Base,0.24574317941300816,valid,kge,structural,KGE_TGD_Base,,
04074950,IC-CMA-ES,test,CN-TGD,0.055320869492834435,valid,kge,structural,KGE_CN_TGD,,
04074950,IC-CMA-ES,train,CN-Base,0.13796967477835576,valid,kge,structural,KGE_CN_Base,,
04074950,IC-CMA-ES,train,TGD-Base,0.0994717517887298,valid,kge,structural,KGE_TGD_Base,,
04074950,IC-CMA-ES,train,CN-TGD,0.038497922989625954,valid,kge,structural,KGE_CN_TGD,,
04105700,IC-CMA-ES,test,CN-Base,-0.11102235616108203,valid,kge,structural,KGE_CN_Base,,
04105700,IC-CMA-ES,test,TGD-Base,0.012798551002064396,valid,kge,structural,KGE_TGD_Base,,
04105700,IC-CMA-ES,test,CN-TGD,-0.12382090716314642,valid,kge,structural,KGE_CN_TGD,,
04105700,IC-CMA-ES,train,CN-Base,0.06355620041995802,valid,kge,structural,KGE_CN_Base,,
04105700,IC-CMA-ES,train,TGD-Base,0.016391948400042433,valid,kge,structural,KGE_TGD_Base,,
04105700,IC-CMA-ES,train,CN-TGD,0.04716425201991559,valid,kge,structural,KGE_CN_TGD,,
04115265,IC-CMA-ES,test,CN-Base,-0.19522051370676513,valid,kge,structural,KGE_CN_Base,,
04115265,IC-CMA-ES,test,TGD-Base,-0.08570431862723343,valid,kge,structural,KGE_TGD_Base,,
04115265,IC-CMA-ES,test,CN-TGD,-0.1095161950795317,valid,kge,structural,KGE_CN_TGD,,
04115265,IC-CMA-ES,train,CN-Base,0.1504720267753633,valid,kge,structural,KGE_CN_Base,,
04115265,IC-CMA-ES,train,TGD-Base,0.08696885797527054,valid,kge,structural,KGE_TGD_Base,,
04115265,IC-CMA-ES,train,CN-TGD,0.06350316880009277,valid,kge,structural,KGE_CN_TGD,,
04122200,IC-CMA-ES,test,CN-Base,-0.001065342708183259,valid,kge,structural,KGE_CN_Base,,
04122200,IC-CMA-ES,test,TGD-Base,0.016278330436867328,valid,kge,structural,KGE_TGD_Base,,
04122200,IC-CMA-ES,test,CN-TGD,-0.017343673145050587,valid,kge,structural,KGE_CN_TGD,,
04122200,IC-CMA-ES,train,CN-Base,0.0704086499977119,valid,kge,structural,KGE_CN_Base,,
04122200,IC-CMA-ES,train,TGD-Base,0.04551258550921622,valid,kge,structural,KGE_TGD_Base,,
04122200,IC-CMA-ES,train,CN-TGD,0.024896064488495684,valid,kge,structural,KGE_CN_TGD,,
04122500,IC-CMA-ES,test,CN-Base,-0.03890209185751492,valid,kge,structural,KGE_CN_Base,,
04122500,IC-CMA-ES,test,TGD-Base,-0.03731459561268102,valid,kge,structural,KGE_TGD_Base,,
04122500,IC-CMA-ES,test,CN-TGD,-0.001587496244833897,valid,kge,structural,KGE_CN_TGD,,
04122500,IC-CMA-ES,train,CN-Base,0.0681923824498536,valid,kge,structural,KGE_CN_Base,,
04122500,IC-CMA-ES,train,TGD-Base,0.03806765360400999,valid,kge,structural,KGE_TGD_Base,,
04122500,IC-CMA-ES,train,CN-TGD,0.030124728845843607,valid,kge,structural,KGE_CN_TGD,,
04127918,IC-CMA-ES,test,CN-Base,0.07968356634478768,valid,kge,structural,KGE_CN_Base,,
04127918,IC-CMA-ES,test,TGD-Base,0.2524879865744868,valid,kge,structural,KGE_TGD_Base,,
04127918,IC-CMA-ES,test,CN-TGD,-0.1728044202296991,valid,kge,structural,KGE_CN_TGD,,
04127918,IC-CMA-ES,train,CN-Base,0.5069606970097784,valid,kge,structural,KGE_CN_Base,,
04127918,IC-CMA-ES,train,TGD-Base,0.3663015851390277,valid,kge,structural,KGE_TGD_Base,,
04127918,IC-CMA-ES,train,CN-TGD,0.14065911187075075,valid,kge,structural,KGE_CN_TGD,,
04127997,IC-CMA-ES,test,CN-Base,0.11546063509943816,valid,kge,structural,KGE_CN_Base,,
04127997,IC-CMA-ES,test,TGD-Base,0.07887244464356014,valid,kge,structural,KGE_TGD_Base,,
04127997,IC-CMA-ES,test,CN-TGD,0.03658819045587802,valid,kge,structural,KGE_CN_TGD,,
04127997,IC-CMA-ES,train,CN-Base,0.15655854124909896,valid,kge,structural,KGE_CN_Base,,
04127997,IC-CMA-ES,train,TGD-Base,0.08583925780666335,valid,kge,structural,KGE_TGD_Base,,
04127997,IC-CMA-ES,train,CN-TGD,0.07071928344243561,valid,kge,structural,KGE_CN_TGD,,
04161580,IC-CMA-ES,test,CN-Base,0.01243158894563745,valid,kge,structural,KGE_CN_Base,,
04161580,IC-CMA-ES,test,TGD-Base,-0.023081354808907828,valid,kge,structural,KGE_TGD_Base,,
04161580,IC-CMA-ES,test,CN-TGD,0.03551294375454528,valid,kge,structural,KGE_CN_TGD,,
04161580,IC-CMA-ES,train,CN-Base,0.12163225903300579,valid,kge,structural,KGE_CN_Base,,
04161580,IC-CMA-ES,train,TGD-Base,0.07089671966147004,valid,kge,structural,KGE_TGD_Base,,
04161580,IC-CMA-ES,train,CN-TGD,0.05073553937153574,valid,kge,structural,KGE_CN_TGD,,
04185000,IC-CMA-ES,test,CN-Base,0.04062792891178635,valid,kge,structural,KGE_CN_Base,,
04185000,IC-CMA-ES,test,TGD-Base,-0.020840849602250855,valid,kge,structural,KGE_TGD_Base,,
04185000,IC-CMA-ES,test,CN-TGD,0.0614687785140372,valid,kge,structural,KGE_CN_TGD,,
04185000,IC-CMA-ES,train,CN-Base,0.1801179944737723,valid,kge,structural,KGE_CN_Base,,
04185000,IC-CMA-ES,train,TGD-Base,0.05691665441734994,valid,kge,structural,KGE_TGD_Base,,
04185000,IC-CMA-ES,train,CN-TGD,0.12320134005642236,valid,kge,structural,KGE_CN_TGD,,
04196800,IC-CMA-ES,test,CN-Base,0.053944919036447714,valid,kge,structural,KGE_CN_Base,,
04196800,IC-CMA-ES,test,TGD-Base,0.016137719048491705,valid,kge,structural,KGE_TGD_Base,,
04196800,IC-CMA-ES,test,CN-TGD,0.03780719998795601,valid,kge,structural,KGE_CN_TGD,,
04196800,IC-CMA-ES,train,CN-Base,0.06869985367853915,valid,kge,structural,KGE_CN_Base,,
04196800,IC-CMA-ES,train,TGD-Base,0.028474673892992075,valid,kge,structural,KGE_TGD_Base,,
04196800,IC-CMA-ES,train,CN-TGD,0.04022517978554707,valid,kge,structural,KGE_CN_TGD,,
04197100,IC-CMA-ES,test,CN-Base,0.05614059973078167,valid,kge,structural,KGE_CN_Base,,
04197100,IC-CMA-ES,test,TGD-Base,0.030949040593548194,valid,kge,structural,KGE_TGD_Base,,
04197100,IC-CMA-ES,test,CN-TGD,0.025191559137233477,valid,kge,structural,KGE_CN_TGD,,
04197100,IC-CMA-ES,train,CN-Base,0.0810234430739738,valid,kge,structural,KGE_CN_Base,,
04197100,IC-CMA-ES,train,TGD-Base,0.05143514720941067,valid,kge,structural,KGE_TGD_Base,,
04197100,IC-CMA-ES,train,CN-TGD,0.02958829586456313,valid,kge,structural,KGE_CN_TGD,,
04197170,IC-CMA-ES,test,CN-Base,0.05520490868463512,valid,kge,structural,KGE_CN_Base,,
04197170,IC-CMA-ES,test,TGD-Base,0.023126257735409883,valid,kge,structural,KGE_TGD_Base,,
04197170,IC-CMA-ES,test,CN-TGD,0.03207865094922524,valid,kge,structural,KGE_CN_TGD,,
04197170,IC-CMA-ES,train,CN-Base,0.043055425783875,valid,kge,structural,KGE_CN_Base,,
04197170,IC-CMA-ES,train,TGD-Base,0.03465409710460288,valid,kge,structural,KGE_TGD_Base,,
04197170,IC-CMA-ES,train,CN-TGD,0.008401328679272124,valid,kge,structural,KGE_CN_TGD,,
04213000,IC-CMA-ES,test,CN-Base,0.11458365730290232,valid,kge,structural,KGE_CN_Base,,
04213000,IC-CMA-ES,test,TGD-Base,0.054633194884019076,valid,kge,structural,KGE_TGD_Base,,
04213000,IC-CMA-ES,test,CN-TGD,0.059950462418883244,valid,kge,structural,KGE_CN_TGD,,
04213000,IC-CMA-ES,train,CN-Base,0.11986232359297821,valid,kge,structural,KGE_CN_Base,,
04213000,IC-CMA-ES,train,TGD-Base,0.06242577891155199,valid,kge,structural,KGE_TGD_Base,,
04213000,IC-CMA-ES,train,CN-TGD,0.05743654468142623,valid,kge,structural,KGE_CN_TGD,,
04213075,IC-CMA-ES,test,CN-Base,0.01889120117145593,valid,kge,structural,KGE_CN_Base,,
04213075,IC-CMA-ES,test,TGD-Base,0.04105897327599628,valid,kge,structural,KGE_TGD_Base,,
04213075,IC-CMA-ES,test,CN-TGD,-0.02216777210454035,valid,kge,structural,KGE_CN_TGD,,
04213075,IC-CMA-ES,train,CN-Base,0.04552474813574281,valid,kge,structural,KGE_CN_Base,,
04213075,IC-CMA-ES,train,TGD-Base,0.05564901243202458,valid,kge,structural,KGE_TGD_Base,,
04213075,IC-CMA-ES,train,CN-TGD,-0.01012426429628177,valid,kge,structural,KGE_CN_TGD,,
04216418,IC-CMA-ES,test,CN-Base,0.19451194498451096,valid,kge,structural,KGE_CN_Base,,
04216418,IC-CMA-ES,test,TGD-Base,0.024306585435352135,valid,kge,structural,KGE_TGD_Base,,
04216418,IC-CMA-ES,test,CN-TGD,0.17020535954915883,valid,kge,structural,KGE_CN_TGD,,
04216418,IC-CMA-ES,train,CN-Base,0.2379435709342873,valid,kge,structural,KGE_CN_Base,,
04216418,IC-CMA-ES,train,TGD-Base,0.1530443160949091,valid,kge,structural,KGE_TGD_Base,,
04216418,IC-CMA-ES,train,CN-TGD,0.08489925483937821,valid,kge,structural,KGE_CN_TGD,,
04221000,IC-CMA-ES,test,CN-Base,0.1466484242457844,valid,kge,structural,KGE_CN_Base,,
04221000,IC-CMA-ES,test,TGD-Base,0.021182547082288616,valid,kge,structural,KGE_TGD_Base,,
04221000,IC-CMA-ES,test,CN-TGD,0.12546587716349578,valid,kge,structural,KGE_CN_TGD,,
04221000,IC-CMA-ES,train,CN-Base,0.19396442248146073,valid,kge,structural,KGE_CN_Base,,
04221000,IC-CMA-ES,train,TGD-Base,0.067626955706926,valid,kge,structural,KGE_TGD_Base,,
04221000,IC-CMA-ES,train,CN-TGD,0.12633746677453472,valid,kge,structural,KGE_CN_TGD,,
04224775,IC-CMA-ES,test,CN-Base,0.19435482267623982,valid,kge,structural,KGE_CN_Base,,
04224775,IC-CMA-ES,test,TGD-Base,0.06524855658510553,valid,kge,structural,KGE_TGD_Base,,
04224775,IC-CMA-ES,test,CN-TGD,0.1291062660911343,valid,kge,structural,KGE_CN_TGD,,
04224775,IC-CMA-ES,train,CN-Base,0.2522679199509529,valid,kge,structural,KGE_CN_Base,,
04224775,IC-CMA-ES,train,TGD-Base,0.1087542607293539,valid,kge,structural,KGE_TGD_Base,,
04224775,IC-CMA-ES,train,CN-TGD,0.14351365922159898,valid,kge,structural,KGE_CN_TGD,,
04233000,IC-CMA-ES,test,CN-Base,0.12083974224927452,valid,kge,structural,KGE_CN_Base,,
04233000,IC-CMA-ES,test,TGD-Base,0.05723802850437443,valid,kge,structural,KGE_TGD_Base,,
04233000,IC-CMA-ES,test,CN-TGD,0.06360171374490009,valid,kge,structural,KGE_CN_TGD,,
04233000,IC-CMA-ES,train,CN-Base,0.2256422885169067,valid,kge,structural,KGE_CN_Base,,
04233000,IC-CMA-ES,train,TGD-Base,0.08297028223054426,valid,kge,structural,KGE_TGD_Base,,
04233000,IC-CMA-ES,train,CN-TGD,0.14267200628636245,valid,kge,structural,KGE_CN_TGD,,
04256000,IC-CMA-ES,test,CN-Base,0.22831384094486273,valid,kge,structural,KGE_CN_Base,,
04256000,IC-CMA-ES,test,TGD-Base,0.10049126115821794,valid,kge,structural,KGE_TGD_Base,,
04256000,IC-CMA-ES,test,CN-TGD,0.1278225797866448,valid,kge,structural,KGE_CN_TGD,,
04256000,IC-CMA-ES,train,CN-Base,0.2593915636563813,valid,kge,structural,KGE_CN_Base,,
04256000,IC-CMA-ES,train,TGD-Base,0.12199016826914244,valid,kge,structural,KGE_TGD_Base,,
04256000,IC-CMA-ES,train,CN-TGD,0.13740139538723883,valid,kge,structural,KGE_CN_TGD,,
04296000,IC-CMA-ES,test,CN-Base,0.32969715037396463,valid,kge,structural,KGE_CN_Base,,
04296000,IC-CMA-ES,test,TGD-Base,0.21885025444282946,valid,kge,structural,KGE_TGD_Base,,
04296000,IC-CMA-ES,test,CN-TGD,0.11084689593113517,valid,kge,structural,KGE_CN_TGD,,
04296000,IC-CMA-ES,train,CN-Base,0.46199149971903264,valid,kge,structural,KGE_CN_Base,,
04296000,IC-CMA-ES,train,TGD-Base,0.38156987880235904,valid,kge,structural,KGE_TGD_Base,,
04296000,IC-CMA-ES,train,CN-TGD,0.0804216209166736,valid,kge,structural,KGE_CN_TGD,,
05057200,IC-CMA-ES,test,CN-Base,0.3156368412692841,valid,kge,structural,KGE_CN_Base,,
05057200,IC-CMA-ES,test,TGD-Base,-0.0701883765742033,valid,kge,structural,KGE_TGD_Base,,
05057200,IC-CMA-ES,test,CN-TGD,0.38582521784348744,valid,kge,structural,KGE_CN_TGD,,
05057200,IC-CMA-ES,train,CN-Base,0.14757808981596987,valid,kge,structural,KGE_CN_Base,,
05057200,IC-CMA-ES,train,TGD-Base,-0.012159214119106088,valid,kge,structural,KGE_TGD_Base,,
05057200,IC-CMA-ES,train,CN-TGD,0.15973730393507596,valid,kge,structural,KGE_CN_TGD,,
05120500,IC-CMA-ES,test,CN-Base,-3.1916025054010437,valid,kge,structural,KGE_CN_Base,,
05120500,IC-CMA-ES,test,TGD-Base,-0.34341154114489836,valid,kge,structural,KGE_TGD_Base,,
05120500,IC-CMA-ES,test,CN-TGD,-2.8481909642561454,valid,kge,structural,KGE_CN_TGD,,
05120500,IC-CMA-ES,train,CN-Base,0.12810294256904825,valid,kge,structural,KGE_CN_Base,,
05120500,IC-CMA-ES,train,TGD-Base,0.01571013236498159,valid,kge,structural,KGE_TGD_Base,,
05120500,IC-CMA-ES,train,CN-TGD,0.11239281020406666,valid,kge,structural,KGE_CN_TGD,,
05291000,IC-CMA-ES,test,CN-Base,0.38413149385322354,valid,kge,structural,KGE_CN_Base,,
05291000,IC-CMA-ES,test,TGD-Base,0.019256020825555276,valid,kge,structural,KGE_TGD_Base,,
05291000,IC-CMA-ES,test,CN-TGD,0.36487547302766826,valid,kge,structural,KGE_CN_TGD,,
05291000,IC-CMA-ES,train,CN-Base,0.0679245787889563,valid,kge,structural,KGE_CN_Base,,
05291000,IC-CMA-ES,train,TGD-Base,0.014284866090514159,valid,kge,structural,KGE_TGD_Base,,
05291000,IC-CMA-ES,train,CN-TGD,0.053639712698442144,valid,kge,structural,KGE_CN_TGD,,
05362000,IC-CMA-ES,test,CN-Base,0.21046297827065608,valid,kge,structural,KGE_CN_Base,,
05362000,IC-CMA-ES,test,TGD-Base,0.16065713704261775,valid,kge,structural,KGE_TGD_Base,,
05362000,IC-CMA-ES,test,CN-TGD,0.04980584122803833,valid,kge,structural,KGE_CN_TGD,,
05362000,IC-CMA-ES,train,CN-Base,0.17608262889175108,valid,kge,structural,KGE_CN_Base,,
05362000,IC-CMA-ES,train,TGD-Base,0.07570463406591055,valid,kge,structural,KGE_TGD_Base,,
05362000,IC-CMA-ES,train,CN-TGD,0.10037799482584053,valid,kge,structural,KGE_CN_TGD,,
05393500,IC-CMA-ES,test,CN-Base,0.34272049917478253,valid,kge,structural,KGE_CN_Base,,
05393500,IC-CMA-ES,test,TGD-Base,0.22333731968456094,valid,kge,structural,KGE_TGD_Base,,
05393500,IC-CMA-ES,test,CN-TGD,0.11938317949022159,valid,kge,structural,KGE_CN_TGD,,
05393500,IC-CMA-ES,train,CN-Base,0.16370311165038753,valid,kge,structural,KGE_CN_Base,,
05393500,IC-CMA-ES,train,TGD-Base,0.07909164377903866,valid,kge,structural,KGE_TGD_Base,,
05393500,IC-CMA-ES,train,CN-TGD,0.08461146787134888,valid,kge,structural,KGE_CN_TGD,,
05399500,IC-CMA-ES,test,CN-Base,0.19321495418556767,valid,kge,structural,KGE_CN_Base,,
05399500,IC-CMA-ES,test,TGD-Base,0.013824676935368485,valid,kge,structural,KGE_TGD_Base,,
05399500,IC-CMA-ES,test,CN-TGD,0.17939027725019918,valid,kge,structural,KGE_CN_TGD,,
05399500,IC-CMA-ES,train,CN-Base,0.1321422541981,valid,kge,structural,KGE_CN_Base,,
05399500,IC-CMA-ES,train,TGD-Base,0.0011874894274840342,valid,kge,structural,KGE_TGD_Base,,
05399500,IC-CMA-ES,train,CN-TGD,0.13095476477061596,valid,kge,structural,KGE_CN_TGD,,
05408000,IC-CMA-ES,test,CN-Base,-0.042888397276550694,valid,kge,structural,KGE_CN_Base,,
05408000,IC-CMA-ES,test,TGD-Base,0.009592538647648197,valid,kge,structural,KGE_TGD_Base,,
05408000,IC-CMA-ES,test,CN-TGD,-0.05248093592419889,valid,kge,structural,KGE_CN_TGD,,
05408000,IC-CMA-ES,train,CN-Base,0.06631445776125577,valid,kge,structural,KGE_CN_Base,,
05408000,IC-CMA-ES,train,TGD-Base,-0.000963840039559849,valid,kge,structural,KGE_TGD_Base,,
05408000,IC-CMA-ES,train,CN-TGD,0.06727829780081562,valid,kge,structural,KGE_CN_TGD,,
05413500,IC-CMA-ES,test,CN-Base,-0.028593724893591688,valid,kge,structural,KGE_CN_Base,,
05413500,IC-CMA-ES,test,TGD-Base,-0.02190993762918647,valid,kge,structural,KGE_TGD_Base,,
05413500,IC-CMA-ES,test,CN-TGD,-0.0066837872644052165,valid,kge,structural,KGE_CN_TGD,,
05413500,IC-CMA-ES,train,CN-Base,0.10939124120472477,valid,kge,structural,KGE_CN_Base,,
05413500,IC-CMA-ES,train,TGD-Base,-0.0014616992637697113,valid,kge,structural,KGE_TGD_Base,,
05413500,IC-CMA-ES,train,CN-TGD,0.11085294046849448,valid,kge,structural,KGE_CN_TGD,,
05414000,IC-CMA-ES,test,CN-Base,0.03185124451937038,valid,kge,structural,KGE_CN_Base,,
05414000,IC-CMA-ES,test,TGD-Base,-0.024106299124662334,valid,kge,structural,KGE_TGD_Base,,
05414000,IC-CMA-ES,test,CN-TGD,0.055957543644032715,valid,kge,structural,KGE_CN_TGD,,
05414000,IC-CMA-ES,train,CN-Base,0.07941333724810817,valid,kge,structural,KGE_CN_Base,,
05414000,IC-CMA-ES,train,TGD-Base,0.025457454397768253,valid,kge,structural,KGE_TGD_Base,,
05414000,IC-CMA-ES,train,CN-TGD,0.05395588285033992,valid,kge,structural,KGE_CN_TGD,,
05444000,IC-CMA-ES,test,CN-Base,0.009309591799389172,valid,kge,structural,KGE_CN_Base,,
05444000,IC-CMA-ES,test,TGD-Base,-0.0031273934894544553,valid,kge,structural,KGE_TGD_Base,,
05444000,IC-CMA-ES,test,CN-TGD,0.012436985288843627,valid,kge,structural,KGE_CN_TGD,,
05444000,IC-CMA-ES,train,CN-Base,0.05797904234572904,valid,kge,structural,KGE_CN_Base,,
05444000,IC-CMA-ES,train,TGD-Base,0.011869073989151269,valid,kge,structural,KGE_TGD_Base,,
05444000,IC-CMA-ES,train,CN-TGD,0.04610996835657777,valid,kge,structural,KGE_CN_TGD,,
05454000,IC-CMA-ES,test,CN-Base,-0.023028282485092033,valid,kge,structural,KGE_CN_Base,,
05454000,IC-CMA-ES,test,TGD-Base,0.07024428403738603,valid,kge,structural,KGE_TGD_Base,,
05454000,IC-CMA-ES,test,CN-TGD,-0.09327256652247806,valid,kge,structural,KGE_CN_TGD,,
05454000,IC-CMA-ES,train,CN-Base,0.027552358875406413,valid,kge,structural,KGE_CN_Base,,
05454000,IC-CMA-ES,train,TGD-Base,0.006843606551107273,valid,kge,structural,KGE_TGD_Base,,
05454000,IC-CMA-ES,train,CN-TGD,0.02070875232429914,valid,kge,structural,KGE_CN_TGD,,
05458000,IC-CMA-ES,test,CN-Base,0.05429033201801192,valid,kge,structural,KGE_CN_Base,,
05458000,IC-CMA-ES,test,TGD-Base,-0.004216758179555247,valid,kge,structural,KGE_TGD_Base,,
05458000,IC-CMA-ES,test,CN-TGD,0.05850709019756717,valid,kge,structural,KGE_CN_TGD,,
05458000,IC-CMA-ES,train,CN-Base,0.07852533909281822,valid,kge,structural,KGE_CN_Base,,
05458000,IC-CMA-ES,train,TGD-Base,0.00927961099352903,valid,kge,structural,KGE_TGD_Base,,
05458000,IC-CMA-ES,train,CN-TGD,0.0692457280992892,valid,kge,structural,KGE_CN_TGD,,
05466500,IC-CMA-ES,test,CN-Base,-0.0008803937196500966,valid,kge,structural,KGE_CN_Base,,
05466500,IC-CMA-ES,test,TGD-Base,-0.0030493304782452935,valid,kge,structural,KGE_TGD_Base,,
05466500,IC-CMA-ES,test,CN-TGD,0.002168936758595197,valid,kge,structural,KGE_CN_TGD,,
05466500,IC-CMA-ES,train,CN-Base,0.03333192456044276,valid,kge,structural,KGE_CN_Base,,
05466500,IC-CMA-ES,train,TGD-Base,0.00902639576388009,valid,kge,structural,KGE_TGD_Base,,
05466500,IC-CMA-ES,train,CN-TGD,0.02430552879656267,valid,kge,structural,KGE_CN_TGD,,
05487980,IC-CMA-ES,test,CN-Base,-0.006694732744843668,valid,kge,structural,KGE_CN_Base,,
05487980,IC-CMA-ES,test,TGD-Base,0.022132198474596132,valid,kge,structural,KGE_TGD_Base,,
05487980,IC-CMA-ES,test,CN-TGD,-0.0288269312194398,valid,kge,structural,KGE_CN_TGD,,
05487980,IC-CMA-ES,train,CN-Base,0.013555980393679001,valid,kge,structural,KGE_CN_Base,,
05487980,IC-CMA-ES,train,TGD-Base,-0.009850452388402542,valid,kge,structural,KGE_TGD_Base,,
05487980,IC-CMA-ES,train,CN-TGD,0.023406432782081543,valid,kge,structural,KGE_CN_TGD,,
05488200,IC-CMA-ES,test,CN-Base,0.03046295575891944,valid,kge,structural,KGE_CN_Base,,
05488200,IC-CMA-ES,test,TGD-Base,0.02096907458725472,valid,kge,structural,KGE_TGD_Base,,
05488200,IC-CMA-ES,test,CN-TGD,0.00949388117166472,valid,kge,structural,KGE_CN_TGD,,
05488200,IC-CMA-ES,train,CN-Base,0.016726349418983766,valid,kge,structural,KGE_CN_Base,,
05488200,IC-CMA-ES,train,TGD-Base,0.004966434814656084,valid,kge,structural,KGE_TGD_Base,,
05488200,IC-CMA-ES,train,CN-TGD,0.011759914604327681,valid,kge,structural,KGE_CN_TGD,,
05489000,IC-CMA-ES,test,CN-Base,0.012753433848621598,valid,kge,structural,KGE_CN_Base,,
05489000,IC-CMA-ES,test,TGD-Base,0.01949594617066519,valid,kge,structural,KGE_TGD_Base,,
05489000,IC-CMA-ES,test,CN-TGD,-0.006742512322043592,valid,kge,structural,KGE_CN_TGD,,
05489000,IC-CMA-ES,train,CN-Base,0.0034391874372065034,valid,kge,structural,KGE_CN_Base,,
05489000,IC-CMA-ES,train,TGD-Base,-0.0031110625720299767,valid,kge,structural,KGE_TGD_Base,,
05489000,IC-CMA-ES,train,CN-TGD,0.00655025000923648,valid,kge,structural,KGE_CN_TGD,,
05495000,IC-CMA-ES,test,CN-Base,-0.006269748433314515,valid,kge,structural,KGE_CN_Base,,
05495000,IC-CMA-ES,test,TGD-Base,0.007479142283029816,valid,kge,structural,KGE_TGD_Base,,
05495000,IC-CMA-ES,test,CN-TGD,-0.01374889071634433,valid,kge,structural,KGE_CN_TGD,,
05495000,IC-CMA-ES,train,CN-Base,0.04156461473309914,valid,kge,structural,KGE_CN_Base,,
05495000,IC-CMA-ES,train,TGD-Base,0.01162250917559704,valid,kge,structural,KGE_TGD_Base,,
05495000,IC-CMA-ES,train,CN-TGD,0.029942105557502097,valid,kge,structural,KGE_CN_TGD,,
05495500,IC-CMA-ES,test,CN-Base,0.018910799878015694,valid,kge,structural,KGE_CN_Base,,
05495500,IC-CMA-ES,test,TGD-Base,0.030182170378984075,valid,kge,structural,KGE_TGD_Base,,
05495500,IC-CMA-ES,test,CN-TGD,-0.01127137050096838,valid,kge,structural,KGE_CN_TGD,,
05495500,IC-CMA-ES,train,CN-Base,0.010514610287375215,valid,kge,structural,KGE_CN_Base,,
05495500,IC-CMA-ES,train,TGD-Base,0.006989122844784035,valid,kge,structural,KGE_TGD_Base,,
05495500,IC-CMA-ES,train,CN-TGD,0.0035254874425911797,valid,kge,structural,KGE_CN_TGD,,
05501000,IC-CMA-ES,test,CN-Base,-0.01957944432152725,valid,kge,structural,KGE_CN_Base,,
05501000,IC-CMA-ES,test,TGD-Base,0.030648009440540025,valid,kge,structural,KGE_TGD_Base,,
05501000,IC-CMA-ES,test,CN-TGD,-0.050227453762067276,valid,kge,structural,KGE_CN_TGD,,
05501000,IC-CMA-ES,train,CN-Base,0.010428683656636739,valid,kge,structural,KGE_CN_Base,,
05501000,IC-CMA-ES,train,TGD-Base,-0.011013592415542117,valid,kge,structural,KGE_TGD_Base,,
05501000,IC-CMA-ES,train,CN-TGD,0.021442276072178856,valid,kge,structural,KGE_CN_TGD,,
05503800,IC-CMA-ES,test,CN-Base,-0.02682011749597568,valid,kge,structural,KGE_CN_Base,,
05503800,IC-CMA-ES,test,TGD-Base,-0.013664492149981555,valid,kge,structural,KGE_TGD_Base,,
05503800,IC-CMA-ES,test,CN-TGD,-0.013155625345994126,valid,kge,structural,KGE_CN_TGD,,
05503800,IC-CMA-ES,train,CN-Base,0.011140375036111205,valid,kge,structural,KGE_CN_Base,,
05503800,IC-CMA-ES,train,TGD-Base,0.0028082562442725,valid,kge,structural,KGE_TGD_Base,,
05503800,IC-CMA-ES,train,CN-TGD,0.008332118791838705,valid,kge,structural,KGE_CN_TGD,,
05507600,IC-CMA-ES,test,CN-Base,-0.006759966978095222,valid,kge,structural,KGE_CN_Base,,
05507600,IC-CMA-ES,test,TGD-Base,0.052104271497316224,valid,kge,structural,KGE_TGD_Base,,
05507600,IC-CMA-ES,test,CN-TGD,-0.058864238475411446,valid,kge,structural,KGE_CN_TGD,,
05507600,IC-CMA-ES,train,CN-Base,0.004243194874495648,valid,kge,structural,KGE_CN_Base,,
05507600,IC-CMA-ES,train,TGD-Base,0.02777512811047722,valid,kge,structural,KGE_TGD_Base,,
05507600,IC-CMA-ES,train,CN-TGD,-0.023531933235981572,valid,kge,structural,KGE_CN_TGD,,
05508805,IC-CMA-ES,test,CN-Base,-0.010590171990619512,valid,kge,structural,KGE_CN_Base,,
05508805,IC-CMA-ES,test,TGD-Base,0.006494200294995589,valid,kge,structural,KGE_TGD_Base,,
05508805,IC-CMA-ES,test,CN-TGD,-0.0170843722856151,valid,kge,structural,KGE_CN_TGD,,
05508805,IC-CMA-ES,train,CN-Base,-0.03975675221334718,valid,kge,structural,KGE_CN_Base,,
05508805,IC-CMA-ES,train,TGD-Base,-0.009041145551772156,valid,kge,structural,KGE_TGD_Base,,
05508805,IC-CMA-ES,train,CN-TGD,-0.030715606661575023,valid,kge,structural,KGE_CN_TGD,,
05525500,IC-CMA-ES,test,CN-Base,0.003855277518534872,valid,kge,structural,KGE_CN_Base,,
05525500,IC-CMA-ES,test,TGD-Base,0.0022256567491159007,valid,kge,structural,KGE_TGD_Base,,
05525500,IC-CMA-ES,test,CN-TGD,0.0016296207694189713,valid,kge,structural,KGE_CN_TGD,,
05525500,IC-CMA-ES,train,CN-Base,0.012008707652873984,valid,kge,structural,KGE_CN_Base,,
05525500,IC-CMA-ES,train,TGD-Base,-0.0008195040387473096,valid,kge,structural,KGE_TGD_Base,,
05525500,IC-CMA-ES,train,CN-TGD,0.012828211691621294,valid,kge,structural,KGE_CN_TGD,,
05556500,IC-CMA-ES,test,CN-Base,0.001419005120419481,valid,kge,structural,KGE_CN_Base,,
05556500,IC-CMA-ES,test,TGD-Base,-0.01395322695147283,valid,kge,structural,KGE_TGD_Base,,
05556500,IC-CMA-ES,test,CN-TGD,0.015372232071892311,valid,kge,structural,KGE_CN_TGD,,
05556500,IC-CMA-ES,train,CN-Base,0.03191869270658876,valid,kge,structural,KGE_CN_Base,,
05556500,IC-CMA-ES,train,TGD-Base,0.008477878792360616,valid,kge,structural,KGE_TGD_Base,,
05556500,IC-CMA-ES,train,CN-TGD,0.023440813914228142,valid,kge,structural,KGE_CN_TGD,,
05584500,IC-CMA-ES,test,CN-Base,0.004405381065125447,valid,kge,structural,KGE_CN_Base,,
05584500,IC-CMA-ES,test,TGD-Base,0.012776437916830252,valid,kge,structural,KGE_TGD_Base,,
05584500,IC-CMA-ES,test,CN-TGD,-0.008371056851704806,valid,kge,structural,KGE_CN_TGD,,
05584500,IC-CMA-ES,train,CN-Base,0.010455677343395697,valid,kge,structural,KGE_CN_Base,,
05584500,IC-CMA-ES,train,TGD-Base,0.008891449776338711,valid,kge,structural,KGE_TGD_Base,,
05584500,IC-CMA-ES,train,CN-TGD,0.001564227567056986,valid,kge,structural,KGE_CN_TGD,,
05591550,IC-CMA-ES,test,CN-Base,0.0036965087799343266,valid,kge,structural,KGE_CN_Base,,
05591550,IC-CMA-ES,test,TGD-Base,0.011098193442674709,valid,kge,structural,KGE_TGD_Base,,
05591550,IC-CMA-ES,test,CN-TGD,-0.007401684662740382,valid,kge,structural,KGE_CN_TGD,,
05591550,IC-CMA-ES,train,CN-Base,0.0305457539202989,valid,kge,structural,KGE_CN_Base,,
05591550,IC-CMA-ES,train,TGD-Base,0.0164228204590241,valid,kge,structural,KGE_TGD_Base,,
05591550,IC-CMA-ES,train,CN-TGD,0.0141229334612748,valid,kge,structural,KGE_CN_TGD,,
05592050,IC-CMA-ES,test,CN-Base,-0.010043939189478213,valid,kge,structural,KGE_CN_Base,,
05592050,IC-CMA-ES,test,TGD-Base,-0.01021730245108543,valid,kge,structural,KGE_TGD_Base,,
05592050,IC-CMA-ES,test,CN-TGD,0.00017336326160721782,valid,kge,structural,KGE_CN_TGD,,
05592050,IC-CMA-ES,train,CN-Base,-0.0047233419643935015,valid,kge,structural,KGE_CN_Base,,
05592050,IC-CMA-ES,train,TGD-Base,0.005649673716179415,valid,kge,structural,KGE_TGD_Base,,
05592050,IC-CMA-ES,train,CN-TGD,-0.010373015680572917,valid,kge,structural,KGE_CN_TGD,,
05592575,IC-CMA-ES,test,CN-Base,-0.034287433447718785,valid,kge,structural,KGE_CN_Base,,
05592575,IC-CMA-ES,test,TGD-Base,-0.04374489306111684,valid,kge,structural,KGE_TGD_Base,,
05592575,IC-CMA-ES,test,CN-TGD,0.009457459613398056,valid,kge,structural,KGE_CN_TGD,,
05592575,IC-CMA-ES,train,CN-Base,0.022576765478523497,valid,kge,structural,KGE_CN_Base,,
05592575,IC-CMA-ES,train,TGD-Base,0.02589551688559555,valid,kge,structural,KGE_TGD_Base,,
05592575,IC-CMA-ES,train,CN-TGD,-0.0033187514070720514,valid,kge,structural,KGE_CN_TGD,,
05593575,IC-CMA-ES,test,CN-Base,-0.07353166185593885,valid,kge,structural,KGE_CN_Base,,
05593575,IC-CMA-ES,test,TGD-Base,-0.0471757149231129,valid,kge,structural,KGE_TGD_Base,,
05593575,IC-CMA-ES,test,CN-TGD,-0.026355946932825947,valid,kge,structural,KGE_CN_TGD,,
05593575,IC-CMA-ES,train,CN-Base,0.00458760784111778,valid,kge,structural,KGE_CN_Base,,
05593575,IC-CMA-ES,train,TGD-Base,0.012912756373250622,valid,kge,structural,KGE_TGD_Base,,
05593575,IC-CMA-ES,train,CN-TGD,-0.008325148532132842,valid,kge,structural,KGE_CN_TGD,,
05593900,IC-CMA-ES,test,CN-Base,0.009699512033614854,valid,kge,structural,KGE_CN_Base,,
05593900,IC-CMA-ES,test,TGD-Base,0.003128955253959398,valid,kge,structural,KGE_TGD_Base,,
05593900,IC-CMA-ES,test,CN-TGD,0.0065705567796554565,valid,kge,structural,KGE_CN_TGD,,
05593900,IC-CMA-ES,train,CN-Base,0.020128205691965384,valid,kge,structural,KGE_CN_Base,,
05593900,IC-CMA-ES,train,TGD-Base,0.011886451258415032,valid,kge,structural,KGE_TGD_Base,,
05593900,IC-CMA-ES,train,CN-TGD,0.008241754433550352,valid,kge,structural,KGE_CN_TGD,,
05595730,IC-CMA-ES,test,CN-Base,-0.039599356274427566,valid,kge,structural,KGE_CN_Base,,
05595730,IC-CMA-ES,test,TGD-Base,-0.008845872155587076,valid,kge,structural,KGE_TGD_Base,,
05595730,IC-CMA-ES,test,CN-TGD,-0.03075348411884049,valid,kge,structural,KGE_CN_TGD,,
05595730,IC-CMA-ES,train,CN-Base,-0.0016168994107838008,valid,kge,structural,KGE_CN_Base,,
05595730,IC-CMA-ES,train,TGD-Base,-0.0051596420582092906,valid,kge,structural,KGE_TGD_Base,,
05595730,IC-CMA-ES,train,CN-TGD,0.0035427426474254897,valid,kge,structural,KGE_CN_TGD,,
06221400,IC-CMA-ES,test,CN-Base,0.7385215399041332,valid,kge,structural,KGE_CN_Base,,
06221400,IC-CMA-ES,test,TGD-Base,0.40615819888256716,valid,kge,structural,KGE_TGD_Base,,
06221400,IC-CMA-ES,test,CN-TGD,0.33236334102156595,valid,kge,structural,KGE_CN_TGD,,
06221400,IC-CMA-ES,train,CN-Base,0.6898360150924243,valid,kge,structural,KGE_CN_Base,,
06221400,IC-CMA-ES,train,TGD-Base,0.4408479076526953,valid,kge,structural,KGE_TGD_Base,,
06221400,IC-CMA-ES,train,CN-TGD,0.248988107439729,valid,kge,structural,KGE_CN_TGD,,
06224000,IC-CMA-ES,test,CN-Base,0.7195577889026673,valid,kge,structural,KGE_CN_Base,,
06224000,IC-CMA-ES,test,TGD-Base,0.4016872393347763,valid,kge,structural,KGE_TGD_Base,,
06224000,IC-CMA-ES,test,CN-TGD,0.31787054956789107,valid,kge,structural,KGE_CN_TGD,,
06224000,IC-CMA-ES,train,CN-Base,0.813676373361836,valid,kge,structural,KGE_CN_Base,,
06224000,IC-CMA-ES,train,TGD-Base,0.4899066925859558,valid,kge,structural,KGE_TGD_Base,,
06224000,IC-CMA-ES,train,CN-TGD,0.3237696807758802,valid,kge,structural,KGE_CN_TGD,,
06278300,IC-CMA-ES,test,CN-Base,0.6994174032926056,valid,kge,structural,KGE_CN_Base,,
06278300,IC-CMA-ES,test,TGD-Base,0.4484035314591838,valid,kge,structural,KGE_TGD_Base,,
06278300,IC-CMA-ES,test,CN-TGD,0.25101387183342183,valid,kge,structural,KGE_CN_TGD,,
06278300,IC-CMA-ES,train,CN-Base,0.6342453912542619,valid,kge,structural,KGE_CN_Base,,
06278300,IC-CMA-ES,train,TGD-Base,0.3888831530290043,valid,kge,structural,KGE_TGD_Base,,
06278300,IC-CMA-ES,train,CN-TGD,0.24536223822525766,valid,kge,structural,KGE_CN_TGD,,
06280300,IC-CMA-ES,test,CN-Base,0.7695184079547192,valid,kge,structural,KGE_CN_Base,,
06280300,IC-CMA-ES,test,TGD-Base,0.6201360120497987,valid,kge,structural,KGE_TGD_Base,,
06280300,IC-CMA-ES,test,CN-TGD,0.14938239590492042,valid,kge,structural,KGE_CN_TGD,,
06280300,IC-CMA-ES,train,CN-Base,0.7970925319630376,valid,kge,structural,KGE_CN_Base,,
06280300,IC-CMA-ES,train,TGD-Base,0.6689091372670324,valid,kge,structural,KGE_TGD_Base,,
06280300,IC-CMA-ES,train,CN-TGD,0.12818339469600526,valid,kge,structural,KGE_CN_TGD,,
06289000,IC-CMA-ES,test,CN-Base,0.31091169724628087,valid,kge,structural,KGE_CN_Base,,
06289000,IC-CMA-ES,test,TGD-Base,0.2878792211925689,valid,kge,structural,KGE_TGD_Base,,
06289000,IC-CMA-ES,test,CN-TGD,0.023032476053711948,valid,kge,structural,KGE_CN_TGD,,
06289000,IC-CMA-ES,train,CN-Base,0.4024124915892546,valid,kge,structural,KGE_CN_Base,,
06289000,IC-CMA-ES,train,TGD-Base,0.31253469408765416,valid,kge,structural,KGE_TGD_Base,,
06289000,IC-CMA-ES,train,CN-TGD,0.08987779750160041,valid,kge,structural,KGE_CN_TGD,,
06291500,IC-CMA-ES,test,CN-Base,0.11549254955105592,valid,kge,structural,KGE_CN_Base,,
06291500,IC-CMA-ES,test,TGD-Base,0.12552172281729757,valid,kge,structural,KGE_TGD_Base,,
06291500,IC-CMA-ES,test,CN-TGD,-0.010029173266241642,valid,kge,structural,KGE_CN_TGD,,
06291500,IC-CMA-ES,train,CN-Base,0.29718485683699714,valid,kge,structural,KGE_CN_Base,,
06291500,IC-CMA-ES,train,TGD-Base,0.24387423481952564,valid,kge,structural,KGE_TGD_Base,,
06291500,IC-CMA-ES,train,CN-TGD,0.0533106220174715,valid,kge,structural,KGE_CN_TGD,,
06311000,IC-CMA-ES,test,CN-Base,0.37079333212126464,valid,kge,structural,KGE_CN_Base,,
06311000,IC-CMA-ES,test,TGD-Base,0.3535924953343649,valid,kge,structural,KGE_TGD_Base,,
06311000,IC-CMA-ES,test,CN-TGD,0.017200836786899765,valid,kge,structural,KGE_CN_TGD,,
06311000,IC-CMA-ES,train,CN-Base,0.3734030517504683,valid,kge,structural,KGE_CN_Base,,
06311000,IC-CMA-ES,train,TGD-Base,0.34136559093684515,valid,kge,structural,KGE_TGD_Base,,
06311000,IC-CMA-ES,train,CN-TGD,0.03203746081362313,valid,kge,structural,KGE_CN_TGD,,
06332515,IC-CMA-ES,test,CN-Base,0.2715313121594463,valid,kge,structural,KGE_CN_Base,,
06332515,IC-CMA-ES,test,TGD-Base,0.0545113667783093,valid,kge,structural,KGE_TGD_Base,,
06332515,IC-CMA-ES,test,CN-TGD,0.217019945381137,valid,kge,structural,KGE_CN_TGD,,
06332515,IC-CMA-ES,train,CN-Base,0.08842268136116893,valid,kge,structural,KGE_CN_Base,,
06332515,IC-CMA-ES,train,TGD-Base,0.0008669277271853293,valid,kge,structural,KGE_TGD_Base,,
06332515,IC-CMA-ES,train,CN-TGD,0.0875557536339836,valid,kge,structural,KGE_CN_TGD,,
06339100,IC-CMA-ES,test,CN-Base,0.24339386846008132,valid,kge,structural,KGE_CN_Base,,
06339100,IC-CMA-ES,test,TGD-Base,0.0777147508946989,valid,kge,structural,KGE_TGD_Base,,
06339100,IC-CMA-ES,test,CN-TGD,0.1656791175653824,valid,kge,structural,KGE_CN_TGD,,
06339100,IC-CMA-ES,train,CN-Base,0.1594199966704994,valid,kge,structural,KGE_CN_Base,,
06339100,IC-CMA-ES,train,TGD-Base,0.018958881744261913,valid,kge,structural,KGE_TGD_Base,,
06339100,IC-CMA-ES,train,CN-TGD,0.14046111492623747,valid,kge,structural,KGE_CN_TGD,,
06344600,IC-CMA-ES,test,CN-Base,0.1319516335500046,valid,kge,structural,KGE_CN_Base,,
06344600,IC-CMA-ES,test,TGD-Base,-0.0424136031407083,valid,kge,structural,KGE_TGD_Base,,
06344600,IC-CMA-ES,test,CN-TGD,0.1743652366907129,valid,kge,structural,KGE_CN_TGD,,
06344600,IC-CMA-ES,train,CN-Base,0.15686810093542808,valid,kge,structural,KGE_CN_Base,,
06344600,IC-CMA-ES,train,TGD-Base,0.0660925967306365,valid,kge,structural,KGE_TGD_Base,,
06344600,IC-CMA-ES,train,CN-TGD,0.09077550420479158,valid,kge,structural,KGE_CN_TGD,,
06350000,IC-CMA-ES,test,CN-Base,0.3173916100400514,valid,kge,structural,KGE_CN_Base,,
06350000,IC-CMA-ES,test,TGD-Base,0.23470578821796592,valid,kge,structural,KGE_TGD_Base,,
06350000,IC-CMA-ES,test,CN-TGD,0.0826858218220855,valid,kge,structural,KGE_CN_TGD,,
06350000,IC-CMA-ES,train,CN-Base,0.2826386720418352,valid,kge,structural,KGE_CN_Base,,
06350000,IC-CMA-ES,train,TGD-Base,0.17520241904483452,valid,kge,structural,KGE_TGD_Base,,
06350000,IC-CMA-ES,train,CN-TGD,0.10743625299700066,valid,kge,structural,KGE_CN_TGD,,
06352000,IC-CMA-ES,test,CN-Base,0.479098880185188,valid,kge,structural,KGE_CN_Base,,
06352000,IC-CMA-ES,test,TGD-Base,0.1874520156069093,valid,kge,structural,KGE_TGD_Base,,
06352000,IC-CMA-ES,test,CN-TGD,0.2916468645782787,valid,kge,structural,KGE_CN_TGD,,
06352000,IC-CMA-ES,train,CN-Base,0.36765114174501934,valid,kge,structural,KGE_CN_Base,,
06352000,IC-CMA-ES,train,TGD-Base,0.1445045574037116,valid,kge,structural,KGE_TGD_Base,,
06352000,IC-CMA-ES,train,CN-TGD,0.22314658434130774,valid,kge,structural,KGE_CN_TGD,,
06404000,IC-CMA-ES,test,CN-Base,0.0132218002029455,valid,kge,structural,KGE_CN_Base,,
06404000,IC-CMA-ES,test,TGD-Base,0.039903266724628184,valid,kge,structural,KGE_TGD_Base,,
06404000,IC-CMA-ES,test,CN-TGD,-0.026681466521682684,valid,kge,structural,KGE_CN_TGD,,
06404000,IC-CMA-ES,train,CN-Base,0.006377332152253001,valid,kge,structural,KGE_CN_Base,,
06404000,IC-CMA-ES,train,TGD-Base,0.0015602991014586065,valid,kge,structural,KGE_TGD_Base,,
06404000,IC-CMA-ES,train,CN-TGD,0.004817033050794395,valid,kge,structural,KGE_CN_TGD,,
06406000,IC-CMA-ES,test,CN-Base,-0.0674616695948993,valid,kge,structural,KGE_CN_Base,,
06406000,IC-CMA-ES,test,TGD-Base,-0.02347315544748918,valid,kge,structural,KGE_TGD_Base,,
06406000,IC-CMA-ES,test,CN-TGD,-0.04398851414741012,valid,kge,structural,KGE_CN_TGD,,
06406000,IC-CMA-ES,train,CN-Base,0.023421249316095794,valid,kge,structural,KGE_CN_Base,,
06406000,IC-CMA-ES,train,TGD-Base,0.014732251631894622,valid,kge,structural,KGE_TGD_Base,,
06406000,IC-CMA-ES,train,CN-TGD,0.008688997684201172,valid,kge,structural,KGE_CN_TGD,,
06409000,IC-CMA-ES,test,CN-Base,-0.10831308272258611,valid,kge,structural,KGE_CN_Base,,
06409000,IC-CMA-ES,test,TGD-Base,-0.038150180418381696,valid,kge,structural,KGE_TGD_Base,,
06409000,IC-CMA-ES,test,CN-TGD,-0.07016290230420441,valid,kge,structural,KGE_CN_TGD,,
06409000,IC-CMA-ES,train,CN-Base,0.06899457551040578,valid,kge,structural,KGE_CN_Base,,
06409000,IC-CMA-ES,train,TGD-Base,-0.011571606110184929,valid,kge,structural,KGE_TGD_Base,,
06409000,IC-CMA-ES,train,CN-TGD,0.0805661816205907,valid,kge,structural,KGE_CN_TGD,,
06431500,IC-CMA-ES,test,CN-Base,-0.07276190314555997,valid,kge,structural,KGE_CN_Base,,
06431500,IC-CMA-ES,test,TGD-Base,-0.08182761229412827,valid,kge,structural,KGE_TGD_Base,,
06431500,IC-CMA-ES,test,CN-TGD,0.009065709148568302,valid,kge,structural,KGE_CN_TGD,,
06431500,IC-CMA-ES,train,CN-Base,0.01884715648505475,valid,kge,structural,KGE_CN_Base,,
06431500,IC-CMA-ES,train,TGD-Base,0.016783450387568788,valid,kge,structural,KGE_TGD_Base,,
06431500,IC-CMA-ES,train,CN-TGD,0.0020637060974859622,valid,kge,structural,KGE_CN_TGD,,
06440200,IC-CMA-ES,test,CN-Base,0.053400038595757204,valid,kge,structural,KGE_CN_Base,,
06440200,IC-CMA-ES,test,TGD-Base,0.14653195425280707,valid,kge,structural,KGE_TGD_Base,,
06440200,IC-CMA-ES,test,CN-TGD,-0.09313191565704987,valid,kge,structural,KGE_CN_TGD,,
06440200,IC-CMA-ES,train,CN-Base,-0.005779756374950651,valid,kge,structural,KGE_CN_Base,,
06440200,IC-CMA-ES,train,TGD-Base,-6.685791894567306e-05,valid,kge,structural,KGE_TGD_Base,,
06440200,IC-CMA-ES,train,CN-TGD,-0.005712898456004978,valid,kge,structural,KGE_CN_TGD,,
06447500,IC-CMA-ES,test,CN-Base,0.9356270711523571,valid,kge,structural,KGE_CN_Base,,
06447500,IC-CMA-ES,test,TGD-Base,-0.19208184791304977,valid,kge,structural,KGE_TGD_Base,,
06447500,IC-CMA-ES,test,CN-TGD,1.1277089190654068,valid,kge,structural,KGE_CN_TGD,,
06447500,IC-CMA-ES,train,CN-Base,0.0498386873927088,valid,kge,structural,KGE_CN_Base,,
06447500,IC-CMA-ES,train,TGD-Base,0.014191294009218813,valid,kge,structural,KGE_TGD_Base,,
06447500,IC-CMA-ES,train,CN-TGD,0.03564739338348999,valid,kge,structural,KGE_CN_TGD,,
06470800,IC-CMA-ES,test,CN-Base,0.21017598271435728,valid,kge,structural,KGE_CN_Base,,
06470800,IC-CMA-ES,test,TGD-Base,0.2415022255397387,valid,kge,structural,KGE_TGD_Base,,
06470800,IC-CMA-ES,test,CN-TGD,-0.031326242825381434,valid,kge,structural,KGE_CN_TGD,,
06470800,IC-CMA-ES,train,CN-Base,0.18350025720924978,valid,kge,structural,KGE_CN_Base,,
06470800,IC-CMA-ES,train,TGD-Base,0.11442343563650381,valid,kge,structural,KGE_TGD_Base,,
06470800,IC-CMA-ES,train,CN-TGD,0.06907682157274597,valid,kge,structural,KGE_CN_TGD,,
06477500,IC-CMA-ES,test,CN-Base,-0.20455390315402672,valid,kge,structural,KGE_CN_Base,,
06477500,IC-CMA-ES,test,TGD-Base,0.03617824927484348,valid,kge,structural,KGE_TGD_Base,,
06477500,IC-CMA-ES,test,CN-TGD,-0.2407321524288702,valid,kge,structural,KGE_CN_TGD,,
06477500,IC-CMA-ES,train,CN-Base,0.0682954873355055,valid,kge,structural,KGE_CN_Base,,
06477500,IC-CMA-ES,train,TGD-Base,0.013125231203820587,valid,kge,structural,KGE_TGD_Base,,
06477500,IC-CMA-ES,train,CN-TGD,0.055170256131684914,valid,kge,structural,KGE_CN_TGD,,
06479215,IC-CMA-ES,test,CN-Base,0.008457510917452116,valid,kge,structural,KGE_CN_Base,,
06479215,IC-CMA-ES,test,TGD-Base,-0.004588394347236097,valid,kge,structural,KGE_TGD_Base,,
06479215,IC-CMA-ES,test,CN-TGD,0.013045905264688212,valid,kge,structural,KGE_CN_TGD,,
06479215,IC-CMA-ES,train,CN-Base,0.2678450367530074,valid,kge,structural,KGE_CN_Base,,
06479215,IC-CMA-ES,train,TGD-Base,0.14517124692685057,valid,kge,structural,KGE_TGD_Base,,
06479215,IC-CMA-ES,train,CN-TGD,0.12267378982615684,valid,kge,structural,KGE_CN_TGD,,
06601000,IC-CMA-ES,test,CN-Base,0.0688137083388154,valid,kge,structural,KGE_CN_Base,,
06601000,IC-CMA-ES,test,TGD-Base,0.039575043913357144,valid,kge,structural,KGE_TGD_Base,,
06601000,IC-CMA-ES,test,CN-TGD,0.02923866442545825,valid,kge,structural,KGE_CN_TGD,,
06601000,IC-CMA-ES,train,CN-Base,0.04107248198848201,valid,kge,structural,KGE_CN_Base,,
06601000,IC-CMA-ES,train,TGD-Base,0.03402584689958421,valid,kge,structural,KGE_TGD_Base,,
06601000,IC-CMA-ES,train,CN-TGD,0.007046635088897801,valid,kge,structural,KGE_CN_TGD,,
06614800,IC-CMA-ES,test,CN-Base,0.9805174896893876,valid,kge,structural,KGE_CN_Base,,
06614800,IC-CMA-ES,test,TGD-Base,0.6605412507240946,valid,kge,structural,KGE_TGD_Base,,
06614800,IC-CMA-ES,test,CN-TGD,0.3199762389652929,valid,kge,structural,KGE_CN_TGD,,
06614800,IC-CMA-ES,train,CN-Base,1.0304784970188448,valid,kge,structural,KGE_CN_Base,,
06614800,IC-CMA-ES,train,TGD-Base,0.7212049150337587,valid,kge,structural,KGE_TGD_Base,,
06614800,IC-CMA-ES,train,CN-TGD,0.30927358198508614,valid,kge,structural,KGE_CN_TGD,,
06622700,IC-CMA-ES,test,CN-Base,0.795111391844363,valid,kge,structural,KGE_CN_Base,,
06622700,IC-CMA-ES,test,TGD-Base,0.580193571406186,valid,kge,structural,KGE_TGD_Base,,
06622700,IC-CMA-ES,test,CN-TGD,0.21491782043817698,valid,kge,structural,KGE_CN_TGD,,
06622700,IC-CMA-ES,train,CN-Base,0.7802187298776706,valid,kge,structural,KGE_CN_Base,,
06622700,IC-CMA-ES,train,TGD-Base,0.5590682261939645,valid,kge,structural,KGE_TGD_Base,,
06622700,IC-CMA-ES,train,CN-TGD,0.22115050368370615,valid,kge,structural,KGE_CN_TGD,,
06623800,IC-CMA-ES,test,CN-Base,0.9087720872887582,valid,kge,structural,KGE_CN_Base,,
06623800,IC-CMA-ES,test,TGD-Base,0.6183711600257386,valid,kge,structural,KGE_TGD_Base,,
06623800,IC-CMA-ES,test,CN-TGD,0.2904009272630197,valid,kge,structural,KGE_CN_TGD,,
06623800,IC-CMA-ES,train,CN-Base,0.8770265055339287,valid,kge,structural,KGE_CN_Base,,
06623800,IC-CMA-ES,train,TGD-Base,0.620260354552607,valid,kge,structural,KGE_TGD_Base,,
06623800,IC-CMA-ES,train,CN-TGD,0.2567661509813217,valid,kge,structural,KGE_CN_TGD,,
06632400,IC-CMA-ES,test,CN-Base,0.7194746485709089,valid,kge,structural,KGE_CN_Base,,
06632400,IC-CMA-ES,test,TGD-Base,0.630881873103309,valid,kge,structural,KGE_TGD_Base,,
06632400,IC-CMA-ES,test,CN-TGD,0.08859277546759992,valid,kge,structural,KGE_CN_TGD,,
06632400,IC-CMA-ES,train,CN-Base,0.7836522641770219,valid,kge,structural,KGE_CN_Base,,
06632400,IC-CMA-ES,train,TGD-Base,0.5590280395607707,valid,kge,structural,KGE_TGD_Base,,
06632400,IC-CMA-ES,train,CN-TGD,0.2246242246162512,valid,kge,structural,KGE_CN_TGD,,
06746095,IC-CMA-ES,test,CN-Base,0.8725331395599253,valid,kge,structural,KGE_CN_Base,,
06746095,IC-CMA-ES,test,TGD-Base,0.38553558422780343,valid,kge,structural,KGE_TGD_Base,,
06746095,IC-CMA-ES,test,CN-TGD,0.4869975553321219,valid,kge,structural,KGE_CN_TGD,,
06746095,IC-CMA-ES,train,CN-Base,0.9775775806294913,valid,kge,structural,KGE_CN_Base,,
06746095,IC-CMA-ES,train,TGD-Base,0.45427565374530854,valid,kge,structural,KGE_TGD_Base,,
06746095,IC-CMA-ES,train,CN-TGD,0.5233019268841828,valid,kge,structural,KGE_CN_TGD,,
06803510,IC-CMA-ES,test,CN-Base,-0.1716489802884586,valid,kge,structural,KGE_CN_Base,,
06803510,IC-CMA-ES,test,TGD-Base,0.008303454742938615,valid,kge,structural,KGE_TGD_Base,,
06803510,IC-CMA-ES,test,CN-TGD,-0.1799524350313972,valid,kge,structural,KGE_CN_TGD,,
06803510,IC-CMA-ES,train,CN-Base,0.004970394278229762,valid,kge,structural,KGE_CN_Base,,
06803510,IC-CMA-ES,train,TGD-Base,-0.009502215655611046,valid,kge,structural,KGE_TGD_Base,,
06803510,IC-CMA-ES,train,CN-TGD,0.014472609933840808,valid,kge,structural,KGE_CN_TGD,,
06803530,IC-CMA-ES,test,CN-Base,0.16210850077791134,valid,kge,structural,KGE_CN_Base,,
06803530,IC-CMA-ES,test,TGD-Base,0.12244867124684228,valid,kge,structural,KGE_TGD_Base,,
06803530,IC-CMA-ES,test,CN-TGD,0.03965982953106906,valid,kge,structural,KGE_CN_TGD,,
06803530,IC-CMA-ES,train,CN-Base,0.000972110213639743,valid,kge,structural,KGE_CN_Base,,
06803530,IC-CMA-ES,train,TGD-Base,-0.0007165918715336117,valid,kge,structural,KGE_TGD_Base,,
06803530,IC-CMA-ES,train,CN-TGD,0.0016887020851733547,valid,kge,structural,KGE_CN_TGD,,
06814000,IC-CMA-ES,test,CN-Base,-0.028707702435397997,valid,kge,structural,KGE_CN_Base,,
06814000,IC-CMA-ES,test,TGD-Base,0.014532065107884407,valid,kge,structural,KGE_TGD_Base,,
06814000,IC-CMA-ES,test,CN-TGD,-0.043239767543282404,valid,kge,structural,KGE_CN_TGD,,
06814000,IC-CMA-ES,train,CN-Base,0.02823566941246458,valid,kge,structural,KGE_CN_Base,,
06814000,IC-CMA-ES,train,TGD-Base,0.026572257536528143,valid,kge,structural,KGE_TGD_Base,,
06814000,IC-CMA-ES,train,CN-TGD,0.001663411875936438,valid,kge,structural,KGE_CN_TGD,,
06847900,IC-CMA-ES,test,CN-Base,0.07132322308671152,valid,kge,structural,KGE_CN_Base,,
06847900,IC-CMA-ES,test,TGD-Base,0.1021842272955325,valid,kge,structural,KGE_TGD_Base,,
06847900,IC-CMA-ES,test,CN-TGD,-0.030861004208820986,valid,kge,structural,KGE_CN_TGD,,
06847900,IC-CMA-ES,train,CN-Base,0.2731374006532226,valid,kge,structural,KGE_CN_Base,,
06847900,IC-CMA-ES,train,TGD-Base,0.08905124179648571,valid,kge,structural,KGE_TGD_Base,,
06847900,IC-CMA-ES,train,CN-TGD,0.1840861588567369,valid,kge,structural,KGE_CN_TGD,,
06853800,IC-CMA-ES,test,CN-Base,0.07089242027201614,valid,kge,structural,KGE_CN_Base,,
06853800,IC-CMA-ES,test,TGD-Base,0.015082426430265583,valid,kge,structural,KGE_TGD_Base,,
06853800,IC-CMA-ES,test,CN-TGD,0.05580999384175056,valid,kge,structural,KGE_CN_TGD,,
06853800,IC-CMA-ES,train,CN-Base,0.04369691669718201,valid,kge,structural,KGE_CN_Base,,
06853800,IC-CMA-ES,train,TGD-Base,0.03748735142117621,valid,kge,structural,KGE_TGD_Base,,
06853800,IC-CMA-ES,train,CN-TGD,0.006209565276005802,valid,kge,structural,KGE_CN_TGD,,
06876700,IC-CMA-ES,test,CN-Base,0.02916466050650557,valid,kge,structural,KGE_CN_Base,,
06876700,IC-CMA-ES,test,TGD-Base,0.05297719601330153,valid,kge,structural,KGE_TGD_Base,,
06876700,IC-CMA-ES,test,CN-TGD,-0.023812535506795962,valid,kge,structural,KGE_CN_TGD,,
06876700,IC-CMA-ES,train,CN-Base,0.00453980814749011,valid,kge,structural,KGE_CN_Base,,
06876700,IC-CMA-ES,train,TGD-Base,-0.0014111439016634142,valid,kge,structural,KGE_TGD_Base,,
06876700,IC-CMA-ES,train,CN-TGD,0.005950952049153524,valid,kge,structural,KGE_CN_TGD,,
06878000,IC-CMA-ES,test,CN-Base,0.09658653981560228,valid,kge,structural,KGE_CN_Base,,
06878000,IC-CMA-ES,test,TGD-Base,0.05084849280303061,valid,kge,structural,KGE_TGD_Base,,
06878000,IC-CMA-ES,test,CN-TGD,0.04573804701257167,valid,kge,structural,KGE_CN_TGD,,
06878000,IC-CMA-ES,train,CN-Base,0.0124227204275833,valid,kge,structural,KGE_CN_Base,,
06878000,IC-CMA-ES,train,TGD-Base,-0.01061717857715827,valid,kge,structural,KGE_TGD_Base,,
06878000,IC-CMA-ES,train,CN-TGD,0.02303989900474157,valid,kge,structural,KGE_CN_TGD,,
06879650,IC-CMA-ES,test,CN-Base,0.0155611033618836,valid,kge,structural,KGE_CN_Base,,
06879650,IC-CMA-ES,test,TGD-Base,0.004460031159350897,valid,kge,structural,KGE_TGD_Base,,
06879650,IC-CMA-ES,test,CN-TGD,0.011101072202532702,valid,kge,structural,KGE_CN_TGD,,
06879650,IC-CMA-ES,train,CN-Base,0.0034565850391459207,valid,kge,structural,KGE_CN_Base,,
06879650,IC-CMA-ES,train,TGD-Base,0.009016278400664213,valid,kge,structural,KGE_TGD_Base,,
06879650,IC-CMA-ES,train,CN-TGD,-0.005559693361518292,valid,kge,structural,KGE_CN_TGD,,
06885500,IC-CMA-ES,test,CN-Base,0.03077370908650623,valid,kge,structural,KGE_CN_Base,,
06885500,IC-CMA-ES,test,TGD-Base,0.11070370273310848,valid,kge,structural,KGE_TGD_Base,,
06885500,IC-CMA-ES,test,CN-TGD,-0.07992999364660225,valid,kge,structural,KGE_CN_TGD,,
06885500,IC-CMA-ES,train,CN-Base,0.014301160549026415,valid,kge,structural,KGE_CN_Base,,
06885500,IC-CMA-ES,train,TGD-Base,0.002645091832828239,valid,kge,structural,KGE_TGD_Base,,
06885500,IC-CMA-ES,train,CN-TGD,0.011656068716198176,valid,kge,structural,KGE_CN_TGD,,
06888500,IC-CMA-ES,test,CN-Base,-0.0026935483699594975,valid,kge,structural,KGE_CN_Base,,
06888500,IC-CMA-ES,test,TGD-Base,0.011663416357581724,valid,kge,structural,KGE_TGD_Base,,
06888500,IC-CMA-ES,test,CN-TGD,-0.014356964727541222,valid,kge,structural,KGE_CN_TGD,,
06888500,IC-CMA-ES,train,CN-Base,0.003430432056486854,valid,kge,structural,KGE_CN_Base,,
06888500,IC-CMA-ES,train,TGD-Base,0.005801216185458036,valid,kge,structural,KGE_TGD_Base,,
06888500,IC-CMA-ES,train,CN-TGD,-0.0023707841289711817,valid,kge,structural,KGE_CN_TGD,,
06889200,IC-CMA-ES,test,CN-Base,0.005661371808770688,valid,kge,structural,KGE_CN_Base,,
06889200,IC-CMA-ES,test,TGD-Base,0.03011308419671621,valid,kge,structural,KGE_TGD_Base,,
06889200,IC-CMA-ES,test,CN-TGD,-0.024451712387945523,valid,kge,structural,KGE_CN_TGD,,
06889200,IC-CMA-ES,train,CN-Base,0.008468529290774574,valid,kge,structural,KGE_CN_Base,,
06889200,IC-CMA-ES,train,TGD-Base,0.00028111036640232623,valid,kge,structural,KGE_TGD_Base,,
06889200,IC-CMA-ES,train,CN-TGD,0.008187418924372247,valid,kge,structural,KGE_CN_TGD,,
06889500,IC-CMA-ES,test,CN-Base,-0.020555207513923146,valid,kge,structural,KGE_CN_Base,,
06889500,IC-CMA-ES,test,TGD-Base,-0.015572612666911123,valid,kge,structural,KGE_TGD_Base,,
06889500,IC-CMA-ES,test,CN-TGD,-0.004982594847012023,valid,kge,structural,KGE_CN_TGD,,
06889500,IC-CMA-ES,train,CN-Base,0.003427964040254361,valid,kge,structural,KGE_CN_Base,,
06889500,IC-CMA-ES,train,TGD-Base,0.0036663969866548296,valid,kge,structural,KGE_TGD_Base,,
06889500,IC-CMA-ES,train,CN-TGD,-0.00023843294640046864,valid,kge,structural,KGE_CN_TGD,,
06892000,IC-CMA-ES,test,CN-Base,0.00018940525659794094,valid,kge,structural,KGE_CN_Base,,
06892000,IC-CMA-ES,test,TGD-Base,-0.0012180331836614267,valid,kge,structural,KGE_TGD_Base,,
06892000,IC-CMA-ES,test,CN-TGD,0.0014074384402593676,valid,kge,structural,KGE_CN_TGD,,
06892000,IC-CMA-ES,train,CN-Base,0.006939402521315308,valid,kge,structural,KGE_CN_Base,,
06892000,IC-CMA-ES,train,TGD-Base,-1.987641658129924e-05,valid,kge,structural,KGE_TGD_Base,,
06892000,IC-CMA-ES,train,CN-TGD,0.006959278937896607,valid,kge,structural,KGE_CN_TGD,,
06903400,IC-CMA-ES,test,CN-Base,-0.007920642260785593,valid,kge,structural,KGE_CN_Base,,
06903400,IC-CMA-ES,test,TGD-Base,0.004488483079561401,valid,kge,structural,KGE_TGD_Base,,
06903400,IC-CMA-ES,test,CN-TGD,-0.012409125340346994,valid,kge,structural,KGE_CN_TGD,,
06903400,IC-CMA-ES,train,CN-Base,0.0128417278290196,valid,kge,structural,KGE_CN_Base,,
06903400,IC-CMA-ES,train,TGD-Base,-0.0013883000949237445,valid,kge,structural,KGE_TGD_Base,,
06903400,IC-CMA-ES,train,CN-TGD,0.014230027923943345,valid,kge,structural,KGE_CN_TGD,,
06906800,IC-CMA-ES,test,CN-Base,0.05347616277477141,valid,kge,structural,KGE_CN_Base,,
06906800,IC-CMA-ES,test,TGD-Base,0.021225267274814552,valid,kge,structural,KGE_TGD_Base,,
06906800,IC-CMA-ES,test,CN-TGD,0.032250895499956855,valid,kge,structural,KGE_CN_TGD,,
06906800,IC-CMA-ES,train,CN-Base,-0.00895489779339198,valid,kge,structural,KGE_CN_Base,,
06906800,IC-CMA-ES,train,TGD-Base,0.0022573856160336137,valid,kge,structural,KGE_TGD_Base,,
06906800,IC-CMA-ES,train,CN-TGD,-0.011212283409425594,valid,kge,structural,KGE_CN_TGD,,
06910800,IC-CMA-ES,test,CN-Base,-0.026954605895755934,valid,kge,structural,KGE_CN_Base,,
06910800,IC-CMA-ES,test,TGD-Base,-0.024587266736154967,valid,kge,structural,KGE_TGD_Base,,
06910800,IC-CMA-ES,test,CN-TGD,-0.0023673391596009674,valid,kge,structural,KGE_CN_TGD,,
06910800,IC-CMA-ES,train,CN-Base,-0.0065774640756093294,valid,kge,structural,KGE_CN_Base,,
06910800,IC-CMA-ES,train,TGD-Base,0.004585356797285445,valid,kge,structural,KGE_TGD_Base,,
06910800,IC-CMA-ES,train,CN-TGD,-0.011162820872894774,valid,kge,structural,KGE_CN_TGD,,
06911900,IC-CMA-ES,test,CN-Base,-0.017523179441103265,valid,kge,structural,KGE_CN_Base,,
06911900,IC-CMA-ES,test,TGD-Base,0.0027776245302363334,valid,kge,structural,KGE_TGD_Base,,
06911900,IC-CMA-ES,test,CN-TGD,-0.020300803971339598,valid,kge,structural,KGE_CN_TGD,,
06911900,IC-CMA-ES,train,CN-Base,-0.0017905016298144227,valid,kge,structural,KGE_CN_Base,,
06911900,IC-CMA-ES,train,TGD-Base,0.000741879331114248,valid,kge,structural,KGE_TGD_Base,,
06911900,IC-CMA-ES,train,CN-TGD,-0.0025323809609286707,valid,kge,structural,KGE_CN_TGD,,
06917000,IC-CMA-ES,test,CN-Base,-0.007948682587907596,valid,kge,structural,KGE_CN_Base,,
06917000,IC-CMA-ES,test,TGD-Base,-0.006237271845430992,valid,kge,structural,KGE_TGD_Base,,
06917000,IC-CMA-ES,test,CN-TGD,-0.0017114107424766045,valid,kge,structural,KGE_CN_TGD,,
06917000,IC-CMA-ES,train,CN-Base,0.0005916654942350608,valid,kge,structural,KGE_CN_Base,,
06917000,IC-CMA-ES,train,TGD-Base,0.0013523064352753966,valid,kge,structural,KGE_TGD_Base,,
06917000,IC-CMA-ES,train,CN-TGD,-0.0007606409410403359,valid,kge,structural,KGE_CN_TGD,,
06918460,IC-CMA-ES,test,CN-Base,0.009091437779937706,valid,kge,structural,KGE_CN_Base,,
06918460,IC-CMA-ES,test,TGD-Base,-0.005684624754681122,valid,kge,structural,KGE_TGD_Base,,
06918460,IC-CMA-ES,test,CN-TGD,0.014776062534618828,valid,kge,structural,KGE_CN_TGD,,
06918460,IC-CMA-ES,train,CN-Base,4.195767479076018e-05,valid,kge,structural,KGE_CN_Base,,
06918460,IC-CMA-ES,train,TGD-Base,0.0052988597231775625,valid,kge,structural,KGE_TGD_Base,,
06918460,IC-CMA-ES,train,CN-TGD,-0.005256902048386802,valid,kge,structural,KGE_CN_TGD,,
06919500,IC-CMA-ES,test,CN-Base,-0.001967234683684649,valid,kge,structural,KGE_CN_Base,,
06919500,IC-CMA-ES,test,TGD-Base,-0.00041579330742780307,valid,kge,structural,KGE_TGD_Base,,
06919500,IC-CMA-ES,test,CN-TGD,-0.0015514413762568457,valid,kge,structural,KGE_CN_TGD,,
06919500,IC-CMA-ES,train,CN-Base,-0.003408417546720832,valid,kge,structural,KGE_CN_Base,,
06919500,IC-CMA-ES,train,TGD-Base,0.0029557049349391296,valid,kge,structural,KGE_TGD_Base,,
06919500,IC-CMA-ES,train,CN-TGD,-0.006364122481659962,valid,kge,structural,KGE_CN_TGD,,
06921070,IC-CMA-ES,test,CN-Base,-0.1368919049778453,valid,kge,structural,KGE_CN_Base,,
06921070,IC-CMA-ES,test,TGD-Base,-0.02208564754853526,valid,kge,structural,KGE_TGD_Base,,
06921070,IC-CMA-ES,test,CN-TGD,-0.11480625742931005,valid,kge,structural,KGE_CN_TGD,,
06921070,IC-CMA-ES,train,CN-Base,0.009753429416801795,valid,kge,structural,KGE_CN_Base,,
06921070,IC-CMA-ES,train,TGD-Base,0.019568052396614632,valid,kge,structural,KGE_TGD_Base,,
06921070,IC-CMA-ES,train,CN-TGD,-0.009814622979812837,valid,kge,structural,KGE_CN_TGD,,
06921200,IC-CMA-ES,test,CN-Base,0.054459180005882124,valid,kge,structural,KGE_CN_Base,,
06921200,IC-CMA-ES,test,TGD-Base,0.018099442393128107,valid,kge,structural,KGE_TGD_Base,,
06921200,IC-CMA-ES,test,CN-TGD,0.03635973761275402,valid,kge,structural,KGE_CN_TGD,,
06921200,IC-CMA-ES,train,CN-Base,0.023208096837706416,valid,kge,structural,KGE_CN_Base,,
06921200,IC-CMA-ES,train,TGD-Base,0.019646481817030104,valid,kge,structural,KGE_TGD_Base,,
06921200,IC-CMA-ES,train,CN-TGD,0.003561615020676312,valid,kge,structural,KGE_CN_TGD,,
07057500,IC-CMA-ES,test,CN-Base,0.01440253502938349,valid,kge,structural,KGE_CN_Base,,
07057500,IC-CMA-ES,test,TGD-Base,0.0020754903737245645,valid,kge,structural,KGE_TGD_Base,,
07057500,IC-CMA-ES,test,CN-TGD,0.012327044655658925,valid,kge,structural,KGE_CN_TGD,,
07057500,IC-CMA-ES,train,CN-Base,0.007175105316807651,valid,kge,structural,KGE_CN_Base,,
07057500,IC-CMA-ES,train,TGD-Base,0.0013178200949396368,valid,kge,structural,KGE_TGD_Base,,
07057500,IC-CMA-ES,train,CN-TGD,0.005857285221868014,valid,kge,structural,KGE_CN_TGD,,
07060710,IC-CMA-ES,test,CN-Base,0.015294717600431329,valid,kge,structural,KGE_CN_Base,,
07060710,IC-CMA-ES,test,TGD-Base,0.02435090226157255,valid,kge,structural,KGE_TGD_Base,,
07060710,IC-CMA-ES,test,CN-TGD,-0.00905618466114122,valid,kge,structural,KGE_CN_TGD,,
07060710,IC-CMA-ES,train,CN-Base,0.008262597930332793,valid,kge,structural,KGE_CN_Base,,
07060710,IC-CMA-ES,train,TGD-Base,0.030308421002719577,valid,kge,structural,KGE_TGD_Base,,
07060710,IC-CMA-ES,train,CN-TGD,-0.022045823072386783,valid,kge,structural,KGE_CN_TGD,,
07066000,IC-CMA-ES,test,CN-Base,-0.0024389698137337046,valid,kge,structural,KGE_CN_Base,,
07066000,IC-CMA-ES,test,TGD-Base,0.009601250354972835,valid,kge,structural,KGE_TGD_Base,,
07066000,IC-CMA-ES,test,CN-TGD,-0.012040220168706539,valid,kge,structural,KGE_CN_TGD,,
07066000,IC-CMA-ES,train,CN-Base,0.0006374087935960837,valid,kge,structural,KGE_CN_Base,,
07066000,IC-CMA-ES,train,TGD-Base,0.0002412789523594805,valid,kge,structural,KGE_TGD_Base,,
07066000,IC-CMA-ES,train,CN-TGD,0.0003961298412366032,valid,kge,structural,KGE_CN_TGD,,
07083000,IC-CMA-ES,test,CN-Base,0.9536719434393994,valid,kge,structural,KGE_CN_Base,,
07083000,IC-CMA-ES,test,TGD-Base,0.7839600523341979,valid,kge,structural,KGE_TGD_Base,,
07083000,IC-CMA-ES,test,CN-TGD,0.16971189110520157,valid,kge,structural,KGE_CN_TGD,,
07083000,IC-CMA-ES,train,CN-Base,0.9387422381037936,valid,kge,structural,KGE_CN_Base,,
07083000,IC-CMA-ES,train,TGD-Base,0.8092195535983198,valid,kge,structural,KGE_TGD_Base,,
07083000,IC-CMA-ES,train,CN-TGD,0.12952268450547388,valid,kge,structural,KGE_CN_TGD,,
07142300,IC-CMA-ES,test,CN-Base,-0.21839224616171476,valid,kge,structural,KGE_CN_Base,,
07142300,IC-CMA-ES,test,TGD-Base,-1.430440356081576,valid,kge,structural,KGE_TGD_Base,,
07142300,IC-CMA-ES,test,CN-TGD,1.2120481099198612,valid,kge,structural,KGE_CN_TGD,,
07142300,IC-CMA-ES,train,CN-Base,0.07421977369819083,valid,kge,structural,KGE_CN_Base,,
07142300,IC-CMA-ES,train,TGD-Base,0.12522258301719374,valid,kge,structural,KGE_TGD_Base,,
07142300,IC-CMA-ES,train,CN-TGD,-0.05100280931900292,valid,kge,structural,KGE_CN_TGD,,
07145700,IC-CMA-ES,test,CN-Base,0.039991552577346545,valid,kge,structural,KGE_CN_Base,,
07145700,IC-CMA-ES,test,TGD-Base,0.043056217015183806,valid,kge,structural,KGE_TGD_Base,,
07145700,IC-CMA-ES,test,CN-TGD,-0.003064664437837261,valid,kge,structural,KGE_CN_TGD,,
07145700,IC-CMA-ES,train,CN-Base,-0.009657816495993066,valid,kge,structural,KGE_CN_Base,,
07145700,IC-CMA-ES,train,TGD-Base,-0.024744490262398222,valid,kge,structural,KGE_TGD_Base,,
07145700,IC-CMA-ES,train,CN-TGD,0.015086673766405156,valid,kge,structural,KGE_CN_TGD,,
07167500,IC-CMA-ES,test,CN-Base,0.005266567003229916,valid,kge,structural,KGE_CN_Base,,
07167500,IC-CMA-ES,test,TGD-Base,0.0043057056544164585,valid,kge,structural,KGE_TGD_Base,,
07167500,IC-CMA-ES,test,CN-TGD,0.0009608613488134576,valid,kge,structural,KGE_CN_TGD,,
07167500,IC-CMA-ES,train,CN-Base,0.0080162640621817,valid,kge,structural,KGE_CN_Base,,
07167500,IC-CMA-ES,train,TGD-Base,0.002803819100931859,valid,kge,structural,KGE_TGD_Base,,
07167500,IC-CMA-ES,train,CN-TGD,0.00521244496124984,valid,kge,structural,KGE_CN_TGD,,
07180500,IC-CMA-ES,test,CN-Base,-0.005549464559289841,valid,kge,structural,KGE_CN_Base,,
07180500,IC-CMA-ES,test,TGD-Base,0.006080345022162481,valid,kge,structural,KGE_TGD_Base,,
07180500,IC-CMA-ES,test,CN-TGD,-0.011629809581452322,valid,kge,structural,KGE_CN_TGD,,
07180500,IC-CMA-ES,train,CN-Base,0.0064051678106501475,valid,kge,structural,KGE_CN_Base,,
07180500,IC-CMA-ES,train,TGD-Base,0.007028623356358565,valid,kge,structural,KGE_TGD_Base,,
07180500,IC-CMA-ES,train,CN-TGD,-0.0006234555457084179,valid,kge,structural,KGE_CN_TGD,,
07184000,IC-CMA-ES,test,CN-Base,-0.005463735252728252,valid,kge,structural,KGE_CN_Base,,
07184000,IC-CMA-ES,test,TGD-Base,0.042672742939785624,valid,kge,structural,KGE_TGD_Base,,
07184000,IC-CMA-ES,test,CN-TGD,-0.048136478192513876,valid,kge,structural,KGE_CN_TGD,,
07184000,IC-CMA-ES,train,CN-Base,-0.0017706349690156387,valid,kge,structural,KGE_CN_Base,,
07184000,IC-CMA-ES,train,TGD-Base,-0.0009281052590142114,valid,kge,structural,KGE_TGD_Base,,
07184000,IC-CMA-ES,train,CN-TGD,-0.0008425297100014273,valid,kge,structural,KGE_CN_TGD,,
07195800,IC-CMA-ES,test,CN-Base,-0.007775953849424866,valid,kge,structural,KGE_CN_Base,,
07195800,IC-CMA-ES,test,TGD-Base,0.001462511489947027,valid,kge,structural,KGE_TGD_Base,,
07195800,IC-CMA-ES,test,CN-TGD,-0.009238465339371893,valid,kge,structural,KGE_CN_TGD,,
07195800,IC-CMA-ES,train,CN-Base,0.0062019154311580005,valid,kge,structural,KGE_CN_Base,,
07195800,IC-CMA-ES,train,TGD-Base,0.004892541812927642,valid,kge,structural,KGE_TGD_Base,,
07195800,IC-CMA-ES,train,CN-TGD,0.0013093736182303584,valid,kge,structural,KGE_CN_TGD,,
07196900,IC-CMA-ES,test,CN-Base,0.0023286314129777885,valid,kge,structural,KGE_CN_Base,,
07196900,IC-CMA-ES,test,TGD-Base,-0.0031044241674302864,valid,kge,structural,KGE_TGD_Base,,
07196900,IC-CMA-ES,test,CN-TGD,0.005433055580408075,valid,kge,structural,KGE_CN_TGD,,
07196900,IC-CMA-ES,train,CN-Base,0.009468938623066081,valid,kge,structural,KGE_CN_Base,,
07196900,IC-CMA-ES,train,TGD-Base,0.006963262227082323,valid,kge,structural,KGE_TGD_Base,,
07196900,IC-CMA-ES,train,CN-TGD,0.002505676395983758,valid,kge,structural,KGE_CN_TGD,,
07197000,IC-CMA-ES,test,CN-Base,-0.022211941504713395,valid,kge,structural,KGE_CN_Base,,
07197000,IC-CMA-ES,test,TGD-Base,-0.014737702106683681,valid,kge,structural,KGE_TGD_Base,,
07197000,IC-CMA-ES,test,CN-TGD,-0.007474239398029714,valid,kge,structural,KGE_CN_TGD,,
07197000,IC-CMA-ES,train,CN-Base,0.007203788047285942,valid,kge,structural,KGE_CN_Base,,
07197000,IC-CMA-ES,train,TGD-Base,0.010580243488323537,valid,kge,structural,KGE_TGD_Base,,
07197000,IC-CMA-ES,train,CN-TGD,-0.0033764554410375958,valid,kge,structural,KGE_CN_TGD,,
07208500,IC-CMA-ES,test,CN-Base,0.4538590285024749,valid,kge,structural,KGE_CN_Base,,
07208500,IC-CMA-ES,test,TGD-Base,0.2057248388419987,valid,kge,structural,KGE_TGD_Base,,
07208500,IC-CMA-ES,test,CN-TGD,0.24813418966047618,valid,kge,structural,KGE_CN_TGD,,
07208500,IC-CMA-ES,train,CN-Base,0.5102933593312675,valid,kge,structural,KGE_CN_Base,,
07208500,IC-CMA-ES,train,TGD-Base,0.4585171557562085,valid,kge,structural,KGE_TGD_Base,,
07208500,IC-CMA-ES,train,CN-TGD,0.051776203575058966,valid,kge,structural,KGE_CN_TGD,,
07261000,IC-CMA-ES,test,CN-Base,0.0006406342878222393,valid,kge,structural,KGE_CN_Base,,
07261000,IC-CMA-ES,test,TGD-Base,-0.00580517206448572,valid,kge,structural,KGE_TGD_Base,,
07261000,IC-CMA-ES,test,CN-TGD,0.006445806352307959,valid,kge,structural,KGE_CN_TGD,,
07261000,IC-CMA-ES,train,CN-Base,-0.005111519636647577,valid,kge,structural,KGE_CN_Base,,
07261000,IC-CMA-ES,train,TGD-Base,-0.003993588897250988,valid,kge,structural,KGE_TGD_Base,,
07261000,IC-CMA-ES,train,CN-TGD,-0.0011179307393965887,valid,kge,structural,KGE_CN_TGD,,
07263295,IC-CMA-ES,test,CN-Base,0.010070629419434152,valid,kge,structural,KGE_CN_Base,,
07263295,IC-CMA-ES,test,TGD-Base,0.04047567840153998,valid,kge,structural,KGE_TGD_Base,,
07263295,IC-CMA-ES,test,CN-TGD,-0.03040504898210583,valid,kge,structural,KGE_CN_TGD,,
07263295,IC-CMA-ES,train,CN-Base,0.00033603666511550223,valid,kge,structural,KGE_CN_Base,,
07263295,IC-CMA-ES,train,TGD-Base,0.0033168887781067635,valid,kge,structural,KGE_TGD_Base,,
07263295,IC-CMA-ES,train,CN-TGD,-0.0029808521129912613,valid,kge,structural,KGE_CN_TGD,,
07291000,IC-CMA-ES,test,CN-Base,-0.0005037315842519874,valid,kge,structural,KGE_CN_Base,,
07291000,IC-CMA-ES,test,TGD-Base,0.0008046860387548316,valid,kge,structural,KGE_TGD_Base,,
07291000,IC-CMA-ES,test,CN-TGD,-0.001308417623006819,valid,kge,structural,KGE_CN_TGD,,
07291000,IC-CMA-ES,train,CN-Base,0.002029893979343722,valid,kge,structural,KGE_CN_Base,,
07291000,IC-CMA-ES,train,TGD-Base,0.003039979972765061,valid,kge,structural,KGE_TGD_Base,,
07291000,IC-CMA-ES,train,CN-TGD,-0.001010085993421339,valid,kge,structural,KGE_CN_TGD,,
07299670,IC-CMA-ES,test,CN-Base,0.04806722410868747,valid,kge,structural,KGE_CN_Base,,
07299670,IC-CMA-ES,test,TGD-Base,-0.010176433484235137,valid,kge,structural,KGE_TGD_Base,,
07299670,IC-CMA-ES,test,CN-TGD,0.058243657592922604,valid,kge,structural,KGE_CN_TGD,,
07299670,IC-CMA-ES,train,CN-Base,-0.0012862388710332961,valid,kge,structural,KGE_CN_Base,,
07299670,IC-CMA-ES,train,TGD-Base,0.008167629837602775,valid,kge,structural,KGE_TGD_Base,,
07299670,IC-CMA-ES,train,CN-TGD,-0.00945386870863607,valid,kge,structural,KGE_CN_TGD,,
07301410,IC-CMA-ES,test,CN-Base,-0.00899888547021449,valid,kge,structural,KGE_CN_Base,,
07301410,IC-CMA-ES,test,TGD-Base,-0.018988529026507717,valid,kge,structural,KGE_TGD_Base,,
07301410,IC-CMA-ES,test,CN-TGD,0.009989643556293226,valid,kge,structural,KGE_CN_TGD,,
07301410,IC-CMA-ES,train,CN-Base,-0.00941932476209939,valid,kge,structural,KGE_CN_Base,,
07301410,IC-CMA-ES,train,TGD-Base,-0.0018582358129322074,valid,kge,structural,KGE_TGD_Base,,
07301410,IC-CMA-ES,train,CN-TGD,-0.007561088949167183,valid,kge,structural,KGE_CN_TGD,,
07315200,IC-CMA-ES,test,CN-Base,0.1592137564128257,valid,kge,structural,KGE_CN_Base,,
07315200,IC-CMA-ES,test,TGD-Base,0.06765533433711568,valid,kge,structural,KGE_TGD_Base,,
07315200,IC-CMA-ES,test,CN-TGD,0.09155842207571002,valid,kge,structural,KGE_CN_TGD,,
07315200,IC-CMA-ES,train,CN-Base,-0.022842974222156642,valid,kge,structural,KGE_CN_Base,,
07315200,IC-CMA-ES,train,TGD-Base,-0.0007062331043050651,valid,kge,structural,KGE_TGD_Base,,
07315200,IC-CMA-ES,train,CN-TGD,-0.022136741117851577,valid,kge,structural,KGE_CN_TGD,,
07315700,IC-CMA-ES,test,CN-Base,0.019412031654247097,valid,kge,structural,KGE_CN_Base,,
07315700,IC-CMA-ES,test,TGD-Base,-0.14838031067290613,valid,kge,structural,KGE_TGD_Base,,
07315700,IC-CMA-ES,test,CN-TGD,0.16779234232715323,valid,kge,structural,KGE_CN_TGD,,
07315700,IC-CMA-ES,train,CN-Base,-0.03365207411583915,valid,kge,structural,KGE_CN_Base,,
07315700,IC-CMA-ES,train,TGD-Base,-0.00019903366873963435,valid,kge,structural,KGE_TGD_Base,,
07315700,IC-CMA-ES,train,CN-TGD,-0.033453040447099514,valid,kge,structural,KGE_CN_TGD,,
07335700,IC-CMA-ES,test,CN-Base,0.01627955588103347,valid,kge,structural,KGE_CN_Base,,
07335700,IC-CMA-ES,test,TGD-Base,-0.015264436844332319,valid,kge,structural,KGE_TGD_Base,,
07335700,IC-CMA-ES,test,CN-TGD,0.03154399272536579,valid,kge,structural,KGE_CN_TGD,,
07335700,IC-CMA-ES,train,CN-Base,-0.0015445123540269723,valid,kge,structural,KGE_CN_Base,,
07335700,IC-CMA-ES,train,TGD-Base,0.0035463186085695764,valid,kge,structural,KGE_TGD_Base,,
07335700,IC-CMA-ES,train,CN-TGD,-0.005090830962596549,valid,kge,structural,KGE_CN_TGD,,
07340300,IC-CMA-ES,test,CN-Base,0.003715891157416773,valid,kge,structural,KGE_CN_Base,,
07340300,IC-CMA-ES,test,TGD-Base,0.009889976070935336,valid,kge,structural,KGE_TGD_Base,,
07340300,IC-CMA-ES,test,CN-TGD,-0.006174084913518563,valid,kge,structural,KGE_CN_TGD,,
07340300,IC-CMA-ES,train,CN-Base,0.0009734660798138561,valid,kge,structural,KGE_CN_Base,,
07340300,IC-CMA-ES,train,TGD-Base,0.0037105123628882186,valid,kge,structural,KGE_TGD_Base,,
07340300,IC-CMA-ES,train,CN-TGD,-0.0027370462830743625,valid,kge,structural,KGE_CN_TGD,,
07346045,IC-CMA-ES,test,CN-Base,-0.008571314970751254,valid,kge,structural,KGE_CN_Base,,
07346045,IC-CMA-ES,test,TGD-Base,0.0037293030145444384,valid,kge,structural,KGE_TGD_Base,,
07346045,IC-CMA-ES,test,CN-TGD,-0.012300617985295692,valid,kge,structural,KGE_CN_TGD,,
07346045,IC-CMA-ES,train,CN-Base,0.0007768842284020527,valid,kge,structural,KGE_CN_Base,,
07346045,IC-CMA-ES,train,TGD-Base,-0.006550940066220479,valid,kge,structural,KGE_TGD_Base,,
07346045,IC-CMA-ES,train,CN-TGD,0.007327824294622531,valid,kge,structural,KGE_CN_TGD,,
07359610,IC-CMA-ES,test,CN-Base,0.012494204399170261,valid,kge,structural,KGE_CN_Base,,
07359610,IC-CMA-ES,test,TGD-Base,0.017993826419639092,valid,kge,structural,KGE_TGD_Base,,
07359610,IC-CMA-ES,test,CN-TGD,-0.005499622020468831,valid,kge,structural,KGE_CN_TGD,,
07359610,IC-CMA-ES,train,CN-Base,0.0020121878420256145,valid,kge,structural,KGE_CN_Base,,
07359610,IC-CMA-ES,train,TGD-Base,0.0018175540554152825,valid,kge,structural,KGE_TGD_Base,,
07359610,IC-CMA-ES,train,CN-TGD,0.00019463378661033204,valid,kge,structural,KGE_CN_TGD,,
07362100,IC-CMA-ES,test,CN-Base,0.03482457303894182,valid,kge,structural,KGE_CN_Base,,
07362100,IC-CMA-ES,test,TGD-Base,0.003939085600484837,valid,kge,structural,KGE_TGD_Base,,
07362100,IC-CMA-ES,test,CN-TGD,0.030885487438456982,valid,kge,structural,KGE_CN_TGD,,
07362100,IC-CMA-ES,train,CN-Base,-0.00017925744021995982,valid,kge,structural,KGE_CN_Base,,
07362100,IC-CMA-ES,train,TGD-Base,-0.0006344722184422613,valid,kge,structural,KGE_TGD_Base,,
07362100,IC-CMA-ES,train,CN-TGD,0.0004552147782223015,valid,kge,structural,KGE_CN_TGD,,
07362587,IC-CMA-ES,test,CN-Base,0.012305943873937464,valid,kge,structural,KGE_CN_Base,,
07362587,IC-CMA-ES,test,TGD-Base,0.002601494934036497,valid,kge,structural,KGE_TGD_Base,,
07362587,IC-CMA-ES,test,CN-TGD,0.009704448939900967,valid,kge,structural,KGE_CN_TGD,,
07362587,IC-CMA-ES,train,CN-Base,-0.0014738363766079177,valid,kge,structural,KGE_CN_Base,,
07362587,IC-CMA-ES,train,TGD-Base,0.0034671660845490004,valid,kge,structural,KGE_TGD_Base,,
07362587,IC-CMA-ES,train,CN-TGD,-0.004941002461156918,valid,kge,structural,KGE_CN_TGD,,
07375000,IC-CMA-ES,test,CN-Base,-0.0010030512171682604,valid,kge,structural,KGE_CN_Base,,
07375000,IC-CMA-ES,test,TGD-Base,-0.004734189947628975,valid,kge,structural,KGE_TGD_Base,,
07375000,IC-CMA-ES,test,CN-TGD,0.0037311387304607146,valid,kge,structural,KGE_CN_TGD,,
07375000,IC-CMA-ES,train,CN-Base,0.0011643095677722481,valid,kge,structural,KGE_CN_Base,,
07375000,IC-CMA-ES,train,TGD-Base,0.000451387184882579,valid,kge,structural,KGE_TGD_Base,,
07375000,IC-CMA-ES,train,CN-TGD,0.0007129223828896691,valid,kge,structural,KGE_CN_TGD,,
08013000,IC-CMA-ES,test,CN-Base,0.000515022064477233,valid,kge,structural,KGE_CN_Base,,
08013000,IC-CMA-ES,test,TGD-Base,0.00927917782912624,valid,kge,structural,KGE_TGD_Base,,
08013000,IC-CMA-ES,test,CN-TGD,-0.008764155764649006,valid,kge,structural,KGE_CN_TGD,,
08013000,IC-CMA-ES,train,CN-Base,0.001375405047937761,valid,kge,structural,KGE_CN_Base,,
08013000,IC-CMA-ES,train,TGD-Base,0.005755413104417961,valid,kge,structural,KGE_TGD_Base,,
08013000,IC-CMA-ES,train,CN-TGD,-0.0043800080564802,valid,kge,structural,KGE_CN_TGD,,
08014500,IC-CMA-ES,test,CN-Base,0.024312126640502085,valid,kge,structural,KGE_CN_Base,,
08014500,IC-CMA-ES,test,TGD-Base,0.024949589846586462,valid,kge,structural,KGE_TGD_Base,,
08014500,IC-CMA-ES,test,CN-TGD,-0.0006374632060843766,valid,kge,structural,KGE_CN_TGD,,
08014500,IC-CMA-ES,train,CN-Base,0.0014479444404280617,valid,kge,structural,KGE_CN_Base,,
08014500,IC-CMA-ES,train,TGD-Base,0.0009822289900952574,valid,kge,structural,KGE_TGD_Base,,
08014500,IC-CMA-ES,train,CN-TGD,0.00046571545033280426,valid,kge,structural,KGE_CN_TGD,,
08023080,IC-CMA-ES,test,CN-Base,-0.00869151924249234,valid,kge,structural,KGE_CN_Base,,
08023080,IC-CMA-ES,test,TGD-Base,-0.006943796775480959,valid,kge,structural,KGE_TGD_Base,,
08023080,IC-CMA-ES,test,CN-TGD,-0.0017477224670113811,valid,kge,structural,KGE_CN_TGD,,
08023080,IC-CMA-ES,train,CN-Base,-0.003130809440188176,valid,kge,structural,KGE_CN_Base,,
08023080,IC-CMA-ES,train,TGD-Base,-0.002104322567372696,valid,kge,structural,KGE_TGD_Base,,
08023080,IC-CMA-ES,train,CN-TGD,-0.0010264868728154797,valid,kge,structural,KGE_CN_TGD,,
08050800,IC-CMA-ES,test,CN-Base,0.1910367252687595,valid,kge,structural,KGE_CN_Base,,
08050800,IC-CMA-ES,test,TGD-Base,0.2455756452064593,valid,kge,structural,KGE_TGD_Base,,
08050800,IC-CMA-ES,test,CN-TGD,-0.0545389199376998,valid,kge,structural,KGE_CN_TGD,,
08050800,IC-CMA-ES,train,CN-Base,0.0186172553016698,valid,kge,structural,KGE_CN_Base,,
08050800,IC-CMA-ES,train,TGD-Base,0.007610661049341827,valid,kge,structural,KGE_TGD_Base,,
08050800,IC-CMA-ES,train,CN-TGD,0.011006594252327973,valid,kge,structural,KGE_CN_TGD,,
08066200,IC-CMA-ES,test,CN-Base,-0.019727029022328035,valid,kge,structural,KGE_CN_Base,,
08066200,IC-CMA-ES,test,TGD-Base,0.010029384236064587,valid,kge,structural,KGE_TGD_Base,,
08066200,IC-CMA-ES,test,CN-TGD,-0.029756413258392622,valid,kge,structural,KGE_CN_TGD,,
08066200,IC-CMA-ES,train,CN-Base,-0.001135866810792252,valid,kge,structural,KGE_CN_Base,,
08066200,IC-CMA-ES,train,TGD-Base,-0.006316180434117968,valid,kge,structural,KGE_TGD_Base,,
08066200,IC-CMA-ES,train,CN-TGD,0.005180313623325716,valid,kge,structural,KGE_CN_TGD,,
08066300,IC-CMA-ES,test,CN-Base,-0.06844244927556248,valid,kge,structural,KGE_CN_Base,,
08066300,IC-CMA-ES,test,TGD-Base,-0.09021860498932055,valid,kge,structural,KGE_TGD_Base,,
08066300,IC-CMA-ES,test,CN-TGD,0.021776155713758072,valid,kge,structural,KGE_CN_TGD,,
08066300,IC-CMA-ES,train,CN-Base,0.002701517028292022,valid,kge,structural,KGE_CN_Base,,
08066300,IC-CMA-ES,train,TGD-Base,0.004481179844706529,valid,kge,structural,KGE_TGD_Base,,
08066300,IC-CMA-ES,train,CN-TGD,-0.0017796628164145067,valid,kge,structural,KGE_CN_TGD,,
08070000,IC-CMA-ES,test,CN-Base,-0.01924400158438866,valid,kge,structural,KGE_CN_Base,,
08070000,IC-CMA-ES,test,TGD-Base,0.011230181000633221,valid,kge,structural,KGE_TGD_Base,,
08070000,IC-CMA-ES,test,CN-TGD,-0.03047418258502188,valid,kge,structural,KGE_CN_TGD,,
08070000,IC-CMA-ES,train,CN-Base,-0.006084187392507934,valid,kge,structural,KGE_CN_Base,,
08070000,IC-CMA-ES,train,TGD-Base,-0.008744205046465003,valid,kge,structural,KGE_TGD_Base,,
08070000,IC-CMA-ES,train,CN-TGD,0.0026600176539570697,valid,kge,structural,KGE_CN_TGD,,
08070200,IC-CMA-ES,test,CN-Base,0.05198074581938239,valid,kge,structural,KGE_CN_Base,,
08070200,IC-CMA-ES,test,TGD-Base,0.08817867679509206,valid,kge,structural,KGE_TGD_Base,,
08070200,IC-CMA-ES,test,CN-TGD,-0.03619793097570967,valid,kge,structural,KGE_CN_TGD,,
08070200,IC-CMA-ES,train,CN-Base,-0.008405927219102827,valid,kge,structural,KGE_CN_Base,,
08070200,IC-CMA-ES,train,TGD-Base,0.010593038448295622,valid,kge,structural,KGE_TGD_Base,,
08070200,IC-CMA-ES,train,CN-TGD,-0.01899896566739845,valid,kge,structural,KGE_CN_TGD,,
08082700,IC-CMA-ES,test,CN-Base,0.04562784046388341,valid,kge,structural,KGE_CN_Base,,
08082700,IC-CMA-ES,test,TGD-Base,0.00033054836608759075,valid,kge,structural,KGE_TGD_Base,,
08082700,IC-CMA-ES,test,CN-TGD,0.045297292097795816,valid,kge,structural,KGE_CN_TGD,,
08082700,IC-CMA-ES,train,CN-Base,0.04236330102135555,valid,kge,structural,KGE_CN_Base,,
08082700,IC-CMA-ES,train,TGD-Base,0.03577458584942694,valid,kge,structural,KGE_TGD_Base,,
08082700,IC-CMA-ES,train,CN-TGD,0.006588715171928605,valid,kge,structural,KGE_CN_TGD,,
08086212,IC-CMA-ES,test,CN-Base,0.030995289719518593,valid,kge,structural,KGE_CN_Base,,
08086212,IC-CMA-ES,test,TGD-Base,-0.021720512548533022,valid,kge,structural,KGE_TGD_Base,,
08086212,IC-CMA-ES,test,CN-TGD,0.052715802268051615,valid,kge,structural,KGE_CN_TGD,,
08086212,IC-CMA-ES,train,CN-Base,0.02605793723212957,valid,kge,structural,KGE_CN_Base,,
08086212,IC-CMA-ES,train,TGD-Base,0.02504681732344405,valid,kge,structural,KGE_TGD_Base,,
08086212,IC-CMA-ES,train,CN-TGD,0.0010111199086855205,valid,kge,structural,KGE_CN_TGD,,
08086290,IC-CMA-ES,test,CN-Base,-0.02837325779510913,valid,kge,structural,KGE_CN_Base,,
08086290,IC-CMA-ES,test,TGD-Base,0.028224022062132315,valid,kge,structural,KGE_TGD_Base,,
08086290,IC-CMA-ES,test,CN-TGD,-0.056597279857241445,valid,kge,structural,KGE_CN_TGD,,
08086290,IC-CMA-ES,train,CN-Base,0.00893415248268481,valid,kge,structural,KGE_CN_Base,,
08086290,IC-CMA-ES,train,TGD-Base,-0.015142744083617599,valid,kge,structural,KGE_TGD_Base,,
08086290,IC-CMA-ES,train,CN-TGD,0.024076896566302408,valid,kge,structural,KGE_CN_TGD,,
08101000,IC-CMA-ES,test,CN-Base,0.05293557536916127,valid,kge,structural,KGE_CN_Base,,
08101000,IC-CMA-ES,test,TGD-Base,0.09304889727510868,valid,kge,structural,KGE_TGD_Base,,
08101000,IC-CMA-ES,test,CN-TGD,-0.04011332190594741,valid,kge,structural,KGE_CN_TGD,,
08101000,IC-CMA-ES,train,CN-Base,0.0371103645074532,valid,kge,structural,KGE_CN_Base,,
08101000,IC-CMA-ES,train,TGD-Base,0.05680370548496494,valid,kge,structural,KGE_TGD_Base,,
08101000,IC-CMA-ES,train,CN-TGD,-0.019693340977511742,valid,kge,structural,KGE_CN_TGD,,
08103900,IC-CMA-ES,test,CN-Base,0.02080842266178018,valid,kge,structural,KGE_CN_Base,,
08103900,IC-CMA-ES,test,TGD-Base,0.022547231396236267,valid,kge,structural,KGE_TGD_Base,,
08103900,IC-CMA-ES,test,CN-TGD,-0.0017388087344560876,valid,kge,structural,KGE_CN_TGD,,
08103900,IC-CMA-ES,train,CN-Base,0.005490655919934251,valid,kge,structural,KGE_CN_Base,,
08103900,IC-CMA-ES,train,TGD-Base,-0.007207263109704876,valid,kge,structural,KGE_TGD_Base,,
08103900,IC-CMA-ES,train,CN-TGD,0.012697919029639126,valid,kge,structural,KGE_CN_TGD,,
08104900,IC-CMA-ES,test,CN-Base,-0.03934845373333373,valid,kge,structural,KGE_CN_Base,,
08104900,IC-CMA-ES,test,TGD-Base,-0.02339546743150811,valid,kge,structural,KGE_TGD_Base,,
08104900,IC-CMA-ES,test,CN-TGD,-0.015952986301825622,valid,kge,structural,KGE_CN_TGD,,
08104900,IC-CMA-ES,train,CN-Base,-0.022930233513832277,valid,kge,structural,KGE_CN_Base,,
08104900,IC-CMA-ES,train,TGD-Base,-0.00438076450879088,valid,kge,structural,KGE_TGD_Base,,
08104900,IC-CMA-ES,train,CN-TGD,-0.018549469005041397,valid,kge,structural,KGE_CN_TGD,,
08109700,IC-CMA-ES,test,CN-Base,-0.07887114187982547,valid,kge,structural,KGE_CN_Base,,
08109700,IC-CMA-ES,test,TGD-Base,-0.013293187131904083,valid,kge,structural,KGE_TGD_Base,,
08109700,IC-CMA-ES,test,CN-TGD,-0.06557795474792139,valid,kge,structural,KGE_CN_TGD,,
08109700,IC-CMA-ES,train,CN-Base,-0.05816234562671341,valid,kge,structural,KGE_CN_Base,,
08109700,IC-CMA-ES,train,TGD-Base,-0.03793954660065091,valid,kge,structural,KGE_TGD_Base,,
08109700,IC-CMA-ES,train,CN-TGD,-0.0202227990260625,valid,kge,structural,KGE_CN_TGD,,
08150800,IC-CMA-ES,test,CN-Base,-0.09067683067970961,valid,kge,structural,KGE_CN_Base,,
08150800,IC-CMA-ES,test,TGD-Base,-0.045478497878841506,valid,kge,structural,KGE_TGD_Base,,
08150800,IC-CMA-ES,test,CN-TGD,-0.0451983328008681,valid,kge,structural,KGE_CN_TGD,,
08150800,IC-CMA-ES,train,CN-Base,-0.0009360682250048047,valid,kge,structural,KGE_CN_Base,,
08150800,IC-CMA-ES,train,TGD-Base,-0.004078489256629014,valid,kge,structural,KGE_TGD_Base,,
08150800,IC-CMA-ES,train,CN-TGD,0.0031424210316242096,valid,kge,structural,KGE_CN_TGD,,
08158700,IC-CMA-ES,test,CN-Base,-0.1814395219171702,valid,kge,structural,KGE_CN_Base,,
08158700,IC-CMA-ES,test,TGD-Base,-0.18392696104676548,valid,kge,structural,KGE_TGD_Base,,
08158700,IC-CMA-ES,test,CN-TGD,0.002487439129595287,valid,kge,structural,KGE_CN_TGD,,
08158700,IC-CMA-ES,train,CN-Base,-0.00518333339255872,valid,kge,structural,KGE_CN_Base,,
08158700,IC-CMA-ES,train,TGD-Base,-0.004769861961279043,valid,kge,structural,KGE_TGD_Base,,
08158700,IC-CMA-ES,train,CN-TGD,-0.0004134714312796772,valid,kge,structural,KGE_CN_TGD,,
08158810,IC-CMA-ES,test,CN-Base,-0.024949777066818557,valid,kge,structural,KGE_CN_Base,,
08158810,IC-CMA-ES,test,TGD-Base,-0.028219059065025975,valid,kge,structural,KGE_TGD_Base,,
08158810,IC-CMA-ES,test,CN-TGD,0.0032692819982074184,valid,kge,structural,KGE_CN_TGD,,
08158810,IC-CMA-ES,train,CN-Base,-0.0011963068510786323,valid,kge,structural,KGE_CN_Base,,
08158810,IC-CMA-ES,train,TGD-Base,0.000603772296641214,valid,kge,structural,KGE_TGD_Base,,
08158810,IC-CMA-ES,train,CN-TGD,-0.0018000791477198463,valid,kge,structural,KGE_CN_TGD,,
08164300,IC-CMA-ES,test,CN-Base,-0.005481732838421571,valid,kge,structural,KGE_CN_Base,,
08164300,IC-CMA-ES,test,TGD-Base,-0.015373806362374953,valid,kge,structural,KGE_TGD_Base,,
08164300,IC-CMA-ES,test,CN-TGD,0.009892073523953382,valid,kge,structural,KGE_CN_TGD,,
08164300,IC-CMA-ES,train,CN-Base,-0.012487545772637332,valid,kge,structural,KGE_CN_Base,,
08164300,IC-CMA-ES,train,TGD-Base,0.008507930630123561,valid,kge,structural,KGE_TGD_Base,,
08164300,IC-CMA-ES,train,CN-TGD,-0.020995476402760893,valid,kge,structural,KGE_CN_TGD,,
08164600,IC-CMA-ES,test,CN-Base,0.014429304139837562,valid,kge,structural,KGE_CN_Base,,
08164600,IC-CMA-ES,test,TGD-Base,-0.0395661759358612,valid,kge,structural,KGE_TGD_Base,,
08164600,IC-CMA-ES,test,CN-TGD,0.053995480075698765,valid,kge,structural,KGE_CN_TGD,,
08164600,IC-CMA-ES,train,CN-Base,-0.0024266012341724874,valid,kge,structural,KGE_CN_Base,,
08164600,IC-CMA-ES,train,TGD-Base,0.002789913957841783,valid,kge,structural,KGE_TGD_Base,,
08164600,IC-CMA-ES,train,CN-TGD,-0.0052165151920142705,valid,kge,structural,KGE_CN_TGD,,
08165300,IC-CMA-ES,test,CN-Base,0.20373718988687345,valid,kge,structural,KGE_CN_Base,,
08165300,IC-CMA-ES,test,TGD-Base,0.26936254240497154,valid,kge,structural,KGE_TGD_Base,,
08165300,IC-CMA-ES,test,CN-TGD,-0.06562535251809809,valid,kge,structural,KGE_CN_TGD,,
08165300,IC-CMA-ES,train,CN-Base,0.0014719552531403113,valid,kge,structural,KGE_CN_Base,,
08165300,IC-CMA-ES,train,TGD-Base,0.0026927624280361218,valid,kge,structural,KGE_TGD_Base,,
08165300,IC-CMA-ES,train,CN-TGD,-0.0012208071748958105,valid,kge,structural,KGE_CN_TGD,,
08171300,IC-CMA-ES,test,CN-Base,0.02396991461146636,valid,kge,structural,KGE_CN_Base,,
08171300,IC-CMA-ES,test,TGD-Base,-0.05792537904540784,valid,kge,structural,KGE_TGD_Base,,
08171300,IC-CMA-ES,test,CN-TGD,0.0818952936568742,valid,kge,structural,KGE_CN_TGD,,
08171300,IC-CMA-ES,train,CN-Base,-0.001151407851802455,valid,kge,structural,KGE_CN_Base,,
08171300,IC-CMA-ES,train,TGD-Base,0.0061260553331791145,valid,kge,structural,KGE_TGD_Base,,
08171300,IC-CMA-ES,train,CN-TGD,-0.00727746318498157,valid,kge,structural,KGE_CN_TGD,,
08175000,IC-CMA-ES,test,CN-Base,-0.09504220548636733,valid,kge,structural,KGE_CN_Base,,
08175000,IC-CMA-ES,test,TGD-Base,-0.0201332844163995,valid,kge,structural,KGE_TGD_Base,,
08175000,IC-CMA-ES,test,CN-TGD,-0.07490892106996783,valid,kge,structural,KGE_CN_TGD,,
08175000,IC-CMA-ES,train,CN-Base,-0.014136231489374596,valid,kge,structural,KGE_CN_Base,,
08175000,IC-CMA-ES,train,TGD-Base,-0.04038946347330652,valid,kge,structural,KGE_TGD_Base,,
08175000,IC-CMA-ES,train,CN-TGD,0.026253231983931924,valid,kge,structural,KGE_CN_TGD,,
08176900,IC-CMA-ES,test,CN-Base,0.0012021354953113406,valid,kge,structural,KGE_CN_Base,,
08176900,IC-CMA-ES,test,TGD-Base,0.005598224949085129,valid,kge,structural,KGE_TGD_Base,,
08176900,IC-CMA-ES,test,CN-TGD,-0.004396089453773788,valid,kge,structural,KGE_CN_TGD,,
08176900,IC-CMA-ES,train,CN-Base,-0.0016329316723520115,valid,kge,structural,KGE_CN_Base,,
08176900,IC-CMA-ES,train,TGD-Base,-0.0016984014311677287,valid,kge,structural,KGE_TGD_Base,,
08176900,IC-CMA-ES,train,CN-TGD,6.546975881571715e-05,valid,kge,structural,KGE_CN_TGD,,
08178880,IC-CMA-ES,test,CN-Base,0.05398137956224791,valid,kge,structural,KGE_CN_Base,,
08178880,IC-CMA-ES,test,TGD-Base,-0.0111241981692341,valid,kge,structural,KGE_TGD_Base,,
08178880,IC-CMA-ES,test,CN-TGD,0.06510557773148201,valid,kge,structural,KGE_CN_TGD,,
08178880,IC-CMA-ES,train,CN-Base,0.007300469260233755,valid,kge,structural,KGE_CN_Base,,
08178880,IC-CMA-ES,train,TGD-Base,0.012990592510237264,valid,kge,structural,KGE_TGD_Base,,
08178880,IC-CMA-ES,train,CN-TGD,-0.005690123250003509,valid,kge,structural,KGE_CN_TGD,,
08189500,IC-CMA-ES,test,CN-Base,0.23632505708132207,valid,kge,structural,KGE_CN_Base,,
08189500,IC-CMA-ES,test,TGD-Base,0.141155135353781,valid,kge,structural,KGE_TGD_Base,,
08189500,IC-CMA-ES,test,CN-TGD,0.09516992172754107,valid,kge,structural,KGE_CN_TGD,,
08189500,IC-CMA-ES,train,CN-Base,0.018147085509054195,valid,kge,structural,KGE_CN_Base,,
08189500,IC-CMA-ES,train,TGD-Base,0.04631846861287581,valid,kge,structural,KGE_TGD_Base,,
08189500,IC-CMA-ES,train,CN-TGD,-0.028171383103821612,valid,kge,structural,KGE_CN_TGD,,
08190000,IC-CMA-ES,test,CN-Base,-0.017395246728975633,valid,kge,structural,KGE_CN_Base,,
08190000,IC-CMA-ES,test,TGD-Base,-0.10745434459167291,valid,kge,structural,KGE_TGD_Base,,
08190000,IC-CMA-ES,test,CN-TGD,0.09005909786269728,valid,kge,structural,KGE_CN_TGD,,
08190000,IC-CMA-ES,train,CN-Base,0.006177551451486574,valid,kge,structural,KGE_CN_Base,,
08190000,IC-CMA-ES,train,TGD-Base,0.0036910337926747694,valid,kge,structural,KGE_TGD_Base,,
08190000,IC-CMA-ES,train,CN-TGD,0.0024865176588118043,valid,kge,structural,KGE_CN_TGD,,
08190500,IC-CMA-ES,test,CN-Base,1.1462274990168337,valid,kge,structural,KGE_CN_Base,,
08190500,IC-CMA-ES,test,TGD-Base,1.2454735131284922,valid,kge,structural,KGE_TGD_Base,,
08190500,IC-CMA-ES,test,CN-TGD,-0.09924601411165856,valid,kge,structural,KGE_CN_TGD,,
08190500,IC-CMA-ES,train,CN-Base,0.005860822100897722,valid,kge,structural,KGE_CN_Base,,
08190500,IC-CMA-ES,train,TGD-Base,-0.024971903223729497,valid,kge,structural,KGE_TGD_Base,,
08190500,IC-CMA-ES,train,CN-TGD,0.03083272532462722,valid,kge,structural,KGE_CN_TGD,,
08194200,IC-CMA-ES,test,CN-Base,-0.09429452484867049,valid,kge,structural,KGE_CN_Base,,
08194200,IC-CMA-ES,test,TGD-Base,0.014091317642497214,valid,kge,structural,KGE_TGD_Base,,
08194200,IC-CMA-ES,test,CN-TGD,-0.1083858424911677,valid,kge,structural,KGE_CN_TGD,,
08194200,IC-CMA-ES,train,CN-Base,0.002953456958067008,valid,kge,structural,KGE_CN_Base,,
08194200,IC-CMA-ES,train,TGD-Base,0.009918954159268106,valid,kge,structural,KGE_TGD_Base,,
08194200,IC-CMA-ES,train,CN-TGD,-0.0069654972012010985,valid,kge,structural,KGE_CN_TGD,,
08195000,IC-CMA-ES,test,CN-Base,-0.03040728773498569,valid,kge,structural,KGE_CN_Base,,
08195000,IC-CMA-ES,test,TGD-Base,-0.01784932476900969,valid,kge,structural,KGE_TGD_Base,,
08195000,IC-CMA-ES,test,CN-TGD,-0.012557962965976,valid,kge,structural,KGE_CN_TGD,,
08195000,IC-CMA-ES,train,CN-Base,0.0001856574198801919,valid,kge,structural,KGE_CN_Base,,
08195000,IC-CMA-ES,train,TGD-Base,0.018682903895790748,valid,kge,structural,KGE_TGD_Base,,
08195000,IC-CMA-ES,train,CN-TGD,-0.018497246475910556,valid,kge,structural,KGE_CN_TGD,,
08196000,IC-CMA-ES,test,CN-Base,-0.04742413299967113,valid,kge,structural,KGE_CN_Base,,
08196000,IC-CMA-ES,test,TGD-Base,-0.15830634902285912,valid,kge,structural,KGE_TGD_Base,,
08196000,IC-CMA-ES,test,CN-TGD,0.11088221602318798,valid,kge,structural,KGE_CN_TGD,,
08196000,IC-CMA-ES,train,CN-Base,-0.03734844733379972,valid,kge,structural,KGE_CN_Base,,
08196000,IC-CMA-ES,train,TGD-Base,0.004431239005391774,valid,kge,structural,KGE_TGD_Base,,
08196000,IC-CMA-ES,train,CN-TGD,-0.04177968633919149,valid,kge,structural,KGE_CN_TGD,,
08198500,IC-CMA-ES,test,CN-Base,-0.01222689768541002,valid,kge,structural,KGE_CN_Base,,
08198500,IC-CMA-ES,test,TGD-Base,-0.001684801735132524,valid,kge,structural,KGE_TGD_Base,,
08198500,IC-CMA-ES,test,CN-TGD,-0.010542095950277497,valid,kge,structural,KGE_CN_TGD,,
08198500,IC-CMA-ES,train,CN-Base,0.0019398001562694889,valid,kge,structural,KGE_CN_Base,,
08198500,IC-CMA-ES,train,TGD-Base,-0.0005257517007039025,valid,kge,structural,KGE_TGD_Base,,
08198500,IC-CMA-ES,train,CN-TGD,0.0024655518569733914,valid,kge,structural,KGE_CN_TGD,,
08200000,IC-CMA-ES,test,CN-Base,-0.019476506126147652,valid,kge,structural,KGE_CN_Base,,
08200000,IC-CMA-ES,test,TGD-Base,-0.02594320336908429,valid,kge,structural,KGE_TGD_Base,,
08200000,IC-CMA-ES,test,CN-TGD,0.0064666972429366365,valid,kge,structural,KGE_CN_TGD,,
08200000,IC-CMA-ES,train,CN-Base,0.006484003116515535,valid,kge,structural,KGE_CN_Base,,
08200000,IC-CMA-ES,train,TGD-Base,-0.00010831077546735735,valid,kge,structural,KGE_TGD_Base,,
08200000,IC-CMA-ES,train,CN-TGD,0.006592313891982893,valid,kge,structural,KGE_CN_TGD,,
08202700,IC-CMA-ES,test,CN-Base,0.009161968380889896,valid,kge,structural,KGE_CN_Base,,
08202700,IC-CMA-ES,test,TGD-Base,-0.10245913436540083,valid,kge,structural,KGE_TGD_Base,,
08202700,IC-CMA-ES,test,CN-TGD,0.11162110274629072,valid,kge,structural,KGE_CN_TGD,,
08202700,IC-CMA-ES,train,CN-Base,-0.03235624976143636,valid,kge,structural,KGE_CN_Base,,
08202700,IC-CMA-ES,train,TGD-Base,-0.12105866448230138,valid,kge,structural,KGE_TGD_Base,,
08202700,IC-CMA-ES,train,CN-TGD,0.08870241472086501,valid,kge,structural,KGE_CN_TGD,,
08267500,IC-CMA-ES,test,CN-Base,0.6792965377295302,valid,kge,structural,KGE_CN_Base,,
08267500,IC-CMA-ES,test,TGD-Base,0.4953924681996205,valid,kge,structural,KGE_TGD_Base,,
08267500,IC-CMA-ES,test,CN-TGD,0.18390406952990979,valid,kge,structural,KGE_CN_TGD,,
08267500,IC-CMA-ES,train,CN-Base,0.7593398783218448,valid,kge,structural,KGE_CN_Base,,
08267500,IC-CMA-ES,train,TGD-Base,0.6108252774698274,valid,kge,structural,KGE_TGD_Base,,
08267500,IC-CMA-ES,train,CN-TGD,0.1485146008520174,valid,kge,structural,KGE_CN_TGD,,
08269000,IC-CMA-ES,test,CN-Base,0.4288341930104683,valid,kge,structural,KGE_CN_Base,,
08269000,IC-CMA-ES,test,TGD-Base,0.4268036672083251,valid,kge,structural,KGE_TGD_Base,,
08269000,IC-CMA-ES,test,CN-TGD,0.002030525802143246,valid,kge,structural,KGE_CN_TGD,,
08269000,IC-CMA-ES,train,CN-Base,0.6481915225511278,valid,kge,structural,KGE_CN_Base,,
08269000,IC-CMA-ES,train,TGD-Base,0.5857808171884139,valid,kge,structural,KGE_TGD_Base,,
08269000,IC-CMA-ES,train,CN-TGD,0.06241070536271387,valid,kge,structural,KGE_CN_TGD,,
08271000,IC-CMA-ES,test,CN-Base,0.754600660174767,valid,kge,structural,KGE_CN_Base,,
08271000,IC-CMA-ES,test,TGD-Base,0.49589080677932507,valid,kge,structural,KGE_TGD_Base,,
08271000,IC-CMA-ES,test,CN-TGD,0.25870985339544195,valid,kge,structural,KGE_CN_TGD,,
08271000,IC-CMA-ES,train,CN-Base,0.7776413150422604,valid,kge,structural,KGE_CN_Base,,
08271000,IC-CMA-ES,train,TGD-Base,0.546899015140894,valid,kge,structural,KGE_TGD_Base,,
08271000,IC-CMA-ES,train,CN-TGD,0.2307422999013664,valid,kge,structural,KGE_CN_TGD,,
08324000,IC-CMA-ES,test,CN-Base,0.05118404131853421,valid,kge,structural,KGE_CN_Base,,
08324000,IC-CMA-ES,test,TGD-Base,0.0719266585859692,valid,kge,structural,KGE_TGD_Base,,
08324000,IC-CMA-ES,test,CN-TGD,-0.020742617267434982,valid,kge,structural,KGE_CN_TGD,,
08324000,IC-CMA-ES,train,CN-Base,0.3744569542225183,valid,kge,structural,KGE_CN_Base,,
08324000,IC-CMA-ES,train,TGD-Base,0.32397923960635405,valid,kge,structural,KGE_TGD_Base,,
08324000,IC-CMA-ES,train,CN-TGD,0.05047771461616424,valid,kge,structural,KGE_CN_TGD,,
08377900,IC-CMA-ES,test,CN-Base,0.7240507138503613,valid,kge,structural,KGE_CN_Base,,
08377900,IC-CMA-ES,test,TGD-Base,0.4967645583652775,valid,kge,structural,KGE_TGD_Base,,
08377900,IC-CMA-ES,test,CN-TGD,0.2272861554850839,valid,kge,structural,KGE_CN_TGD,,
08377900,IC-CMA-ES,train,CN-Base,0.5961981487840358,valid,kge,structural,KGE_CN_Base,,
08377900,IC-CMA-ES,train,TGD-Base,0.3851527818574548,valid,kge,structural,KGE_TGD_Base,,
08377900,IC-CMA-ES,train,CN-TGD,0.21104536692658094,valid,kge,structural,KGE_CN_TGD,,
08378500,IC-CMA-ES,test,CN-Base,0.5182332977645838,valid,kge,structural,KGE_CN_Base,,
08378500,IC-CMA-ES,test,TGD-Base,0.528714421349211,valid,kge,structural,KGE_TGD_Base,,
08378500,IC-CMA-ES,test,CN-TGD,-0.01048112358462705,valid,kge,structural,KGE_CN_TGD,,
08378500,IC-CMA-ES,train,CN-Base,0.5648050104612277,valid,kge,structural,KGE_CN_Base,,
08378500,IC-CMA-ES,train,TGD-Base,0.35787517599322755,valid,kge,structural,KGE_TGD_Base,,
08378500,IC-CMA-ES,train,CN-TGD,0.20692983446800006,valid,kge,structural,KGE_CN_TGD,,
08380500,IC-CMA-ES,test,CN-Base,0.26084445001272316,valid,kge,structural,KGE_CN_Base,,
08380500,IC-CMA-ES,test,TGD-Base,0.10041137159114921,valid,kge,structural,KGE_TGD_Base,,
08380500,IC-CMA-ES,test,CN-TGD,0.16043307842157395,valid,kge,structural,KGE_CN_TGD,,
08380500,IC-CMA-ES,train,CN-Base,0.07243494062641265,valid,kge,structural,KGE_CN_Base,,
08380500,IC-CMA-ES,train,TGD-Base,0.054544639481016954,valid,kge,structural,KGE_TGD_Base,,
08380500,IC-CMA-ES,train,CN-TGD,0.017890301145395693,valid,kge,structural,KGE_CN_TGD,,
09035800,IC-CMA-ES,test,CN-Base,0.6605939864203657,valid,kge,structural,KGE_CN_Base,,
09035800,IC-CMA-ES,test,TGD-Base,0.6269485688397999,valid,kge,structural,KGE_TGD_Base,,
09035800,IC-CMA-ES,test,CN-TGD,0.03364541758056583,valid,kge,structural,KGE_CN_TGD,,
09035800,IC-CMA-ES,train,CN-Base,0.8514178104565637,valid,kge,structural,KGE_CN_Base,,
09035800,IC-CMA-ES,train,TGD-Base,0.6525067666157904,valid,kge,structural,KGE_TGD_Base,,
09035800,IC-CMA-ES,train,CN-TGD,0.19891104384077318,valid,kge,structural,KGE_CN_TGD,,
09035900,IC-CMA-ES,test,CN-Base,0.8193975009322825,valid,kge,structural,KGE_CN_Base,,
09035900,IC-CMA-ES,test,TGD-Base,0.7136756341913475,valid,kge,structural,KGE_TGD_Base,,
09035900,IC-CMA-ES,test,CN-TGD,0.10572186674093498,valid,kge,structural,KGE_CN_TGD,,
09035900,IC-CMA-ES,train,CN-Base,0.8552310400680438,valid,kge,structural,KGE_CN_Base,,
09035900,IC-CMA-ES,train,TGD-Base,0.7106608472218762,valid,kge,structural,KGE_TGD_Base,,
09035900,IC-CMA-ES,train,CN-TGD,0.14457019284616768,valid,kge,structural,KGE_CN_TGD,,
09047700,IC-CMA-ES,test,CN-Base,0.6703158177827706,valid,kge,structural,KGE_CN_Base,,
09047700,IC-CMA-ES,test,TGD-Base,0.6024340550497416,valid,kge,structural,KGE_TGD_Base,,
09047700,IC-CMA-ES,test,CN-TGD,0.06788176273302904,valid,kge,structural,KGE_CN_TGD,,
09047700,IC-CMA-ES,train,CN-Base,0.6734933632969176,valid,kge,structural,KGE_CN_Base,,
09047700,IC-CMA-ES,train,TGD-Base,0.6586862184365372,valid,kge,structural,KGE_TGD_Base,,
09047700,IC-CMA-ES,train,CN-TGD,0.014807144860380372,valid,kge,structural,KGE_CN_TGD,,
09065500,IC-CMA-ES,test,CN-Base,0.9711470579722177,valid,kge,structural,KGE_CN_Base,,
09065500,IC-CMA-ES,test,TGD-Base,0.5815305813905653,valid,kge,structural,KGE_TGD_Base,,
09065500,IC-CMA-ES,test,CN-TGD,0.3896164765816523,valid,kge,structural,KGE_CN_TGD,,
09065500,IC-CMA-ES,train,CN-Base,0.9603950215340747,valid,kge,structural,KGE_CN_Base,,
09065500,IC-CMA-ES,train,TGD-Base,0.5912059905562981,valid,kge,structural,KGE_TGD_Base,,
09065500,IC-CMA-ES,train,CN-TGD,0.36918903097777667,valid,kge,structural,KGE_CN_TGD,,
09066000,IC-CMA-ES,test,CN-Base,0.8743241695482195,valid,kge,structural,KGE_CN_Base,,
09066000,IC-CMA-ES,test,TGD-Base,0.6566474019120095,valid,kge,structural,KGE_TGD_Base,,
09066000,IC-CMA-ES,test,CN-TGD,0.2176767676362099,valid,kge,structural,KGE_CN_TGD,,
09066000,IC-CMA-ES,train,CN-Base,0.8634068669404078,valid,kge,structural,KGE_CN_Base,,
09066000,IC-CMA-ES,train,TGD-Base,0.6689575387050601,valid,kge,structural,KGE_TGD_Base,,
09066000,IC-CMA-ES,train,CN-TGD,0.19444932823534766,valid,kge,structural,KGE_CN_TGD,,
09066200,IC-CMA-ES,test,CN-Base,0.9389095006431868,valid,kge,structural,KGE_CN_Base,,
09066200,IC-CMA-ES,test,TGD-Base,0.6336340115443196,valid,kge,structural,KGE_TGD_Base,,
09066200,IC-CMA-ES,test,CN-TGD,0.30527548909886715,valid,kge,structural,KGE_CN_TGD,,
09066200,IC-CMA-ES,train,CN-Base,0.9708943573588873,valid,kge,structural,KGE_CN_Base,,
09066200,IC-CMA-ES,train,TGD-Base,0.6440001452631863,valid,kge,structural,KGE_TGD_Base,,
09066200,IC-CMA-ES,train,CN-TGD,0.326894212095701,valid,kge,structural,KGE_CN_TGD,,
09066300,IC-CMA-ES,test,CN-Base,0.8104992090861955,valid,kge,structural,KGE_CN_Base,,
09066300,IC-CMA-ES,test,TGD-Base,0.5867691719975381,valid,kge,structural,KGE_TGD_Base,,
09066300,IC-CMA-ES,test,CN-TGD,0.22373003708865746,valid,kge,structural,KGE_CN_TGD,,
09066300,IC-CMA-ES,train,CN-Base,0.8067907098602285,valid,kge,structural,KGE_CN_Base,,
09066300,IC-CMA-ES,train,TGD-Base,0.6212776512240326,valid,kge,structural,KGE_TGD_Base,,
09066300,IC-CMA-ES,train,CN-TGD,0.18551305863619594,valid,kge,structural,KGE_CN_TGD,,
09081600,IC-CMA-ES,test,CN-Base,0.8743368764425181,valid,kge,structural,KGE_CN_Base,,
09081600,IC-CMA-ES,test,TGD-Base,0.6840311825596359,valid,kge,structural,KGE_TGD_Base,,
09081600,IC-CMA-ES,test,CN-TGD,0.1903056938828821,valid,kge,structural,KGE_CN_TGD,,
09081600,IC-CMA-ES,train,CN-Base,0.9359108956100781,valid,kge,structural,KGE_CN_Base,,
09081600,IC-CMA-ES,train,TGD-Base,0.6601971722870944,valid,kge,structural,KGE_TGD_Base,,
09081600,IC-CMA-ES,train,CN-TGD,0.2757137233229837,valid,kge,structural,KGE_CN_TGD,,
09107000,IC-CMA-ES,test,CN-Base,0.623483422430193,valid,kge,structural,KGE_CN_Base,,
09107000,IC-CMA-ES,test,TGD-Base,0.6587654375739205,valid,kge,structural,KGE_TGD_Base,,
09107000,IC-CMA-ES,test,CN-TGD,-0.03528201514372753,valid,kge,structural,KGE_CN_TGD,,
09107000,IC-CMA-ES,train,CN-Base,0.616637347635141,valid,kge,structural,KGE_CN_Base,,
09107000,IC-CMA-ES,train,TGD-Base,0.6059143202413797,valid,kge,structural,KGE_TGD_Base,,
09107000,IC-CMA-ES,train,CN-TGD,0.010723027393761186,valid,kge,structural,KGE_CN_TGD,,
09210500,IC-CMA-ES,test,CN-Base,0.4307542624485364,valid,kge,structural,KGE_CN_Base,,
09210500,IC-CMA-ES,test,TGD-Base,0.3948455481021525,valid,kge,structural,KGE_TGD_Base,,
09210500,IC-CMA-ES,test,CN-TGD,0.035908714346383874,valid,kge,structural,KGE_CN_TGD,,
09210500,IC-CMA-ES,train,CN-Base,0.36944937734744,valid,kge,structural,KGE_CN_Base,,
09210500,IC-CMA-ES,train,TGD-Base,0.36416075921691216,valid,kge,structural,KGE_TGD_Base,,
09210500,IC-CMA-ES,train,CN-TGD,0.0052886181305278335,valid,kge,structural,KGE_CN_TGD,,
09223000,IC-CMA-ES,test,CN-Base,0.48974865686423463,valid,kge,structural,KGE_CN_Base,,
09223000,IC-CMA-ES,test,TGD-Base,0.6118165016460291,valid,kge,structural,KGE_TGD_Base,,
09223000,IC-CMA-ES,test,CN-TGD,-0.12206784478179444,valid,kge,structural,KGE_CN_TGD,,
09223000,IC-CMA-ES,train,CN-Base,0.7316076090622491,valid,kge,structural,KGE_CN_Base,,
09223000,IC-CMA-ES,train,TGD-Base,0.6374357874951916,valid,kge,structural,KGE_TGD_Base,,
09223000,IC-CMA-ES,train,CN-TGD,0.0941718215670575,valid,kge,structural,KGE_CN_TGD,,
09306242,IC-CMA-ES,test,CN-Base,0.4327738735369896,valid,kge,structural,KGE_CN_Base,,
09306242,IC-CMA-ES,test,TGD-Base,-0.11508624617602761,valid,kge,structural,KGE_TGD_Base,,
09306242,IC-CMA-ES,test,CN-TGD,0.5478601197130172,valid,kge,structural,KGE_CN_TGD,,
09306242,IC-CMA-ES,train,CN-Base,0.25930071089204787,valid,kge,structural,KGE_CN_Base,,
09306242,IC-CMA-ES,train,TGD-Base,0.31318259651945435,valid,kge,structural,KGE_TGD_Base,,
09306242,IC-CMA-ES,train,CN-TGD,-0.05388188562740648,valid,kge,structural,KGE_CN_TGD,,
09312600,IC-CMA-ES,test,CN-Base,0.2274836717816603,valid,kge,structural,KGE_CN_Base,,
09312600,IC-CMA-ES,test,TGD-Base,0.4696758671266117,valid,kge,structural,KGE_TGD_Base,,
09312600,IC-CMA-ES,test,CN-TGD,-0.2421921953449514,valid,kge,structural,KGE_CN_TGD,,
09312600,IC-CMA-ES,train,CN-Base,0.600420880721251,valid,kge,structural,KGE_CN_Base,,
09312600,IC-CMA-ES,train,TGD-Base,0.6423172581841254,valid,kge,structural,KGE_TGD_Base,,
09312600,IC-CMA-ES,train,CN-TGD,-0.041896377462874335,valid,kge,structural,KGE_CN_TGD,,
09352900,IC-CMA-ES,test,CN-Base,0.7824999575378806,valid,kge,structural,KGE_CN_Base,,
09352900,IC-CMA-ES,test,TGD-Base,0.550280720576798,valid,kge,structural,KGE_TGD_Base,,
09352900,IC-CMA-ES,test,CN-TGD,0.2322192369610826,valid,kge,structural,KGE_CN_TGD,,
09352900,IC-CMA-ES,train,CN-Base,0.9585264108655205,valid,kge,structural,KGE_CN_Base,,
09352900,IC-CMA-ES,train,TGD-Base,0.6997169305467078,valid,kge,structural,KGE_TGD_Base,,
09352900,IC-CMA-ES,train,CN-TGD,0.2588094803188127,valid,kge,structural,KGE_CN_TGD,,
09378170,IC-CMA-ES,test,CN-Base,0.4854774877945198,valid,kge,structural,KGE_CN_Base,,
09378170,IC-CMA-ES,test,TGD-Base,0.4909084439040269,valid,kge,structural,KGE_TGD_Base,,
09378170,IC-CMA-ES,test,CN-TGD,-0.005430956109507057,valid,kge,structural,KGE_CN_TGD,,
09378170,IC-CMA-ES,train,CN-Base,0.49833704174809434,valid,kge,structural,KGE_CN_Base,,
09378170,IC-CMA-ES,train,TGD-Base,0.49021645258910507,valid,kge,structural,KGE_TGD_Base,,
09378170,IC-CMA-ES,train,CN-TGD,0.008120589158989278,valid,kge,structural,KGE_CN_TGD,,
09386900,IC-CMA-ES,test,CN-Base,0.33907729301901235,valid,kge,structural,KGE_CN_Base,,
09386900,IC-CMA-ES,test,TGD-Base,0.27755958329622643,valid,kge,structural,KGE_TGD_Base,,
09386900,IC-CMA-ES,test,CN-TGD,0.061517709722785974,valid,kge,structural,KGE_CN_TGD,,
09386900,IC-CMA-ES,train,CN-Base,0.3639858445502726,valid,kge,structural,KGE_CN_Base,,
09386900,IC-CMA-ES,train,TGD-Base,0.31838268464288855,valid,kge,structural,KGE_TGD_Base,,
09386900,IC-CMA-ES,train,CN-TGD,0.04560315990738406,valid,kge,structural,KGE_CN_TGD,,
09404450,IC-CMA-ES,test,CN-Base,0.06738528362734036,valid,kge,structural,KGE_CN_Base,,
09404450,IC-CMA-ES,test,TGD-Base,0.7561701667231058,valid,kge,structural,KGE_TGD_Base,,
09404450,IC-CMA-ES,test,CN-TGD,-0.6887848830957655,valid,kge,structural,KGE_CN_TGD,,
09404450,IC-CMA-ES,train,CN-Base,0.13756012205772783,valid,kge,structural,KGE_CN_Base,,
09404450,IC-CMA-ES,train,TGD-Base,0.11864435504046777,valid,kge,structural,KGE_TGD_Base,,
09404450,IC-CMA-ES,train,CN-TGD,0.018915767017260054,valid,kge,structural,KGE_CN_TGD,,
09430600,IC-CMA-ES,test,CN-Base,0.04612948473921946,valid,kge,structural,KGE_CN_Base,,
09430600,IC-CMA-ES,test,TGD-Base,0.020957335144460965,valid,kge,structural,KGE_TGD_Base,,
09430600,IC-CMA-ES,test,CN-TGD,0.025172149594758497,valid,kge,structural,KGE_CN_TGD,,
09430600,IC-CMA-ES,train,CN-Base,0.14415182787653635,valid,kge,structural,KGE_CN_Base,,
09430600,IC-CMA-ES,train,TGD-Base,0.06574104110736712,valid,kge,structural,KGE_TGD_Base,,
09430600,IC-CMA-ES,train,CN-TGD,0.07841078676916924,valid,kge,structural,KGE_CN_TGD,,
09447800,IC-CMA-ES,test,CN-Base,0.14537250504056154,valid,kge,structural,KGE_CN_Base,,
09447800,IC-CMA-ES,test,TGD-Base,0.43473032390173105,valid,kge,structural,KGE_TGD_Base,,
09447800,IC-CMA-ES,test,CN-TGD,-0.2893578188611695,valid,kge,structural,KGE_CN_TGD,,
09447800,IC-CMA-ES,train,CN-Base,0.010978033408668098,valid,kge,structural,KGE_CN_Base,,
09447800,IC-CMA-ES,train,TGD-Base,0.01270749344062938,valid,kge,structural,KGE_TGD_Base,,
09447800,IC-CMA-ES,train,CN-TGD,-0.001729460031961283,valid,kge,structural,KGE_CN_TGD,,
09484600,IC-CMA-ES,test,CN-Base,-0.0023356012414122995,valid,kge,structural,KGE_CN_Base,,
09484600,IC-CMA-ES,test,TGD-Base,0.008847717332570504,valid,kge,structural,KGE_TGD_Base,,
09484600,IC-CMA-ES,test,CN-TGD,-0.011183318573982803,valid,kge,structural,KGE_CN_TGD,,
09484600,IC-CMA-ES,train,CN-Base,0.002394947057995145,valid,kge,structural,KGE_CN_Base,,
09484600,IC-CMA-ES,train,TGD-Base,0.029329250933804007,valid,kge,structural,KGE_TGD_Base,,
09484600,IC-CMA-ES,train,CN-TGD,-0.026934303875808863,valid,kge,structural,KGE_CN_TGD,,
09492400,IC-CMA-ES,test,CN-Base,0.08174815990204681,valid,kge,structural,KGE_CN_Base,,
09492400,IC-CMA-ES,test,TGD-Base,0.1699472957321615,valid,kge,structural,KGE_TGD_Base,,
09492400,IC-CMA-ES,test,CN-TGD,-0.08819913583011468,valid,kge,structural,KGE_CN_TGD,,
09492400,IC-CMA-ES,train,CN-Base,0.2821862818104717,valid,kge,structural,KGE_CN_Base,,
09492400,IC-CMA-ES,train,TGD-Base,0.12237530050833934,valid,kge,structural,KGE_TGD_Base,,
09492400,IC-CMA-ES,train,CN-TGD,0.15981098130213234,valid,kge,structural,KGE_CN_TGD,,
09494000,IC-CMA-ES,test,CN-Base,0.04896248801793068,valid,kge,structural,KGE_CN_Base,,
09494000,IC-CMA-ES,test,TGD-Base,0.047948394409553674,valid,kge,structural,KGE_TGD_Base,,
09494000,IC-CMA-ES,test,CN-TGD,0.0010140936083770091,valid,kge,structural,KGE_CN_TGD,,
09494000,IC-CMA-ES,train,CN-Base,0.144769662737942,valid,kge,structural,KGE_CN_Base,,
09494000,IC-CMA-ES,train,TGD-Base,0.04699955474574935,valid,kge,structural,KGE_TGD_Base,,
09494000,IC-CMA-ES,train,CN-TGD,0.09777010799219266,valid,kge,structural,KGE_CN_TGD,,
09497980,IC-CMA-ES,test,CN-Base,0.04608449315056529,valid,kge,structural,KGE_CN_Base,,
09497980,IC-CMA-ES,test,TGD-Base,0.017764762147626678,valid,kge,structural,KGE_TGD_Base,,
09497980,IC-CMA-ES,test,CN-TGD,0.02831973100293861,valid,kge,structural,KGE_CN_TGD,,
09497980,IC-CMA-ES,train,CN-Base,0.01703502108777788,valid,kge,structural,KGE_CN_Base,,
09497980,IC-CMA-ES,train,TGD-Base,0.013612758369771938,valid,kge,structural,KGE_TGD_Base,,
09497980,IC-CMA-ES,train,CN-TGD,0.0034222627180059417,valid,kge,structural,KGE_CN_TGD,,
09505350,IC-CMA-ES,test,CN-Base,0.2029026321017124,valid,kge,structural,KGE_CN_Base,,
09505350,IC-CMA-ES,test,TGD-Base,-0.054070554968904005,valid,kge,structural,KGE_TGD_Base,,
09505350,IC-CMA-ES,test,CN-TGD,0.2569731870706164,valid,kge,structural,KGE_CN_TGD,,
09505350,IC-CMA-ES,train,CN-Base,0.09413865995562609,valid,kge,structural,KGE_CN_Base,,
09505350,IC-CMA-ES,train,TGD-Base,0.03766649574910441,valid,kge,structural,KGE_TGD_Base,,
09505350,IC-CMA-ES,train,CN-TGD,0.05647216420652168,valid,kge,structural,KGE_CN_TGD,,
09505800,IC-CMA-ES,test,CN-Base,0.31113808349197547,valid,kge,structural,KGE_CN_Base,,
09505800,IC-CMA-ES,test,TGD-Base,0.2167406674297947,valid,kge,structural,KGE_TGD_Base,,
09505800,IC-CMA-ES,test,CN-TGD,0.0943974160621808,valid,kge,structural,KGE_CN_TGD,,
09505800,IC-CMA-ES,train,CN-Base,0.0790388810039011,valid,kge,structural,KGE_CN_Base,,
09505800,IC-CMA-ES,train,TGD-Base,0.0326604607954023,valid,kge,structural,KGE_TGD_Base,,
09505800,IC-CMA-ES,train,CN-TGD,0.046378420208498805,valid,kge,structural,KGE_CN_TGD,,
09508300,IC-CMA-ES,test,CN-Base,-0.16658893396495889,valid,kge,structural,KGE_CN_Base,,
09508300,IC-CMA-ES,test,TGD-Base,-0.007631222798683446,valid,kge,structural,KGE_TGD_Base,,
09508300,IC-CMA-ES,test,CN-TGD,-0.15895771116627544,valid,kge,structural,KGE_CN_TGD,,
09508300,IC-CMA-ES,train,CN-Base,0.023124064813162648,valid,kge,structural,KGE_CN_Base,,
09508300,IC-CMA-ES,train,TGD-Base,0.015805171568184617,valid,kge,structural,KGE_TGD_Base,,
09508300,IC-CMA-ES,train,CN-TGD,0.007318893244978031,valid,kge,structural,KGE_CN_TGD,,
09510200,IC-CMA-ES,test,CN-Base,0.04617395463378271,valid,kge,structural,KGE_CN_Base,,
09510200,IC-CMA-ES,test,TGD-Base,0.026914696939565497,valid,kge,structural,KGE_TGD_Base,,
09510200,IC-CMA-ES,test,CN-TGD,0.019259257694217213,valid,kge,structural,KGE_CN_TGD,,
09510200,IC-CMA-ES,train,CN-Base,0.009798964932966614,valid,kge,structural,KGE_CN_Base,,
09510200,IC-CMA-ES,train,TGD-Base,0.007496964703154418,valid,kge,structural,KGE_TGD_Base,,
09510200,IC-CMA-ES,train,CN-TGD,0.0023020002298121955,valid,kge,structural,KGE_CN_TGD,,
09512280,IC-CMA-ES,test,CN-Base,0.000128174064179698,valid,kge,structural,KGE_CN_Base,,
09512280,IC-CMA-ES,test,TGD-Base,0.09432805107962339,valid,kge,structural,KGE_TGD_Base,,
09512280,IC-CMA-ES,test,CN-TGD,-0.09419987701544369,valid,kge,structural,KGE_CN_TGD,,
09512280,IC-CMA-ES,train,CN-Base,-9.403439497890353e-05,valid,kge,structural,KGE_CN_Base,,
09512280,IC-CMA-ES,train,TGD-Base,-0.028231027935060826,valid,kge,structural,KGE_TGD_Base,,
09512280,IC-CMA-ES,train,CN-TGD,0.028136993540081923,valid,kge,structural,KGE_CN_TGD,,
09513780,IC-CMA-ES,test,CN-Base,0.004854034112089067,valid,kge,structural,KGE_CN_Base,,
09513780,IC-CMA-ES,test,TGD-Base,0.01176067275487247,valid,kge,structural,KGE_TGD_Base,,
09513780,IC-CMA-ES,test,CN-TGD,-0.0069066386427834026,valid,kge,structural,KGE_CN_TGD,,
09513780,IC-CMA-ES,train,CN-Base,-5.608474157536847e-06,valid,kge,structural,KGE_CN_Base,,
09513780,IC-CMA-ES,train,TGD-Base,0.006160217337770835,valid,kge,structural,KGE_TGD_Base,,
09513780,IC-CMA-ES,train,CN-TGD,-0.0061658258119283715,valid,kge,structural,KGE_CN_TGD,,
10234500,IC-CMA-ES,test,CN-Base,0.3431022631850378,valid,kge,structural,KGE_CN_Base,,
10234500,IC-CMA-ES,test,TGD-Base,0.33129415599955725,valid,kge,structural,KGE_TGD_Base,,
10234500,IC-CMA-ES,test,CN-TGD,0.011808107185480532,valid,kge,structural,KGE_CN_TGD,,
10234500,IC-CMA-ES,train,CN-Base,0.5472049316490313,valid,kge,structural,KGE_CN_Base,,
10234500,IC-CMA-ES,train,TGD-Base,0.5180204939367583,valid,kge,structural,KGE_TGD_Base,,
10234500,IC-CMA-ES,train,CN-TGD,0.02918443771227297,valid,kge,structural,KGE_CN_TGD,,
10244950,IC-CMA-ES,test,CN-Base,-0.025862581081364966,valid,kge,structural,KGE_CN_Base,,
10244950,IC-CMA-ES,test,TGD-Base,-0.12224960601690182,valid,kge,structural,KGE_TGD_Base,,
10244950,IC-CMA-ES,test,CN-TGD,0.09638702493553686,valid,kge,structural,KGE_CN_TGD,,
10244950,IC-CMA-ES,train,CN-Base,0.3712422952871012,valid,kge,structural,KGE_CN_Base,,
10244950,IC-CMA-ES,train,TGD-Base,0.3463035640522325,valid,kge,structural,KGE_TGD_Base,,
10244950,IC-CMA-ES,train,CN-TGD,0.024938731234868672,valid,kge,structural,KGE_CN_TGD,,
10259000,IC-CMA-ES,test,CN-Base,0.07143060112790034,valid,kge,structural,KGE_CN_Base,,
10259000,IC-CMA-ES,test,TGD-Base,-0.005031588098972084,valid,kge,structural,KGE_TGD_Base,,
10259000,IC-CMA-ES,test,CN-TGD,0.07646218922687242,valid,kge,structural,KGE_CN_TGD,,
10259000,IC-CMA-ES,train,CN-Base,0.014653538345947736,valid,kge,structural,KGE_CN_Base,,
10259000,IC-CMA-ES,train,TGD-Base,0.02760099376332459,valid,kge,structural,KGE_TGD_Base,,
10259000,IC-CMA-ES,train,CN-TGD,-0.012947455417376852,valid,kge,structural,KGE_CN_TGD,,
10336645,IC-CMA-ES,test,CN-Base,0.4231677591490271,valid,kge,structural,KGE_CN_Base,,
10336645,IC-CMA-ES,test,TGD-Base,0.07211770000935802,valid,kge,structural,KGE_TGD_Base,,
10336645,IC-CMA-ES,test,CN-TGD,0.3510500591396691,valid,kge,structural,KGE_CN_TGD,,
10336645,IC-CMA-ES,train,CN-Base,0.3890146474125229,valid,kge,structural,KGE_CN_Base,,
10336645,IC-CMA-ES,train,TGD-Base,0.09678472224621792,valid,kge,structural,KGE_TGD_Base,,
10336645,IC-CMA-ES,train,CN-TGD,0.29222992516630497,valid,kge,structural,KGE_CN_TGD,,
10336660,IC-CMA-ES,test,CN-Base,0.37538476002858934,valid,kge,structural,KGE_CN_Base,,
10336660,IC-CMA-ES,test,TGD-Base,-0.1027049994211654,valid,kge,structural,KGE_TGD_Base,,
10336660,IC-CMA-ES,test,CN-TGD,0.47808975944975474,valid,kge,structural,KGE_CN_TGD,,
10336660,IC-CMA-ES,train,CN-Base,0.458594975408115,valid,kge,structural,KGE_CN_Base,,
10336660,IC-CMA-ES,train,TGD-Base,0.09792034058784171,valid,kge,structural,KGE_TGD_Base,,
10336660,IC-CMA-ES,train,CN-TGD,0.3606746348202733,valid,kge,structural,KGE_CN_TGD,,
10343500,IC-CMA-ES,test,CN-Base,0.26797212498259615,valid,kge,structural,KGE_CN_Base,,
10343500,IC-CMA-ES,test,TGD-Base,-0.02430387925315064,valid,kge,structural,KGE_TGD_Base,,
10343500,IC-CMA-ES,test,CN-TGD,0.2922760042357468,valid,kge,structural,KGE_CN_TGD,,
10343500,IC-CMA-ES,train,CN-Base,0.36898791580075607,valid,kge,structural,KGE_CN_Base,,
10343500,IC-CMA-ES,train,TGD-Base,0.26497397794248845,valid,kge,structural,KGE_TGD_Base,,
10343500,IC-CMA-ES,train,CN-TGD,0.10401393785826762,valid,kge,structural,KGE_CN_TGD,,
11124500,IC-CMA-ES,test,CN-Base,0.07138314676123592,valid,kge,structural,KGE_CN_Base,,
11124500,IC-CMA-ES,test,TGD-Base,0.042831031510156214,valid,kge,structural,KGE_TGD_Base,,
11124500,IC-CMA-ES,test,CN-TGD,0.0285521152510797,valid,kge,structural,KGE_CN_TGD,,
11124500,IC-CMA-ES,train,CN-Base,0.008408187096495823,valid,kge,structural,KGE_CN_Base,,
11124500,IC-CMA-ES,train,TGD-Base,0.010754868856389876,valid,kge,structural,KGE_TGD_Base,,
11124500,IC-CMA-ES,train,CN-TGD,-0.0023466817598940537,valid,kge,structural,KGE_CN_TGD,,
11141280,IC-CMA-ES,test,CN-Base,-0.030073762574857832,valid,kge,structural,KGE_CN_Base,,
11141280,IC-CMA-ES,test,TGD-Base,-0.03035695181230802,valid,kge,structural,KGE_TGD_Base,,
11141280,IC-CMA-ES,test,CN-TGD,0.00028318923745018765,valid,kge,structural,KGE_CN_TGD,,
11141280,IC-CMA-ES,train,CN-Base,0.01008082350825934,valid,kge,structural,KGE_CN_Base,,
11141280,IC-CMA-ES,train,TGD-Base,0.009815362976819175,valid,kge,structural,KGE_TGD_Base,,
11141280,IC-CMA-ES,train,CN-TGD,0.0002654605314401648,valid,kge,structural,KGE_CN_TGD,,
11143000,IC-CMA-ES,test,CN-Base,-0.004173589161370561,valid,kge,structural,KGE_CN_Base,,
11143000,IC-CMA-ES,test,TGD-Base,-0.006190496900582487,valid,kge,structural,KGE_TGD_Base,,
11143000,IC-CMA-ES,test,CN-TGD,0.002016907739211926,valid,kge,structural,KGE_CN_TGD,,
11143000,IC-CMA-ES,train,CN-Base,0.0038333010445253946,valid,kge,structural,KGE_CN_Base,,
11143000,IC-CMA-ES,train,TGD-Base,0.0028589069539879386,valid,kge,structural,KGE_TGD_Base,,
11143000,IC-CMA-ES,train,CN-TGD,0.000974394090537456,valid,kge,structural,KGE_CN_TGD,,
11148900,IC-CMA-ES,test,CN-Base,-0.013356666018303986,valid,kge,structural,KGE_CN_Base,,
11148900,IC-CMA-ES,test,TGD-Base,-0.015747502948666225,valid,kge,structural,KGE_TGD_Base,,
11148900,IC-CMA-ES,test,CN-TGD,0.002390836930362239,valid,kge,structural,KGE_CN_TGD,,
11148900,IC-CMA-ES,train,CN-Base,-0.001006582071983786,valid,kge,structural,KGE_CN_Base,,
11148900,IC-CMA-ES,train,TGD-Base,-0.008003200244911857,valid,kge,structural,KGE_TGD_Base,,
11148900,IC-CMA-ES,train,CN-TGD,0.006996618172928071,valid,kge,structural,KGE_CN_TGD,,
11151300,IC-CMA-ES,test,CN-Base,-0.08934382872933266,valid,kge,structural,KGE_CN_Base,,
11151300,IC-CMA-ES,test,TGD-Base,0.0028133282077906774,valid,kge,structural,KGE_TGD_Base,,
11151300,IC-CMA-ES,test,CN-TGD,-0.09215715693712334,valid,kge,structural,KGE_CN_TGD,,
11151300,IC-CMA-ES,train,CN-Base,0.01572202424118707,valid,kge,structural,KGE_CN_Base,,
11151300,IC-CMA-ES,train,TGD-Base,0.0023840563203929577,valid,kge,structural,KGE_TGD_Base,,
11151300,IC-CMA-ES,train,CN-TGD,0.013337967920794114,valid,kge,structural,KGE_CN_TGD,,
11176400,IC-CMA-ES,test,CN-Base,-0.05591395493318191,valid,kge,structural,KGE_CN_Base,,
11176400,IC-CMA-ES,test,TGD-Base,-0.03131050094467058,valid,kge,structural,KGE_TGD_Base,,
11176400,IC-CMA-ES,test,CN-TGD,-0.024603453988511326,valid,kge,structural,KGE_CN_TGD,,
11176400,IC-CMA-ES,train,CN-Base,-0.0003897164959449917,valid,kge,structural,KGE_CN_Base,,
11176400,IC-CMA-ES,train,TGD-Base,-0.006333365833567028,valid,kge,structural,KGE_TGD_Base,,
11176400,IC-CMA-ES,train,CN-TGD,0.005943649337622037,valid,kge,structural,KGE_CN_TGD,,
11230500,IC-CMA-ES,test,CN-Base,0.5295854069046798,valid,kge,structural,KGE_CN_Base,,
11230500,IC-CMA-ES,test,TGD-Base,0.4340558393897249,valid,kge,structural,KGE_TGD_Base,,
11230500,IC-CMA-ES,test,CN-TGD,0.09552956751495495,valid,kge,structural,KGE_CN_TGD,,
11230500,IC-CMA-ES,train,CN-Base,0.7651877957560953,valid,kge,structural,KGE_CN_Base,,
11230500,IC-CMA-ES,train,TGD-Base,0.37904850850758387,valid,kge,structural,KGE_TGD_Base,,
11230500,IC-CMA-ES,train,CN-TGD,0.38613928724851143,valid,kge,structural,KGE_CN_TGD,,
11237500,IC-CMA-ES,test,CN-Base,0.52816744288535,valid,kge,structural,KGE_CN_Base,,
11237500,IC-CMA-ES,test,TGD-Base,0.3467814828199702,valid,kge,structural,KGE_TGD_Base,,
11237500,IC-CMA-ES,test,CN-TGD,0.18138596006537977,valid,kge,structural,KGE_CN_TGD,,
11237500,IC-CMA-ES,train,CN-Base,0.6479785202751898,valid,kge,structural,KGE_CN_Base,,
11237500,IC-CMA-ES,train,TGD-Base,0.2928794295738306,valid,kge,structural,KGE_TGD_Base,,
11237500,IC-CMA-ES,train,CN-TGD,0.35509909070135914,valid,kge,structural,KGE_CN_TGD,,
11264500,IC-CMA-ES,test,CN-Base,0.5831463064023318,valid,kge,structural,KGE_CN_Base,,
11264500,IC-CMA-ES,test,TGD-Base,0.42057439484864034,valid,kge,structural,KGE_TGD_Base,,
11264500,IC-CMA-ES,test,CN-TGD,0.16257191155369144,valid,kge,structural,KGE_CN_TGD,,
11264500,IC-CMA-ES,train,CN-Base,0.7100354430903909,valid,kge,structural,KGE_CN_Base,,
11264500,IC-CMA-ES,train,TGD-Base,0.4430937909233096,valid,kge,structural,KGE_TGD_Base,,
11264500,IC-CMA-ES,train,CN-TGD,0.2669416521670813,valid,kge,structural,KGE_CN_TGD,,
11266500,IC-CMA-ES,test,CN-Base,0.5328020085050567,valid,kge,structural,KGE_CN_Base,,
11266500,IC-CMA-ES,test,TGD-Base,0.33321791543818113,valid,kge,structural,KGE_TGD_Base,,
11266500,IC-CMA-ES,test,CN-TGD,0.19958409306687552,valid,kge,structural,KGE_CN_TGD,,
11266500,IC-CMA-ES,train,CN-Base,0.6345725655577246,valid,kge,structural,KGE_CN_Base,,
11266500,IC-CMA-ES,train,TGD-Base,0.3908828711432503,valid,kge,structural,KGE_TGD_Base,,
11266500,IC-CMA-ES,train,CN-TGD,0.2436896944144742,valid,kge,structural,KGE_CN_TGD,,
11284400,IC-CMA-ES,test,CN-Base,0.024207245398951582,valid,kge,structural,KGE_CN_Base,,
11284400,IC-CMA-ES,test,TGD-Base,-0.028605109740290402,valid,kge,structural,KGE_TGD_Base,,
11284400,IC-CMA-ES,test,CN-TGD,0.052812355139241984,valid,kge,structural,KGE_CN_TGD,,
11284400,IC-CMA-ES,train,CN-Base,0.01321527423000568,valid,kge,structural,KGE_CN_Base,,
11284400,IC-CMA-ES,train,TGD-Base,0.013651393169885173,valid,kge,structural,KGE_TGD_Base,,
11284400,IC-CMA-ES,train,CN-TGD,-0.0004361189398794929,valid,kge,structural,KGE_CN_TGD,,
11381500,IC-CMA-ES,test,CN-Base,-0.01897615297147426,valid,kge,structural,KGE_CN_Base,,
11381500,IC-CMA-ES,test,TGD-Base,0.0019255865050857857,valid,kge,structural,KGE_TGD_Base,,
11381500,IC-CMA-ES,test,CN-TGD,-0.020901739476560044,valid,kge,structural,KGE_CN_TGD,,
11381500,IC-CMA-ES,train,CN-Base,-0.009898359497674147,valid,kge,structural,KGE_CN_Base,,
11381500,IC-CMA-ES,train,TGD-Base,-0.0031626082592435267,valid,kge,structural,KGE_TGD_Base,,
11381500,IC-CMA-ES,train,CN-TGD,-0.006735751238430621,valid,kge,structural,KGE_CN_TGD,,
11451100,IC-CMA-ES,test,CN-Base,0.0014738677028984792,valid,kge,structural,KGE_CN_Base,,
11451100,IC-CMA-ES,test,TGD-Base,0.001644004320113801,valid,kge,structural,KGE_TGD_Base,,
11451100,IC-CMA-ES,test,CN-TGD,-0.0001701366172153218,valid,kge,structural,KGE_CN_TGD,,
11451100,IC-CMA-ES,train,CN-Base,-0.0010565187615809712,valid,kge,structural,KGE_CN_Base,,
11451100,IC-CMA-ES,train,TGD-Base,0.006173991630505249,valid,kge,structural,KGE_TGD_Base,,
11451100,IC-CMA-ES,train,CN-TGD,-0.00723051039208622,valid,kge,structural,KGE_CN_TGD,,
11468500,IC-CMA-ES,test,CN-Base,0.008552284941847899,valid,kge,structural,KGE_CN_Base,,
11468500,IC-CMA-ES,test,TGD-Base,0.0065296301385610045,valid,kge,structural,KGE_TGD_Base,,
11468500,IC-CMA-ES,test,CN-TGD,0.002022654803286894,valid,kge,structural,KGE_CN_TGD,,
11468500,IC-CMA-ES,train,CN-Base,-0.00022799019672881116,valid,kge,structural,KGE_CN_Base,,
11468500,IC-CMA-ES,train,TGD-Base,-0.0008617107393559253,valid,kge,structural,KGE_TGD_Base,,
11468500,IC-CMA-ES,train,CN-TGD,0.0006337205426271142,valid,kge,structural,KGE_CN_TGD,,
11473900,IC-CMA-ES,test,CN-Base,-0.05984541049388059,valid,kge,structural,KGE_CN_Base,,
11473900,IC-CMA-ES,test,TGD-Base,0.02292731442158047,valid,kge,structural,KGE_TGD_Base,,
11473900,IC-CMA-ES,test,CN-TGD,-0.08277272491546106,valid,kge,structural,KGE_CN_TGD,,
11473900,IC-CMA-ES,train,CN-Base,0.018169676191025164,valid,kge,structural,KGE_CN_Base,,
11473900,IC-CMA-ES,train,TGD-Base,0.008725180788221931,valid,kge,structural,KGE_TGD_Base,,
11473900,IC-CMA-ES,train,CN-TGD,0.009444495402803232,valid,kge,structural,KGE_CN_TGD,,
11475560,IC-CMA-ES,test,CN-Base,-0.0333063653132909,valid,kge,structural,KGE_CN_Base,,
11475560,IC-CMA-ES,test,TGD-Base,0.0016762758502897324,valid,kge,structural,KGE_TGD_Base,,
11475560,IC-CMA-ES,test,CN-TGD,-0.03498264116358063,valid,kge,structural,KGE_CN_TGD,,
11475560,IC-CMA-ES,train,CN-Base,0.0016559707975275506,valid,kge,structural,KGE_CN_Base,,
11475560,IC-CMA-ES,train,TGD-Base,-3.088973312248555e-05,valid,kge,structural,KGE_TGD_Base,,
11475560,IC-CMA-ES,train,CN-TGD,0.0016868605306500362,valid,kge,structural,KGE_CN_TGD,,
11476600,IC-CMA-ES,test,CN-Base,-0.0005207394315533964,valid,kge,structural,KGE_CN_Base,,
11476600,IC-CMA-ES,test,TGD-Base,0.00029808892452198865,valid,kge,structural,KGE_TGD_Base,,
11476600,IC-CMA-ES,test,CN-TGD,-0.0008188283560753851,valid,kge,structural,KGE_CN_TGD,,
11476600,IC-CMA-ES,train,CN-Base,0.0009185082268061695,valid,kge,structural,KGE_CN_Base,,
11476600,IC-CMA-ES,train,TGD-Base,0.0021266339166905457,valid,kge,structural,KGE_TGD_Base,,
11476600,IC-CMA-ES,train,CN-TGD,-0.0012081256898843762,valid,kge,structural,KGE_CN_TGD,,
11478500,IC-CMA-ES,test,CN-Base,-0.014727102583120266,valid,kge,structural,KGE_CN_Base,,
11478500,IC-CMA-ES,test,TGD-Base,0.001965994527363013,valid,kge,structural,KGE_TGD_Base,,
11478500,IC-CMA-ES,test,CN-TGD,-0.01669309711048328,valid,kge,structural,KGE_CN_TGD,,
11478500,IC-CMA-ES,train,CN-Base,0.012400683199496942,valid,kge,structural,KGE_CN_Base,,
11478500,IC-CMA-ES,train,TGD-Base,0.0024765886798893133,valid,kge,structural,KGE_TGD_Base,,
11478500,IC-CMA-ES,train,CN-TGD,0.009924094519607629,valid,kge,structural,KGE_CN_TGD,,
11480390,IC-CMA-ES,test,CN-Base,-0.09638775072629957,valid,kge,structural,KGE_CN_Base,,
11480390,IC-CMA-ES,test,TGD-Base,-6.797459483565138e-05,valid,kge,structural,KGE_TGD_Base,,
11480390,IC-CMA-ES,test,CN-TGD,-0.09631977613146392,valid,kge,structural,KGE_CN_TGD,,
11480390,IC-CMA-ES,train,CN-Base,-0.04802565609452003,valid,kge,structural,KGE_CN_Base,,
11480390,IC-CMA-ES,train,TGD-Base,0.0033319024658333696,valid,kge,structural,KGE_TGD_Base,,
11480390,IC-CMA-ES,train,CN-TGD,-0.0513575585603534,valid,kge,structural,KGE_CN_TGD,,
11481200,IC-CMA-ES,test,CN-Base,0.005420710020854647,valid,kge,structural,KGE_CN_Base,,
11481200,IC-CMA-ES,test,TGD-Base,0.0009509959719862238,valid,kge,structural,KGE_TGD_Base,,
11481200,IC-CMA-ES,test,CN-TGD,0.004469714048868423,valid,kge,structural,KGE_CN_TGD,,
11481200,IC-CMA-ES,train,CN-Base,0.0011701338142988682,valid,kge,structural,KGE_CN_Base,,
11481200,IC-CMA-ES,train,TGD-Base,0.0012706475250432447,valid,kge,structural,KGE_TGD_Base,,
11481200,IC-CMA-ES,train,CN-TGD,-0.00010051371074437654,valid,kge,structural,KGE_CN_TGD,,
11482500,IC-CMA-ES,test,CN-Base,-0.0028560910551409524,valid,kge,structural,KGE_CN_Base,,
11482500,IC-CMA-ES,test,TGD-Base,-0.002660170461827094,valid,kge,structural,KGE_TGD_Base,,
11482500,IC-CMA-ES,test,CN-TGD,-0.00019592059331385858,valid,kge,structural,KGE_CN_TGD,,
11482500,IC-CMA-ES,train,CN-Base,0.0022156990660008313,valid,kge,structural,KGE_CN_Base,,
11482500,IC-CMA-ES,train,TGD-Base,0.001195274491090803,valid,kge,structural,KGE_TGD_Base,,
11482500,IC-CMA-ES,train,CN-TGD,0.0010204245749100282,valid,kge,structural,KGE_CN_TGD,,
11522500,IC-CMA-ES,test,CN-Base,-0.02697201293735485,valid,kge,structural,KGE_CN_Base,,
11522500,IC-CMA-ES,test,TGD-Base,-0.001617850870056059,valid,kge,structural,KGE_TGD_Base,,
11522500,IC-CMA-ES,test,CN-TGD,-0.02535416206729879,valid,kge,structural,KGE_CN_TGD,,
11522500,IC-CMA-ES,train,CN-Base,0.05177580427766726,valid,kge,structural,KGE_CN_Base,,
11522500,IC-CMA-ES,train,TGD-Base,0.019405807084593163,valid,kge,structural,KGE_TGD_Base,,
11522500,IC-CMA-ES,train,CN-TGD,0.032369997193074096,valid,kge,structural,KGE_CN_TGD,,
11523200,IC-CMA-ES,test,CN-Base,0.23387342541362377,valid,kge,structural,KGE_CN_Base,,
11523200,IC-CMA-ES,test,TGD-Base,0.02257402323901958,valid,kge,structural,KGE_TGD_Base,,
11523200,IC-CMA-ES,test,CN-TGD,0.2112994021746042,valid,kge,structural,KGE_CN_TGD,,
11523200,IC-CMA-ES,train,CN-Base,0.17234477735773424,valid,kge,structural,KGE_CN_Base,,
11523200,IC-CMA-ES,train,TGD-Base,0.031278341854712566,valid,kge,structural,KGE_TGD_Base,,
11523200,IC-CMA-ES,train,CN-TGD,0.14106643550302167,valid,kge,structural,KGE_CN_TGD,,
11528700,IC-CMA-ES,test,CN-Base,-0.049675277247887784,valid,kge,structural,KGE_CN_Base,,
11528700,IC-CMA-ES,test,TGD-Base,0.004527871567753028,valid,kge,structural,KGE_TGD_Base,,
11528700,IC-CMA-ES,test,CN-TGD,-0.05420314881564081,valid,kge,structural,KGE_CN_TGD,,
11528700,IC-CMA-ES,train,CN-Base,-0.014461512208852612,valid,kge,structural,KGE_CN_Base,,
11528700,IC-CMA-ES,train,TGD-Base,0.005787703097028696,valid,kge,structural,KGE_TGD_Base,,
11528700,IC-CMA-ES,train,CN-TGD,-0.020249215305881307,valid,kge,structural,KGE_CN_TGD,,
11532500,IC-CMA-ES,test,CN-Base,0.003511094312401264,valid,kge,structural,KGE_CN_Base,,
11532500,IC-CMA-ES,test,TGD-Base,-0.000758494346695282,valid,kge,structural,KGE_TGD_Base,,
11532500,IC-CMA-ES,test,CN-TGD,0.004269588659096546,valid,kge,structural,KGE_CN_TGD,,
11532500,IC-CMA-ES,train,CN-Base,0.01015069992445583,valid,kge,structural,KGE_CN_Base,,
11532500,IC-CMA-ES,train,TGD-Base,0.0005792183229060832,valid,kge,structural,KGE_TGD_Base,,
11532500,IC-CMA-ES,train,CN-TGD,0.009571481601549747,valid,kge,structural,KGE_CN_TGD,,
12010000,IC-CMA-ES,test,CN-Base,0.008037756447711208,valid,kge,structural,KGE_CN_Base,,
12010000,IC-CMA-ES,test,TGD-Base,0.008374142776469418,valid,kge,structural,KGE_TGD_Base,,
12010000,IC-CMA-ES,test,CN-TGD,-0.0003363863287582092,valid,kge,structural,KGE_CN_TGD,,
12010000,IC-CMA-ES,train,CN-Base,0.015864978050922462,valid,kge,structural,KGE_CN_Base,,
12010000,IC-CMA-ES,train,TGD-Base,0.006272928177007309,valid,kge,structural,KGE_TGD_Base,,
12010000,IC-CMA-ES,train,CN-TGD,0.009592049873915154,valid,kge,structural,KGE_CN_TGD,,
12013500,IC-CMA-ES,test,CN-Base,-0.0013078544214230048,valid,kge,structural,KGE_CN_Base,,
12013500,IC-CMA-ES,test,TGD-Base,0.0009178600556758454,valid,kge,structural,KGE_TGD_Base,,
12013500,IC-CMA-ES,test,CN-TGD,-0.00222571447709885,valid,kge,structural,KGE_CN_TGD,,
12013500,IC-CMA-ES,train,CN-Base,0.0016065485024699955,valid,kge,structural,KGE_CN_Base,,
12013500,IC-CMA-ES,train,TGD-Base,-0.0007873655310467464,valid,kge,structural,KGE_TGD_Base,,
12013500,IC-CMA-ES,train,CN-TGD,0.002393914033516742,valid,kge,structural,KGE_CN_TGD,,
12020000,IC-CMA-ES,test,CN-Base,0.013108568691440059,valid,kge,structural,KGE_CN_Base,,
12020000,IC-CMA-ES,test,TGD-Base,0.008903972847497998,valid,kge,structural,KGE_TGD_Base,,
12020000,IC-CMA-ES,test,CN-TGD,0.0042045958439420605,valid,kge,structural,KGE_CN_TGD,,
12020000,IC-CMA-ES,train,CN-Base,0.015251120188470524,valid,kge,structural,KGE_CN_Base,,
12020000,IC-CMA-ES,train,TGD-Base,0.004006523949377061,valid,kge,structural,KGE_TGD_Base,,
12020000,IC-CMA-ES,train,CN-TGD,0.011244596239093463,valid,kge,structural,KGE_CN_TGD,,
12025700,IC-CMA-ES,test,CN-Base,0.022801447228942173,valid,kge,structural,KGE_CN_Base,,
12025700,IC-CMA-ES,test,TGD-Base,0.002077611471232532,valid,kge,structural,KGE_TGD_Base,,
12025700,IC-CMA-ES,test,CN-TGD,0.02072383575770964,valid,kge,structural,KGE_CN_TGD,,
12025700,IC-CMA-ES,train,CN-Base,0.017461413939141024,valid,kge,structural,KGE_CN_Base,,
12025700,IC-CMA-ES,train,TGD-Base,0.0014571664968594522,valid,kge,structural,KGE_TGD_Base,,
12025700,IC-CMA-ES,train,CN-TGD,0.01600424744228157,valid,kge,structural,KGE_CN_TGD,,
12035000,IC-CMA-ES,test,CN-Base,0.0046762018112220805,valid,kge,structural,KGE_CN_Base,,
12035000,IC-CMA-ES,test,TGD-Base,0.007564298638154221,valid,kge,structural,KGE_TGD_Base,,
12035000,IC-CMA-ES,test,CN-TGD,-0.0028880968269321405,valid,kge,structural,KGE_CN_TGD,,
12035000,IC-CMA-ES,train,CN-Base,0.008337611271675538,valid,kge,structural,KGE_CN_Base,,
12035000,IC-CMA-ES,train,TGD-Base,0.005077485179223906,valid,kge,structural,KGE_TGD_Base,,
12035000,IC-CMA-ES,train,CN-TGD,0.0032601260924516318,valid,kge,structural,KGE_CN_TGD,,
12040500,IC-CMA-ES,test,CN-Base,0.012272664640928688,valid,kge,structural,KGE_CN_Base,,
12040500,IC-CMA-ES,test,TGD-Base,0.008291100997527057,valid,kge,structural,KGE_TGD_Base,,
12040500,IC-CMA-ES,test,CN-TGD,0.003981563643401631,valid,kge,structural,KGE_CN_TGD,,
12040500,IC-CMA-ES,train,CN-Base,0.015495301743643886,valid,kge,structural,KGE_CN_Base,,
12040500,IC-CMA-ES,train,TGD-Base,0.009816382695393644,valid,kge,structural,KGE_TGD_Base,,
12040500,IC-CMA-ES,train,CN-TGD,0.005678919048250242,valid,kge,structural,KGE_CN_TGD,,
12041200,IC-CMA-ES,test,CN-Base,0.004798858203383993,valid,kge,structural,KGE_CN_Base,,
12041200,IC-CMA-ES,test,TGD-Base,-0.0013047534632368851,valid,kge,structural,KGE_TGD_Base,,
12041200,IC-CMA-ES,test,CN-TGD,0.006103611666620878,valid,kge,structural,KGE_CN_TGD,,
12041200,IC-CMA-ES,train,CN-Base,-0.06127031265902927,valid,kge,structural,KGE_CN_Base,,
12041200,IC-CMA-ES,train,TGD-Base,0.0075659042026274825,valid,kge,structural,KGE_TGD_Base,,
12041200,IC-CMA-ES,train,CN-TGD,-0.06883621686165675,valid,kge,structural,KGE_CN_TGD,,
12048000,IC-CMA-ES,test,CN-Base,0.08928818063854477,valid,kge,structural,KGE_CN_Base,,
12048000,IC-CMA-ES,test,TGD-Base,0.013219321665687067,valid,kge,structural,KGE_TGD_Base,,
12048000,IC-CMA-ES,test,CN-TGD,0.0760688589728577,valid,kge,structural,KGE_CN_TGD,,
12048000,IC-CMA-ES,train,CN-Base,0.06012060398004854,valid,kge,structural,KGE_CN_Base,,
12048000,IC-CMA-ES,train,TGD-Base,0.03684064220514166,valid,kge,structural,KGE_TGD_Base,,
12048000,IC-CMA-ES,train,CN-TGD,0.023279961774906877,valid,kge,structural,KGE_CN_TGD,,
12054000,IC-CMA-ES,test,CN-Base,-0.00511854969131309,valid,kge,structural,KGE_CN_Base,,
12054000,IC-CMA-ES,test,TGD-Base,0.006851722085406853,valid,kge,structural,KGE_TGD_Base,,
12054000,IC-CMA-ES,test,CN-TGD,-0.011970271776719943,valid,kge,structural,KGE_CN_TGD,,
12054000,IC-CMA-ES,train,CN-Base,0.0025088254934552134,valid,kge,structural,KGE_CN_Base,,
12054000,IC-CMA-ES,train,TGD-Base,0.0033253481152811792,valid,kge,structural,KGE_TGD_Base,,
12054000,IC-CMA-ES,train,CN-TGD,-0.0008165226218259658,valid,kge,structural,KGE_CN_TGD,,
12056500,IC-CMA-ES,test,CN-Base,-0.023292364032670654,valid,kge,structural,KGE_CN_Base,,
12056500,IC-CMA-ES,test,TGD-Base,-0.0008467413473211005,valid,kge,structural,KGE_TGD_Base,,
12056500,IC-CMA-ES,test,CN-TGD,-0.022445622685349553,valid,kge,structural,KGE_CN_TGD,,
12056500,IC-CMA-ES,train,CN-Base,-0.06743317489119516,valid,kge,structural,KGE_CN_Base,,
12056500,IC-CMA-ES,train,TGD-Base,-0.0005690404760119172,valid,kge,structural,KGE_TGD_Base,,
12056500,IC-CMA-ES,train,CN-TGD,-0.06686413441518324,valid,kge,structural,KGE_CN_TGD,,
12073500,IC-CMA-ES,test,CN-Base,-0.020078103594220353,valid,kge,structural,KGE_CN_Base,,
12073500,IC-CMA-ES,test,TGD-Base,-2.1950783555824138e-05,valid,kge,structural,KGE_TGD_Base,,
12073500,IC-CMA-ES,test,CN-TGD,-0.02005615281066453,valid,kge,structural,KGE_CN_TGD,,
12073500,IC-CMA-ES,train,CN-Base,-0.0020313303979320185,valid,kge,structural,KGE_CN_Base,,
12073500,IC-CMA-ES,train,TGD-Base,-0.0012624034736139489,valid,kge,structural,KGE_TGD_Base,,
12073500,IC-CMA-ES,train,CN-TGD,-0.0007689269243180696,valid,kge,structural,KGE_CN_TGD,,
12082500,IC-CMA-ES,test,CN-Base,0.11284368891091046,valid,kge,structural,KGE_CN_Base,,
12082500,IC-CMA-ES,test,TGD-Base,0.025531861817715273,valid,kge,structural,KGE_TGD_Base,,
12082500,IC-CMA-ES,test,CN-TGD,0.08731182709319518,valid,kge,structural,KGE_CN_TGD,,
12082500,IC-CMA-ES,train,CN-Base,0.08657449088702751,valid,kge,structural,KGE_CN_Base,,
12082500,IC-CMA-ES,train,TGD-Base,0.018355261957958446,valid,kge,structural,KGE_TGD_Base,,
12082500,IC-CMA-ES,train,CN-TGD,0.06821922892906906,valid,kge,structural,KGE_CN_TGD,,
12092000,IC-CMA-ES,test,CN-Base,0.16648238915633495,valid,kge,structural,KGE_CN_Base,,
12092000,IC-CMA-ES,test,TGD-Base,0.03151371302251882,valid,kge,structural,KGE_TGD_Base,,
12092000,IC-CMA-ES,test,CN-TGD,0.13496867613381613,valid,kge,structural,KGE_CN_TGD,,
12092000,IC-CMA-ES,train,CN-Base,0.06361028850883144,valid,kge,structural,KGE_CN_Base,,
12092000,IC-CMA-ES,train,TGD-Base,0.029828077889289983,valid,kge,structural,KGE_TGD_Base,,
12092000,IC-CMA-ES,train,CN-TGD,0.03378221061954145,valid,kge,structural,KGE_CN_TGD,,
12114500,IC-CMA-ES,test,CN-Base,0.1927848034261015,valid,kge,structural,KGE_CN_Base,,
12114500,IC-CMA-ES,test,TGD-Base,0.029636433978012633,valid,kge,structural,KGE_TGD_Base,,
12114500,IC-CMA-ES,test,CN-TGD,0.16314836944808886,valid,kge,structural,KGE_CN_TGD,,
12114500,IC-CMA-ES,train,CN-Base,0.143279784453323,valid,kge,structural,KGE_CN_Base,,
12114500,IC-CMA-ES,train,TGD-Base,0.03634223130066505,valid,kge,structural,KGE_TGD_Base,,
12114500,IC-CMA-ES,train,CN-TGD,0.10693755315265796,valid,kge,structural,KGE_CN_TGD,,
12115000,IC-CMA-ES,test,CN-Base,0.1357008045431577,valid,kge,structural,KGE_CN_Base,,
12115000,IC-CMA-ES,test,TGD-Base,0.018719830741290466,valid,kge,structural,KGE_TGD_Base,,
12115000,IC-CMA-ES,test,CN-TGD,0.11698097380186723,valid,kge,structural,KGE_CN_TGD,,
12115000,IC-CMA-ES,train,CN-Base,0.09891364559523652,valid,kge,structural,KGE_CN_Base,,
12115000,IC-CMA-ES,train,TGD-Base,0.02439239015697614,valid,kge,structural,KGE_TGD_Base,,
12115000,IC-CMA-ES,train,CN-TGD,0.07452125543826038,valid,kge,structural,KGE_CN_TGD,,
12117000,IC-CMA-ES,test,CN-Base,0.016334184922520034,valid,kge,structural,KGE_CN_Base,,
12117000,IC-CMA-ES,test,TGD-Base,0.0049570874856927905,valid,kge,structural,KGE_TGD_Base,,
12117000,IC-CMA-ES,test,CN-TGD,0.011377097436827244,valid,kge,structural,KGE_CN_TGD,,
12117000,IC-CMA-ES,train,CN-Base,0.013524506581281792,valid,kge,structural,KGE_CN_Base,,
12117000,IC-CMA-ES,train,TGD-Base,0.006901536080868409,valid,kge,structural,KGE_TGD_Base,,
12117000,IC-CMA-ES,train,CN-TGD,0.006622970500413383,valid,kge,structural,KGE_CN_TGD,,
12143600,IC-CMA-ES,test,CN-Base,0.14059631739060596,valid,kge,structural,KGE_CN_Base,,
12143600,IC-CMA-ES,test,TGD-Base,0.04531360980529231,valid,kge,structural,KGE_TGD_Base,,
12143600,IC-CMA-ES,test,CN-TGD,0.09528270758531365,valid,kge,structural,KGE_CN_TGD,,
12143600,IC-CMA-ES,train,CN-Base,0.12681550428944366,valid,kge,structural,KGE_CN_Base,,
12143600,IC-CMA-ES,train,TGD-Base,0.03318402461563985,valid,kge,structural,KGE_TGD_Base,,
12143600,IC-CMA-ES,train,CN-TGD,0.09363147967380381,valid,kge,structural,KGE_CN_TGD,,
12144000,IC-CMA-ES,test,CN-Base,0.10498628438680557,valid,kge,structural,KGE_CN_Base,,
12144000,IC-CMA-ES,test,TGD-Base,0.027546641536985494,valid,kge,structural,KGE_TGD_Base,,
12144000,IC-CMA-ES,test,CN-TGD,0.07743964284982008,valid,kge,structural,KGE_CN_TGD,,
12144000,IC-CMA-ES,train,CN-Base,0.1076003585168599,valid,kge,structural,KGE_CN_Base,,
12144000,IC-CMA-ES,train,TGD-Base,0.02015479198784731,valid,kge,structural,KGE_TGD_Base,,
12144000,IC-CMA-ES,train,CN-TGD,0.08744556652901259,valid,kge,structural,KGE_CN_TGD,,
12145500,IC-CMA-ES,test,CN-Base,-0.004616419454956944,valid,kge,structural,KGE_CN_Base,,
12145500,IC-CMA-ES,test,TGD-Base,0.0021965703995676655,valid,kge,structural,KGE_TGD_Base,,
12145500,IC-CMA-ES,test,CN-TGD,-0.006812989854524609,valid,kge,structural,KGE_CN_TGD,,
12145500,IC-CMA-ES,train,CN-Base,0.006852242502707218,valid,kge,structural,KGE_CN_Base,,
12145500,IC-CMA-ES,train,TGD-Base,0.002267694149777233,valid,kge,structural,KGE_TGD_Base,,
12145500,IC-CMA-ES,train,CN-TGD,0.004584548352929985,valid,kge,structural,KGE_CN_TGD,,
12147500,IC-CMA-ES,test,CN-Base,0.026956056920638627,valid,kge,structural,KGE_CN_Base,,
12147500,IC-CMA-ES,test,TGD-Base,-0.0018144026405777502,valid,kge,structural,KGE_TGD_Base,,
12147500,IC-CMA-ES,test,CN-TGD,0.028770459561216377,valid,kge,structural,KGE_CN_TGD,,
12147500,IC-CMA-ES,train,CN-Base,0.02249451399070246,valid,kge,structural,KGE_CN_Base,,
12147500,IC-CMA-ES,train,TGD-Base,0.010142905731643004,valid,kge,structural,KGE_TGD_Base,,
12147500,IC-CMA-ES,train,CN-TGD,0.012351608259059454,valid,kge,structural,KGE_CN_TGD,,
12167000,IC-CMA-ES,test,CN-Base,0.03302002237502688,valid,kge,structural,KGE_CN_Base,,
12167000,IC-CMA-ES,test,TGD-Base,-0.00954151103745593,valid,kge,structural,KGE_TGD_Base,,
12167000,IC-CMA-ES,test,CN-TGD,0.04256153341248281,valid,kge,structural,KGE_CN_TGD,,
12167000,IC-CMA-ES,train,CN-Base,0.030111779197957933,valid,kge,structural,KGE_CN_Base,,
12167000,IC-CMA-ES,train,TGD-Base,0.005969482473984655,valid,kge,structural,KGE_TGD_Base,,
12167000,IC-CMA-ES,train,CN-TGD,0.024142296723973278,valid,kge,structural,KGE_CN_TGD,,
12175500,IC-CMA-ES,test,CN-Base,0.5051556102076642,valid,kge,structural,KGE_CN_Base,,
12175500,IC-CMA-ES,test,TGD-Base,-0.098129281352201,valid,kge,structural,KGE_TGD_Base,,
12175500,IC-CMA-ES,test,CN-TGD,0.6032848915598652,valid,kge,structural,KGE_CN_TGD,,
12175500,IC-CMA-ES,train,CN-Base,0.6383126405962111,valid,kge,structural,KGE_CN_Base,,
12175500,IC-CMA-ES,train,TGD-Base,0.17280538687779848,valid,kge,structural,KGE_TGD_Base,,
12175500,IC-CMA-ES,train,CN-TGD,0.4655072537184126,valid,kge,structural,KGE_CN_TGD,,
12178100,IC-CMA-ES,test,CN-Base,0.2414376751793338,valid,kge,structural,KGE_CN_Base,,
12178100,IC-CMA-ES,test,TGD-Base,0.029929060411293396,valid,kge,structural,KGE_TGD_Base,,
12178100,IC-CMA-ES,test,CN-TGD,0.2115086147680404,valid,kge,structural,KGE_CN_TGD,,
12178100,IC-CMA-ES,train,CN-Base,0.28355453950216525,valid,kge,structural,KGE_CN_Base,,
12178100,IC-CMA-ES,train,TGD-Base,0.0427067572721227,valid,kge,structural,KGE_TGD_Base,,
12178100,IC-CMA-ES,train,CN-TGD,0.24084778223004255,valid,kge,structural,KGE_CN_TGD,,
12186000,IC-CMA-ES,test,CN-Base,0.18085617925064534,valid,kge,structural,KGE_CN_Base,,
12186000,IC-CMA-ES,test,TGD-Base,0.02867149582293327,valid,kge,structural,KGE_TGD_Base,,
12186000,IC-CMA-ES,test,CN-TGD,0.15218468342771208,valid,kge,structural,KGE_CN_TGD,,
12186000,IC-CMA-ES,train,CN-Base,0.15893608850286323,valid,kge,structural,KGE_CN_Base,,
12186000,IC-CMA-ES,train,TGD-Base,0.027355359602541318,valid,kge,structural,KGE_TGD_Base,,
12186000,IC-CMA-ES,train,CN-TGD,0.1315807289003219,valid,kge,structural,KGE_CN_TGD,,
12189500,IC-CMA-ES,test,CN-Base,0.1635560169755944,valid,kge,structural,KGE_CN_Base,,
12189500,IC-CMA-ES,test,TGD-Base,0.03170000616140678,valid,kge,structural,KGE_TGD_Base,,
12189500,IC-CMA-ES,test,CN-TGD,0.13185601081418763,valid,kge,structural,KGE_CN_TGD,,
12189500,IC-CMA-ES,train,CN-Base,0.12381108366758231,valid,kge,structural,KGE_CN_Base,,
12189500,IC-CMA-ES,train,TGD-Base,0.02849060110195145,valid,kge,structural,KGE_TGD_Base,,
12189500,IC-CMA-ES,train,CN-TGD,0.09532048256563086,valid,kge,structural,KGE_CN_TGD,,
12375900,IC-CMA-ES,test,CN-Base,0.7546977341074919,valid,kge,structural,KGE_CN_Base,,
12375900,IC-CMA-ES,test,TGD-Base,0.47354561937503226,valid,kge,structural,KGE_TGD_Base,,
12375900,IC-CMA-ES,test,CN-TGD,0.2811521147324596,valid,kge,structural,KGE_CN_TGD,,
12375900,IC-CMA-ES,train,CN-Base,0.8654973551870884,valid,kge,structural,KGE_CN_Base,,
12375900,IC-CMA-ES,train,TGD-Base,0.4833713292108387,valid,kge,structural,KGE_TGD_Base,,
12375900,IC-CMA-ES,train,CN-TGD,0.3821260259762497,valid,kge,structural,KGE_CN_TGD,,
12377150,IC-CMA-ES,test,CN-Base,0.9246088073960668,valid,kge,structural,KGE_CN_Base,,
12377150,IC-CMA-ES,test,TGD-Base,0.4321608365769323,valid,kge,structural,KGE_TGD_Base,,
12377150,IC-CMA-ES,test,CN-TGD,0.49244797081913444,valid,kge,structural,KGE_CN_TGD,,
12377150,IC-CMA-ES,train,CN-Base,0.964383747453254,valid,kge,structural,KGE_CN_Base,,
12377150,IC-CMA-ES,train,TGD-Base,0.4582869673114113,valid,kge,structural,KGE_TGD_Base,,
12377150,IC-CMA-ES,train,CN-TGD,0.5060967801418426,valid,kge,structural,KGE_CN_TGD,,
12381400,IC-CMA-ES,test,CN-Base,0.7268350370544779,valid,kge,structural,KGE_CN_Base,,
12381400,IC-CMA-ES,test,TGD-Base,0.6479075934742577,valid,kge,structural,KGE_TGD_Base,,
12381400,IC-CMA-ES,test,CN-TGD,0.07892744358022019,valid,kge,structural,KGE_CN_TGD,,
12381400,IC-CMA-ES,train,CN-Base,0.7976703174499118,valid,kge,structural,KGE_CN_Base,,
12381400,IC-CMA-ES,train,TGD-Base,0.639338679791975,valid,kge,structural,KGE_TGD_Base,,
12381400,IC-CMA-ES,train,CN-TGD,0.15833163765793679,valid,kge,structural,KGE_CN_TGD,,
12383500,IC-CMA-ES,test,CN-Base,0.7744467130814521,valid,kge,structural,KGE_CN_Base,,
12383500,IC-CMA-ES,test,TGD-Base,0.5999259169883072,valid,kge,structural,KGE_TGD_Base,,
12383500,IC-CMA-ES,test,CN-TGD,0.17452079609314486,valid,kge,structural,KGE_CN_TGD,,
12383500,IC-CMA-ES,train,CN-Base,0.8134207197724571,valid,kge,structural,KGE_CN_Base,,
12383500,IC-CMA-ES,train,TGD-Base,0.6301523575583667,valid,kge,structural,KGE_TGD_Base,,
12383500,IC-CMA-ES,train,CN-TGD,0.18326836221409037,valid,kge,structural,KGE_CN_TGD,,
12390700,IC-CMA-ES,test,CN-Base,0.4603794079635517,valid,kge,structural,KGE_CN_Base,,
12390700,IC-CMA-ES,test,TGD-Base,0.3550944119376863,valid,kge,structural,KGE_TGD_Base,,
12390700,IC-CMA-ES,test,CN-TGD,0.10528499602586538,valid,kge,structural,KGE_CN_TGD,,
12390700,IC-CMA-ES,train,CN-Base,0.4556605500183225,valid,kge,structural,KGE_CN_Base,,
12390700,IC-CMA-ES,train,TGD-Base,0.3800380659442828,valid,kge,structural,KGE_TGD_Base,,
12390700,IC-CMA-ES,train,CN-TGD,0.07562248407403971,valid,kge,structural,KGE_CN_TGD,,
12411000,IC-CMA-ES,test,CN-Base,0.486660394533074,valid,kge,structural,KGE_CN_Base,,
12411000,IC-CMA-ES,test,TGD-Base,0.3479703056498204,valid,kge,structural,KGE_TGD_Base,,
12411000,IC-CMA-ES,test,CN-TGD,0.13869008888325363,valid,kge,structural,KGE_CN_TGD,,
12411000,IC-CMA-ES,train,CN-Base,0.41727234691838944,valid,kge,structural,KGE_CN_Base,,
12411000,IC-CMA-ES,train,TGD-Base,0.3092278025648466,valid,kge,structural,KGE_TGD_Base,,
12411000,IC-CMA-ES,train,CN-TGD,0.10804454435354283,valid,kge,structural,KGE_CN_TGD,,
12447390,IC-CMA-ES,test,CN-Base,0.7547642237171939,valid,kge,structural,KGE_CN_Base,,
12447390,IC-CMA-ES,test,TGD-Base,0.6409121275784997,valid,kge,structural,KGE_TGD_Base,,
12447390,IC-CMA-ES,test,CN-TGD,0.11385209613869418,valid,kge,structural,KGE_CN_TGD,,
12447390,IC-CMA-ES,train,CN-Base,0.9716210052584275,valid,kge,structural,KGE_CN_Base,,
12447390,IC-CMA-ES,train,TGD-Base,0.7454129479342048,valid,kge,structural,KGE_TGD_Base,,
12447390,IC-CMA-ES,train,CN-TGD,0.22620805732422278,valid,kge,structural,KGE_CN_TGD,,
12451000,IC-CMA-ES,test,CN-Base,0.789977767945555,valid,kge,structural,KGE_CN_Base,,
12451000,IC-CMA-ES,test,TGD-Base,0.3959843570739215,valid,kge,structural,KGE_TGD_Base,,
12451000,IC-CMA-ES,test,CN-TGD,0.3939934108716335,valid,kge,structural,KGE_CN_TGD,,
12451000,IC-CMA-ES,train,CN-Base,0.8721223492589235,valid,kge,structural,KGE_CN_Base,,
12451000,IC-CMA-ES,train,TGD-Base,0.5612954508006462,valid,kge,structural,KGE_TGD_Base,,
12451000,IC-CMA-ES,train,CN-TGD,0.31082689845827727,valid,kge,structural,KGE_CN_TGD,,
12488500,IC-CMA-ES,test,CN-Base,0.5660365635480704,valid,kge,structural,KGE_CN_Base,,
12488500,IC-CMA-ES,test,TGD-Base,0.333815557679177,valid,kge,structural,KGE_TGD_Base,,
12488500,IC-CMA-ES,test,CN-TGD,0.23222100586889338,valid,kge,structural,KGE_CN_TGD,,
12488500,IC-CMA-ES,train,CN-Base,0.5870345847182469,valid,kge,structural,KGE_CN_Base,,
12488500,IC-CMA-ES,train,TGD-Base,0.41173623794724057,valid,kge,structural,KGE_TGD_Base,,
12488500,IC-CMA-ES,train,CN-TGD,0.1752983467710063,valid,kge,structural,KGE_CN_TGD,,
13011500,IC-CMA-ES,test,CN-Base,0.7937131845615296,valid,kge,structural,KGE_CN_Base,,
13011500,IC-CMA-ES,test,TGD-Base,0.6451193536329759,valid,kge,structural,KGE_TGD_Base,,
13011500,IC-CMA-ES,test,CN-TGD,0.14859383092855372,valid,kge,structural,KGE_CN_TGD,,
13011500,IC-CMA-ES,train,CN-Base,0.934412363112646,valid,kge,structural,KGE_CN_Base,,
13011500,IC-CMA-ES,train,TGD-Base,0.7993057851529267,valid,kge,structural,KGE_TGD_Base,,
13011500,IC-CMA-ES,train,CN-TGD,0.13510657795971925,valid,kge,structural,KGE_CN_TGD,,
13011900,IC-CMA-ES,test,CN-Base,0.8082754805014535,valid,kge,structural,KGE_CN_Base,,
13011900,IC-CMA-ES,test,TGD-Base,0.7099110556764141,valid,kge,structural,KGE_TGD_Base,,
13011900,IC-CMA-ES,test,CN-TGD,0.09836442482503938,valid,kge,structural,KGE_CN_TGD,,
13011900,IC-CMA-ES,train,CN-Base,0.8991068259931024,valid,kge,structural,KGE_CN_Base,,
13011900,IC-CMA-ES,train,TGD-Base,0.836113502903802,valid,kge,structural,KGE_TGD_Base,,
13011900,IC-CMA-ES,train,CN-TGD,0.06299332308930039,valid,kge,structural,KGE_CN_TGD,,
13018300,IC-CMA-ES,test,CN-Base,0.8255138523604664,valid,kge,structural,KGE_CN_Base,,
13018300,IC-CMA-ES,test,TGD-Base,0.6969339158596242,valid,kge,structural,KGE_TGD_Base,,
13018300,IC-CMA-ES,test,CN-TGD,0.1285799365008422,valid,kge,structural,KGE_CN_TGD,,
13018300,IC-CMA-ES,train,CN-Base,0.8021220097548288,valid,kge,structural,KGE_CN_Base,,
13018300,IC-CMA-ES,train,TGD-Base,0.709948647713662,valid,kge,structural,KGE_TGD_Base,,
13018300,IC-CMA-ES,train,CN-TGD,0.09217336204116688,valid,kge,structural,KGE_CN_TGD,,
13023000,IC-CMA-ES,test,CN-Base,0.6538451659766803,valid,kge,structural,KGE_CN_Base,,
13023000,IC-CMA-ES,test,TGD-Base,0.6495124988281841,valid,kge,structural,KGE_TGD_Base,,
13023000,IC-CMA-ES,test,CN-TGD,0.004332667148496228,valid,kge,structural,KGE_CN_TGD,,
13023000,IC-CMA-ES,train,CN-Base,0.7075993694590519,valid,kge,structural,KGE_CN_Base,,
13023000,IC-CMA-ES,train,TGD-Base,0.6684445643565287,valid,kge,structural,KGE_TGD_Base,,
13023000,IC-CMA-ES,train,CN-TGD,0.03915480510252323,valid,kge,structural,KGE_CN_TGD,,
13161500,IC-CMA-ES,test,CN-Base,0.08801653554458078,valid,kge,structural,KGE_CN_Base,,
13161500,IC-CMA-ES,test,TGD-Base,0.016682773948861085,valid,kge,structural,KGE_TGD_Base,,
13161500,IC-CMA-ES,test,CN-TGD,0.07133376159571969,valid,kge,structural,KGE_CN_TGD,,
13161500,IC-CMA-ES,train,CN-Base,0.28512474150283884,valid,kge,structural,KGE_CN_Base,,
13161500,IC-CMA-ES,train,TGD-Base,0.28510556870532244,valid,kge,structural,KGE_TGD_Base,,
13161500,IC-CMA-ES,train,CN-TGD,1.9172797516398e-05,valid,kge,structural,KGE_CN_TGD,,
13235000,IC-CMA-ES,test,CN-Base,0.6111081159618919,valid,kge,structural,KGE_CN_Base,,
13235000,IC-CMA-ES,test,TGD-Base,0.5697650941786122,valid,kge,structural,KGE_TGD_Base,,
13235000,IC-CMA-ES,test,CN-TGD,0.04134302178327964,valid,kge,structural,KGE_CN_TGD,,
13235000,IC-CMA-ES,train,CN-Base,0.6929493665516675,valid,kge,structural,KGE_CN_Base,,
13235000,IC-CMA-ES,train,TGD-Base,0.6527146539577438,valid,kge,structural,KGE_TGD_Base,,
13235000,IC-CMA-ES,train,CN-TGD,0.04023471259392364,valid,kge,structural,KGE_CN_TGD,,
13240000,IC-CMA-ES,test,CN-Base,0.7611860138002169,valid,kge,structural,KGE_CN_Base,,
13240000,IC-CMA-ES,test,TGD-Base,0.5865326841924017,valid,kge,structural,KGE_TGD_Base,,
13240000,IC-CMA-ES,test,CN-TGD,0.1746533296078152,valid,kge,structural,KGE_CN_TGD,,
13240000,IC-CMA-ES,train,CN-Base,0.9089675361463196,valid,kge,structural,KGE_CN_Base,,
13240000,IC-CMA-ES,train,TGD-Base,0.7484030497858888,valid,kge,structural,KGE_TGD_Base,,
13240000,IC-CMA-ES,train,CN-TGD,0.16056448636043086,valid,kge,structural,KGE_CN_TGD,,
13313000,IC-CMA-ES,test,CN-Base,0.6655859663220877,valid,kge,structural,KGE_CN_Base,,
13313000,IC-CMA-ES,test,TGD-Base,0.6063685482536302,valid,kge,structural,KGE_TGD_Base,,
13313000,IC-CMA-ES,test,CN-TGD,0.059217418068457484,valid,kge,structural,KGE_CN_TGD,,
13313000,IC-CMA-ES,train,CN-Base,0.8014741796530775,valid,kge,structural,KGE_CN_Base,,
13313000,IC-CMA-ES,train,TGD-Base,0.7608877121912685,valid,kge,structural,KGE_TGD_Base,,
13313000,IC-CMA-ES,train,CN-TGD,0.04058646746180905,valid,kge,structural,KGE_CN_TGD,,
13331500,IC-CMA-ES,test,CN-Base,0.5519537700482711,valid,kge,structural,KGE_CN_Base,,
13331500,IC-CMA-ES,test,TGD-Base,0.41381832643111915,valid,kge,structural,KGE_TGD_Base,,
13331500,IC-CMA-ES,test,CN-TGD,0.1381354436171519,valid,kge,structural,KGE_CN_TGD,,
13331500,IC-CMA-ES,train,CN-Base,0.6506978446469251,valid,kge,structural,KGE_CN_Base,,
13331500,IC-CMA-ES,train,TGD-Base,0.5328003691982883,valid,kge,structural,KGE_TGD_Base,,
13331500,IC-CMA-ES,train,CN-TGD,0.11789747544863671,valid,kge,structural,KGE_CN_TGD,,
14020000,IC-CMA-ES,test,CN-Base,0.18498855992099283,valid,kge,structural,KGE_CN_Base,,
14020000,IC-CMA-ES,test,TGD-Base,0.05492557624243721,valid,kge,structural,KGE_TGD_Base,,
14020000,IC-CMA-ES,test,CN-TGD,0.13006298367855562,valid,kge,structural,KGE_CN_TGD,,
14020000,IC-CMA-ES,train,CN-Base,0.22173723277678326,valid,kge,structural,KGE_CN_Base,,
14020000,IC-CMA-ES,train,TGD-Base,0.09150410333922054,valid,kge,structural,KGE_TGD_Base,,
14020000,IC-CMA-ES,train,CN-TGD,0.1302331294375627,valid,kge,structural,KGE_CN_TGD,,
14096850,IC-CMA-ES,test,CN-Base,0.30198180886781745,valid,kge,structural,KGE_CN_Base,,
14096850,IC-CMA-ES,test,TGD-Base,0.31660046390821817,valid,kge,structural,KGE_TGD_Base,,
14096850,IC-CMA-ES,test,CN-TGD,-0.014618655040400774,valid,kge,structural,KGE_CN_TGD,,
14096850,IC-CMA-ES,train,CN-Base,0.02774793032875489,valid,kge,structural,KGE_CN_Base,,
14096850,IC-CMA-ES,train,TGD-Base,0.015759735450930235,valid,kge,structural,KGE_TGD_Base,,
14096850,IC-CMA-ES,train,CN-TGD,0.011988194877824654,valid,kge,structural,KGE_CN_TGD,,
14137000,IC-CMA-ES,test,CN-Base,0.03835845422917772,valid,kge,structural,KGE_CN_Base,,
14137000,IC-CMA-ES,test,TGD-Base,0.013899430678265157,valid,kge,structural,KGE_TGD_Base,,
14137000,IC-CMA-ES,test,CN-TGD,0.024459023550912562,valid,kge,structural,KGE_CN_TGD,,
14137000,IC-CMA-ES,train,CN-Base,0.0028810243734757046,valid,kge,structural,KGE_CN_Base,,
14137000,IC-CMA-ES,train,TGD-Base,0.03453912681231863,valid,kge,structural,KGE_TGD_Base,,
14137000,IC-CMA-ES,train,CN-TGD,-0.03165810243884293,valid,kge,structural,KGE_CN_TGD,,
14138800,IC-CMA-ES,test,CN-Base,0.03837737227094584,valid,kge,structural,KGE_CN_Base,,
14138800,IC-CMA-ES,test,TGD-Base,0.02666486182522143,valid,kge,structural,KGE_TGD_Base,,
14138800,IC-CMA-ES,test,CN-TGD,0.011712510445724411,valid,kge,structural,KGE_CN_TGD,,
14138800,IC-CMA-ES,train,CN-Base,0.006095511325126757,valid,kge,structural,KGE_CN_Base,,
14138800,IC-CMA-ES,train,TGD-Base,0.03168048489131303,valid,kge,structural,KGE_TGD_Base,,
14138800,IC-CMA-ES,train,CN-TGD,-0.025584973566186275,valid,kge,structural,KGE_CN_TGD,,
14138870,IC-CMA-ES,test,CN-Base,0.038901830653666813,valid,kge,structural,KGE_CN_Base,,
14138870,IC-CMA-ES,test,TGD-Base,0.008085406515195848,valid,kge,structural,KGE_TGD_Base,,
14138870,IC-CMA-ES,test,CN-TGD,0.030816424138470966,valid,kge,structural,KGE_CN_TGD,,
14138870,IC-CMA-ES,train,CN-Base,0.0037551178535569774,valid,kge,structural,KGE_CN_Base,,
14138870,IC-CMA-ES,train,TGD-Base,0.026804454215924922,valid,kge,structural,KGE_TGD_Base,,
14138870,IC-CMA-ES,train,CN-TGD,-0.023049336362367945,valid,kge,structural,KGE_CN_TGD,,
14138900,IC-CMA-ES,test,CN-Base,0.01601729827778764,valid,kge,structural,KGE_CN_Base,,
14138900,IC-CMA-ES,test,TGD-Base,0.012961541588289771,valid,kge,structural,KGE_TGD_Base,,
14138900,IC-CMA-ES,test,CN-TGD,0.0030557566894978683,valid,kge,structural,KGE_CN_TGD,,
14138900,IC-CMA-ES,train,CN-Base,-0.0015077712251632125,valid,kge,structural,KGE_CN_Base,,
14138900,IC-CMA-ES,train,TGD-Base,0.01913222056459396,valid,kge,structural,KGE_TGD_Base,,
14138900,IC-CMA-ES,train,CN-TGD,-0.020639991789757173,valid,kge,structural,KGE_CN_TGD,,
14139800,IC-CMA-ES,test,CN-Base,0.008271468062146958,valid,kge,structural,KGE_CN_Base,,
14139800,IC-CMA-ES,test,TGD-Base,0.012266504528147482,valid,kge,structural,KGE_TGD_Base,,
14139800,IC-CMA-ES,test,CN-TGD,-0.003995036466000523,valid,kge,structural,KGE_CN_TGD,,
14139800,IC-CMA-ES,train,CN-Base,-0.004263590830932085,valid,kge,structural,KGE_CN_Base,,
14139800,IC-CMA-ES,train,TGD-Base,0.010200550808230457,valid,kge,structural,KGE_TGD_Base,,
14139800,IC-CMA-ES,train,CN-TGD,-0.014464141639162542,valid,kge,structural,KGE_CN_TGD,,
14141500,IC-CMA-ES,test,CN-Base,0.039489506629814985,valid,kge,structural,KGE_CN_Base,,
14141500,IC-CMA-ES,test,TGD-Base,0.018563909411193125,valid,kge,structural,KGE_TGD_Base,,
14141500,IC-CMA-ES,test,CN-TGD,0.02092559721862186,valid,kge,structural,KGE_CN_TGD,,
14141500,IC-CMA-ES,train,CN-Base,0.03478887922331553,valid,kge,structural,KGE_CN_Base,,
14141500,IC-CMA-ES,train,TGD-Base,0.024876496455552344,valid,kge,structural,KGE_TGD_Base,,
14141500,IC-CMA-ES,train,CN-TGD,0.009912382767763184,valid,kge,structural,KGE_CN_TGD,,
14154500,IC-CMA-ES,test,CN-Base,0.029621314573761826,valid,kge,structural,KGE_CN_Base,,
14154500,IC-CMA-ES,test,TGD-Base,0.005048645011787367,valid,kge,structural,KGE_TGD_Base,,
14154500,IC-CMA-ES,test,CN-TGD,0.02457266956197446,valid,kge,structural,KGE_CN_TGD,,
14154500,IC-CMA-ES,train,CN-Base,0.04138404710324706,valid,kge,structural,KGE_CN_Base,,
14154500,IC-CMA-ES,train,TGD-Base,0.02464448780575701,valid,kge,structural,KGE_TGD_Base,,
14154500,IC-CMA-ES,train,CN-TGD,0.016739559297490048,valid,kge,structural,KGE_CN_TGD,,
14158790,IC-CMA-ES,test,CN-Base,0.13779659146035028,valid,kge,structural,KGE_CN_Base,,
14158790,IC-CMA-ES,test,TGD-Base,0.023597912738290816,valid,kge,structural,KGE_TGD_Base,,
14158790,IC-CMA-ES,test,CN-TGD,0.11419867872205947,valid,kge,structural,KGE_CN_TGD,,
14158790,IC-CMA-ES,train,CN-Base,0.11506504389229277,valid,kge,structural,KGE_CN_Base,,
14158790,IC-CMA-ES,train,TGD-Base,0.02259339821950379,valid,kge,structural,KGE_TGD_Base,,
14158790,IC-CMA-ES,train,CN-TGD,0.09247164567278898,valid,kge,structural,KGE_CN_TGD,,
14166500,IC-CMA-ES,test,CN-Base,0.0004961444913477164,valid,kge,structural,KGE_CN_Base,,
14166500,IC-CMA-ES,test,TGD-Base,-0.00028994978550456185,valid,kge,structural,KGE_TGD_Base,,
14166500,IC-CMA-ES,test,CN-TGD,0.0007860942768522783,valid,kge,structural,KGE_CN_TGD,,
14166500,IC-CMA-ES,train,CN-Base,0.006275447067545681,valid,kge,structural,KGE_CN_Base,,
14166500,IC-CMA-ES,train,TGD-Base,0.0026393460844488237,valid,kge,structural,KGE_TGD_Base,,
14166500,IC-CMA-ES,train,CN-TGD,0.003636100983096857,valid,kge,structural,KGE_CN_TGD,,
14182500,IC-CMA-ES,test,CN-Base,0.0441154580422487,valid,kge,structural,KGE_CN_Base,,
14182500,IC-CMA-ES,test,TGD-Base,-0.000372620537454571,valid,kge,structural,KGE_TGD_Base,,
14182500,IC-CMA-ES,test,CN-TGD,0.04448807857970327,valid,kge,structural,KGE_CN_TGD,,
14182500,IC-CMA-ES,train,CN-Base,0.03725208904264565,valid,kge,structural,KGE_CN_Base,,
14182500,IC-CMA-ES,train,TGD-Base,0.010070319356982327,valid,kge,structural,KGE_TGD_Base,,
14182500,IC-CMA-ES,train,CN-TGD,0.027181769685663326,valid,kge,structural,KGE_CN_TGD,,
14185000,IC-CMA-ES,test,CN-Base,0.03203999034934368,valid,kge,structural,KGE_CN_Base,,
14185000,IC-CMA-ES,test,TGD-Base,0.012542279638681264,valid,kge,structural,KGE_TGD_Base,,
14185000,IC-CMA-ES,test,CN-TGD,0.01949771071066242,valid,kge,structural,KGE_CN_TGD,,
14185000,IC-CMA-ES,train,CN-Base,0.03274212771930407,valid,kge,structural,KGE_CN_Base,,
14185000,IC-CMA-ES,train,TGD-Base,0.013109182403013286,valid,kge,structural,KGE_TGD_Base,,
14185000,IC-CMA-ES,train,CN-TGD,0.019632945316290784,valid,kge,structural,KGE_CN_TGD,,
14185900,IC-CMA-ES,test,CN-Base,0.051307326328109415,valid,kge,structural,KGE_CN_Base,,
14185900,IC-CMA-ES,test,TGD-Base,0.010594033709491857,valid,kge,structural,KGE_TGD_Base,,
14185900,IC-CMA-ES,test,CN-TGD,0.04071329261861756,valid,kge,structural,KGE_CN_TGD,,
14185900,IC-CMA-ES,train,CN-Base,0.05032594176822924,valid,kge,structural,KGE_CN_Base,,
14185900,IC-CMA-ES,train,TGD-Base,0.01740273786939095,valid,kge,structural,KGE_TGD_Base,,
14185900,IC-CMA-ES,train,CN-TGD,0.032923203898838294,valid,kge,structural,KGE_CN_TGD,,
14187000,IC-CMA-ES,test,CN-Base,0.015790748277245026,valid,kge,structural,KGE_CN_Base,,
14187000,IC-CMA-ES,test,TGD-Base,0.006481195431066622,valid,kge,structural,KGE_TGD_Base,,
14187000,IC-CMA-ES,test,CN-TGD,0.009309552846178404,valid,kge,structural,KGE_CN_TGD,,
14187000,IC-CMA-ES,train,CN-Base,0.020940814306792066,valid,kge,structural,KGE_CN_Base,,
14187000,IC-CMA-ES,train,TGD-Base,0.004061155364618041,valid,kge,structural,KGE_TGD_Base,,
14187000,IC-CMA-ES,train,CN-TGD,0.016879658942174025,valid,kge,structural,KGE_CN_TGD,,
14216500,IC-CMA-ES,test,CN-Base,0.12109395014838353,valid,kge,structural,KGE_CN_Base,,
14216500,IC-CMA-ES,test,TGD-Base,0.017280659276775134,valid,kge,structural,KGE_TGD_Base,,
14216500,IC-CMA-ES,test,CN-TGD,0.1038132908716084,valid,kge,structural,KGE_CN_TGD,,
14216500,IC-CMA-ES,train,CN-Base,0.1140178133169969,valid,kge,structural,KGE_CN_Base,,
14216500,IC-CMA-ES,train,TGD-Base,0.009317886616973636,valid,kge,structural,KGE_TGD_Base,,
14216500,IC-CMA-ES,train,CN-TGD,0.10469992670002326,valid,kge,structural,KGE_CN_TGD,,
14222500,IC-CMA-ES,test,CN-Base,0.020442072748585005,valid,kge,structural,KGE_CN_Base,,
14222500,IC-CMA-ES,test,TGD-Base,0.0029168781774233654,valid,kge,structural,KGE_TGD_Base,,
14222500,IC-CMA-ES,test,CN-TGD,0.01752519457116164,valid,kge,structural,KGE_CN_TGD,,
14222500,IC-CMA-ES,train,CN-Base,-0.0013230070103321667,valid,kge,structural,KGE_CN_Base,,
14222500,IC-CMA-ES,train,TGD-Base,0.003988591687384968,valid,kge,structural,KGE_TGD_Base,,
14222500,IC-CMA-ES,train,CN-TGD,-0.005311598697717135,valid,kge,structural,KGE_CN_TGD,,
14236200,IC-CMA-ES,test,CN-Base,0.041151453285287465,valid,kge,structural,KGE_CN_Base,,
14236200,IC-CMA-ES,test,TGD-Base,0.003986643851817906,valid,kge,structural,KGE_TGD_Base,,
14236200,IC-CMA-ES,test,CN-TGD,0.03716480943346956,valid,kge,structural,KGE_CN_TGD,,
14236200,IC-CMA-ES,train,CN-Base,0.03602739827085022,valid,kge,structural,KGE_CN_Base,,
14236200,IC-CMA-ES,train,TGD-Base,-0.0013010962104030854,valid,kge,structural,KGE_TGD_Base,,
14236200,IC-CMA-ES,train,CN-TGD,0.037328494481253305,valid,kge,structural,KGE_CN_TGD,,
14301000,IC-CMA-ES,test,CN-Base,0.0022561338952322707,valid,kge,structural,KGE_CN_Base,,
14301000,IC-CMA-ES,test,TGD-Base,0.004388280281283796,valid,kge,structural,KGE_TGD_Base,,
14301000,IC-CMA-ES,test,CN-TGD,-0.0021321463860515255,valid,kge,structural,KGE_CN_TGD,,
14301000,IC-CMA-ES,train,CN-Base,0.001959084460866012,valid,kge,structural,KGE_CN_Base,,
14301000,IC-CMA-ES,train,TGD-Base,0.0036146870719796498,valid,kge,structural,KGE_TGD_Base,,
14301000,IC-CMA-ES,train,CN-TGD,-0.001655602611113638,valid,kge,structural,KGE_CN_TGD,,
14303200,IC-CMA-ES,test,CN-Base,0.01112037033068869,valid,kge,structural,KGE_CN_Base,,
14303200,IC-CMA-ES,test,TGD-Base,0.0034960986878277422,valid,kge,structural,KGE_TGD_Base,,
14303200,IC-CMA-ES,test,CN-TGD,0.007624271642860947,valid,kge,structural,KGE_CN_TGD,,
14303200,IC-CMA-ES,train,CN-Base,0.009055657912995008,valid,kge,structural,KGE_CN_Base,,
14303200,IC-CMA-ES,train,TGD-Base,0.012222145431762144,valid,kge,structural,KGE_TGD_Base,,
14303200,IC-CMA-ES,train,CN-TGD,-0.003166487518767136,valid,kge,structural,KGE_CN_TGD,,
14305500,IC-CMA-ES,test,CN-Base,0.012627091473380259,valid,kge,structural,KGE_CN_Base,,
14305500,IC-CMA-ES,test,TGD-Base,0.019811983799849053,valid,kge,structural,KGE_TGD_Base,,
14305500,IC-CMA-ES,test,CN-TGD,-0.007184892326468795,valid,kge,structural,KGE_CN_TGD,,
14305500,IC-CMA-ES,train,CN-Base,0.012303249633607072,valid,kge,structural,KGE_CN_Base,,
14305500,IC-CMA-ES,train,TGD-Base,0.015051683991086584,valid,kge,structural,KGE_TGD_Base,,
14305500,IC-CMA-ES,train,CN-TGD,-0.0027484343574795123,valid,kge,structural,KGE_CN_TGD,,
14306340,IC-CMA-ES,test,CN-Base,0.0014981124786038746,valid,kge,structural,KGE_CN_Base,,
14306340,IC-CMA-ES,test,TGD-Base,-0.001759944387717649,valid,kge,structural,KGE_TGD_Base,,
14306340,IC-CMA-ES,test,CN-TGD,0.0032580568663215237,valid,kge,structural,KGE_CN_TGD,,
14306340,IC-CMA-ES,train,CN-Base,0.008007608958535029,valid,kge,structural,KGE_CN_Base,,
14306340,IC-CMA-ES,train,TGD-Base,0.01277393930048587,valid,kge,structural,KGE_TGD_Base,,
14306340,IC-CMA-ES,train,CN-TGD,-0.004766330341950842,valid,kge,structural,KGE_CN_TGD,,
14306500,IC-CMA-ES,test,CN-Base,-0.006389160587090048,valid,kge,structural,KGE_CN_Base,,
14306500,IC-CMA-ES,test,TGD-Base,0.003395281594127386,valid,kge,structural,KGE_TGD_Base,,
14306500,IC-CMA-ES,test,CN-TGD,-0.009784442181217434,valid,kge,structural,KGE_CN_TGD,,
14306500,IC-CMA-ES,train,CN-Base,0.006049329447139429,valid,kge,structural,KGE_CN_Base,,
14306500,IC-CMA-ES,train,TGD-Base,0.005881108907753951,valid,kge,structural,KGE_TGD_Base,,
14306500,IC-CMA-ES,train,CN-TGD,0.00016822053938547743,valid,kge,structural,KGE_CN_TGD,,
14308990,IC-CMA-ES,test,CN-Base,-0.0001839930534465184,valid,kge,structural,KGE_CN_Base,,
14308990,IC-CMA-ES,test,TGD-Base,0.015683984205724588,valid,kge,structural,KGE_TGD_Base,,
14308990,IC-CMA-ES,test,CN-TGD,-0.015867977259171107,valid,kge,structural,KGE_CN_TGD,,
14308990,IC-CMA-ES,train,CN-Base,0.03236011526239768,valid,kge,structural,KGE_CN_Base,,
14308990,IC-CMA-ES,train,TGD-Base,0.03631628554633626,valid,kge,structural,KGE_TGD_Base,,
14308990,IC-CMA-ES,train,CN-TGD,-0.003956170283938576,valid,kge,structural,KGE_CN_TGD,,
14309500,IC-CMA-ES,test,CN-Base,0.009514483697754539,valid,kge,structural,KGE_CN_Base,,
14309500,IC-CMA-ES,test,TGD-Base,-0.00219935382593317,valid,kge,structural,KGE_TGD_Base,,
14309500,IC-CMA-ES,test,CN-TGD,0.011713837523687709,valid,kge,structural,KGE_CN_TGD,,
14309500,IC-CMA-ES,train,CN-Base,0.017732534240936793,valid,kge,structural,KGE_CN_Base,,
14309500,IC-CMA-ES,train,TGD-Base,0.0021961487620791864,valid,kge,structural,KGE_TGD_Base,,
14309500,IC-CMA-ES,train,CN-TGD,0.015536385478857606,valid,kge,structural,KGE_CN_TGD,,
14316700,IC-CMA-ES,test,CN-Base,0.06186906406986015,valid,kge,structural,KGE_CN_Base,,
14316700,IC-CMA-ES,test,TGD-Base,0.014649296137926648,valid,kge,structural,KGE_TGD_Base,,
14316700,IC-CMA-ES,test,CN-TGD,0.0472197679319335,valid,kge,structural,KGE_CN_TGD,,
14316700,IC-CMA-ES,train,CN-Base,0.07088828935519009,valid,kge,structural,KGE_CN_Base,,
14316700,IC-CMA-ES,train,TGD-Base,0.03613509450767727,valid,kge,structural,KGE_TGD_Base,,
14316700,IC-CMA-ES,train,CN-TGD,0.034753194847512825,valid,kge,structural,KGE_CN_TGD,,
14325000,IC-CMA-ES,test,CN-Base,0.008196414447885658,valid,kge,structural,KGE_CN_Base,,
14325000,IC-CMA-ES,test,TGD-Base,-0.00024374833572071708,valid,kge,structural,KGE_TGD_Base,,
14325000,IC-CMA-ES,test,CN-TGD,0.008440162783606375,valid,kge,structural,KGE_CN_TGD,,
14325000,IC-CMA-ES,train,CN-Base,0.010158689019577727,valid,kge,structural,KGE_CN_Base,,
14325000,IC-CMA-ES,train,TGD-Base,-3.248002078382051e-05,valid,kge,structural,KGE_TGD_Base,,
14325000,IC-CMA-ES,train,CN-TGD,0.010191169040361547,valid,kge,structural,KGE_CN_TGD,,
14362250,IC-CMA-ES,test,CN-Base,0.1612716917901188,valid,kge,structural,KGE_CN_Base,,
14362250,IC-CMA-ES,test,TGD-Base,0.06773422484829261,valid,kge,structural,KGE_TGD_Base,,
14362250,IC-CMA-ES,test,CN-TGD,0.09353746694182619,valid,kge,structural,KGE_CN_TGD,,
14362250,IC-CMA-ES,train,CN-Base,0.007149201389736071,valid,kge,structural,KGE_CN_Base,,
14362250,IC-CMA-ES,train,TGD-Base,-0.010155966481821821,valid,kge,structural,KGE_TGD_Base,,
14362250,IC-CMA-ES,train,CN-TGD,0.01730516787155789,valid,kge,structural,KGE_CN_TGD,,
14400000,IC-CMA-ES,test,CN-Base,0.0013417946734457509,valid,kge,structural,KGE_CN_Base,,
14400000,IC-CMA-ES,test,TGD-Base,0.0001927454643522175,valid,kge,structural,KGE_TGD_Base,,
14400000,IC-CMA-ES,test,CN-TGD,0.0011490492090935334,valid,kge,structural,KGE_CN_TGD,,
14400000,IC-CMA-ES,train,CN-Base,-0.0009623087889508719,valid,kge,structural,KGE_CN_Base,,
14400000,IC-CMA-ES,train,TGD-Base,7.200193720358072e-05,valid,kge,structural,KGE_TGD_Base,,
14400000,IC-CMA-ES,train,CN-TGD,-0.0010343107261544526,valid,kge,structural,KGE_CN_TGD,,
01022500,dPL-MLP,test,CN-Base,0.0572460720664737,median_across_seeds,kge,structural,,3.0,median_across_seeds
01022500,dPL-MLP,test,CN-TGD,0.10745302512127952,median_across_seeds,kge,structural,,3.0,median_across_seeds
01022500,dPL-MLP,test,TGD-Base,-0.050206953054805825,median_across_seeds,kge,structural,,3.0,median_across_seeds
01022500,dPL-MLP,train,CN-Base,0.19592354381725552,median_across_seeds,kge,structural,,3.0,median_across_seeds
01022500,dPL-MLP,train,CN-TGD,0.11474530878571587,median_across_seeds,kge,structural,,3.0,median_across_seeds
01022500,dPL-MLP,train,TGD-Base,0.08216678543126699,median_across_seeds,kge,structural,,3.0,median_across_seeds
01031500,dPL-MLP,test,CN-Base,0.20780027957741498,median_across_seeds,kge,structural,,3.0,median_across_seeds
01031500,dPL-MLP,test,CN-TGD,0.19942177883079393,median_across_seeds,kge,structural,,3.0,median_across_seeds
01031500,dPL-MLP,test,TGD-Base,0.01098907344884048,median_across_seeds,kge,structural,,3.0,median_across_seeds
01031500,dPL-MLP,train,CN-Base,0.2743805890209219,median_across_seeds,kge,structural,,3.0,median_across_seeds
01031500,dPL-MLP,train,CN-TGD,0.26312524773033497,median_across_seeds,kge,structural,,3.0,median_across_seeds
01031500,dPL-MLP,train,TGD-Base,0.011654624804917413,median_across_seeds,kge,structural,,3.0,median_across_seeds
01047000,dPL-MLP,test,CN-Base,0.16195222956951238,median_across_seeds,kge,structural,,3.0,median_across_seeds
01047000,dPL-MLP,test,CN-TGD,0.17668557715151945,median_across_seeds,kge,structural,,3.0,median_across_seeds
01047000,dPL-MLP,test,TGD-Base,-0.0044053857768689975,median_across_seeds,kge,structural,,3.0,median_across_seeds
01047000,dPL-MLP,train,CN-Base,0.28378051870395793,median_across_seeds,kge,structural,,3.0,median_across_seeds
01047000,dPL-MLP,train,CN-TGD,0.22832104642179862,median_across_seeds,kge,structural,,3.0,median_across_seeds
01047000,dPL-MLP,train,TGD-Base,0.060000589577091645,median_across_seeds,kge,structural,,3.0,median_across_seeds
01052500,dPL-MLP,test,CN-Base,0.4196736954929352,median_across_seeds,kge,structural,,3.0,median_across_seeds
01052500,dPL-MLP,test,CN-TGD,0.09814077783525099,median_across_seeds,kge,structural,,3.0,median_across_seeds
01052500,dPL-MLP,test,TGD-Base,0.3258311016484157,median_across_seeds,kge,structural,,3.0,median_across_seeds
01052500,dPL-MLP,train,CN-Base,0.5586890326351556,median_across_seeds,kge,structural,,3.0,median_across_seeds
01052500,dPL-MLP,train,CN-TGD,0.08641178210471523,median_across_seeds,kge,structural,,3.0,median_across_seeds
01052500,dPL-MLP,train,TGD-Base,0.47227725053044034,median_across_seeds,kge,structural,,3.0,median_across_seeds
01054200,dPL-MLP,test,CN-Base,0.20399863118084793,median_across_seeds,kge,structural,,3.0,median_across_seeds
01054200,dPL-MLP,test,CN-TGD,0.25420616157951126,median_across_seeds,kge,structural,,3.0,median_across_seeds
01054200,dPL-MLP,test,TGD-Base,-0.057079399698665045,median_across_seeds,kge,structural,,3.0,median_across_seeds
01054200,dPL-MLP,train,CN-Base,0.22577420995238073,median_across_seeds,kge,structural,,3.0,median_across_seeds
01054200,dPL-MLP,train,CN-TGD,0.26346414171781807,median_across_seeds,kge,structural,,3.0,median_across_seeds
01054200,dPL-MLP,train,TGD-Base,-0.03816643266486419,median_across_seeds,kge,structural,,3.0,median_across_seeds
01055000,dPL-MLP,test,CN-Base,0.19733931880454902,median_across_seeds,kge,structural,,3.0,median_across_seeds
01055000,dPL-MLP,test,CN-TGD,0.1867991161574345,median_across_seeds,kge,structural,,3.0,median_across_seeds
01055000,dPL-MLP,test,TGD-Base,0.010752411386339089,median_across_seeds,kge,structural,,3.0,median_across_seeds
01055000,dPL-MLP,train,CN-Base,0.269142898278272,median_across_seeds,kge,structural,,3.0,median_across_seeds
01055000,dPL-MLP,train,CN-TGD,0.24836244774706184,median_across_seeds,kge,structural,,3.0,median_across_seeds
01055000,dPL-MLP,train,TGD-Base,0.022889818856436595,median_across_seeds,kge,structural,,3.0,median_across_seeds
01057000,dPL-MLP,test,CN-Base,0.14745038187152815,median_across_seeds,kge,structural,,3.0,median_across_seeds
01057000,dPL-MLP,test,CN-TGD,0.08793141542068506,median_across_seeds,kge,structural,,3.0,median_across_seeds
01057000,dPL-MLP,test,TGD-Base,0.05189381089826728,median_across_seeds,kge,structural,,3.0,median_across_seeds
01057000,dPL-MLP,train,CN-Base,0.20742442776591896,median_across_seeds,kge,structural,,3.0,median_across_seeds
01057000,dPL-MLP,train,CN-TGD,0.2746154855596087,median_across_seeds,kge,structural,,3.0,median_across_seeds
01057000,dPL-MLP,train,TGD-Base,-0.06822462975161314,median_across_seeds,kge,structural,,3.0,median_across_seeds
01073000,dPL-MLP,test,CN-Base,-0.007495975517985531,median_across_seeds,kge,structural,,3.0,median_across_seeds
01073000,dPL-MLP,test,CN-TGD,0.014943357673307456,median_across_seeds,kge,structural,,3.0,median_across_seeds
01073000,dPL-MLP,test,TGD-Base,-0.022439333191292987,median_across_seeds,kge,structural,,3.0,median_across_seeds
01073000,dPL-MLP,train,CN-Base,0.1489952656410335,median_across_seeds,kge,structural,,3.0,median_across_seeds
01073000,dPL-MLP,train,CN-TGD,0.11749161549622289,median_across_seeds,kge,structural,,3.0,median_across_seeds
01073000,dPL-MLP,train,TGD-Base,0.03184660876532597,median_across_seeds,kge,structural,,3.0,median_across_seeds
01078000,dPL-MLP,test,CN-Base,0.17228545293638287,median_across_seeds,kge,structural,,3.0,median_across_seeds
01078000,dPL-MLP,test,CN-TGD,0.12982658806488634,median_across_seeds,kge,structural,,3.0,median_across_seeds
01078000,dPL-MLP,test,TGD-Base,0.03502722828099725,median_across_seeds,kge,structural,,3.0,median_across_seeds
01078000,dPL-MLP,train,CN-Base,0.3032467945219032,median_across_seeds,kge,structural,,3.0,median_across_seeds
01078000,dPL-MLP,train,CN-TGD,0.1738318985941386,median_across_seeds,kge,structural,,3.0,median_across_seeds
01078000,dPL-MLP,train,TGD-Base,0.12710163935773,median_across_seeds,kge,structural,,3.0,median_across_seeds
01123000,dPL-MLP,test,CN-Base,-0.01592020154361895,median_across_seeds,kge,structural,,3.0,median_across_seeds
01123000,dPL-MLP,test,CN-TGD,-0.009776194358885881,median_across_seeds,kge,structural,,3.0,median_across_seeds
01123000,dPL-MLP,test,TGD-Base,-0.0007246317764790788,median_across_seeds,kge,structural,,3.0,median_across_seeds
01123000,dPL-MLP,train,CN-Base,0.0013679439479453714,median_across_seeds,kge,structural,,3.0,median_across_seeds
01123000,dPL-MLP,train,CN-TGD,-0.005839828608500852,median_across_seeds,kge,structural,,3.0,median_across_seeds
01123000,dPL-MLP,train,TGD-Base,0.007207772556446224,median_across_seeds,kge,structural,,3.0,median_across_seeds
01134500,dPL-MLP,test,CN-Base,0.31642755756190055,median_across_seeds,kge,structural,,3.0,median_across_seeds
01134500,dPL-MLP,test,CN-TGD,0.14196003211774944,median_across_seeds,kge,structural,,3.0,median_across_seeds
01134500,dPL-MLP,test,TGD-Base,0.16950972704684397,median_across_seeds,kge,structural,,3.0,median_across_seeds
01134500,dPL-MLP,train,CN-Base,0.39197564929158957,median_across_seeds,kge,structural,,3.0,median_across_seeds
01134500,dPL-MLP,train,CN-TGD,0.10777770626443428,median_across_seeds,kge,structural,,3.0,median_across_seeds
01134500,dPL-MLP,train,TGD-Base,0.287437530159546,median_across_seeds,kge,structural,,3.0,median_across_seeds
01137500,dPL-MLP,test,CN-Base,0.18529485211564978,median_across_seeds,kge,structural,,3.0,median_across_seeds
01137500,dPL-MLP,test,CN-TGD,0.1614040872051702,median_across_seeds,kge,structural,,3.0,median_across_seeds
01137500,dPL-MLP,test,TGD-Base,0.03282491128025922,median_across_seeds,kge,structural,,3.0,median_across_seeds
01137500,dPL-MLP,train,CN-Base,0.2921439472733902,median_across_seeds,kge,structural,,3.0,median_across_seeds
01137500,dPL-MLP,train,CN-TGD,0.1758871332460299,median_across_seeds,kge,structural,,3.0,median_across_seeds
01137500,dPL-MLP,train,TGD-Base,0.11625681402736032,median_across_seeds,kge,structural,,3.0,median_across_seeds
01139000,dPL-MLP,test,CN-Base,0.26693493119079703,median_across_seeds,kge,structural,,3.0,median_across_seeds
01139000,dPL-MLP,test,CN-TGD,0.12596989602061648,median_across_seeds,kge,structural,,3.0,median_across_seeds
01139000,dPL-MLP,test,TGD-Base,0.14217708659306472,median_across_seeds,kge,structural,,3.0,median_across_seeds
01139000,dPL-MLP,train,CN-Base,0.29130586807645875,median_across_seeds,kge,structural,,3.0,median_across_seeds
01139000,dPL-MLP,train,CN-TGD,0.10673992618033323,median_across_seeds,kge,structural,,3.0,median_across_seeds
01139000,dPL-MLP,train,TGD-Base,0.18521763131074265,median_across_seeds,kge,structural,,3.0,median_across_seeds
01139800,dPL-MLP,test,CN-Base,0.309026061333372,median_across_seeds,kge,structural,,3.0,median_across_seeds
01139800,dPL-MLP,test,CN-TGD,-0.01826789083794378,median_across_seeds,kge,structural,,3.0,median_across_seeds
01139800,dPL-MLP,test,TGD-Base,0.32537999046960775,median_across_seeds,kge,structural,,3.0,median_across_seeds
01139800,dPL-MLP,train,CN-Base,0.3883943449142336,median_across_seeds,kge,structural,,3.0,median_across_seeds
01139800,dPL-MLP,train,CN-TGD,0.10092408898363514,median_across_seeds,kge,structural,,3.0,median_across_seeds
01139800,dPL-MLP,train,TGD-Base,0.28656136785734726,median_across_seeds,kge,structural,,3.0,median_across_seeds
01142500,dPL-MLP,test,CN-Base,0.29876888667099577,median_across_seeds,kge,structural,,3.0,median_across_seeds
01142500,dPL-MLP,test,CN-TGD,0.08461873592536773,median_across_seeds,kge,structural,,3.0,median_across_seeds
01142500,dPL-MLP,test,TGD-Base,0.22203050149653147,median_across_seeds,kge,structural,,3.0,median_across_seeds
01142500,dPL-MLP,train,CN-Base,0.38870440686358554,median_across_seeds,kge,structural,,3.0,median_across_seeds
01142500,dPL-MLP,train,CN-TGD,0.08175587021876762,median_across_seeds,kge,structural,,3.0,median_across_seeds
01142500,dPL-MLP,train,TGD-Base,0.3069485366448179,median_across_seeds,kge,structural,,3.0,median_across_seeds
01144000,dPL-MLP,test,CN-Base,0.2771183361042656,median_across_seeds,kge,structural,,3.0,median_across_seeds
01144000,dPL-MLP,test,CN-TGD,0.07599003380287539,median_across_seeds,kge,structural,,3.0,median_across_seeds
01144000,dPL-MLP,test,TGD-Base,0.19860659273782888,median_across_seeds,kge,structural,,3.0,median_across_seeds
01144000,dPL-MLP,train,CN-Base,0.3593685092014737,median_across_seeds,kge,structural,,3.0,median_across_seeds
01144000,dPL-MLP,train,CN-TGD,0.12415336681092315,median_across_seeds,kge,structural,,3.0,median_across_seeds
01144000,dPL-MLP,train,TGD-Base,0.23521514239055052,median_across_seeds,kge,structural,,3.0,median_across_seeds
01162500,dPL-MLP,test,CN-Base,0.10335333774350486,median_across_seeds,kge,structural,,3.0,median_across_seeds
01162500,dPL-MLP,test,CN-TGD,0.09995327248980224,median_across_seeds,kge,structural,,3.0,median_across_seeds
01162500,dPL-MLP,test,TGD-Base,-0.003299246014769275,median_across_seeds,kge,structural,,3.0,median_across_seeds
01162500,dPL-MLP,train,CN-Base,0.21132328416506152,median_across_seeds,kge,structural,,3.0,median_across_seeds
01162500,dPL-MLP,train,CN-TGD,0.1699134849405488,median_across_seeds,kge,structural,,3.0,median_across_seeds
01162500,dPL-MLP,train,TGD-Base,0.04221746896790046,median_across_seeds,kge,structural,,3.0,median_across_seeds
01169000,dPL-MLP,test,CN-Base,0.17014315484714193,median_across_seeds,kge,structural,,3.0,median_across_seeds
01169000,dPL-MLP,test,CN-TGD,0.23543340069893592,median_across_seeds,kge,structural,,3.0,median_across_seeds
01169000,dPL-MLP,test,TGD-Base,-0.06442979440976371,median_across_seeds,kge,structural,,3.0,median_across_seeds
01169000,dPL-MLP,train,CN-Base,0.2321242563864342,median_across_seeds,kge,structural,,3.0,median_across_seeds
01169000,dPL-MLP,train,CN-TGD,0.2609765082288693,median_across_seeds,kge,structural,,3.0,median_across_seeds
01169000,dPL-MLP,train,TGD-Base,-0.03268861286179725,median_across_seeds,kge,structural,,3.0,median_across_seeds
01170100,dPL-MLP,test,CN-Base,0.1383062715288922,median_across_seeds,kge,structural,,3.0,median_across_seeds
01170100,dPL-MLP,test,CN-TGD,0.1421553871922122,median_across_seeds,kge,structural,,3.0,median_across_seeds
01170100,dPL-MLP,test,TGD-Base,-0.003634624632012695,median_across_seeds,kge,structural,,3.0,median_across_seeds
01170100,dPL-MLP,train,CN-Base,0.23715421718477459,median_across_seeds,kge,structural,,3.0,median_across_seeds
01170100,dPL-MLP,train,CN-TGD,0.19989472348358783,median_across_seeds,kge,structural,,3.0,median_across_seeds
01170100,dPL-MLP,train,TGD-Base,0.04085155668379237,median_across_seeds,kge,structural,,3.0,median_across_seeds
01181000,dPL-MLP,test,CN-Base,0.08446344994801624,median_across_seeds,kge,structural,,3.0,median_across_seeds
01181000,dPL-MLP,test,CN-TGD,0.08363146203956895,median_across_seeds,kge,structural,,3.0,median_across_seeds
01181000,dPL-MLP,test,TGD-Base,0.0007699205120280661,median_across_seeds,kge,structural,,3.0,median_across_seeds
01181000,dPL-MLP,train,CN-Base,0.16683335078489336,median_across_seeds,kge,structural,,3.0,median_across_seeds
01181000,dPL-MLP,train,CN-TGD,0.12897626786900096,median_across_seeds,kge,structural,,3.0,median_across_seeds
01181000,dPL-MLP,train,TGD-Base,0.037857082915892404,median_across_seeds,kge,structural,,3.0,median_across_seeds
01187300,dPL-MLP,test,CN-Base,0.04434349923537495,median_across_seeds,kge,structural,,3.0,median_across_seeds
01187300,dPL-MLP,test,CN-TGD,0.027563960904746887,median_across_seeds,kge,structural,,3.0,median_across_seeds
01187300,dPL-MLP,test,TGD-Base,0.016209276904001313,median_across_seeds,kge,structural,,3.0,median_across_seeds
01187300,dPL-MLP,train,CN-Base,0.099860690526969,median_across_seeds,kge,structural,,3.0,median_across_seeds
01187300,dPL-MLP,train,CN-TGD,0.07021128050861414,median_across_seeds,kge,structural,,3.0,median_across_seeds
01187300,dPL-MLP,train,TGD-Base,0.02964941001835486,median_across_seeds,kge,structural,,3.0,median_across_seeds
01195100,dPL-MLP,test,CN-Base,-0.01149215617781063,median_across_seeds,kge,structural,,3.0,median_across_seeds
01195100,dPL-MLP,test,CN-TGD,-0.003156837105432353,median_across_seeds,kge,structural,,3.0,median_across_seeds
01195100,dPL-MLP,test,TGD-Base,-0.0019392800624978834,median_across_seeds,kge,structural,,3.0,median_across_seeds
01195100,dPL-MLP,train,CN-Base,0.016965191680639147,median_across_seeds,kge,structural,,3.0,median_across_seeds
01195100,dPL-MLP,train,CN-TGD,0.01330513214113449,median_across_seeds,kge,structural,,3.0,median_across_seeds
01195100,dPL-MLP,train,TGD-Base,0.010554761179903838,median_across_seeds,kge,structural,,3.0,median_across_seeds
01333000,dPL-MLP,test,CN-Base,0.09773699554187343,median_across_seeds,kge,structural,,3.0,median_across_seeds
01333000,dPL-MLP,test,CN-TGD,0.10094291182292248,median_across_seeds,kge,structural,,3.0,median_across_seeds
01333000,dPL-MLP,test,TGD-Base,0.009691777086367703,median_across_seeds,kge,structural,,3.0,median_across_seeds
01333000,dPL-MLP,train,CN-Base,0.1977927696753493,median_across_seeds,kge,structural,,3.0,median_across_seeds
01333000,dPL-MLP,train,CN-TGD,0.15087634267610806,median_across_seeds,kge,structural,,3.0,median_across_seeds
01333000,dPL-MLP,train,TGD-Base,0.05420451626150313,median_across_seeds,kge,structural,,3.0,median_across_seeds
01350000,dPL-MLP,test,CN-Base,0.08005562524257093,median_across_seeds,kge,structural,,3.0,median_across_seeds
01350000,dPL-MLP,test,CN-TGD,0.035330110013323535,median_across_seeds,kge,structural,,3.0,median_across_seeds
01350000,dPL-MLP,test,TGD-Base,0.04193755719672687,median_across_seeds,kge,structural,,3.0,median_across_seeds
01350000,dPL-MLP,train,CN-Base,0.18047431908205014,median_across_seeds,kge,structural,,3.0,median_across_seeds
01350000,dPL-MLP,train,CN-TGD,0.12678137185627447,median_across_seeds,kge,structural,,3.0,median_across_seeds
01350000,dPL-MLP,train,TGD-Base,0.051457220100546985,median_across_seeds,kge,structural,,3.0,median_across_seeds
01350080,dPL-MLP,test,CN-Base,0.09930244320681791,median_across_seeds,kge,structural,,3.0,median_across_seeds
01350080,dPL-MLP,test,CN-TGD,0.035472238587208604,median_across_seeds,kge,structural,,3.0,median_across_seeds
01350080,dPL-MLP,test,TGD-Base,0.0426744008562443,median_across_seeds,kge,structural,,3.0,median_across_seeds
01350080,dPL-MLP,train,CN-Base,0.2799420270046271,median_across_seeds,kge,structural,,3.0,median_across_seeds
01350080,dPL-MLP,train,CN-TGD,0.21638062373962585,median_across_seeds,kge,structural,,3.0,median_across_seeds
01350080,dPL-MLP,train,TGD-Base,0.05364842941067688,median_across_seeds,kge,structural,,3.0,median_across_seeds
01350140,dPL-MLP,test,CN-Base,0.09787892335975523,median_across_seeds,kge,structural,,3.0,median_across_seeds
01350140,dPL-MLP,test,CN-TGD,0.05862110265355758,median_across_seeds,kge,structural,,3.0,median_across_seeds
01350140,dPL-MLP,test,TGD-Base,0.042235351913261665,median_across_seeds,kge,structural,,3.0,median_across_seeds
01350140,dPL-MLP,train,CN-Base,0.195661689328412,median_across_seeds,kge,structural,,3.0,median_across_seeds
01350140,dPL-MLP,train,CN-TGD,0.13597650536807282,median_across_seeds,kge,structural,,3.0,median_across_seeds
01350140,dPL-MLP,train,TGD-Base,0.05916671099015963,median_across_seeds,kge,structural,,3.0,median_across_seeds
01365000,dPL-MLP,test,CN-Base,0.057003741117210405,median_across_seeds,kge,structural,,3.0,median_across_seeds
01365000,dPL-MLP,test,CN-TGD,0.03670336923492323,median_across_seeds,kge,structural,,3.0,median_across_seeds
01365000,dPL-MLP,test,TGD-Base,0.02030037188228717,median_across_seeds,kge,structural,,3.0,median_across_seeds
01365000,dPL-MLP,train,CN-Base,0.1734584585661456,median_across_seeds,kge,structural,,3.0,median_across_seeds
01365000,dPL-MLP,train,CN-TGD,0.14284697544783742,median_across_seeds,kge,structural,,3.0,median_across_seeds
01365000,dPL-MLP,train,TGD-Base,0.01871640577017375,median_across_seeds,kge,structural,,3.0,median_across_seeds
01411300,dPL-MLP,test,CN-Base,0.0005668293712821626,median_across_seeds,kge,structural,,3.0,median_across_seeds
01411300,dPL-MLP,test,CN-TGD,-0.02402922910865224,median_across_seeds,kge,structural,,3.0,median_across_seeds
01411300,dPL-MLP,test,TGD-Base,0.01744815455494697,median_across_seeds,kge,structural,,3.0,median_across_seeds
01411300,dPL-MLP,train,CN-Base,0.005183411515385261,median_across_seeds,kge,structural,,3.0,median_across_seeds
01411300,dPL-MLP,train,CN-TGD,0.00721927503309705,median_across_seeds,kge,structural,,3.0,median_across_seeds
01411300,dPL-MLP,train,TGD-Base,0.0008927237111272524,median_across_seeds,kge,structural,,3.0,median_across_seeds
01413500,dPL-MLP,test,CN-Base,0.09444148186721069,median_across_seeds,kge,structural,,3.0,median_across_seeds
01413500,dPL-MLP,test,CN-TGD,0.04024854634466435,median_across_seeds,kge,structural,,3.0,median_across_seeds
01413500,dPL-MLP,test,TGD-Base,0.05113048278905241,median_across_seeds,kge,structural,,3.0,median_across_seeds
01413500,dPL-MLP,train,CN-Base,0.18426331124372397,median_across_seeds,kge,structural,,3.0,median_across_seeds
01413500,dPL-MLP,train,CN-TGD,0.1518578211368009,median_across_seeds,kge,structural,,3.0,median_across_seeds
01413500,dPL-MLP,train,TGD-Base,0.029998037584609616,median_across_seeds,kge,structural,,3.0,median_across_seeds
01414500,dPL-MLP,test,CN-Base,0.06798146898753865,median_across_seeds,kge,structural,,3.0,median_across_seeds
01414500,dPL-MLP,test,CN-TGD,0.01590879917424004,median_across_seeds,kge,structural,,3.0,median_across_seeds
01414500,dPL-MLP,test,TGD-Base,0.0399006425093551,median_across_seeds,kge,structural,,3.0,median_across_seeds
01414500,dPL-MLP,train,CN-Base,0.17070347168077182,median_across_seeds,kge,structural,,3.0,median_across_seeds
01414500,dPL-MLP,train,CN-TGD,0.1698260747222764,median_across_seeds,kge,structural,,3.0,median_across_seeds
01414500,dPL-MLP,train,TGD-Base,-0.0006570214589863843,median_across_seeds,kge,structural,,3.0,median_across_seeds
01415000,dPL-MLP,test,CN-Base,0.07380203769719984,median_across_seeds,kge,structural,,3.0,median_across_seeds
01415000,dPL-MLP,test,CN-TGD,0.025577417527536728,median_across_seeds,kge,structural,,3.0,median_across_seeds
01415000,dPL-MLP,test,TGD-Base,0.0351339941166966,median_across_seeds,kge,structural,,3.0,median_across_seeds
01415000,dPL-MLP,train,CN-Base,0.15069014354051558,median_across_seeds,kge,structural,,3.0,median_across_seeds
01415000,dPL-MLP,train,CN-TGD,0.11432181593140212,median_across_seeds,kge,structural,,3.0,median_across_seeds
01415000,dPL-MLP,train,TGD-Base,0.03660949901990751,median_across_seeds,kge,structural,,3.0,median_across_seeds
01423000,dPL-MLP,test,CN-Base,0.11635903815337245,median_across_seeds,kge,structural,,3.0,median_across_seeds
01423000,dPL-MLP,test,CN-TGD,0.044222133476660375,median_across_seeds,kge,structural,,3.0,median_across_seeds
01423000,dPL-MLP,test,TGD-Base,0.06152442767616284,median_across_seeds,kge,structural,,3.0,median_across_seeds
01423000,dPL-MLP,train,CN-Base,0.1798739588498316,median_across_seeds,kge,structural,,3.0,median_across_seeds
01423000,dPL-MLP,train,CN-TGD,0.1389790080980179,median_across_seeds,kge,structural,,3.0,median_across_seeds
01423000,dPL-MLP,train,TGD-Base,0.04089495075181371,median_across_seeds,kge,structural,,3.0,median_across_seeds
01434025,dPL-MLP,test,CN-Base,0.07330967693172741,median_across_seeds,kge,structural,,3.0,median_across_seeds
01434025,dPL-MLP,test,CN-TGD,0.03238235960236069,median_across_seeds,kge,structural,,3.0,median_across_seeds
01434025,dPL-MLP,test,TGD-Base,0.04092731732936672,median_across_seeds,kge,structural,,3.0,median_across_seeds
01434025,dPL-MLP,train,CN-Base,0.17755716379836428,median_across_seeds,kge,structural,,3.0,median_across_seeds
01434025,dPL-MLP,train,CN-TGD,0.16909943972222408,median_across_seeds,kge,structural,,3.0,median_across_seeds
01434025,dPL-MLP,train,TGD-Base,0.002003191249916436,median_across_seeds,kge,structural,,3.0,median_across_seeds
01435000,dPL-MLP,test,CN-Base,0.039416032605883666,median_across_seeds,kge,structural,,3.0,median_across_seeds
01435000,dPL-MLP,test,CN-TGD,0.013022825424993334,median_across_seeds,kge,structural,,3.0,median_across_seeds
01435000,dPL-MLP,test,TGD-Base,0.024315162731870288,median_across_seeds,kge,structural,,3.0,median_across_seeds
01435000,dPL-MLP,train,CN-Base,0.18389517405908273,median_across_seeds,kge,structural,,3.0,median_across_seeds
01435000,dPL-MLP,train,CN-TGD,0.16045318326594626,median_across_seeds,kge,structural,,3.0,median_across_seeds
01435000,dPL-MLP,train,TGD-Base,0.03342684918847727,median_across_seeds,kge,structural,,3.0,median_across_seeds
01439500,dPL-MLP,test,CN-Base,-0.006216551453852248,median_across_seeds,kge,structural,,3.0,median_across_seeds
01439500,dPL-MLP,test,CN-TGD,0.009812812305078689,median_across_seeds,kge,structural,,3.0,median_across_seeds
01439500,dPL-MLP,test,TGD-Base,-0.0183062641758871,median_across_seeds,kge,structural,,3.0,median_across_seeds
01439500,dPL-MLP,train,CN-Base,0.11992627837077496,median_across_seeds,kge,structural,,3.0,median_across_seeds
01439500,dPL-MLP,train,CN-TGD,0.07372467925996329,median_across_seeds,kge,structural,,3.0,median_across_seeds
01439500,dPL-MLP,train,TGD-Base,0.05177672507053588,median_across_seeds,kge,structural,,3.0,median_across_seeds
01440000,dPL-MLP,test,CN-Base,0.01231425457206159,median_across_seeds,kge,structural,,3.0,median_across_seeds
01440000,dPL-MLP,test,CN-TGD,0.022235360019864148,median_across_seeds,kge,structural,,3.0,median_across_seeds
01440000,dPL-MLP,test,TGD-Base,-0.008718386220352148,median_across_seeds,kge,structural,,3.0,median_across_seeds
01440000,dPL-MLP,train,CN-Base,0.08280863214715617,median_across_seeds,kge,structural,,3.0,median_across_seeds
01440000,dPL-MLP,train,CN-TGD,0.05203472356706962,median_across_seeds,kge,structural,,3.0,median_across_seeds
01440000,dPL-MLP,train,TGD-Base,0.021402765873294594,median_across_seeds,kge,structural,,3.0,median_across_seeds
01440400,dPL-MLP,test,CN-Base,-0.017714901430111896,median_across_seeds,kge,structural,,3.0,median_across_seeds
01440400,dPL-MLP,test,CN-TGD,-0.002187145823371983,median_across_seeds,kge,structural,,3.0,median_across_seeds
01440400,dPL-MLP,test,TGD-Base,-0.0050229664624010795,median_across_seeds,kge,structural,,3.0,median_across_seeds
01440400,dPL-MLP,train,CN-Base,0.09799617736590638,median_across_seeds,kge,structural,,3.0,median_across_seeds
01440400,dPL-MLP,train,CN-TGD,0.06017576446987216,median_across_seeds,kge,structural,,3.0,median_across_seeds
01440400,dPL-MLP,train,TGD-Base,0.02834954078258134,median_across_seeds,kge,structural,,3.0,median_across_seeds
01451800,dPL-MLP,test,CN-Base,0.009758572192985482,median_across_seeds,kge,structural,,3.0,median_across_seeds
01451800,dPL-MLP,test,CN-TGD,-0.0005027982790719587,median_across_seeds,kge,structural,,3.0,median_across_seeds
01451800,dPL-MLP,test,TGD-Base,0.010004109593343413,median_across_seeds,kge,structural,,3.0,median_across_seeds
01451800,dPL-MLP,train,CN-Base,0.03163299923240015,median_across_seeds,kge,structural,,3.0,median_across_seeds
01451800,dPL-MLP,train,CN-TGD,0.020558342647178707,median_across_seeds,kge,structural,,3.0,median_across_seeds
01451800,dPL-MLP,train,TGD-Base,0.011074656585221443,median_across_seeds,kge,structural,,3.0,median_across_seeds
01466500,dPL-MLP,test,CN-Base,-0.24170197497201446,median_across_seeds,kge,structural,,3.0,median_across_seeds
01466500,dPL-MLP,test,CN-TGD,-0.05775051479146143,median_across_seeds,kge,structural,,3.0,median_across_seeds
01466500,dPL-MLP,test,TGD-Base,-0.16366383854311017,median_across_seeds,kge,structural,,3.0,median_across_seeds
01466500,dPL-MLP,train,CN-Base,-0.04673199911119763,median_across_seeds,kge,structural,,3.0,median_across_seeds
01466500,dPL-MLP,train,CN-TGD,-0.035356609816282525,median_across_seeds,kge,structural,,3.0,median_across_seeds
01466500,dPL-MLP,train,TGD-Base,-0.0034929511494142806,median_across_seeds,kge,structural,,3.0,median_across_seeds
01484100,dPL-MLP,test,CN-Base,0.02929800555298101,median_across_seeds,kge,structural,,3.0,median_across_seeds
01484100,dPL-MLP,test,CN-TGD,0.003697655086247309,median_across_seeds,kge,structural,,3.0,median_across_seeds
01484100,dPL-MLP,test,TGD-Base,0.025950788233810362,median_across_seeds,kge,structural,,3.0,median_across_seeds
01484100,dPL-MLP,train,CN-Base,0.034602687994791936,median_across_seeds,kge,structural,,3.0,median_across_seeds
01484100,dPL-MLP,train,CN-TGD,0.017819369669932694,median_across_seeds,kge,structural,,3.0,median_across_seeds
01484100,dPL-MLP,train,TGD-Base,0.022173591325574393,median_across_seeds,kge,structural,,3.0,median_across_seeds
01487000,dPL-MLP,test,CN-Base,0.047578189343944643,median_across_seeds,kge,structural,,3.0,median_across_seeds
01487000,dPL-MLP,test,CN-TGD,-0.004508419416064835,median_across_seeds,kge,structural,,3.0,median_across_seeds
01487000,dPL-MLP,test,TGD-Base,0.025783970968274006,median_across_seeds,kge,structural,,3.0,median_across_seeds
01487000,dPL-MLP,train,CN-Base,0.009794506740576803,median_across_seeds,kge,structural,,3.0,median_across_seeds
01487000,dPL-MLP,train,CN-TGD,0.009669165642461341,median_across_seeds,kge,structural,,3.0,median_across_seeds
01487000,dPL-MLP,train,TGD-Base,0.011011007234426606,median_across_seeds,kge,structural,,3.0,median_across_seeds
01491000,dPL-MLP,test,CN-Base,0.07542021377620856,median_across_seeds,kge,structural,,3.0,median_across_seeds
01491000,dPL-MLP,test,CN-TGD,0.020491261545189987,median_across_seeds,kge,structural,,3.0,median_across_seeds
01491000,dPL-MLP,test,TGD-Base,0.031114821172394502,median_across_seeds,kge,structural,,3.0,median_across_seeds
01491000,dPL-MLP,train,CN-Base,0.05798559442372542,median_across_seeds,kge,structural,,3.0,median_across_seeds
01491000,dPL-MLP,train,CN-TGD,0.03440770352032996,median_across_seeds,kge,structural,,3.0,median_across_seeds
01491000,dPL-MLP,train,TGD-Base,0.019432863430171476,median_across_seeds,kge,structural,,3.0,median_across_seeds
01510000,dPL-MLP,test,CN-Base,0.17959698047467254,median_across_seeds,kge,structural,,3.0,median_across_seeds
01510000,dPL-MLP,test,CN-TGD,0.11434731695543576,median_across_seeds,kge,structural,,3.0,median_across_seeds
01510000,dPL-MLP,test,TGD-Base,0.06365693274788231,median_across_seeds,kge,structural,,3.0,median_across_seeds
01510000,dPL-MLP,train,CN-Base,0.26908167403329186,median_across_seeds,kge,structural,,3.0,median_across_seeds
01510000,dPL-MLP,train,CN-TGD,0.16362297974966944,median_across_seeds,kge,structural,,3.0,median_across_seeds
01510000,dPL-MLP,train,TGD-Base,0.10212509181101426,median_across_seeds,kge,structural,,3.0,median_across_seeds
01516500,dPL-MLP,test,CN-Base,-0.03197829036841349,median_across_seeds,kge,structural,,3.0,median_across_seeds
01516500,dPL-MLP,test,CN-TGD,-0.05091609545824638,median_across_seeds,kge,structural,,3.0,median_across_seeds
01516500,dPL-MLP,test,TGD-Base,0.03913121574442702,median_across_seeds,kge,structural,,3.0,median_across_seeds
01516500,dPL-MLP,train,CN-Base,0.19568564001544597,median_across_seeds,kge,structural,,3.0,median_across_seeds
01516500,dPL-MLP,train,CN-TGD,0.1349849650327366,median_across_seeds,kge,structural,,3.0,median_across_seeds
01516500,dPL-MLP,train,TGD-Base,0.0552923239676274,median_across_seeds,kge,structural,,3.0,median_across_seeds
01518862,dPL-MLP,test,CN-Base,0.0867264514899796,median_across_seeds,kge,structural,,3.0,median_across_seeds
01518862,dPL-MLP,test,CN-TGD,0.022288599965435196,median_across_seeds,kge,structural,,3.0,median_across_seeds
01518862,dPL-MLP,test,TGD-Base,0.0561753141039435,median_across_seeds,kge,structural,,3.0,median_across_seeds
01518862,dPL-MLP,train,CN-Base,0.16826382535286122,median_across_seeds,kge,structural,,3.0,median_across_seeds
01518862,dPL-MLP,train,CN-TGD,0.1004991842770202,median_across_seeds,kge,structural,,3.0,median_across_seeds
01518862,dPL-MLP,train,TGD-Base,0.06776464107584101,median_across_seeds,kge,structural,,3.0,median_across_seeds
01532000,dPL-MLP,test,CN-Base,0.08295687819463626,median_across_seeds,kge,structural,,3.0,median_across_seeds
01532000,dPL-MLP,test,CN-TGD,0.02966957139664761,median_across_seeds,kge,structural,,3.0,median_across_seeds
01532000,dPL-MLP,test,TGD-Base,0.053287306797988654,median_across_seeds,kge,structural,,3.0,median_across_seeds
01532000,dPL-MLP,train,CN-Base,0.1307622746680014,median_across_seeds,kge,structural,,3.0,median_across_seeds
01532000,dPL-MLP,train,CN-TGD,0.11621562098428173,median_across_seeds,kge,structural,,3.0,median_across_seeds
01532000,dPL-MLP,train,TGD-Base,0.018903766767252028,median_across_seeds,kge,structural,,3.0,median_across_seeds
01539000,dPL-MLP,test,CN-Base,0.021354866142968332,median_across_seeds,kge,structural,,3.0,median_across_seeds
01539000,dPL-MLP,test,CN-TGD,-0.006718266617773527,median_across_seeds,kge,structural,,3.0,median_across_seeds
01539000,dPL-MLP,test,TGD-Base,0.02807313276074186,median_across_seeds,kge,structural,,3.0,median_across_seeds
01539000,dPL-MLP,train,CN-Base,0.12354360035182033,median_across_seeds,kge,structural,,3.0,median_across_seeds
01539000,dPL-MLP,train,CN-TGD,0.1059881753591283,median_across_seeds,kge,structural,,3.0,median_across_seeds
01539000,dPL-MLP,train,TGD-Base,0.01794138018758218,median_across_seeds,kge,structural,,3.0,median_across_seeds
01542810,dPL-MLP,test,CN-Base,0.08908617161052712,median_across_seeds,kge,structural,,3.0,median_across_seeds
01542810,dPL-MLP,test,CN-TGD,0.06618927056775425,median_across_seeds,kge,structural,,3.0,median_across_seeds
01542810,dPL-MLP,test,TGD-Base,0.022896901042772866,median_across_seeds,kge,structural,,3.0,median_across_seeds
01542810,dPL-MLP,train,CN-Base,0.17766186771851367,median_across_seeds,kge,structural,,3.0,median_across_seeds
01542810,dPL-MLP,train,CN-TGD,0.1508769883272416,median_across_seeds,kge,structural,,3.0,median_across_seeds
01542810,dPL-MLP,train,TGD-Base,0.02768475194350284,median_across_seeds,kge,structural,,3.0,median_across_seeds
01543000,dPL-MLP,test,CN-Base,0.09473520021943294,median_across_seeds,kge,structural,,3.0,median_across_seeds
01543000,dPL-MLP,test,CN-TGD,0.08202600855026165,median_across_seeds,kge,structural,,3.0,median_across_seeds
01543000,dPL-MLP,test,TGD-Base,0.012261993262288162,median_across_seeds,kge,structural,,3.0,median_across_seeds
01543000,dPL-MLP,train,CN-Base,0.17030338967584358,median_across_seeds,kge,structural,,3.0,median_across_seeds
01543000,dPL-MLP,train,CN-TGD,0.13135734646678154,median_across_seeds,kge,structural,,3.0,median_across_seeds
01543000,dPL-MLP,train,TGD-Base,0.03650461004249883,median_across_seeds,kge,structural,,3.0,median_across_seeds
01543500,dPL-MLP,test,CN-Base,0.10427839514489035,median_across_seeds,kge,structural,,3.0,median_across_seeds
01543500,dPL-MLP,test,CN-TGD,0.06790055323755229,median_across_seeds,kge,structural,,3.0,median_across_seeds
01543500,dPL-MLP,test,TGD-Base,0.026882352941115295,median_across_seeds,kge,structural,,3.0,median_across_seeds
01543500,dPL-MLP,train,CN-Base,0.1481954966387733,median_across_seeds,kge,structural,,3.0,median_across_seeds
01543500,dPL-MLP,train,CN-TGD,0.11151086052801518,median_across_seeds,kge,structural,,3.0,median_across_seeds
01543500,dPL-MLP,train,TGD-Base,0.03496303473441342,median_across_seeds,kge,structural,,3.0,median_across_seeds
01544500,dPL-MLP,test,CN-Base,-0.010074594010237359,median_across_seeds,kge,structural,,3.0,median_across_seeds
01544500,dPL-MLP,test,CN-TGD,-0.01974021307134688,median_across_seeds,kge,structural,,3.0,median_across_seeds
01544500,dPL-MLP,test,TGD-Base,0.008857639093744818,median_across_seeds,kge,structural,,3.0,median_across_seeds
01544500,dPL-MLP,train,CN-Base,0.20972252431553806,median_across_seeds,kge,structural,,3.0,median_across_seeds
01544500,dPL-MLP,train,CN-TGD,0.18257875825540204,median_across_seeds,kge,structural,,3.0,median_across_seeds
01544500,dPL-MLP,train,TGD-Base,0.03498688808566852,median_across_seeds,kge,structural,,3.0,median_across_seeds
01545600,dPL-MLP,test,CN-Base,0.03681869856368447,median_across_seeds,kge,structural,,3.0,median_across_seeds
01545600,dPL-MLP,test,CN-TGD,0.0028242847613548783,median_across_seeds,kge,structural,,3.0,median_across_seeds
01545600,dPL-MLP,test,TGD-Base,0.024342652106750462,median_across_seeds,kge,structural,,3.0,median_across_seeds
01545600,dPL-MLP,train,CN-Base,0.18969522181593212,median_across_seeds,kge,structural,,3.0,median_across_seeds
01545600,dPL-MLP,train,CN-TGD,0.15748907256688383,median_across_seeds,kge,structural,,3.0,median_across_seeds
01545600,dPL-MLP,train,TGD-Base,0.04788602575064582,median_across_seeds,kge,structural,,3.0,median_across_seeds
01547700,dPL-MLP,test,CN-Base,0.04040770192889365,median_across_seeds,kge,structural,,3.0,median_across_seeds
01547700,dPL-MLP,test,CN-TGD,0.04612580765976204,median_across_seeds,kge,structural,,3.0,median_across_seeds
01547700,dPL-MLP,test,TGD-Base,0.0013088365209295016,median_across_seeds,kge,structural,,3.0,median_across_seeds
01547700,dPL-MLP,train,CN-Base,0.1758846162504365,median_across_seeds,kge,structural,,3.0,median_across_seeds
01547700,dPL-MLP,train,CN-TGD,0.1261483855934865,median_across_seeds,kge,structural,,3.0,median_across_seeds
01547700,dPL-MLP,train,TGD-Base,0.04973623065694999,median_across_seeds,kge,structural,,3.0,median_across_seeds
01548500,dPL-MLP,test,CN-Base,-0.006369758354258126,median_across_seeds,kge,structural,,3.0,median_across_seeds
01548500,dPL-MLP,test,CN-TGD,-0.022364024495230228,median_across_seeds,kge,structural,,3.0,median_across_seeds
01548500,dPL-MLP,test,TGD-Base,0.01639514813869869,median_across_seeds,kge,structural,,3.0,median_across_seeds
01548500,dPL-MLP,train,CN-Base,0.1887208289989607,median_across_seeds,kge,structural,,3.0,median_across_seeds
01548500,dPL-MLP,train,CN-TGD,0.1356087224619078,median_across_seeds,kge,structural,,3.0,median_across_seeds
01548500,dPL-MLP,train,TGD-Base,0.053112106537052894,median_across_seeds,kge,structural,,3.0,median_across_seeds
01549500,dPL-MLP,test,CN-Base,-0.029021781785186274,median_across_seeds,kge,structural,,3.0,median_across_seeds
01549500,dPL-MLP,test,CN-TGD,-0.04478472912006082,median_across_seeds,kge,structural,,3.0,median_across_seeds
01549500,dPL-MLP,test,TGD-Base,0.031891555092147916,median_across_seeds,kge,structural,,3.0,median_across_seeds
01549500,dPL-MLP,train,CN-Base,0.21162737310432944,median_across_seeds,kge,structural,,3.0,median_across_seeds
01549500,dPL-MLP,train,CN-TGD,0.1814396696743088,median_across_seeds,kge,structural,,3.0,median_across_seeds
01549500,dPL-MLP,train,TGD-Base,0.029930492840516187,median_across_seeds,kge,structural,,3.0,median_across_seeds
01550000,dPL-MLP,test,CN-Base,0.027930590732733296,median_across_seeds,kge,structural,,3.0,median_across_seeds
01550000,dPL-MLP,test,CN-TGD,-0.006153676196826496,median_across_seeds,kge,structural,,3.0,median_across_seeds
01550000,dPL-MLP,test,TGD-Base,0.03408426692955979,median_across_seeds,kge,structural,,3.0,median_across_seeds
01550000,dPL-MLP,train,CN-Base,0.17772895803348265,median_across_seeds,kge,structural,,3.0,median_across_seeds
01550000,dPL-MLP,train,CN-TGD,0.16453517036167298,median_across_seeds,kge,structural,,3.0,median_across_seeds
01550000,dPL-MLP,train,TGD-Base,0.013193787671809676,median_across_seeds,kge,structural,,3.0,median_across_seeds
01552000,dPL-MLP,test,CN-Base,0.002949853115267076,median_across_seeds,kge,structural,,3.0,median_across_seeds
01552000,dPL-MLP,test,CN-TGD,-0.011581953922352284,median_across_seeds,kge,structural,,3.0,median_across_seeds
01552000,dPL-MLP,test,TGD-Base,0.020400535715177637,median_across_seeds,kge,structural,,3.0,median_across_seeds
01552000,dPL-MLP,train,CN-Base,0.14274727520215846,median_across_seeds,kge,structural,,3.0,median_across_seeds
01552000,dPL-MLP,train,CN-TGD,0.1330498201160213,median_across_seeds,kge,structural,,3.0,median_across_seeds
01552000,dPL-MLP,train,TGD-Base,0.011794203430517736,median_across_seeds,kge,structural,,3.0,median_across_seeds
01552500,dPL-MLP,test,CN-Base,0.0528205622066632,median_across_seeds,kge,structural,,3.0,median_across_seeds
01552500,dPL-MLP,test,CN-TGD,0.03279756476556561,median_across_seeds,kge,structural,,3.0,median_across_seeds
01552500,dPL-MLP,test,TGD-Base,0.011539127049628117,median_across_seeds,kge,structural,,3.0,median_across_seeds
01552500,dPL-MLP,train,CN-Base,0.11606863759660113,median_across_seeds,kge,structural,,3.0,median_across_seeds
01552500,dPL-MLP,train,CN-TGD,0.08994838831195262,median_across_seeds,kge,structural,,3.0,median_across_seeds
01552500,dPL-MLP,train,TGD-Base,0.025610477004540666,median_across_seeds,kge,structural,,3.0,median_across_seeds
01557500,dPL-MLP,test,CN-Base,0.08548383460324482,median_across_seeds,kge,structural,,3.0,median_across_seeds
01557500,dPL-MLP,test,CN-TGD,0.09280160156831774,median_across_seeds,kge,structural,,3.0,median_across_seeds
01557500,dPL-MLP,test,TGD-Base,-0.007504164001602698,median_across_seeds,kge,structural,,3.0,median_across_seeds
01557500,dPL-MLP,train,CN-Base,0.19951518306569271,median_across_seeds,kge,structural,,3.0,median_across_seeds
01557500,dPL-MLP,train,CN-TGD,0.14544439355935268,median_across_seeds,kge,structural,,3.0,median_across_seeds
01557500,dPL-MLP,train,TGD-Base,0.05554099326216788,median_across_seeds,kge,structural,,3.0,median_across_seeds
01567500,dPL-MLP,test,CN-Base,0.003867362262602647,median_across_seeds,kge,structural,,3.0,median_across_seeds
01567500,dPL-MLP,test,CN-TGD,-0.010719112563295496,median_across_seeds,kge,structural,,3.0,median_across_seeds
01567500,dPL-MLP,test,TGD-Base,0.016705439895420726,median_across_seeds,kge,structural,,3.0,median_across_seeds
01567500,dPL-MLP,train,CN-Base,0.17350366960423524,median_across_seeds,kge,structural,,3.0,median_across_seeds
01567500,dPL-MLP,train,CN-TGD,0.11625412919733902,median_across_seeds,kge,structural,,3.0,median_across_seeds
01567500,dPL-MLP,train,TGD-Base,0.05615942362494619,median_across_seeds,kge,structural,,3.0,median_across_seeds
01568000,dPL-MLP,test,CN-Base,0.024315301944600853,median_across_seeds,kge,structural,,3.0,median_across_seeds
01568000,dPL-MLP,test,CN-TGD,0.012912239333589981,median_across_seeds,kge,structural,,3.0,median_across_seeds
01568000,dPL-MLP,test,TGD-Base,0.011403062611010872,median_across_seeds,kge,structural,,3.0,median_across_seeds
01568000,dPL-MLP,train,CN-Base,0.16722852207027838,median_across_seeds,kge,structural,,3.0,median_across_seeds
01568000,dPL-MLP,train,CN-TGD,0.09884037825867942,median_across_seeds,kge,structural,,3.0,median_across_seeds
01568000,dPL-MLP,train,TGD-Base,0.0680347400049992,median_across_seeds,kge,structural,,3.0,median_across_seeds
01580000,dPL-MLP,test,CN-Base,0.05181853864572328,median_across_seeds,kge,structural,,3.0,median_across_seeds
01580000,dPL-MLP,test,CN-TGD,0.034014253242547254,median_across_seeds,kge,structural,,3.0,median_across_seeds
01580000,dPL-MLP,test,TGD-Base,0.017804285403176023,median_across_seeds,kge,structural,,3.0,median_across_seeds
01580000,dPL-MLP,train,CN-Base,0.02661869544510198,median_across_seeds,kge,structural,,3.0,median_across_seeds
01580000,dPL-MLP,train,CN-TGD,0.01779880733414796,median_across_seeds,kge,structural,,3.0,median_across_seeds
01580000,dPL-MLP,train,TGD-Base,0.0016823214026975286,median_across_seeds,kge,structural,,3.0,median_across_seeds
01583500,dPL-MLP,test,CN-Base,0.004936958883117071,median_across_seeds,kge,structural,,3.0,median_across_seeds
01583500,dPL-MLP,test,CN-TGD,-0.0024169517971899257,median_across_seeds,kge,structural,,3.0,median_across_seeds
01583500,dPL-MLP,test,TGD-Base,0.0017767903097787308,median_across_seeds,kge,structural,,3.0,median_across_seeds
01583500,dPL-MLP,train,CN-Base,0.03178280965665714,median_across_seeds,kge,structural,,3.0,median_across_seeds
01583500,dPL-MLP,train,CN-TGD,0.03305622434237265,median_across_seeds,kge,structural,,3.0,median_across_seeds
01583500,dPL-MLP,train,TGD-Base,-0.0012734146857155126,median_across_seeds,kge,structural,,3.0,median_across_seeds
01586610,dPL-MLP,test,CN-Base,0.03477378119839858,median_across_seeds,kge,structural,,3.0,median_across_seeds
01586610,dPL-MLP,test,CN-TGD,0.03757684668020378,median_across_seeds,kge,structural,,3.0,median_across_seeds
01586610,dPL-MLP,test,TGD-Base,-0.0028030654818052003,median_across_seeds,kge,structural,,3.0,median_across_seeds
01586610,dPL-MLP,train,CN-Base,0.02422347928288593,median_across_seeds,kge,structural,,3.0,median_across_seeds
01586610,dPL-MLP,train,CN-TGD,0.00999676059164023,median_across_seeds,kge,structural,,3.0,median_across_seeds
01586610,dPL-MLP,train,TGD-Base,0.014226718691245699,median_across_seeds,kge,structural,,3.0,median_across_seeds
01591400,dPL-MLP,test,CN-Base,0.06638529448810304,median_across_seeds,kge,structural,,3.0,median_across_seeds
01591400,dPL-MLP,test,CN-TGD,0.012491043597653517,median_across_seeds,kge,structural,,3.0,median_across_seeds
01591400,dPL-MLP,test,TGD-Base,0.04048296150732156,median_across_seeds,kge,structural,,3.0,median_across_seeds
01591400,dPL-MLP,train,CN-Base,0.037469929727355855,median_across_seeds,kge,structural,,3.0,median_across_seeds
01591400,dPL-MLP,train,CN-TGD,0.01199920179525893,median_across_seeds,kge,structural,,3.0,median_across_seeds
01591400,dPL-MLP,train,TGD-Base,0.025470727932096926,median_across_seeds,kge,structural,,3.0,median_across_seeds
01594950,dPL-MLP,test,CN-Base,0.037250929357581675,median_across_seeds,kge,structural,,3.0,median_across_seeds
01594950,dPL-MLP,test,CN-TGD,0.014401786120900928,median_across_seeds,kge,structural,,3.0,median_across_seeds
01594950,dPL-MLP,test,TGD-Base,0.030942689933927903,median_across_seeds,kge,structural,,3.0,median_across_seeds
01594950,dPL-MLP,train,CN-Base,0.0650499855755533,median_across_seeds,kge,structural,,3.0,median_across_seeds
01594950,dPL-MLP,train,CN-TGD,0.0804842964208341,median_across_seeds,kge,structural,,3.0,median_across_seeds
01594950,dPL-MLP,train,TGD-Base,-0.01485074729655722,median_across_seeds,kge,structural,,3.0,median_across_seeds
01596500,dPL-MLP,test,CN-Base,0.16800288980804767,median_across_seeds,kge,structural,,3.0,median_across_seeds
01596500,dPL-MLP,test,CN-TGD,0.13674820769591023,median_across_seeds,kge,structural,,3.0,median_across_seeds
01596500,dPL-MLP,test,TGD-Base,0.036839522177076756,median_across_seeds,kge,structural,,3.0,median_across_seeds
01596500,dPL-MLP,train,CN-Base,0.18111126016567702,median_across_seeds,kge,structural,,3.0,median_across_seeds
01596500,dPL-MLP,train,CN-TGD,0.08751068078121083,median_across_seeds,kge,structural,,3.0,median_across_seeds
01596500,dPL-MLP,train,TGD-Base,0.09397432632902747,median_across_seeds,kge,structural,,3.0,median_across_seeds
01605500,dPL-MLP,test,CN-Base,0.06382532780599215,median_across_seeds,kge,structural,,3.0,median_across_seeds
01605500,dPL-MLP,test,CN-TGD,0.019723839130748155,median_across_seeds,kge,structural,,3.0,median_across_seeds
01605500,dPL-MLP,test,TGD-Base,0.041952620399842155,median_across_seeds,kge,structural,,3.0,median_across_seeds
01605500,dPL-MLP,train,CN-Base,0.14238585248193675,median_across_seeds,kge,structural,,3.0,median_across_seeds
01605500,dPL-MLP,train,CN-TGD,0.08335937635577328,median_across_seeds,kge,structural,,3.0,median_across_seeds
01605500,dPL-MLP,train,TGD-Base,0.03520658642888186,median_across_seeds,kge,structural,,3.0,median_across_seeds
01606500,dPL-MLP,test,CN-Base,0.06412382696115271,median_across_seeds,kge,structural,,3.0,median_across_seeds
01606500,dPL-MLP,test,CN-TGD,0.021813214926416413,median_across_seeds,kge,structural,,3.0,median_across_seeds
01606500,dPL-MLP,test,TGD-Base,0.045709019834879294,median_across_seeds,kge,structural,,3.0,median_across_seeds
01606500,dPL-MLP,train,CN-Base,0.09566055193706058,median_across_seeds,kge,structural,,3.0,median_across_seeds
01606500,dPL-MLP,train,CN-TGD,0.06948388494454472,median_across_seeds,kge,structural,,3.0,median_across_seeds
01606500,dPL-MLP,train,TGD-Base,0.027549287909541142,median_across_seeds,kge,structural,,3.0,median_across_seeds
01632000,dPL-MLP,test,CN-Base,0.07331338592437953,median_across_seeds,kge,structural,,3.0,median_across_seeds
01632000,dPL-MLP,test,CN-TGD,0.025898917152279433,median_across_seeds,kge,structural,,3.0,median_across_seeds
01632000,dPL-MLP,test,TGD-Base,0.047414468772100093,median_across_seeds,kge,structural,,3.0,median_across_seeds
01632000,dPL-MLP,train,CN-Base,0.04639317496638784,median_across_seeds,kge,structural,,3.0,median_across_seeds
01632000,dPL-MLP,train,CN-TGD,0.008110014534020049,median_across_seeds,kge,structural,,3.0,median_across_seeds
01632000,dPL-MLP,train,TGD-Base,0.03911784143978747,median_across_seeds,kge,structural,,3.0,median_across_seeds
01632900,dPL-MLP,test,CN-Base,0.0662394699612372,median_across_seeds,kge,structural,,3.0,median_across_seeds
01632900,dPL-MLP,test,CN-TGD,0.006446763634703756,median_across_seeds,kge,structural,,3.0,median_across_seeds
01632900,dPL-MLP,test,TGD-Base,0.044803328106934104,median_across_seeds,kge,structural,,3.0,median_across_seeds
01632900,dPL-MLP,train,CN-Base,0.062449050791653526,median_across_seeds,kge,structural,,3.0,median_across_seeds
01632900,dPL-MLP,train,CN-TGD,0.028961267689156633,median_across_seeds,kge,structural,,3.0,median_across_seeds
01632900,dPL-MLP,train,TGD-Base,0.03189016671576772,median_across_seeds,kge,structural,,3.0,median_across_seeds
01634500,dPL-MLP,test,CN-Base,0.05613976026650391,median_across_seeds,kge,structural,,3.0,median_across_seeds
01634500,dPL-MLP,test,CN-TGD,0.033221903306728695,median_across_seeds,kge,structural,,3.0,median_across_seeds
01634500,dPL-MLP,test,TGD-Base,0.03204190642304472,median_across_seeds,kge,structural,,3.0,median_across_seeds
01634500,dPL-MLP,train,CN-Base,0.08776897345500723,median_across_seeds,kge,structural,,3.0,median_across_seeds
01634500,dPL-MLP,train,CN-TGD,0.011888394703163496,median_across_seeds,kge,structural,,3.0,median_across_seeds
01634500,dPL-MLP,train,TGD-Base,0.07582650085280129,median_across_seeds,kge,structural,,3.0,median_across_seeds
01638480,dPL-MLP,test,CN-Base,0.03920418093772682,median_across_seeds,kge,structural,,3.0,median_across_seeds
01638480,dPL-MLP,test,CN-TGD,0.02013078467599183,median_across_seeds,kge,structural,,3.0,median_across_seeds
01638480,dPL-MLP,test,TGD-Base,0.024519855828749604,median_across_seeds,kge,structural,,3.0,median_across_seeds
01638480,dPL-MLP,train,CN-Base,0.022664009422842857,median_across_seeds,kge,structural,,3.0,median_across_seeds
01638480,dPL-MLP,train,CN-TGD,-0.005417210676852302,median_across_seeds,kge,structural,,3.0,median_across_seeds
01638480,dPL-MLP,train,TGD-Base,0.009966739515487433,median_across_seeds,kge,structural,,3.0,median_across_seeds
01639500,dPL-MLP,test,CN-Base,0.018256986078553195,median_across_seeds,kge,structural,,3.0,median_across_seeds
01639500,dPL-MLP,test,CN-TGD,0.010501026031340732,median_across_seeds,kge,structural,,3.0,median_across_seeds
01639500,dPL-MLP,test,TGD-Base,0.012103766111786651,median_across_seeds,kge,structural,,3.0,median_across_seeds
01639500,dPL-MLP,train,CN-Base,0.008956776003759215,median_across_seeds,kge,structural,,3.0,median_across_seeds
01639500,dPL-MLP,train,CN-TGD,-0.003289294104210305,median_across_seeds,kge,structural,,3.0,median_across_seeds
01639500,dPL-MLP,train,TGD-Base,0.021034723997318983,median_across_seeds,kge,structural,,3.0,median_across_seeds
01644000,dPL-MLP,test,CN-Base,0.026647215175656602,median_across_seeds,kge,structural,,3.0,median_across_seeds
01644000,dPL-MLP,test,CN-TGD,0.012781104285286227,median_across_seeds,kge,structural,,3.0,median_across_seeds
01644000,dPL-MLP,test,TGD-Base,0.023316701890734537,median_across_seeds,kge,structural,,3.0,median_across_seeds
01644000,dPL-MLP,train,CN-Base,0.016376691178463076,median_across_seeds,kge,structural,,3.0,median_across_seeds
01644000,dPL-MLP,train,CN-TGD,-0.007489950447037597,median_across_seeds,kge,structural,,3.0,median_across_seeds
01644000,dPL-MLP,train,TGD-Base,0.023747243012267827,median_across_seeds,kge,structural,,3.0,median_across_seeds
01664000,dPL-MLP,test,CN-Base,-0.004964010066841773,median_across_seeds,kge,structural,,3.0,median_across_seeds
01664000,dPL-MLP,test,CN-TGD,-0.012150102258407403,median_across_seeds,kge,structural,,3.0,median_across_seeds
01664000,dPL-MLP,test,TGD-Base,0.006240453533344459,median_across_seeds,kge,structural,,3.0,median_across_seeds
01664000,dPL-MLP,train,CN-Base,0.010129794473388909,median_across_seeds,kge,structural,,3.0,median_across_seeds
01664000,dPL-MLP,train,CN-TGD,-0.005279075746322359,median_across_seeds,kge,structural,,3.0,median_across_seeds
01664000,dPL-MLP,train,TGD-Base,0.013748063002528732,median_across_seeds,kge,structural,,3.0,median_across_seeds
01666500,dPL-MLP,test,CN-Base,-0.025220592525240337,median_across_seeds,kge,structural,,3.0,median_across_seeds
01666500,dPL-MLP,test,CN-TGD,0.0006785576494052759,median_across_seeds,kge,structural,,3.0,median_across_seeds
01666500,dPL-MLP,test,TGD-Base,-0.03350091786702347,median_across_seeds,kge,structural,,3.0,median_across_seeds
01666500,dPL-MLP,train,CN-Base,0.03597945482929221,median_across_seeds,kge,structural,,3.0,median_across_seeds
01666500,dPL-MLP,train,CN-TGD,0.00550889212820338,median_across_seeds,kge,structural,,3.0,median_across_seeds
01666500,dPL-MLP,train,TGD-Base,0.03829665658405901,median_across_seeds,kge,structural,,3.0,median_across_seeds
01667500,dPL-MLP,test,CN-Base,-0.005593338726971875,median_across_seeds,kge,structural,,3.0,median_across_seeds
01667500,dPL-MLP,test,CN-TGD,-0.00592055436330674,median_across_seeds,kge,structural,,3.0,median_across_seeds
01667500,dPL-MLP,test,TGD-Base,0.012816859857335494,median_across_seeds,kge,structural,,3.0,median_across_seeds
01667500,dPL-MLP,train,CN-Base,0.013969396877226425,median_across_seeds,kge,structural,,3.0,median_across_seeds
01667500,dPL-MLP,train,CN-TGD,0.0030768154748495036,median_across_seeds,kge,structural,,3.0,median_across_seeds
01667500,dPL-MLP,train,TGD-Base,0.01022300711461721,median_across_seeds,kge,structural,,3.0,median_across_seeds
01669000,dPL-MLP,test,CN-Base,-0.01413727695096334,median_across_seeds,kge,structural,,3.0,median_across_seeds
01669000,dPL-MLP,test,CN-TGD,0.0014645650941030874,median_across_seeds,kge,structural,,3.0,median_across_seeds
01669000,dPL-MLP,test,TGD-Base,-0.02229178682620081,median_across_seeds,kge,structural,,3.0,median_across_seeds
01669000,dPL-MLP,train,CN-Base,0.01087374364295568,median_across_seeds,kge,structural,,3.0,median_across_seeds
01669000,dPL-MLP,train,CN-TGD,0.006899564669371028,median_across_seeds,kge,structural,,3.0,median_across_seeds
01669000,dPL-MLP,train,TGD-Base,0.003395322460651218,median_across_seeds,kge,structural,,3.0,median_across_seeds
01669520,dPL-MLP,test,CN-Base,0.02354196431459421,median_across_seeds,kge,structural,,3.0,median_across_seeds
01669520,dPL-MLP,test,CN-TGD,0.011672650447229205,median_across_seeds,kge,structural,,3.0,median_across_seeds
01669520,dPL-MLP,test,TGD-Base,0.009941637224306743,median_across_seeds,kge,structural,,3.0,median_across_seeds
01669520,dPL-MLP,train,CN-Base,0.02260080233300532,median_across_seeds,kge,structural,,3.0,median_across_seeds
01669520,dPL-MLP,train,CN-TGD,0.007571990089045966,median_across_seeds,kge,structural,,3.0,median_across_seeds
01669520,dPL-MLP,train,TGD-Base,0.0064816550331209255,median_across_seeds,kge,structural,,3.0,median_across_seeds
02011400,dPL-MLP,test,CN-Base,0.07763441952008399,median_across_seeds,kge,structural,,3.0,median_across_seeds
02011400,dPL-MLP,test,CN-TGD,0.04150910347822556,median_across_seeds,kge,structural,,3.0,median_across_seeds
02011400,dPL-MLP,test,TGD-Base,0.044123686236804516,median_across_seeds,kge,structural,,3.0,median_across_seeds
02011400,dPL-MLP,train,CN-Base,0.030830392149812536,median_across_seeds,kge,structural,,3.0,median_across_seeds
02011400,dPL-MLP,train,CN-TGD,-0.00018305293805687128,median_across_seeds,kge,structural,,3.0,median_across_seeds
02011400,dPL-MLP,train,TGD-Base,0.030265348517874546,median_across_seeds,kge,structural,,3.0,median_across_seeds
02013000,dPL-MLP,test,CN-Base,0.04256293594688598,median_across_seeds,kge,structural,,3.0,median_across_seeds
02013000,dPL-MLP,test,CN-TGD,0.012249252196498084,median_across_seeds,kge,structural,,3.0,median_across_seeds
02013000,dPL-MLP,test,TGD-Base,0.027829671029480973,median_across_seeds,kge,structural,,3.0,median_across_seeds
02013000,dPL-MLP,train,CN-Base,0.05999374519630429,median_across_seeds,kge,structural,,3.0,median_across_seeds
02013000,dPL-MLP,train,CN-TGD,0.011786046472084588,median_across_seeds,kge,structural,,3.0,median_across_seeds
02013000,dPL-MLP,train,TGD-Base,0.048207698724219705,median_across_seeds,kge,structural,,3.0,median_across_seeds
02014000,dPL-MLP,test,CN-Base,0.06133690506780465,median_across_seeds,kge,structural,,3.0,median_across_seeds
02014000,dPL-MLP,test,CN-TGD,0.013914025780050077,median_across_seeds,kge,structural,,3.0,median_across_seeds
02014000,dPL-MLP,test,TGD-Base,0.03886704947551867,median_across_seeds,kge,structural,,3.0,median_across_seeds
02014000,dPL-MLP,train,CN-Base,0.046153441277117624,median_across_seeds,kge,structural,,3.0,median_across_seeds
02014000,dPL-MLP,train,CN-TGD,0.012167728528331367,median_across_seeds,kge,structural,,3.0,median_across_seeds
02014000,dPL-MLP,train,TGD-Base,0.04034545209669094,median_across_seeds,kge,structural,,3.0,median_across_seeds
02015700,dPL-MLP,test,CN-Base,0.0657734707110974,median_across_seeds,kge,structural,,3.0,median_across_seeds
02015700,dPL-MLP,test,CN-TGD,0.028646884316985366,median_across_seeds,kge,structural,,3.0,median_across_seeds
02015700,dPL-MLP,test,TGD-Base,0.0339217259708936,median_across_seeds,kge,structural,,3.0,median_across_seeds
02015700,dPL-MLP,train,CN-Base,0.04361628492661285,median_across_seeds,kge,structural,,3.0,median_across_seeds
02015700,dPL-MLP,train,CN-TGD,0.00809749274281013,median_across_seeds,kge,structural,,3.0,median_across_seeds
02015700,dPL-MLP,train,TGD-Base,0.039467498723035566,median_across_seeds,kge,structural,,3.0,median_across_seeds
02016000,dPL-MLP,test,CN-Base,0.049486708724889916,median_across_seeds,kge,structural,,3.0,median_across_seeds
02016000,dPL-MLP,test,CN-TGD,0.0011152958537954394,median_across_seeds,kge,structural,,3.0,median_across_seeds
02016000,dPL-MLP,test,TGD-Base,0.04837141287109448,median_across_seeds,kge,structural,,3.0,median_across_seeds
02016000,dPL-MLP,train,CN-Base,0.02772751893291714,median_across_seeds,kge,structural,,3.0,median_across_seeds
02016000,dPL-MLP,train,CN-TGD,0.0005011766146869601,median_across_seeds,kge,structural,,3.0,median_across_seeds
02016000,dPL-MLP,train,TGD-Base,0.025055844062799926,median_across_seeds,kge,structural,,3.0,median_across_seeds
02017500,dPL-MLP,test,CN-Base,0.049909003047820866,median_across_seeds,kge,structural,,3.0,median_across_seeds
02017500,dPL-MLP,test,CN-TGD,0.028245483523272386,median_across_seeds,kge,structural,,3.0,median_across_seeds
02017500,dPL-MLP,test,TGD-Base,0.006245731659603071,median_across_seeds,kge,structural,,3.0,median_across_seeds
02017500,dPL-MLP,train,CN-Base,0.045497289102398475,median_across_seeds,kge,structural,,3.0,median_across_seeds
02017500,dPL-MLP,train,CN-TGD,0.015359203347940165,median_across_seeds,kge,structural,,3.0,median_across_seeds
02017500,dPL-MLP,train,TGD-Base,0.027479746069861477,median_across_seeds,kge,structural,,3.0,median_across_seeds
02018000,dPL-MLP,test,CN-Base,0.021070731651719132,median_across_seeds,kge,structural,,3.0,median_across_seeds
02018000,dPL-MLP,test,CN-TGD,0.004890829254579843,median_across_seeds,kge,structural,,3.0,median_across_seeds
02018000,dPL-MLP,test,TGD-Base,0.020335647587988115,median_across_seeds,kge,structural,,3.0,median_across_seeds
02018000,dPL-MLP,train,CN-Base,0.03808994476222016,median_across_seeds,kge,structural,,3.0,median_across_seeds
02018000,dPL-MLP,train,CN-TGD,0.01525376131564371,median_across_seeds,kge,structural,,3.0,median_across_seeds
02018000,dPL-MLP,train,TGD-Base,0.031469404495667264,median_across_seeds,kge,structural,,3.0,median_across_seeds
02027000,dPL-MLP,test,CN-Base,0.027049550261525668,median_across_seeds,kge,structural,,3.0,median_across_seeds
02027000,dPL-MLP,test,CN-TGD,0.002585725876366296,median_across_seeds,kge,structural,,3.0,median_across_seeds
02027000,dPL-MLP,test,TGD-Base,0.02066279660701198,median_across_seeds,kge,structural,,3.0,median_across_seeds
02027000,dPL-MLP,train,CN-Base,0.021282447549003658,median_across_seeds,kge,structural,,3.0,median_across_seeds
02027000,dPL-MLP,train,CN-TGD,-0.0025793207514170913,median_across_seeds,kge,structural,,3.0,median_across_seeds
02027000,dPL-MLP,train,TGD-Base,0.02117695802443076,median_across_seeds,kge,structural,,3.0,median_across_seeds
02027500,dPL-MLP,test,CN-Base,0.0039780183345254905,median_across_seeds,kge,structural,,3.0,median_across_seeds
02027500,dPL-MLP,test,CN-TGD,-0.00367887435903258,median_across_seeds,kge,structural,,3.0,median_across_seeds
02027500,dPL-MLP,test,TGD-Base,0.0184529832199839,median_across_seeds,kge,structural,,3.0,median_across_seeds
02027500,dPL-MLP,train,CN-Base,0.0025626513735179657,median_across_seeds,kge,structural,,3.0,median_across_seeds
02027500,dPL-MLP,train,CN-TGD,-0.025612821470810232,median_across_seeds,kge,structural,,3.0,median_across_seeds
02027500,dPL-MLP,train,TGD-Base,-0.0010558061754395442,median_across_seeds,kge,structural,,3.0,median_across_seeds
02028500,dPL-MLP,test,CN-Base,0.022844754212588247,median_across_seeds,kge,structural,,3.0,median_across_seeds
02028500,dPL-MLP,test,CN-TGD,0.02092383314193924,median_across_seeds,kge,structural,,3.0,median_across_seeds
02028500,dPL-MLP,test,TGD-Base,0.003933272964535162,median_across_seeds,kge,structural,,3.0,median_across_seeds
02028500,dPL-MLP,train,CN-Base,0.016059471966238137,median_across_seeds,kge,structural,,3.0,median_across_seeds
02028500,dPL-MLP,train,CN-TGD,-0.011700093272751122,median_across_seeds,kge,structural,,3.0,median_across_seeds
02028500,dPL-MLP,train,TGD-Base,0.035228976304125914,median_across_seeds,kge,structural,,3.0,median_across_seeds
02038850,dPL-MLP,test,CN-Base,0.02486003606001208,median_across_seeds,kge,structural,,3.0,median_across_seeds
02038850,dPL-MLP,test,CN-TGD,0.013941087513472339,median_across_seeds,kge,structural,,3.0,median_across_seeds
02038850,dPL-MLP,test,TGD-Base,0.0007868395951092788,median_across_seeds,kge,structural,,3.0,median_across_seeds
02038850,dPL-MLP,train,CN-Base,-0.0026783681508143475,median_across_seeds,kge,structural,,3.0,median_across_seeds
02038850,dPL-MLP,train,CN-TGD,-0.003289342890784308,median_across_seeds,kge,structural,,3.0,median_across_seeds
02038850,dPL-MLP,train,TGD-Base,0.00042476661904433666,median_across_seeds,kge,structural,,3.0,median_across_seeds
02046000,dPL-MLP,test,CN-Base,0.004639958679782397,median_across_seeds,kge,structural,,3.0,median_across_seeds
02046000,dPL-MLP,test,CN-TGD,-0.0006637880001308938,median_across_seeds,kge,structural,,3.0,median_across_seeds
02046000,dPL-MLP,test,TGD-Base,8.141327610700078e-05,median_across_seeds,kge,structural,,3.0,median_across_seeds
02046000,dPL-MLP,train,CN-Base,0.026724960760810546,median_across_seeds,kge,structural,,3.0,median_across_seeds
02046000,dPL-MLP,train,CN-TGD,0.0010499389414552196,median_across_seeds,kge,structural,,3.0,median_across_seeds
02046000,dPL-MLP,train,TGD-Base,0.03299394631503427,median_across_seeds,kge,structural,,3.0,median_across_seeds
02051500,dPL-MLP,test,CN-Base,0.006340549826036268,median_across_seeds,kge,structural,,3.0,median_across_seeds
02051500,dPL-MLP,test,CN-TGD,-0.007454864268962247,median_across_seeds,kge,structural,,3.0,median_across_seeds
02051500,dPL-MLP,test,TGD-Base,0.013795414094998515,median_across_seeds,kge,structural,,3.0,median_across_seeds
02051500,dPL-MLP,train,CN-Base,0.031726512402209694,median_across_seeds,kge,structural,,3.0,median_across_seeds
02051500,dPL-MLP,train,CN-TGD,0.004811092126929983,median_across_seeds,kge,structural,,3.0,median_across_seeds
02051500,dPL-MLP,train,TGD-Base,0.02691542027527971,median_across_seeds,kge,structural,,3.0,median_across_seeds
02053200,dPL-MLP,test,CN-Base,-0.004704015120353788,median_across_seeds,kge,structural,,3.0,median_across_seeds
02053200,dPL-MLP,test,CN-TGD,-0.00369835400898455,median_across_seeds,kge,structural,,3.0,median_across_seeds
02053200,dPL-MLP,test,TGD-Base,0.0010362426792105417,median_across_seeds,kge,structural,,3.0,median_across_seeds
02053200,dPL-MLP,train,CN-Base,-0.003545676196145542,median_across_seeds,kge,structural,,3.0,median_across_seeds
02053200,dPL-MLP,train,CN-TGD,-0.0037821834195190807,median_across_seeds,kge,structural,,3.0,median_across_seeds
02053200,dPL-MLP,train,TGD-Base,-0.0031498290963357656,median_across_seeds,kge,structural,,3.0,median_across_seeds
02053800,dPL-MLP,test,CN-Base,0.012594749035729214,median_across_seeds,kge,structural,,3.0,median_across_seeds
02053800,dPL-MLP,test,CN-TGD,-0.00903347776524388,median_across_seeds,kge,structural,,3.0,median_across_seeds
02053800,dPL-MLP,test,TGD-Base,0.023973401525718696,median_across_seeds,kge,structural,,3.0,median_across_seeds
02053800,dPL-MLP,train,CN-Base,0.03960742318309385,median_across_seeds,kge,structural,,3.0,median_across_seeds
02053800,dPL-MLP,train,CN-TGD,0.0031402813765492033,median_across_seeds,kge,structural,,3.0,median_across_seeds
02053800,dPL-MLP,train,TGD-Base,0.03674507558517237,median_across_seeds,kge,structural,,3.0,median_across_seeds
02055100,dPL-MLP,test,CN-Base,0.029106320637059535,median_across_seeds,kge,structural,,3.0,median_across_seeds
02055100,dPL-MLP,test,CN-TGD,-0.0037882443735044458,median_across_seeds,kge,structural,,3.0,median_across_seeds
02055100,dPL-MLP,test,TGD-Base,0.019247456155386033,median_across_seeds,kge,structural,,3.0,median_across_seeds
02055100,dPL-MLP,train,CN-Base,0.03097026354516169,median_across_seeds,kge,structural,,3.0,median_across_seeds
02055100,dPL-MLP,train,CN-TGD,0.02065542716023888,median_across_seeds,kge,structural,,3.0,median_across_seeds
02055100,dPL-MLP,train,TGD-Base,0.01031483638492281,median_across_seeds,kge,structural,,3.0,median_across_seeds
02056900,dPL-MLP,test,CN-Base,0.010871536365062773,median_across_seeds,kge,structural,,3.0,median_across_seeds
02056900,dPL-MLP,test,CN-TGD,0.015099522322226222,median_across_seeds,kge,structural,,3.0,median_across_seeds
02056900,dPL-MLP,test,TGD-Base,-0.008456660404738026,median_across_seeds,kge,structural,,3.0,median_across_seeds
02056900,dPL-MLP,train,CN-Base,0.02142584431028971,median_across_seeds,kge,structural,,3.0,median_across_seeds
02056900,dPL-MLP,train,CN-TGD,0.0074642986843083126,median_across_seeds,kge,structural,,3.0,median_across_seeds
02056900,dPL-MLP,train,TGD-Base,0.010868548507196762,median_across_seeds,kge,structural,,3.0,median_across_seeds
02059500,dPL-MLP,test,CN-Base,-0.011358772438416875,median_across_seeds,kge,structural,,3.0,median_across_seeds
02059500,dPL-MLP,test,CN-TGD,0.04326435271421902,median_across_seeds,kge,structural,,3.0,median_across_seeds
02059500,dPL-MLP,test,TGD-Base,-0.0546231251526359,median_across_seeds,kge,structural,,3.0,median_across_seeds
02059500,dPL-MLP,train,CN-Base,0.022907479015824017,median_across_seeds,kge,structural,,3.0,median_across_seeds
02059500,dPL-MLP,train,CN-TGD,0.028625188609901597,median_across_seeds,kge,structural,,3.0,median_across_seeds
02059500,dPL-MLP,train,TGD-Base,-0.007429807245986408,median_across_seeds,kge,structural,,3.0,median_across_seeds
02064000,dPL-MLP,test,CN-Base,0.016743871475074612,median_across_seeds,kge,structural,,3.0,median_across_seeds
02064000,dPL-MLP,test,CN-TGD,0.030784036201431775,median_across_seeds,kge,structural,,3.0,median_across_seeds
02064000,dPL-MLP,test,TGD-Base,-0.007328782154242708,median_across_seeds,kge,structural,,3.0,median_across_seeds
02064000,dPL-MLP,train,CN-Base,0.04399264293085847,median_across_seeds,kge,structural,,3.0,median_across_seeds
02064000,dPL-MLP,train,CN-TGD,0.041490780257633086,median_across_seeds,kge,structural,,3.0,median_across_seeds
02064000,dPL-MLP,train,TGD-Base,0.003686754191635,median_across_seeds,kge,structural,,3.0,median_across_seeds
02065500,dPL-MLP,test,CN-Base,-0.03715049095432965,median_across_seeds,kge,structural,,3.0,median_across_seeds
02065500,dPL-MLP,test,CN-TGD,-0.033681572997614206,median_across_seeds,kge,structural,,3.0,median_across_seeds
02065500,dPL-MLP,test,TGD-Base,0.002347331493807947,median_across_seeds,kge,structural,,3.0,median_across_seeds
02065500,dPL-MLP,train,CN-Base,-0.008582277360301704,median_across_seeds,kge,structural,,3.0,median_across_seeds
02065500,dPL-MLP,train,CN-TGD,-0.013194005564908129,median_across_seeds,kge,structural,,3.0,median_across_seeds
02065500,dPL-MLP,train,TGD-Base,0.011589882851456568,median_across_seeds,kge,structural,,3.0,median_across_seeds
02069700,dPL-MLP,test,CN-Base,-0.01348417275639957,median_across_seeds,kge,structural,,3.0,median_across_seeds
02069700,dPL-MLP,test,CN-TGD,-0.014253999909288662,median_across_seeds,kge,structural,,3.0,median_across_seeds
02069700,dPL-MLP,test,TGD-Base,-0.00018307369856218614,median_across_seeds,kge,structural,,3.0,median_across_seeds
02069700,dPL-MLP,train,CN-Base,0.015424220930381427,median_across_seeds,kge,structural,,3.0,median_across_seeds
02069700,dPL-MLP,train,CN-TGD,-0.0008476360221469914,median_across_seeds,kge,structural,,3.0,median_across_seeds
02069700,dPL-MLP,train,TGD-Base,0.01627185695252842,median_across_seeds,kge,structural,,3.0,median_across_seeds
02070000,dPL-MLP,test,CN-Base,-0.06843022563018697,median_across_seeds,kge,structural,,3.0,median_across_seeds
02070000,dPL-MLP,test,CN-TGD,-0.040032201231320674,median_across_seeds,kge,structural,,3.0,median_across_seeds
02070000,dPL-MLP,test,TGD-Base,-0.004637766471099702,median_across_seeds,kge,structural,,3.0,median_across_seeds
02070000,dPL-MLP,train,CN-Base,0.03662969056021981,median_across_seeds,kge,structural,,3.0,median_across_seeds
02070000,dPL-MLP,train,CN-TGD,0.010950288345346615,median_across_seeds,kge,structural,,3.0,median_across_seeds
02070000,dPL-MLP,train,TGD-Base,0.023456318140179788,median_across_seeds,kge,structural,,3.0,median_across_seeds
02074500,dPL-MLP,test,CN-Base,0.002872457915453208,median_across_seeds,kge,structural,,3.0,median_across_seeds
02074500,dPL-MLP,test,CN-TGD,0.04053598226692179,median_across_seeds,kge,structural,,3.0,median_across_seeds
02074500,dPL-MLP,test,TGD-Base,-0.002269408205206158,median_across_seeds,kge,structural,,3.0,median_across_seeds
02074500,dPL-MLP,train,CN-Base,0.01848434842503166,median_across_seeds,kge,structural,,3.0,median_across_seeds
02074500,dPL-MLP,train,CN-TGD,0.014967813692112086,median_across_seeds,kge,structural,,3.0,median_across_seeds
02074500,dPL-MLP,train,TGD-Base,0.003516534732919574,median_across_seeds,kge,structural,,3.0,median_across_seeds
02077200,dPL-MLP,test,CN-Base,0.07008790823548094,median_across_seeds,kge,structural,,3.0,median_across_seeds
02077200,dPL-MLP,test,CN-TGD,0.006363464950188025,median_across_seeds,kge,structural,,3.0,median_across_seeds
02077200,dPL-MLP,test,TGD-Base,0.02342977901138865,median_across_seeds,kge,structural,,3.0,median_across_seeds
02077200,dPL-MLP,train,CN-Base,-0.0009939912597169975,median_across_seeds,kge,structural,,3.0,median_across_seeds
02077200,dPL-MLP,train,CN-TGD,0.00039988725081596677,median_across_seeds,kge,structural,,3.0,median_across_seeds
02077200,dPL-MLP,train,TGD-Base,-0.0013938785105329643,median_across_seeds,kge,structural,,3.0,median_across_seeds
02081500,dPL-MLP,test,CN-Base,0.02281065368451407,median_across_seeds,kge,structural,,3.0,median_across_seeds
02081500,dPL-MLP,test,CN-TGD,0.02074583616275838,median_across_seeds,kge,structural,,3.0,median_across_seeds
02081500,dPL-MLP,test,TGD-Base,0.0020648175217556908,median_across_seeds,kge,structural,,3.0,median_across_seeds
02081500,dPL-MLP,train,CN-Base,-0.028726429077365334,median_across_seeds,kge,structural,,3.0,median_across_seeds
02081500,dPL-MLP,train,CN-TGD,-0.03580906069678358,median_across_seeds,kge,structural,,3.0,median_across_seeds
02081500,dPL-MLP,train,TGD-Base,0.008300466308627907,median_across_seeds,kge,structural,,3.0,median_across_seeds
02082950,dPL-MLP,test,CN-Base,-0.008369710981157907,median_across_seeds,kge,structural,,3.0,median_across_seeds
02082950,dPL-MLP,test,CN-TGD,-0.013845598533649195,median_across_seeds,kge,structural,,3.0,median_across_seeds
02082950,dPL-MLP,test,TGD-Base,0.0059110302353824196,median_across_seeds,kge,structural,,3.0,median_across_seeds
02082950,dPL-MLP,train,CN-Base,0.022424476520053527,median_across_seeds,kge,structural,,3.0,median_across_seeds
02082950,dPL-MLP,train,CN-TGD,0.006893360224272227,median_across_seeds,kge,structural,,3.0,median_across_seeds
02082950,dPL-MLP,train,TGD-Base,0.0155311162957813,median_across_seeds,kge,structural,,3.0,median_across_seeds
02092500,dPL-MLP,test,CN-Base,-0.05648887473653019,median_across_seeds,kge,structural,,3.0,median_across_seeds
02092500,dPL-MLP,test,CN-TGD,-0.016548749365457582,median_across_seeds,kge,structural,,3.0,median_across_seeds
02092500,dPL-MLP,test,TGD-Base,-0.022909538992332057,median_across_seeds,kge,structural,,3.0,median_across_seeds
02092500,dPL-MLP,train,CN-Base,-0.0031720804563049043,median_across_seeds,kge,structural,,3.0,median_across_seeds
02092500,dPL-MLP,train,CN-TGD,-0.008044054287745905,median_across_seeds,kge,structural,,3.0,median_across_seeds
02092500,dPL-MLP,train,TGD-Base,0.0037416363453554036,median_across_seeds,kge,structural,,3.0,median_across_seeds
02096846,dPL-MLP,test,CN-Base,-0.009418899781023615,median_across_seeds,kge,structural,,3.0,median_across_seeds
02096846,dPL-MLP,test,CN-TGD,-0.027994386410125083,median_across_seeds,kge,structural,,3.0,median_across_seeds
02096846,dPL-MLP,test,TGD-Base,0.018575486629101468,median_across_seeds,kge,structural,,3.0,median_across_seeds
02096846,dPL-MLP,train,CN-Base,0.015843654034230714,median_across_seeds,kge,structural,,3.0,median_across_seeds
02096846,dPL-MLP,train,CN-TGD,0.004723579472823092,median_across_seeds,kge,structural,,3.0,median_across_seeds
02096846,dPL-MLP,train,TGD-Base,0.0054616801728579745,median_across_seeds,kge,structural,,3.0,median_across_seeds
02102908,dPL-MLP,test,CN-Base,0.011157570009445283,median_across_seeds,kge,structural,,3.0,median_across_seeds
02102908,dPL-MLP,test,CN-TGD,0.02328731503313064,median_across_seeds,kge,structural,,3.0,median_across_seeds
02102908,dPL-MLP,test,TGD-Base,-0.006550576212079884,median_across_seeds,kge,structural,,3.0,median_across_seeds
02102908,dPL-MLP,train,CN-Base,0.0033411710168516073,median_across_seeds,kge,structural,,3.0,median_across_seeds
02102908,dPL-MLP,train,CN-TGD,-0.006150728192701349,median_across_seeds,kge,structural,,3.0,median_across_seeds
02102908,dPL-MLP,train,TGD-Base,0.009491899209552956,median_across_seeds,kge,structural,,3.0,median_across_seeds
02108000,dPL-MLP,test,CN-Base,-0.02191023340588205,median_across_seeds,kge,structural,,3.0,median_across_seeds
02108000,dPL-MLP,test,CN-TGD,-0.0006742836280797526,median_across_seeds,kge,structural,,3.0,median_across_seeds
02108000,dPL-MLP,test,TGD-Base,0.006694123549355169,median_across_seeds,kge,structural,,3.0,median_across_seeds
02108000,dPL-MLP,train,CN-Base,-0.019234808424695493,median_across_seeds,kge,structural,,3.0,median_across_seeds
02108000,dPL-MLP,train,CN-TGD,-0.00545091287791688,median_across_seeds,kge,structural,,3.0,median_across_seeds
02108000,dPL-MLP,train,TGD-Base,0.002073090582998649,median_across_seeds,kge,structural,,3.0,median_across_seeds
02111180,dPL-MLP,test,CN-Base,-0.010813848920766533,median_across_seeds,kge,structural,,3.0,median_across_seeds
02111180,dPL-MLP,test,CN-TGD,0.0037450352342662807,median_across_seeds,kge,structural,,3.0,median_across_seeds
02111180,dPL-MLP,test,TGD-Base,-0.014558884155032814,median_across_seeds,kge,structural,,3.0,median_across_seeds
02111180,dPL-MLP,train,CN-Base,0.019314602421661498,median_across_seeds,kge,structural,,3.0,median_across_seeds
02111180,dPL-MLP,train,CN-TGD,0.008835682139666234,median_across_seeds,kge,structural,,3.0,median_across_seeds
02111180,dPL-MLP,train,TGD-Base,0.013997073304428564,median_across_seeds,kge,structural,,3.0,median_across_seeds
02111500,dPL-MLP,test,CN-Base,-0.018685435217300705,median_across_seeds,kge,structural,,3.0,median_across_seeds
02111500,dPL-MLP,test,CN-TGD,-0.004156550910431656,median_across_seeds,kge,structural,,3.0,median_across_seeds
02111500,dPL-MLP,test,TGD-Base,-0.009288045505512543,median_across_seeds,kge,structural,,3.0,median_across_seeds
02111500,dPL-MLP,train,CN-Base,0.0031952069479888046,median_across_seeds,kge,structural,,3.0,median_across_seeds
02111500,dPL-MLP,train,CN-TGD,0.004007827268316166,median_across_seeds,kge,structural,,3.0,median_across_seeds
02111500,dPL-MLP,train,TGD-Base,-0.003284914635419578,median_across_seeds,kge,structural,,3.0,median_across_seeds
02112120,dPL-MLP,test,CN-Base,-0.01455707352242619,median_across_seeds,kge,structural,,3.0,median_across_seeds
02112120,dPL-MLP,test,CN-TGD,-0.010186787867735303,median_across_seeds,kge,structural,,3.0,median_across_seeds
02112120,dPL-MLP,test,TGD-Base,0.0005200197839457799,median_across_seeds,kge,structural,,3.0,median_across_seeds
02112120,dPL-MLP,train,CN-Base,0.002122605575574532,median_across_seeds,kge,structural,,3.0,median_across_seeds
02112120,dPL-MLP,train,CN-TGD,0.002879268048631811,median_across_seeds,kge,structural,,3.0,median_across_seeds
02112120,dPL-MLP,train,TGD-Base,-6.21256781306867e-05,median_across_seeds,kge,structural,,3.0,median_across_seeds
02112360,dPL-MLP,test,CN-Base,-0.007271287213875488,median_across_seeds,kge,structural,,3.0,median_across_seeds
02112360,dPL-MLP,test,CN-TGD,0.013145053970180398,median_across_seeds,kge,structural,,3.0,median_across_seeds
02112360,dPL-MLP,test,TGD-Base,-0.004583012575649081,median_across_seeds,kge,structural,,3.0,median_across_seeds
02112360,dPL-MLP,train,CN-Base,0.0021684842777053293,median_across_seeds,kge,structural,,3.0,median_across_seeds
02112360,dPL-MLP,train,CN-TGD,0.00419651937302723,median_across_seeds,kge,structural,,3.0,median_across_seeds
02112360,dPL-MLP,train,TGD-Base,0.0062728776361695715,median_across_seeds,kge,structural,,3.0,median_across_seeds
02118500,dPL-MLP,test,CN-Base,-0.004379117839176105,median_across_seeds,kge,structural,,3.0,median_across_seeds
02118500,dPL-MLP,test,CN-TGD,0.02112526152303773,median_across_seeds,kge,structural,,3.0,median_across_seeds
02118500,dPL-MLP,test,TGD-Base,-0.002786323739107588,median_across_seeds,kge,structural,,3.0,median_across_seeds
02118500,dPL-MLP,train,CN-Base,0.023536829528984837,median_across_seeds,kge,structural,,3.0,median_across_seeds
02118500,dPL-MLP,train,CN-TGD,-0.016326293058188224,median_across_seeds,kge,structural,,3.0,median_across_seeds
02118500,dPL-MLP,train,TGD-Base,0.02736222526142651,median_across_seeds,kge,structural,,3.0,median_across_seeds
02125000,dPL-MLP,test,CN-Base,0.0013526081930417266,median_across_seeds,kge,structural,,3.0,median_across_seeds
02125000,dPL-MLP,test,CN-TGD,-0.01090544935379345,median_across_seeds,kge,structural,,3.0,median_across_seeds
02125000,dPL-MLP,test,TGD-Base,0.002591660367121218,median_across_seeds,kge,structural,,3.0,median_across_seeds
02125000,dPL-MLP,train,CN-Base,0.003093881968480483,median_across_seeds,kge,structural,,3.0,median_across_seeds
02125000,dPL-MLP,train,CN-TGD,-0.004106581022949474,median_across_seeds,kge,structural,,3.0,median_across_seeds
02125000,dPL-MLP,train,TGD-Base,0.007330226566296116,median_across_seeds,kge,structural,,3.0,median_across_seeds
02128000,dPL-MLP,test,CN-Base,-0.009275064654304499,median_across_seeds,kge,structural,,3.0,median_across_seeds
02128000,dPL-MLP,test,CN-TGD,0.0017699570852898194,median_across_seeds,kge,structural,,3.0,median_across_seeds
02128000,dPL-MLP,test,TGD-Base,-0.00539909122976201,median_across_seeds,kge,structural,,3.0,median_across_seeds
02128000,dPL-MLP,train,CN-Base,-0.003346569523211884,median_across_seeds,kge,structural,,3.0,median_across_seeds
02128000,dPL-MLP,train,CN-TGD,0.002767833637149497,median_across_seeds,kge,structural,,3.0,median_across_seeds
02128000,dPL-MLP,train,TGD-Base,-0.004778112945671875,median_across_seeds,kge,structural,,3.0,median_across_seeds
02137727,dPL-MLP,test,CN-Base,0.012093703058130068,median_across_seeds,kge,structural,,3.0,median_across_seeds
02137727,dPL-MLP,test,CN-TGD,0.013155147943359147,median_across_seeds,kge,structural,,3.0,median_across_seeds
02137727,dPL-MLP,test,TGD-Base,-0.0010614448852290792,median_across_seeds,kge,structural,,3.0,median_across_seeds
02137727,dPL-MLP,train,CN-Base,0.011109999129752635,median_across_seeds,kge,structural,,3.0,median_across_seeds
02137727,dPL-MLP,train,CN-TGD,0.005625373195619288,median_across_seeds,kge,structural,,3.0,median_across_seeds
02137727,dPL-MLP,train,TGD-Base,0.005943829646555265,median_across_seeds,kge,structural,,3.0,median_across_seeds
02140991,dPL-MLP,test,CN-Base,-0.011163660057167957,median_across_seeds,kge,structural,,3.0,median_across_seeds
02140991,dPL-MLP,test,CN-TGD,0.017000317174417523,median_across_seeds,kge,structural,,3.0,median_across_seeds
02140991,dPL-MLP,test,TGD-Base,-0.02177117203098755,median_across_seeds,kge,structural,,3.0,median_across_seeds
02140991,dPL-MLP,train,CN-Base,0.02946311579430061,median_across_seeds,kge,structural,,3.0,median_across_seeds
02140991,dPL-MLP,train,CN-TGD,-0.0012267110370484113,median_across_seeds,kge,structural,,3.0,median_across_seeds
02140991,dPL-MLP,train,TGD-Base,0.022276807681684385,median_across_seeds,kge,structural,,3.0,median_across_seeds
02143000,dPL-MLP,test,CN-Base,0.008277690957651962,median_across_seeds,kge,structural,,3.0,median_across_seeds
02143000,dPL-MLP,test,CN-TGD,0.017781847343879664,median_across_seeds,kge,structural,,3.0,median_across_seeds
02143000,dPL-MLP,test,TGD-Base,-0.013057519331700851,median_across_seeds,kge,structural,,3.0,median_across_seeds
02143000,dPL-MLP,train,CN-Base,0.017341621978015143,median_across_seeds,kge,structural,,3.0,median_across_seeds
02143000,dPL-MLP,train,CN-TGD,0.006919886144143184,median_across_seeds,kge,structural,,3.0,median_across_seeds
02143000,dPL-MLP,train,TGD-Base,0.02074076955827875,median_across_seeds,kge,structural,,3.0,median_across_seeds
02143040,dPL-MLP,test,CN-Base,-0.01563436513712757,median_across_seeds,kge,structural,,3.0,median_across_seeds
02143040,dPL-MLP,test,CN-TGD,-0.005044448277914948,median_across_seeds,kge,structural,,3.0,median_across_seeds
02143040,dPL-MLP,test,TGD-Base,-0.010589916859212622,median_across_seeds,kge,structural,,3.0,median_across_seeds
02143040,dPL-MLP,train,CN-Base,0.003563025552849486,median_across_seeds,kge,structural,,3.0,median_across_seeds
02143040,dPL-MLP,train,CN-TGD,-0.0012965236649560286,median_across_seeds,kge,structural,,3.0,median_across_seeds
02143040,dPL-MLP,train,TGD-Base,0.004859549217805514,median_across_seeds,kge,structural,,3.0,median_across_seeds
02149000,dPL-MLP,test,CN-Base,-0.007755891189352493,median_across_seeds,kge,structural,,3.0,median_across_seeds
02149000,dPL-MLP,test,CN-TGD,0.06959168331031529,median_across_seeds,kge,structural,,3.0,median_across_seeds
02149000,dPL-MLP,test,TGD-Base,-0.06405100937286379,median_across_seeds,kge,structural,,3.0,median_across_seeds
02149000,dPL-MLP,train,CN-Base,0.004170863908231848,median_across_seeds,kge,structural,,3.0,median_across_seeds
02149000,dPL-MLP,train,CN-TGD,0.004244988572685515,median_across_seeds,kge,structural,,3.0,median_across_seeds
02149000,dPL-MLP,train,TGD-Base,0.00218993600240025,median_across_seeds,kge,structural,,3.0,median_across_seeds
02152100,dPL-MLP,test,CN-Base,-0.05070517668166541,median_across_seeds,kge,structural,,3.0,median_across_seeds
02152100,dPL-MLP,test,CN-TGD,-0.027310603950633006,median_across_seeds,kge,structural,,3.0,median_across_seeds
02152100,dPL-MLP,test,TGD-Base,-0.025905525819518882,median_across_seeds,kge,structural,,3.0,median_across_seeds
02152100,dPL-MLP,train,CN-Base,-0.0019414285745155135,median_across_seeds,kge,structural,,3.0,median_across_seeds
02152100,dPL-MLP,train,CN-TGD,-0.0021691635333224157,median_across_seeds,kge,structural,,3.0,median_across_seeds
02152100,dPL-MLP,train,TGD-Base,0.0002277349588069022,median_across_seeds,kge,structural,,3.0,median_across_seeds
02177000,dPL-MLP,test,CN-Base,-0.0019494144163501037,median_across_seeds,kge,structural,,3.0,median_across_seeds
02177000,dPL-MLP,test,CN-TGD,0.005943503306567455,median_across_seeds,kge,structural,,3.0,median_across_seeds
02177000,dPL-MLP,test,TGD-Base,-0.003313028595379519,median_across_seeds,kge,structural,,3.0,median_across_seeds
02177000,dPL-MLP,train,CN-Base,0.004665608403054189,median_across_seeds,kge,structural,,3.0,median_across_seeds
02177000,dPL-MLP,train,CN-TGD,-0.00012297489345935997,median_across_seeds,kge,structural,,3.0,median_across_seeds
02177000,dPL-MLP,train,TGD-Base,0.0045789762024022185,median_across_seeds,kge,structural,,3.0,median_across_seeds
02178400,dPL-MLP,test,CN-Base,-0.003207644505697327,median_across_seeds,kge,structural,,3.0,median_across_seeds
02178400,dPL-MLP,test,CN-TGD,0.0010907368322139455,median_across_seeds,kge,structural,,3.0,median_across_seeds
02178400,dPL-MLP,test,TGD-Base,-0.004551698852417685,median_across_seeds,kge,structural,,3.0,median_across_seeds
02178400,dPL-MLP,train,CN-Base,-0.009286871874559566,median_across_seeds,kge,structural,,3.0,median_across_seeds
02178400,dPL-MLP,train,CN-TGD,-0.007674669035444559,median_across_seeds,kge,structural,,3.0,median_across_seeds
02178400,dPL-MLP,train,TGD-Base,-0.0020571527409749546,median_across_seeds,kge,structural,,3.0,median_across_seeds
02193340,dPL-MLP,test,CN-Base,0.01043807536206054,median_across_seeds,kge,structural,,3.0,median_across_seeds
02193340,dPL-MLP,test,CN-TGD,-0.0007304179048011061,median_across_seeds,kge,structural,,3.0,median_across_seeds
02193340,dPL-MLP,test,TGD-Base,0.002113149773648404,median_across_seeds,kge,structural,,3.0,median_across_seeds
02193340,dPL-MLP,train,CN-Base,0.006567841383779305,median_across_seeds,kge,structural,,3.0,median_across_seeds
02193340,dPL-MLP,train,CN-TGD,-8.441893610533491e-05,median_across_seeds,kge,structural,,3.0,median_across_seeds
02193340,dPL-MLP,train,TGD-Base,0.010344886655616836,median_across_seeds,kge,structural,,3.0,median_across_seeds
02196000,dPL-MLP,test,CN-Base,-0.045695761304216265,median_across_seeds,kge,structural,,3.0,median_across_seeds
02196000,dPL-MLP,test,CN-TGD,-0.012571118408447934,median_across_seeds,kge,structural,,3.0,median_across_seeds
02196000,dPL-MLP,test,TGD-Base,-0.03312464289576833,median_across_seeds,kge,structural,,3.0,median_across_seeds
02196000,dPL-MLP,train,CN-Base,0.011450176102491438,median_across_seeds,kge,structural,,3.0,median_across_seeds
02196000,dPL-MLP,train,CN-TGD,0.003944101198684935,median_across_seeds,kge,structural,,3.0,median_across_seeds
02196000,dPL-MLP,train,TGD-Base,0.007506074903806503,median_across_seeds,kge,structural,,3.0,median_across_seeds
02198100,dPL-MLP,test,CN-Base,0.015636174807640235,median_across_seeds,kge,structural,,3.0,median_across_seeds
02198100,dPL-MLP,test,CN-TGD,-0.014589231714756234,median_across_seeds,kge,structural,,3.0,median_across_seeds
02198100,dPL-MLP,test,TGD-Base,0.03022540652239647,median_across_seeds,kge,structural,,3.0,median_across_seeds
02198100,dPL-MLP,train,CN-Base,0.03577032016446202,median_across_seeds,kge,structural,,3.0,median_across_seeds
02198100,dPL-MLP,train,CN-TGD,-0.0012723402328917999,median_across_seeds,kge,structural,,3.0,median_across_seeds
02198100,dPL-MLP,train,TGD-Base,0.02783978888917127,median_across_seeds,kge,structural,,3.0,median_across_seeds
02202600,dPL-MLP,test,CN-Base,-0.014023459406702576,median_across_seeds,kge,structural,,3.0,median_across_seeds
02202600,dPL-MLP,test,CN-TGD,-0.00906695327056517,median_across_seeds,kge,structural,,3.0,median_across_seeds
02202600,dPL-MLP,test,TGD-Base,-0.00020044258834472917,median_across_seeds,kge,structural,,3.0,median_across_seeds
02202600,dPL-MLP,train,CN-Base,-0.007387868261183428,median_across_seeds,kge,structural,,3.0,median_across_seeds
02202600,dPL-MLP,train,CN-TGD,0.0017793034734778779,median_across_seeds,kge,structural,,3.0,median_across_seeds
02202600,dPL-MLP,train,TGD-Base,-0.010061560895868737,median_across_seeds,kge,structural,,3.0,median_across_seeds
02212600,dPL-MLP,test,CN-Base,-0.05526271829916962,median_across_seeds,kge,structural,,3.0,median_across_seeds
02212600,dPL-MLP,test,CN-TGD,0.005588856200672954,median_across_seeds,kge,structural,,3.0,median_across_seeds
02212600,dPL-MLP,test,TGD-Base,-0.060851574499842576,median_across_seeds,kge,structural,,3.0,median_across_seeds
02212600,dPL-MLP,train,CN-Base,0.015503853611824825,median_across_seeds,kge,structural,,3.0,median_across_seeds
02212600,dPL-MLP,train,CN-TGD,0.043029921243884384,median_across_seeds,kge,structural,,3.0,median_across_seeds
02212600,dPL-MLP,train,TGD-Base,-0.02752606763205956,median_across_seeds,kge,structural,,3.0,median_across_seeds
02215100,dPL-MLP,test,CN-Base,-0.008166980226991916,median_across_seeds,kge,structural,,3.0,median_across_seeds
02215100,dPL-MLP,test,CN-TGD,-0.0015967983585380985,median_across_seeds,kge,structural,,3.0,median_across_seeds
02215100,dPL-MLP,test,TGD-Base,0.0224593586810381,median_across_seeds,kge,structural,,3.0,median_across_seeds
02215100,dPL-MLP,train,CN-Base,0.0061645437491945065,median_across_seeds,kge,structural,,3.0,median_across_seeds
02215100,dPL-MLP,train,CN-TGD,-0.0029269224436363483,median_across_seeds,kge,structural,,3.0,median_across_seeds
02215100,dPL-MLP,train,TGD-Base,0.009467540414965447,median_across_seeds,kge,structural,,3.0,median_across_seeds
02216180,dPL-MLP,test,CN-Base,-0.0428164088731986,median_across_seeds,kge,structural,,3.0,median_across_seeds
02216180,dPL-MLP,test,CN-TGD,-0.05815960514109775,median_across_seeds,kge,structural,,3.0,median_across_seeds
02216180,dPL-MLP,test,TGD-Base,-0.002636934664359547,median_across_seeds,kge,structural,,3.0,median_across_seeds
02216180,dPL-MLP,train,CN-Base,0.002881020693987324,median_across_seeds,kge,structural,,3.0,median_across_seeds
02216180,dPL-MLP,train,CN-TGD,-0.002775458772648731,median_across_seeds,kge,structural,,3.0,median_across_seeds
02216180,dPL-MLP,train,TGD-Base,0.01156418653541702,median_across_seeds,kge,structural,,3.0,median_across_seeds
02221525,dPL-MLP,test,CN-Base,-0.0005908083474539527,median_across_seeds,kge,structural,,3.0,median_across_seeds
02221525,dPL-MLP,test,CN-TGD,-0.013987307691321504,median_across_seeds,kge,structural,,3.0,median_across_seeds
02221525,dPL-MLP,test,TGD-Base,0.013396499343867552,median_across_seeds,kge,structural,,3.0,median_across_seeds
02221525,dPL-MLP,train,CN-Base,0.021008556370450515,median_across_seeds,kge,structural,,3.0,median_across_seeds
02221525,dPL-MLP,train,CN-TGD,0.0019673586721308256,median_across_seeds,kge,structural,,3.0,median_across_seeds
02221525,dPL-MLP,train,TGD-Base,0.01934425958318775,median_across_seeds,kge,structural,,3.0,median_across_seeds
02231000,dPL-MLP,test,CN-Base,0.007407387790352549,median_across_seeds,kge,structural,,3.0,median_across_seeds
02231000,dPL-MLP,test,CN-TGD,0.0020723630406767057,median_across_seeds,kge,structural,,3.0,median_across_seeds
02231000,dPL-MLP,test,TGD-Base,0.011584395948204262,median_across_seeds,kge,structural,,3.0,median_across_seeds
02231000,dPL-MLP,train,CN-Base,-0.009036490082071746,median_across_seeds,kge,structural,,3.0,median_across_seeds
02231000,dPL-MLP,train,CN-TGD,0.03318854329817433,median_across_seeds,kge,structural,,3.0,median_across_seeds
02231000,dPL-MLP,train,TGD-Base,-0.042193351532033185,median_across_seeds,kge,structural,,3.0,median_across_seeds
02245500,dPL-MLP,test,CN-Base,0.014793390261111927,median_across_seeds,kge,structural,,3.0,median_across_seeds
02245500,dPL-MLP,test,CN-TGD,-0.009785690571858185,median_across_seeds,kge,structural,,3.0,median_across_seeds
02245500,dPL-MLP,test,TGD-Base,0.006629438692231315,median_across_seeds,kge,structural,,3.0,median_across_seeds
02245500,dPL-MLP,train,CN-Base,0.01558319201694458,median_across_seeds,kge,structural,,3.0,median_across_seeds
02245500,dPL-MLP,train,CN-TGD,0.02475543312450923,median_across_seeds,kge,structural,,3.0,median_across_seeds
02245500,dPL-MLP,train,TGD-Base,0.007680600085566702,median_across_seeds,kge,structural,,3.0,median_across_seeds
02246000,dPL-MLP,test,CN-Base,0.01648203214930466,median_across_seeds,kge,structural,,3.0,median_across_seeds
02246000,dPL-MLP,test,CN-TGD,0.019913204874006163,median_across_seeds,kge,structural,,3.0,median_across_seeds
02246000,dPL-MLP,test,TGD-Base,-0.011510817615239421,median_across_seeds,kge,structural,,3.0,median_across_seeds
02246000,dPL-MLP,train,CN-Base,-0.03299595622417062,median_across_seeds,kge,structural,,3.0,median_across_seeds
02246000,dPL-MLP,train,CN-TGD,-0.050083349092947316,median_across_seeds,kge,structural,,3.0,median_across_seeds
02246000,dPL-MLP,train,TGD-Base,0.007292834635861167,median_across_seeds,kge,structural,,3.0,median_across_seeds
02296500,dPL-MLP,test,CN-Base,-0.01057567388152203,median_across_seeds,kge,structural,,3.0,median_across_seeds
02296500,dPL-MLP,test,CN-TGD,0.024194794202271663,median_across_seeds,kge,structural,,3.0,median_across_seeds
02296500,dPL-MLP,test,TGD-Base,-0.06027867790196939,median_across_seeds,kge,structural,,3.0,median_across_seeds
02296500,dPL-MLP,train,CN-Base,0.007791732217546921,median_across_seeds,kge,structural,,3.0,median_across_seeds
02296500,dPL-MLP,train,CN-TGD,0.0035525876767642517,median_across_seeds,kge,structural,,3.0,median_across_seeds
02296500,dPL-MLP,train,TGD-Base,-0.0445209762977794,median_across_seeds,kge,structural,,3.0,median_across_seeds
02297155,dPL-MLP,test,CN-Base,-0.035527934455616084,median_across_seeds,kge,structural,,3.0,median_across_seeds
02297155,dPL-MLP,test,CN-TGD,-0.017723003116212055,median_across_seeds,kge,structural,,3.0,median_across_seeds
02297155,dPL-MLP,test,TGD-Base,-0.0005244640203312945,median_across_seeds,kge,structural,,3.0,median_across_seeds
02297155,dPL-MLP,train,CN-Base,0.0010453105603049906,median_across_seeds,kge,structural,,3.0,median_across_seeds
02297155,dPL-MLP,train,CN-TGD,0.0167725279562001,median_across_seeds,kge,structural,,3.0,median_across_seeds
02297155,dPL-MLP,train,TGD-Base,-0.01572721739589511,median_across_seeds,kge,structural,,3.0,median_across_seeds
02297310,dPL-MLP,test,CN-Base,0.0038463620408860644,median_across_seeds,kge,structural,,3.0,median_across_seeds
02297310,dPL-MLP,test,CN-TGD,-0.007335551476557733,median_across_seeds,kge,structural,,3.0,median_across_seeds
02297310,dPL-MLP,test,TGD-Base,0.0084328735683179,median_across_seeds,kge,structural,,3.0,median_across_seeds
02297310,dPL-MLP,train,CN-Base,0.024086506804807173,median_across_seeds,kge,structural,,3.0,median_across_seeds
02297310,dPL-MLP,train,CN-TGD,0.00869618294271901,median_across_seeds,kge,structural,,3.0,median_across_seeds
02297310,dPL-MLP,train,TGD-Base,0.019634590075027103,median_across_seeds,kge,structural,,3.0,median_across_seeds
02298123,dPL-MLP,test,CN-Base,0.02525997000652891,median_across_seeds,kge,structural,,3.0,median_across_seeds
02298123,dPL-MLP,test,CN-TGD,-0.03123819021906027,median_across_seeds,kge,structural,,3.0,median_across_seeds
02298123,dPL-MLP,test,TGD-Base,0.05649816022558918,median_across_seeds,kge,structural,,3.0,median_across_seeds
02298123,dPL-MLP,train,CN-Base,-0.006667347681555524,median_across_seeds,kge,structural,,3.0,median_across_seeds
02298123,dPL-MLP,train,CN-TGD,0.003909401694832226,median_across_seeds,kge,structural,,3.0,median_across_seeds
02298123,dPL-MLP,train,TGD-Base,-0.01057674937638775,median_across_seeds,kge,structural,,3.0,median_across_seeds
02298608,dPL-MLP,test,CN-Base,0.01012111999887022,median_across_seeds,kge,structural,,3.0,median_across_seeds
02298608,dPL-MLP,test,CN-TGD,0.019870739106882973,median_across_seeds,kge,structural,,3.0,median_across_seeds
02298608,dPL-MLP,test,TGD-Base,0.009237323912397621,median_across_seeds,kge,structural,,3.0,median_across_seeds
02298608,dPL-MLP,train,CN-Base,0.04409562293473279,median_across_seeds,kge,structural,,3.0,median_across_seeds
02298608,dPL-MLP,train,CN-TGD,0.008338821628763204,median_across_seeds,kge,structural,,3.0,median_across_seeds
02298608,dPL-MLP,train,TGD-Base,0.02848102221469717,median_across_seeds,kge,structural,,3.0,median_across_seeds
02299950,dPL-MLP,test,CN-Base,-0.009615138838976023,median_across_seeds,kge,structural,,3.0,median_across_seeds
02299950,dPL-MLP,test,CN-TGD,-0.0012363725999698927,median_across_seeds,kge,structural,,3.0,median_across_seeds
02299950,dPL-MLP,test,TGD-Base,-0.0075851072716418555,median_across_seeds,kge,structural,,3.0,median_across_seeds
02299950,dPL-MLP,train,CN-Base,0.040291275872292975,median_across_seeds,kge,structural,,3.0,median_across_seeds
02299950,dPL-MLP,train,CN-TGD,0.01061561501616215,median_across_seeds,kge,structural,,3.0,median_across_seeds
02299950,dPL-MLP,train,TGD-Base,0.02367230182143576,median_across_seeds,kge,structural,,3.0,median_across_seeds
02300700,dPL-MLP,test,CN-Base,0.004234459312780325,median_across_seeds,kge,structural,,3.0,median_across_seeds
02300700,dPL-MLP,test,CN-TGD,-0.013322136587198719,median_across_seeds,kge,structural,,3.0,median_across_seeds
02300700,dPL-MLP,test,TGD-Base,0.016987163459224908,median_across_seeds,kge,structural,,3.0,median_across_seeds
02300700,dPL-MLP,train,CN-Base,0.0074209562073267454,median_across_seeds,kge,structural,,3.0,median_across_seeds
02300700,dPL-MLP,train,CN-TGD,-0.005352332101105861,median_across_seeds,kge,structural,,3.0,median_across_seeds
02300700,dPL-MLP,train,TGD-Base,0.009194532740196992,median_across_seeds,kge,structural,,3.0,median_across_seeds
02342933,dPL-MLP,test,CN-Base,0.01397433267115511,median_across_seeds,kge,structural,,3.0,median_across_seeds
02342933,dPL-MLP,test,CN-TGD,-0.0003708584145795113,median_across_seeds,kge,structural,,3.0,median_across_seeds
02342933,dPL-MLP,test,TGD-Base,0.03272621575036638,median_across_seeds,kge,structural,,3.0,median_across_seeds
02342933,dPL-MLP,train,CN-Base,0.01802691842784343,median_across_seeds,kge,structural,,3.0,median_across_seeds
02342933,dPL-MLP,train,CN-TGD,-0.01019589018287026,median_across_seeds,kge,structural,,3.0,median_across_seeds
02342933,dPL-MLP,train,TGD-Base,0.03172949625605137,median_across_seeds,kge,structural,,3.0,median_across_seeds
02349900,dPL-MLP,test,CN-Base,-0.02120416320332008,median_across_seeds,kge,structural,,3.0,median_across_seeds
02349900,dPL-MLP,test,CN-TGD,-0.03643631204775044,median_across_seeds,kge,structural,,3.0,median_across_seeds
02349900,dPL-MLP,test,TGD-Base,-0.0011933453585718512,median_across_seeds,kge,structural,,3.0,median_across_seeds
02349900,dPL-MLP,train,CN-Base,0.012354557875641103,median_across_seeds,kge,structural,,3.0,median_across_seeds
02349900,dPL-MLP,train,CN-TGD,0.01779730020441983,median_across_seeds,kge,structural,,3.0,median_across_seeds
02349900,dPL-MLP,train,TGD-Base,0.000132015651560069,median_across_seeds,kge,structural,,3.0,median_across_seeds
02350900,dPL-MLP,test,CN-Base,-0.011120848225262159,median_across_seeds,kge,structural,,3.0,median_across_seeds
02350900,dPL-MLP,test,CN-TGD,-0.04390537603392475,median_across_seeds,kge,structural,,3.0,median_across_seeds
02350900,dPL-MLP,test,TGD-Base,-0.025076902434806314,median_across_seeds,kge,structural,,3.0,median_across_seeds
02350900,dPL-MLP,train,CN-Base,0.022111177011604255,median_across_seeds,kge,structural,,3.0,median_across_seeds
02350900,dPL-MLP,train,CN-TGD,-0.0371862231576191,median_across_seeds,kge,structural,,3.0,median_across_seeds
02350900,dPL-MLP,train,TGD-Base,0.06327118137109367,median_across_seeds,kge,structural,,3.0,median_across_seeds
02361000,dPL-MLP,test,CN-Base,-0.011431566646236013,median_across_seeds,kge,structural,,3.0,median_across_seeds
02361000,dPL-MLP,test,CN-TGD,-0.011334287019703737,median_across_seeds,kge,structural,,3.0,median_across_seeds
02361000,dPL-MLP,test,TGD-Base,0.00064757553397643,median_across_seeds,kge,structural,,3.0,median_across_seeds
02361000,dPL-MLP,train,CN-Base,0.017609241541604148,median_across_seeds,kge,structural,,3.0,median_across_seeds
02361000,dPL-MLP,train,CN-TGD,-0.023627899908889916,median_across_seeds,kge,structural,,3.0,median_across_seeds
02361000,dPL-MLP,train,TGD-Base,0.0368749254671642,median_across_seeds,kge,structural,,3.0,median_across_seeds
02363000,dPL-MLP,test,CN-Base,0.0018270158208844034,median_across_seeds,kge,structural,,3.0,median_across_seeds
02363000,dPL-MLP,test,CN-TGD,-0.0013375878266926877,median_across_seeds,kge,structural,,3.0,median_across_seeds
02363000,dPL-MLP,test,TGD-Base,0.003164603647577091,median_across_seeds,kge,structural,,3.0,median_across_seeds
02363000,dPL-MLP,train,CN-Base,0.004845374313974138,median_across_seeds,kge,structural,,3.0,median_across_seeds
02363000,dPL-MLP,train,CN-TGD,-0.0422872344725016,median_across_seeds,kge,structural,,3.0,median_across_seeds
02363000,dPL-MLP,train,TGD-Base,0.052817849252426496,median_across_seeds,kge,structural,,3.0,median_across_seeds
02369800,dPL-MLP,test,CN-Base,0.0287051380122767,median_across_seeds,kge,structural,,3.0,median_across_seeds
02369800,dPL-MLP,test,CN-TGD,0.005970487721046802,median_across_seeds,kge,structural,,3.0,median_across_seeds
02369800,dPL-MLP,test,TGD-Base,0.022734650291229896,median_across_seeds,kge,structural,,3.0,median_across_seeds
02369800,dPL-MLP,train,CN-Base,-0.004233580307127394,median_across_seeds,kge,structural,,3.0,median_across_seeds
02369800,dPL-MLP,train,CN-TGD,-0.002570212479984013,median_across_seeds,kge,structural,,3.0,median_across_seeds
02369800,dPL-MLP,train,TGD-Base,-0.0009178135646511487,median_across_seeds,kge,structural,,3.0,median_across_seeds
02371500,dPL-MLP,test,CN-Base,-0.010239049967834646,median_across_seeds,kge,structural,,3.0,median_across_seeds
02371500,dPL-MLP,test,CN-TGD,0.0007516854947730023,median_across_seeds,kge,structural,,3.0,median_across_seeds
02371500,dPL-MLP,test,TGD-Base,-0.014166668392037174,median_across_seeds,kge,structural,,3.0,median_across_seeds
02371500,dPL-MLP,train,CN-Base,0.004478456048846335,median_across_seeds,kge,structural,,3.0,median_across_seeds
02371500,dPL-MLP,train,CN-TGD,-0.009387953669404037,median_across_seeds,kge,structural,,3.0,median_across_seeds
02371500,dPL-MLP,train,TGD-Base,0.01460290967406519,median_across_seeds,kge,structural,,3.0,median_across_seeds
02372250,dPL-MLP,test,CN-Base,-0.004844267070439168,median_across_seeds,kge,structural,,3.0,median_across_seeds
02372250,dPL-MLP,test,CN-TGD,-0.013461221299153392,median_across_seeds,kge,structural,,3.0,median_across_seeds
02372250,dPL-MLP,test,TGD-Base,0.01143109658733088,median_across_seeds,kge,structural,,3.0,median_across_seeds
02372250,dPL-MLP,train,CN-Base,0.0037776394156489035,median_across_seeds,kge,structural,,3.0,median_across_seeds
02372250,dPL-MLP,train,CN-TGD,-0.0070182186634969446,median_across_seeds,kge,structural,,3.0,median_across_seeds
02372250,dPL-MLP,train,TGD-Base,0.02028194123364868,median_across_seeds,kge,structural,,3.0,median_across_seeds
02374500,dPL-MLP,test,CN-Base,-0.029895200595884686,median_across_seeds,kge,structural,,3.0,median_across_seeds
02374500,dPL-MLP,test,CN-TGD,-0.03752276396014831,median_across_seeds,kge,structural,,3.0,median_across_seeds
02374500,dPL-MLP,test,TGD-Base,-0.03274502418526937,median_across_seeds,kge,structural,,3.0,median_across_seeds
02374500,dPL-MLP,train,CN-Base,-0.014586275641486846,median_across_seeds,kge,structural,,3.0,median_across_seeds
02374500,dPL-MLP,train,CN-TGD,-0.026048243068587218,median_across_seeds,kge,structural,,3.0,median_across_seeds
02374500,dPL-MLP,train,TGD-Base,0.00046452891106274485,median_across_seeds,kge,structural,,3.0,median_across_seeds
02381600,dPL-MLP,test,CN-Base,0.017121673121997638,median_across_seeds,kge,structural,,3.0,median_across_seeds
02381600,dPL-MLP,test,CN-TGD,0.03621507985783323,median_across_seeds,kge,structural,,3.0,median_across_seeds
02381600,dPL-MLP,test,TGD-Base,0.008523207811863776,median_across_seeds,kge,structural,,3.0,median_across_seeds
02381600,dPL-MLP,train,CN-Base,0.02637113267338287,median_across_seeds,kge,structural,,3.0,median_across_seeds
02381600,dPL-MLP,train,CN-TGD,0.04896586224920796,median_across_seeds,kge,structural,,3.0,median_across_seeds
02381600,dPL-MLP,train,TGD-Base,-0.006976076897366901,median_across_seeds,kge,structural,,3.0,median_across_seeds
02384540,dPL-MLP,test,CN-Base,0.0027367612947947206,median_across_seeds,kge,structural,,3.0,median_across_seeds
02384540,dPL-MLP,test,CN-TGD,0.01607858186879152,median_across_seeds,kge,structural,,3.0,median_across_seeds
02384540,dPL-MLP,test,TGD-Base,-0.0228699442415517,median_across_seeds,kge,structural,,3.0,median_across_seeds
02384540,dPL-MLP,train,CN-Base,0.00730641774076668,median_across_seeds,kge,structural,,3.0,median_across_seeds
02384540,dPL-MLP,train,CN-TGD,0.006616268975838113,median_across_seeds,kge,structural,,3.0,median_across_seeds
02384540,dPL-MLP,train,TGD-Base,0.0012180872716773816,median_across_seeds,kge,structural,,3.0,median_across_seeds
02395120,dPL-MLP,test,CN-Base,0.012728360437878061,median_across_seeds,kge,structural,,3.0,median_across_seeds
02395120,dPL-MLP,test,CN-TGD,-0.0024606459918811163,median_across_seeds,kge,structural,,3.0,median_across_seeds
02395120,dPL-MLP,test,TGD-Base,0.015189006429759178,median_across_seeds,kge,structural,,3.0,median_across_seeds
02395120,dPL-MLP,train,CN-Base,-0.013393976234128302,median_across_seeds,kge,structural,,3.0,median_across_seeds
02395120,dPL-MLP,train,CN-TGD,-0.00600994673560562,median_across_seeds,kge,structural,,3.0,median_across_seeds
02395120,dPL-MLP,train,TGD-Base,-0.007384029498522682,median_across_seeds,kge,structural,,3.0,median_across_seeds
02415000,dPL-MLP,test,CN-Base,0.0008929736626284157,median_across_seeds,kge,structural,,3.0,median_across_seeds
02415000,dPL-MLP,test,CN-TGD,0.01358037005702395,median_across_seeds,kge,structural,,3.0,median_across_seeds
02415000,dPL-MLP,test,TGD-Base,-0.012687396394395534,median_across_seeds,kge,structural,,3.0,median_across_seeds
02415000,dPL-MLP,train,CN-Base,0.003195841912365993,median_across_seeds,kge,structural,,3.0,median_across_seeds
02415000,dPL-MLP,train,CN-TGD,-0.00533277921416897,median_across_seeds,kge,structural,,3.0,median_across_seeds
02415000,dPL-MLP,train,TGD-Base,0.008528621126534963,median_across_seeds,kge,structural,,3.0,median_across_seeds
02427250,dPL-MLP,test,CN-Base,-0.0016910612684070125,median_across_seeds,kge,structural,,3.0,median_across_seeds
02427250,dPL-MLP,test,CN-TGD,-0.003191514225907799,median_across_seeds,kge,structural,,3.0,median_across_seeds
02427250,dPL-MLP,test,TGD-Base,0.002024917050902242,median_across_seeds,kge,structural,,3.0,median_across_seeds
02427250,dPL-MLP,train,CN-Base,0.0106692758128768,median_across_seeds,kge,structural,,3.0,median_across_seeds
02427250,dPL-MLP,train,CN-TGD,0.008543853641080346,median_across_seeds,kge,structural,,3.0,median_across_seeds
02427250,dPL-MLP,train,TGD-Base,0.0017186575408302263,median_across_seeds,kge,structural,,3.0,median_across_seeds
02430085,dPL-MLP,test,CN-Base,-0.0003531387978388256,median_across_seeds,kge,structural,,3.0,median_across_seeds
02430085,dPL-MLP,test,CN-TGD,0.005532681451183574,median_across_seeds,kge,structural,,3.0,median_across_seeds
02430085,dPL-MLP,test,TGD-Base,-0.010021709636878429,median_across_seeds,kge,structural,,3.0,median_across_seeds
02430085,dPL-MLP,train,CN-Base,0.001953575878982372,median_across_seeds,kge,structural,,3.0,median_across_seeds
02430085,dPL-MLP,train,CN-TGD,0.0019758104975563517,median_across_seeds,kge,structural,,3.0,median_across_seeds
02430085,dPL-MLP,train,TGD-Base,-2.223461857397968e-05,median_across_seeds,kge,structural,,3.0,median_across_seeds
02450250,dPL-MLP,test,CN-Base,-0.010499312863800347,median_across_seeds,kge,structural,,3.0,median_across_seeds
02450250,dPL-MLP,test,CN-TGD,-0.015732209788808627,median_across_seeds,kge,structural,,3.0,median_across_seeds
02450250,dPL-MLP,test,TGD-Base,0.005232896925008279,median_across_seeds,kge,structural,,3.0,median_across_seeds
02450250,dPL-MLP,train,CN-Base,0.004880016577516133,median_across_seeds,kge,structural,,3.0,median_across_seeds
02450250,dPL-MLP,train,CN-TGD,0.0011753451189574493,median_across_seeds,kge,structural,,3.0,median_across_seeds
02450250,dPL-MLP,train,TGD-Base,0.0037046714585586837,median_across_seeds,kge,structural,,3.0,median_across_seeds
02464000,dPL-MLP,test,CN-Base,0.0013808997734506834,median_across_seeds,kge,structural,,3.0,median_across_seeds
02464000,dPL-MLP,test,CN-TGD,-0.0010430809398900287,median_across_seeds,kge,structural,,3.0,median_across_seeds
02464000,dPL-MLP,test,TGD-Base,0.002423980713340712,median_across_seeds,kge,structural,,3.0,median_across_seeds
02464000,dPL-MLP,train,CN-Base,-0.0033922827877511663,median_across_seeds,kge,structural,,3.0,median_across_seeds
02464000,dPL-MLP,train,CN-TGD,-0.0020047177316300235,median_across_seeds,kge,structural,,3.0,median_across_seeds
02464000,dPL-MLP,train,TGD-Base,-0.006352145913354756,median_across_seeds,kge,structural,,3.0,median_across_seeds
02464360,dPL-MLP,test,CN-Base,-0.010278805591780515,median_across_seeds,kge,structural,,3.0,median_across_seeds
02464360,dPL-MLP,test,CN-TGD,-0.011413734013457355,median_across_seeds,kge,structural,,3.0,median_across_seeds
02464360,dPL-MLP,test,TGD-Base,-0.002405722783934361,median_across_seeds,kge,structural,,3.0,median_across_seeds
02464360,dPL-MLP,train,CN-Base,-0.006124790283284942,median_across_seeds,kge,structural,,3.0,median_across_seeds
02464360,dPL-MLP,train,CN-TGD,-0.0045517471579685775,median_across_seeds,kge,structural,,3.0,median_across_seeds
02464360,dPL-MLP,train,TGD-Base,-0.002472900380660281,median_across_seeds,kge,structural,,3.0,median_across_seeds
02465493,dPL-MLP,test,CN-Base,0.025237396721693006,median_across_seeds,kge,structural,,3.0,median_across_seeds
02465493,dPL-MLP,test,CN-TGD,0.032972994272002176,median_across_seeds,kge,structural,,3.0,median_across_seeds
02465493,dPL-MLP,test,TGD-Base,0.021043086144222234,median_across_seeds,kge,structural,,3.0,median_across_seeds
02465493,dPL-MLP,train,CN-Base,0.027819364320040174,median_across_seeds,kge,structural,,3.0,median_across_seeds
02465493,dPL-MLP,train,CN-TGD,0.033727109314730774,median_across_seeds,kge,structural,,3.0,median_across_seeds
02465493,dPL-MLP,train,TGD-Base,-0.02873239999852406,median_across_seeds,kge,structural,,3.0,median_across_seeds
02469800,dPL-MLP,test,CN-Base,-0.0026779357685703387,median_across_seeds,kge,structural,,3.0,median_across_seeds
02469800,dPL-MLP,test,CN-TGD,-0.005811019850316068,median_across_seeds,kge,structural,,3.0,median_across_seeds
02469800,dPL-MLP,test,TGD-Base,-0.005550442604068895,median_across_seeds,kge,structural,,3.0,median_across_seeds
02469800,dPL-MLP,train,CN-Base,-0.0026159749714269598,median_across_seeds,kge,structural,,3.0,median_across_seeds
02469800,dPL-MLP,train,CN-TGD,-0.0012672808806025726,median_across_seeds,kge,structural,,3.0,median_across_seeds
02469800,dPL-MLP,train,TGD-Base,-0.0013486940908243872,median_across_seeds,kge,structural,,3.0,median_across_seeds
02472000,dPL-MLP,test,CN-Base,-0.01581801514030501,median_across_seeds,kge,structural,,3.0,median_across_seeds
02472000,dPL-MLP,test,CN-TGD,-0.006494074384808757,median_across_seeds,kge,structural,,3.0,median_across_seeds
02472000,dPL-MLP,test,TGD-Base,-0.0014144198262194818,median_across_seeds,kge,structural,,3.0,median_across_seeds
02472000,dPL-MLP,train,CN-Base,-0.002715371623048246,median_across_seeds,kge,structural,,3.0,median_across_seeds
02472000,dPL-MLP,train,CN-TGD,-0.007474360847442574,median_across_seeds,kge,structural,,3.0,median_across_seeds
02472000,dPL-MLP,train,TGD-Base,0.0021031151674911763,median_across_seeds,kge,structural,,3.0,median_across_seeds
02472500,dPL-MLP,test,CN-Base,-0.0014955754489647255,median_across_seeds,kge,structural,,3.0,median_across_seeds
02472500,dPL-MLP,test,CN-TGD,-0.005777339699593376,median_across_seeds,kge,structural,,3.0,median_across_seeds
02472500,dPL-MLP,test,TGD-Base,0.00428176425062865,median_across_seeds,kge,structural,,3.0,median_across_seeds
02472500,dPL-MLP,train,CN-Base,-0.0048633282772034825,median_across_seeds,kge,structural,,3.0,median_across_seeds
02472500,dPL-MLP,train,CN-TGD,0.000958325623136913,median_across_seeds,kge,structural,,3.0,median_across_seeds
02472500,dPL-MLP,train,TGD-Base,-0.002863192439571116,median_across_seeds,kge,structural,,3.0,median_across_seeds
02479155,dPL-MLP,test,CN-Base,-0.015298128908289632,median_across_seeds,kge,structural,,3.0,median_across_seeds
02479155,dPL-MLP,test,CN-TGD,0.01944215743471167,median_across_seeds,kge,structural,,3.0,median_across_seeds
02479155,dPL-MLP,test,TGD-Base,-0.021581937870669976,median_across_seeds,kge,structural,,3.0,median_across_seeds
02479155,dPL-MLP,train,CN-Base,0.005652518980886478,median_across_seeds,kge,structural,,3.0,median_across_seeds
02479155,dPL-MLP,train,CN-TGD,-0.0004432761239099303,median_across_seeds,kge,structural,,3.0,median_across_seeds
02479155,dPL-MLP,train,TGD-Base,0.004367857596573099,median_across_seeds,kge,structural,,3.0,median_across_seeds
02479300,dPL-MLP,test,CN-Base,0.0004071184839050668,median_across_seeds,kge,structural,,3.0,median_across_seeds
02479300,dPL-MLP,test,CN-TGD,0.009099611230244942,median_across_seeds,kge,structural,,3.0,median_across_seeds
02479300,dPL-MLP,test,TGD-Base,-0.008328935789684633,median_across_seeds,kge,structural,,3.0,median_across_seeds
02479300,dPL-MLP,train,CN-Base,-0.0017019605997107279,median_across_seeds,kge,structural,,3.0,median_across_seeds
02479300,dPL-MLP,train,CN-TGD,0.0005155397942036011,median_across_seeds,kge,structural,,3.0,median_across_seeds
02479300,dPL-MLP,train,TGD-Base,0.0049586876446562345,median_across_seeds,kge,structural,,3.0,median_across_seeds
02479560,dPL-MLP,test,CN-Base,0.0012849497853364422,median_across_seeds,kge,structural,,3.0,median_across_seeds
02479560,dPL-MLP,test,CN-TGD,0.006621979891697549,median_across_seeds,kge,structural,,3.0,median_across_seeds
02479560,dPL-MLP,test,TGD-Base,0.0009486881938256531,median_across_seeds,kge,structural,,3.0,median_across_seeds
02479560,dPL-MLP,train,CN-Base,0.0038458402235949096,median_across_seeds,kge,structural,,3.0,median_across_seeds
02479560,dPL-MLP,train,CN-TGD,-0.0012119090912529051,median_across_seeds,kge,structural,,3.0,median_across_seeds
02479560,dPL-MLP,train,TGD-Base,0.004195345481851187,median_across_seeds,kge,structural,,3.0,median_across_seeds
02481000,dPL-MLP,test,CN-Base,-0.014494340812873707,median_across_seeds,kge,structural,,3.0,median_across_seeds
02481000,dPL-MLP,test,CN-TGD,-0.020853476942529703,median_across_seeds,kge,structural,,3.0,median_across_seeds
02481000,dPL-MLP,test,TGD-Base,0.006285073545739928,median_across_seeds,kge,structural,,3.0,median_across_seeds
02481000,dPL-MLP,train,CN-Base,0.004191542063172182,median_across_seeds,kge,structural,,3.0,median_across_seeds
02481000,dPL-MLP,train,CN-TGD,0.002721199277472164,median_across_seeds,kge,structural,,3.0,median_across_seeds
02481000,dPL-MLP,train,TGD-Base,0.0006157172198369976,median_across_seeds,kge,structural,,3.0,median_across_seeds
02481510,dPL-MLP,test,CN-Base,-0.0009951545599163891,median_across_seeds,kge,structural,,3.0,median_across_seeds
02481510,dPL-MLP,test,CN-TGD,0.014240945980957709,median_across_seeds,kge,structural,,3.0,median_across_seeds
02481510,dPL-MLP,test,TGD-Base,-0.006544484371702741,median_across_seeds,kge,structural,,3.0,median_across_seeds
02481510,dPL-MLP,train,CN-Base,0.003448436614611805,median_across_seeds,kge,structural,,3.0,median_across_seeds
02481510,dPL-MLP,train,CN-TGD,0.00020407325645366292,median_across_seeds,kge,structural,,3.0,median_across_seeds
02481510,dPL-MLP,train,TGD-Base,0.00515297160219963,median_across_seeds,kge,structural,,3.0,median_across_seeds
03010655,dPL-MLP,test,CN-Base,0.0587421684959204,median_across_seeds,kge,structural,,3.0,median_across_seeds
03010655,dPL-MLP,test,CN-TGD,0.022092676570304226,median_across_seeds,kge,structural,,3.0,median_across_seeds
03010655,dPL-MLP,test,TGD-Base,0.03664949192561617,median_across_seeds,kge,structural,,3.0,median_across_seeds
03010655,dPL-MLP,train,CN-Base,0.13054326317524156,median_across_seeds,kge,structural,,3.0,median_across_seeds
03010655,dPL-MLP,train,CN-TGD,0.10257892018676751,median_across_seeds,kge,structural,,3.0,median_across_seeds
03010655,dPL-MLP,train,TGD-Base,0.03616625637701887,median_across_seeds,kge,structural,,3.0,median_across_seeds
03011800,dPL-MLP,test,CN-Base,0.04618248747796616,median_across_seeds,kge,structural,,3.0,median_across_seeds
03011800,dPL-MLP,test,CN-TGD,0.013271913275519909,median_across_seeds,kge,structural,,3.0,median_across_seeds
03011800,dPL-MLP,test,TGD-Base,0.03291057420244625,median_across_seeds,kge,structural,,3.0,median_across_seeds
03011800,dPL-MLP,train,CN-Base,0.0988301604713333,median_across_seeds,kge,structural,,3.0,median_across_seeds
03011800,dPL-MLP,train,CN-TGD,0.06763095711852196,median_across_seeds,kge,structural,,3.0,median_across_seeds
03011800,dPL-MLP,train,TGD-Base,0.031199203352811344,median_across_seeds,kge,structural,,3.0,median_across_seeds
03015500,dPL-MLP,test,CN-Base,0.14152266392359536,median_across_seeds,kge,structural,,3.0,median_across_seeds
03015500,dPL-MLP,test,CN-TGD,0.09721159191364037,median_across_seeds,kge,structural,,3.0,median_across_seeds
03015500,dPL-MLP,test,TGD-Base,0.04930518666072892,median_across_seeds,kge,structural,,3.0,median_across_seeds
03015500,dPL-MLP,train,CN-Base,0.14257420765620177,median_across_seeds,kge,structural,,3.0,median_across_seeds
03015500,dPL-MLP,train,CN-TGD,0.0736164714587293,median_across_seeds,kge,structural,,3.0,median_across_seeds
03015500,dPL-MLP,train,TGD-Base,0.07236639178963256,median_across_seeds,kge,structural,,3.0,median_across_seeds
03021350,dPL-MLP,test,CN-Base,0.15803415726764847,median_across_seeds,kge,structural,,3.0,median_across_seeds
03021350,dPL-MLP,test,CN-TGD,0.11543967364536101,median_across_seeds,kge,structural,,3.0,median_across_seeds
03021350,dPL-MLP,test,TGD-Base,0.04259448362228746,median_across_seeds,kge,structural,,3.0,median_across_seeds
03021350,dPL-MLP,train,CN-Base,0.1862108942141555,median_across_seeds,kge,structural,,3.0,median_across_seeds
03021350,dPL-MLP,train,CN-TGD,0.10253707610612905,median_across_seeds,kge,structural,,3.0,median_across_seeds
03021350,dPL-MLP,train,TGD-Base,0.0834035412280334,median_across_seeds,kge,structural,,3.0,median_across_seeds
03026500,dPL-MLP,test,CN-Base,0.08615308201107652,median_across_seeds,kge,structural,,3.0,median_across_seeds
03026500,dPL-MLP,test,CN-TGD,0.03720063129854689,median_across_seeds,kge,structural,,3.0,median_across_seeds
03026500,dPL-MLP,test,TGD-Base,0.02883074679557507,median_across_seeds,kge,structural,,3.0,median_across_seeds
03026500,dPL-MLP,train,CN-Base,0.0923451725952964,median_across_seeds,kge,structural,,3.0,median_across_seeds
03026500,dPL-MLP,train,CN-TGD,0.07649132916738066,median_across_seeds,kge,structural,,3.0,median_across_seeds
03026500,dPL-MLP,train,TGD-Base,0.01874272157574086,median_across_seeds,kge,structural,,3.0,median_across_seeds
03028000,dPL-MLP,test,CN-Base,0.126076125480588,median_across_seeds,kge,structural,,3.0,median_across_seeds
03028000,dPL-MLP,test,CN-TGD,0.09293019162932081,median_across_seeds,kge,structural,,3.0,median_across_seeds
03028000,dPL-MLP,test,TGD-Base,0.033145933851267184,median_across_seeds,kge,structural,,3.0,median_across_seeds
03028000,dPL-MLP,train,CN-Base,0.13281730651442836,median_across_seeds,kge,structural,,3.0,median_across_seeds
03028000,dPL-MLP,train,CN-TGD,0.11074649275962511,median_across_seeds,kge,structural,,3.0,median_across_seeds
03028000,dPL-MLP,train,TGD-Base,0.02607298641302702,median_across_seeds,kge,structural,,3.0,median_across_seeds
03049000,dPL-MLP,test,CN-Base,-0.08125604925058127,median_across_seeds,kge,structural,,3.0,median_across_seeds
03049000,dPL-MLP,test,CN-TGD,0.0030258067829989077,median_across_seeds,kge,structural,,3.0,median_across_seeds
03049000,dPL-MLP,test,TGD-Base,-0.0658867615196026,median_across_seeds,kge,structural,,3.0,median_across_seeds
03049000,dPL-MLP,train,CN-Base,0.03164540617493716,median_across_seeds,kge,structural,,3.0,median_across_seeds
03049000,dPL-MLP,train,CN-TGD,0.0040655288356071795,median_across_seeds,kge,structural,,3.0,median_across_seeds
03049000,dPL-MLP,train,TGD-Base,0.027579877339329983,median_across_seeds,kge,structural,,3.0,median_across_seeds
03049800,dPL-MLP,test,CN-Base,0.033828321282408536,median_across_seeds,kge,structural,,3.0,median_across_seeds
03049800,dPL-MLP,test,CN-TGD,-0.0011731939932206892,median_across_seeds,kge,structural,,3.0,median_across_seeds
03049800,dPL-MLP,test,TGD-Base,0.035001515275629225,median_across_seeds,kge,structural,,3.0,median_across_seeds
03049800,dPL-MLP,train,CN-Base,0.037899984485045224,median_across_seeds,kge,structural,,3.0,median_across_seeds
03049800,dPL-MLP,train,CN-TGD,-0.00282458590948087,median_across_seeds,kge,structural,,3.0,median_across_seeds
03049800,dPL-MLP,train,TGD-Base,0.03478514759539386,median_across_seeds,kge,structural,,3.0,median_across_seeds
03050000,dPL-MLP,test,CN-Base,0.003909125006190339,median_across_seeds,kge,structural,,3.0,median_across_seeds
03050000,dPL-MLP,test,CN-TGD,0.002822066671336665,median_across_seeds,kge,structural,,3.0,median_across_seeds
03050000,dPL-MLP,test,TGD-Base,0.0010870583348536744,median_across_seeds,kge,structural,,3.0,median_across_seeds
03050000,dPL-MLP,train,CN-Base,-0.007138316890014762,median_across_seeds,kge,structural,,3.0,median_across_seeds
03050000,dPL-MLP,train,CN-TGD,-0.008249641132751617,median_across_seeds,kge,structural,,3.0,median_across_seeds
03050000,dPL-MLP,train,TGD-Base,0.0011113242427368553,median_across_seeds,kge,structural,,3.0,median_across_seeds
03069500,dPL-MLP,test,CN-Base,0.06864656727920915,median_across_seeds,kge,structural,,3.0,median_across_seeds
03069500,dPL-MLP,test,CN-TGD,0.03255865696627391,median_across_seeds,kge,structural,,3.0,median_across_seeds
03069500,dPL-MLP,test,TGD-Base,0.036275174448885394,median_across_seeds,kge,structural,,3.0,median_across_seeds
03069500,dPL-MLP,train,CN-Base,0.05288089868370083,median_across_seeds,kge,structural,,3.0,median_across_seeds
03069500,dPL-MLP,train,CN-TGD,0.04543333370703495,median_across_seeds,kge,structural,,3.0,median_across_seeds
03069500,dPL-MLP,train,TGD-Base,0.002843458378667174,median_across_seeds,kge,structural,,3.0,median_across_seeds
03070500,dPL-MLP,test,CN-Base,0.05244135843513298,median_across_seeds,kge,structural,,3.0,median_across_seeds
03070500,dPL-MLP,test,CN-TGD,0.038251608178545005,median_across_seeds,kge,structural,,3.0,median_across_seeds
03070500,dPL-MLP,test,TGD-Base,0.014189750256587974,median_across_seeds,kge,structural,,3.0,median_across_seeds
03070500,dPL-MLP,train,CN-Base,0.0502003343646904,median_across_seeds,kge,structural,,3.0,median_across_seeds
03070500,dPL-MLP,train,CN-TGD,0.01977556005964587,median_across_seeds,kge,structural,,3.0,median_across_seeds
03070500,dPL-MLP,train,TGD-Base,0.029832161037342875,median_across_seeds,kge,structural,,3.0,median_across_seeds
03076600,dPL-MLP,test,CN-Base,0.03718083926715732,median_across_seeds,kge,structural,,3.0,median_across_seeds
03076600,dPL-MLP,test,CN-TGD,-0.01269985980630095,median_across_seeds,kge,structural,,3.0,median_across_seeds
03076600,dPL-MLP,test,TGD-Base,0.04454622200638325,median_across_seeds,kge,structural,,3.0,median_across_seeds
03076600,dPL-MLP,train,CN-Base,0.1195689565996263,median_across_seeds,kge,structural,,3.0,median_across_seeds
03076600,dPL-MLP,train,CN-TGD,0.03269493464266304,median_across_seeds,kge,structural,,3.0,median_across_seeds
03076600,dPL-MLP,train,TGD-Base,0.08687402195696325,median_across_seeds,kge,structural,,3.0,median_across_seeds
03078000,dPL-MLP,test,CN-Base,0.1371087611034526,median_across_seeds,kge,structural,,3.0,median_across_seeds
03078000,dPL-MLP,test,CN-TGD,0.0993231829316612,median_across_seeds,kge,structural,,3.0,median_across_seeds
03078000,dPL-MLP,test,TGD-Base,0.0351628354937914,median_across_seeds,kge,structural,,3.0,median_across_seeds
03078000,dPL-MLP,train,CN-Base,0.1534656367514312,median_across_seeds,kge,structural,,3.0,median_across_seeds
03078000,dPL-MLP,train,CN-TGD,0.07076738138797056,median_across_seeds,kge,structural,,3.0,median_across_seeds
03078000,dPL-MLP,train,TGD-Base,0.08176890431539308,median_across_seeds,kge,structural,,3.0,median_across_seeds
03140000,dPL-MLP,test,CN-Base,-0.06772625314090974,median_across_seeds,kge,structural,,3.0,median_across_seeds
03140000,dPL-MLP,test,CN-TGD,-0.06308068265852496,median_across_seeds,kge,structural,,3.0,median_across_seeds
03140000,dPL-MLP,test,TGD-Base,0.004537983494225961,median_across_seeds,kge,structural,,3.0,median_across_seeds
03140000,dPL-MLP,train,CN-Base,0.031497917754100824,median_across_seeds,kge,structural,,3.0,median_across_seeds
03140000,dPL-MLP,train,CN-TGD,0.025445838879634475,median_across_seeds,kge,structural,,3.0,median_across_seeds
03140000,dPL-MLP,train,TGD-Base,0.011891199122111562,median_across_seeds,kge,structural,,3.0,median_across_seeds
03144000,dPL-MLP,test,CN-Base,0.0064986808102962534,median_across_seeds,kge,structural,,3.0,median_across_seeds
03144000,dPL-MLP,test,CN-TGD,0.029699749604850334,median_across_seeds,kge,structural,,3.0,median_across_seeds
03144000,dPL-MLP,test,TGD-Base,-0.01997359755100936,median_across_seeds,kge,structural,,3.0,median_across_seeds
03144000,dPL-MLP,train,CN-Base,0.020706454924881545,median_across_seeds,kge,structural,,3.0,median_across_seeds
03144000,dPL-MLP,train,CN-TGD,0.004399552143692587,median_across_seeds,kge,structural,,3.0,median_across_seeds
03144000,dPL-MLP,train,TGD-Base,0.01630690278118896,median_across_seeds,kge,structural,,3.0,median_across_seeds
03170000,dPL-MLP,test,CN-Base,-0.007009341665116131,median_across_seeds,kge,structural,,3.0,median_across_seeds
03170000,dPL-MLP,test,CN-TGD,-0.010381964134403843,median_across_seeds,kge,structural,,3.0,median_across_seeds
03170000,dPL-MLP,test,TGD-Base,0.0033726224692877116,median_across_seeds,kge,structural,,3.0,median_across_seeds
03170000,dPL-MLP,train,CN-Base,-0.0012073291530296792,median_across_seeds,kge,structural,,3.0,median_across_seeds
03170000,dPL-MLP,train,CN-TGD,-0.01044673179194322,median_across_seeds,kge,structural,,3.0,median_across_seeds
03170000,dPL-MLP,train,TGD-Base,0.011472246353753324,median_across_seeds,kge,structural,,3.0,median_across_seeds
03173000,dPL-MLP,test,CN-Base,0.08654766650141898,median_across_seeds,kge,structural,,3.0,median_across_seeds
03173000,dPL-MLP,test,CN-TGD,0.03865197664735387,median_across_seeds,kge,structural,,3.0,median_across_seeds
03173000,dPL-MLP,test,TGD-Base,0.04638480637090081,median_across_seeds,kge,structural,,3.0,median_across_seeds
03173000,dPL-MLP,train,CN-Base,0.07307450475926291,median_across_seeds,kge,structural,,3.0,median_across_seeds
03173000,dPL-MLP,train,CN-TGD,0.023315330319986338,median_across_seeds,kge,structural,,3.0,median_across_seeds
03173000,dPL-MLP,train,TGD-Base,0.04792806593260568,median_across_seeds,kge,structural,,3.0,median_across_seeds
03180500,dPL-MLP,test,CN-Base,0.10012391483748984,median_across_seeds,kge,structural,,3.0,median_across_seeds
03180500,dPL-MLP,test,CN-TGD,0.0704995943087946,median_across_seeds,kge,structural,,3.0,median_across_seeds
03180500,dPL-MLP,test,TGD-Base,0.025783786730914415,median_across_seeds,kge,structural,,3.0,median_across_seeds
03180500,dPL-MLP,train,CN-Base,0.0817946286364366,median_across_seeds,kge,structural,,3.0,median_across_seeds
03180500,dPL-MLP,train,CN-TGD,0.06718318586732164,median_across_seeds,kge,structural,,3.0,median_across_seeds
03180500,dPL-MLP,train,TGD-Base,0.01966270246609192,median_across_seeds,kge,structural,,3.0,median_across_seeds
03182500,dPL-MLP,test,CN-Base,0.06983304240647847,median_across_seeds,kge,structural,,3.0,median_across_seeds
03182500,dPL-MLP,test,CN-TGD,0.03100727044111884,median_across_seeds,kge,structural,,3.0,median_across_seeds
03182500,dPL-MLP,test,TGD-Base,0.03946236257092672,median_across_seeds,kge,structural,,3.0,median_across_seeds
03182500,dPL-MLP,train,CN-Base,0.06413568397251201,median_across_seeds,kge,structural,,3.0,median_across_seeds
03182500,dPL-MLP,train,CN-TGD,0.029920538375942773,median_across_seeds,kge,structural,,3.0,median_across_seeds
03182500,dPL-MLP,train,TGD-Base,0.03291429839101223,median_across_seeds,kge,structural,,3.0,median_across_seeds
03186500,dPL-MLP,test,CN-Base,0.0776594513836758,median_across_seeds,kge,structural,,3.0,median_across_seeds
03186500,dPL-MLP,test,CN-TGD,0.05351348041921067,median_across_seeds,kge,structural,,3.0,median_across_seeds
03186500,dPL-MLP,test,TGD-Base,0.02773957152143003,median_across_seeds,kge,structural,,3.0,median_across_seeds
03186500,dPL-MLP,train,CN-Base,0.0627804571006928,median_across_seeds,kge,structural,,3.0,median_across_seeds
03186500,dPL-MLP,train,CN-TGD,0.028218965213716918,median_across_seeds,kge,structural,,3.0,median_across_seeds
03186500,dPL-MLP,train,TGD-Base,0.03662850107370852,median_across_seeds,kge,structural,,3.0,median_across_seeds
03237280,dPL-MLP,test,CN-Base,-0.02462914372182079,median_across_seeds,kge,structural,,3.0,median_across_seeds
03237280,dPL-MLP,test,CN-TGD,-0.022641190420628954,median_across_seeds,kge,structural,,3.0,median_across_seeds
03237280,dPL-MLP,test,TGD-Base,0.0014204867555334122,median_across_seeds,kge,structural,,3.0,median_across_seeds
03237280,dPL-MLP,train,CN-Base,-0.020042763446774803,median_across_seeds,kge,structural,,3.0,median_across_seeds
03237280,dPL-MLP,train,CN-TGD,-0.015906657967779125,median_across_seeds,kge,structural,,3.0,median_across_seeds
03237280,dPL-MLP,train,TGD-Base,0.0003077449124846421,median_across_seeds,kge,structural,,3.0,median_across_seeds
03237500,dPL-MLP,test,CN-Base,-0.007263482171790625,median_across_seeds,kge,structural,,3.0,median_across_seeds
03237500,dPL-MLP,test,CN-TGD,-0.011606916871140127,median_across_seeds,kge,structural,,3.0,median_across_seeds
03237500,dPL-MLP,test,TGD-Base,0.003574181013231148,median_across_seeds,kge,structural,,3.0,median_across_seeds
03237500,dPL-MLP,train,CN-Base,0.00688921060666603,median_across_seeds,kge,structural,,3.0,median_across_seeds
03237500,dPL-MLP,train,CN-TGD,-0.007556968527916874,median_across_seeds,kge,structural,,3.0,median_across_seeds
03237500,dPL-MLP,train,TGD-Base,0.014027587366270744,median_across_seeds,kge,structural,,3.0,median_across_seeds
03238500,dPL-MLP,test,CN-Base,-0.003456516938343035,median_across_seeds,kge,structural,,3.0,median_across_seeds
03238500,dPL-MLP,test,CN-TGD,-0.016370677483908525,median_across_seeds,kge,structural,,3.0,median_across_seeds
03238500,dPL-MLP,test,TGD-Base,0.011571331506826432,median_across_seeds,kge,structural,,3.0,median_across_seeds
03238500,dPL-MLP,train,CN-Base,0.005026578667074788,median_across_seeds,kge,structural,,3.0,median_across_seeds
03238500,dPL-MLP,train,CN-TGD,-0.008823729260508117,median_across_seeds,kge,structural,,3.0,median_across_seeds
03238500,dPL-MLP,train,TGD-Base,0.014202942552801856,median_across_seeds,kge,structural,,3.0,median_across_seeds
03241500,dPL-MLP,test,CN-Base,0.021874837690767368,median_across_seeds,kge,structural,,3.0,median_across_seeds
03241500,dPL-MLP,test,CN-TGD,0.007918649221925977,median_across_seeds,kge,structural,,3.0,median_across_seeds
03241500,dPL-MLP,test,TGD-Base,0.017390109515297292,median_across_seeds,kge,structural,,3.0,median_across_seeds
03241500,dPL-MLP,train,CN-Base,-0.006408870024262936,median_across_seeds,kge,structural,,3.0,median_across_seeds
03241500,dPL-MLP,train,CN-TGD,-0.001442487125267622,median_across_seeds,kge,structural,,3.0,median_across_seeds
03241500,dPL-MLP,train,TGD-Base,-0.00347947026396489,median_across_seeds,kge,structural,,3.0,median_across_seeds
03280700,dPL-MLP,test,CN-Base,0.010435083524742095,median_across_seeds,kge,structural,,3.0,median_across_seeds
03280700,dPL-MLP,test,CN-TGD,-0.009612512535374429,median_across_seeds,kge,structural,,3.0,median_across_seeds
03280700,dPL-MLP,test,TGD-Base,0.020047596060116524,median_across_seeds,kge,structural,,3.0,median_across_seeds
03280700,dPL-MLP,train,CN-Base,-0.01213179230072925,median_across_seeds,kge,structural,,3.0,median_across_seeds
03280700,dPL-MLP,train,CN-TGD,-0.01989856014454605,median_across_seeds,kge,structural,,3.0,median_across_seeds
03280700,dPL-MLP,train,TGD-Base,0.007997963980080347,median_across_seeds,kge,structural,,3.0,median_across_seeds
03281500,dPL-MLP,test,CN-Base,-0.007758588030996605,median_across_seeds,kge,structural,,3.0,median_across_seeds
03281500,dPL-MLP,test,CN-TGD,-0.01301283718145585,median_across_seeds,kge,structural,,3.0,median_across_seeds
03281500,dPL-MLP,test,TGD-Base,0.004604671151882234,median_across_seeds,kge,structural,,3.0,median_across_seeds
03281500,dPL-MLP,train,CN-Base,-0.014575290800612817,median_across_seeds,kge,structural,,3.0,median_across_seeds
03281500,dPL-MLP,train,CN-TGD,-0.022700488546502418,median_across_seeds,kge,structural,,3.0,median_across_seeds
03281500,dPL-MLP,train,TGD-Base,0.007593278079106813,median_across_seeds,kge,structural,,3.0,median_across_seeds
03285000,dPL-MLP,test,CN-Base,-0.016700740947346193,median_across_seeds,kge,structural,,3.0,median_across_seeds
03285000,dPL-MLP,test,CN-TGD,-0.02070941716177921,median_across_seeds,kge,structural,,3.0,median_across_seeds
03285000,dPL-MLP,test,TGD-Base,0.004008676214433016,median_across_seeds,kge,structural,,3.0,median_across_seeds
03285000,dPL-MLP,train,CN-Base,-0.022301166072764556,median_across_seeds,kge,structural,,3.0,median_across_seeds
03285000,dPL-MLP,train,CN-TGD,-0.020274577534277083,median_across_seeds,kge,structural,,3.0,median_across_seeds
03285000,dPL-MLP,train,TGD-Base,-0.0010218158117110132,median_across_seeds,kge,structural,,3.0,median_across_seeds
03291780,dPL-MLP,test,CN-Base,0.022967169724827596,median_across_seeds,kge,structural,,3.0,median_across_seeds
03291780,dPL-MLP,test,CN-TGD,0.004637626850492627,median_across_seeds,kge,structural,,3.0,median_across_seeds
03291780,dPL-MLP,test,TGD-Base,0.026825780736377314,median_across_seeds,kge,structural,,3.0,median_across_seeds
03291780,dPL-MLP,train,CN-Base,0.03188700288252544,median_across_seeds,kge,structural,,3.0,median_across_seeds
03291780,dPL-MLP,train,CN-TGD,0.014193147380322402,median_across_seeds,kge,structural,,3.0,median_across_seeds
03291780,dPL-MLP,train,TGD-Base,0.02146018777487868,median_across_seeds,kge,structural,,3.0,median_across_seeds
03338780,dPL-MLP,test,CN-Base,-0.004473380834045804,median_across_seeds,kge,structural,,3.0,median_across_seeds
03338780,dPL-MLP,test,CN-TGD,0.01091465438290673,median_across_seeds,kge,structural,,3.0,median_across_seeds
03338780,dPL-MLP,test,TGD-Base,-0.017223256711426882,median_across_seeds,kge,structural,,3.0,median_across_seeds
03338780,dPL-MLP,train,CN-Base,-0.017775218511577817,median_across_seeds,kge,structural,,3.0,median_across_seeds
03338780,dPL-MLP,train,CN-TGD,-0.0030400155023176945,median_across_seeds,kge,structural,,3.0,median_across_seeds
03338780,dPL-MLP,train,TGD-Base,-0.014735203009260123,median_across_seeds,kge,structural,,3.0,median_across_seeds
03340800,dPL-MLP,test,CN-Base,-0.016551646139694176,median_across_seeds,kge,structural,,3.0,median_across_seeds
03340800,dPL-MLP,test,CN-TGD,-0.007238933648701429,median_across_seeds,kge,structural,,3.0,median_across_seeds
03340800,dPL-MLP,test,TGD-Base,-0.015029812587712743,median_across_seeds,kge,structural,,3.0,median_across_seeds
03340800,dPL-MLP,train,CN-Base,0.038417071408110126,median_across_seeds,kge,structural,,3.0,median_across_seeds
03340800,dPL-MLP,train,CN-TGD,0.029067497645082208,median_across_seeds,kge,structural,,3.0,median_across_seeds
03340800,dPL-MLP,train,TGD-Base,0.012935966846231106,median_across_seeds,kge,structural,,3.0,median_across_seeds
03346000,dPL-MLP,test,CN-Base,0.00433214180500574,median_across_seeds,kge,structural,,3.0,median_across_seeds
03346000,dPL-MLP,test,CN-TGD,-0.0053265898329649675,median_across_seeds,kge,structural,,3.0,median_across_seeds
03346000,dPL-MLP,test,TGD-Base,0.004751065273710164,median_across_seeds,kge,structural,,3.0,median_across_seeds
03346000,dPL-MLP,train,CN-Base,0.015619404924392288,median_across_seeds,kge,structural,,3.0,median_across_seeds
03346000,dPL-MLP,train,CN-TGD,0.00044033413036737024,median_across_seeds,kge,structural,,3.0,median_across_seeds
03346000,dPL-MLP,train,TGD-Base,0.012979738917228034,median_across_seeds,kge,structural,,3.0,median_across_seeds
03364500,dPL-MLP,test,CN-Base,0.0007396835481785491,median_across_seeds,kge,structural,,3.0,median_across_seeds
03364500,dPL-MLP,test,CN-TGD,0.0003920457358819185,median_across_seeds,kge,structural,,3.0,median_across_seeds
03364500,dPL-MLP,test,TGD-Base,-0.0012004712007392948,median_across_seeds,kge,structural,,3.0,median_across_seeds
03364500,dPL-MLP,train,CN-Base,0.013780003478162217,median_across_seeds,kge,structural,,3.0,median_across_seeds
03364500,dPL-MLP,train,CN-TGD,0.01007631215844762,median_across_seeds,kge,structural,,3.0,median_across_seeds
03364500,dPL-MLP,train,TGD-Base,0.003703691319714597,median_across_seeds,kge,structural,,3.0,median_across_seeds
03366500,dPL-MLP,test,CN-Base,0.012436402140390213,median_across_seeds,kge,structural,,3.0,median_across_seeds
03366500,dPL-MLP,test,CN-TGD,-0.005536415476919632,median_across_seeds,kge,structural,,3.0,median_across_seeds
03366500,dPL-MLP,test,TGD-Base,0.02121756430622057,median_across_seeds,kge,structural,,3.0,median_across_seeds
03366500,dPL-MLP,train,CN-Base,-0.00463488374872667,median_across_seeds,kge,structural,,3.0,median_across_seeds
03366500,dPL-MLP,train,CN-TGD,-0.015519174765930899,median_across_seeds,kge,structural,,3.0,median_across_seeds
03366500,dPL-MLP,train,TGD-Base,-0.0001774794888463882,median_across_seeds,kge,structural,,3.0,median_across_seeds
03368000,dPL-MLP,test,CN-Base,0.019564795089475506,median_across_seeds,kge,structural,,3.0,median_across_seeds
03368000,dPL-MLP,test,CN-TGD,0.014051677237932103,median_across_seeds,kge,structural,,3.0,median_across_seeds
03368000,dPL-MLP,test,TGD-Base,0.003676025654322679,median_across_seeds,kge,structural,,3.0,median_across_seeds
03368000,dPL-MLP,train,CN-Base,0.020888851314272205,median_across_seeds,kge,structural,,3.0,median_across_seeds
03368000,dPL-MLP,train,CN-TGD,0.00963473685641869,median_across_seeds,kge,structural,,3.0,median_across_seeds
03368000,dPL-MLP,train,TGD-Base,0.012947636475664548,median_across_seeds,kge,structural,,3.0,median_across_seeds
03384450,dPL-MLP,test,CN-Base,0.018448405987383842,median_across_seeds,kge,structural,,3.0,median_across_seeds
03384450,dPL-MLP,test,CN-TGD,0.004796155771027655,median_across_seeds,kge,structural,,3.0,median_across_seeds
03384450,dPL-MLP,test,TGD-Base,0.013538780184135235,median_across_seeds,kge,structural,,3.0,median_across_seeds
03384450,dPL-MLP,train,CN-Base,-0.011083014650745127,median_across_seeds,kge,structural,,3.0,median_across_seeds
03384450,dPL-MLP,train,CN-TGD,-0.01169870135593376,median_across_seeds,kge,structural,,3.0,median_across_seeds
03384450,dPL-MLP,train,TGD-Base,0.00505549970645125,median_across_seeds,kge,structural,,3.0,median_across_seeds
03439000,dPL-MLP,test,CN-Base,-0.006237816241371541,median_across_seeds,kge,structural,,3.0,median_across_seeds
03439000,dPL-MLP,test,CN-TGD,0.019569586843257936,median_across_seeds,kge,structural,,3.0,median_across_seeds
03439000,dPL-MLP,test,TGD-Base,-0.02800720363577347,median_across_seeds,kge,structural,,3.0,median_across_seeds
03439000,dPL-MLP,train,CN-Base,0.006040907146989016,median_across_seeds,kge,structural,,3.0,median_across_seeds
03439000,dPL-MLP,train,CN-TGD,-0.0011271062741690097,median_across_seeds,kge,structural,,3.0,median_across_seeds
03439000,dPL-MLP,train,TGD-Base,0.007168013421158026,median_across_seeds,kge,structural,,3.0,median_across_seeds
03455500,dPL-MLP,test,CN-Base,0.014998571215933176,median_across_seeds,kge,structural,,3.0,median_across_seeds
03455500,dPL-MLP,test,CN-TGD,0.0025644452620233738,median_across_seeds,kge,structural,,3.0,median_across_seeds
03455500,dPL-MLP,test,TGD-Base,0.0019650694121126078,median_across_seeds,kge,structural,,3.0,median_across_seeds
03455500,dPL-MLP,train,CN-Base,0.003434104365978019,median_across_seeds,kge,structural,,3.0,median_across_seeds
03455500,dPL-MLP,train,CN-TGD,-0.005236990574003508,median_across_seeds,kge,structural,,3.0,median_across_seeds
03455500,dPL-MLP,train,TGD-Base,0.008671094939981527,median_across_seeds,kge,structural,,3.0,median_across_seeds
03456500,dPL-MLP,test,CN-Base,-0.03216017158676898,median_across_seeds,kge,structural,,3.0,median_across_seeds
03456500,dPL-MLP,test,CN-TGD,-0.018678418460158497,median_across_seeds,kge,structural,,3.0,median_across_seeds
03456500,dPL-MLP,test,TGD-Base,-0.010172951642112071,median_across_seeds,kge,structural,,3.0,median_across_seeds
03456500,dPL-MLP,train,CN-Base,0.018556889388765208,median_across_seeds,kge,structural,,3.0,median_across_seeds
03456500,dPL-MLP,train,CN-TGD,0.004561188446222553,median_across_seeds,kge,structural,,3.0,median_across_seeds
03456500,dPL-MLP,train,TGD-Base,0.01602088503568344,median_across_seeds,kge,structural,,3.0,median_across_seeds
03460000,dPL-MLP,test,CN-Base,0.003145612848428625,median_across_seeds,kge,structural,,3.0,median_across_seeds
03460000,dPL-MLP,test,CN-TGD,0.00554032206209909,median_across_seeds,kge,structural,,3.0,median_across_seeds
03460000,dPL-MLP,test,TGD-Base,-0.002394709213670465,median_across_seeds,kge,structural,,3.0,median_across_seeds
03460000,dPL-MLP,train,CN-Base,0.003260052965421756,median_across_seeds,kge,structural,,3.0,median_across_seeds
03460000,dPL-MLP,train,CN-TGD,-0.009162085615432858,median_across_seeds,kge,structural,,3.0,median_across_seeds
03460000,dPL-MLP,train,TGD-Base,0.012422138580854614,median_across_seeds,kge,structural,,3.0,median_across_seeds
03463300,dPL-MLP,test,CN-Base,-0.011628614010475546,median_across_seeds,kge,structural,,3.0,median_across_seeds
03463300,dPL-MLP,test,CN-TGD,-0.01605299746551825,median_across_seeds,kge,structural,,3.0,median_across_seeds
03463300,dPL-MLP,test,TGD-Base,0.004610065657777329,median_across_seeds,kge,structural,,3.0,median_across_seeds
03463300,dPL-MLP,train,CN-Base,0.04725196703684842,median_across_seeds,kge,structural,,3.0,median_across_seeds
03463300,dPL-MLP,train,CN-TGD,0.012727234608812532,median_across_seeds,kge,structural,,3.0,median_across_seeds
03463300,dPL-MLP,train,TGD-Base,0.032781624232200324,median_across_seeds,kge,structural,,3.0,median_across_seeds
03471500,dPL-MLP,test,CN-Base,-0.004102284607713447,median_across_seeds,kge,structural,,3.0,median_across_seeds
03471500,dPL-MLP,test,CN-TGD,-0.002639810119432817,median_across_seeds,kge,structural,,3.0,median_across_seeds
03471500,dPL-MLP,test,TGD-Base,-0.002500912006726974,median_across_seeds,kge,structural,,3.0,median_across_seeds
03471500,dPL-MLP,train,CN-Base,0.02489757702312345,median_across_seeds,kge,structural,,3.0,median_across_seeds
03471500,dPL-MLP,train,CN-TGD,0.006292719014050485,median_across_seeds,kge,structural,,3.0,median_across_seeds
03471500,dPL-MLP,train,TGD-Base,0.018604858009072966,median_across_seeds,kge,structural,,3.0,median_across_seeds
03473000,dPL-MLP,test,CN-Base,-0.008056600555951143,median_across_seeds,kge,structural,,3.0,median_across_seeds
03473000,dPL-MLP,test,CN-TGD,-0.0009461462089653816,median_across_seeds,kge,structural,,3.0,median_across_seeds
03473000,dPL-MLP,test,TGD-Base,-0.007110454346985762,median_across_seeds,kge,structural,,3.0,median_across_seeds
03473000,dPL-MLP,train,CN-Base,-0.006241560609032248,median_across_seeds,kge,structural,,3.0,median_across_seeds
03473000,dPL-MLP,train,CN-TGD,-0.0084521406200041,median_across_seeds,kge,structural,,3.0,median_across_seeds
03473000,dPL-MLP,train,TGD-Base,0.008857597102591375,median_across_seeds,kge,structural,,3.0,median_across_seeds
03479000,dPL-MLP,test,CN-Base,-0.005745775584525936,median_across_seeds,kge,structural,,3.0,median_across_seeds
03479000,dPL-MLP,test,CN-TGD,0.002961885955727883,median_across_seeds,kge,structural,,3.0,median_across_seeds
03479000,dPL-MLP,test,TGD-Base,-0.005052105104868088,median_across_seeds,kge,structural,,3.0,median_across_seeds
03479000,dPL-MLP,train,CN-Base,0.03187061519782797,median_across_seeds,kge,structural,,3.0,median_across_seeds
03479000,dPL-MLP,train,CN-TGD,0.016500652285206252,median_across_seeds,kge,structural,,3.0,median_across_seeds
03479000,dPL-MLP,train,TGD-Base,0.027882145854024487,median_across_seeds,kge,structural,,3.0,median_across_seeds
03488000,dPL-MLP,test,CN-Base,0.01891466912156703,median_across_seeds,kge,structural,,3.0,median_across_seeds
03488000,dPL-MLP,test,CN-TGD,-0.011734040350969921,median_across_seeds,kge,structural,,3.0,median_across_seeds
03488000,dPL-MLP,test,TGD-Base,0.03064870947253695,median_across_seeds,kge,structural,,3.0,median_across_seeds
03488000,dPL-MLP,train,CN-Base,0.023835838155197298,median_across_seeds,kge,structural,,3.0,median_across_seeds
03488000,dPL-MLP,train,CN-TGD,-0.003469683092339304,median_across_seeds,kge,structural,,3.0,median_across_seeds
03488000,dPL-MLP,train,TGD-Base,0.028650810128441617,median_across_seeds,kge,structural,,3.0,median_across_seeds
03498500,dPL-MLP,test,CN-Base,0.006154063590348424,median_across_seeds,kge,structural,,3.0,median_across_seeds
03498500,dPL-MLP,test,CN-TGD,0.01120216248138195,median_across_seeds,kge,structural,,3.0,median_across_seeds
03498500,dPL-MLP,test,TGD-Base,-0.014267797676234983,median_across_seeds,kge,structural,,3.0,median_across_seeds
03498500,dPL-MLP,train,CN-Base,-0.0004776214574916393,median_across_seeds,kge,structural,,3.0,median_across_seeds
03498500,dPL-MLP,train,CN-TGD,0.0007389463827069953,median_across_seeds,kge,structural,,3.0,median_across_seeds
03498500,dPL-MLP,train,TGD-Base,-0.004618316561229463,median_across_seeds,kge,structural,,3.0,median_across_seeds
03500000,dPL-MLP,test,CN-Base,-0.005190802669920669,median_across_seeds,kge,structural,,3.0,median_across_seeds
03500000,dPL-MLP,test,CN-TGD,0.03062260189328292,median_across_seeds,kge,structural,,3.0,median_across_seeds
03500000,dPL-MLP,test,TGD-Base,-0.028632946480614874,median_across_seeds,kge,structural,,3.0,median_across_seeds
03500000,dPL-MLP,train,CN-Base,0.004906827525418267,median_across_seeds,kge,structural,,3.0,median_across_seeds
03500000,dPL-MLP,train,CN-TGD,-0.0009466908370555638,median_across_seeds,kge,structural,,3.0,median_across_seeds
03500000,dPL-MLP,train,TGD-Base,-0.0020501854085241966,median_across_seeds,kge,structural,,3.0,median_across_seeds
03500240,dPL-MLP,test,CN-Base,0.006425852330534054,median_across_seeds,kge,structural,,3.0,median_across_seeds
03500240,dPL-MLP,test,CN-TGD,0.0028379310316426487,median_across_seeds,kge,structural,,3.0,median_across_seeds
03500240,dPL-MLP,test,TGD-Base,0.003982741634732667,median_across_seeds,kge,structural,,3.0,median_across_seeds
03500240,dPL-MLP,train,CN-Base,0.009164710858531988,median_across_seeds,kge,structural,,3.0,median_across_seeds
03500240,dPL-MLP,train,CN-TGD,0.003659725172206807,median_across_seeds,kge,structural,,3.0,median_across_seeds
03500240,dPL-MLP,train,TGD-Base,0.005504985686325181,median_across_seeds,kge,structural,,3.0,median_across_seeds
03504000,dPL-MLP,test,CN-Base,-0.03390651814959089,median_across_seeds,kge,structural,,3.0,median_across_seeds
03504000,dPL-MLP,test,CN-TGD,-0.03151597376700899,median_across_seeds,kge,structural,,3.0,median_across_seeds
03504000,dPL-MLP,test,TGD-Base,-0.004272715521143722,median_across_seeds,kge,structural,,3.0,median_across_seeds
03504000,dPL-MLP,train,CN-Base,0.0002991805182819274,median_across_seeds,kge,structural,,3.0,median_across_seeds
03504000,dPL-MLP,train,CN-TGD,-0.0028340087866158825,median_across_seeds,kge,structural,,3.0,median_across_seeds
03504000,dPL-MLP,train,TGD-Base,0.004418105090585267,median_across_seeds,kge,structural,,3.0,median_across_seeds
03574500,dPL-MLP,test,CN-Base,0.0022463116549802375,median_across_seeds,kge,structural,,3.0,median_across_seeds
03574500,dPL-MLP,test,CN-TGD,-0.00661245882929995,median_across_seeds,kge,structural,,3.0,median_across_seeds
03574500,dPL-MLP,test,TGD-Base,0.0057961056437045855,median_across_seeds,kge,structural,,3.0,median_across_seeds
03574500,dPL-MLP,train,CN-Base,0.007732637554048516,median_across_seeds,kge,structural,,3.0,median_across_seeds
03574500,dPL-MLP,train,CN-TGD,-0.01187771678940197,median_across_seeds,kge,structural,,3.0,median_across_seeds
03574500,dPL-MLP,train,TGD-Base,0.01916439082778021,median_across_seeds,kge,structural,,3.0,median_across_seeds
03592718,dPL-MLP,test,CN-Base,-0.026170691191431672,median_across_seeds,kge,structural,,3.0,median_across_seeds
03592718,dPL-MLP,test,CN-TGD,0.024350627163465144,median_across_seeds,kge,structural,,3.0,median_across_seeds
03592718,dPL-MLP,test,TGD-Base,-0.05548935709330638,median_across_seeds,kge,structural,,3.0,median_across_seeds
03592718,dPL-MLP,train,CN-Base,-0.0047407840209258145,median_across_seeds,kge,structural,,3.0,median_across_seeds
03592718,dPL-MLP,train,CN-TGD,0.0055384409008150115,median_across_seeds,kge,structural,,3.0,median_across_seeds
03592718,dPL-MLP,train,TGD-Base,0.013594901227790945,median_across_seeds,kge,structural,,3.0,median_across_seeds
03604000,dPL-MLP,test,CN-Base,-0.03985717441216996,median_across_seeds,kge,structural,,3.0,median_across_seeds
03604000,dPL-MLP,test,CN-TGD,-0.04524771443746445,median_across_seeds,kge,structural,,3.0,median_across_seeds
03604000,dPL-MLP,test,TGD-Base,-0.0032169607013395884,median_across_seeds,kge,structural,,3.0,median_across_seeds
03604000,dPL-MLP,train,CN-Base,-0.03308925306173016,median_across_seeds,kge,structural,,3.0,median_across_seeds
03604000,dPL-MLP,train,CN-TGD,-0.03867495316009695,median_across_seeds,kge,structural,,3.0,median_across_seeds
03604000,dPL-MLP,train,TGD-Base,0.009129502772907916,median_across_seeds,kge,structural,,3.0,median_across_seeds
04015330,dPL-MLP,test,CN-Base,0.2279001999921495,median_across_seeds,kge,structural,,3.0,median_across_seeds
04015330,dPL-MLP,test,CN-TGD,0.20203345850593757,median_across_seeds,kge,structural,,3.0,median_across_seeds
04015330,dPL-MLP,test,TGD-Base,0.027523065728620177,median_across_seeds,kge,structural,,3.0,median_across_seeds
04015330,dPL-MLP,train,CN-Base,0.22877354802653893,median_across_seeds,kge,structural,,3.0,median_across_seeds
04015330,dPL-MLP,train,CN-TGD,0.14988502750091992,median_across_seeds,kge,structural,,3.0,median_across_seeds
04015330,dPL-MLP,train,TGD-Base,0.08149547876701979,median_across_seeds,kge,structural,,3.0,median_across_seeds
04024430,dPL-MLP,test,CN-Base,0.18278800721423327,median_across_seeds,kge,structural,,3.0,median_across_seeds
04024430,dPL-MLP,test,CN-TGD,0.13387384642065436,median_across_seeds,kge,structural,,3.0,median_across_seeds
04024430,dPL-MLP,test,TGD-Base,0.04855936582022369,median_across_seeds,kge,structural,,3.0,median_across_seeds
04024430,dPL-MLP,train,CN-Base,0.182617321476497,median_across_seeds,kge,structural,,3.0,median_across_seeds
04024430,dPL-MLP,train,CN-TGD,0.11444782646349783,median_across_seeds,kge,structural,,3.0,median_across_seeds
04024430,dPL-MLP,train,TGD-Base,0.06816949501299918,median_across_seeds,kge,structural,,3.0,median_across_seeds
04027000,dPL-MLP,test,CN-Base,0.3500997401417515,median_across_seeds,kge,structural,,3.0,median_across_seeds
04027000,dPL-MLP,test,CN-TGD,0.11526386279984979,median_across_seeds,kge,structural,,3.0,median_across_seeds
04027000,dPL-MLP,test,TGD-Base,0.23701078145366394,median_across_seeds,kge,structural,,3.0,median_across_seeds
04027000,dPL-MLP,train,CN-Base,0.31358144509324215,median_across_seeds,kge,structural,,3.0,median_across_seeds
04027000,dPL-MLP,train,CN-TGD,0.12615428424389685,median_across_seeds,kge,structural,,3.0,median_across_seeds
04027000,dPL-MLP,train,TGD-Base,0.1922550227633002,median_across_seeds,kge,structural,,3.0,median_across_seeds
04040500,dPL-MLP,test,CN-Base,0.4231468567560639,median_across_seeds,kge,structural,,3.0,median_across_seeds
04040500,dPL-MLP,test,CN-TGD,0.04342128409386126,median_across_seeds,kge,structural,,3.0,median_across_seeds
04040500,dPL-MLP,test,TGD-Base,0.3821708052631535,median_across_seeds,kge,structural,,3.0,median_across_seeds
04040500,dPL-MLP,train,CN-Base,0.4953385788004813,median_across_seeds,kge,structural,,3.0,median_across_seeds
04040500,dPL-MLP,train,CN-TGD,0.11710834667155057,median_across_seeds,kge,structural,,3.0,median_across_seeds
04040500,dPL-MLP,train,TGD-Base,0.38320564398683354,median_across_seeds,kge,structural,,3.0,median_across_seeds
04043050,dPL-MLP,test,CN-Base,0.402549397735328,median_across_seeds,kge,structural,,3.0,median_across_seeds
04043050,dPL-MLP,test,CN-TGD,0.120878072296147,median_across_seeds,kge,structural,,3.0,median_across_seeds
04043050,dPL-MLP,test,TGD-Base,0.2837542918495663,median_across_seeds,kge,structural,,3.0,median_across_seeds
04043050,dPL-MLP,train,CN-Base,0.6619768831170478,median_across_seeds,kge,structural,,3.0,median_across_seeds
04043050,dPL-MLP,train,CN-TGD,0.12035075642939119,median_across_seeds,kge,structural,,3.0,median_across_seeds
04043050,dPL-MLP,train,TGD-Base,0.5426781125079313,median_across_seeds,kge,structural,,3.0,median_across_seeds
04045500,dPL-MLP,test,CN-Base,0.19812133232870327,median_across_seeds,kge,structural,,3.0,median_across_seeds
04045500,dPL-MLP,test,CN-TGD,-0.058007226423796854,median_across_seeds,kge,structural,,3.0,median_across_seeds
04045500,dPL-MLP,test,TGD-Base,0.2487575288632028,median_across_seeds,kge,structural,,3.0,median_across_seeds
04045500,dPL-MLP,train,CN-Base,0.5660145816583528,median_across_seeds,kge,structural,,3.0,median_across_seeds
04045500,dPL-MLP,train,CN-TGD,0.08701773269558677,median_across_seeds,kge,structural,,3.0,median_across_seeds
04045500,dPL-MLP,train,TGD-Base,0.478996848962766,median_across_seeds,kge,structural,,3.0,median_across_seeds
04057510,dPL-MLP,test,CN-Base,0.18858137248763035,median_across_seeds,kge,structural,,3.0,median_across_seeds
04057510,dPL-MLP,test,CN-TGD,-0.025423433892556968,median_across_seeds,kge,structural,,3.0,median_across_seeds
04057510,dPL-MLP,test,TGD-Base,0.19547283167815394,median_across_seeds,kge,structural,,3.0,median_across_seeds
04057510,dPL-MLP,train,CN-Base,0.3191536513791582,median_across_seeds,kge,structural,,3.0,median_across_seeds
04057510,dPL-MLP,train,CN-TGD,0.047809812429525866,median_across_seeds,kge,structural,,3.0,median_across_seeds
04057510,dPL-MLP,train,TGD-Base,0.27011541221459534,median_across_seeds,kge,structural,,3.0,median_across_seeds
04057800,dPL-MLP,test,CN-Base,0.29736280953709376,median_across_seeds,kge,structural,,3.0,median_across_seeds
04057800,dPL-MLP,test,CN-TGD,-0.044961277100977415,median_across_seeds,kge,structural,,3.0,median_across_seeds
04057800,dPL-MLP,test,TGD-Base,0.3423240866380712,median_across_seeds,kge,structural,,3.0,median_across_seeds
04057800,dPL-MLP,train,CN-Base,0.46985058448465455,median_across_seeds,kge,structural,,3.0,median_across_seeds
04057800,dPL-MLP,train,CN-TGD,0.16881520242672488,median_across_seeds,kge,structural,,3.0,median_across_seeds
04057800,dPL-MLP,train,TGD-Base,0.3010353820579297,median_across_seeds,kge,structural,,3.0,median_across_seeds
04059500,dPL-MLP,test,CN-Base,0.32331337916337216,median_across_seeds,kge,structural,,3.0,median_across_seeds
04059500,dPL-MLP,test,CN-TGD,-0.01824050997113469,median_across_seeds,kge,structural,,3.0,median_across_seeds
04059500,dPL-MLP,test,TGD-Base,0.34324125398155453,median_across_seeds,kge,structural,,3.0,median_across_seeds
04059500,dPL-MLP,train,CN-Base,0.34813664475007333,median_across_seeds,kge,structural,,3.0,median_across_seeds
04059500,dPL-MLP,train,CN-TGD,0.09107900452012208,median_across_seeds,kge,structural,,3.0,median_across_seeds
04059500,dPL-MLP,train,TGD-Base,0.2583783417906722,median_across_seeds,kge,structural,,3.0,median_across_seeds
04063700,dPL-MLP,test,CN-Base,0.047531764275932975,median_across_seeds,kge,structural,,3.0,median_across_seeds
04063700,dPL-MLP,test,CN-TGD,-0.09781091542294024,median_across_seeds,kge,structural,,3.0,median_across_seeds
04063700,dPL-MLP,test,TGD-Base,0.1453426796988732,median_across_seeds,kge,structural,,3.0,median_across_seeds
04063700,dPL-MLP,train,CN-Base,0.14591960440254714,median_across_seeds,kge,structural,,3.0,median_across_seeds
04063700,dPL-MLP,train,CN-TGD,-0.003986550058148963,median_across_seeds,kge,structural,,3.0,median_across_seeds
04063700,dPL-MLP,train,TGD-Base,0.16617136931039123,median_across_seeds,kge,structural,,3.0,median_across_seeds
04074950,dPL-MLP,test,CN-Base,0.13342229780645776,median_across_seeds,kge,structural,,3.0,median_across_seeds
04074950,dPL-MLP,test,CN-TGD,-0.03320530888043882,median_across_seeds,kge,structural,,3.0,median_across_seeds
04074950,dPL-MLP,test,TGD-Base,0.18024156455657725,median_across_seeds,kge,structural,,3.0,median_across_seeds
04074950,dPL-MLP,train,CN-Base,0.013130650785840081,median_across_seeds,kge,structural,,3.0,median_across_seeds
04074950,dPL-MLP,train,CN-TGD,-0.008594119443045445,median_across_seeds,kge,structural,,3.0,median_across_seeds
04074950,dPL-MLP,train,TGD-Base,0.019141848483369417,median_across_seeds,kge,structural,,3.0,median_across_seeds
04105700,dPL-MLP,test,CN-Base,-0.053575754474374127,median_across_seeds,kge,structural,,3.0,median_across_seeds
04105700,dPL-MLP,test,CN-TGD,-0.05507563621612788,median_across_seeds,kge,structural,,3.0,median_across_seeds
04105700,dPL-MLP,test,TGD-Base,0.022685801473184664,median_across_seeds,kge,structural,,3.0,median_across_seeds
04105700,dPL-MLP,train,CN-Base,0.04144947350797801,median_across_seeds,kge,structural,,3.0,median_across_seeds
04105700,dPL-MLP,train,CN-TGD,0.009417932550152885,median_across_seeds,kge,structural,,3.0,median_across_seeds
04105700,dPL-MLP,train,TGD-Base,0.037433658995808305,median_across_seeds,kge,structural,,3.0,median_across_seeds
04115265,dPL-MLP,test,CN-Base,-0.12067295774136255,median_across_seeds,kge,structural,,3.0,median_across_seeds
04115265,dPL-MLP,test,CN-TGD,-0.020101023079211355,median_across_seeds,kge,structural,,3.0,median_across_seeds
04115265,dPL-MLP,test,TGD-Base,-0.1005719346621512,median_across_seeds,kge,structural,,3.0,median_across_seeds
04115265,dPL-MLP,train,CN-Base,0.1329058308913197,median_across_seeds,kge,structural,,3.0,median_across_seeds
04115265,dPL-MLP,train,CN-TGD,0.023355714723953702,median_across_seeds,kge,structural,,3.0,median_across_seeds
04115265,dPL-MLP,train,TGD-Base,0.1016051675726457,median_across_seeds,kge,structural,,3.0,median_across_seeds
04122200,dPL-MLP,test,CN-Base,-0.071361857910748,median_across_seeds,kge,structural,,3.0,median_across_seeds
04122200,dPL-MLP,test,CN-TGD,-0.04546266894831463,median_across_seeds,kge,structural,,3.0,median_across_seeds
04122200,dPL-MLP,test,TGD-Base,-0.04450236502132632,median_across_seeds,kge,structural,,3.0,median_across_seeds
04122200,dPL-MLP,train,CN-Base,0.06073650100888617,median_across_seeds,kge,structural,,3.0,median_across_seeds
04122200,dPL-MLP,train,CN-TGD,0.007532477455909015,median_across_seeds,kge,structural,,3.0,median_across_seeds
04122200,dPL-MLP,train,TGD-Base,0.04275500550390321,median_across_seeds,kge,structural,,3.0,median_across_seeds
04122500,dPL-MLP,test,CN-Base,-0.046228974384221466,median_across_seeds,kge,structural,,3.0,median_across_seeds
04122500,dPL-MLP,test,CN-TGD,-0.024008997697563372,median_across_seeds,kge,structural,,3.0,median_across_seeds
04122500,dPL-MLP,test,TGD-Base,-0.022219976686658094,median_across_seeds,kge,structural,,3.0,median_across_seeds
04122500,dPL-MLP,train,CN-Base,0.0828868907526995,median_across_seeds,kge,structural,,3.0,median_across_seeds
04122500,dPL-MLP,train,CN-TGD,0.026632801458392086,median_across_seeds,kge,structural,,3.0,median_across_seeds
04122500,dPL-MLP,train,TGD-Base,0.05674685315822492,median_across_seeds,kge,structural,,3.0,median_across_seeds
04127918,dPL-MLP,test,CN-Base,0.0654068851799321,median_across_seeds,kge,structural,,3.0,median_across_seeds
04127918,dPL-MLP,test,CN-TGD,-0.11242643884103665,median_across_seeds,kge,structural,,3.0,median_across_seeds
04127918,dPL-MLP,test,TGD-Base,0.18528905261426032,median_across_seeds,kge,structural,,3.0,median_across_seeds
04127918,dPL-MLP,train,CN-Base,0.49735863327610197,median_across_seeds,kge,structural,,3.0,median_across_seeds
04127918,dPL-MLP,train,CN-TGD,0.14150713492939526,median_across_seeds,kge,structural,,3.0,median_across_seeds
04127918,dPL-MLP,train,TGD-Base,0.3486690349335897,median_across_seeds,kge,structural,,3.0,median_across_seeds
04127997,dPL-MLP,test,CN-Base,-0.007698553702075728,median_across_seeds,kge,structural,,3.0,median_across_seeds
04127997,dPL-MLP,test,CN-TGD,-0.04669122350281596,median_across_seeds,kge,structural,,3.0,median_across_seeds
04127997,dPL-MLP,test,TGD-Base,0.03899266980074023,median_across_seeds,kge,structural,,3.0,median_across_seeds
04127997,dPL-MLP,train,CN-Base,0.036017851638086684,median_across_seeds,kge,structural,,3.0,median_across_seeds
04127997,dPL-MLP,train,CN-TGD,0.006964727669902082,median_across_seeds,kge,structural,,3.0,median_across_seeds
04127997,dPL-MLP,train,TGD-Base,0.041623746238719894,median_across_seeds,kge,structural,,3.0,median_across_seeds
04161580,dPL-MLP,test,CN-Base,0.01695035773076048,median_across_seeds,kge,structural,,3.0,median_across_seeds
04161580,dPL-MLP,test,CN-TGD,0.04472194561158649,median_across_seeds,kge,structural,,3.0,median_across_seeds
04161580,dPL-MLP,test,TGD-Base,-0.03579687033423751,median_across_seeds,kge,structural,,3.0,median_across_seeds
04161580,dPL-MLP,train,CN-Base,0.11804540236433092,median_across_seeds,kge,structural,,3.0,median_across_seeds
04161580,dPL-MLP,train,CN-TGD,0.05369578908291206,median_across_seeds,kge,structural,,3.0,median_across_seeds
04161580,dPL-MLP,train,TGD-Base,0.046409255982646,median_across_seeds,kge,structural,,3.0,median_across_seeds
04185000,dPL-MLP,test,CN-Base,-0.01001277090692232,median_across_seeds,kge,structural,,3.0,median_across_seeds
04185000,dPL-MLP,test,CN-TGD,-0.031587170555484656,median_across_seeds,kge,structural,,3.0,median_across_seeds
04185000,dPL-MLP,test,TGD-Base,0.021574399648562337,median_across_seeds,kge,structural,,3.0,median_across_seeds
04185000,dPL-MLP,train,CN-Base,0.17381735190868097,median_across_seeds,kge,structural,,3.0,median_across_seeds
04185000,dPL-MLP,train,CN-TGD,0.14194911994418946,median_across_seeds,kge,structural,,3.0,median_across_seeds
04185000,dPL-MLP,train,TGD-Base,0.029302182389589593,median_across_seeds,kge,structural,,3.0,median_across_seeds
04196800,dPL-MLP,test,CN-Base,0.07179992029036442,median_across_seeds,kge,structural,,3.0,median_across_seeds
04196800,dPL-MLP,test,CN-TGD,0.0545521360881962,median_across_seeds,kge,structural,,3.0,median_across_seeds
04196800,dPL-MLP,test,TGD-Base,0.014240710039100657,median_across_seeds,kge,structural,,3.0,median_across_seeds
04196800,dPL-MLP,train,CN-Base,0.05790410051641903,median_across_seeds,kge,structural,,3.0,median_across_seeds
04196800,dPL-MLP,train,CN-TGD,0.03886244734430633,median_across_seeds,kge,structural,,3.0,median_across_seeds
04196800,dPL-MLP,train,TGD-Base,0.01830092260439864,median_across_seeds,kge,structural,,3.0,median_across_seeds
04197100,dPL-MLP,test,CN-Base,0.054652495823530156,median_across_seeds,kge,structural,,3.0,median_across_seeds
04197100,dPL-MLP,test,CN-TGD,0.044127231224486696,median_across_seeds,kge,structural,,3.0,median_across_seeds
04197100,dPL-MLP,test,TGD-Base,0.006151984201226757,median_across_seeds,kge,structural,,3.0,median_across_seeds
04197100,dPL-MLP,train,CN-Base,0.06336989537796067,median_across_seeds,kge,structural,,3.0,median_across_seeds
04197100,dPL-MLP,train,CN-TGD,0.009880450952414632,median_across_seeds,kge,structural,,3.0,median_across_seeds
04197100,dPL-MLP,train,TGD-Base,0.05228506173855785,median_across_seeds,kge,structural,,3.0,median_across_seeds
04197170,dPL-MLP,test,CN-Base,0.05344779368004571,median_across_seeds,kge,structural,,3.0,median_across_seeds
04197170,dPL-MLP,test,CN-TGD,0.028984888582267887,median_across_seeds,kge,structural,,3.0,median_across_seeds
04197170,dPL-MLP,test,TGD-Base,0.030540912167601575,median_across_seeds,kge,structural,,3.0,median_across_seeds
04197170,dPL-MLP,train,CN-Base,0.039073261328008035,median_across_seeds,kge,structural,,3.0,median_across_seeds
04197170,dPL-MLP,train,CN-TGD,-0.004848862300164125,median_across_seeds,kge,structural,,3.0,median_across_seeds
04197170,dPL-MLP,train,TGD-Base,0.04222282315799375,median_across_seeds,kge,structural,,3.0,median_across_seeds
04213000,dPL-MLP,test,CN-Base,0.12582893137488194,median_across_seeds,kge,structural,,3.0,median_across_seeds
04213000,dPL-MLP,test,CN-TGD,0.07297459722138111,median_across_seeds,kge,structural,,3.0,median_across_seeds
04213000,dPL-MLP,test,TGD-Base,0.05065926993221004,median_across_seeds,kge,structural,,3.0,median_across_seeds
04213000,dPL-MLP,train,CN-Base,0.11762879763915479,median_across_seeds,kge,structural,,3.0,median_across_seeds
04213000,dPL-MLP,train,CN-TGD,0.05798327561268346,median_across_seeds,kge,structural,,3.0,median_across_seeds
04213000,dPL-MLP,train,TGD-Base,0.05964552202647133,median_across_seeds,kge,structural,,3.0,median_across_seeds
04213075,dPL-MLP,test,CN-Base,0.06494790865214295,median_across_seeds,kge,structural,,3.0,median_across_seeds
04213075,dPL-MLP,test,CN-TGD,0.03707355747310248,median_across_seeds,kge,structural,,3.0,median_across_seeds
04213075,dPL-MLP,test,TGD-Base,0.03757216063747815,median_across_seeds,kge,structural,,3.0,median_across_seeds
04213075,dPL-MLP,train,CN-Base,0.030965252293820578,median_across_seeds,kge,structural,,3.0,median_across_seeds
04213075,dPL-MLP,train,CN-TGD,-0.025456399518857586,median_across_seeds,kge,structural,,3.0,median_across_seeds
04213075,dPL-MLP,train,TGD-Base,0.05625707276018449,median_across_seeds,kge,structural,,3.0,median_across_seeds
04216418,dPL-MLP,test,CN-Base,0.16702890079033061,median_across_seeds,kge,structural,,3.0,median_across_seeds
04216418,dPL-MLP,test,CN-TGD,0.1122878369945145,median_across_seeds,kge,structural,,3.0,median_across_seeds
04216418,dPL-MLP,test,TGD-Base,0.050903583954038045,median_across_seeds,kge,structural,,3.0,median_across_seeds
04216418,dPL-MLP,train,CN-Base,0.23340275433809898,median_across_seeds,kge,structural,,3.0,median_across_seeds
04216418,dPL-MLP,train,CN-TGD,0.07794056524463722,median_across_seeds,kge,structural,,3.0,median_across_seeds
04216418,dPL-MLP,train,TGD-Base,0.1558352545425703,median_across_seeds,kge,structural,,3.0,median_across_seeds
04221000,dPL-MLP,test,CN-Base,0.12407189828663068,median_across_seeds,kge,structural,,3.0,median_across_seeds
04221000,dPL-MLP,test,CN-TGD,0.07707206486863583,median_across_seeds,kge,structural,,3.0,median_across_seeds
04221000,dPL-MLP,test,TGD-Base,0.04633480124723066,median_across_seeds,kge,structural,,3.0,median_across_seeds
04221000,dPL-MLP,train,CN-Base,0.18324837889126733,median_across_seeds,kge,structural,,3.0,median_across_seeds
04221000,dPL-MLP,train,CN-TGD,0.12011799237368226,median_across_seeds,kge,structural,,3.0,median_across_seeds
04221000,dPL-MLP,train,TGD-Base,0.06609618087894797,median_across_seeds,kge,structural,,3.0,median_across_seeds
04224775,dPL-MLP,test,CN-Base,0.2169420523609027,median_across_seeds,kge,structural,,3.0,median_across_seeds
04224775,dPL-MLP,test,CN-TGD,0.14766891520454195,median_across_seeds,kge,structural,,3.0,median_across_seeds
04224775,dPL-MLP,test,TGD-Base,0.0742854762400591,median_across_seeds,kge,structural,,3.0,median_across_seeds
04224775,dPL-MLP,train,CN-Base,0.23866092961959462,median_across_seeds,kge,structural,,3.0,median_across_seeds
04224775,dPL-MLP,train,CN-TGD,0.15237570351035412,median_across_seeds,kge,structural,,3.0,median_across_seeds
04224775,dPL-MLP,train,TGD-Base,0.0878278144251059,median_across_seeds,kge,structural,,3.0,median_across_seeds
04233000,dPL-MLP,test,CN-Base,0.12307401286675967,median_across_seeds,kge,structural,,3.0,median_across_seeds
04233000,dPL-MLP,test,CN-TGD,0.08643156559199794,median_across_seeds,kge,structural,,3.0,median_across_seeds
04233000,dPL-MLP,test,TGD-Base,0.036642447274761736,median_across_seeds,kge,structural,,3.0,median_across_seeds
04233000,dPL-MLP,train,CN-Base,0.19474858141211138,median_across_seeds,kge,structural,,3.0,median_across_seeds
04233000,dPL-MLP,train,CN-TGD,0.13268902610020872,median_across_seeds,kge,structural,,3.0,median_across_seeds
04233000,dPL-MLP,train,TGD-Base,0.06205955531190266,median_across_seeds,kge,structural,,3.0,median_across_seeds
04256000,dPL-MLP,test,CN-Base,0.2073270666444612,median_across_seeds,kge,structural,,3.0,median_across_seeds
04256000,dPL-MLP,test,CN-TGD,0.10541973097919277,median_across_seeds,kge,structural,,3.0,median_across_seeds
04256000,dPL-MLP,test,TGD-Base,0.09919993084400891,median_across_seeds,kge,structural,,3.0,median_across_seeds
04256000,dPL-MLP,train,CN-Base,0.23396012137826572,median_across_seeds,kge,structural,,3.0,median_across_seeds
04256000,dPL-MLP,train,CN-TGD,0.12163534566519163,median_across_seeds,kge,structural,,3.0,median_across_seeds
04256000,dPL-MLP,train,TGD-Base,0.11262876381274378,median_across_seeds,kge,structural,,3.0,median_across_seeds
04296000,dPL-MLP,test,CN-Base,0.34086776823292825,median_across_seeds,kge,structural,,3.0,median_across_seeds
04296000,dPL-MLP,test,CN-TGD,0.09309923582711488,median_across_seeds,kge,structural,,3.0,median_across_seeds
04296000,dPL-MLP,test,TGD-Base,0.24411624015185002,median_across_seeds,kge,structural,,3.0,median_across_seeds
04296000,dPL-MLP,train,CN-Base,0.45673891630954805,median_across_seeds,kge,structural,,3.0,median_across_seeds
04296000,dPL-MLP,train,CN-TGD,0.06306664805904416,median_across_seeds,kge,structural,,3.0,median_across_seeds
04296000,dPL-MLP,train,TGD-Base,0.3949514191210874,median_across_seeds,kge,structural,,3.0,median_across_seeds
05057200,dPL-MLP,test,CN-Base,0.09748343430360842,median_across_seeds,kge,structural,,3.0,median_across_seeds
05057200,dPL-MLP,test,CN-TGD,0.10374469131485084,median_across_seeds,kge,structural,,3.0,median_across_seeds
05057200,dPL-MLP,test,TGD-Base,-0.020976259300332922,median_across_seeds,kge,structural,,3.0,median_across_seeds
05057200,dPL-MLP,train,CN-Base,-0.11481226314398832,median_across_seeds,kge,structural,,3.0,median_across_seeds
05057200,dPL-MLP,train,CN-TGD,0.1710937453637314,median_across_seeds,kge,structural,,3.0,median_across_seeds
05057200,dPL-MLP,train,TGD-Base,-0.28590600850771974,median_across_seeds,kge,structural,,3.0,median_across_seeds
05120500,dPL-MLP,test,CN-Base,0.2150351410460264,median_across_seeds,kge,structural,,3.0,median_across_seeds
05120500,dPL-MLP,test,CN-TGD,1.5513674312596533,median_across_seeds,kge,structural,,3.0,median_across_seeds
05120500,dPL-MLP,test,TGD-Base,-1.336332290213627,median_across_seeds,kge,structural,,3.0,median_across_seeds
05120500,dPL-MLP,train,CN-Base,-0.0505450955875093,median_across_seeds,kge,structural,,3.0,median_across_seeds
05120500,dPL-MLP,train,CN-TGD,0.062414918726395804,median_across_seeds,kge,structural,,3.0,median_across_seeds
05120500,dPL-MLP,train,TGD-Base,-0.1129600143139051,median_across_seeds,kge,structural,,3.0,median_across_seeds
05291000,dPL-MLP,test,CN-Base,0.2817648569389877,median_across_seeds,kge,structural,,3.0,median_across_seeds
05291000,dPL-MLP,test,CN-TGD,0.26727232664533906,median_across_seeds,kge,structural,,3.0,median_across_seeds
05291000,dPL-MLP,test,TGD-Base,0.014492530293648609,median_across_seeds,kge,structural,,3.0,median_across_seeds
05291000,dPL-MLP,train,CN-Base,0.09333346069645176,median_across_seeds,kge,structural,,3.0,median_across_seeds
05291000,dPL-MLP,train,CN-TGD,0.08636024622672578,median_across_seeds,kge,structural,,3.0,median_across_seeds
05291000,dPL-MLP,train,TGD-Base,0.007698094500711572,median_across_seeds,kge,structural,,3.0,median_across_seeds
05362000,dPL-MLP,test,CN-Base,0.19645250384408586,median_across_seeds,kge,structural,,3.0,median_across_seeds
05362000,dPL-MLP,test,CN-TGD,0.01629874086508487,median_across_seeds,kge,structural,,3.0,median_across_seeds
05362000,dPL-MLP,test,TGD-Base,0.15808712349039822,median_across_seeds,kge,structural,,3.0,median_across_seeds
05362000,dPL-MLP,train,CN-Base,0.19397593442572403,median_across_seeds,kge,structural,,3.0,median_across_seeds
05362000,dPL-MLP,train,CN-TGD,0.11233957182017251,median_across_seeds,kge,structural,,3.0,median_across_seeds
05362000,dPL-MLP,train,TGD-Base,0.08163636260555152,median_across_seeds,kge,structural,,3.0,median_across_seeds
05393500,dPL-MLP,test,CN-Base,0.3263522373644281,median_across_seeds,kge,structural,,3.0,median_across_seeds
05393500,dPL-MLP,test,CN-TGD,0.11988108716403412,median_across_seeds,kge,structural,,3.0,median_across_seeds
05393500,dPL-MLP,test,TGD-Base,0.21147537067769018,median_across_seeds,kge,structural,,3.0,median_across_seeds
05393500,dPL-MLP,train,CN-Base,0.15218519414307763,median_across_seeds,kge,structural,,3.0,median_across_seeds
05393500,dPL-MLP,train,CN-TGD,0.07808570748457078,median_across_seeds,kge,structural,,3.0,median_across_seeds
05393500,dPL-MLP,train,TGD-Base,0.07409948665850685,median_across_seeds,kge,structural,,3.0,median_across_seeds
05399500,dPL-MLP,test,CN-Base,0.2315506601167312,median_across_seeds,kge,structural,,3.0,median_across_seeds
05399500,dPL-MLP,test,CN-TGD,0.06445967271029907,median_across_seeds,kge,structural,,3.0,median_across_seeds
05399500,dPL-MLP,test,TGD-Base,0.15547686301063623,median_across_seeds,kge,structural,,3.0,median_across_seeds
05399500,dPL-MLP,train,CN-Base,0.10890468947271958,median_across_seeds,kge,structural,,3.0,median_across_seeds
05399500,dPL-MLP,train,CN-TGD,0.14790431998098164,median_across_seeds,kge,structural,,3.0,median_across_seeds
05399500,dPL-MLP,train,TGD-Base,-0.03899963050826205,median_across_seeds,kge,structural,,3.0,median_across_seeds
05408000,dPL-MLP,test,CN-Base,-0.0733179445317661,median_across_seeds,kge,structural,,3.0,median_across_seeds
05408000,dPL-MLP,test,CN-TGD,-0.01970193140573928,median_across_seeds,kge,structural,,3.0,median_across_seeds
05408000,dPL-MLP,test,TGD-Base,-0.03182751981404841,median_across_seeds,kge,structural,,3.0,median_across_seeds
05408000,dPL-MLP,train,CN-Base,0.016801289945221676,median_across_seeds,kge,structural,,3.0,median_across_seeds
05408000,dPL-MLP,train,CN-TGD,0.03546215564797617,median_across_seeds,kge,structural,,3.0,median_across_seeds
05408000,dPL-MLP,train,TGD-Base,-0.018660865702754492,median_across_seeds,kge,structural,,3.0,median_across_seeds
05413500,dPL-MLP,test,CN-Base,0.012396841075859255,median_across_seeds,kge,structural,,3.0,median_across_seeds
05413500,dPL-MLP,test,CN-TGD,-0.031081369207102694,median_across_seeds,kge,structural,,3.0,median_across_seeds
05413500,dPL-MLP,test,TGD-Base,0.03998555006256799,median_across_seeds,kge,structural,,3.0,median_across_seeds
05413500,dPL-MLP,train,CN-Base,0.11416171655011864,median_across_seeds,kge,structural,,3.0,median_across_seeds
05413500,dPL-MLP,train,CN-TGD,0.056403229261674404,median_across_seeds,kge,structural,,3.0,median_across_seeds
05413500,dPL-MLP,train,TGD-Base,0.04773823912974551,median_across_seeds,kge,structural,,3.0,median_across_seeds
05414000,dPL-MLP,test,CN-Base,0.02257749633841022,median_across_seeds,kge,structural,,3.0,median_across_seeds
05414000,dPL-MLP,test,CN-TGD,-0.018892357974611196,median_across_seeds,kge,structural,,3.0,median_across_seeds
05414000,dPL-MLP,test,TGD-Base,0.041469854313021415,median_across_seeds,kge,structural,,3.0,median_across_seeds
05414000,dPL-MLP,train,CN-Base,0.10362809350194097,median_across_seeds,kge,structural,,3.0,median_across_seeds
05414000,dPL-MLP,train,CN-TGD,0.051506423045795446,median_across_seeds,kge,structural,,3.0,median_across_seeds
05414000,dPL-MLP,train,TGD-Base,0.045865045836126606,median_across_seeds,kge,structural,,3.0,median_across_seeds
05444000,dPL-MLP,test,CN-Base,-0.04594865498258982,median_across_seeds,kge,structural,,3.0,median_across_seeds
05444000,dPL-MLP,test,CN-TGD,-0.05508647569144254,median_across_seeds,kge,structural,,3.0,median_across_seeds
05444000,dPL-MLP,test,TGD-Base,0.009137820708852717,median_across_seeds,kge,structural,,3.0,median_across_seeds
05444000,dPL-MLP,train,CN-Base,0.01162301853005454,median_across_seeds,kge,structural,,3.0,median_across_seeds
05444000,dPL-MLP,train,CN-TGD,-0.013998051147310009,median_across_seeds,kge,structural,,3.0,median_across_seeds
05444000,dPL-MLP,train,TGD-Base,0.017528010737129174,median_across_seeds,kge,structural,,3.0,median_across_seeds
05454000,dPL-MLP,test,CN-Base,-0.028902788184061223,median_across_seeds,kge,structural,,3.0,median_across_seeds
05454000,dPL-MLP,test,CN-TGD,-0.015593955013249672,median_across_seeds,kge,structural,,3.0,median_across_seeds
05454000,dPL-MLP,test,TGD-Base,-0.013308833170811551,median_across_seeds,kge,structural,,3.0,median_across_seeds
05454000,dPL-MLP,train,CN-Base,0.0008177629525969454,median_across_seeds,kge,structural,,3.0,median_across_seeds
05454000,dPL-MLP,train,CN-TGD,0.006859522528923745,median_across_seeds,kge,structural,,3.0,median_across_seeds
05454000,dPL-MLP,train,TGD-Base,-0.0060417595763267995,median_across_seeds,kge,structural,,3.0,median_across_seeds
05458000,dPL-MLP,test,CN-Base,0.06984602568124187,median_across_seeds,kge,structural,,3.0,median_across_seeds
05458000,dPL-MLP,test,CN-TGD,0.044549720097495915,median_across_seeds,kge,structural,,3.0,median_across_seeds
05458000,dPL-MLP,test,TGD-Base,0.05035041952621666,median_across_seeds,kge,structural,,3.0,median_across_seeds
05458000,dPL-MLP,train,CN-Base,0.07393586338586133,median_across_seeds,kge,structural,,3.0,median_across_seeds
05458000,dPL-MLP,train,CN-TGD,0.08872921166012526,median_across_seeds,kge,structural,,3.0,median_across_seeds
05458000,dPL-MLP,train,TGD-Base,-0.0031662048579109703,median_across_seeds,kge,structural,,3.0,median_across_seeds
05466500,dPL-MLP,test,CN-Base,-0.0199236977785624,median_across_seeds,kge,structural,,3.0,median_across_seeds
05466500,dPL-MLP,test,CN-TGD,-0.019325188536476468,median_across_seeds,kge,structural,,3.0,median_across_seeds
05466500,dPL-MLP,test,TGD-Base,-0.004321456484224329,median_across_seeds,kge,structural,,3.0,median_across_seeds
05466500,dPL-MLP,train,CN-Base,0.03456418286612106,median_across_seeds,kge,structural,,3.0,median_across_seeds
05466500,dPL-MLP,train,CN-TGD,0.04039263062376186,median_across_seeds,kge,structural,,3.0,median_across_seeds
05466500,dPL-MLP,train,TGD-Base,-0.01398715890697344,median_across_seeds,kge,structural,,3.0,median_across_seeds
05487980,dPL-MLP,test,CN-Base,0.01280846111154399,median_across_seeds,kge,structural,,3.0,median_across_seeds
05487980,dPL-MLP,test,CN-TGD,0.007073723490867545,median_across_seeds,kge,structural,,3.0,median_across_seeds
05487980,dPL-MLP,test,TGD-Base,0.0057347376206764444,median_across_seeds,kge,structural,,3.0,median_across_seeds
05487980,dPL-MLP,train,CN-Base,0.0038242886702637424,median_across_seeds,kge,structural,,3.0,median_across_seeds
05487980,dPL-MLP,train,CN-TGD,-0.007079200590737966,median_across_seeds,kge,structural,,3.0,median_across_seeds
05487980,dPL-MLP,train,TGD-Base,0.011089315319136483,median_across_seeds,kge,structural,,3.0,median_across_seeds
05488200,dPL-MLP,test,CN-Base,0.06543491255131406,median_across_seeds,kge,structural,,3.0,median_across_seeds
05488200,dPL-MLP,test,CN-TGD,0.0476550832798639,median_across_seeds,kge,structural,,3.0,median_across_seeds
05488200,dPL-MLP,test,TGD-Base,0.017779829271450165,median_across_seeds,kge,structural,,3.0,median_across_seeds
05488200,dPL-MLP,train,CN-Base,0.02433640298644235,median_across_seeds,kge,structural,,3.0,median_across_seeds
05488200,dPL-MLP,train,CN-TGD,-0.00022731518909713255,median_across_seeds,kge,structural,,3.0,median_across_seeds
05488200,dPL-MLP,train,TGD-Base,0.024563718175539484,median_across_seeds,kge,structural,,3.0,median_across_seeds
05489000,dPL-MLP,test,CN-Base,-0.000689505512064148,median_across_seeds,kge,structural,,3.0,median_across_seeds
05489000,dPL-MLP,test,CN-TGD,-0.015240381665746483,median_across_seeds,kge,structural,,3.0,median_across_seeds
05489000,dPL-MLP,test,TGD-Base,0.014550876153682335,median_across_seeds,kge,structural,,3.0,median_across_seeds
05489000,dPL-MLP,train,CN-Base,0.025748726150922496,median_across_seeds,kge,structural,,3.0,median_across_seeds
05489000,dPL-MLP,train,CN-TGD,0.006859682153606217,median_across_seeds,kge,structural,,3.0,median_across_seeds
05489000,dPL-MLP,train,TGD-Base,0.01888904399731628,median_across_seeds,kge,structural,,3.0,median_across_seeds
05495000,dPL-MLP,test,CN-Base,-0.019775126579367974,median_across_seeds,kge,structural,,3.0,median_across_seeds
05495000,dPL-MLP,test,CN-TGD,-0.019865647284722954,median_across_seeds,kge,structural,,3.0,median_across_seeds
05495000,dPL-MLP,test,TGD-Base,9.052070535497947e-05,median_across_seeds,kge,structural,,3.0,median_across_seeds
05495000,dPL-MLP,train,CN-Base,0.04754580935727193,median_across_seeds,kge,structural,,3.0,median_across_seeds
05495000,dPL-MLP,train,CN-TGD,0.039344614046074367,median_across_seeds,kge,structural,,3.0,median_across_seeds
05495000,dPL-MLP,train,TGD-Base,0.010119940284900819,median_across_seeds,kge,structural,,3.0,median_across_seeds
05495500,dPL-MLP,test,CN-Base,0.01914993009286814,median_across_seeds,kge,structural,,3.0,median_across_seeds
05495500,dPL-MLP,test,CN-TGD,-0.02399791619196423,median_across_seeds,kge,structural,,3.0,median_across_seeds
05495500,dPL-MLP,test,TGD-Base,0.03233471094625928,median_across_seeds,kge,structural,,3.0,median_across_seeds
05495500,dPL-MLP,train,CN-Base,0.01065362246053514,median_across_seeds,kge,structural,,3.0,median_across_seeds
05495500,dPL-MLP,train,CN-TGD,-0.005192196750293476,median_across_seeds,kge,structural,,3.0,median_across_seeds
05495500,dPL-MLP,train,TGD-Base,0.01655001725881189,median_across_seeds,kge,structural,,3.0,median_across_seeds
05501000,dPL-MLP,test,CN-Base,-0.06999993614054378,median_across_seeds,kge,structural,,3.0,median_across_seeds
05501000,dPL-MLP,test,CN-TGD,-0.011414530914111487,median_across_seeds,kge,structural,,3.0,median_across_seeds
05501000,dPL-MLP,test,TGD-Base,-0.06571448786354317,median_across_seeds,kge,structural,,3.0,median_across_seeds
05501000,dPL-MLP,train,CN-Base,0.02077951553076851,median_across_seeds,kge,structural,,3.0,median_across_seeds
05501000,dPL-MLP,train,CN-TGD,-0.0016599560215180276,median_across_seeds,kge,structural,,3.0,median_across_seeds
05501000,dPL-MLP,train,TGD-Base,0.023279307028983953,median_across_seeds,kge,structural,,3.0,median_across_seeds
05503800,dPL-MLP,test,CN-Base,-0.008997222461316734,median_across_seeds,kge,structural,,3.0,median_across_seeds
05503800,dPL-MLP,test,CN-TGD,-0.05104458810868118,median_across_seeds,kge,structural,,3.0,median_across_seeds
05503800,dPL-MLP,test,TGD-Base,0.02376789708981919,median_across_seeds,kge,structural,,3.0,median_across_seeds
05503800,dPL-MLP,train,CN-Base,-0.0046045315921801055,median_across_seeds,kge,structural,,3.0,median_across_seeds
05503800,dPL-MLP,train,CN-TGD,0.0033707017500450576,median_across_seeds,kge,structural,,3.0,median_across_seeds
05503800,dPL-MLP,train,TGD-Base,-0.007975233342225163,median_across_seeds,kge,structural,,3.0,median_across_seeds
05507600,dPL-MLP,test,CN-Base,-0.037852266847587024,median_across_seeds,kge,structural,,3.0,median_across_seeds
05507600,dPL-MLP,test,CN-TGD,0.0038750227512101,median_across_seeds,kge,structural,,3.0,median_across_seeds
05507600,dPL-MLP,test,TGD-Base,-0.009454328669868173,median_across_seeds,kge,structural,,3.0,median_across_seeds
05507600,dPL-MLP,train,CN-Base,-0.02200719308470611,median_across_seeds,kge,structural,,3.0,median_across_seeds
05507600,dPL-MLP,train,CN-TGD,-0.005780287894824099,median_across_seeds,kge,structural,,3.0,median_across_seeds
05507600,dPL-MLP,train,TGD-Base,0.004345976223433801,median_across_seeds,kge,structural,,3.0,median_across_seeds
05508805,dPL-MLP,test,CN-Base,-0.015277599467233838,median_across_seeds,kge,structural,,3.0,median_across_seeds
05508805,dPL-MLP,test,CN-TGD,-0.023475547994821877,median_across_seeds,kge,structural,,3.0,median_across_seeds
05508805,dPL-MLP,test,TGD-Base,0.002973099678729718,median_across_seeds,kge,structural,,3.0,median_across_seeds
05508805,dPL-MLP,train,CN-Base,-0.038012427778525204,median_across_seeds,kge,structural,,3.0,median_across_seeds
05508805,dPL-MLP,train,CN-TGD,-0.04253490388261005,median_across_seeds,kge,structural,,3.0,median_across_seeds
05508805,dPL-MLP,train,TGD-Base,0.0051959420011853386,median_across_seeds,kge,structural,,3.0,median_across_seeds
05525500,dPL-MLP,test,CN-Base,0.00268273079997261,median_across_seeds,kge,structural,,3.0,median_across_seeds
05525500,dPL-MLP,test,CN-TGD,-0.01182903056829876,median_across_seeds,kge,structural,,3.0,median_across_seeds
05525500,dPL-MLP,test,TGD-Base,0.01474716148186006,median_across_seeds,kge,structural,,3.0,median_across_seeds
05525500,dPL-MLP,train,CN-Base,0.00833945189861296,median_across_seeds,kge,structural,,3.0,median_across_seeds
05525500,dPL-MLP,train,CN-TGD,0.0021370427612784626,median_across_seeds,kge,structural,,3.0,median_across_seeds
05525500,dPL-MLP,train,TGD-Base,0.010364861191536234,median_across_seeds,kge,structural,,3.0,median_across_seeds
05556500,dPL-MLP,test,CN-Base,-0.022965381295450338,median_across_seeds,kge,structural,,3.0,median_across_seeds
05556500,dPL-MLP,test,CN-TGD,-0.037649718557275946,median_across_seeds,kge,structural,,3.0,median_across_seeds
05556500,dPL-MLP,test,TGD-Base,0.003955001049536611,median_across_seeds,kge,structural,,3.0,median_across_seeds
05556500,dPL-MLP,train,CN-Base,0.007408824168992467,median_across_seeds,kge,structural,,3.0,median_across_seeds
05556500,dPL-MLP,train,CN-TGD,0.0008131675225581114,median_across_seeds,kge,structural,,3.0,median_across_seeds
05556500,dPL-MLP,train,TGD-Base,0.003884380384231001,median_across_seeds,kge,structural,,3.0,median_across_seeds
05584500,dPL-MLP,test,CN-Base,0.021325105943028166,median_across_seeds,kge,structural,,3.0,median_across_seeds
05584500,dPL-MLP,test,CN-TGD,0.014496307979070977,median_across_seeds,kge,structural,,3.0,median_across_seeds
05584500,dPL-MLP,test,TGD-Base,-0.007779110105202491,median_across_seeds,kge,structural,,3.0,median_across_seeds
05584500,dPL-MLP,train,CN-Base,0.0006326445596277486,median_across_seeds,kge,structural,,3.0,median_across_seeds
05584500,dPL-MLP,train,CN-TGD,0.003178396852423604,median_across_seeds,kge,structural,,3.0,median_across_seeds
05584500,dPL-MLP,train,TGD-Base,-0.005039243332194965,median_across_seeds,kge,structural,,3.0,median_across_seeds
05591550,dPL-MLP,test,CN-Base,0.0037153128095301913,median_across_seeds,kge,structural,,3.0,median_across_seeds
05591550,dPL-MLP,test,CN-TGD,0.015028475210004055,median_across_seeds,kge,structural,,3.0,median_across_seeds
05591550,dPL-MLP,test,TGD-Base,-0.02483835583220939,median_across_seeds,kge,structural,,3.0,median_across_seeds
05591550,dPL-MLP,train,CN-Base,0.010871720744193514,median_across_seeds,kge,structural,,3.0,median_across_seeds
05591550,dPL-MLP,train,CN-TGD,0.004445852143074247,median_across_seeds,kge,structural,,3.0,median_across_seeds
05591550,dPL-MLP,train,TGD-Base,0.0051705876683540986,median_across_seeds,kge,structural,,3.0,median_across_seeds
05592050,dPL-MLP,test,CN-Base,-0.030584644761037616,median_across_seeds,kge,structural,,3.0,median_across_seeds
05592050,dPL-MLP,test,CN-TGD,-0.03329602611962168,median_across_seeds,kge,structural,,3.0,median_across_seeds
05592050,dPL-MLP,test,TGD-Base,0.002711381358584064,median_across_seeds,kge,structural,,3.0,median_across_seeds
05592050,dPL-MLP,train,CN-Base,0.00339775948135701,median_across_seeds,kge,structural,,3.0,median_across_seeds
05592050,dPL-MLP,train,CN-TGD,0.011969939941469443,median_across_seeds,kge,structural,,3.0,median_across_seeds
05592050,dPL-MLP,train,TGD-Base,0.004584025833956895,median_across_seeds,kge,structural,,3.0,median_across_seeds
05592575,dPL-MLP,test,CN-Base,-0.10337065582247529,median_across_seeds,kge,structural,,3.0,median_across_seeds
05592575,dPL-MLP,test,CN-TGD,-0.020943817642736118,median_across_seeds,kge,structural,,3.0,median_across_seeds
05592575,dPL-MLP,test,TGD-Base,-0.058563576820531815,median_across_seeds,kge,structural,,3.0,median_across_seeds
05592575,dPL-MLP,train,CN-Base,0.06995923857872555,median_across_seeds,kge,structural,,3.0,median_across_seeds
05592575,dPL-MLP,train,CN-TGD,0.010389683677565653,median_across_seeds,kge,structural,,3.0,median_across_seeds
05592575,dPL-MLP,train,TGD-Base,0.04769055751556561,median_across_seeds,kge,structural,,3.0,median_across_seeds
05593575,dPL-MLP,test,CN-Base,-0.002957098030603289,median_across_seeds,kge,structural,,3.0,median_across_seeds
05593575,dPL-MLP,test,CN-TGD,-0.00045292586912015764,median_across_seeds,kge,structural,,3.0,median_across_seeds
05593575,dPL-MLP,test,TGD-Base,-0.01778434133772344,median_across_seeds,kge,structural,,3.0,median_across_seeds
05593575,dPL-MLP,train,CN-Base,0.005558792571134785,median_across_seeds,kge,structural,,3.0,median_across_seeds
05593575,dPL-MLP,train,CN-TGD,0.0034093084920779892,median_across_seeds,kge,structural,,3.0,median_across_seeds
05593575,dPL-MLP,train,TGD-Base,0.005233091672061985,median_across_seeds,kge,structural,,3.0,median_across_seeds
05593900,dPL-MLP,test,CN-Base,-0.009142236751122579,median_across_seeds,kge,structural,,3.0,median_across_seeds
05593900,dPL-MLP,test,CN-TGD,0.0005801355841688061,median_across_seeds,kge,structural,,3.0,median_across_seeds
05593900,dPL-MLP,test,TGD-Base,-0.004191398824058501,median_across_seeds,kge,structural,,3.0,median_across_seeds
05593900,dPL-MLP,train,CN-Base,0.005693867564081301,median_across_seeds,kge,structural,,3.0,median_across_seeds
05593900,dPL-MLP,train,CN-TGD,0.00302736691446448,median_across_seeds,kge,structural,,3.0,median_across_seeds
05593900,dPL-MLP,train,TGD-Base,0.0018068563224939993,median_across_seeds,kge,structural,,3.0,median_across_seeds
05595730,dPL-MLP,test,CN-Base,0.008657228200974254,median_across_seeds,kge,structural,,3.0,median_across_seeds
05595730,dPL-MLP,test,CN-TGD,-0.0021235598602832306,median_across_seeds,kge,structural,,3.0,median_across_seeds
05595730,dPL-MLP,test,TGD-Base,0.010780788061257485,median_across_seeds,kge,structural,,3.0,median_across_seeds
05595730,dPL-MLP,train,CN-Base,-0.008247759533628107,median_across_seeds,kge,structural,,3.0,median_across_seeds
05595730,dPL-MLP,train,CN-TGD,0.0018906845584691911,median_across_seeds,kge,structural,,3.0,median_across_seeds
05595730,dPL-MLP,train,TGD-Base,-0.010138444092097298,median_across_seeds,kge,structural,,3.0,median_across_seeds
06221400,dPL-MLP,test,CN-Base,0.5858884320160388,median_across_seeds,kge,structural,,3.0,median_across_seeds
06221400,dPL-MLP,test,CN-TGD,0.2000222175273243,median_across_seeds,kge,structural,,3.0,median_across_seeds
06221400,dPL-MLP,test,TGD-Base,0.3846626959031288,median_across_seeds,kge,structural,,3.0,median_across_seeds
06221400,dPL-MLP,train,CN-Base,0.595069609246697,median_across_seeds,kge,structural,,3.0,median_across_seeds
06221400,dPL-MLP,train,CN-TGD,0.16917856504058215,median_across_seeds,kge,structural,,3.0,median_across_seeds
06221400,dPL-MLP,train,TGD-Base,0.4160026245366048,median_across_seeds,kge,structural,,3.0,median_across_seeds
06224000,dPL-MLP,test,CN-Base,0.6113502324545738,median_across_seeds,kge,structural,,3.0,median_across_seeds
06224000,dPL-MLP,test,CN-TGD,0.22297581524048965,median_across_seeds,kge,structural,,3.0,median_across_seeds
06224000,dPL-MLP,test,TGD-Base,0.3828971872296188,median_across_seeds,kge,structural,,3.0,median_across_seeds
06224000,dPL-MLP,train,CN-Base,0.6454194354651693,median_across_seeds,kge,structural,,3.0,median_across_seeds
06224000,dPL-MLP,train,CN-TGD,0.2611977600944906,median_across_seeds,kge,structural,,3.0,median_across_seeds
06224000,dPL-MLP,train,TGD-Base,0.3766733017269365,median_across_seeds,kge,structural,,3.0,median_across_seeds
06278300,dPL-MLP,test,CN-Base,0.6958654538387307,median_across_seeds,kge,structural,,3.0,median_across_seeds
06278300,dPL-MLP,test,CN-TGD,0.24152905421247817,median_across_seeds,kge,structural,,3.0,median_across_seeds
06278300,dPL-MLP,test,TGD-Base,0.45271440416216985,median_across_seeds,kge,structural,,3.0,median_across_seeds
06278300,dPL-MLP,train,CN-Base,0.5255394941755425,median_across_seeds,kge,structural,,3.0,median_across_seeds
06278300,dPL-MLP,train,CN-TGD,0.18891940287376208,median_across_seeds,kge,structural,,3.0,median_across_seeds
06278300,dPL-MLP,train,TGD-Base,0.34326210797647533,median_across_seeds,kge,structural,,3.0,median_across_seeds
06280300,dPL-MLP,test,CN-Base,0.7556612890178173,median_across_seeds,kge,structural,,3.0,median_across_seeds
06280300,dPL-MLP,test,CN-TGD,0.13407287099204712,median_across_seeds,kge,structural,,3.0,median_across_seeds
06280300,dPL-MLP,test,TGD-Base,0.6278831381661377,median_across_seeds,kge,structural,,3.0,median_across_seeds
06280300,dPL-MLP,train,CN-Base,0.808390259639638,median_across_seeds,kge,structural,,3.0,median_across_seeds
06280300,dPL-MLP,train,CN-TGD,0.14887993883222905,median_across_seeds,kge,structural,,3.0,median_across_seeds
06280300,dPL-MLP,train,TGD-Base,0.6633909542860563,median_across_seeds,kge,structural,,3.0,median_across_seeds
06289000,dPL-MLP,test,CN-Base,0.3151122567721135,median_across_seeds,kge,structural,,3.0,median_across_seeds
06289000,dPL-MLP,test,CN-TGD,0.0483065439649617,median_across_seeds,kge,structural,,3.0,median_across_seeds
06289000,dPL-MLP,test,TGD-Base,0.2582415278237656,median_across_seeds,kge,structural,,3.0,median_across_seeds
06289000,dPL-MLP,train,CN-Base,0.3714297349905831,median_across_seeds,kge,structural,,3.0,median_across_seeds
06289000,dPL-MLP,train,CN-TGD,0.10237441133142111,median_across_seeds,kge,structural,,3.0,median_across_seeds
06289000,dPL-MLP,train,TGD-Base,0.2762849601036822,median_across_seeds,kge,structural,,3.0,median_across_seeds
06291500,dPL-MLP,test,CN-Base,0.17924248450567137,median_across_seeds,kge,structural,,3.0,median_across_seeds
06291500,dPL-MLP,test,CN-TGD,0.013811442687935882,median_across_seeds,kge,structural,,3.0,median_across_seeds
06291500,dPL-MLP,test,TGD-Base,0.1654310418177355,median_across_seeds,kge,structural,,3.0,median_across_seeds
06291500,dPL-MLP,train,CN-Base,0.2298422543691898,median_across_seeds,kge,structural,,3.0,median_across_seeds
06291500,dPL-MLP,train,CN-TGD,-0.00277163630442101,median_across_seeds,kge,structural,,3.0,median_across_seeds
06291500,dPL-MLP,train,TGD-Base,0.18230535691566985,median_across_seeds,kge,structural,,3.0,median_across_seeds
06311000,dPL-MLP,test,CN-Base,0.31614434705092553,median_across_seeds,kge,structural,,3.0,median_across_seeds
06311000,dPL-MLP,test,CN-TGD,-0.02484548467226888,median_across_seeds,kge,structural,,3.0,median_across_seeds
06311000,dPL-MLP,test,TGD-Base,0.3409898317231944,median_across_seeds,kge,structural,,3.0,median_across_seeds
06311000,dPL-MLP,train,CN-Base,0.29341399767964066,median_across_seeds,kge,structural,,3.0,median_across_seeds
06311000,dPL-MLP,train,CN-TGD,-0.03960906008736087,median_across_seeds,kge,structural,,3.0,median_across_seeds
06311000,dPL-MLP,train,TGD-Base,0.3322589024933476,median_across_seeds,kge,structural,,3.0,median_across_seeds
06332515,dPL-MLP,test,CN-Base,0.1405253115283337,median_across_seeds,kge,structural,,3.0,median_across_seeds
06332515,dPL-MLP,test,CN-TGD,0.14391387985366869,median_across_seeds,kge,structural,,3.0,median_across_seeds
06332515,dPL-MLP,test,TGD-Base,-0.010634473709546899,median_across_seeds,kge,structural,,3.0,median_across_seeds
06332515,dPL-MLP,train,CN-Base,0.1281952299253918,median_across_seeds,kge,structural,,3.0,median_across_seeds
06332515,dPL-MLP,train,CN-TGD,0.10318044960673511,median_across_seeds,kge,structural,,3.0,median_across_seeds
06332515,dPL-MLP,train,TGD-Base,-0.0006793059274501079,median_across_seeds,kge,structural,,3.0,median_across_seeds
06339100,dPL-MLP,test,CN-Base,0.1265967872720885,median_across_seeds,kge,structural,,3.0,median_across_seeds
06339100,dPL-MLP,test,CN-TGD,0.0998045414231389,median_across_seeds,kge,structural,,3.0,median_across_seeds
06339100,dPL-MLP,test,TGD-Base,0.026792245848949597,median_across_seeds,kge,structural,,3.0,median_across_seeds
06339100,dPL-MLP,train,CN-Base,0.1419881945955775,median_across_seeds,kge,structural,,3.0,median_across_seeds
06339100,dPL-MLP,train,CN-TGD,0.11822217403719582,median_across_seeds,kge,structural,,3.0,median_across_seeds
06339100,dPL-MLP,train,TGD-Base,0.00010350451821519724,median_across_seeds,kge,structural,,3.0,median_across_seeds
06344600,dPL-MLP,test,CN-Base,0.0642963897970139,median_across_seeds,kge,structural,,3.0,median_across_seeds
06344600,dPL-MLP,test,CN-TGD,0.08524909918323971,median_across_seeds,kge,structural,,3.0,median_across_seeds
06344600,dPL-MLP,test,TGD-Base,-0.02820421472202181,median_across_seeds,kge,structural,,3.0,median_across_seeds
06344600,dPL-MLP,train,CN-Base,0.0906819403539714,median_across_seeds,kge,structural,,3.0,median_across_seeds
06344600,dPL-MLP,train,CN-TGD,0.07402760030115821,median_across_seeds,kge,structural,,3.0,median_across_seeds
06344600,dPL-MLP,train,TGD-Base,0.011330571052434298,median_across_seeds,kge,structural,,3.0,median_across_seeds
06350000,dPL-MLP,test,CN-Base,0.0805834430544401,median_across_seeds,kge,structural,,3.0,median_across_seeds
06350000,dPL-MLP,test,CN-TGD,0.020715612701509817,median_across_seeds,kge,structural,,3.0,median_across_seeds
06350000,dPL-MLP,test,TGD-Base,0.05986783035293028,median_across_seeds,kge,structural,,3.0,median_across_seeds
06350000,dPL-MLP,train,CN-Base,0.016983827691428394,median_across_seeds,kge,structural,,3.0,median_across_seeds
06350000,dPL-MLP,train,CN-TGD,-0.011287466906596794,median_across_seeds,kge,structural,,3.0,median_across_seeds
06350000,dPL-MLP,train,TGD-Base,0.029220559186844186,median_across_seeds,kge,structural,,3.0,median_across_seeds
06352000,dPL-MLP,test,CN-Base,0.06686752349992461,median_across_seeds,kge,structural,,3.0,median_across_seeds
06352000,dPL-MLP,test,CN-TGD,0.0228474681023281,median_across_seeds,kge,structural,,3.0,median_across_seeds
06352000,dPL-MLP,test,TGD-Base,0.028103303149972697,median_across_seeds,kge,structural,,3.0,median_across_seeds
06352000,dPL-MLP,train,CN-Base,-0.013051673140188898,median_across_seeds,kge,structural,,3.0,median_across_seeds
06352000,dPL-MLP,train,CN-TGD,-0.016489402886481097,median_across_seeds,kge,structural,,3.0,median_across_seeds
06352000,dPL-MLP,train,TGD-Base,0.002028293587092597,median_across_seeds,kge,structural,,3.0,median_across_seeds
06404000,dPL-MLP,test,CN-Base,0.07114216399974138,median_across_seeds,kge,structural,,3.0,median_across_seeds
06404000,dPL-MLP,test,CN-TGD,0.044931928586243064,median_across_seeds,kge,structural,,3.0,median_across_seeds
06404000,dPL-MLP,test,TGD-Base,-0.028710766510288366,median_across_seeds,kge,structural,,3.0,median_across_seeds
06404000,dPL-MLP,train,CN-Base,0.07460695935294837,median_across_seeds,kge,structural,,3.0,median_across_seeds
06404000,dPL-MLP,train,CN-TGD,0.25529124713399554,median_across_seeds,kge,structural,,3.0,median_across_seeds
06404000,dPL-MLP,train,TGD-Base,-0.18471357106660502,median_across_seeds,kge,structural,,3.0,median_across_seeds
06406000,dPL-MLP,test,CN-Base,-0.03938753538036388,median_across_seeds,kge,structural,,3.0,median_across_seeds
06406000,dPL-MLP,test,CN-TGD,0.03509540424842933,median_across_seeds,kge,structural,,3.0,median_across_seeds
06406000,dPL-MLP,test,TGD-Base,-0.07448293962879321,median_across_seeds,kge,structural,,3.0,median_across_seeds
06406000,dPL-MLP,train,CN-Base,0.01721769288614028,median_across_seeds,kge,structural,,3.0,median_across_seeds
06406000,dPL-MLP,train,CN-TGD,0.1637274458452861,median_across_seeds,kge,structural,,3.0,median_across_seeds
06406000,dPL-MLP,train,TGD-Base,-0.1465097529591458,median_across_seeds,kge,structural,,3.0,median_across_seeds
06409000,dPL-MLP,test,CN-Base,-0.2247738952395979,median_across_seeds,kge,structural,,3.0,median_across_seeds
06409000,dPL-MLP,test,CN-TGD,0.2499737038375935,median_across_seeds,kge,structural,,3.0,median_across_seeds
06409000,dPL-MLP,test,TGD-Base,-0.27337602063822386,median_across_seeds,kge,structural,,3.0,median_across_seeds
06409000,dPL-MLP,train,CN-Base,-0.07270286592214303,median_across_seeds,kge,structural,,3.0,median_across_seeds
06409000,dPL-MLP,train,CN-TGD,3.973640232801667e-06,median_across_seeds,kge,structural,,3.0,median_across_seeds
06409000,dPL-MLP,train,TGD-Base,0.0262223263931044,median_across_seeds,kge,structural,,3.0,median_across_seeds
06431500,dPL-MLP,test,CN-Base,-0.22582215167895914,median_across_seeds,kge,structural,,3.0,median_across_seeds
06431500,dPL-MLP,test,CN-TGD,0.012198841974092212,median_across_seeds,kge,structural,,3.0,median_across_seeds
06431500,dPL-MLP,test,TGD-Base,-0.2684596184833399,median_across_seeds,kge,structural,,3.0,median_across_seeds
06431500,dPL-MLP,train,CN-Base,-0.4271675561632098,median_across_seeds,kge,structural,,3.0,median_across_seeds
06431500,dPL-MLP,train,CN-TGD,0.1367150546471523,median_across_seeds,kge,structural,,3.0,median_across_seeds
06431500,dPL-MLP,train,TGD-Base,-0.5638826108103621,median_across_seeds,kge,structural,,3.0,median_across_seeds
06440200,dPL-MLP,test,CN-Base,-0.010038454937054686,median_across_seeds,kge,structural,,3.0,median_across_seeds
06440200,dPL-MLP,test,CN-TGD,0.033842981916446024,median_across_seeds,kge,structural,,3.0,median_across_seeds
06440200,dPL-MLP,test,TGD-Base,-0.04388143685350071,median_across_seeds,kge,structural,,3.0,median_across_seeds
06440200,dPL-MLP,train,CN-Base,-0.3662308732996997,median_across_seeds,kge,structural,,3.0,median_across_seeds
06440200,dPL-MLP,train,CN-TGD,0.1656004192885417,median_across_seeds,kge,structural,,3.0,median_across_seeds
06440200,dPL-MLP,train,TGD-Base,-0.5318312925882414,median_across_seeds,kge,structural,,3.0,median_across_seeds
06447500,dPL-MLP,test,CN-Base,0.06708607853627307,median_across_seeds,kge,structural,,3.0,median_across_seeds
06447500,dPL-MLP,test,CN-TGD,-0.1186605356302394,median_across_seeds,kge,structural,,3.0,median_across_seeds
06447500,dPL-MLP,test,TGD-Base,0.0802520668177733,median_across_seeds,kge,structural,,3.0,median_across_seeds
06447500,dPL-MLP,train,CN-Base,0.054803628543677596,median_across_seeds,kge,structural,,3.0,median_across_seeds
06447500,dPL-MLP,train,CN-TGD,0.025495406506387402,median_across_seeds,kge,structural,,3.0,median_across_seeds
06447500,dPL-MLP,train,TGD-Base,-0.08870888557762291,median_across_seeds,kge,structural,,3.0,median_across_seeds
06470800,dPL-MLP,test,CN-Base,0.1929987088387515,median_across_seeds,kge,structural,,3.0,median_across_seeds
06470800,dPL-MLP,test,CN-TGD,0.1480769949336353,median_across_seeds,kge,structural,,3.0,median_across_seeds
06470800,dPL-MLP,test,TGD-Base,0.113372033592508,median_across_seeds,kge,structural,,3.0,median_across_seeds
06470800,dPL-MLP,train,CN-Base,0.025892609198096106,median_across_seeds,kge,structural,,3.0,median_across_seeds
06470800,dPL-MLP,train,CN-TGD,0.22343563587512671,median_across_seeds,kge,structural,,3.0,median_across_seeds
06470800,dPL-MLP,train,TGD-Base,-0.021883032723864992,median_across_seeds,kge,structural,,3.0,median_across_seeds
06477500,dPL-MLP,test,CN-Base,0.19214855612908055,median_across_seeds,kge,structural,,3.0,median_across_seeds
06477500,dPL-MLP,test,CN-TGD,0.10046452692841562,median_across_seeds,kge,structural,,3.0,median_across_seeds
06477500,dPL-MLP,test,TGD-Base,0.0633217387645954,median_across_seeds,kge,structural,,3.0,median_across_seeds
06477500,dPL-MLP,train,CN-Base,0.1225357951078843,median_across_seeds,kge,structural,,3.0,median_across_seeds
06477500,dPL-MLP,train,CN-TGD,0.10277878631387591,median_across_seeds,kge,structural,,3.0,median_across_seeds
06477500,dPL-MLP,train,TGD-Base,0.019757008794008393,median_across_seeds,kge,structural,,3.0,median_across_seeds
06479215,dPL-MLP,test,CN-Base,0.3523618999457067,median_across_seeds,kge,structural,,3.0,median_across_seeds
06479215,dPL-MLP,test,CN-TGD,0.3375261455921541,median_across_seeds,kge,structural,,3.0,median_across_seeds
06479215,dPL-MLP,test,TGD-Base,0.011428977626187387,median_across_seeds,kge,structural,,3.0,median_across_seeds
06479215,dPL-MLP,train,CN-Base,0.039260137238994686,median_across_seeds,kge,structural,,3.0,median_across_seeds
06479215,dPL-MLP,train,CN-TGD,0.008530791326858689,median_across_seeds,kge,structural,,3.0,median_across_seeds
06479215,dPL-MLP,train,TGD-Base,0.02036833668580501,median_across_seeds,kge,structural,,3.0,median_across_seeds
06601000,dPL-MLP,test,CN-Base,0.03490965715868119,median_across_seeds,kge,structural,,3.0,median_across_seeds
06601000,dPL-MLP,test,CN-TGD,-0.06428405976886559,median_across_seeds,kge,structural,,3.0,median_across_seeds
06601000,dPL-MLP,test,TGD-Base,0.09919371692754678,median_across_seeds,kge,structural,,3.0,median_across_seeds
06601000,dPL-MLP,train,CN-Base,0.0089756138552044,median_across_seeds,kge,structural,,3.0,median_across_seeds
06601000,dPL-MLP,train,CN-TGD,-0.04390326528035288,median_across_seeds,kge,structural,,3.0,median_across_seeds
06601000,dPL-MLP,train,TGD-Base,0.05427567576947079,median_across_seeds,kge,structural,,3.0,median_across_seeds
06614800,dPL-MLP,test,CN-Base,0.9008807435739299,median_across_seeds,kge,structural,,3.0,median_across_seeds
06614800,dPL-MLP,test,CN-TGD,0.2606883989385971,median_across_seeds,kge,structural,,3.0,median_across_seeds
06614800,dPL-MLP,test,TGD-Base,0.643569127432609,median_across_seeds,kge,structural,,3.0,median_across_seeds
06614800,dPL-MLP,train,CN-Base,0.9819801315006426,median_across_seeds,kge,structural,,3.0,median_across_seeds
06614800,dPL-MLP,train,CN-TGD,0.2863001806224875,median_across_seeds,kge,structural,,3.0,median_across_seeds
06614800,dPL-MLP,train,TGD-Base,0.6932966146077688,median_across_seeds,kge,structural,,3.0,median_across_seeds
06622700,dPL-MLP,test,CN-Base,0.7467647160182395,median_across_seeds,kge,structural,,3.0,median_across_seeds
06622700,dPL-MLP,test,CN-TGD,0.15963636512933965,median_across_seeds,kge,structural,,3.0,median_across_seeds
06622700,dPL-MLP,test,TGD-Base,0.5871283508888998,median_across_seeds,kge,structural,,3.0,median_across_seeds
06622700,dPL-MLP,train,CN-Base,0.6929705033756587,median_across_seeds,kge,structural,,3.0,median_across_seeds
06622700,dPL-MLP,train,CN-TGD,0.12226891225076852,median_across_seeds,kge,structural,,3.0,median_across_seeds
06622700,dPL-MLP,train,TGD-Base,0.5707015911248902,median_across_seeds,kge,structural,,3.0,median_across_seeds
06623800,dPL-MLP,test,CN-Base,0.8861259601570296,median_across_seeds,kge,structural,,3.0,median_across_seeds
06623800,dPL-MLP,test,CN-TGD,0.26786646969410166,median_across_seeds,kge,structural,,3.0,median_across_seeds
06623800,dPL-MLP,test,TGD-Base,0.6182594904629279,median_across_seeds,kge,structural,,3.0,median_across_seeds
06623800,dPL-MLP,train,CN-Base,0.8119157085944206,median_across_seeds,kge,structural,,3.0,median_across_seeds
06623800,dPL-MLP,train,CN-TGD,0.1942308952315337,median_across_seeds,kge,structural,,3.0,median_across_seeds
06623800,dPL-MLP,train,TGD-Base,0.6167325995577475,median_across_seeds,kge,structural,,3.0,median_across_seeds
06632400,dPL-MLP,test,CN-Base,0.7341510472352071,median_across_seeds,kge,structural,,3.0,median_across_seeds
06632400,dPL-MLP,test,CN-TGD,0.12492279476958235,median_across_seeds,kge,structural,,3.0,median_across_seeds
06632400,dPL-MLP,test,TGD-Base,0.6085874123647403,median_across_seeds,kge,structural,,3.0,median_across_seeds
06632400,dPL-MLP,train,CN-Base,0.730993100287516,median_across_seeds,kge,structural,,3.0,median_across_seeds
06632400,dPL-MLP,train,CN-TGD,0.15997695075229534,median_across_seeds,kge,structural,,3.0,median_across_seeds
06632400,dPL-MLP,train,TGD-Base,0.5711339385909001,median_across_seeds,kge,structural,,3.0,median_across_seeds
06746095,dPL-MLP,test,CN-Base,0.6193287655677537,median_across_seeds,kge,structural,,3.0,median_across_seeds
06746095,dPL-MLP,test,CN-TGD,0.19571640805847398,median_across_seeds,kge,structural,,3.0,median_across_seeds
06746095,dPL-MLP,test,TGD-Base,0.4250621923972932,median_across_seeds,kge,structural,,3.0,median_across_seeds
06746095,dPL-MLP,train,CN-Base,0.7636923614529159,median_across_seeds,kge,structural,,3.0,median_across_seeds
06746095,dPL-MLP,train,CN-TGD,0.2475323798119795,median_across_seeds,kge,structural,,3.0,median_across_seeds
06746095,dPL-MLP,train,TGD-Base,0.516023939561222,median_across_seeds,kge,structural,,3.0,median_across_seeds
06803510,dPL-MLP,test,CN-Base,0.10171479880934542,median_across_seeds,kge,structural,,3.0,median_across_seeds
06803510,dPL-MLP,test,CN-TGD,-0.038786480242343435,median_across_seeds,kge,structural,,3.0,median_across_seeds
06803510,dPL-MLP,test,TGD-Base,0.14050127905168885,median_across_seeds,kge,structural,,3.0,median_across_seeds
06803510,dPL-MLP,train,CN-Base,0.006930797941050448,median_across_seeds,kge,structural,,3.0,median_across_seeds
06803510,dPL-MLP,train,CN-TGD,0.017386281119341263,median_across_seeds,kge,structural,,3.0,median_across_seeds
06803510,dPL-MLP,train,TGD-Base,-0.010455483178290814,median_across_seeds,kge,structural,,3.0,median_across_seeds
06803530,dPL-MLP,test,CN-Base,0.032034113993618885,median_across_seeds,kge,structural,,3.0,median_across_seeds
06803530,dPL-MLP,test,CN-TGD,-0.0034336922026069194,median_across_seeds,kge,structural,,3.0,median_across_seeds
06803530,dPL-MLP,test,TGD-Base,0.02530227109139971,median_across_seeds,kge,structural,,3.0,median_across_seeds
06803530,dPL-MLP,train,CN-Base,0.0046491347208401645,median_across_seeds,kge,structural,,3.0,median_across_seeds
06803530,dPL-MLP,train,CN-TGD,0.004126040272470655,median_across_seeds,kge,structural,,3.0,median_across_seeds
06803530,dPL-MLP,train,TGD-Base,0.0061822234784449925,median_across_seeds,kge,structural,,3.0,median_across_seeds
06814000,dPL-MLP,test,CN-Base,-0.008280574009116193,median_across_seeds,kge,structural,,3.0,median_across_seeds
06814000,dPL-MLP,test,CN-TGD,-0.006767616515785502,median_across_seeds,kge,structural,,3.0,median_across_seeds
06814000,dPL-MLP,test,TGD-Base,-0.005396513170136341,median_across_seeds,kge,structural,,3.0,median_across_seeds
06814000,dPL-MLP,train,CN-Base,0.007048556323664967,median_across_seeds,kge,structural,,3.0,median_across_seeds
06814000,dPL-MLP,train,CN-TGD,-0.0007594299910587132,median_across_seeds,kge,structural,,3.0,median_across_seeds
06814000,dPL-MLP,train,TGD-Base,0.0034557017249380317,median_across_seeds,kge,structural,,3.0,median_across_seeds
06847900,dPL-MLP,test,CN-Base,-0.16882274348187362,median_across_seeds,kge,structural,,3.0,median_across_seeds
06847900,dPL-MLP,test,CN-TGD,-0.018796105833499693,median_across_seeds,kge,structural,,3.0,median_across_seeds
06847900,dPL-MLP,test,TGD-Base,-0.12167031240353651,median_across_seeds,kge,structural,,3.0,median_across_seeds
06847900,dPL-MLP,train,CN-Base,-0.008899892465993306,median_across_seeds,kge,structural,,3.0,median_across_seeds
06847900,dPL-MLP,train,CN-TGD,0.049686873635940806,median_across_seeds,kge,structural,,3.0,median_across_seeds
06847900,dPL-MLP,train,TGD-Base,-0.05858676610193411,median_across_seeds,kge,structural,,3.0,median_across_seeds
06853800,dPL-MLP,test,CN-Base,0.03032193547919293,median_across_seeds,kge,structural,,3.0,median_across_seeds
06853800,dPL-MLP,test,CN-TGD,0.019630400273666804,median_across_seeds,kge,structural,,3.0,median_across_seeds
06853800,dPL-MLP,test,TGD-Base,0.010691535205526126,median_across_seeds,kge,structural,,3.0,median_across_seeds
06853800,dPL-MLP,train,CN-Base,-0.014982752971688718,median_across_seeds,kge,structural,,3.0,median_across_seeds
06853800,dPL-MLP,train,CN-TGD,-0.0023528108511573498,median_across_seeds,kge,structural,,3.0,median_across_seeds
06853800,dPL-MLP,train,TGD-Base,0.051271685107958875,median_across_seeds,kge,structural,,3.0,median_across_seeds
06876700,dPL-MLP,test,CN-Base,0.0036474871558191957,median_across_seeds,kge,structural,,3.0,median_across_seeds
06876700,dPL-MLP,test,CN-TGD,0.022614294899213294,median_across_seeds,kge,structural,,3.0,median_across_seeds
06876700,dPL-MLP,test,TGD-Base,-0.028236571565742108,median_across_seeds,kge,structural,,3.0,median_across_seeds
06876700,dPL-MLP,train,CN-Base,-0.019137818204093993,median_across_seeds,kge,structural,,3.0,median_across_seeds
06876700,dPL-MLP,train,CN-TGD,0.04438250719074899,median_across_seeds,kge,structural,,3.0,median_across_seeds
06876700,dPL-MLP,train,TGD-Base,-0.0668907441980322,median_across_seeds,kge,structural,,3.0,median_across_seeds
06878000,dPL-MLP,test,CN-Base,-0.11726071303602081,median_across_seeds,kge,structural,,3.0,median_across_seeds
06878000,dPL-MLP,test,CN-TGD,0.007478035023506746,median_across_seeds,kge,structural,,3.0,median_across_seeds
06878000,dPL-MLP,test,TGD-Base,-0.12473874805952756,median_across_seeds,kge,structural,,3.0,median_across_seeds
06878000,dPL-MLP,train,CN-Base,-0.018594575141000713,median_across_seeds,kge,structural,,3.0,median_across_seeds
06878000,dPL-MLP,train,CN-TGD,0.0005363070995961783,median_across_seeds,kge,structural,,3.0,median_across_seeds
06878000,dPL-MLP,train,TGD-Base,-0.01913088224059689,median_across_seeds,kge,structural,,3.0,median_across_seeds
06879650,dPL-MLP,test,CN-Base,0.0006064477207947672,median_across_seeds,kge,structural,,3.0,median_across_seeds
06879650,dPL-MLP,test,CN-TGD,-0.04870580870036301,median_across_seeds,kge,structural,,3.0,median_across_seeds
06879650,dPL-MLP,test,TGD-Base,0.023282160472489488,median_across_seeds,kge,structural,,3.0,median_across_seeds
06879650,dPL-MLP,train,CN-Base,-0.002552206702863491,median_across_seeds,kge,structural,,3.0,median_across_seeds
06879650,dPL-MLP,train,CN-TGD,-0.03247598575515037,median_across_seeds,kge,structural,,3.0,median_across_seeds
06879650,dPL-MLP,train,TGD-Base,-0.005894832892528401,median_across_seeds,kge,structural,,3.0,median_across_seeds
06885500,dPL-MLP,test,CN-Base,0.08894241334206654,median_across_seeds,kge,structural,,3.0,median_across_seeds
06885500,dPL-MLP,test,CN-TGD,0.059320422711180876,median_across_seeds,kge,structural,,3.0,median_across_seeds
06885500,dPL-MLP,test,TGD-Base,0.029621990630885664,median_across_seeds,kge,structural,,3.0,median_across_seeds
06885500,dPL-MLP,train,CN-Base,0.006981829840043807,median_across_seeds,kge,structural,,3.0,median_across_seeds
06885500,dPL-MLP,train,CN-TGD,-0.012980892209346173,median_across_seeds,kge,structural,,3.0,median_across_seeds
06885500,dPL-MLP,train,TGD-Base,0.01996272204938998,median_across_seeds,kge,structural,,3.0,median_across_seeds
06888500,dPL-MLP,test,CN-Base,0.010692160591090905,median_across_seeds,kge,structural,,3.0,median_across_seeds
06888500,dPL-MLP,test,CN-TGD,0.008982068280707467,median_across_seeds,kge,structural,,3.0,median_across_seeds
06888500,dPL-MLP,test,TGD-Base,-0.028280867853677227,median_across_seeds,kge,structural,,3.0,median_across_seeds
06888500,dPL-MLP,train,CN-Base,0.006276189756328487,median_across_seeds,kge,structural,,3.0,median_across_seeds
06888500,dPL-MLP,train,CN-TGD,0.0005354544999878197,median_across_seeds,kge,structural,,3.0,median_across_seeds
06888500,dPL-MLP,train,TGD-Base,0.009051826628921678,median_across_seeds,kge,structural,,3.0,median_across_seeds
06889200,dPL-MLP,test,CN-Base,-0.04076667028530068,median_across_seeds,kge,structural,,3.0,median_across_seeds
06889200,dPL-MLP,test,CN-TGD,-0.0388625319253183,median_across_seeds,kge,structural,,3.0,median_across_seeds
06889200,dPL-MLP,test,TGD-Base,-0.020573112296248863,median_across_seeds,kge,structural,,3.0,median_across_seeds
06889200,dPL-MLP,train,CN-Base,-0.0274302318741807,median_across_seeds,kge,structural,,3.0,median_across_seeds
06889200,dPL-MLP,train,CN-TGD,-0.03008137189667648,median_across_seeds,kge,structural,,3.0,median_across_seeds
06889200,dPL-MLP,train,TGD-Base,-0.007251556984639196,median_across_seeds,kge,structural,,3.0,median_across_seeds
06889500,dPL-MLP,test,CN-Base,-0.04759891568951069,median_across_seeds,kge,structural,,3.0,median_across_seeds
06889500,dPL-MLP,test,CN-TGD,-0.012001450271531433,median_across_seeds,kge,structural,,3.0,median_across_seeds
06889500,dPL-MLP,test,TGD-Base,-0.01041221805031467,median_across_seeds,kge,structural,,3.0,median_across_seeds
06889500,dPL-MLP,train,CN-Base,-0.006692065199000563,median_across_seeds,kge,structural,,3.0,median_across_seeds
06889500,dPL-MLP,train,CN-TGD,-0.00013800141696074242,median_across_seeds,kge,structural,,3.0,median_across_seeds
06889500,dPL-MLP,train,TGD-Base,0.0024321250256271743,median_across_seeds,kge,structural,,3.0,median_across_seeds
06892000,dPL-MLP,test,CN-Base,-0.008502676743004756,median_across_seeds,kge,structural,,3.0,median_across_seeds
06892000,dPL-MLP,test,CN-TGD,0.024865552464288454,median_across_seeds,kge,structural,,3.0,median_across_seeds
06892000,dPL-MLP,test,TGD-Base,0.001117221268452817,median_across_seeds,kge,structural,,3.0,median_across_seeds
06892000,dPL-MLP,train,CN-Base,0.003477569403871672,median_across_seeds,kge,structural,,3.0,median_across_seeds
06892000,dPL-MLP,train,CN-TGD,0.015691329097375806,median_across_seeds,kge,structural,,3.0,median_across_seeds
06892000,dPL-MLP,train,TGD-Base,0.0033814127862457077,median_across_seeds,kge,structural,,3.0,median_across_seeds
06903400,dPL-MLP,test,CN-Base,0.01846241229228407,median_across_seeds,kge,structural,,3.0,median_across_seeds
06903400,dPL-MLP,test,CN-TGD,-0.014492054539912536,median_across_seeds,kge,structural,,3.0,median_across_seeds
06903400,dPL-MLP,test,TGD-Base,0.010481671233038115,median_across_seeds,kge,structural,,3.0,median_across_seeds
06903400,dPL-MLP,train,CN-Base,0.0029021680007403905,median_across_seeds,kge,structural,,3.0,median_across_seeds
06903400,dPL-MLP,train,CN-TGD,0.003808927611335222,median_across_seeds,kge,structural,,3.0,median_across_seeds
06903400,dPL-MLP,train,TGD-Base,-0.0002876036048139463,median_across_seeds,kge,structural,,3.0,median_across_seeds
06906800,dPL-MLP,test,CN-Base,-0.018914488105832072,median_across_seeds,kge,structural,,3.0,median_across_seeds
06906800,dPL-MLP,test,CN-TGD,-0.02943095947323071,median_across_seeds,kge,structural,,3.0,median_across_seeds
06906800,dPL-MLP,test,TGD-Base,0.004731964472379446,median_across_seeds,kge,structural,,3.0,median_across_seeds
06906800,dPL-MLP,train,CN-Base,-0.00045657074022664723,median_across_seeds,kge,structural,,3.0,median_across_seeds
06906800,dPL-MLP,train,CN-TGD,-0.004314365185681623,median_across_seeds,kge,structural,,3.0,median_across_seeds
06906800,dPL-MLP,train,TGD-Base,0.003857794445454976,median_across_seeds,kge,structural,,3.0,median_across_seeds
06910800,dPL-MLP,test,CN-Base,0.0013773725970813722,median_across_seeds,kge,structural,,3.0,median_across_seeds
06910800,dPL-MLP,test,CN-TGD,-0.004122920375830175,median_across_seeds,kge,structural,,3.0,median_across_seeds
06910800,dPL-MLP,test,TGD-Base,0.004990211555791935,median_across_seeds,kge,structural,,3.0,median_across_seeds
06910800,dPL-MLP,train,CN-Base,-0.0008240928305502937,median_across_seeds,kge,structural,,3.0,median_across_seeds
06910800,dPL-MLP,train,CN-TGD,-0.007354524292846776,median_across_seeds,kge,structural,,3.0,median_across_seeds
06910800,dPL-MLP,train,TGD-Base,0.003273915571429087,median_across_seeds,kge,structural,,3.0,median_across_seeds
06911900,dPL-MLP,test,CN-Base,-0.011520651255573222,median_across_seeds,kge,structural,,3.0,median_across_seeds
06911900,dPL-MLP,test,CN-TGD,-0.009744071630171214,median_across_seeds,kge,structural,,3.0,median_across_seeds
06911900,dPL-MLP,test,TGD-Base,0.001661995704387298,median_across_seeds,kge,structural,,3.0,median_across_seeds
06911900,dPL-MLP,train,CN-Base,0.005599810405789274,median_across_seeds,kge,structural,,3.0,median_across_seeds
06911900,dPL-MLP,train,CN-TGD,-0.00033801196870408834,median_across_seeds,kge,structural,,3.0,median_across_seeds
06911900,dPL-MLP,train,TGD-Base,0.005937822374493362,median_across_seeds,kge,structural,,3.0,median_across_seeds
06917000,dPL-MLP,test,CN-Base,-0.004532368582450874,median_across_seeds,kge,structural,,3.0,median_across_seeds
06917000,dPL-MLP,test,CN-TGD,-0.009368099324614576,median_across_seeds,kge,structural,,3.0,median_across_seeds
06917000,dPL-MLP,test,TGD-Base,0.004835730742163702,median_across_seeds,kge,structural,,3.0,median_across_seeds
06917000,dPL-MLP,train,CN-Base,0.00413118160914383,median_across_seeds,kge,structural,,3.0,median_across_seeds
06917000,dPL-MLP,train,CN-TGD,-0.003458425046442004,median_across_seeds,kge,structural,,3.0,median_across_seeds
06917000,dPL-MLP,train,TGD-Base,0.015867482039496505,median_across_seeds,kge,structural,,3.0,median_across_seeds
06918460,dPL-MLP,test,CN-Base,-0.05046308458932569,median_across_seeds,kge,structural,,3.0,median_across_seeds
06918460,dPL-MLP,test,CN-TGD,-0.03253726422004699,median_across_seeds,kge,structural,,3.0,median_across_seeds
06918460,dPL-MLP,test,TGD-Base,-0.0179258203692787,median_across_seeds,kge,structural,,3.0,median_across_seeds
06918460,dPL-MLP,train,CN-Base,-0.012663396252300618,median_across_seeds,kge,structural,,3.0,median_across_seeds
06918460,dPL-MLP,train,CN-TGD,-0.01190257670008199,median_across_seeds,kge,structural,,3.0,median_across_seeds
06918460,dPL-MLP,train,TGD-Base,-0.00041584345390577315,median_across_seeds,kge,structural,,3.0,median_across_seeds
06919500,dPL-MLP,test,CN-Base,0.0016173697859295233,median_across_seeds,kge,structural,,3.0,median_across_seeds
06919500,dPL-MLP,test,CN-TGD,-0.01930306436788365,median_across_seeds,kge,structural,,3.0,median_across_seeds
06919500,dPL-MLP,test,TGD-Base,-0.055253448465428345,median_across_seeds,kge,structural,,3.0,median_across_seeds
06919500,dPL-MLP,train,CN-Base,-0.002691708721662578,median_across_seeds,kge,structural,,3.0,median_across_seeds
06919500,dPL-MLP,train,CN-TGD,-0.014811567259080394,median_across_seeds,kge,structural,,3.0,median_across_seeds
06919500,dPL-MLP,train,TGD-Base,-0.010620409139698306,median_across_seeds,kge,structural,,3.0,median_across_seeds
06921070,dPL-MLP,test,CN-Base,-0.0732882899032431,median_across_seeds,kge,structural,,3.0,median_across_seeds
06921070,dPL-MLP,test,CN-TGD,-0.03651591395195708,median_across_seeds,kge,structural,,3.0,median_across_seeds
06921070,dPL-MLP,test,TGD-Base,-0.03677237595128602,median_across_seeds,kge,structural,,3.0,median_across_seeds
06921070,dPL-MLP,train,CN-Base,0.01993694817173597,median_across_seeds,kge,structural,,3.0,median_across_seeds
06921070,dPL-MLP,train,CN-TGD,-0.01031236389391521,median_across_seeds,kge,structural,,3.0,median_across_seeds
06921070,dPL-MLP,train,TGD-Base,0.02767871079848261,median_across_seeds,kge,structural,,3.0,median_across_seeds
06921200,dPL-MLP,test,CN-Base,-0.13150553739504922,median_across_seeds,kge,structural,,3.0,median_across_seeds
06921200,dPL-MLP,test,CN-TGD,-0.05501216407374948,median_across_seeds,kge,structural,,3.0,median_across_seeds
06921200,dPL-MLP,test,TGD-Base,-0.04223215340646058,median_across_seeds,kge,structural,,3.0,median_across_seeds
06921200,dPL-MLP,train,CN-Base,0.05638289346824754,median_across_seeds,kge,structural,,3.0,median_across_seeds
06921200,dPL-MLP,train,CN-TGD,0.01583790722359868,median_across_seeds,kge,structural,,3.0,median_across_seeds
06921200,dPL-MLP,train,TGD-Base,0.04054498624464886,median_across_seeds,kge,structural,,3.0,median_across_seeds
07057500,dPL-MLP,test,CN-Base,-0.0025360017171399685,median_across_seeds,kge,structural,,3.0,median_across_seeds
07057500,dPL-MLP,test,CN-TGD,0.003328721359824094,median_across_seeds,kge,structural,,3.0,median_across_seeds
07057500,dPL-MLP,test,TGD-Base,-0.008911902727492205,median_across_seeds,kge,structural,,3.0,median_across_seeds
07057500,dPL-MLP,train,CN-Base,0.03317921577006744,median_across_seeds,kge,structural,,3.0,median_across_seeds
07057500,dPL-MLP,train,CN-TGD,0.022390227111209304,median_across_seeds,kge,structural,,3.0,median_across_seeds
07057500,dPL-MLP,train,TGD-Base,0.008897371309014912,median_across_seeds,kge,structural,,3.0,median_across_seeds
07060710,dPL-MLP,test,CN-Base,0.04017847674484165,median_across_seeds,kge,structural,,3.0,median_across_seeds
07060710,dPL-MLP,test,CN-TGD,0.03931505476871111,median_across_seeds,kge,structural,,3.0,median_across_seeds
07060710,dPL-MLP,test,TGD-Base,0.017627622111004992,median_across_seeds,kge,structural,,3.0,median_across_seeds
07060710,dPL-MLP,train,CN-Base,0.19320115839635044,median_across_seeds,kge,structural,,3.0,median_across_seeds
07060710,dPL-MLP,train,CN-TGD,0.17299998364118108,median_across_seeds,kge,structural,,3.0,median_across_seeds
07060710,dPL-MLP,train,TGD-Base,0.02020117475516936,median_across_seeds,kge,structural,,3.0,median_across_seeds
07066000,dPL-MLP,test,CN-Base,-0.011136222591538236,median_across_seeds,kge,structural,,3.0,median_across_seeds
07066000,dPL-MLP,test,CN-TGD,-0.011403973557028602,median_across_seeds,kge,structural,,3.0,median_across_seeds
07066000,dPL-MLP,test,TGD-Base,0.0026232757798755335,median_across_seeds,kge,structural,,3.0,median_across_seeds
07066000,dPL-MLP,train,CN-Base,0.0048391288993892,median_across_seeds,kge,structural,,3.0,median_across_seeds
07066000,dPL-MLP,train,CN-TGD,0.003705773975753557,median_across_seeds,kge,structural,,3.0,median_across_seeds
07066000,dPL-MLP,train,TGD-Base,0.009937077477396694,median_across_seeds,kge,structural,,3.0,median_across_seeds
07083000,dPL-MLP,test,CN-Base,0.8575235232394637,median_across_seeds,kge,structural,,3.0,median_across_seeds
07083000,dPL-MLP,test,CN-TGD,0.12080229203169945,median_across_seeds,kge,structural,,3.0,median_across_seeds
07083000,dPL-MLP,test,TGD-Base,0.7371529384596466,median_across_seeds,kge,structural,,3.0,median_across_seeds
07083000,dPL-MLP,train,CN-Base,0.8433514460345466,median_across_seeds,kge,structural,,3.0,median_across_seeds
07083000,dPL-MLP,train,CN-TGD,0.0798893755132466,median_across_seeds,kge,structural,,3.0,median_across_seeds
07083000,dPL-MLP,train,TGD-Base,0.7691140488612523,median_across_seeds,kge,structural,,3.0,median_across_seeds
07142300,dPL-MLP,test,CN-Base,0.01496074659561919,median_across_seeds,kge,structural,,3.0,median_across_seeds
07142300,dPL-MLP,test,CN-TGD,0.022013836475134996,median_across_seeds,kge,structural,,3.0,median_across_seeds
07142300,dPL-MLP,test,TGD-Base,0.02236087157315292,median_across_seeds,kge,structural,,3.0,median_across_seeds
07142300,dPL-MLP,train,CN-Base,0.040864199749861496,median_across_seeds,kge,structural,,3.0,median_across_seeds
07142300,dPL-MLP,train,CN-TGD,0.026697163479005193,median_across_seeds,kge,structural,,3.0,median_across_seeds
07142300,dPL-MLP,train,TGD-Base,0.014167036270856304,median_across_seeds,kge,structural,,3.0,median_across_seeds
07145700,dPL-MLP,test,CN-Base,-0.038778985706799385,median_across_seeds,kge,structural,,3.0,median_across_seeds
07145700,dPL-MLP,test,CN-TGD,0.014338034677395584,median_across_seeds,kge,structural,,3.0,median_across_seeds
07145700,dPL-MLP,test,TGD-Base,-0.07503278658723433,median_across_seeds,kge,structural,,3.0,median_across_seeds
07145700,dPL-MLP,train,CN-Base,-0.042757760703304504,median_across_seeds,kge,structural,,3.0,median_across_seeds
07145700,dPL-MLP,train,CN-TGD,-0.008537243800814776,median_across_seeds,kge,structural,,3.0,median_across_seeds
07145700,dPL-MLP,train,TGD-Base,-0.03422051690248973,median_across_seeds,kge,structural,,3.0,median_across_seeds
07167500,dPL-MLP,test,CN-Base,0.012989271183515338,median_across_seeds,kge,structural,,3.0,median_across_seeds
07167500,dPL-MLP,test,CN-TGD,0.009202892710542865,median_across_seeds,kge,structural,,3.0,median_across_seeds
07167500,dPL-MLP,test,TGD-Base,0.0037863784729724737,median_across_seeds,kge,structural,,3.0,median_across_seeds
07167500,dPL-MLP,train,CN-Base,0.020830129879230608,median_across_seeds,kge,structural,,3.0,median_across_seeds
07167500,dPL-MLP,train,CN-TGD,0.018098114073116678,median_across_seeds,kge,structural,,3.0,median_across_seeds
07167500,dPL-MLP,train,TGD-Base,0.00273201580611393,median_across_seeds,kge,structural,,3.0,median_across_seeds
07180500,dPL-MLP,test,CN-Base,0.0004390377922529609,median_across_seeds,kge,structural,,3.0,median_across_seeds
07180500,dPL-MLP,test,CN-TGD,-0.007823955673231464,median_across_seeds,kge,structural,,3.0,median_across_seeds
07180500,dPL-MLP,test,TGD-Base,0.00724884376844348,median_across_seeds,kge,structural,,3.0,median_across_seeds
07180500,dPL-MLP,train,CN-Base,-0.0014890906832542017,median_across_seeds,kge,structural,,3.0,median_across_seeds
07180500,dPL-MLP,train,CN-TGD,0.00022840079400754387,median_across_seeds,kge,structural,,3.0,median_across_seeds
07180500,dPL-MLP,train,TGD-Base,-0.0035783474275403737,median_across_seeds,kge,structural,,3.0,median_across_seeds
07184000,dPL-MLP,test,CN-Base,0.001055630077463121,median_across_seeds,kge,structural,,3.0,median_across_seeds
07184000,dPL-MLP,test,CN-TGD,0.00011440739003765188,median_across_seeds,kge,structural,,3.0,median_across_seeds
07184000,dPL-MLP,test,TGD-Base,0.003224895159323893,median_across_seeds,kge,structural,,3.0,median_across_seeds
07184000,dPL-MLP,train,CN-Base,0.00789650866075653,median_across_seeds,kge,structural,,3.0,median_across_seeds
07184000,dPL-MLP,train,CN-TGD,-0.0016686772127103566,median_across_seeds,kge,structural,,3.0,median_across_seeds
07184000,dPL-MLP,train,TGD-Base,0.011359126995209912,median_across_seeds,kge,structural,,3.0,median_across_seeds
07195800,dPL-MLP,test,CN-Base,-0.007538530577696045,median_across_seeds,kge,structural,,3.0,median_across_seeds
07195800,dPL-MLP,test,CN-TGD,-0.01921099790309988,median_across_seeds,kge,structural,,3.0,median_across_seeds
07195800,dPL-MLP,test,TGD-Base,0.016653046098388136,median_across_seeds,kge,structural,,3.0,median_across_seeds
07195800,dPL-MLP,train,CN-Base,-0.011281451683550103,median_across_seeds,kge,structural,,3.0,median_across_seeds
07195800,dPL-MLP,train,CN-TGD,-0.026739233204970403,median_across_seeds,kge,structural,,3.0,median_across_seeds
07195800,dPL-MLP,train,TGD-Base,0.028759957127279967,median_across_seeds,kge,structural,,3.0,median_across_seeds
07196900,dPL-MLP,test,CN-Base,0.014721895283021258,median_across_seeds,kge,structural,,3.0,median_across_seeds
07196900,dPL-MLP,test,CN-TGD,-0.004982551083553388,median_across_seeds,kge,structural,,3.0,median_across_seeds
07196900,dPL-MLP,test,TGD-Base,0.019311033552157908,median_across_seeds,kge,structural,,3.0,median_across_seeds
07196900,dPL-MLP,train,CN-Base,0.04286169257036798,median_across_seeds,kge,structural,,3.0,median_across_seeds
07196900,dPL-MLP,train,CN-TGD,0.021319290114564016,median_across_seeds,kge,structural,,3.0,median_across_seeds
07196900,dPL-MLP,train,TGD-Base,0.021542402455803966,median_across_seeds,kge,structural,,3.0,median_across_seeds
07197000,dPL-MLP,test,CN-Base,-0.02654498299830288,median_across_seeds,kge,structural,,3.0,median_across_seeds
07197000,dPL-MLP,test,CN-TGD,-0.012378842650877186,median_across_seeds,kge,structural,,3.0,median_across_seeds
07197000,dPL-MLP,test,TGD-Base,-0.0022147936317844508,median_across_seeds,kge,structural,,3.0,median_across_seeds
07197000,dPL-MLP,train,CN-Base,-0.010940364328176022,median_across_seeds,kge,structural,,3.0,median_across_seeds
07197000,dPL-MLP,train,CN-TGD,-0.016794637656217026,median_across_seeds,kge,structural,,3.0,median_across_seeds
07197000,dPL-MLP,train,TGD-Base,0.005854273328041004,median_across_seeds,kge,structural,,3.0,median_across_seeds
07208500,dPL-MLP,test,CN-Base,0.2106517144498227,median_across_seeds,kge,structural,,3.0,median_across_seeds
07208500,dPL-MLP,test,CN-TGD,0.10949131242017057,median_across_seeds,kge,structural,,3.0,median_across_seeds
07208500,dPL-MLP,test,TGD-Base,0.10374906252993044,median_across_seeds,kge,structural,,3.0,median_across_seeds
07208500,dPL-MLP,train,CN-Base,0.6179026641415202,median_across_seeds,kge,structural,,3.0,median_across_seeds
07208500,dPL-MLP,train,CN-TGD,-0.03547832299193132,median_across_seeds,kge,structural,,3.0,median_across_seeds
07208500,dPL-MLP,train,TGD-Base,0.6324467780442853,median_across_seeds,kge,structural,,3.0,median_across_seeds
07261000,dPL-MLP,test,CN-Base,-0.01824679183764477,median_across_seeds,kge,structural,,3.0,median_across_seeds
07261000,dPL-MLP,test,CN-TGD,0.02095715899248951,median_across_seeds,kge,structural,,3.0,median_across_seeds
07261000,dPL-MLP,test,TGD-Base,-0.03920395083013428,median_across_seeds,kge,structural,,3.0,median_across_seeds
07261000,dPL-MLP,train,CN-Base,-0.002788197430838135,median_across_seeds,kge,structural,,3.0,median_across_seeds
07261000,dPL-MLP,train,CN-TGD,-0.013946380528485736,median_across_seeds,kge,structural,,3.0,median_across_seeds
07261000,dPL-MLP,train,TGD-Base,0.010986619552033727,median_across_seeds,kge,structural,,3.0,median_across_seeds
07263295,dPL-MLP,test,CN-Base,-0.020312100331137728,median_across_seeds,kge,structural,,3.0,median_across_seeds
07263295,dPL-MLP,test,CN-TGD,-0.01575969235155017,median_across_seeds,kge,structural,,3.0,median_across_seeds
07263295,dPL-MLP,test,TGD-Base,-0.0017117005415253628,median_across_seeds,kge,structural,,3.0,median_across_seeds
07263295,dPL-MLP,train,CN-Base,0.013346605599346306,median_across_seeds,kge,structural,,3.0,median_across_seeds
07263295,dPL-MLP,train,CN-TGD,-0.002473002756522402,median_across_seeds,kge,structural,,3.0,median_across_seeds
07263295,dPL-MLP,train,TGD-Base,0.012748710552865528,median_across_seeds,kge,structural,,3.0,median_across_seeds
07291000,dPL-MLP,test,CN-Base,-0.011926219563245688,median_across_seeds,kge,structural,,3.0,median_across_seeds
07291000,dPL-MLP,test,CN-TGD,-0.008561438422274192,median_across_seeds,kge,structural,,3.0,median_across_seeds
07291000,dPL-MLP,test,TGD-Base,-0.004739131711976485,median_across_seeds,kge,structural,,3.0,median_across_seeds
07291000,dPL-MLP,train,CN-Base,0.0054024775892509425,median_across_seeds,kge,structural,,3.0,median_across_seeds
07291000,dPL-MLP,train,CN-TGD,0.0028179035133908403,median_across_seeds,kge,structural,,3.0,median_across_seeds
07291000,dPL-MLP,train,TGD-Base,0.0031307706200238705,median_across_seeds,kge,structural,,3.0,median_across_seeds
07299670,dPL-MLP,test,CN-Base,0.04915556776944341,median_across_seeds,kge,structural,,3.0,median_across_seeds
07299670,dPL-MLP,test,CN-TGD,0.025925129662441093,median_across_seeds,kge,structural,,3.0,median_across_seeds
07299670,dPL-MLP,test,TGD-Base,-0.0005913574007413991,median_across_seeds,kge,structural,,3.0,median_across_seeds
07299670,dPL-MLP,train,CN-Base,0.08234300681593354,median_across_seeds,kge,structural,,3.0,median_across_seeds
07299670,dPL-MLP,train,CN-TGD,-0.020736588583801674,median_across_seeds,kge,structural,,3.0,median_across_seeds
07299670,dPL-MLP,train,TGD-Base,-0.01819450964946101,median_across_seeds,kge,structural,,3.0,median_across_seeds
07301410,dPL-MLP,test,CN-Base,-0.05672868977669521,median_across_seeds,kge,structural,,3.0,median_across_seeds
07301410,dPL-MLP,test,CN-TGD,0.05305997854846223,median_across_seeds,kge,structural,,3.0,median_across_seeds
07301410,dPL-MLP,test,TGD-Base,-0.10978866832515743,median_across_seeds,kge,structural,,3.0,median_across_seeds
07301410,dPL-MLP,train,CN-Base,0.017151475613712663,median_across_seeds,kge,structural,,3.0,median_across_seeds
07301410,dPL-MLP,train,CN-TGD,-0.00241243553459225,median_across_seeds,kge,structural,,3.0,median_across_seeds
07301410,dPL-MLP,train,TGD-Base,0.023917578812984175,median_across_seeds,kge,structural,,3.0,median_across_seeds
07315200,dPL-MLP,test,CN-Base,-0.06268518709807419,median_across_seeds,kge,structural,,3.0,median_across_seeds
07315200,dPL-MLP,test,CN-TGD,-0.023725317671759227,median_across_seeds,kge,structural,,3.0,median_across_seeds
07315200,dPL-MLP,test,TGD-Base,-0.038959869426314964,median_across_seeds,kge,structural,,3.0,median_across_seeds
07315200,dPL-MLP,train,CN-Base,0.05469582124185013,median_across_seeds,kge,structural,,3.0,median_across_seeds
07315200,dPL-MLP,train,CN-TGD,0.05376147794587682,median_across_seeds,kge,structural,,3.0,median_across_seeds
07315200,dPL-MLP,train,TGD-Base,0.008175336668237665,median_across_seeds,kge,structural,,3.0,median_across_seeds
07315700,dPL-MLP,test,CN-Base,-0.040357244364102596,median_across_seeds,kge,structural,,3.0,median_across_seeds
07315700,dPL-MLP,test,CN-TGD,-0.029694268663736784,median_across_seeds,kge,structural,,3.0,median_across_seeds
07315700,dPL-MLP,test,TGD-Base,-0.0888370842169188,median_across_seeds,kge,structural,,3.0,median_across_seeds
07315700,dPL-MLP,train,CN-Base,0.004952379565221876,median_across_seeds,kge,structural,,3.0,median_across_seeds
07315700,dPL-MLP,train,CN-TGD,-0.0015249674550917858,median_across_seeds,kge,structural,,3.0,median_across_seeds
07315700,dPL-MLP,train,TGD-Base,0.0004448138845825067,median_across_seeds,kge,structural,,3.0,median_across_seeds
07335700,dPL-MLP,test,CN-Base,-0.004187145875926612,median_across_seeds,kge,structural,,3.0,median_across_seeds
07335700,dPL-MLP,test,CN-TGD,-0.0019576260928042544,median_across_seeds,kge,structural,,3.0,median_across_seeds
07335700,dPL-MLP,test,TGD-Base,-0.002395685758165289,median_across_seeds,kge,structural,,3.0,median_across_seeds
07335700,dPL-MLP,train,CN-Base,0.0013457378742178783,median_across_seeds,kge,structural,,3.0,median_across_seeds
07335700,dPL-MLP,train,CN-TGD,0.0032487056199810294,median_across_seeds,kge,structural,,3.0,median_across_seeds
07335700,dPL-MLP,train,TGD-Base,0.0027323807738124373,median_across_seeds,kge,structural,,3.0,median_across_seeds
07340300,dPL-MLP,test,CN-Base,0.010265610178262996,median_across_seeds,kge,structural,,3.0,median_across_seeds
07340300,dPL-MLP,test,CN-TGD,0.009493494017032589,median_across_seeds,kge,structural,,3.0,median_across_seeds
07340300,dPL-MLP,test,TGD-Base,0.0007721161612304073,median_across_seeds,kge,structural,,3.0,median_across_seeds
07340300,dPL-MLP,train,CN-Base,-0.002106777903300383,median_across_seeds,kge,structural,,3.0,median_across_seeds
07340300,dPL-MLP,train,CN-TGD,-0.004548323876387705,median_across_seeds,kge,structural,,3.0,median_across_seeds
07340300,dPL-MLP,train,TGD-Base,0.0037495488486181117,median_across_seeds,kge,structural,,3.0,median_across_seeds
07346045,dPL-MLP,test,CN-Base,0.005502769261139906,median_across_seeds,kge,structural,,3.0,median_across_seeds
07346045,dPL-MLP,test,CN-TGD,0.009896464575822717,median_across_seeds,kge,structural,,3.0,median_across_seeds
07346045,dPL-MLP,test,TGD-Base,0.0013108826170198373,median_across_seeds,kge,structural,,3.0,median_across_seeds
07346045,dPL-MLP,train,CN-Base,0.0048403572331638944,median_across_seeds,kge,structural,,3.0,median_across_seeds
07346045,dPL-MLP,train,CN-TGD,0.003140898615783927,median_across_seeds,kge,structural,,3.0,median_across_seeds
07346045,dPL-MLP,train,TGD-Base,0.0016994586173799675,median_across_seeds,kge,structural,,3.0,median_across_seeds
07359610,dPL-MLP,test,CN-Base,-0.00192431913795732,median_across_seeds,kge,structural,,3.0,median_across_seeds
07359610,dPL-MLP,test,CN-TGD,-0.004773528918147862,median_across_seeds,kge,structural,,3.0,median_across_seeds
07359610,dPL-MLP,test,TGD-Base,0.004125542578946484,median_across_seeds,kge,structural,,3.0,median_across_seeds
07359610,dPL-MLP,train,CN-Base,-0.0035387506059733065,median_across_seeds,kge,structural,,3.0,median_across_seeds
07359610,dPL-MLP,train,CN-TGD,0.008544244762052289,median_across_seeds,kge,structural,,3.0,median_across_seeds
07359610,dPL-MLP,train,TGD-Base,0.00031950743955500016,median_across_seeds,kge,structural,,3.0,median_across_seeds
07362100,dPL-MLP,test,CN-Base,-0.004207209414931801,median_across_seeds,kge,structural,,3.0,median_across_seeds
07362100,dPL-MLP,test,CN-TGD,0.0017048226142840628,median_across_seeds,kge,structural,,3.0,median_across_seeds
07362100,dPL-MLP,test,TGD-Base,-0.0059120320292158635,median_across_seeds,kge,structural,,3.0,median_across_seeds
07362100,dPL-MLP,train,CN-Base,0.012772676471965116,median_across_seeds,kge,structural,,3.0,median_across_seeds
07362100,dPL-MLP,train,CN-TGD,0.010484387478679524,median_across_seeds,kge,structural,,3.0,median_across_seeds
07362100,dPL-MLP,train,TGD-Base,0.002288288993285592,median_across_seeds,kge,structural,,3.0,median_across_seeds
07362587,dPL-MLP,test,CN-Base,-0.011400100243020517,median_across_seeds,kge,structural,,3.0,median_across_seeds
07362587,dPL-MLP,test,CN-TGD,-0.028404514252880042,median_across_seeds,kge,structural,,3.0,median_across_seeds
07362587,dPL-MLP,test,TGD-Base,-0.012292588033007257,median_across_seeds,kge,structural,,3.0,median_across_seeds
07362587,dPL-MLP,train,CN-Base,-0.008979398742006484,median_across_seeds,kge,structural,,3.0,median_across_seeds
07362587,dPL-MLP,train,CN-TGD,-0.02629151760986037,median_across_seeds,kge,structural,,3.0,median_across_seeds
07362587,dPL-MLP,train,TGD-Base,0.01762423224466847,median_across_seeds,kge,structural,,3.0,median_across_seeds
07375000,dPL-MLP,test,CN-Base,-0.0011380303247898738,median_across_seeds,kge,structural,,3.0,median_across_seeds
07375000,dPL-MLP,test,CN-TGD,-0.008091573600619184,median_across_seeds,kge,structural,,3.0,median_across_seeds
07375000,dPL-MLP,test,TGD-Base,0.0013081700213934955,median_across_seeds,kge,structural,,3.0,median_across_seeds
07375000,dPL-MLP,train,CN-Base,-0.008136947131645256,median_across_seeds,kge,structural,,3.0,median_across_seeds
07375000,dPL-MLP,train,CN-TGD,-0.0004901609375465021,median_across_seeds,kge,structural,,3.0,median_across_seeds
07375000,dPL-MLP,train,TGD-Base,-0.006058999645368157,median_across_seeds,kge,structural,,3.0,median_across_seeds
08013000,dPL-MLP,test,CN-Base,0.013031881349200192,median_across_seeds,kge,structural,,3.0,median_across_seeds
08013000,dPL-MLP,test,CN-TGD,0.01230458227139164,median_across_seeds,kge,structural,,3.0,median_across_seeds
08013000,dPL-MLP,test,TGD-Base,-0.02311545682084115,median_across_seeds,kge,structural,,3.0,median_across_seeds
08013000,dPL-MLP,train,CN-Base,0.0050128791887215085,median_across_seeds,kge,structural,,3.0,median_across_seeds
08013000,dPL-MLP,train,CN-TGD,0.002768998071275952,median_across_seeds,kge,structural,,3.0,median_across_seeds
08013000,dPL-MLP,train,TGD-Base,0.00371354422119885,median_across_seeds,kge,structural,,3.0,median_across_seeds
08014500,dPL-MLP,test,CN-Base,-0.005892134524802639,median_across_seeds,kge,structural,,3.0,median_across_seeds
08014500,dPL-MLP,test,CN-TGD,-0.015783472403481102,median_across_seeds,kge,structural,,3.0,median_across_seeds
08014500,dPL-MLP,test,TGD-Base,0.011348388074014726,median_across_seeds,kge,structural,,3.0,median_across_seeds
08014500,dPL-MLP,train,CN-Base,0.012313822259637064,median_across_seeds,kge,structural,,3.0,median_across_seeds
08014500,dPL-MLP,train,CN-TGD,0.009723542220350101,median_across_seeds,kge,structural,,3.0,median_across_seeds
08014500,dPL-MLP,train,TGD-Base,0.005076657646783556,median_across_seeds,kge,structural,,3.0,median_across_seeds
08023080,dPL-MLP,test,CN-Base,-0.020061597825117405,median_across_seeds,kge,structural,,3.0,median_across_seeds
08023080,dPL-MLP,test,CN-TGD,-0.007892974284827603,median_across_seeds,kge,structural,,3.0,median_across_seeds
08023080,dPL-MLP,test,TGD-Base,-0.012168623540289802,median_across_seeds,kge,structural,,3.0,median_across_seeds
08023080,dPL-MLP,train,CN-Base,0.0007401470233028284,median_across_seeds,kge,structural,,3.0,median_across_seeds
08023080,dPL-MLP,train,CN-TGD,0.001792695784463949,median_across_seeds,kge,structural,,3.0,median_across_seeds
08023080,dPL-MLP,train,TGD-Base,0.002462122513147147,median_across_seeds,kge,structural,,3.0,median_across_seeds
08050800,dPL-MLP,test,CN-Base,-0.1809691949710644,median_across_seeds,kge,structural,,3.0,median_across_seeds
08050800,dPL-MLP,test,CN-TGD,-0.190331493932063,median_across_seeds,kge,structural,,3.0,median_across_seeds
08050800,dPL-MLP,test,TGD-Base,-0.0927529744355515,median_across_seeds,kge,structural,,3.0,median_across_seeds
08050800,dPL-MLP,train,CN-Base,0.013200885791766925,median_across_seeds,kge,structural,,3.0,median_across_seeds
08050800,dPL-MLP,train,CN-TGD,0.019862707127524137,median_across_seeds,kge,structural,,3.0,median_across_seeds
08050800,dPL-MLP,train,TGD-Base,-0.01919145375464204,median_across_seeds,kge,structural,,3.0,median_across_seeds
08066200,dPL-MLP,test,CN-Base,0.026345621510348582,median_across_seeds,kge,structural,,3.0,median_across_seeds
08066200,dPL-MLP,test,CN-TGD,0.021281624639129526,median_across_seeds,kge,structural,,3.0,median_across_seeds
08066200,dPL-MLP,test,TGD-Base,0.007944061225376609,median_across_seeds,kge,structural,,3.0,median_across_seeds
08066200,dPL-MLP,train,CN-Base,0.04172269746924717,median_across_seeds,kge,structural,,3.0,median_across_seeds
08066200,dPL-MLP,train,CN-TGD,0.036889647336580955,median_across_seeds,kge,structural,,3.0,median_across_seeds
08066200,dPL-MLP,train,TGD-Base,0.003915881655023212,median_across_seeds,kge,structural,,3.0,median_across_seeds
08066300,dPL-MLP,test,CN-Base,-0.017019649192458686,median_across_seeds,kge,structural,,3.0,median_across_seeds
08066300,dPL-MLP,test,CN-TGD,-0.007523654777223998,median_across_seeds,kge,structural,,3.0,median_across_seeds
08066300,dPL-MLP,test,TGD-Base,-0.009495994415234688,median_across_seeds,kge,structural,,3.0,median_across_seeds
08066300,dPL-MLP,train,CN-Base,0.005395842258453132,median_across_seeds,kge,structural,,3.0,median_across_seeds
08066300,dPL-MLP,train,CN-TGD,-0.0036470781461670487,median_across_seeds,kge,structural,,3.0,median_across_seeds
08066300,dPL-MLP,train,TGD-Base,0.00904292040462018,median_across_seeds,kge,structural,,3.0,median_across_seeds
08070000,dPL-MLP,test,CN-Base,-0.008040341826814568,median_across_seeds,kge,structural,,3.0,median_across_seeds
08070000,dPL-MLP,test,CN-TGD,0.020717733300964825,median_across_seeds,kge,structural,,3.0,median_across_seeds
08070000,dPL-MLP,test,TGD-Base,-0.02837998830808397,median_across_seeds,kge,structural,,3.0,median_across_seeds
08070000,dPL-MLP,train,CN-Base,0.022270722583783265,median_across_seeds,kge,structural,,3.0,median_across_seeds
08070000,dPL-MLP,train,CN-TGD,-0.028357767457688587,median_across_seeds,kge,structural,,3.0,median_across_seeds
08070000,dPL-MLP,train,TGD-Base,0.02375936518948274,median_across_seeds,kge,structural,,3.0,median_across_seeds
08070200,dPL-MLP,test,CN-Base,-0.01040767554236166,median_across_seeds,kge,structural,,3.0,median_across_seeds
08070200,dPL-MLP,test,CN-TGD,0.01503946539393286,median_across_seeds,kge,structural,,3.0,median_across_seeds
08070200,dPL-MLP,test,TGD-Base,-0.019587510952694842,median_across_seeds,kge,structural,,3.0,median_across_seeds
08070200,dPL-MLP,train,CN-Base,-0.0023277835507482525,median_across_seeds,kge,structural,,3.0,median_across_seeds
08070200,dPL-MLP,train,CN-TGD,-0.03907637501868988,median_across_seeds,kge,structural,,3.0,median_across_seeds
08070200,dPL-MLP,train,TGD-Base,0.0210541649804441,median_across_seeds,kge,structural,,3.0,median_across_seeds
08082700,dPL-MLP,test,CN-Base,0.0009770324858915935,median_across_seeds,kge,structural,,3.0,median_across_seeds
08082700,dPL-MLP,test,CN-TGD,-0.03766527770340394,median_across_seeds,kge,structural,,3.0,median_across_seeds
08082700,dPL-MLP,test,TGD-Base,0.0437176748834609,median_across_seeds,kge,structural,,3.0,median_across_seeds
08082700,dPL-MLP,train,CN-Base,0.1801585372160483,median_across_seeds,kge,structural,,3.0,median_across_seeds
08082700,dPL-MLP,train,CN-TGD,-0.09625274319428362,median_across_seeds,kge,structural,,3.0,median_across_seeds
08082700,dPL-MLP,train,TGD-Base,0.2752711229284585,median_across_seeds,kge,structural,,3.0,median_across_seeds
08086212,dPL-MLP,test,CN-Base,0.001667827165606206,median_across_seeds,kge,structural,,3.0,median_across_seeds
08086212,dPL-MLP,test,CN-TGD,-0.022403693598677166,median_across_seeds,kge,structural,,3.0,median_across_seeds
08086212,dPL-MLP,test,TGD-Base,0.03868806264647573,median_across_seeds,kge,structural,,3.0,median_across_seeds
08086212,dPL-MLP,train,CN-Base,0.03694056385521771,median_across_seeds,kge,structural,,3.0,median_across_seeds
08086212,dPL-MLP,train,CN-TGD,0.014195993427236209,median_across_seeds,kge,structural,,3.0,median_across_seeds
08086212,dPL-MLP,train,TGD-Base,0.004262040968441294,median_across_seeds,kge,structural,,3.0,median_across_seeds
08086290,dPL-MLP,test,CN-Base,-0.05050017081980984,median_across_seeds,kge,structural,,3.0,median_across_seeds
08086290,dPL-MLP,test,CN-TGD,-0.02272353889460199,median_across_seeds,kge,structural,,3.0,median_across_seeds
08086290,dPL-MLP,test,TGD-Base,0.0076295407498098156,median_across_seeds,kge,structural,,3.0,median_across_seeds
08086290,dPL-MLP,train,CN-Base,0.07151841022157612,median_across_seeds,kge,structural,,3.0,median_across_seeds
08086290,dPL-MLP,train,CN-TGD,0.06475915896545531,median_across_seeds,kge,structural,,3.0,median_across_seeds
08086290,dPL-MLP,train,TGD-Base,0.018123333169427602,median_across_seeds,kge,structural,,3.0,median_across_seeds
08101000,dPL-MLP,test,CN-Base,-0.00018196649110369112,median_across_seeds,kge,structural,,3.0,median_across_seeds
08101000,dPL-MLP,test,CN-TGD,0.04256371178518226,median_across_seeds,kge,structural,,3.0,median_across_seeds
08101000,dPL-MLP,test,TGD-Base,-0.037000192773416374,median_across_seeds,kge,structural,,3.0,median_across_seeds
08101000,dPL-MLP,train,CN-Base,-0.006002321589045012,median_across_seeds,kge,structural,,3.0,median_across_seeds
08101000,dPL-MLP,train,CN-TGD,-0.0034956152070179103,median_across_seeds,kge,structural,,3.0,median_across_seeds
08101000,dPL-MLP,train,TGD-Base,0.02793349781915988,median_across_seeds,kge,structural,,3.0,median_across_seeds
08103900,dPL-MLP,test,CN-Base,0.007962757039115087,median_across_seeds,kge,structural,,3.0,median_across_seeds
08103900,dPL-MLP,test,CN-TGD,-0.012953036341908475,median_across_seeds,kge,structural,,3.0,median_across_seeds
08103900,dPL-MLP,test,TGD-Base,0.01810776206210707,median_across_seeds,kge,structural,,3.0,median_across_seeds
08103900,dPL-MLP,train,CN-Base,0.020482243002276634,median_across_seeds,kge,structural,,3.0,median_across_seeds
08103900,dPL-MLP,train,CN-TGD,-0.03382610919172313,median_across_seeds,kge,structural,,3.0,median_across_seeds
08103900,dPL-MLP,train,TGD-Base,0.024807242797400653,median_across_seeds,kge,structural,,3.0,median_across_seeds
08104900,dPL-MLP,test,CN-Base,-0.006153042734595715,median_across_seeds,kge,structural,,3.0,median_across_seeds
08104900,dPL-MLP,test,CN-TGD,-0.062339091012469594,median_across_seeds,kge,structural,,3.0,median_across_seeds
08104900,dPL-MLP,test,TGD-Base,0.009616268773584902,median_across_seeds,kge,structural,,3.0,median_across_seeds
08104900,dPL-MLP,train,CN-Base,0.0073501317457137505,median_across_seeds,kge,structural,,3.0,median_across_seeds
08104900,dPL-MLP,train,CN-TGD,-0.002570053165153796,median_across_seeds,kge,structural,,3.0,median_across_seeds
08104900,dPL-MLP,train,TGD-Base,0.011134158864312127,median_across_seeds,kge,structural,,3.0,median_across_seeds
08109700,dPL-MLP,test,CN-Base,-0.012967698341976197,median_across_seeds,kge,structural,,3.0,median_across_seeds
08109700,dPL-MLP,test,CN-TGD,-0.0021739302880038336,median_across_seeds,kge,structural,,3.0,median_across_seeds
08109700,dPL-MLP,test,TGD-Base,-0.028943469143085765,median_across_seeds,kge,structural,,3.0,median_across_seeds
08109700,dPL-MLP,train,CN-Base,0.0003950581663727526,median_across_seeds,kge,structural,,3.0,median_across_seeds
08109700,dPL-MLP,train,CN-TGD,-0.016998271963633682,median_across_seeds,kge,structural,,3.0,median_across_seeds
08109700,dPL-MLP,train,TGD-Base,0.011755527586058356,median_across_seeds,kge,structural,,3.0,median_across_seeds
08150800,dPL-MLP,test,CN-Base,-0.0021406930082270015,median_across_seeds,kge,structural,,3.0,median_across_seeds
08150800,dPL-MLP,test,CN-TGD,0.009238492348536714,median_across_seeds,kge,structural,,3.0,median_across_seeds
08150800,dPL-MLP,test,TGD-Base,-0.0007861821867788943,median_across_seeds,kge,structural,,3.0,median_across_seeds
08150800,dPL-MLP,train,CN-Base,0.04069916170423338,median_across_seeds,kge,structural,,3.0,median_across_seeds
08150800,dPL-MLP,train,CN-TGD,0.005001433110997655,median_across_seeds,kge,structural,,3.0,median_across_seeds
08150800,dPL-MLP,train,TGD-Base,0.03569772859323572,median_across_seeds,kge,structural,,3.0,median_across_seeds
08158700,dPL-MLP,test,CN-Base,-0.05421218538114389,median_across_seeds,kge,structural,,3.0,median_across_seeds
08158700,dPL-MLP,test,CN-TGD,-0.04178821737371738,median_across_seeds,kge,structural,,3.0,median_across_seeds
08158700,dPL-MLP,test,TGD-Base,-0.004710836809866115,median_across_seeds,kge,structural,,3.0,median_across_seeds
08158700,dPL-MLP,train,CN-Base,0.011668101374712192,median_across_seeds,kge,structural,,3.0,median_across_seeds
08158700,dPL-MLP,train,CN-TGD,0.008575989310985133,median_across_seeds,kge,structural,,3.0,median_across_seeds
08158700,dPL-MLP,train,TGD-Base,0.001473901659217458,median_across_seeds,kge,structural,,3.0,median_across_seeds
08158810,dPL-MLP,test,CN-Base,-0.016176532769098362,median_across_seeds,kge,structural,,3.0,median_across_seeds
08158810,dPL-MLP,test,CN-TGD,-0.015262162189858652,median_across_seeds,kge,structural,,3.0,median_across_seeds
08158810,dPL-MLP,test,TGD-Base,-0.0031868642235001188,median_across_seeds,kge,structural,,3.0,median_across_seeds
08158810,dPL-MLP,train,CN-Base,0.09394930993384665,median_across_seeds,kge,structural,,3.0,median_across_seeds
08158810,dPL-MLP,train,CN-TGD,0.06007947342061082,median_across_seeds,kge,structural,,3.0,median_across_seeds
08158810,dPL-MLP,train,TGD-Base,0.03386983651323583,median_across_seeds,kge,structural,,3.0,median_across_seeds
08164300,dPL-MLP,test,CN-Base,-0.01271930014394873,median_across_seeds,kge,structural,,3.0,median_across_seeds
08164300,dPL-MLP,test,CN-TGD,-0.018175755718090714,median_across_seeds,kge,structural,,3.0,median_across_seeds
08164300,dPL-MLP,test,TGD-Base,0.023406903730467166,median_across_seeds,kge,structural,,3.0,median_across_seeds
08164300,dPL-MLP,train,CN-Base,0.02845115267788212,median_across_seeds,kge,structural,,3.0,median_across_seeds
08164300,dPL-MLP,train,CN-TGD,-0.0038685502248234638,median_across_seeds,kge,structural,,3.0,median_across_seeds
08164300,dPL-MLP,train,TGD-Base,0.024768944383226965,median_across_seeds,kge,structural,,3.0,median_across_seeds
08164600,dPL-MLP,test,CN-Base,-0.028419847683378463,median_across_seeds,kge,structural,,3.0,median_across_seeds
08164600,dPL-MLP,test,CN-TGD,-0.002939890852194482,median_across_seeds,kge,structural,,3.0,median_across_seeds
08164600,dPL-MLP,test,TGD-Base,-0.02547995683118398,median_across_seeds,kge,structural,,3.0,median_across_seeds
08164600,dPL-MLP,train,CN-Base,0.05357123041459655,median_across_seeds,kge,structural,,3.0,median_across_seeds
08164600,dPL-MLP,train,CN-TGD,-0.0023096859176907625,median_across_seeds,kge,structural,,3.0,median_across_seeds
08164600,dPL-MLP,train,TGD-Base,0.05491290487658007,median_across_seeds,kge,structural,,3.0,median_across_seeds
08165300,dPL-MLP,test,CN-Base,0.06749323460065088,median_across_seeds,kge,structural,,3.0,median_across_seeds
08165300,dPL-MLP,test,CN-TGD,0.005185989613800124,median_across_seeds,kge,structural,,3.0,median_across_seeds
08165300,dPL-MLP,test,TGD-Base,0.0678644904740417,median_across_seeds,kge,structural,,3.0,median_across_seeds
08165300,dPL-MLP,train,CN-Base,0.0399097660767132,median_across_seeds,kge,structural,,3.0,median_across_seeds
08165300,dPL-MLP,train,CN-TGD,-0.016443788993364898,median_across_seeds,kge,structural,,3.0,median_across_seeds
08165300,dPL-MLP,train,TGD-Base,0.0450806673447402,median_across_seeds,kge,structural,,3.0,median_across_seeds
08171300,dPL-MLP,test,CN-Base,-0.025584356246035833,median_across_seeds,kge,structural,,3.0,median_across_seeds
08171300,dPL-MLP,test,CN-TGD,0.009862725023341734,median_across_seeds,kge,structural,,3.0,median_across_seeds
08171300,dPL-MLP,test,TGD-Base,-0.03755044719139933,median_across_seeds,kge,structural,,3.0,median_across_seeds
08171300,dPL-MLP,train,CN-Base,0.014478726776095407,median_across_seeds,kge,structural,,3.0,median_across_seeds
08171300,dPL-MLP,train,CN-TGD,-0.0011838805981077005,median_across_seeds,kge,structural,,3.0,median_across_seeds
08171300,dPL-MLP,train,TGD-Base,0.015662607374203108,median_across_seeds,kge,structural,,3.0,median_across_seeds
08175000,dPL-MLP,test,CN-Base,0.04679905085452685,median_across_seeds,kge,structural,,3.0,median_across_seeds
08175000,dPL-MLP,test,CN-TGD,0.051025400464664195,median_across_seeds,kge,structural,,3.0,median_across_seeds
08175000,dPL-MLP,test,TGD-Base,-0.002144728769878146,median_across_seeds,kge,structural,,3.0,median_across_seeds
08175000,dPL-MLP,train,CN-Base,-0.014260346014868142,median_across_seeds,kge,structural,,3.0,median_across_seeds
08175000,dPL-MLP,train,CN-TGD,-0.002862052979676233,median_across_seeds,kge,structural,,3.0,median_across_seeds
08175000,dPL-MLP,train,TGD-Base,-0.001644213952531448,median_across_seeds,kge,structural,,3.0,median_across_seeds
08176900,dPL-MLP,test,CN-Base,0.0016666991236092277,median_across_seeds,kge,structural,,3.0,median_across_seeds
08176900,dPL-MLP,test,CN-TGD,-0.003071368415500042,median_across_seeds,kge,structural,,3.0,median_across_seeds
08176900,dPL-MLP,test,TGD-Base,0.02294252023214316,median_across_seeds,kge,structural,,3.0,median_across_seeds
08176900,dPL-MLP,train,CN-Base,0.0032347998964240565,median_across_seeds,kge,structural,,3.0,median_across_seeds
08176900,dPL-MLP,train,CN-TGD,0.016448650139800014,median_across_seeds,kge,structural,,3.0,median_across_seeds
08176900,dPL-MLP,train,TGD-Base,0.020092752660141322,median_across_seeds,kge,structural,,3.0,median_across_seeds
08178880,dPL-MLP,test,CN-Base,-0.010917858446323814,median_across_seeds,kge,structural,,3.0,median_across_seeds
08178880,dPL-MLP,test,CN-TGD,0.003422007835235996,median_across_seeds,kge,structural,,3.0,median_across_seeds
08178880,dPL-MLP,test,TGD-Base,0.005816796517578271,median_across_seeds,kge,structural,,3.0,median_across_seeds
08178880,dPL-MLP,train,CN-Base,0.016261567626209228,median_across_seeds,kge,structural,,3.0,median_across_seeds
08178880,dPL-MLP,train,CN-TGD,0.012312376359526978,median_across_seeds,kge,structural,,3.0,median_across_seeds
08178880,dPL-MLP,train,TGD-Base,0.008874855319851216,median_across_seeds,kge,structural,,3.0,median_across_seeds
08189500,dPL-MLP,test,CN-Base,0.006891338359433008,median_across_seeds,kge,structural,,3.0,median_across_seeds
08189500,dPL-MLP,test,CN-TGD,-0.03299906453788237,median_across_seeds,kge,structural,,3.0,median_across_seeds
08189500,dPL-MLP,test,TGD-Base,0.03989040289731538,median_across_seeds,kge,structural,,3.0,median_across_seeds
08189500,dPL-MLP,train,CN-Base,0.007953968475348516,median_across_seeds,kge,structural,,3.0,median_across_seeds
08189500,dPL-MLP,train,CN-TGD,-0.04476887121752243,median_across_seeds,kge,structural,,3.0,median_across_seeds
08189500,dPL-MLP,train,TGD-Base,0.048660543289216596,median_across_seeds,kge,structural,,3.0,median_across_seeds
08190000,dPL-MLP,test,CN-Base,-0.015130169742088806,median_across_seeds,kge,structural,,3.0,median_across_seeds
08190000,dPL-MLP,test,CN-TGD,-0.004467457398185826,median_across_seeds,kge,structural,,3.0,median_across_seeds
08190000,dPL-MLP,test,TGD-Base,0.010007294690368651,median_across_seeds,kge,structural,,3.0,median_across_seeds
08190000,dPL-MLP,train,CN-Base,-0.021947304596263484,median_across_seeds,kge,structural,,3.0,median_across_seeds
08190000,dPL-MLP,train,CN-TGD,-0.03710846845606075,median_across_seeds,kge,structural,,3.0,median_across_seeds
08190000,dPL-MLP,train,TGD-Base,0.015161163859797266,median_across_seeds,kge,structural,,3.0,median_across_seeds
08190500,dPL-MLP,test,CN-Base,0.051330568791881095,median_across_seeds,kge,structural,,3.0,median_across_seeds
08190500,dPL-MLP,test,CN-TGD,0.0682227737773749,median_across_seeds,kge,structural,,3.0,median_across_seeds
08190500,dPL-MLP,test,TGD-Base,-0.016892204985493806,median_across_seeds,kge,structural,,3.0,median_across_seeds
08190500,dPL-MLP,train,CN-Base,0.049064562684250995,median_across_seeds,kge,structural,,3.0,median_across_seeds
08190500,dPL-MLP,train,CN-TGD,0.0813523319008941,median_across_seeds,kge,structural,,3.0,median_across_seeds
08190500,dPL-MLP,train,TGD-Base,0.018687354372626516,median_across_seeds,kge,structural,,3.0,median_across_seeds
08194200,dPL-MLP,test,CN-Base,-0.025928141494652,median_across_seeds,kge,structural,,3.0,median_across_seeds
08194200,dPL-MLP,test,CN-TGD,-0.0702397962943018,median_across_seeds,kge,structural,,3.0,median_across_seeds
08194200,dPL-MLP,test,TGD-Base,0.0593030762302644,median_across_seeds,kge,structural,,3.0,median_across_seeds
08194200,dPL-MLP,train,CN-Base,0.0031992791712514013,median_across_seeds,kge,structural,,3.0,median_across_seeds
08194200,dPL-MLP,train,CN-TGD,-0.054362649803065405,median_across_seeds,kge,structural,,3.0,median_across_seeds
08194200,dPL-MLP,train,TGD-Base,0.0734546734988531,median_across_seeds,kge,structural,,3.0,median_across_seeds
08195000,dPL-MLP,test,CN-Base,-0.0025528679627104256,median_across_seeds,kge,structural,,3.0,median_across_seeds
08195000,dPL-MLP,test,CN-TGD,-0.010554583314807575,median_across_seeds,kge,structural,,3.0,median_across_seeds
08195000,dPL-MLP,test,TGD-Base,0.015463694966804609,median_across_seeds,kge,structural,,3.0,median_across_seeds
08195000,dPL-MLP,train,CN-Base,0.0048799067167522026,median_across_seeds,kge,structural,,3.0,median_across_seeds
08195000,dPL-MLP,train,CN-TGD,0.0003632087989633437,median_across_seeds,kge,structural,,3.0,median_across_seeds
08195000,dPL-MLP,train,TGD-Base,0.004516697917788859,median_across_seeds,kge,structural,,3.0,median_across_seeds
08196000,dPL-MLP,test,CN-Base,-0.01057272496917766,median_across_seeds,kge,structural,,3.0,median_across_seeds
08196000,dPL-MLP,test,CN-TGD,0.003925401361575986,median_across_seeds,kge,structural,,3.0,median_across_seeds
08196000,dPL-MLP,test,TGD-Base,0.019518278768512587,median_across_seeds,kge,structural,,3.0,median_across_seeds
08196000,dPL-MLP,train,CN-Base,0.039106760762821546,median_across_seeds,kge,structural,,3.0,median_across_seeds
08196000,dPL-MLP,train,CN-TGD,0.00015109317223005458,median_across_seeds,kge,structural,,3.0,median_across_seeds
08196000,dPL-MLP,train,TGD-Base,0.03895566759059149,median_across_seeds,kge,structural,,3.0,median_across_seeds
08198500,dPL-MLP,test,CN-Base,0.03055131841426617,median_across_seeds,kge,structural,,3.0,median_across_seeds
08198500,dPL-MLP,test,CN-TGD,-0.04490301574842309,median_across_seeds,kge,structural,,3.0,median_across_seeds
08198500,dPL-MLP,test,TGD-Base,0.07524684149173111,median_across_seeds,kge,structural,,3.0,median_across_seeds
08198500,dPL-MLP,train,CN-Base,-0.02332918767015124,median_across_seeds,kge,structural,,3.0,median_across_seeds
08198500,dPL-MLP,train,CN-TGD,0.00963874880530069,median_across_seeds,kge,structural,,3.0,median_across_seeds
08198500,dPL-MLP,train,TGD-Base,0.07144553029817058,median_across_seeds,kge,structural,,3.0,median_across_seeds
08200000,dPL-MLP,test,CN-Base,-0.01598778275422602,median_across_seeds,kge,structural,,3.0,median_across_seeds
08200000,dPL-MLP,test,CN-TGD,0.0019985233333846275,median_across_seeds,kge,structural,,3.0,median_across_seeds
08200000,dPL-MLP,test,TGD-Base,-0.004604173246981702,median_across_seeds,kge,structural,,3.0,median_across_seeds
08200000,dPL-MLP,train,CN-Base,0.02587884983171873,median_across_seeds,kge,structural,,3.0,median_across_seeds
08200000,dPL-MLP,train,CN-TGD,0.018663953303366676,median_across_seeds,kge,structural,,3.0,median_across_seeds
08200000,dPL-MLP,train,TGD-Base,0.02739118252772066,median_across_seeds,kge,structural,,3.0,median_across_seeds
08202700,dPL-MLP,test,CN-Base,0.0021631807617930876,median_across_seeds,kge,structural,,3.0,median_across_seeds
08202700,dPL-MLP,test,CN-TGD,-0.009128612984726295,median_across_seeds,kge,structural,,3.0,median_across_seeds
08202700,dPL-MLP,test,TGD-Base,0.020221290189404093,median_across_seeds,kge,structural,,3.0,median_across_seeds
08202700,dPL-MLP,train,CN-Base,0.005879967808380793,median_across_seeds,kge,structural,,3.0,median_across_seeds
08202700,dPL-MLP,train,CN-TGD,-0.006812793620382597,median_across_seeds,kge,structural,,3.0,median_across_seeds
08202700,dPL-MLP,train,TGD-Base,0.030271548538514992,median_across_seeds,kge,structural,,3.0,median_across_seeds
08267500,dPL-MLP,test,CN-Base,0.6295244253035485,median_across_seeds,kge,structural,,3.0,median_across_seeds
08267500,dPL-MLP,test,CN-TGD,0.11925766017637174,median_across_seeds,kge,structural,,3.0,median_across_seeds
08267500,dPL-MLP,test,TGD-Base,0.5102667651271767,median_across_seeds,kge,structural,,3.0,median_across_seeds
08267500,dPL-MLP,train,CN-Base,0.7138057640220692,median_across_seeds,kge,structural,,3.0,median_across_seeds
08267500,dPL-MLP,train,CN-TGD,0.15580206401354302,median_across_seeds,kge,structural,,3.0,median_across_seeds
08267500,dPL-MLP,train,TGD-Base,0.5498197211388227,median_across_seeds,kge,structural,,3.0,median_across_seeds
08269000,dPL-MLP,test,CN-Base,0.5121866442634798,median_across_seeds,kge,structural,,3.0,median_across_seeds
08269000,dPL-MLP,test,CN-TGD,0.12897074966611766,median_across_seeds,kge,structural,,3.0,median_across_seeds
08269000,dPL-MLP,test,TGD-Base,0.366156760406028,median_across_seeds,kge,structural,,3.0,median_across_seeds
08269000,dPL-MLP,train,CN-Base,0.5884489352918725,median_across_seeds,kge,structural,,3.0,median_across_seeds
08269000,dPL-MLP,train,CN-TGD,0.01866352146123873,median_across_seeds,kge,structural,,3.0,median_across_seeds
08269000,dPL-MLP,train,TGD-Base,0.5697854138306337,median_across_seeds,kge,structural,,3.0,median_across_seeds
08271000,dPL-MLP,test,CN-Base,0.6961226373741695,median_across_seeds,kge,structural,,3.0,median_across_seeds
08271000,dPL-MLP,test,CN-TGD,0.22628128310737877,median_across_seeds,kge,structural,,3.0,median_across_seeds
08271000,dPL-MLP,test,TGD-Base,0.4628754716690321,median_across_seeds,kge,structural,,3.0,median_across_seeds
08271000,dPL-MLP,train,CN-Base,0.7351939039306014,median_across_seeds,kge,structural,,3.0,median_across_seeds
08271000,dPL-MLP,train,CN-TGD,0.23335013297611185,median_across_seeds,kge,structural,,3.0,median_across_seeds
08271000,dPL-MLP,train,TGD-Base,0.4948047314443882,median_across_seeds,kge,structural,,3.0,median_across_seeds
08324000,dPL-MLP,test,CN-Base,0.16422176309559755,median_across_seeds,kge,structural,,3.0,median_across_seeds
08324000,dPL-MLP,test,CN-TGD,0.02892649605648645,median_across_seeds,kge,structural,,3.0,median_across_seeds
08324000,dPL-MLP,test,TGD-Base,0.13139431835507098,median_across_seeds,kge,structural,,3.0,median_across_seeds
08324000,dPL-MLP,train,CN-Base,0.36616166294511715,median_across_seeds,kge,structural,,3.0,median_across_seeds
08324000,dPL-MLP,train,CN-TGD,0.016704548061930002,median_across_seeds,kge,structural,,3.0,median_across_seeds
08324000,dPL-MLP,train,TGD-Base,0.3753187600282372,median_across_seeds,kge,structural,,3.0,median_across_seeds
08377900,dPL-MLP,test,CN-Base,0.49564373402413797,median_across_seeds,kge,structural,,3.0,median_across_seeds
08377900,dPL-MLP,test,CN-TGD,0.018952225280011836,median_across_seeds,kge,structural,,3.0,median_across_seeds
08377900,dPL-MLP,test,TGD-Base,0.47669150874412614,median_across_seeds,kge,structural,,3.0,median_across_seeds
08377900,dPL-MLP,train,CN-Base,0.4625810245089027,median_across_seeds,kge,structural,,3.0,median_across_seeds
08377900,dPL-MLP,train,CN-TGD,0.06957664615239167,median_across_seeds,kge,structural,,3.0,median_across_seeds
08377900,dPL-MLP,train,TGD-Base,0.3817894254118116,median_across_seeds,kge,structural,,3.0,median_across_seeds
08378500,dPL-MLP,test,CN-Base,0.37468218221463256,median_across_seeds,kge,structural,,3.0,median_across_seeds
08378500,dPL-MLP,test,CN-TGD,-0.005871691517468025,median_across_seeds,kge,structural,,3.0,median_across_seeds
08378500,dPL-MLP,test,TGD-Base,0.42117629391929445,median_across_seeds,kge,structural,,3.0,median_across_seeds
08378500,dPL-MLP,train,CN-Base,0.35982921935064877,median_across_seeds,kge,structural,,3.0,median_across_seeds
08378500,dPL-MLP,train,CN-TGD,0.048080050191114165,median_across_seeds,kge,structural,,3.0,median_across_seeds
08378500,dPL-MLP,train,TGD-Base,0.33359037557574756,median_across_seeds,kge,structural,,3.0,median_across_seeds
08380500,dPL-MLP,test,CN-Base,0.11890900272572258,median_across_seeds,kge,structural,,3.0,median_across_seeds
08380500,dPL-MLP,test,CN-TGD,-0.09365576809646403,median_across_seeds,kge,structural,,3.0,median_across_seeds
08380500,dPL-MLP,test,TGD-Base,0.1937678255688957,median_across_seeds,kge,structural,,3.0,median_across_seeds
08380500,dPL-MLP,train,CN-Base,0.2275079403966978,median_across_seeds,kge,structural,,3.0,median_across_seeds
08380500,dPL-MLP,train,CN-TGD,-0.06156708266064803,median_across_seeds,kge,structural,,3.0,median_across_seeds
08380500,dPL-MLP,train,TGD-Base,0.22621469267987587,median_across_seeds,kge,structural,,3.0,median_across_seeds
09035800,dPL-MLP,test,CN-Base,0.5788074896263896,median_across_seeds,kge,structural,,3.0,median_across_seeds
09035800,dPL-MLP,test,CN-TGD,-0.0013558091802240435,median_across_seeds,kge,structural,,3.0,median_across_seeds
09035800,dPL-MLP,test,TGD-Base,0.5983842904868206,median_across_seeds,kge,structural,,3.0,median_across_seeds
09035800,dPL-MLP,train,CN-Base,0.6797165087840078,median_across_seeds,kge,structural,,3.0,median_across_seeds
09035800,dPL-MLP,train,CN-TGD,0.046296343147817276,median_across_seeds,kge,structural,,3.0,median_across_seeds
09035800,dPL-MLP,train,TGD-Base,0.639802455746436,median_across_seeds,kge,structural,,3.0,median_across_seeds
09035900,dPL-MLP,test,CN-Base,0.7608004137845293,median_across_seeds,kge,structural,,3.0,median_across_seeds
09035900,dPL-MLP,test,CN-TGD,0.031148878638692867,median_across_seeds,kge,structural,,3.0,median_across_seeds
09035900,dPL-MLP,test,TGD-Base,0.7296515351458365,median_across_seeds,kge,structural,,3.0,median_across_seeds
09035900,dPL-MLP,train,CN-Base,0.7170191048053646,median_across_seeds,kge,structural,,3.0,median_across_seeds
09035900,dPL-MLP,train,CN-TGD,0.014400635798467731,median_across_seeds,kge,structural,,3.0,median_across_seeds
09035900,dPL-MLP,train,TGD-Base,0.7026184690068968,median_across_seeds,kge,structural,,3.0,median_across_seeds
09047700,dPL-MLP,test,CN-Base,0.5142974841926476,median_across_seeds,kge,structural,,3.0,median_across_seeds
09047700,dPL-MLP,test,CN-TGD,-0.07510207270906377,median_across_seeds,kge,structural,,3.0,median_across_seeds
09047700,dPL-MLP,test,TGD-Base,0.594390908896821,median_across_seeds,kge,structural,,3.0,median_across_seeds
09047700,dPL-MLP,train,CN-Base,0.47975823792908506,median_across_seeds,kge,structural,,3.0,median_across_seeds
09047700,dPL-MLP,train,CN-TGD,-0.07333683262327195,median_across_seeds,kge,structural,,3.0,median_across_seeds
09047700,dPL-MLP,train,TGD-Base,0.5630334747169805,median_across_seeds,kge,structural,,3.0,median_across_seeds
09065500,dPL-MLP,test,CN-Base,0.8921287822767784,median_across_seeds,kge,structural,,3.0,median_across_seeds
09065500,dPL-MLP,test,CN-TGD,0.3107285109898442,median_across_seeds,kge,structural,,3.0,median_across_seeds
09065500,dPL-MLP,test,TGD-Base,0.5814002712869342,median_across_seeds,kge,structural,,3.0,median_across_seeds
09065500,dPL-MLP,train,CN-Base,0.9349049918514388,median_across_seeds,kge,structural,,3.0,median_across_seeds
09065500,dPL-MLP,train,CN-TGD,0.32351378045574675,median_across_seeds,kge,structural,,3.0,median_across_seeds
09065500,dPL-MLP,train,TGD-Base,0.6154576926709243,median_across_seeds,kge,structural,,3.0,median_across_seeds
09066000,dPL-MLP,test,CN-Base,0.8839909871842082,median_across_seeds,kge,structural,,3.0,median_across_seeds
09066000,dPL-MLP,test,CN-TGD,0.21147523641924726,median_across_seeds,kge,structural,,3.0,median_across_seeds
09066000,dPL-MLP,test,TGD-Base,0.6705448774913798,median_across_seeds,kge,structural,,3.0,median_across_seeds
09066000,dPL-MLP,train,CN-Base,0.857321372256696,median_across_seeds,kge,structural,,3.0,median_across_seeds
09066000,dPL-MLP,train,CN-TGD,0.17619892647193436,median_across_seeds,kge,structural,,3.0,median_across_seeds
09066000,dPL-MLP,train,TGD-Base,0.6782634937907199,median_across_seeds,kge,structural,,3.0,median_across_seeds
09066200,dPL-MLP,test,CN-Base,0.8811251580398552,median_across_seeds,kge,structural,,3.0,median_across_seeds
09066200,dPL-MLP,test,CN-TGD,0.28123476220755883,median_across_seeds,kge,structural,,3.0,median_across_seeds
09066200,dPL-MLP,test,TGD-Base,0.5998903958322964,median_across_seeds,kge,structural,,3.0,median_across_seeds
09066200,dPL-MLP,train,CN-Base,0.9079032406323568,median_across_seeds,kge,structural,,3.0,median_across_seeds
09066200,dPL-MLP,train,CN-TGD,0.286933517225196,median_across_seeds,kge,structural,,3.0,median_across_seeds
09066200,dPL-MLP,train,TGD-Base,0.6209697234071608,median_across_seeds,kge,structural,,3.0,median_across_seeds
09066300,dPL-MLP,test,CN-Base,0.7833099741215348,median_across_seeds,kge,structural,,3.0,median_across_seeds
09066300,dPL-MLP,test,CN-TGD,0.22571937316465263,median_across_seeds,kge,structural,,3.0,median_across_seeds
09066300,dPL-MLP,test,TGD-Base,0.5631294130763377,median_across_seeds,kge,structural,,3.0,median_across_seeds
09066300,dPL-MLP,train,CN-Base,0.8085368674719481,median_across_seeds,kge,structural,,3.0,median_across_seeds
09066300,dPL-MLP,train,CN-TGD,0.16568308052155778,median_across_seeds,kge,structural,,3.0,median_across_seeds
09066300,dPL-MLP,train,TGD-Base,0.6437060069758574,median_across_seeds,kge,structural,,3.0,median_across_seeds
09081600,dPL-MLP,test,CN-Base,0.8750863461342192,median_across_seeds,kge,structural,,3.0,median_across_seeds
09081600,dPL-MLP,test,CN-TGD,0.24147535401658493,median_across_seeds,kge,structural,,3.0,median_across_seeds
09081600,dPL-MLP,test,TGD-Base,0.6414270618959546,median_across_seeds,kge,structural,,3.0,median_across_seeds
09081600,dPL-MLP,train,CN-Base,0.9074512837818451,median_across_seeds,kge,structural,,3.0,median_across_seeds
09081600,dPL-MLP,train,CN-TGD,0.26310106799529587,median_across_seeds,kge,structural,,3.0,median_across_seeds
09081600,dPL-MLP,train,TGD-Base,0.6463908486715286,median_across_seeds,kge,structural,,3.0,median_across_seeds
09107000,dPL-MLP,test,CN-Base,0.6417936070112968,median_across_seeds,kge,structural,,3.0,median_across_seeds
09107000,dPL-MLP,test,CN-TGD,-0.07037903488259223,median_across_seeds,kge,structural,,3.0,median_across_seeds
09107000,dPL-MLP,test,TGD-Base,0.7195063966377067,median_across_seeds,kge,structural,,3.0,median_across_seeds
09107000,dPL-MLP,train,CN-Base,0.46685804241427664,median_across_seeds,kge,structural,,3.0,median_across_seeds
09107000,dPL-MLP,train,CN-TGD,-0.11573178887681879,median_across_seeds,kge,structural,,3.0,median_across_seeds
09107000,dPL-MLP,train,TGD-Base,0.5825898312910954,median_across_seeds,kge,structural,,3.0,median_across_seeds
09210500,dPL-MLP,test,CN-Base,0.33631674610212864,median_across_seeds,kge,structural,,3.0,median_across_seeds
09210500,dPL-MLP,test,CN-TGD,-0.05843408783247428,median_across_seeds,kge,structural,,3.0,median_across_seeds
09210500,dPL-MLP,test,TGD-Base,0.3947508339346029,median_across_seeds,kge,structural,,3.0,median_across_seeds
09210500,dPL-MLP,train,CN-Base,0.34650433233908107,median_across_seeds,kge,structural,,3.0,median_across_seeds
09210500,dPL-MLP,train,CN-TGD,-0.0027965378119967355,median_across_seeds,kge,structural,,3.0,median_across_seeds
09210500,dPL-MLP,train,TGD-Base,0.3493008701510778,median_across_seeds,kge,structural,,3.0,median_across_seeds
09223000,dPL-MLP,test,CN-Base,0.6768063733969402,median_across_seeds,kge,structural,,3.0,median_across_seeds
09223000,dPL-MLP,test,CN-TGD,0.06657036697711272,median_across_seeds,kge,structural,,3.0,median_across_seeds
09223000,dPL-MLP,test,TGD-Base,0.5903406860751725,median_across_seeds,kge,structural,,3.0,median_across_seeds
09223000,dPL-MLP,train,CN-Base,0.6034751933414232,median_across_seeds,kge,structural,,3.0,median_across_seeds
09223000,dPL-MLP,train,CN-TGD,0.0005009361867794881,median_across_seeds,kge,structural,,3.0,median_across_seeds
09223000,dPL-MLP,train,TGD-Base,0.6062315251156551,median_across_seeds,kge,structural,,3.0,median_across_seeds
09306242,dPL-MLP,test,CN-Base,0.12962670071843285,median_across_seeds,kge,structural,,3.0,median_across_seeds
09306242,dPL-MLP,test,CN-TGD,1.0655771594126402,median_across_seeds,kge,structural,,3.0,median_across_seeds
09306242,dPL-MLP,test,TGD-Base,-0.710349654955408,median_across_seeds,kge,structural,,3.0,median_across_seeds
09306242,dPL-MLP,train,CN-Base,0.2647906966090167,median_across_seeds,kge,structural,,3.0,median_across_seeds
09306242,dPL-MLP,train,CN-TGD,-0.4178843543925636,median_across_seeds,kge,structural,,3.0,median_across_seeds
09306242,dPL-MLP,train,TGD-Base,0.5775228388742785,median_across_seeds,kge,structural,,3.0,median_across_seeds
09312600,dPL-MLP,test,CN-Base,0.45516307668095696,median_across_seeds,kge,structural,,3.0,median_across_seeds
09312600,dPL-MLP,test,CN-TGD,-0.030293815006958824,median_across_seeds,kge,structural,,3.0,median_across_seeds
09312600,dPL-MLP,test,TGD-Base,0.48447532396936144,median_across_seeds,kge,structural,,3.0,median_across_seeds
09312600,dPL-MLP,train,CN-Base,0.5170865382273548,median_across_seeds,kge,structural,,3.0,median_across_seeds
09312600,dPL-MLP,train,CN-TGD,-0.06974646536953066,median_across_seeds,kge,structural,,3.0,median_across_seeds
09312600,dPL-MLP,train,TGD-Base,0.6185802560446555,median_across_seeds,kge,structural,,3.0,median_across_seeds
09352900,dPL-MLP,test,CN-Base,0.8264201917786886,median_across_seeds,kge,structural,,3.0,median_across_seeds
09352900,dPL-MLP,test,CN-TGD,0.27071838156121253,median_across_seeds,kge,structural,,3.0,median_across_seeds
09352900,dPL-MLP,test,TGD-Base,0.5557018102174761,median_across_seeds,kge,structural,,3.0,median_across_seeds
09352900,dPL-MLP,train,CN-Base,0.9760849517938011,median_across_seeds,kge,structural,,3.0,median_across_seeds
09352900,dPL-MLP,train,CN-TGD,0.2916230023725137,median_across_seeds,kge,structural,,3.0,median_across_seeds
09352900,dPL-MLP,train,TGD-Base,0.6816692038337944,median_across_seeds,kge,structural,,3.0,median_across_seeds
09378170,dPL-MLP,test,CN-Base,0.42987350881028363,median_across_seeds,kge,structural,,3.0,median_across_seeds
09378170,dPL-MLP,test,CN-TGD,-0.02134358117417756,median_across_seeds,kge,structural,,3.0,median_across_seeds
09378170,dPL-MLP,test,TGD-Base,0.45253911613678244,median_across_seeds,kge,structural,,3.0,median_across_seeds
09378170,dPL-MLP,train,CN-Base,0.6352316413219582,median_across_seeds,kge,structural,,3.0,median_across_seeds
09378170,dPL-MLP,train,CN-TGD,0.00927210746543461,median_across_seeds,kge,structural,,3.0,median_across_seeds
09378170,dPL-MLP,train,TGD-Base,0.6487122058443104,median_across_seeds,kge,structural,,3.0,median_across_seeds
09386900,dPL-MLP,test,CN-Base,0.3119711375080868,median_across_seeds,kge,structural,,3.0,median_across_seeds
09386900,dPL-MLP,test,CN-TGD,0.04656602598444731,median_across_seeds,kge,structural,,3.0,median_across_seeds
09386900,dPL-MLP,test,TGD-Base,0.2948447373553587,median_across_seeds,kge,structural,,3.0,median_across_seeds
09386900,dPL-MLP,train,CN-Base,0.4139313974542115,median_across_seeds,kge,structural,,3.0,median_across_seeds
09386900,dPL-MLP,train,CN-TGD,0.035089073695451,median_across_seeds,kge,structural,,3.0,median_across_seeds
09386900,dPL-MLP,train,TGD-Base,0.40498841199400093,median_across_seeds,kge,structural,,3.0,median_across_seeds
09404450,dPL-MLP,test,CN-Base,0.2319048048968323,median_across_seeds,kge,structural,,3.0,median_across_seeds
09404450,dPL-MLP,test,CN-TGD,0.07745234359664033,median_across_seeds,kge,structural,,3.0,median_across_seeds
09404450,dPL-MLP,test,TGD-Base,-0.28350670166047226,median_across_seeds,kge,structural,,3.0,median_across_seeds
09404450,dPL-MLP,train,CN-Base,0.3460513734920495,median_across_seeds,kge,structural,,3.0,median_across_seeds
09404450,dPL-MLP,train,CN-TGD,0.09522788055502696,median_across_seeds,kge,structural,,3.0,median_across_seeds
09404450,dPL-MLP,train,TGD-Base,0.3287798854921187,median_across_seeds,kge,structural,,3.0,median_across_seeds
09430600,dPL-MLP,test,CN-Base,0.0734455297426094,median_across_seeds,kge,structural,,3.0,median_across_seeds
09430600,dPL-MLP,test,CN-TGD,0.035734241163505515,median_across_seeds,kge,structural,,3.0,median_across_seeds
09430600,dPL-MLP,test,TGD-Base,0.033790549309137496,median_across_seeds,kge,structural,,3.0,median_across_seeds
09430600,dPL-MLP,train,CN-Base,0.17485114568199372,median_across_seeds,kge,structural,,3.0,median_across_seeds
09430600,dPL-MLP,train,CN-TGD,0.038082384071171704,median_across_seeds,kge,structural,,3.0,median_across_seeds
09430600,dPL-MLP,train,TGD-Base,0.10152483192035577,median_across_seeds,kge,structural,,3.0,median_across_seeds
09447800,dPL-MLP,test,CN-Base,-0.1264955827870753,median_across_seeds,kge,structural,,3.0,median_across_seeds
09447800,dPL-MLP,test,CN-TGD,0.07353239582754709,median_across_seeds,kge,structural,,3.0,median_across_seeds
09447800,dPL-MLP,test,TGD-Base,-0.001367606671619899,median_across_seeds,kge,structural,,3.0,median_across_seeds
09447800,dPL-MLP,train,CN-Base,-0.017065489590323057,median_across_seeds,kge,structural,,3.0,median_across_seeds
09447800,dPL-MLP,train,CN-TGD,0.0038256441937944974,median_across_seeds,kge,structural,,3.0,median_across_seeds
09447800,dPL-MLP,train,TGD-Base,-0.00971729232429297,median_across_seeds,kge,structural,,3.0,median_across_seeds
09484600,dPL-MLP,test,CN-Base,0.006724146995599901,median_across_seeds,kge,structural,,3.0,median_across_seeds
09484600,dPL-MLP,test,CN-TGD,-0.002543258240064697,median_across_seeds,kge,structural,,3.0,median_across_seeds
09484600,dPL-MLP,test,TGD-Base,0.006604096005142904,median_across_seeds,kge,structural,,3.0,median_across_seeds
09484600,dPL-MLP,train,CN-Base,0.006586268781878291,median_across_seeds,kge,structural,,3.0,median_across_seeds
09484600,dPL-MLP,train,CN-TGD,0.01754169123294913,median_across_seeds,kge,structural,,3.0,median_across_seeds
09484600,dPL-MLP,train,TGD-Base,-0.012223619715606704,median_across_seeds,kge,structural,,3.0,median_across_seeds
09492400,dPL-MLP,test,CN-Base,0.0166199039682568,median_across_seeds,kge,structural,,3.0,median_across_seeds
09492400,dPL-MLP,test,CN-TGD,-0.13767800935262986,median_across_seeds,kge,structural,,3.0,median_across_seeds
09492400,dPL-MLP,test,TGD-Base,0.14837978364020254,median_across_seeds,kge,structural,,3.0,median_across_seeds
09492400,dPL-MLP,train,CN-Base,0.3081174089942397,median_across_seeds,kge,structural,,3.0,median_across_seeds
09492400,dPL-MLP,train,CN-TGD,0.1503083623143019,median_across_seeds,kge,structural,,3.0,median_across_seeds
09492400,dPL-MLP,train,TGD-Base,0.1586691513881205,median_across_seeds,kge,structural,,3.0,median_across_seeds
09494000,dPL-MLP,test,CN-Base,-0.03281041089055314,median_across_seeds,kge,structural,,3.0,median_across_seeds
09494000,dPL-MLP,test,CN-TGD,-0.03394708580190631,median_across_seeds,kge,structural,,3.0,median_across_seeds
09494000,dPL-MLP,test,TGD-Base,-0.001551075240680544,median_across_seeds,kge,structural,,3.0,median_across_seeds
09494000,dPL-MLP,train,CN-Base,0.10944085357323441,median_across_seeds,kge,structural,,3.0,median_across_seeds
09494000,dPL-MLP,train,CN-TGD,0.09810170485760517,median_across_seeds,kge,structural,,3.0,median_across_seeds
09494000,dPL-MLP,train,TGD-Base,0.030807108423455465,median_across_seeds,kge,structural,,3.0,median_across_seeds
09497980,dPL-MLP,test,CN-Base,0.039244764309878444,median_across_seeds,kge,structural,,3.0,median_across_seeds
09497980,dPL-MLP,test,CN-TGD,0.04507806543579962,median_across_seeds,kge,structural,,3.0,median_across_seeds
09497980,dPL-MLP,test,TGD-Base,0.022377408344337546,median_across_seeds,kge,structural,,3.0,median_across_seeds
09497980,dPL-MLP,train,CN-Base,0.012926256341531772,median_across_seeds,kge,structural,,3.0,median_across_seeds
09497980,dPL-MLP,train,CN-TGD,0.007831343409135494,median_across_seeds,kge,structural,,3.0,median_across_seeds
09497980,dPL-MLP,train,TGD-Base,0.007739902919595587,median_across_seeds,kge,structural,,3.0,median_across_seeds
09505350,dPL-MLP,test,CN-Base,0.2037817574918002,median_across_seeds,kge,structural,,3.0,median_across_seeds
09505350,dPL-MLP,test,CN-TGD,0.08623761635419858,median_across_seeds,kge,structural,,3.0,median_across_seeds
09505350,dPL-MLP,test,TGD-Base,0.1404533202802448,median_across_seeds,kge,structural,,3.0,median_across_seeds
09505350,dPL-MLP,train,CN-Base,0.10305603381512896,median_across_seeds,kge,structural,,3.0,median_across_seeds
09505350,dPL-MLP,train,CN-TGD,0.07113872380010611,median_across_seeds,kge,structural,,3.0,median_across_seeds
09505350,dPL-MLP,train,TGD-Base,0.031241787757676498,median_across_seeds,kge,structural,,3.0,median_across_seeds
09505800,dPL-MLP,test,CN-Base,0.1336364869844462,median_across_seeds,kge,structural,,3.0,median_across_seeds
09505800,dPL-MLP,test,CN-TGD,-0.047531716148012104,median_across_seeds,kge,structural,,3.0,median_across_seeds
09505800,dPL-MLP,test,TGD-Base,0.1811682031324583,median_across_seeds,kge,structural,,3.0,median_across_seeds
09505800,dPL-MLP,train,CN-Base,0.11854139275136266,median_across_seeds,kge,structural,,3.0,median_across_seeds
09505800,dPL-MLP,train,CN-TGD,0.05487180259059876,median_across_seeds,kge,structural,,3.0,median_across_seeds
09505800,dPL-MLP,train,TGD-Base,0.0636695901607639,median_across_seeds,kge,structural,,3.0,median_across_seeds
09508300,dPL-MLP,test,CN-Base,-0.0032792447220584275,median_across_seeds,kge,structural,,3.0,median_across_seeds
09508300,dPL-MLP,test,CN-TGD,0.008163894674835026,median_across_seeds,kge,structural,,3.0,median_across_seeds
09508300,dPL-MLP,test,TGD-Base,-0.010155655731360347,median_across_seeds,kge,structural,,3.0,median_across_seeds
09508300,dPL-MLP,train,CN-Base,0.020348999790039346,median_across_seeds,kge,structural,,3.0,median_across_seeds
09508300,dPL-MLP,train,CN-TGD,-0.0006943693831379383,median_across_seeds,kge,structural,,3.0,median_across_seeds
09508300,dPL-MLP,train,TGD-Base,0.021043369173177284,median_across_seeds,kge,structural,,3.0,median_across_seeds
09510200,dPL-MLP,test,CN-Base,0.016030864989446225,median_across_seeds,kge,structural,,3.0,median_across_seeds
09510200,dPL-MLP,test,CN-TGD,0.007806642026817634,median_across_seeds,kge,structural,,3.0,median_across_seeds
09510200,dPL-MLP,test,TGD-Base,0.03147065924888365,median_across_seeds,kge,structural,,3.0,median_across_seeds
09510200,dPL-MLP,train,CN-Base,0.017324814712632586,median_across_seeds,kge,structural,,3.0,median_across_seeds
09510200,dPL-MLP,train,CN-TGD,-0.017776698188215367,median_across_seeds,kge,structural,,3.0,median_across_seeds
09510200,dPL-MLP,train,TGD-Base,0.045250833894350806,median_across_seeds,kge,structural,,3.0,median_across_seeds
09512280,dPL-MLP,test,CN-Base,0.014908045044290219,median_across_seeds,kge,structural,,3.0,median_across_seeds
09512280,dPL-MLP,test,CN-TGD,0.010490192465189507,median_across_seeds,kge,structural,,3.0,median_across_seeds
09512280,dPL-MLP,test,TGD-Base,0.006796415633121611,median_across_seeds,kge,structural,,3.0,median_across_seeds
09512280,dPL-MLP,train,CN-Base,0.026013088905907922,median_across_seeds,kge,structural,,3.0,median_across_seeds
09512280,dPL-MLP,train,CN-TGD,0.013020036511496302,median_across_seeds,kge,structural,,3.0,median_across_seeds
09512280,dPL-MLP,train,TGD-Base,0.024260831271224192,median_across_seeds,kge,structural,,3.0,median_across_seeds
09513780,dPL-MLP,test,CN-Base,0.017858793385679472,median_across_seeds,kge,structural,,3.0,median_across_seeds
09513780,dPL-MLP,test,CN-TGD,0.02477107131518419,median_across_seeds,kge,structural,,3.0,median_across_seeds
09513780,dPL-MLP,test,TGD-Base,-0.006912277929504718,median_across_seeds,kge,structural,,3.0,median_across_seeds
09513780,dPL-MLP,train,CN-Base,0.018952793755438513,median_across_seeds,kge,structural,,3.0,median_across_seeds
09513780,dPL-MLP,train,CN-TGD,0.0156181211442874,median_across_seeds,kge,structural,,3.0,median_across_seeds
09513780,dPL-MLP,train,TGD-Base,0.0033346726111511127,median_across_seeds,kge,structural,,3.0,median_across_seeds
10234500,dPL-MLP,test,CN-Base,0.41606574847502226,median_across_seeds,kge,structural,,3.0,median_across_seeds
10234500,dPL-MLP,test,CN-TGD,0.05947878299408549,median_across_seeds,kge,structural,,3.0,median_across_seeds
10234500,dPL-MLP,test,TGD-Base,0.3604093392376847,median_across_seeds,kge,structural,,3.0,median_across_seeds
10234500,dPL-MLP,train,CN-Base,0.49322800161072605,median_across_seeds,kge,structural,,3.0,median_across_seeds
10234500,dPL-MLP,train,CN-TGD,-0.01170018222128244,median_across_seeds,kge,structural,,3.0,median_across_seeds
10234500,dPL-MLP,train,TGD-Base,0.504490890905996,median_across_seeds,kge,structural,,3.0,median_across_seeds
10244950,dPL-MLP,test,CN-Base,0.2779572641201218,median_across_seeds,kge,structural,,3.0,median_across_seeds
10244950,dPL-MLP,test,CN-TGD,0.145416779729441,median_across_seeds,kge,structural,,3.0,median_across_seeds
10244950,dPL-MLP,test,TGD-Base,0.10658105925112582,median_across_seeds,kge,structural,,3.0,median_across_seeds
10244950,dPL-MLP,train,CN-Base,0.21626305085747521,median_across_seeds,kge,structural,,3.0,median_across_seeds
10244950,dPL-MLP,train,CN-TGD,0.014927816269156957,median_across_seeds,kge,structural,,3.0,median_across_seeds
10244950,dPL-MLP,train,TGD-Base,0.2313630542792523,median_across_seeds,kge,structural,,3.0,median_across_seeds
10259000,dPL-MLP,test,CN-Base,-0.027886728952196793,median_across_seeds,kge,structural,,3.0,median_across_seeds
10259000,dPL-MLP,test,CN-TGD,0.035226095127293244,median_across_seeds,kge,structural,,3.0,median_across_seeds
10259000,dPL-MLP,test,TGD-Base,-0.03110583971999681,median_across_seeds,kge,structural,,3.0,median_across_seeds
10259000,dPL-MLP,train,CN-Base,-0.029270122195344084,median_across_seeds,kge,structural,,3.0,median_across_seeds
10259000,dPL-MLP,train,CN-TGD,0.0008805732725810644,median_across_seeds,kge,structural,,3.0,median_across_seeds
10259000,dPL-MLP,train,TGD-Base,-0.04439254203486809,median_across_seeds,kge,structural,,3.0,median_across_seeds
10336645,dPL-MLP,test,CN-Base,0.4464827174955222,median_across_seeds,kge,structural,,3.0,median_across_seeds
10336645,dPL-MLP,test,CN-TGD,0.333592130829793,median_across_seeds,kge,structural,,3.0,median_across_seeds
10336645,dPL-MLP,test,TGD-Base,0.11289058666572921,median_across_seeds,kge,structural,,3.0,median_across_seeds
10336645,dPL-MLP,train,CN-Base,0.42047789292736587,median_across_seeds,kge,structural,,3.0,median_across_seeds
10336645,dPL-MLP,train,CN-TGD,0.2541135640625394,median_across_seeds,kge,structural,,3.0,median_across_seeds
10336645,dPL-MLP,train,TGD-Base,0.1663643288648265,median_across_seeds,kge,structural,,3.0,median_across_seeds
10336660,dPL-MLP,test,CN-Base,0.3934635621300322,median_across_seeds,kge,structural,,3.0,median_across_seeds
10336660,dPL-MLP,test,CN-TGD,0.39533390846436617,median_across_seeds,kge,structural,,3.0,median_across_seeds
10336660,dPL-MLP,test,TGD-Base,-0.017779969608441692,median_across_seeds,kge,structural,,3.0,median_across_seeds
10336660,dPL-MLP,train,CN-Base,0.4466828811913576,median_across_seeds,kge,structural,,3.0,median_across_seeds
10336660,dPL-MLP,train,CN-TGD,0.2609352980396903,median_across_seeds,kge,structural,,3.0,median_across_seeds
10336660,dPL-MLP,train,TGD-Base,0.16312486445626917,median_across_seeds,kge,structural,,3.0,median_across_seeds
10343500,dPL-MLP,test,CN-Base,0.33464465678160116,median_across_seeds,kge,structural,,3.0,median_across_seeds
10343500,dPL-MLP,test,CN-TGD,0.3000301128177812,median_across_seeds,kge,structural,,3.0,median_across_seeds
10343500,dPL-MLP,test,TGD-Base,0.02684393389458789,median_across_seeds,kge,structural,,3.0,median_across_seeds
10343500,dPL-MLP,train,CN-Base,0.39742324272592505,median_across_seeds,kge,structural,,3.0,median_across_seeds
10343500,dPL-MLP,train,CN-TGD,0.13454412906865265,median_across_seeds,kge,structural,,3.0,median_across_seeds
10343500,dPL-MLP,train,TGD-Base,0.26739665316313793,median_across_seeds,kge,structural,,3.0,median_across_seeds
11124500,dPL-MLP,test,CN-Base,0.01975244121092745,median_across_seeds,kge,structural,,3.0,median_across_seeds
11124500,dPL-MLP,test,CN-TGD,-0.02366817962523704,median_across_seeds,kge,structural,,3.0,median_across_seeds
11124500,dPL-MLP,test,TGD-Base,0.05594127413781402,median_across_seeds,kge,structural,,3.0,median_across_seeds
11124500,dPL-MLP,train,CN-Base,0.029403450796372077,median_across_seeds,kge,structural,,3.0,median_across_seeds
11124500,dPL-MLP,train,CN-TGD,-0.027607235344909054,median_across_seeds,kge,structural,,3.0,median_across_seeds
11124500,dPL-MLP,train,TGD-Base,0.07041899188110923,median_across_seeds,kge,structural,,3.0,median_across_seeds
11141280,dPL-MLP,test,CN-Base,-0.10231637337615523,median_across_seeds,kge,structural,,3.0,median_across_seeds
11141280,dPL-MLP,test,CN-TGD,-0.03530317785892573,median_across_seeds,kge,structural,,3.0,median_across_seeds
11141280,dPL-MLP,test,TGD-Base,-0.04041781775859954,median_across_seeds,kge,structural,,3.0,median_across_seeds
11141280,dPL-MLP,train,CN-Base,-0.07111659019467731,median_across_seeds,kge,structural,,3.0,median_across_seeds
11141280,dPL-MLP,train,CN-TGD,-0.014918850608771184,median_across_seeds,kge,structural,,3.0,median_across_seeds
11141280,dPL-MLP,train,TGD-Base,-0.04693460549426742,median_across_seeds,kge,structural,,3.0,median_across_seeds
11143000,dPL-MLP,test,CN-Base,-0.011191779120008793,median_across_seeds,kge,structural,,3.0,median_across_seeds
11143000,dPL-MLP,test,CN-TGD,-0.012012715377398342,median_across_seeds,kge,structural,,3.0,median_across_seeds
11143000,dPL-MLP,test,TGD-Base,0.0008209362573895485,median_across_seeds,kge,structural,,3.0,median_across_seeds
11143000,dPL-MLP,train,CN-Base,0.022626500054033105,median_across_seeds,kge,structural,,3.0,median_across_seeds
11143000,dPL-MLP,train,CN-TGD,0.006656041135182811,median_across_seeds,kge,structural,,3.0,median_across_seeds
11143000,dPL-MLP,train,TGD-Base,0.01897258542485658,median_across_seeds,kge,structural,,3.0,median_across_seeds
11148900,dPL-MLP,test,CN-Base,-0.007765297506985069,median_across_seeds,kge,structural,,3.0,median_across_seeds
11148900,dPL-MLP,test,CN-TGD,0.0012506443192128458,median_across_seeds,kge,structural,,3.0,median_across_seeds
11148900,dPL-MLP,test,TGD-Base,0.0008462286503695404,median_across_seeds,kge,structural,,3.0,median_across_seeds
11148900,dPL-MLP,train,CN-Base,0.022959824822166297,median_across_seeds,kge,structural,,3.0,median_across_seeds
11148900,dPL-MLP,train,CN-TGD,0.02546802485686439,median_across_seeds,kge,structural,,3.0,median_across_seeds
11148900,dPL-MLP,train,TGD-Base,-0.0024829026582529057,median_across_seeds,kge,structural,,3.0,median_across_seeds
11151300,dPL-MLP,test,CN-Base,-0.004014554035922546,median_across_seeds,kge,structural,,3.0,median_across_seeds
11151300,dPL-MLP,test,CN-TGD,-0.0011278242920266246,median_across_seeds,kge,structural,,3.0,median_across_seeds
11151300,dPL-MLP,test,TGD-Base,0.002101265588092427,median_across_seeds,kge,structural,,3.0,median_across_seeds
11151300,dPL-MLP,train,CN-Base,-0.005718800312413674,median_across_seeds,kge,structural,,3.0,median_across_seeds
11151300,dPL-MLP,train,CN-TGD,-0.008015029189091472,median_across_seeds,kge,structural,,3.0,median_across_seeds
11151300,dPL-MLP,train,TGD-Base,-0.011731354186502063,median_across_seeds,kge,structural,,3.0,median_across_seeds
11176400,dPL-MLP,test,CN-Base,-0.04996917442249149,median_across_seeds,kge,structural,,3.0,median_across_seeds
11176400,dPL-MLP,test,CN-TGD,0.04312700115997903,median_across_seeds,kge,structural,,3.0,median_across_seeds
11176400,dPL-MLP,test,TGD-Base,-0.09309617558247052,median_across_seeds,kge,structural,,3.0,median_across_seeds
11176400,dPL-MLP,train,CN-Base,0.03191230740636075,median_across_seeds,kge,structural,,3.0,median_across_seeds
11176400,dPL-MLP,train,CN-TGD,-0.0094311986828709,median_across_seeds,kge,structural,,3.0,median_across_seeds
11176400,dPL-MLP,train,TGD-Base,0.04626370713703065,median_across_seeds,kge,structural,,3.0,median_across_seeds
11230500,dPL-MLP,test,CN-Base,0.4729880795762026,median_across_seeds,kge,structural,,3.0,median_across_seeds
11230500,dPL-MLP,test,CN-TGD,-0.05075865835379223,median_across_seeds,kge,structural,,3.0,median_across_seeds
11230500,dPL-MLP,test,TGD-Base,0.5689112872113646,median_across_seeds,kge,structural,,3.0,median_across_seeds
11230500,dPL-MLP,train,CN-Base,0.7198119018508167,median_across_seeds,kge,structural,,3.0,median_across_seeds
11230500,dPL-MLP,train,CN-TGD,0.3306025338045923,median_across_seeds,kge,structural,,3.0,median_across_seeds
11230500,dPL-MLP,train,TGD-Base,0.3912018281293495,median_across_seeds,kge,structural,,3.0,median_across_seeds
11237500,dPL-MLP,test,CN-Base,0.5990728889463829,median_across_seeds,kge,structural,,3.0,median_across_seeds
11237500,dPL-MLP,test,CN-TGD,0.2579281509059096,median_across_seeds,kge,structural,,3.0,median_across_seeds
11237500,dPL-MLP,test,TGD-Base,0.3482886080330795,median_across_seeds,kge,structural,,3.0,median_across_seeds
11237500,dPL-MLP,train,CN-Base,0.4753037783293643,median_across_seeds,kge,structural,,3.0,median_across_seeds
11237500,dPL-MLP,train,CN-TGD,0.19173995157973672,median_across_seeds,kge,structural,,3.0,median_across_seeds
11237500,dPL-MLP,train,TGD-Base,0.2903954976260153,median_across_seeds,kge,structural,,3.0,median_across_seeds
11264500,dPL-MLP,test,CN-Base,0.6393572506113551,median_across_seeds,kge,structural,,3.0,median_across_seeds
11264500,dPL-MLP,test,CN-TGD,0.19961363386348285,median_across_seeds,kge,structural,,3.0,median_across_seeds
11264500,dPL-MLP,test,TGD-Base,0.43885451938084485,median_across_seeds,kge,structural,,3.0,median_across_seeds
11264500,dPL-MLP,train,CN-Base,0.7014449939054284,median_across_seeds,kge,structural,,3.0,median_across_seeds
11264500,dPL-MLP,train,CN-TGD,0.26458495383672176,median_across_seeds,kge,structural,,3.0,median_across_seeds
11264500,dPL-MLP,train,TGD-Base,0.43823013845092185,median_across_seeds,kge,structural,,3.0,median_across_seeds
11266500,dPL-MLP,test,CN-Base,0.6126831778851131,median_across_seeds,kge,structural,,3.0,median_across_seeds
11266500,dPL-MLP,test,CN-TGD,0.22086433951776452,median_across_seeds,kge,structural,,3.0,median_across_seeds
11266500,dPL-MLP,test,TGD-Base,0.3916338473528883,median_across_seeds,kge,structural,,3.0,median_across_seeds
11266500,dPL-MLP,train,CN-Base,0.6251092634941754,median_across_seeds,kge,structural,,3.0,median_across_seeds
11266500,dPL-MLP,train,CN-TGD,0.22710867675010948,median_across_seeds,kge,structural,,3.0,median_across_seeds
11266500,dPL-MLP,train,TGD-Base,0.3980005867440659,median_across_seeds,kge,structural,,3.0,median_across_seeds
11284400,dPL-MLP,test,CN-Base,0.033168003208463026,median_across_seeds,kge,structural,,3.0,median_across_seeds
11284400,dPL-MLP,test,CN-TGD,0.006313283894953892,median_across_seeds,kge,structural,,3.0,median_across_seeds
11284400,dPL-MLP,test,TGD-Base,0.026854719313509134,median_across_seeds,kge,structural,,3.0,median_across_seeds
11284400,dPL-MLP,train,CN-Base,0.061158843999366,median_across_seeds,kge,structural,,3.0,median_across_seeds
11284400,dPL-MLP,train,CN-TGD,0.07149280304170835,median_across_seeds,kge,structural,,3.0,median_across_seeds
11284400,dPL-MLP,train,TGD-Base,0.018276843266679,median_across_seeds,kge,structural,,3.0,median_across_seeds
11381500,dPL-MLP,test,CN-Base,-0.007695407568702128,median_across_seeds,kge,structural,,3.0,median_across_seeds
11381500,dPL-MLP,test,CN-TGD,-0.019045062718685224,median_across_seeds,kge,structural,,3.0,median_across_seeds
11381500,dPL-MLP,test,TGD-Base,0.002080273010920286,median_across_seeds,kge,structural,,3.0,median_across_seeds
11381500,dPL-MLP,train,CN-Base,-0.01853832640519415,median_across_seeds,kge,structural,,3.0,median_across_seeds
11381500,dPL-MLP,train,CN-TGD,-0.021244983436860543,median_across_seeds,kge,structural,,3.0,median_across_seeds
11381500,dPL-MLP,train,TGD-Base,0.002706657031666393,median_across_seeds,kge,structural,,3.0,median_across_seeds
11451100,dPL-MLP,test,CN-Base,0.004388342276561374,median_across_seeds,kge,structural,,3.0,median_across_seeds
11451100,dPL-MLP,test,CN-TGD,0.004842050816911803,median_across_seeds,kge,structural,,3.0,median_across_seeds
11451100,dPL-MLP,test,TGD-Base,-0.0004537085403504282,median_across_seeds,kge,structural,,3.0,median_across_seeds
11451100,dPL-MLP,train,CN-Base,0.036303016715418135,median_across_seeds,kge,structural,,3.0,median_across_seeds
11451100,dPL-MLP,train,CN-TGD,0.029355502603204076,median_across_seeds,kge,structural,,3.0,median_across_seeds
11451100,dPL-MLP,train,TGD-Base,-0.011611237895703175,median_across_seeds,kge,structural,,3.0,median_across_seeds
11468500,dPL-MLP,test,CN-Base,0.010086200748658403,median_across_seeds,kge,structural,,3.0,median_across_seeds
11468500,dPL-MLP,test,CN-TGD,0.009317490110460569,median_across_seeds,kge,structural,,3.0,median_across_seeds
11468500,dPL-MLP,test,TGD-Base,0.0007687106381978337,median_across_seeds,kge,structural,,3.0,median_across_seeds
11468500,dPL-MLP,train,CN-Base,-0.0157228366975688,median_across_seeds,kge,structural,,3.0,median_across_seeds
11468500,dPL-MLP,train,CN-TGD,-0.0263067516837302,median_across_seeds,kge,structural,,3.0,median_across_seeds
11468500,dPL-MLP,train,TGD-Base,0.010583914986161402,median_across_seeds,kge,structural,,3.0,median_across_seeds
11473900,dPL-MLP,test,CN-Base,-0.02738517444501065,median_across_seeds,kge,structural,,3.0,median_across_seeds
11473900,dPL-MLP,test,CN-TGD,-0.0753481551723858,median_across_seeds,kge,structural,,3.0,median_across_seeds
11473900,dPL-MLP,test,TGD-Base,0.0612077846819703,median_across_seeds,kge,structural,,3.0,median_across_seeds
11473900,dPL-MLP,train,CN-Base,0.016990158299005742,median_across_seeds,kge,structural,,3.0,median_across_seeds
11473900,dPL-MLP,train,CN-TGD,0.005615374616775637,median_across_seeds,kge,structural,,3.0,median_across_seeds
11473900,dPL-MLP,train,TGD-Base,0.02876377837240829,median_across_seeds,kge,structural,,3.0,median_across_seeds
11475560,dPL-MLP,test,CN-Base,-0.030997184975185554,median_across_seeds,kge,structural,,3.0,median_across_seeds
11475560,dPL-MLP,test,CN-TGD,-0.04452276423040469,median_across_seeds,kge,structural,,3.0,median_across_seeds
11475560,dPL-MLP,test,TGD-Base,0.011194981216747779,median_across_seeds,kge,structural,,3.0,median_across_seeds
11475560,dPL-MLP,train,CN-Base,-0.022912519248789343,median_across_seeds,kge,structural,,3.0,median_across_seeds
11475560,dPL-MLP,train,CN-TGD,-0.03289704233641755,median_across_seeds,kge,structural,,3.0,median_across_seeds
11475560,dPL-MLP,train,TGD-Base,0.007234403005987322,median_across_seeds,kge,structural,,3.0,median_across_seeds
11476600,dPL-MLP,test,CN-Base,-0.0024825649411470696,median_across_seeds,kge,structural,,3.0,median_across_seeds
11476600,dPL-MLP,test,CN-TGD,-0.005974494258585317,median_across_seeds,kge,structural,,3.0,median_across_seeds
11476600,dPL-MLP,test,TGD-Base,-0.0019345734655775715,median_across_seeds,kge,structural,,3.0,median_across_seeds
11476600,dPL-MLP,train,CN-Base,0.003917088901915888,median_across_seeds,kge,structural,,3.0,median_across_seeds
11476600,dPL-MLP,train,CN-TGD,-0.00041349716027738737,median_across_seeds,kge,structural,,3.0,median_across_seeds
11476600,dPL-MLP,train,TGD-Base,-0.002878382356836462,median_across_seeds,kge,structural,,3.0,median_across_seeds
11478500,dPL-MLP,test,CN-Base,-0.026010058090895738,median_across_seeds,kge,structural,,3.0,median_across_seeds
11478500,dPL-MLP,test,CN-TGD,-0.02359921019773792,median_across_seeds,kge,structural,,3.0,median_across_seeds
11478500,dPL-MLP,test,TGD-Base,0.005980158293985127,median_across_seeds,kge,structural,,3.0,median_across_seeds
11478500,dPL-MLP,train,CN-Base,0.008215462341236157,median_across_seeds,kge,structural,,3.0,median_across_seeds
11478500,dPL-MLP,train,CN-TGD,0.004605132142886048,median_across_seeds,kge,structural,,3.0,median_across_seeds
11478500,dPL-MLP,train,TGD-Base,0.011786534440771157,median_across_seeds,kge,structural,,3.0,median_across_seeds
11480390,dPL-MLP,test,CN-Base,-0.14649252001674218,median_across_seeds,kge,structural,,3.0,median_across_seeds
11480390,dPL-MLP,test,CN-TGD,-0.17583643219494272,median_across_seeds,kge,structural,,3.0,median_across_seeds
11480390,dPL-MLP,test,TGD-Base,0.02656999590469844,median_across_seeds,kge,structural,,3.0,median_across_seeds
11480390,dPL-MLP,train,CN-Base,-0.03744137793388036,median_across_seeds,kge,structural,,3.0,median_across_seeds
11480390,dPL-MLP,train,CN-TGD,-0.02311541063824274,median_across_seeds,kge,structural,,3.0,median_across_seeds
11480390,dPL-MLP,train,TGD-Base,-0.013857209180102692,median_across_seeds,kge,structural,,3.0,median_across_seeds
11481200,dPL-MLP,test,CN-Base,-0.005458765755865014,median_across_seeds,kge,structural,,3.0,median_across_seeds
11481200,dPL-MLP,test,CN-TGD,0.0008400458634056918,median_across_seeds,kge,structural,,3.0,median_across_seeds
11481200,dPL-MLP,test,TGD-Base,-0.0062988116192707055,median_across_seeds,kge,structural,,3.0,median_across_seeds
11481200,dPL-MLP,train,CN-Base,-0.00662397068024434,median_across_seeds,kge,structural,,3.0,median_across_seeds
11481200,dPL-MLP,train,CN-TGD,-0.0003562755926010963,median_across_seeds,kge,structural,,3.0,median_across_seeds
11481200,dPL-MLP,train,TGD-Base,-0.006267695087643244,median_across_seeds,kge,structural,,3.0,median_across_seeds
11482500,dPL-MLP,test,CN-Base,-0.01887251822447611,median_across_seeds,kge,structural,,3.0,median_across_seeds
11482500,dPL-MLP,test,CN-TGD,0.01087622928911025,median_across_seeds,kge,structural,,3.0,median_across_seeds
11482500,dPL-MLP,test,TGD-Base,-0.006454699208705672,median_across_seeds,kge,structural,,3.0,median_across_seeds
11482500,dPL-MLP,train,CN-Base,-0.014759697897400614,median_across_seeds,kge,structural,,3.0,median_across_seeds
11482500,dPL-MLP,train,CN-TGD,0.010064777429802607,median_across_seeds,kge,structural,,3.0,median_across_seeds
11482500,dPL-MLP,train,TGD-Base,-0.0021642125227301356,median_across_seeds,kge,structural,,3.0,median_across_seeds
11522500,dPL-MLP,test,CN-Base,0.00042714268119337095,median_across_seeds,kge,structural,,3.0,median_across_seeds
11522500,dPL-MLP,test,CN-TGD,0.002220958455991906,median_across_seeds,kge,structural,,3.0,median_across_seeds
11522500,dPL-MLP,test,TGD-Base,0.012151809471129371,median_across_seeds,kge,structural,,3.0,median_across_seeds
11522500,dPL-MLP,train,CN-Base,0.04402962598601379,median_across_seeds,kge,structural,,3.0,median_across_seeds
11522500,dPL-MLP,train,CN-TGD,0.029955689412728193,median_across_seeds,kge,structural,,3.0,median_across_seeds
11522500,dPL-MLP,train,TGD-Base,0.014073936573285595,median_across_seeds,kge,structural,,3.0,median_across_seeds
11523200,dPL-MLP,test,CN-Base,0.22745309526131907,median_across_seeds,kge,structural,,3.0,median_across_seeds
11523200,dPL-MLP,test,CN-TGD,0.2045173526988443,median_across_seeds,kge,structural,,3.0,median_across_seeds
11523200,dPL-MLP,test,TGD-Base,0.02389886206335534,median_across_seeds,kge,structural,,3.0,median_across_seeds
11523200,dPL-MLP,train,CN-Base,0.1886482532953644,median_across_seeds,kge,structural,,3.0,median_across_seeds
11523200,dPL-MLP,train,CN-TGD,0.24661559979015957,median_across_seeds,kge,structural,,3.0,median_across_seeds
11523200,dPL-MLP,train,TGD-Base,-0.05818429028151906,median_across_seeds,kge,structural,,3.0,median_across_seeds
11528700,dPL-MLP,test,CN-Base,-0.1622636212193609,median_across_seeds,kge,structural,,3.0,median_across_seeds
11528700,dPL-MLP,test,CN-TGD,-0.20659456828918926,median_across_seeds,kge,structural,,3.0,median_across_seeds
11528700,dPL-MLP,test,TGD-Base,-0.01309916738184469,median_across_seeds,kge,structural,,3.0,median_across_seeds
11528700,dPL-MLP,train,CN-Base,-0.014329117780443656,median_across_seeds,kge,structural,,3.0,median_across_seeds
11528700,dPL-MLP,train,CN-TGD,-0.03660893701084644,median_across_seeds,kge,structural,,3.0,median_across_seeds
11528700,dPL-MLP,train,TGD-Base,0.021355460310112595,median_across_seeds,kge,structural,,3.0,median_across_seeds
11532500,dPL-MLP,test,CN-Base,0.024687994414041015,median_across_seeds,kge,structural,,3.0,median_across_seeds
11532500,dPL-MLP,test,CN-TGD,0.046808775955360704,median_across_seeds,kge,structural,,3.0,median_across_seeds
11532500,dPL-MLP,test,TGD-Base,-0.022771788758075506,median_across_seeds,kge,structural,,3.0,median_across_seeds
11532500,dPL-MLP,train,CN-Base,0.028307745512264115,median_across_seeds,kge,structural,,3.0,median_across_seeds
11532500,dPL-MLP,train,CN-TGD,0.04564069638711199,median_across_seeds,kge,structural,,3.0,median_across_seeds
11532500,dPL-MLP,train,TGD-Base,-0.01712435546535862,median_across_seeds,kge,structural,,3.0,median_across_seeds
12010000,dPL-MLP,test,CN-Base,0.004341363838799572,median_across_seeds,kge,structural,,3.0,median_across_seeds
12010000,dPL-MLP,test,CN-TGD,-0.00015925416490814026,median_across_seeds,kge,structural,,3.0,median_across_seeds
12010000,dPL-MLP,test,TGD-Base,0.005664611966494482,median_across_seeds,kge,structural,,3.0,median_across_seeds
12010000,dPL-MLP,train,CN-Base,0.013653013286981208,median_across_seeds,kge,structural,,3.0,median_across_seeds
12010000,dPL-MLP,train,CN-TGD,0.009637494188651341,median_across_seeds,kge,structural,,3.0,median_across_seeds
12010000,dPL-MLP,train,TGD-Base,0.006995162260011734,median_across_seeds,kge,structural,,3.0,median_across_seeds
12013500,dPL-MLP,test,CN-Base,0.009712390587096387,median_across_seeds,kge,structural,,3.0,median_across_seeds
12013500,dPL-MLP,test,CN-TGD,0.0029861252965911467,median_across_seeds,kge,structural,,3.0,median_across_seeds
12013500,dPL-MLP,test,TGD-Base,-0.0037052113081111893,median_across_seeds,kge,structural,,3.0,median_across_seeds
12013500,dPL-MLP,train,CN-Base,0.006289514132080565,median_across_seeds,kge,structural,,3.0,median_across_seeds
12013500,dPL-MLP,train,CN-TGD,-0.005315402946127756,median_across_seeds,kge,structural,,3.0,median_across_seeds
12013500,dPL-MLP,train,TGD-Base,0.0013063403880425595,median_across_seeds,kge,structural,,3.0,median_across_seeds
12020000,dPL-MLP,test,CN-Base,-0.0026106175571543044,median_across_seeds,kge,structural,,3.0,median_across_seeds
12020000,dPL-MLP,test,CN-TGD,-0.006892618088025548,median_across_seeds,kge,structural,,3.0,median_across_seeds
12020000,dPL-MLP,test,TGD-Base,0.004282000530871244,median_across_seeds,kge,structural,,3.0,median_across_seeds
12020000,dPL-MLP,train,CN-Base,0.005196593117004711,median_across_seeds,kge,structural,,3.0,median_across_seeds
12020000,dPL-MLP,train,CN-TGD,0.0030004419697233775,median_across_seeds,kge,structural,,3.0,median_across_seeds
12020000,dPL-MLP,train,TGD-Base,0.0021961511472813333,median_across_seeds,kge,structural,,3.0,median_across_seeds
12025700,dPL-MLP,test,CN-Base,0.023271183043806154,median_across_seeds,kge,structural,,3.0,median_across_seeds
12025700,dPL-MLP,test,CN-TGD,0.020308887064912517,median_across_seeds,kge,structural,,3.0,median_across_seeds
12025700,dPL-MLP,test,TGD-Base,-0.00469806566181985,median_across_seeds,kge,structural,,3.0,median_across_seeds
12025700,dPL-MLP,train,CN-Base,0.03083258867352634,median_across_seeds,kge,structural,,3.0,median_across_seeds
12025700,dPL-MLP,train,CN-TGD,0.03310790701711752,median_across_seeds,kge,structural,,3.0,median_across_seeds
12025700,dPL-MLP,train,TGD-Base,-0.014396716973442025,median_across_seeds,kge,structural,,3.0,median_across_seeds
12035000,dPL-MLP,test,CN-Base,0.0031403138168601963,median_across_seeds,kge,structural,,3.0,median_across_seeds
12035000,dPL-MLP,test,CN-TGD,0.004782189328571884,median_across_seeds,kge,structural,,3.0,median_across_seeds
12035000,dPL-MLP,test,TGD-Base,0.021702256547449728,median_across_seeds,kge,structural,,3.0,median_across_seeds
12035000,dPL-MLP,train,CN-Base,0.007473647277183693,median_across_seeds,kge,structural,,3.0,median_across_seeds
12035000,dPL-MLP,train,CN-TGD,0.009887726027979493,median_across_seeds,kge,structural,,3.0,median_across_seeds
12035000,dPL-MLP,train,TGD-Base,0.012574371725791123,median_across_seeds,kge,structural,,3.0,median_across_seeds
12040500,dPL-MLP,test,CN-Base,0.03335186217026653,median_across_seeds,kge,structural,,3.0,median_across_seeds
12040500,dPL-MLP,test,CN-TGD,0.018983843984946458,median_across_seeds,kge,structural,,3.0,median_across_seeds
12040500,dPL-MLP,test,TGD-Base,0.012053685197789932,median_across_seeds,kge,structural,,3.0,median_across_seeds
12040500,dPL-MLP,train,CN-Base,0.01834916432890643,median_across_seeds,kge,structural,,3.0,median_across_seeds
12040500,dPL-MLP,train,CN-TGD,0.008727621332360158,median_across_seeds,kge,structural,,3.0,median_across_seeds
12040500,dPL-MLP,train,TGD-Base,0.009621542996546273,median_across_seeds,kge,structural,,3.0,median_across_seeds
12041200,dPL-MLP,test,CN-Base,0.035779704635099274,median_across_seeds,kge,structural,,3.0,median_across_seeds
12041200,dPL-MLP,test,CN-TGD,0.016722007988898557,median_across_seeds,kge,structural,,3.0,median_across_seeds
12041200,dPL-MLP,test,TGD-Base,-0.0005359424397238799,median_across_seeds,kge,structural,,3.0,median_across_seeds
12041200,dPL-MLP,train,CN-Base,-0.04566169356393157,median_across_seeds,kge,structural,,3.0,median_across_seeds
12041200,dPL-MLP,train,CN-TGD,-0.06057832758850523,median_across_seeds,kge,structural,,3.0,median_across_seeds
12041200,dPL-MLP,train,TGD-Base,-0.005312318996065768,median_across_seeds,kge,structural,,3.0,median_across_seeds
12048000,dPL-MLP,test,CN-Base,0.19298681780924298,median_across_seeds,kge,structural,,3.0,median_across_seeds
12048000,dPL-MLP,test,CN-TGD,0.1353634433157449,median_across_seeds,kge,structural,,3.0,median_across_seeds
12048000,dPL-MLP,test,TGD-Base,0.03257185154832243,median_across_seeds,kge,structural,,3.0,median_across_seeds
12048000,dPL-MLP,train,CN-Base,0.645704516811125,median_across_seeds,kge,structural,,3.0,median_across_seeds
12048000,dPL-MLP,train,CN-TGD,0.024196714290434518,median_across_seeds,kge,structural,,3.0,median_across_seeds
12048000,dPL-MLP,train,TGD-Base,0.509615612055037,median_across_seeds,kge,structural,,3.0,median_across_seeds
12054000,dPL-MLP,test,CN-Base,-0.01608697745326637,median_across_seeds,kge,structural,,3.0,median_across_seeds
12054000,dPL-MLP,test,CN-TGD,-0.02440469899236175,median_across_seeds,kge,structural,,3.0,median_across_seeds
12054000,dPL-MLP,test,TGD-Base,0.007319832558256745,median_across_seeds,kge,structural,,3.0,median_across_seeds
12054000,dPL-MLP,train,CN-Base,-0.009146902401597101,median_across_seeds,kge,structural,,3.0,median_across_seeds
12054000,dPL-MLP,train,CN-TGD,0.0011917203329111503,median_across_seeds,kge,structural,,3.0,median_across_seeds
12054000,dPL-MLP,train,TGD-Base,-0.002057107283100268,median_across_seeds,kge,structural,,3.0,median_across_seeds
12056500,dPL-MLP,test,CN-Base,-0.009492107189662868,median_across_seeds,kge,structural,,3.0,median_across_seeds
12056500,dPL-MLP,test,CN-TGD,-0.013196639479837735,median_across_seeds,kge,structural,,3.0,median_across_seeds
12056500,dPL-MLP,test,TGD-Base,0.006657614563377989,median_across_seeds,kge,structural,,3.0,median_across_seeds
12056500,dPL-MLP,train,CN-Base,-0.07416477290663592,median_across_seeds,kge,structural,,3.0,median_across_seeds
12056500,dPL-MLP,train,CN-TGD,-0.06278041576873228,median_across_seeds,kge,structural,,3.0,median_across_seeds
12056500,dPL-MLP,train,TGD-Base,-0.009469741392490016,median_across_seeds,kge,structural,,3.0,median_across_seeds
12073500,dPL-MLP,test,CN-Base,0.0331546686516232,median_across_seeds,kge,structural,,3.0,median_across_seeds
12073500,dPL-MLP,test,CN-TGD,0.0014893562711979502,median_across_seeds,kge,structural,,3.0,median_across_seeds
12073500,dPL-MLP,test,TGD-Base,0.009631221531206657,median_across_seeds,kge,structural,,3.0,median_across_seeds
12073500,dPL-MLP,train,CN-Base,-0.04354495037862194,median_across_seeds,kge,structural,,3.0,median_across_seeds
12073500,dPL-MLP,train,CN-TGD,0.02425301953131498,median_across_seeds,kge,structural,,3.0,median_across_seeds
12073500,dPL-MLP,train,TGD-Base,-0.039404777091794574,median_across_seeds,kge,structural,,3.0,median_across_seeds
12082500,dPL-MLP,test,CN-Base,0.11580900720571219,median_across_seeds,kge,structural,,3.0,median_across_seeds
12082500,dPL-MLP,test,CN-TGD,0.0868547741518596,median_across_seeds,kge,structural,,3.0,median_across_seeds
12082500,dPL-MLP,test,TGD-Base,0.03396333119210415,median_across_seeds,kge,structural,,3.0,median_across_seeds
12082500,dPL-MLP,train,CN-Base,0.08342122285023856,median_across_seeds,kge,structural,,3.0,median_across_seeds
12082500,dPL-MLP,train,CN-TGD,0.051191975183564664,median_across_seeds,kge,structural,,3.0,median_across_seeds
12082500,dPL-MLP,train,TGD-Base,0.03287927374932176,median_across_seeds,kge,structural,,3.0,median_across_seeds
12092000,dPL-MLP,test,CN-Base,0.1698693995819781,median_across_seeds,kge,structural,,3.0,median_across_seeds
12092000,dPL-MLP,test,CN-TGD,0.1446143351977428,median_across_seeds,kge,structural,,3.0,median_across_seeds
12092000,dPL-MLP,test,TGD-Base,0.025255064384235304,median_across_seeds,kge,structural,,3.0,median_across_seeds
12092000,dPL-MLP,train,CN-Base,0.07189513754669696,median_across_seeds,kge,structural,,3.0,median_across_seeds
12092000,dPL-MLP,train,CN-TGD,0.057308136697339584,median_across_seeds,kge,structural,,3.0,median_across_seeds
12092000,dPL-MLP,train,TGD-Base,0.01586504530754862,median_across_seeds,kge,structural,,3.0,median_across_seeds
12114500,dPL-MLP,test,CN-Base,0.21770958491578196,median_across_seeds,kge,structural,,3.0,median_across_seeds
12114500,dPL-MLP,test,CN-TGD,0.17646192374016412,median_across_seeds,kge,structural,,3.0,median_across_seeds
12114500,dPL-MLP,test,TGD-Base,0.039262011641743255,median_across_seeds,kge,structural,,3.0,median_across_seeds
12114500,dPL-MLP,train,CN-Base,0.14105233985419718,median_across_seeds,kge,structural,,3.0,median_across_seeds
12114500,dPL-MLP,train,CN-TGD,0.09183136367922473,median_across_seeds,kge,structural,,3.0,median_across_seeds
12114500,dPL-MLP,train,TGD-Base,0.04379274872128147,median_across_seeds,kge,structural,,3.0,median_across_seeds
12115000,dPL-MLP,test,CN-Base,0.14499755265429892,median_across_seeds,kge,structural,,3.0,median_across_seeds
12115000,dPL-MLP,test,CN-TGD,0.11136660363498618,median_across_seeds,kge,structural,,3.0,median_across_seeds
12115000,dPL-MLP,test,TGD-Base,0.036454550705076305,median_across_seeds,kge,structural,,3.0,median_across_seeds
12115000,dPL-MLP,train,CN-Base,0.08108533822839514,median_across_seeds,kge,structural,,3.0,median_across_seeds
12115000,dPL-MLP,train,CN-TGD,0.04873435832290307,median_across_seeds,kge,structural,,3.0,median_across_seeds
12115000,dPL-MLP,train,TGD-Base,0.027571775014602062,median_across_seeds,kge,structural,,3.0,median_across_seeds
12117000,dPL-MLP,test,CN-Base,0.0035073080604132167,median_across_seeds,kge,structural,,3.0,median_across_seeds
12117000,dPL-MLP,test,CN-TGD,0.009480477786558805,median_across_seeds,kge,structural,,3.0,median_across_seeds
12117000,dPL-MLP,test,TGD-Base,-0.0036864623487308235,median_across_seeds,kge,structural,,3.0,median_across_seeds
12117000,dPL-MLP,train,CN-Base,0.014547649589391254,median_across_seeds,kge,structural,,3.0,median_across_seeds
12117000,dPL-MLP,train,CN-TGD,0.007074345593234943,median_across_seeds,kge,structural,,3.0,median_across_seeds
12117000,dPL-MLP,train,TGD-Base,0.008072666452678012,median_across_seeds,kge,structural,,3.0,median_across_seeds
12143600,dPL-MLP,test,CN-Base,0.13342040728107063,median_across_seeds,kge,structural,,3.0,median_across_seeds
12143600,dPL-MLP,test,CN-TGD,0.07723968327686648,median_across_seeds,kge,structural,,3.0,median_across_seeds
12143600,dPL-MLP,test,TGD-Base,0.04259292700443995,median_across_seeds,kge,structural,,3.0,median_across_seeds
12143600,dPL-MLP,train,CN-Base,0.12078225034492152,median_across_seeds,kge,structural,,3.0,median_across_seeds
12143600,dPL-MLP,train,CN-TGD,0.08091574923518574,median_across_seeds,kge,structural,,3.0,median_across_seeds
12143600,dPL-MLP,train,TGD-Base,0.03523870080211389,median_across_seeds,kge,structural,,3.0,median_across_seeds
12144000,dPL-MLP,test,CN-Base,0.0936150157536283,median_across_seeds,kge,structural,,3.0,median_across_seeds
12144000,dPL-MLP,test,CN-TGD,0.05111500953279047,median_across_seeds,kge,structural,,3.0,median_across_seeds
12144000,dPL-MLP,test,TGD-Base,0.03965320238570913,median_across_seeds,kge,structural,,3.0,median_across_seeds
12144000,dPL-MLP,train,CN-Base,0.10380536711494415,median_across_seeds,kge,structural,,3.0,median_across_seeds
12144000,dPL-MLP,train,CN-TGD,0.0746845109719243,median_across_seeds,kge,structural,,3.0,median_across_seeds
12144000,dPL-MLP,train,TGD-Base,0.026241944928668492,median_across_seeds,kge,structural,,3.0,median_across_seeds
12145500,dPL-MLP,test,CN-Base,0.011267268105853767,median_across_seeds,kge,structural,,3.0,median_across_seeds
12145500,dPL-MLP,test,CN-TGD,0.007924566339728822,median_across_seeds,kge,structural,,3.0,median_across_seeds
12145500,dPL-MLP,test,TGD-Base,0.0033427017661249447,median_across_seeds,kge,structural,,3.0,median_across_seeds
12145500,dPL-MLP,train,CN-Base,0.009665945797239783,median_across_seeds,kge,structural,,3.0,median_across_seeds
12145500,dPL-MLP,train,CN-TGD,0.0032144710147917754,median_across_seeds,kge,structural,,3.0,median_across_seeds
12145500,dPL-MLP,train,TGD-Base,0.006451474782448008,median_across_seeds,kge,structural,,3.0,median_across_seeds
12147500,dPL-MLP,test,CN-Base,0.015119226027457633,median_across_seeds,kge,structural,,3.0,median_across_seeds
12147500,dPL-MLP,test,CN-TGD,-0.005756493325925316,median_across_seeds,kge,structural,,3.0,median_across_seeds
12147500,dPL-MLP,test,TGD-Base,0.019308935530216176,median_across_seeds,kge,structural,,3.0,median_across_seeds
12147500,dPL-MLP,train,CN-Base,0.04980544954547428,median_across_seeds,kge,structural,,3.0,median_across_seeds
12147500,dPL-MLP,train,CN-TGD,0.02994610299175049,median_across_seeds,kge,structural,,3.0,median_across_seeds
12147500,dPL-MLP,train,TGD-Base,0.01985934655372379,median_across_seeds,kge,structural,,3.0,median_across_seeds
12167000,dPL-MLP,test,CN-Base,0.03766348959245702,median_across_seeds,kge,structural,,3.0,median_across_seeds
12167000,dPL-MLP,test,CN-TGD,0.028306069217150953,median_across_seeds,kge,structural,,3.0,median_across_seeds
12167000,dPL-MLP,test,TGD-Base,0.0051194407300045874,median_across_seeds,kge,structural,,3.0,median_across_seeds
12167000,dPL-MLP,train,CN-Base,0.03510522374811742,median_across_seeds,kge,structural,,3.0,median_across_seeds
12167000,dPL-MLP,train,CN-TGD,0.012697793986740202,median_across_seeds,kge,structural,,3.0,median_across_seeds
12167000,dPL-MLP,train,TGD-Base,0.02402246262126362,median_across_seeds,kge,structural,,3.0,median_across_seeds
12175500,dPL-MLP,test,CN-Base,0.5166090438080775,median_across_seeds,kge,structural,,3.0,median_across_seeds
12175500,dPL-MLP,test,CN-TGD,0.6071460928243615,median_across_seeds,kge,structural,,3.0,median_across_seeds
12175500,dPL-MLP,test,TGD-Base,-0.0920831314062128,median_across_seeds,kge,structural,,3.0,median_across_seeds
12175500,dPL-MLP,train,CN-Base,0.6607510655289819,median_across_seeds,kge,structural,,3.0,median_across_seeds
12175500,dPL-MLP,train,CN-TGD,0.46607825022981525,median_across_seeds,kge,structural,,3.0,median_across_seeds
12175500,dPL-MLP,train,TGD-Base,0.19206507337085368,median_across_seeds,kge,structural,,3.0,median_across_seeds
12178100,dPL-MLP,test,CN-Base,0.2602117686117411,median_across_seeds,kge,structural,,3.0,median_across_seeds
12178100,dPL-MLP,test,CN-TGD,0.21611982446973388,median_across_seeds,kge,structural,,3.0,median_across_seeds
12178100,dPL-MLP,test,TGD-Base,0.03516651798588144,median_across_seeds,kge,structural,,3.0,median_across_seeds
12178100,dPL-MLP,train,CN-Base,0.2929238295570933,median_across_seeds,kge,structural,,3.0,median_across_seeds
12178100,dPL-MLP,train,CN-TGD,0.23245279135390506,median_across_seeds,kge,structural,,3.0,median_across_seeds
12178100,dPL-MLP,train,TGD-Base,0.044642031609690935,median_across_seeds,kge,structural,,3.0,median_across_seeds
12186000,dPL-MLP,test,CN-Base,0.1759004255012,median_across_seeds,kge,structural,,3.0,median_across_seeds
12186000,dPL-MLP,test,CN-TGD,0.1430966831711189,median_across_seeds,kge,structural,,3.0,median_across_seeds
12186000,dPL-MLP,test,TGD-Base,0.030591856142061502,median_across_seeds,kge,structural,,3.0,median_across_seeds
12186000,dPL-MLP,train,CN-Base,0.16534702629112707,median_across_seeds,kge,structural,,3.0,median_across_seeds
12186000,dPL-MLP,train,CN-TGD,0.11842215680637025,median_across_seeds,kge,structural,,3.0,median_across_seeds
12186000,dPL-MLP,train,TGD-Base,0.03698015771340013,median_across_seeds,kge,structural,,3.0,median_across_seeds
12189500,dPL-MLP,test,CN-Base,0.1584847896245476,median_across_seeds,kge,structural,,3.0,median_across_seeds
12189500,dPL-MLP,test,CN-TGD,0.1252564885866203,median_across_seeds,kge,structural,,3.0,median_across_seeds
12189500,dPL-MLP,test,TGD-Base,0.03262183776889782,median_across_seeds,kge,structural,,3.0,median_across_seeds
12189500,dPL-MLP,train,CN-Base,0.13354193383042579,median_across_seeds,kge,structural,,3.0,median_across_seeds
12189500,dPL-MLP,train,CN-TGD,0.08844608928854425,median_across_seeds,kge,structural,,3.0,median_across_seeds
12189500,dPL-MLP,train,TGD-Base,0.04097757484111919,median_across_seeds,kge,structural,,3.0,median_across_seeds
12375900,dPL-MLP,test,CN-Base,0.78373391680366,median_across_seeds,kge,structural,,3.0,median_across_seeds
12375900,dPL-MLP,test,CN-TGD,0.30116688186433493,median_across_seeds,kge,structural,,3.0,median_across_seeds
12375900,dPL-MLP,test,TGD-Base,0.4813779701638826,median_across_seeds,kge,structural,,3.0,median_across_seeds
12375900,dPL-MLP,train,CN-Base,0.9073809996369744,median_across_seeds,kge,structural,,3.0,median_across_seeds
12375900,dPL-MLP,train,CN-TGD,0.3591140401132243,median_across_seeds,kge,structural,,3.0,median_across_seeds
12375900,dPL-MLP,train,TGD-Base,0.5427694766686028,median_across_seeds,kge,structural,,3.0,median_across_seeds
12377150,dPL-MLP,test,CN-Base,0.8883457673495324,median_across_seeds,kge,structural,,3.0,median_across_seeds
12377150,dPL-MLP,test,CN-TGD,0.4247184559418768,median_across_seeds,kge,structural,,3.0,median_across_seeds
12377150,dPL-MLP,test,TGD-Base,0.45865491105173756,median_across_seeds,kge,structural,,3.0,median_across_seeds
12377150,dPL-MLP,train,CN-Base,0.9231882634731882,median_across_seeds,kge,structural,,3.0,median_across_seeds
12377150,dPL-MLP,train,CN-TGD,0.44840699511458093,median_across_seeds,kge,structural,,3.0,median_across_seeds
12377150,dPL-MLP,train,TGD-Base,0.4656981035361496,median_across_seeds,kge,structural,,3.0,median_across_seeds
12381400,dPL-MLP,test,CN-Base,0.6724186540548376,median_across_seeds,kge,structural,,3.0,median_across_seeds
12381400,dPL-MLP,test,CN-TGD,0.0727273565145301,median_across_seeds,kge,structural,,3.0,median_across_seeds
12381400,dPL-MLP,test,TGD-Base,0.6089988925572182,median_across_seeds,kge,structural,,3.0,median_across_seeds
12381400,dPL-MLP,train,CN-Base,0.6474445705871906,median_across_seeds,kge,structural,,3.0,median_across_seeds
12381400,dPL-MLP,train,CN-TGD,0.045169198016666634,median_across_seeds,kge,structural,,3.0,median_across_seeds
12381400,dPL-MLP,train,TGD-Base,0.5993517599640387,median_across_seeds,kge,structural,,3.0,median_across_seeds
12383500,dPL-MLP,test,CN-Base,0.5321938286090967,median_across_seeds,kge,structural,,3.0,median_across_seeds
12383500,dPL-MLP,test,CN-TGD,-0.003464430364297111,median_across_seeds,kge,structural,,3.0,median_across_seeds
12383500,dPL-MLP,test,TGD-Base,0.5327041218111166,median_across_seeds,kge,structural,,3.0,median_across_seeds
12383500,dPL-MLP,train,CN-Base,0.5025052602785982,median_across_seeds,kge,structural,,3.0,median_across_seeds
12383500,dPL-MLP,train,CN-TGD,-0.08077084533548962,median_across_seeds,kge,structural,,3.0,median_across_seeds
12383500,dPL-MLP,train,TGD-Base,0.5832761056140878,median_across_seeds,kge,structural,,3.0,median_across_seeds
12390700,dPL-MLP,test,CN-Base,0.44573719540978374,median_across_seeds,kge,structural,,3.0,median_across_seeds
12390700,dPL-MLP,test,CN-TGD,0.09973484953235401,median_across_seeds,kge,structural,,3.0,median_across_seeds
12390700,dPL-MLP,test,TGD-Base,0.34600234587742973,median_across_seeds,kge,structural,,3.0,median_across_seeds
12390700,dPL-MLP,train,CN-Base,0.39448496098224156,median_across_seeds,kge,structural,,3.0,median_across_seeds
12390700,dPL-MLP,train,CN-TGD,0.012644195469902808,median_across_seeds,kge,structural,,3.0,median_across_seeds
12390700,dPL-MLP,train,TGD-Base,0.4046930574266375,median_across_seeds,kge,structural,,3.0,median_across_seeds
12411000,dPL-MLP,test,CN-Base,0.4954556287972066,median_across_seeds,kge,structural,,3.0,median_across_seeds
12411000,dPL-MLP,test,CN-TGD,0.13623185138130667,median_across_seeds,kge,structural,,3.0,median_across_seeds
12411000,dPL-MLP,test,TGD-Base,0.36106498487502026,median_across_seeds,kge,structural,,3.0,median_across_seeds
12411000,dPL-MLP,train,CN-Base,0.4019801111911807,median_across_seeds,kge,structural,,3.0,median_across_seeds
12411000,dPL-MLP,train,CN-TGD,0.09359386037521533,median_across_seeds,kge,structural,,3.0,median_across_seeds
12411000,dPL-MLP,train,TGD-Base,0.31043211885494276,median_across_seeds,kge,structural,,3.0,median_across_seeds
12447390,dPL-MLP,test,CN-Base,0.7504991353524507,median_across_seeds,kge,structural,,3.0,median_across_seeds
12447390,dPL-MLP,test,CN-TGD,0.10127375060918498,median_across_seeds,kge,structural,,3.0,median_across_seeds
12447390,dPL-MLP,test,TGD-Base,0.6169229910322456,median_across_seeds,kge,structural,,3.0,median_across_seeds
12447390,dPL-MLP,train,CN-Base,0.8848158108619106,median_across_seeds,kge,structural,,3.0,median_across_seeds
12447390,dPL-MLP,train,CN-TGD,0.19092695030647122,median_across_seeds,kge,structural,,3.0,median_across_seeds
12447390,dPL-MLP,train,TGD-Base,0.6942779118782237,median_across_seeds,kge,structural,,3.0,median_across_seeds
12451000,dPL-MLP,test,CN-Base,0.7934061011466423,median_across_seeds,kge,structural,,3.0,median_across_seeds
12451000,dPL-MLP,test,CN-TGD,0.36430629431964806,median_across_seeds,kge,structural,,3.0,median_across_seeds
12451000,dPL-MLP,test,TGD-Base,0.4138207913392646,median_across_seeds,kge,structural,,3.0,median_across_seeds
12451000,dPL-MLP,train,CN-Base,0.8552117744313864,median_across_seeds,kge,structural,,3.0,median_across_seeds
12451000,dPL-MLP,train,CN-TGD,0.2895343739287177,median_across_seeds,kge,structural,,3.0,median_across_seeds
12451000,dPL-MLP,train,TGD-Base,0.5663922582965281,median_across_seeds,kge,structural,,3.0,median_across_seeds
12488500,dPL-MLP,test,CN-Base,0.4863847101162622,median_across_seeds,kge,structural,,3.0,median_across_seeds
12488500,dPL-MLP,test,CN-TGD,0.1676647871670599,median_across_seeds,kge,structural,,3.0,median_across_seeds
12488500,dPL-MLP,test,TGD-Base,0.3202990230964523,median_across_seeds,kge,structural,,3.0,median_across_seeds
12488500,dPL-MLP,train,CN-Base,0.44712675871532676,median_across_seeds,kge,structural,,3.0,median_across_seeds
12488500,dPL-MLP,train,CN-TGD,0.037565489620710824,median_across_seeds,kge,structural,,3.0,median_across_seeds
12488500,dPL-MLP,train,TGD-Base,0.4112138922471415,median_across_seeds,kge,structural,,3.0,median_across_seeds
13011500,dPL-MLP,test,CN-Base,0.7471406610252058,median_across_seeds,kge,structural,,3.0,median_across_seeds
13011500,dPL-MLP,test,CN-TGD,0.11270689337871342,median_across_seeds,kge,structural,,3.0,median_across_seeds
13011500,dPL-MLP,test,TGD-Base,0.6371903238242569,median_across_seeds,kge,structural,,3.0,median_across_seeds
13011500,dPL-MLP,train,CN-Base,0.8960546335829817,median_across_seeds,kge,structural,,3.0,median_across_seeds
13011500,dPL-MLP,train,CN-TGD,0.11397383612785483,median_across_seeds,kge,structural,,3.0,median_across_seeds
13011500,dPL-MLP,train,TGD-Base,0.7824437477018467,median_across_seeds,kge,structural,,3.0,median_across_seeds
13011900,dPL-MLP,test,CN-Base,0.8599705706974532,median_across_seeds,kge,structural,,3.0,median_across_seeds
13011900,dPL-MLP,test,CN-TGD,0.14416449741348503,median_across_seeds,kge,structural,,3.0,median_across_seeds
13011900,dPL-MLP,test,TGD-Base,0.7131172255602625,median_across_seeds,kge,structural,,3.0,median_across_seeds
13011900,dPL-MLP,train,CN-Base,0.8387321169905728,median_across_seeds,kge,structural,,3.0,median_across_seeds
13011900,dPL-MLP,train,CN-TGD,0.005677464344133187,median_across_seeds,kge,structural,,3.0,median_across_seeds
13011900,dPL-MLP,train,TGD-Base,0.8330546526464396,median_across_seeds,kge,structural,,3.0,median_across_seeds
13018300,dPL-MLP,test,CN-Base,0.7469194999717809,median_across_seeds,kge,structural,,3.0,median_across_seeds
13018300,dPL-MLP,test,CN-TGD,0.07437914580834781,median_across_seeds,kge,structural,,3.0,median_across_seeds
13018300,dPL-MLP,test,TGD-Base,0.6668393353679645,median_across_seeds,kge,structural,,3.0,median_across_seeds
13018300,dPL-MLP,train,CN-Base,0.7288513773111279,median_across_seeds,kge,structural,,3.0,median_across_seeds
13018300,dPL-MLP,train,CN-TGD,0.04527256884079167,median_across_seeds,kge,structural,,3.0,median_across_seeds
13018300,dPL-MLP,train,TGD-Base,0.6777102659056781,median_across_seeds,kge,structural,,3.0,median_across_seeds
13023000,dPL-MLP,test,CN-Base,0.6531679362440937,median_across_seeds,kge,structural,,3.0,median_across_seeds
13023000,dPL-MLP,test,CN-TGD,-0.02763319582084245,median_across_seeds,kge,structural,,3.0,median_across_seeds
13023000,dPL-MLP,test,TGD-Base,0.6808011320649362,median_across_seeds,kge,structural,,3.0,median_across_seeds
13023000,dPL-MLP,train,CN-Base,0.6912467537340574,median_across_seeds,kge,structural,,3.0,median_across_seeds
13023000,dPL-MLP,train,CN-TGD,0.020045712800075055,median_across_seeds,kge,structural,,3.0,median_across_seeds
13023000,dPL-MLP,train,TGD-Base,0.6689001421669856,median_across_seeds,kge,structural,,3.0,median_across_seeds
13161500,dPL-MLP,test,CN-Base,0.39356743944264433,median_across_seeds,kge,structural,,3.0,median_across_seeds
13161500,dPL-MLP,test,CN-TGD,0.11993402491516814,median_across_seeds,kge,structural,,3.0,median_across_seeds
13161500,dPL-MLP,test,TGD-Base,0.2736334145274762,median_across_seeds,kge,structural,,3.0,median_across_seeds
13161500,dPL-MLP,train,CN-Base,0.2745841827372688,median_across_seeds,kge,structural,,3.0,median_across_seeds
13161500,dPL-MLP,train,CN-TGD,-0.04914143600725185,median_across_seeds,kge,structural,,3.0,median_across_seeds
13161500,dPL-MLP,train,TGD-Base,0.32372561874452066,median_across_seeds,kge,structural,,3.0,median_across_seeds
13235000,dPL-MLP,test,CN-Base,0.66301052386216,median_across_seeds,kge,structural,,3.0,median_across_seeds
13235000,dPL-MLP,test,CN-TGD,0.10502330499713652,median_across_seeds,kge,structural,,3.0,median_across_seeds
13235000,dPL-MLP,test,TGD-Base,0.5588355298982094,median_across_seeds,kge,structural,,3.0,median_across_seeds
13235000,dPL-MLP,train,CN-Base,0.655039104101072,median_across_seeds,kge,structural,,3.0,median_across_seeds
13235000,dPL-MLP,train,CN-TGD,0.005464338509034383,median_across_seeds,kge,structural,,3.0,median_across_seeds
13235000,dPL-MLP,train,TGD-Base,0.6498637026295986,median_across_seeds,kge,structural,,3.0,median_across_seeds
13240000,dPL-MLP,test,CN-Base,0.7958672185866406,median_across_seeds,kge,structural,,3.0,median_across_seeds
13240000,dPL-MLP,test,CN-TGD,0.25604313899761033,median_across_seeds,kge,structural,,3.0,median_across_seeds
13240000,dPL-MLP,test,TGD-Base,0.5306878632220141,median_across_seeds,kge,structural,,3.0,median_across_seeds
13240000,dPL-MLP,train,CN-Base,0.8934876207046334,median_across_seeds,kge,structural,,3.0,median_across_seeds
13240000,dPL-MLP,train,CN-TGD,0.15225975356151733,median_across_seeds,kge,structural,,3.0,median_across_seeds
13240000,dPL-MLP,train,TGD-Base,0.7412278671431161,median_across_seeds,kge,structural,,3.0,median_across_seeds
13313000,dPL-MLP,test,CN-Base,0.6675252546654918,median_across_seeds,kge,structural,,3.0,median_across_seeds
13313000,dPL-MLP,test,CN-TGD,0.043768179605891966,median_across_seeds,kge,structural,,3.0,median_across_seeds
13313000,dPL-MLP,test,TGD-Base,0.6293812850004308,median_across_seeds,kge,structural,,3.0,median_across_seeds
13313000,dPL-MLP,train,CN-Base,0.6160443996030704,median_across_seeds,kge,structural,,3.0,median_across_seeds
13313000,dPL-MLP,train,CN-TGD,-0.03751587698410075,median_across_seeds,kge,structural,,3.0,median_across_seeds
13313000,dPL-MLP,train,TGD-Base,0.6759040351406927,median_across_seeds,kge,structural,,3.0,median_across_seeds
13331500,dPL-MLP,test,CN-Base,0.5916676530614151,median_across_seeds,kge,structural,,3.0,median_across_seeds
13331500,dPL-MLP,test,CN-TGD,0.16725827692046513,median_across_seeds,kge,structural,,3.0,median_across_seeds
13331500,dPL-MLP,test,TGD-Base,0.4244093761409499,median_across_seeds,kge,structural,,3.0,median_across_seeds
13331500,dPL-MLP,train,CN-Base,0.6283181898373643,median_across_seeds,kge,structural,,3.0,median_across_seeds
13331500,dPL-MLP,train,CN-TGD,0.09626910106851405,median_across_seeds,kge,structural,,3.0,median_across_seeds
13331500,dPL-MLP,train,TGD-Base,0.5320490887688503,median_across_seeds,kge,structural,,3.0,median_across_seeds
14020000,dPL-MLP,test,CN-Base,0.2147277169722448,median_across_seeds,kge,structural,,3.0,median_across_seeds
14020000,dPL-MLP,test,CN-TGD,0.1456726275133594,median_across_seeds,kge,structural,,3.0,median_across_seeds
14020000,dPL-MLP,test,TGD-Base,0.07008849629080416,median_across_seeds,kge,structural,,3.0,median_across_seeds
14020000,dPL-MLP,train,CN-Base,0.15280716850787612,median_across_seeds,kge,structural,,3.0,median_across_seeds
14020000,dPL-MLP,train,CN-TGD,0.05043055045019473,median_across_seeds,kge,structural,,3.0,median_across_seeds
14020000,dPL-MLP,train,TGD-Base,0.09520417857618835,median_across_seeds,kge,structural,,3.0,median_across_seeds
14096850,dPL-MLP,test,CN-Base,-0.3076077233680658,median_across_seeds,kge,structural,,3.0,median_across_seeds
14096850,dPL-MLP,test,CN-TGD,-0.010042475506784387,median_across_seeds,kge,structural,,3.0,median_across_seeds
14096850,dPL-MLP,test,TGD-Base,-0.2975652478612814,median_across_seeds,kge,structural,,3.0,median_across_seeds
14096850,dPL-MLP,train,CN-Base,-0.25544762282954314,median_across_seeds,kge,structural,,3.0,median_across_seeds
14096850,dPL-MLP,train,CN-TGD,-0.3150307175906705,median_across_seeds,kge,structural,,3.0,median_across_seeds
14096850,dPL-MLP,train,TGD-Base,0.14835713323360034,median_across_seeds,kge,structural,,3.0,median_across_seeds
14137000,dPL-MLP,test,CN-Base,0.01572512412853566,median_across_seeds,kge,structural,,3.0,median_across_seeds
14137000,dPL-MLP,test,CN-TGD,-0.0019379034111087767,median_across_seeds,kge,structural,,3.0,median_across_seeds
14137000,dPL-MLP,test,TGD-Base,0.01636407568126863,median_across_seeds,kge,structural,,3.0,median_across_seeds
14137000,dPL-MLP,train,CN-Base,-0.007520602787486341,median_across_seeds,kge,structural,,3.0,median_across_seeds
14137000,dPL-MLP,train,CN-TGD,-0.048551233188354526,median_across_seeds,kge,structural,,3.0,median_across_seeds
14137000,dPL-MLP,train,TGD-Base,0.0464779362271861,median_across_seeds,kge,structural,,3.0,median_across_seeds
14138800,dPL-MLP,test,CN-Base,0.036171622194454134,median_across_seeds,kge,structural,,3.0,median_across_seeds
14138800,dPL-MLP,test,CN-TGD,0.004985697734646077,median_across_seeds,kge,structural,,3.0,median_across_seeds
14138800,dPL-MLP,test,TGD-Base,0.03124389618288037,median_across_seeds,kge,structural,,3.0,median_across_seeds
14138800,dPL-MLP,train,CN-Base,0.0025459422868491233,median_across_seeds,kge,structural,,3.0,median_across_seeds
14138800,dPL-MLP,train,CN-TGD,-0.029051138269299726,median_across_seeds,kge,structural,,3.0,median_across_seeds
14138800,dPL-MLP,train,TGD-Base,0.03466789579134466,median_across_seeds,kge,structural,,3.0,median_across_seeds
14138870,dPL-MLP,test,CN-Base,0.02961910672394885,median_across_seeds,kge,structural,,3.0,median_across_seeds
14138870,dPL-MLP,test,CN-TGD,0.008881399613215102,median_across_seeds,kge,structural,,3.0,median_across_seeds
14138870,dPL-MLP,test,TGD-Base,0.023487305828614247,median_across_seeds,kge,structural,,3.0,median_across_seeds
14138870,dPL-MLP,train,CN-Base,0.0022892891812187344,median_across_seeds,kge,structural,,3.0,median_across_seeds
14138870,dPL-MLP,train,CN-TGD,-0.021182620621539194,median_across_seeds,kge,structural,,3.0,median_across_seeds
14138870,dPL-MLP,train,TGD-Base,0.025283143671227193,median_across_seeds,kge,structural,,3.0,median_across_seeds
14138900,dPL-MLP,test,CN-Base,0.007884496220414094,median_across_seeds,kge,structural,,3.0,median_across_seeds
14138900,dPL-MLP,test,CN-TGD,-0.005458332500152152,median_across_seeds,kge,structural,,3.0,median_across_seeds
14138900,dPL-MLP,test,TGD-Base,0.012551286826642194,median_across_seeds,kge,structural,,3.0,median_across_seeds
14138900,dPL-MLP,train,CN-Base,0.002052269131552875,median_across_seeds,kge,structural,,3.0,median_across_seeds
14138900,dPL-MLP,train,CN-TGD,-0.01964521084241877,median_across_seeds,kge,structural,,3.0,median_across_seeds
14138900,dPL-MLP,train,TGD-Base,0.017178865389700926,median_across_seeds,kge,structural,,3.0,median_across_seeds
14139800,dPL-MLP,test,CN-Base,0.013937405179097917,median_across_seeds,kge,structural,,3.0,median_across_seeds
14139800,dPL-MLP,test,CN-TGD,0.0017156764928061286,median_across_seeds,kge,structural,,3.0,median_across_seeds
14139800,dPL-MLP,test,TGD-Base,0.01566770350086133,median_across_seeds,kge,structural,,3.0,median_across_seeds
14139800,dPL-MLP,train,CN-Base,-0.0006493564877984026,median_across_seeds,kge,structural,,3.0,median_across_seeds
14139800,dPL-MLP,train,CN-TGD,-0.016188551379065608,median_across_seeds,kge,structural,,3.0,median_across_seeds
14139800,dPL-MLP,train,TGD-Base,0.017837591386943408,median_across_seeds,kge,structural,,3.0,median_across_seeds
14141500,dPL-MLP,test,CN-Base,0.02441390716832126,median_across_seeds,kge,structural,,3.0,median_across_seeds
14141500,dPL-MLP,test,CN-TGD,0.007831203423939725,median_across_seeds,kge,structural,,3.0,median_across_seeds
14141500,dPL-MLP,test,TGD-Base,0.01242815737507208,median_across_seeds,kge,structural,,3.0,median_across_seeds
14141500,dPL-MLP,train,CN-Base,0.0355069606771492,median_across_seeds,kge,structural,,3.0,median_across_seeds
14141500,dPL-MLP,train,CN-TGD,0.01325669908973004,median_across_seeds,kge,structural,,3.0,median_across_seeds
14141500,dPL-MLP,train,TGD-Base,0.02619324176732518,median_across_seeds,kge,structural,,3.0,median_across_seeds
14154500,dPL-MLP,test,CN-Base,0.02325942119570501,median_across_seeds,kge,structural,,3.0,median_across_seeds
14154500,dPL-MLP,test,CN-TGD,0.010827172961180964,median_across_seeds,kge,structural,,3.0,median_across_seeds
14154500,dPL-MLP,test,TGD-Base,0.012432248234524046,median_across_seeds,kge,structural,,3.0,median_across_seeds
14154500,dPL-MLP,train,CN-Base,0.032063612566864075,median_across_seeds,kge,structural,,3.0,median_across_seeds
14154500,dPL-MLP,train,CN-TGD,0.013258957493438639,median_across_seeds,kge,structural,,3.0,median_across_seeds
14154500,dPL-MLP,train,TGD-Base,0.01944650487197319,median_across_seeds,kge,structural,,3.0,median_across_seeds
14158790,dPL-MLP,test,CN-Base,0.13067344495533406,median_across_seeds,kge,structural,,3.0,median_across_seeds
14158790,dPL-MLP,test,CN-TGD,0.10787622177691136,median_across_seeds,kge,structural,,3.0,median_across_seeds
14158790,dPL-MLP,test,TGD-Base,0.0227972231784227,median_across_seeds,kge,structural,,3.0,median_across_seeds
14158790,dPL-MLP,train,CN-Base,0.12005761854700392,median_across_seeds,kge,structural,,3.0,median_across_seeds
14158790,dPL-MLP,train,CN-TGD,0.09974283850591881,median_across_seeds,kge,structural,,3.0,median_across_seeds
14158790,dPL-MLP,train,TGD-Base,0.021167832837729827,median_across_seeds,kge,structural,,3.0,median_across_seeds
14166500,dPL-MLP,test,CN-Base,-0.015413982675563154,median_across_seeds,kge,structural,,3.0,median_across_seeds
14166500,dPL-MLP,test,CN-TGD,-0.012213030031470451,median_across_seeds,kge,structural,,3.0,median_across_seeds
14166500,dPL-MLP,test,TGD-Base,-0.0032009526440927027,median_across_seeds,kge,structural,,3.0,median_across_seeds
14166500,dPL-MLP,train,CN-Base,0.010888407192412353,median_across_seeds,kge,structural,,3.0,median_across_seeds
14166500,dPL-MLP,train,CN-TGD,0.002419170345281607,median_across_seeds,kge,structural,,3.0,median_across_seeds
14166500,dPL-MLP,train,TGD-Base,0.005278770828405999,median_across_seeds,kge,structural,,3.0,median_across_seeds
14182500,dPL-MLP,test,CN-Base,0.020341894771221947,median_across_seeds,kge,structural,,3.0,median_across_seeds
14182500,dPL-MLP,test,CN-TGD,0.017086099645522657,median_across_seeds,kge,structural,,3.0,median_across_seeds
14182500,dPL-MLP,test,TGD-Base,0.009280496148185602,median_across_seeds,kge,structural,,3.0,median_across_seeds
14182500,dPL-MLP,train,CN-Base,0.04132683559288175,median_across_seeds,kge,structural,,3.0,median_across_seeds
14182500,dPL-MLP,train,CN-TGD,0.034340597081668145,median_across_seeds,kge,structural,,3.0,median_across_seeds
14182500,dPL-MLP,train,TGD-Base,0.014794198429240568,median_across_seeds,kge,structural,,3.0,median_across_seeds
14185000,dPL-MLP,test,CN-Base,0.03175020663210126,median_across_seeds,kge,structural,,3.0,median_across_seeds
14185000,dPL-MLP,test,CN-TGD,0.0158218828790736,median_across_seeds,kge,structural,,3.0,median_across_seeds
14185000,dPL-MLP,test,TGD-Base,0.015023226590657024,median_across_seeds,kge,structural,,3.0,median_across_seeds
14185000,dPL-MLP,train,CN-Base,0.03374008017597385,median_across_seeds,kge,structural,,3.0,median_across_seeds
14185000,dPL-MLP,train,CN-TGD,0.014013831224280349,median_across_seeds,kge,structural,,3.0,median_across_seeds
14185000,dPL-MLP,train,TGD-Base,0.016317138719397883,median_across_seeds,kge,structural,,3.0,median_across_seeds
14185900,dPL-MLP,test,CN-Base,0.04860506779303009,median_across_seeds,kge,structural,,3.0,median_across_seeds
14185900,dPL-MLP,test,CN-TGD,0.033689884547337234,median_across_seeds,kge,structural,,3.0,median_across_seeds
14185900,dPL-MLP,test,TGD-Base,0.013521433912122127,median_across_seeds,kge,structural,,3.0,median_across_seeds
14185900,dPL-MLP,train,CN-Base,0.0466513997803244,median_across_seeds,kge,structural,,3.0,median_across_seeds
14185900,dPL-MLP,train,CN-TGD,0.03400771103984357,median_across_seeds,kge,structural,,3.0,median_across_seeds
14185900,dPL-MLP,train,TGD-Base,0.01979721928474254,median_across_seeds,kge,structural,,3.0,median_across_seeds
14187000,dPL-MLP,test,CN-Base,0.01665874540553114,median_across_seeds,kge,structural,,3.0,median_across_seeds
14187000,dPL-MLP,test,CN-TGD,0.013624927014572852,median_across_seeds,kge,structural,,3.0,median_across_seeds
14187000,dPL-MLP,test,TGD-Base,0.0039349053510779886,median_across_seeds,kge,structural,,3.0,median_across_seeds
14187000,dPL-MLP,train,CN-Base,0.025324843373915606,median_across_seeds,kge,structural,,3.0,median_across_seeds
14187000,dPL-MLP,train,CN-TGD,0.02063024437614669,median_across_seeds,kge,structural,,3.0,median_across_seeds
14187000,dPL-MLP,train,TGD-Base,0.004694598997768917,median_across_seeds,kge,structural,,3.0,median_across_seeds
14216500,dPL-MLP,test,CN-Base,0.09709565122360231,median_across_seeds,kge,structural,,3.0,median_across_seeds
14216500,dPL-MLP,test,CN-TGD,0.08120032276845213,median_across_seeds,kge,structural,,3.0,median_across_seeds
14216500,dPL-MLP,test,TGD-Base,0.01487022213690159,median_across_seeds,kge,structural,,3.0,median_across_seeds
14216500,dPL-MLP,train,CN-Base,0.10614396977534835,median_across_seeds,kge,structural,,3.0,median_across_seeds
14216500,dPL-MLP,train,CN-TGD,0.08919042662468268,median_across_seeds,kge,structural,,3.0,median_across_seeds
14216500,dPL-MLP,train,TGD-Base,0.0141073867482715,median_across_seeds,kge,structural,,3.0,median_across_seeds
14222500,dPL-MLP,test,CN-Base,0.008869125686964519,median_across_seeds,kge,structural,,3.0,median_across_seeds
14222500,dPL-MLP,test,CN-TGD,0.005635670183707364,median_across_seeds,kge,structural,,3.0,median_across_seeds
14222500,dPL-MLP,test,TGD-Base,0.0032334555032571544,median_across_seeds,kge,structural,,3.0,median_across_seeds
14222500,dPL-MLP,train,CN-Base,-0.012936656753982811,median_across_seeds,kge,structural,,3.0,median_across_seeds
14222500,dPL-MLP,train,CN-TGD,-0.01656583434067005,median_across_seeds,kge,structural,,3.0,median_across_seeds
14222500,dPL-MLP,train,TGD-Base,0.0085514545275307,median_across_seeds,kge,structural,,3.0,median_across_seeds
14236200,dPL-MLP,test,CN-Base,0.033364913669325924,median_across_seeds,kge,structural,,3.0,median_across_seeds
14236200,dPL-MLP,test,CN-TGD,0.024113003257952292,median_across_seeds,kge,structural,,3.0,median_across_seeds
14236200,dPL-MLP,test,TGD-Base,0.01287254602579413,median_across_seeds,kge,structural,,3.0,median_across_seeds
14236200,dPL-MLP,train,CN-Base,0.04432388684815103,median_across_seeds,kge,structural,,3.0,median_across_seeds
14236200,dPL-MLP,train,CN-TGD,0.0375540840235945,median_across_seeds,kge,structural,,3.0,median_across_seeds
14236200,dPL-MLP,train,TGD-Base,0.013577154289779347,median_across_seeds,kge,structural,,3.0,median_across_seeds
14301000,dPL-MLP,test,CN-Base,-0.01602152350773156,median_across_seeds,kge,structural,,3.0,median_across_seeds
14301000,dPL-MLP,test,CN-TGD,-0.016175376062587232,median_across_seeds,kge,structural,,3.0,median_across_seeds
14301000,dPL-MLP,test,TGD-Base,0.003867708140763537,median_across_seeds,kge,structural,,3.0,median_across_seeds
14301000,dPL-MLP,train,CN-Base,-0.029010718767678245,median_across_seeds,kge,structural,,3.0,median_across_seeds
14301000,dPL-MLP,train,CN-TGD,-0.02908732499042943,median_across_seeds,kge,structural,,3.0,median_across_seeds
14301000,dPL-MLP,train,TGD-Base,0.0008684107831212762,median_across_seeds,kge,structural,,3.0,median_across_seeds
14303200,dPL-MLP,test,CN-Base,0.014677322987645347,median_across_seeds,kge,structural,,3.0,median_across_seeds
14303200,dPL-MLP,test,CN-TGD,0.010682252719579455,median_across_seeds,kge,structural,,3.0,median_across_seeds
14303200,dPL-MLP,test,TGD-Base,0.005638778476109829,median_across_seeds,kge,structural,,3.0,median_across_seeds
14303200,dPL-MLP,train,CN-Base,0.000762204814753531,median_across_seeds,kge,structural,,3.0,median_across_seeds
14303200,dPL-MLP,train,CN-TGD,-0.008194680529867604,median_across_seeds,kge,structural,,3.0,median_across_seeds
14303200,dPL-MLP,train,TGD-Base,0.009034137411360388,median_across_seeds,kge,structural,,3.0,median_across_seeds
14305500,dPL-MLP,test,CN-Base,0.013119095706970896,median_across_seeds,kge,structural,,3.0,median_across_seeds
14305500,dPL-MLP,test,CN-TGD,0.02636154965805737,median_across_seeds,kge,structural,,3.0,median_across_seeds
14305500,dPL-MLP,test,TGD-Base,-0.016368096346006666,median_across_seeds,kge,structural,,3.0,median_across_seeds
14305500,dPL-MLP,train,CN-Base,0.03878979175527353,median_across_seeds,kge,structural,,3.0,median_across_seeds
14305500,dPL-MLP,train,CN-TGD,0.03351343871627033,median_across_seeds,kge,structural,,3.0,median_across_seeds
14305500,dPL-MLP,train,TGD-Base,0.0071094979234284095,median_across_seeds,kge,structural,,3.0,median_across_seeds
14306340,dPL-MLP,test,CN-Base,0.0008640012987759516,median_across_seeds,kge,structural,,3.0,median_across_seeds
14306340,dPL-MLP,test,CN-TGD,0.003157612755748218,median_across_seeds,kge,structural,,3.0,median_across_seeds
14306340,dPL-MLP,test,TGD-Base,-0.0074397932830814195,median_across_seeds,kge,structural,,3.0,median_across_seeds
14306340,dPL-MLP,train,CN-Base,0.0006546480433770041,median_across_seeds,kge,structural,,3.0,median_across_seeds
14306340,dPL-MLP,train,CN-TGD,-0.013568498216336433,median_across_seeds,kge,structural,,3.0,median_across_seeds
14306340,dPL-MLP,train,TGD-Base,0.00926396849843536,median_across_seeds,kge,structural,,3.0,median_across_seeds
14306500,dPL-MLP,test,CN-Base,-0.054155604269376934,median_across_seeds,kge,structural,,3.0,median_across_seeds
14306500,dPL-MLP,test,CN-TGD,-0.03862366564100517,median_across_seeds,kge,structural,,3.0,median_across_seeds
14306500,dPL-MLP,test,TGD-Base,0.004314905892767507,median_across_seeds,kge,structural,,3.0,median_across_seeds
14306500,dPL-MLP,train,CN-Base,-0.013702808889013651,median_across_seeds,kge,structural,,3.0,median_across_seeds
14306500,dPL-MLP,train,CN-TGD,-0.01583592432548564,median_across_seeds,kge,structural,,3.0,median_across_seeds
14306500,dPL-MLP,train,TGD-Base,0.0021331154364719884,median_across_seeds,kge,structural,,3.0,median_across_seeds
14308990,dPL-MLP,test,CN-Base,-0.01627965524746544,median_across_seeds,kge,structural,,3.0,median_across_seeds
14308990,dPL-MLP,test,CN-TGD,-0.012919832374918783,median_across_seeds,kge,structural,,3.0,median_across_seeds
14308990,dPL-MLP,test,TGD-Base,-0.002248476392197274,median_across_seeds,kge,structural,,3.0,median_across_seeds
14308990,dPL-MLP,train,CN-Base,-0.005813189247379391,median_across_seeds,kge,structural,,3.0,median_across_seeds
14308990,dPL-MLP,train,CN-TGD,0.006023532458667824,median_across_seeds,kge,structural,,3.0,median_across_seeds
14308990,dPL-MLP,train,TGD-Base,-0.008259371285202488,median_across_seeds,kge,structural,,3.0,median_across_seeds
14309500,dPL-MLP,test,CN-Base,-0.0026378698512277143,median_across_seeds,kge,structural,,3.0,median_across_seeds
14309500,dPL-MLP,test,CN-TGD,0.0037336016130699035,median_across_seeds,kge,structural,,3.0,median_across_seeds
14309500,dPL-MLP,test,TGD-Base,-0.006111021656181936,median_across_seeds,kge,structural,,3.0,median_across_seeds
14309500,dPL-MLP,train,CN-Base,0.011817981019155988,median_across_seeds,kge,structural,,3.0,median_across_seeds
14309500,dPL-MLP,train,CN-TGD,0.008294024112970533,median_across_seeds,kge,structural,,3.0,median_across_seeds
14309500,dPL-MLP,train,TGD-Base,0.002491603396497677,median_across_seeds,kge,structural,,3.0,median_across_seeds
14316700,dPL-MLP,test,CN-Base,0.04792318542644891,median_across_seeds,kge,structural,,3.0,median_across_seeds
14316700,dPL-MLP,test,CN-TGD,0.03233709168058607,median_across_seeds,kge,structural,,3.0,median_across_seeds
14316700,dPL-MLP,test,TGD-Base,0.015586093745862839,median_across_seeds,kge,structural,,3.0,median_across_seeds
14316700,dPL-MLP,train,CN-Base,0.06828984984492958,median_across_seeds,kge,structural,,3.0,median_across_seeds
14316700,dPL-MLP,train,CN-TGD,0.04027936320375036,median_across_seeds,kge,structural,,3.0,median_across_seeds
14316700,dPL-MLP,train,TGD-Base,0.0300160433767227,median_across_seeds,kge,structural,,3.0,median_across_seeds
14325000,dPL-MLP,test,CN-Base,0.002757339510014334,median_across_seeds,kge,structural,,3.0,median_across_seeds
14325000,dPL-MLP,test,CN-TGD,0.00909355274236856,median_across_seeds,kge,structural,,3.0,median_across_seeds
14325000,dPL-MLP,test,TGD-Base,0.0017062189154731788,median_across_seeds,kge,structural,,3.0,median_across_seeds
14325000,dPL-MLP,train,CN-Base,0.005625211212044623,median_across_seeds,kge,structural,,3.0,median_across_seeds
14325000,dPL-MLP,train,CN-TGD,0.009852383102803786,median_across_seeds,kge,structural,,3.0,median_across_seeds
14325000,dPL-MLP,train,TGD-Base,-5.3951369304305885e-06,median_across_seeds,kge,structural,,3.0,median_across_seeds
14362250,dPL-MLP,test,CN-Base,0.33546542540337354,median_across_seeds,kge,structural,,3.0,median_across_seeds
14362250,dPL-MLP,test,CN-TGD,0.14933917407624592,median_across_seeds,kge,structural,,3.0,median_across_seeds
14362250,dPL-MLP,test,TGD-Base,0.08272393045333121,median_across_seeds,kge,structural,,3.0,median_across_seeds
14362250,dPL-MLP,train,CN-Base,0.08276737223661812,median_across_seeds,kge,structural,,3.0,median_across_seeds
14362250,dPL-MLP,train,CN-TGD,0.049020495788687724,median_across_seeds,kge,structural,,3.0,median_across_seeds
14362250,dPL-MLP,train,TGD-Base,0.09098318253347892,median_across_seeds,kge,structural,,3.0,median_across_seeds
14400000,dPL-MLP,test,CN-Base,0.02493587621296256,median_across_seeds,kge,structural,,3.0,median_across_seeds
14400000,dPL-MLP,test,CN-TGD,0.026038082744371915,median_across_seeds,kge,structural,,3.0,median_across_seeds
14400000,dPL-MLP,test,TGD-Base,-0.0011022065314093554,median_across_seeds,kge,structural,,3.0,median_across_seeds
14400000,dPL-MLP,train,CN-Base,0.025358710248086336,median_across_seeds,kge,structural,,3.0,median_across_seeds
14400000,dPL-MLP,train,CN-TGD,0.022869541820920103,median_across_seeds,kge,structural,,3.0,median_across_seeds
14400000,dPL-MLP,train,TGD-Base,0.0024858897177902906,median_across_seeds,kge,structural,,3.0,median_across_seeds
