basin_id,regime,paradigm,period,frac_snow,snow_stratum,delta_KGE_Base_CN,delta_absCT_Base_CN,delta_absCT_TGD_CN,delta_KGE_TGD_CN,KGE_Base,KGE_CN,KGE_TGD,signed_e_Base,signed_e_TGD,signed_e_CN,abs_e_Base,abs_e_TGD,abs_e_CN,valid_year_count_Base,valid_year_count_TGD,valid_year_count_CN
01022500,IC-CMA-ES,IC-CMA-ES,test,0.245259009248271,S3,0.0777804945143028,16.0,-6.0,0.12586030799083392,0.7794957941438265,0.8572762886581293,0.7314159806672954,-25.0,3.0,9.0,25.0,3.0,9.0,15,15,15
01031500,IC-CMA-ES,IC-CMA-ES,test,0.291836473001958,S3,0.250553555585165,40.0,35.0,0.2028616345641009,0.6153475872020089,0.8659011427871739,0.663039508223073,-47.0,-42.0,7.0,47.0,42.0,7.0,15,15,15
01047000,IC-CMA-ES,IC-CMA-ES,test,0.280118126940736,S3,0.20638805966945883,27.0,-1.0,0.18640793349020768,0.6515678636299186,0.8579559232993774,0.6715479898091697,-35.0,7.0,8.0,35.0,7.0,8.0,15,15,15
01052500,IC-CMA-ES,IC-CMA-ES,test,0.352698254049326,S4,0.40507293166923164,31.0,-3.0,0.11531610347694443,0.4095471046534206,0.8146200363226522,0.6993039328457078,-38.0,4.0,7.0,38.0,4.0,7.0,15,15,15
01054200,IC-CMA-ES,IC-CMA-ES,test,0.299641539662879,S3,0.1902088948727536,39.0,22.0,0.13755872190817953,0.6217603253808823,0.8119692202536359,0.6744104983454564,-45.0,-28.0,6.0,45.0,28.0,6.0,15,15,15
01055000,IC-CMA-ES,IC-CMA-ES,test,0.306048851694867,S4,0.20709208568466753,30.0,21.0,0.15412773350015918,0.6000685653282836,0.8071606510129511,0.6530329175127919,-37.0,-28.0,7.0,37.0,28.0,7.0,15,15,15
01057000,IC-CMA-ES,IC-CMA-ES,test,0.251157672769098,S3,0.21484142531179473,31.0,21.0,0.11898280272727424,0.4768080506968684,0.6916494760086631,0.5726666732813889,-41.0,-31.0,10.0,41.0,31.0,10.0,15,15,15
01073000,IC-CMA-ES,IC-CMA-ES,test,0.17503243505174,S3,0.04746169687305912,10.0,-2.0,0.0007216664143494533,0.7520816024157924,0.7995432992888515,0.798821632874502,-19.0,-7.0,9.0,19.0,7.0,9.0,15,15,15
01078000,IC-CMA-ES,IC-CMA-ES,test,0.23971852199071,S3,0.17774805212698486,28.0,-6.0,0.12686166671804588,0.637360900891761,0.8151089530187459,0.6882472863007,-37.0,3.0,9.0,37.0,3.0,9.0,15,15,15
01123000,IC-CMA-ES,IC-CMA-ES,test,0.136053399026134,S2,5.997535278479127e-05,7.0,6.0,-0.011553175455772835,0.8436964824087728,0.8437564577615576,0.8553096332173304,-10.0,-9.0,3.0,10.0,9.0,3.0,15,15,15
01134500,IC-CMA-ES,IC-CMA-ES,test,0.280582089228151,S3,0.3379146266147556,-1.0,0.0,0.1429655590083646,0.5057963053142823,0.8437109319290379,0.7007453729206733,-9.0,10.0,10.0,9.0,10.0,10.0,15,15,15
01137500,IC-CMA-ES,IC-CMA-ES,test,0.301814975818189,S4,0.19009602423765792,26.0,-4.0,0.16972164815443957,0.6308620155509503,0.8209580397886083,0.6512363916341687,-35.0,5.0,9.0,35.0,5.0,9.0,15,15,15
01139000,IC-CMA-ES,IC-CMA-ES,test,0.246562671549799,S3,0.27527349660600364,2.0,-8.0,0.12586776896109153,0.5963586155718283,0.871632112177832,0.7457643432167405,-14.0,4.0,12.0,14.0,4.0,12.0,15,15,15
01139800,IC-CMA-ES,IC-CMA-ES,test,0.26232897318021,S3,0.3393427272661491,19.0,-2.0,0.019284498224656832,0.35872985349653363,0.6980725807626827,0.6787880825380259,-31.0,10.0,12.0,31.0,10.0,12.0,15,15,15
01142500,IC-CMA-ES,IC-CMA-ES,test,0.252307890542821,S3,0.31646046841174047,12.0,2.0,0.10210239286475609,0.5140060733769325,0.830466541788673,0.7283641489239169,-17.0,7.0,5.0,17.0,7.0,5.0,15,15,15
01144000,IC-CMA-ES,IC-CMA-ES,test,0.248466348504845,S3,0.28640832048990494,19.0,-4.0,0.08176879741080456,0.5419514502679313,0.8283597707578363,0.7465909733470317,-28.0,5.0,9.0,28.0,5.0,9.0,15,15,15
01162500,IC-CMA-ES,IC-CMA-ES,test,0.226769184680043,S3,0.11460283278682293,11.0,4.0,0.07265131646389678,0.7407922884552001,0.855395121242023,0.7827438047781262,-23.0,-16.0,12.0,23.0,16.0,12.0,15,15,15
01169000,IC-CMA-ES,IC-CMA-ES,test,0.238972605896079,S3,0.16091526610147366,11.0,8.0,0.13023961227975678,0.6661579034954469,0.8270731695969206,0.6968335573171638,-21.0,-18.0,10.0,21.0,18.0,10.0,15,15,15
01170100,IC-CMA-ES,IC-CMA-ES,test,0.234653735405934,S3,0.1546546695225257,13.0,7.0,0.11973462043090277,0.6439463218503133,0.798600991372839,0.6788663709419362,-24.0,-18.0,11.0,24.0,18.0,11.0,15,15,15
01181000,IC-CMA-ES,IC-CMA-ES,test,0.217563041040592,S3,0.08628872454041403,12.0,5.0,0.07056341319551895,0.7237524821088357,0.8100412066492497,0.7394777934537308,-24.0,-17.0,12.0,24.0,17.0,12.0,15,15,15
01187300,IC-CMA-ES,IC-CMA-ES,test,0.201269335695146,S3,0.048909402757968845,-7.0,-10.0,0.013184570253279237,0.7502630811485175,0.7991724839064863,0.7859879136532071,-6.0,-3.0,13.0,6.0,3.0,13.0,15,15,15
01195100,IC-CMA-ES,IC-CMA-ES,test,0.106042892091717,S2,0.01709872687248226,5.0,5.0,0.005197588403963227,0.7733298873836127,0.790428614256095,0.7852310258521318,-14.0,-14.0,-9.0,14.0,14.0,9.0,15,15,15
01333000,IC-CMA-ES,IC-CMA-ES,test,0.222244968016498,S3,0.11983352527534663,5.0,-13.0,0.07373865003489832,0.6695344245478948,0.7893679498232414,0.7156292997883431,-20.0,-2.0,15.0,20.0,2.0,15.0,15,15,15
01350000,IC-CMA-ES,IC-CMA-ES,test,0.231159657658639,S3,0.13443717173308167,8.0,1.0,0.07836523327667799,0.6560173464982351,0.7904545182313167,0.7120892849546387,-19.0,-12.0,11.0,19.0,12.0,11.0,15,15,15
01350080,IC-CMA-ES,IC-CMA-ES,test,0.221156578322867,S3,0.13526522808078068,24.0,-2.0,0.06982942963008909,0.47737288143579903,0.6126381095165797,0.5428086798864906,-28.0,2.0,4.0,28.0,2.0,4.0,15,15,15
01350140,IC-CMA-ES,IC-CMA-ES,test,0.219859026682811,S3,0.14001297047274197,14.0,3.0,0.08193024696229156,0.47816369920908697,0.6181766696818289,0.5362464227195374,-25.0,-14.0,11.0,25.0,14.0,11.0,15,15,15
01365000,IC-CMA-ES,IC-CMA-ES,test,0.202270211093681,S3,0.12889345637959093,-4.0,-8.0,0.09359770539623902,0.6322818491817425,0.7611753055613334,0.6675776001650944,-11.0,-7.0,15.0,11.0,7.0,15.0,15,15,15
01411300,IC-CMA-ES,IC-CMA-ES,test,0.0480948550351646,S1,-0.003942533376109836,-1.0,0.0,0.000595735528267638,0.7342895058343324,0.7303469724582226,0.7297512369299549,-11.0,-12.0,-12.0,11.0,12.0,12.0,15,15,15
01413500,IC-CMA-ES,IC-CMA-ES,test,0.216908033968228,S3,0.15926378686317366,9.0,-1.0,0.06719167998792586,0.5393026557893885,0.6985664426525622,0.6313747626646363,-18.0,-8.0,9.0,18.0,8.0,9.0,15,15,15
01414500,IC-CMA-ES,IC-CMA-ES,test,0.216628505016047,S3,0.12183220150167584,0.0,-6.0,0.06009562298732374,0.5451741871256545,0.6670063886273303,0.6069107656400066,-11.0,-5.0,11.0,11.0,5.0,11.0,15,15,15
01415000,IC-CMA-ES,IC-CMA-ES,test,0.213452184948768,S3,0.13915095413201295,6.0,2.0,0.07644788592485163,0.5031248442661561,0.6422757983981691,0.5658279124733174,-17.0,-13.0,11.0,17.0,13.0,11.0,15,15,15
01423000,IC-CMA-ES,IC-CMA-ES,test,0.217830297712483,S3,0.09410354623374861,13.0,6.0,0.03896195166658678,0.6584173527604658,0.7525208989942144,0.7135589473276276,-23.0,-16.0,10.0,23.0,16.0,10.0,15,15,15
01434025,IC-CMA-ES,IC-CMA-ES,test,0.23781373120698,S3,0.10948619429021234,-6.0,-13.0,0.0977933984600099,0.5016159430792793,0.6111021373694916,0.5133087389094817,-10.0,-3.0,16.0,10.0,3.0,16.0,15,15,15
01435000,IC-CMA-ES,IC-CMA-ES,test,0.223616269388589,S3,0.11506284457103466,-16.0,-16.0,0.05272544669276502,0.639325809145266,0.7543886537163007,0.7016632070235357,-3.0,3.0,19.0,3.0,3.0,19.0,15,15,15
01439500,IC-CMA-ES,IC-CMA-ES,test,0.163765228832016,S3,0.04187559839732291,1.0,-6.0,0.02494229539653503,0.7414055296462252,0.7832811280435481,0.7583388326470131,-7.0,0.0,6.0,7.0,0.0,6.0,15,15,15
01440000,IC-CMA-ES,IC-CMA-ES,test,0.147767408338048,S2,0.03937140432471564,10.0,7.0,0.05920831238259694,0.7856890056599511,0.8250604099846668,0.7658520976020698,-10.0,-7.0,0.0,10.0,7.0,0.0,15,15,15
01440400,IC-CMA-ES,IC-CMA-ES,test,0.172223371092882,S3,0.02486447108117784,-2.0,-4.0,0.0028118261168327274,0.7470727392442733,0.7719372103254512,0.7691253842086184,-6.0,-4.0,8.0,6.0,4.0,8.0,15,15,15
01451800,IC-CMA-ES,IC-CMA-ES,test,0.128362665991427,S2,0.0061877186310659305,4.0,5.0,-0.009047949042083836,0.8602648871475769,0.8664526057786428,0.8755005548207266,-4.0,-5.0,0.0,4.0,5.0,0.0,15,15,15
01466500,IC-CMA-ES,IC-CMA-ES,test,0.0626617697616761,S2,0.007927537859649059,-1.0,0.0,0.02052624903654421,0.653760840731179,0.6616883785908281,0.6411621295542839,0.0,-1.0,-1.0,0.0,1.0,1.0,15,15,15
01484100,IC-CMA-ES,IC-CMA-ES,test,0.042571686471381,S1,-0.01654591553421836,1.0,1.0,-0.0029779353685511767,0.7717581587464958,0.7552122432122774,0.7581901785808286,-2.0,2.0,1.0,2.0,2.0,1.0,15,15,15
01487000,IC-CMA-ES,IC-CMA-ES,test,0.0424689894259026,S1,-0.005965333353589286,0.0,1.0,0.01470693963058789,0.865381694788163,0.8594163614345737,0.8447094218039858,1.0,-2.0,-1.0,1.0,2.0,1.0,15,15,15
01491000,IC-CMA-ES,IC-CMA-ES,test,0.0500257211233794,S2,0.04444843482226657,2.0,0.0,0.02961355876771332,0.7946096825785276,0.8390581174007942,0.8094445586330808,-10.0,-8.0,-8.0,10.0,8.0,8.0,15,15,15
01510000,IC-CMA-ES,IC-CMA-ES,test,0.237057400622962,S3,0.18285566450505797,11.0,-6.0,0.12671264694624984,0.6064537969116172,0.7893094614166751,0.6625968144704253,-22.0,5.0,11.0,22.0,5.0,11.0,15,15,15
01516500,IC-CMA-ES,IC-CMA-ES,test,0.199238597784613,S3,0.030685113182118195,21.0,7.0,0.05802455638478854,0.31553288389948664,0.34621799708160483,0.2881934406968163,-24.0,-10.0,3.0,24.0,10.0,3.0,15,15,15
01518862,IC-CMA-ES,IC-CMA-ES,test,0.201111344911574,S3,0.1002303634786097,13.0,11.0,0.033601679098317794,0.6527092633332989,0.7529396268119086,0.7193379477135908,-16.0,-14.0,3.0,16.0,14.0,3.0,15,15,15
01532000,IC-CMA-ES,IC-CMA-ES,test,0.176741266621108,S3,0.0973650919586121,5.0,3.0,0.06429297574926884,0.6371335212158835,0.7344986131744956,0.6702056374252268,-8.0,-6.0,3.0,8.0,6.0,3.0,15,15,15
01539000,IC-CMA-ES,IC-CMA-ES,test,0.156285913306627,S3,-0.004088539698364313,8.0,4.0,-0.016296018767662068,0.7991020012592869,0.7950134615609226,0.8113094803285846,-11.0,-7.0,3.0,11.0,7.0,3.0,15,15,15
01542810,IC-CMA-ES,IC-CMA-ES,test,0.189716485804691,S3,0.11325010104559252,-6.0,-7.0,0.08560721828592055,0.6679135560336684,0.7811636570792609,0.6955564387933404,-4.0,-3.0,10.0,4.0,3.0,10.0,15,15,15
01543000,IC-CMA-ES,IC-CMA-ES,test,0.188056577083995,S3,0.10644154547449969,-3.0,-6.0,0.09955453980087403,0.7289801622617618,0.8354217077362615,0.7358671679353874,-5.0,-2.0,8.0,5.0,2.0,8.0,15,15,15
01543500,IC-CMA-ES,IC-CMA-ES,test,0.181653610941671,S3,0.10986023341343831,0.0,0.0,0.08424068731720646,0.7437298865604214,0.8535901199738597,0.7693494326566532,-7.0,-7.0,7.0,7.0,7.0,7.0,15,15,15
01544500,IC-CMA-ES,IC-CMA-ES,test,0.20336289315932,S3,0.059342648081838645,8.0,-2.0,0.03937239594727315,0.6465628647104302,0.7059055127922689,0.6665331168449957,-12.0,2.0,4.0,12.0,2.0,4.0,15,15,15
01545600,IC-CMA-ES,IC-CMA-ES,test,0.192645540908709,S3,0.09842942827402312,7.0,-4.0,0.055677809481688656,0.5926272640291523,0.6910566923031755,0.6353788828214868,-16.0,-5.0,9.0,16.0,5.0,9.0,15,15,15
01547700,IC-CMA-ES,IC-CMA-ES,test,0.156172998266035,S3,0.06202650536996179,-4.0,-7.0,0.07352636242409516,0.7861045946203662,0.848131099990328,0.7746047375662328,-4.0,-1.0,8.0,4.0,1.0,8.0,15,15,15
01548500,IC-CMA-ES,IC-CMA-ES,test,0.202088630482319,S3,0.05580520072695816,7.0,-7.0,0.011163205202754267,0.5428298469642613,0.5986350476912194,0.5874718424884652,-15.0,1.0,8.0,15.0,1.0,8.0,15,15,15
01549500,IC-CMA-ES,IC-CMA-ES,test,0.186519052942025,S3,0.04994464534291665,-17.0,-18.0,0.06043291641924864,0.3165477905245082,0.36649243586742486,0.3060595194481762,-3.0,-2.0,20.0,3.0,2.0,20.0,15,15,15
01550000,IC-CMA-ES,IC-CMA-ES,test,0.179825512854574,S3,0.09174548491107981,-6.0,-10.0,0.047478222452675856,0.5633742054688748,0.6551196903799547,0.6076414679272788,-9.0,-5.0,15.0,9.0,5.0,15.0,15,15,15
01552000,IC-CMA-ES,IC-CMA-ES,test,0.17305912288721,S3,0.09152604727569058,-1.0,-4.0,0.07726929968576246,0.5290651154708294,0.6205911627465199,0.5433218630607575,-8.0,-5.0,9.0,8.0,5.0,9.0,15,15,15
01552500,IC-CMA-ES,IC-CMA-ES,test,0.185169707979555,S3,0.08294490603092664,-11.0,-10.0,0.0621975282226952,0.6860512205323224,0.768996126563249,0.7067985983405538,-1.0,-2.0,12.0,1.0,2.0,12.0,15,15,15
01557500,IC-CMA-ES,IC-CMA-ES,test,0.15867182381751,S3,0.09410653950558323,-1.0,-5.0,0.1607188333364986,0.7482840736570915,0.8423906131626747,0.6816717798261761,-7.0,3.0,8.0,7.0,3.0,8.0,15,15,15
01567500,IC-CMA-ES,IC-CMA-ES,test,0.126036065938383,S2,0.0609394543118279,2.0,5.0,0.12766025256044178,0.5419100427892612,0.6028494971010891,0.47518924454064737,-3.0,-6.0,-1.0,3.0,6.0,1.0,15,15,15
01568000,IC-CMA-ES,IC-CMA-ES,test,0.128510858031358,S2,0.052584385324977556,5.0,3.0,0.05850975969047234,0.7856684003839907,0.8382527857089682,0.7797430260184959,-6.0,-4.0,-1.0,6.0,4.0,1.0,15,15,15
01580000,IC-CMA-ES,IC-CMA-ES,test,0.0816880923954386,S2,0.04184606833304305,2.0,0.0,0.028970311959704675,0.7289706460545712,0.7708167143876142,0.7418464024279096,-5.0,-3.0,3.0,5.0,3.0,3.0,15,15,15
01583500,IC-CMA-ES,IC-CMA-ES,test,0.0807286497637625,S2,0.08536407353818287,0.0,1.0,0.08653505726565225,0.6583526200710945,0.7437166936092774,0.6571816363436251,-2.0,-3.0,-2.0,2.0,3.0,2.0,15,15,15
01586610,IC-CMA-ES,IC-CMA-ES,test,0.088413478566147,S2,0.05107787471271763,8.0,8.0,0.029403674507041067,0.6144152836573338,0.6654931583700514,0.6360894838630103,-8.0,-8.0,0.0,8.0,8.0,0.0,15,15,15
01591400,IC-CMA-ES,IC-CMA-ES,test,0.0838764227317032,S2,0.06605510348473365,9.0,5.0,0.03153325861067713,0.6434909567230531,0.7095460602077868,0.6780128015971096,-18.0,-14.0,-9.0,18.0,14.0,9.0,15,15,15
01594950,IC-CMA-ES,IC-CMA-ES,test,0.189214297334908,S3,0.05536057681838191,-4.0,-5.0,0.02921343429826262,0.5833098295335445,0.6386704063519264,0.6094569720536638,-5.0,-4.0,9.0,5.0,4.0,9.0,15,15,15
01596500,IC-CMA-ES,IC-CMA-ES,test,0.188402157557544,S3,0.1815469890404242,4.0,-1.0,0.14000565525633057,0.6422681176177151,0.8238151066581393,0.6838094514018087,-12.0,-7.0,8.0,12.0,7.0,8.0,15,15,15
01605500,IC-CMA-ES,IC-CMA-ES,test,0.137136101417764,S2,0.08594488239943632,19.0,20.0,0.059841133495542875,0.6183239224607454,0.7042688048601817,0.6444276713646389,-28.0,-29.0,-9.0,28.0,29.0,9.0,15,15,15
01606500,IC-CMA-ES,IC-CMA-ES,test,0.148750518921295,S2,0.09317004247082594,8.0,4.0,0.06309506994902381,0.686709891703057,0.7798799341738829,0.7167848642248591,-21.0,-17.0,-13.0,21.0,17.0,13.0,15,15,15
01632000,IC-CMA-ES,IC-CMA-ES,test,0.110024870103334,S2,0.06585809659136799,-1.0,3.0,0.025825755096207104,0.5912339545603227,0.6570920511516907,0.6312662960554836,-7.0,-11.0,-8.0,7.0,11.0,8.0,15,15,15
01632900,IC-CMA-ES,IC-CMA-ES,test,0.0980763292373855,S2,0.11285128152799395,4.0,-2.0,0.036661283703938286,0.5937127399512863,0.7065640214792802,0.6699027377753419,-6.0,0.0,2.0,6.0,0.0,2.0,15,15,15
01634500,IC-CMA-ES,IC-CMA-ES,test,0.114828393813144,S2,-0.007242307042163554,-2.0,-2.0,0.01894716156514553,0.48159266086576114,0.4743503538235976,0.45540319225845205,-2.0,2.0,4.0,2.0,2.0,4.0,15,15,15
01638480,IC-CMA-ES,IC-CMA-ES,test,0.0845583823488279,S2,0.052097547410401734,3.0,6.0,0.023029881096514493,0.7069281343537744,0.7590256817641762,0.7359958006676617,-5.0,-8.0,-2.0,5.0,8.0,2.0,15,15,15
01639500,IC-CMA-ES,IC-CMA-ES,test,0.0961263501421113,S2,0.05668582496874519,0.0,-1.0,0.02068421131657927,0.6936094618660933,0.7502952868348385,0.7296110755182592,-4.0,-3.0,-4.0,4.0,3.0,4.0,15,15,15
01644000,IC-CMA-ES,IC-CMA-ES,test,0.084351798741144,S2,0.0425882631623169,0.0,0.0,0.01820576495849835,0.7483031896324,0.7908914527947168,0.7726856878362185,-2.0,-2.0,-2.0,2.0,2.0,2.0,15,15,15
01664000,IC-CMA-ES,IC-CMA-ES,test,0.0827964257846037,S2,-0.026427586762125976,4.0,3.0,-0.03241876801933519,0.6630340706328701,0.6366064838707441,0.6690252518900793,-8.0,-7.0,-4.0,8.0,7.0,4.0,15,15,15
01666500,IC-CMA-ES,IC-CMA-ES,test,0.0822553978033295,S2,0.018562544181088603,1.0,-1.0,0.0028255793783639183,0.5910995706040546,0.6096621147851432,0.6068365354067793,-3.0,-1.0,2.0,3.0,1.0,2.0,15,15,15
01667500,IC-CMA-ES,IC-CMA-ES,test,0.0788117934771709,S2,0.006246431881700154,-2.0,0.0,0.0008629371373586325,0.7988428695637035,0.8050893014454037,0.8042263643080451,0.0,2.0,2.0,0.0,2.0,2.0,15,15,15
01669000,IC-CMA-ES,IC-CMA-ES,test,0.0412059832430486,S1,0.006676003598472091,-3.0,-6.0,0.013581506843122426,0.8451677591946171,0.8518437627930892,0.8382622559499667,6.0,3.0,9.0,6.0,3.0,9.0,15,15,15
01669520,IC-CMA-ES,IC-CMA-ES,test,0.0368199149910729,S1,0.02629687953103943,0.0,0.0,0.012178604724994102,0.7759238439245714,0.8022207234556108,0.7900421187306167,-3.0,-3.0,-3.0,3.0,3.0,3.0,15,15,15
02011400,IC-CMA-ES,IC-CMA-ES,test,0.129154721501962,S2,0.05568269314436192,8.0,7.0,0.016729594400932912,0.7214534966163746,0.7771361897607365,0.7604065953598036,-9.0,-8.0,1.0,9.0,8.0,1.0,15,15,15
02013000,IC-CMA-ES,IC-CMA-ES,test,0.0979143372407574,S2,0.09187891649456748,-1.0,-2.0,0.0465477402266018,0.6175886800449031,0.7094675965394706,0.6629198563128688,-1.0,0.0,2.0,1.0,0.0,2.0,15,15,15
02014000,IC-CMA-ES,IC-CMA-ES,test,0.0978680841760858,S2,0.04292282735011588,4.0,2.0,-0.0015376573170668983,0.6833633228216307,0.7262861501717466,0.7278238074888135,-5.0,-3.0,1.0,5.0,3.0,1.0,15,15,15
02015700,IC-CMA-ES,IC-CMA-ES,test,0.128567248718796,S2,0.021877269034335955,10.0,0.0,0.005567191122511028,0.7259091942753789,0.7477864633097149,0.7422192721872038,-13.0,-3.0,-3.0,13.0,3.0,3.0,15,15,15
02016000,IC-CMA-ES,IC-CMA-ES,test,0.102077363429123,S2,0.04456486161571982,1.0,0.0,0.010504161620322194,0.7690049636674441,0.8135698252831639,0.8030656636628417,-2.0,-1.0,1.0,2.0,1.0,1.0,15,15,15
02017500,IC-CMA-ES,IC-CMA-ES,test,0.0901845265568014,S2,0.03741212953350004,-2.0,-1.0,0.024563221009355152,0.7036924450468071,0.7411045745803071,0.7165413535709519,1.0,2.0,3.0,1.0,2.0,3.0,15,15,15
02018000,IC-CMA-ES,IC-CMA-ES,test,0.0849686144296571,S2,0.04376867602511636,3.0,0.0,0.021939369009445153,0.6868429085220411,0.7306115845471575,0.7086722155377123,-8.0,-5.0,-5.0,8.0,5.0,5.0,15,15,15
02027000,IC-CMA-ES,IC-CMA-ES,test,0.0904732223814793,S2,0.01844528354211339,-4.0,-3.0,0.00549367041311144,0.6526759144957999,0.6711211980379133,0.6656275276248018,0.0,1.0,4.0,0.0,1.0,4.0,15,15,15
02027500,IC-CMA-ES,IC-CMA-ES,test,0.100786018307687,S2,0.02122519096504083,1.0,-1.0,0.0046496182380841855,0.5535355337090474,0.5747607246740882,0.570111106436004,-2.0,0.0,1.0,2.0,0.0,1.0,15,15,15
02028500,IC-CMA-ES,IC-CMA-ES,test,0.0802569579048301,S2,0.017205244825547528,5.0,2.0,-0.0008431650833251592,0.7051505698992591,0.7223558147248066,0.7231989798081317,-8.0,-5.0,-3.0,8.0,5.0,3.0,15,15,15
02038850,IC-CMA-ES,IC-CMA-ES,test,0.0655225978510027,S2,0.010098605128269988,7.0,-1.0,0.006348600406442917,0.668330568148048,0.678429173276318,0.6720805728698751,-9.0,-1.0,2.0,9.0,1.0,2.0,15,15,15
02046000,IC-CMA-ES,IC-CMA-ES,test,0.0453728268084367,S1,-0.0009679478755508786,-4.0,-4.0,0.022509775368345197,0.7685895303479298,0.7676215824723789,0.7451118071040337,-5.0,-5.0,-9.0,5.0,5.0,9.0,15,15,15
02051500,IC-CMA-ES,IC-CMA-ES,test,0.0525514965704711,S2,-0.009684719471112935,1.0,0.0,-0.007716528543244228,0.8403435667228419,0.830658847251729,0.8383753757949732,-13.0,-12.0,-12.0,13.0,12.0,12.0,15,15,15
02053200,IC-CMA-ES,IC-CMA-ES,test,0.0248316831845784,S1,-0.0023661531697833915,1.0,3.0,0.012819866072071195,0.8883553367182905,0.8859891835485071,0.8731693174764359,-3.0,-5.0,-2.0,3.0,5.0,2.0,15,15,15
02053800,IC-CMA-ES,IC-CMA-ES,test,0.0938172550300136,S2,0.02033802150351094,-1.0,0.0,0.0036887424136001767,0.7127453734455997,0.7330833949491107,0.7293946525355105,7.0,8.0,8.0,7.0,8.0,8.0,15,15,15
02055100,IC-CMA-ES,IC-CMA-ES,test,0.0622119918873982,S2,0.0009680699216761957,23.0,13.0,0.006809142295914672,0.42640611216803803,0.4273741820897142,0.42056503979379956,-29.0,-19.0,-6.0,29.0,19.0,6.0,15,15,15
02056900,IC-CMA-ES,IC-CMA-ES,test,0.0646059372808137,S2,0.0075584622043800564,-3.0,0.0,0.016378504584414588,0.7708985095724652,0.7784569717768453,0.7620784671924307,10.0,13.0,13.0,10.0,13.0,13.0,15,15,15
02059500,IC-CMA-ES,IC-CMA-ES,test,0.0529389162953181,S2,-0.017749772666907693,14.0,14.0,-0.012820261605874461,0.6393958595652511,0.6216460868983434,0.6344663485042179,-22.0,-22.0,-8.0,22.0,22.0,8.0,15,15,15
02064000,IC-CMA-ES,IC-CMA-ES,test,0.0606011692596163,S2,-0.0036968987894905325,1.0,-1.0,-0.008658362944117592,0.739059595785394,0.7353626969959035,0.7440210599400211,-16.0,-14.0,-15.0,16.0,14.0,15.0,15,15,15
02065500,IC-CMA-ES,IC-CMA-ES,test,0.0617139970732649,S2,-0.005622216490231979,3.0,-2.0,-0.012116814103334872,0.7129189873069841,0.7072967708167521,0.719413584920087,-13.0,-8.0,-10.0,13.0,8.0,10.0,15,15,15
02069700,IC-CMA-ES,IC-CMA-ES,test,0.0533951587612168,S2,-0.010604749331911578,5.0,-1.0,0.006221914342320889,0.572804743745827,0.5621999944139154,0.5559780800715945,-10.0,-4.0,-5.0,10.0,4.0,5.0,15,15,15
02070000,IC-CMA-ES,IC-CMA-ES,test,0.0508621647943431,S2,-0.028397601803904826,-1.0,-4.0,-0.05401213327427634,0.6701512374668117,0.6417536356629069,0.6957657689371832,-5.0,-2.0,-6.0,5.0,2.0,6.0,15,15,15
02074500,IC-CMA-ES,IC-CMA-ES,test,0.0524690208413809,S2,-0.01843255566775026,-6.0,-5.0,-0.02391313120897054,0.8446093719697932,0.826176816302043,0.8500899475110135,-1.0,-2.0,-7.0,1.0,2.0,7.0,15,15,15
02077200,IC-CMA-ES,IC-CMA-ES,test,0.0489889008542847,S1,-0.012847919004295383,1.0,1.0,-0.035044071236024044,0.4240128480739097,0.4111649290696143,0.44620900030563837,-17.0,-17.0,-16.0,17.0,17.0,16.0,15,15,15
02081500,IC-CMA-ES,IC-CMA-ES,test,0.0436247713972968,S1,-0.110899353983547,-5.0,5.0,-0.14001456742656193,0.7299183149361004,0.6190189609525534,0.7590335283791153,-8.0,-18.0,-13.0,8.0,18.0,13.0,15,15,15
02082950,IC-CMA-ES,IC-CMA-ES,test,0.0329927432325966,S1,0.00275100493102709,10.0,0.0,-0.001787230701565834,0.7947804282240876,0.7975314331551147,0.7993186638566805,-15.0,-5.0,-5.0,15.0,5.0,5.0,15,15,15
02092500,IC-CMA-ES,IC-CMA-ES,test,0.0120832517590196,S1,-0.021314358025816604,0.0,0.0,-0.0019042730366580773,0.8196791243956623,0.7983647663698457,0.8002690394065037,0.0,0.0,0.0,0.0,0.0,0.0,15,15,15
02096846,IC-CMA-ES,IC-CMA-ES,test,0.0392525452032849,S1,0.03631098751878048,7.0,12.0,0.04793192566018001,0.44875350253962165,0.48506449005840213,0.4371325643982221,-21.0,-26.0,-14.0,21.0,26.0,14.0,15,15,15
02102908,IC-CMA-ES,IC-CMA-ES,test,0.0235111757954398,S1,-0.11346056881834188,-13.0,-5.0,0.0770131590212112,0.6275645779971699,0.514104009178828,0.43709085015761684,12.0,20.0,25.0,12.0,20.0,25.0,15,15,15
02108000,IC-CMA-ES,IC-CMA-ES,test,0.0092819261110396,S1,-0.011162928556950225,1.0,1.0,-0.011745680045879503,0.8826533182620254,0.8714903897050752,0.8832360697509547,4.0,4.0,3.0,4.0,4.0,3.0,15,15,15
02111180,IC-CMA-ES,IC-CMA-ES,test,0.0460568781002514,S1,0.008754952525417692,1.0,0.0,-0.003867755788339977,0.7286368266686134,0.7373917791940311,0.7412595349823711,-3.0,-2.0,-2.0,3.0,2.0,2.0,15,15,15
02111500,IC-CMA-ES,IC-CMA-ES,test,0.0523692516718814,S2,0.001254918717638942,-3.0,-6.0,0.009045456392772766,0.7342575875467154,0.7355125062643544,0.7264670498715816,6.0,3.0,9.0,6.0,3.0,9.0,15,15,15
02112120,IC-CMA-ES,IC-CMA-ES,test,0.0524049751607388,S2,0.0012344332707103778,1.0,-1.0,-0.007447545284821944,0.8294348939876539,0.8306693272583643,0.8381168725431862,4.0,-2.0,3.0,4.0,2.0,3.0,15,15,15
02112360,IC-CMA-ES,IC-CMA-ES,test,0.0531136274470014,S2,0.004680042197802159,2.0,1.0,-0.006966894300264648,0.7484138282114356,0.7530938704092378,0.7600607647095025,5.0,4.0,3.0,5.0,4.0,3.0,15,15,15
02118500,IC-CMA-ES,IC-CMA-ES,test,0.0413708350211441,S1,0.02354613777865644,-6.0,-6.0,-0.01896367068114979,0.7600364145199345,0.783582552298591,0.8025462229797408,1.0,1.0,7.0,1.0,1.0,7.0,15,15,15
02125000,IC-CMA-ES,IC-CMA-ES,test,0.0247912331690011,S1,-0.015389776173182712,4.0,1.0,-0.029861037830456905,0.7642631625722226,0.7488733863990399,0.7787344242294968,-4.0,-1.0,0.0,4.0,1.0,0.0,15,15,15
02128000,IC-CMA-ES,IC-CMA-ES,test,0.0256704433801346,S1,0.0015485946104883963,5.0,6.0,0.0033663225918892925,0.677123386650585,0.6786719812610734,0.6753056586691841,-12.0,-13.0,-7.0,12.0,13.0,7.0,15,15,15
02137727,IC-CMA-ES,IC-CMA-ES,test,0.0405315310761795,S1,0.02164539083504391,2.0,1.0,0.013062317791141864,0.7328204308327394,0.7544658216677833,0.7414035038766414,-2.0,-1.0,0.0,2.0,1.0,0.0,15,15,15
02140991,IC-CMA-ES,IC-CMA-ES,test,0.0420384668349782,S1,0.010589385249834438,0.0,0.0,-7.118723156485096e-05,0.7667838047219413,0.7773731899717757,0.7774443772033406,-1.0,1.0,1.0,1.0,1.0,1.0,15,15,15
02143000,IC-CMA-ES,IC-CMA-ES,test,0.0313262156816952,S1,0.012236560525048956,-1.0,0.0,0.002694187983357077,0.8204939298229255,0.8327304903479744,0.8300363023646173,0.0,1.0,1.0,0.0,1.0,1.0,15,15,15
02143040,IC-CMA-ES,IC-CMA-ES,test,0.0345610698452001,S1,-0.0035621948851276564,-3.0,-2.0,-0.007270740436337353,0.8505905755134926,0.8470283806283649,0.8542991210647023,0.0,1.0,3.0,0.0,1.0,3.0,15,15,15
02149000,IC-CMA-ES,IC-CMA-ES,test,0.029590457635321,S1,-0.021109769729532935,-2.0,0.0,-0.10408616907815804,0.6221531763532963,0.6010434066237633,0.7051295757019214,0.0,2.0,2.0,0.0,2.0,2.0,15,15,15
02152100,IC-CMA-ES,IC-CMA-ES,test,0.0300807469143999,S1,-0.003550160205727626,0.0,0.0,0.0011868438305128182,0.7808506654628874,0.7773005052571598,0.776113661426647,-3.0,-3.0,-3.0,3.0,3.0,3.0,15,15,15
02177000,IC-CMA-ES,IC-CMA-ES,test,0.0267395574591906,S1,0.006431743288340841,-1.0,0.0,0.005912089990166236,0.8715174045648759,0.8779491478532168,0.8720370578630505,-4.0,-5.0,-5.0,4.0,5.0,5.0,15,15,15
02178400,IC-CMA-ES,IC-CMA-ES,test,0.033836252850455,S1,0.016176793625212627,1.0,-1.0,-0.005158229729466779,0.8607279782155894,0.8769047718408021,0.8820630015702688,-7.0,-5.0,-6.0,7.0,5.0,6.0,15,15,15
02193340,IC-CMA-ES,IC-CMA-ES,test,0.0127448828346305,S1,-0.014050867269505884,0.0,1.0,0.005364944718120435,0.716999401059101,0.7029485337895951,0.6975835890714747,0.0,1.0,0.0,0.0,1.0,0.0,15,15,15
02196000,IC-CMA-ES,IC-CMA-ES,test,0.014697822503637,S1,-0.03942949499637116,2.0,3.0,-0.02683671953340827,0.6180684177175795,0.5786389227212083,0.6054756422546166,-8.0,-9.0,-6.0,8.0,9.0,6.0,15,15,15
02198100,IC-CMA-ES,IC-CMA-ES,test,0.0030935926215692,S1,0.0019986540779010076,-2.0,0.0,9.119095682896816e-05,0.672593720915738,0.674592374993639,0.67450118403681,-1.0,-3.0,-3.0,1.0,3.0,3.0,15,15,15
02202600,IC-CMA-ES,IC-CMA-ES,test,0.000456804897604,S1,-0.013961140764160884,-1.0,1.0,0.00015504089058671067,0.609825092720037,0.5958639519558762,0.5957089110652894,0.0,-2.0,-1.0,0.0,2.0,1.0,15,15,15
02212600,IC-CMA-ES,IC-CMA-ES,test,0.0090237999831922,S1,0.002599999295610167,2.0,2.0,-0.01569508926530072,0.794937416838665,0.7975374161342752,0.8132325053995759,-2.0,2.0,0.0,2.0,2.0,0.0,15,15,15
02215100,IC-CMA-ES,IC-CMA-ES,test,0.0010333057458655,S1,7.353456106840017e-05,0.0,5.0,0.008201912548681634,0.8157609521886934,0.8158344867497618,0.8076325742010801,1.0,6.0,1.0,1.0,6.0,1.0,15,15,15
02216180,IC-CMA-ES,IC-CMA-ES,test,0.000534865436369,S1,0.022785720235252716,1.0,-1.0,0.038504139800292325,0.718859284851281,0.7416450050865337,0.7031408652862414,-3.0,-1.0,-2.0,3.0,1.0,2.0,15,15,15
02221525,IC-CMA-ES,IC-CMA-ES,test,0.0095385192188569,S1,0.005050796921641565,-2.0,-1.0,-0.01027855047072268,0.838651615136412,0.8437024120580535,0.8539809625287762,0.0,1.0,2.0,0.0,1.0,2.0,15,15,15
02231000,IC-CMA-ES,IC-CMA-ES,test,0.0002359180653982,S1,0.006016740936356957,0.0,0.0,0.03215251544223674,0.797339797161345,0.8033565380977019,0.7712040226554652,-1.0,-1.0,-1.0,1.0,1.0,1.0,15,15,15
02245500,IC-CMA-ES,IC-CMA-ES,test,0.0004366285424588,S1,0.0005407669908139567,-2.0,-2.0,-0.005694134563915432,0.806733937733461,0.807274704724275,0.8129688392881904,2.0,2.0,4.0,2.0,2.0,4.0,15,15,15
02246000,IC-CMA-ES,IC-CMA-ES,test,0.0003326922230974,S1,-0.044794162954777006,0.0,0.0,-0.04643659081521356,0.7133267970058594,0.6685326340510824,0.714969224866296,-1.0,-1.0,-1.0,1.0,1.0,1.0,15,15,15
02296500,IC-CMA-ES,IC-CMA-ES,test,0.0,S1,-0.0021945425630700566,0.0,1.0,0.0020295322287838813,0.8860167587395412,0.8838222161764712,0.8817926839476873,-1.0,-2.0,-1.0,1.0,2.0,1.0,15,15,15
02297155,IC-CMA-ES,IC-CMA-ES,test,0.0,S1,0.007081907783326846,2.0,2.0,0.004314023512709264,0.2600016138180705,0.26708352160139737,0.2627694980886881,7.0,7.0,5.0,7.0,7.0,5.0,15,15,15
02297310,IC-CMA-ES,IC-CMA-ES,test,0.0,S1,-0.03493433081276043,-5.0,-1.0,-0.004371290066791378,0.7826081239897748,0.7476737931770143,0.7520450832438057,0.0,4.0,5.0,0.0,4.0,5.0,15,15,15
02298123,IC-CMA-ES,IC-CMA-ES,test,0.0,S1,-0.0070095415031046215,1.0,0.0,-0.016286447549836103,0.704480874205851,0.6974713327027464,0.7137577802525825,7.0,6.0,6.0,7.0,6.0,6.0,15,15,15
02298608,IC-CMA-ES,IC-CMA-ES,test,0.0,S1,-0.021876209225638488,1.0,0.0,-0.008575716091863583,0.7672979938797507,0.7454217846541122,0.7539975007459758,5.0,4.0,4.0,5.0,4.0,4.0,15,15,15
02299950,IC-CMA-ES,IC-CMA-ES,test,0.0,S1,0.007642330870397451,3.0,2.0,-0.002232429583170381,0.7350595704769614,0.7427019013473588,0.7449343309305292,4.0,3.0,1.0,4.0,3.0,1.0,15,15,15
02300700,IC-CMA-ES,IC-CMA-ES,test,0.0,S1,1.8050029588656535e-05,0.0,3.0,-0.041912521278808956,0.6813142689037952,0.6813323189333839,0.7232448402121928,10.0,13.0,10.0,10.0,13.0,10.0,15,15,15
02342933,IC-CMA-ES,IC-CMA-ES,test,0.0027962712555372,S1,0.025239858709352747,0.0,3.0,0.04578624950027632,0.8109121774489938,0.8361520361583465,0.7903657866580702,0.0,-3.0,0.0,0.0,3.0,0.0,15,15,15
02349900,IC-CMA-ES,IC-CMA-ES,test,0.0010817469729248,S1,0.015892001459033467,2.0,2.0,0.027657298562091537,0.7935261745250886,0.809418175984122,0.7817608774220305,-2.0,-2.0,0.0,2.0,2.0,0.0,15,15,15
02350900,IC-CMA-ES,IC-CMA-ES,test,0.001767717746493,S1,-0.0036393757479348254,2.0,1.0,-0.008548050276134922,0.8535841229546153,0.8499447472066805,0.8584927974828154,6.0,5.0,4.0,6.0,5.0,4.0,15,15,15
02361000,IC-CMA-ES,IC-CMA-ES,test,0.0015124422847458,S1,-0.01112404245446752,-2.0,1.0,-0.03385895240894943,0.624954465218312,0.6138304227638445,0.6476893751727939,-2.0,-5.0,-4.0,2.0,5.0,4.0,15,15,15
02363000,IC-CMA-ES,IC-CMA-ES,test,0.0026556564479946,S1,0.017223885199004974,3.0,1.0,0.003358855308453035,0.8336420549490091,0.8508659401480141,0.847507084839561,-4.0,-2.0,-1.0,4.0,2.0,1.0,15,15,15
02369800,IC-CMA-ES,IC-CMA-ES,test,0.0008723526438152,S1,0.01373009866250574,-1.0,-1.0,0.013636739289531352,0.6491490825983153,0.662879181260821,0.6492424419712897,-13.0,-13.0,-14.0,13.0,13.0,14.0,15,15,15
02371500,IC-CMA-ES,IC-CMA-ES,test,0.0040171402581935,S1,0.012951533351679534,5.0,5.0,0.012985835111106181,0.8524685627977077,0.8654200961493872,0.852434261038281,-7.0,-7.0,-2.0,7.0,7.0,2.0,15,15,15
02372250,IC-CMA-ES,IC-CMA-ES,test,0.0034759991435446,S1,-0.001516431744475688,1.0,1.0,-0.0015155846090674219,0.8489101846656497,0.847393752921174,0.8489093375302414,-12.0,-12.0,-11.0,12.0,12.0,11.0,15,15,15
02374500,IC-CMA-ES,IC-CMA-ES,test,0.0030425564536237,S1,-0.013967158930360157,0.0,-1.0,-0.014485558984714597,0.7832258632984767,0.7692587043681165,0.7837442633528311,1.0,0.0,1.0,1.0,0.0,1.0,15,15,15
02381600,IC-CMA-ES,IC-CMA-ES,test,0.0166377865167783,S1,-0.006496892410422173,2.0,2.0,-0.00616384545060189,0.6213165462585681,0.614819653848146,0.6209834992987479,-2.0,-2.0,0.0,2.0,2.0,0.0,15,15,15
02384540,IC-CMA-ES,IC-CMA-ES,test,0.0316827871052048,S1,0.01012809585837926,2.0,1.0,0.0062779238676972104,0.49128510069546893,0.5014131965538482,0.495135272686151,-12.0,-11.0,-10.0,12.0,11.0,10.0,15,15,15
02395120,IC-CMA-ES,IC-CMA-ES,test,0.0124894104226604,S1,-0.007843554153376342,2.0,3.0,-0.01222498135832284,0.7577242037507452,0.7498806495973689,0.7621056309556917,-5.0,-6.0,-3.0,5.0,6.0,3.0,15,15,15
02415000,IC-CMA-ES,IC-CMA-ES,test,0.0124691410953683,S1,-0.002777651106382284,-1.0,0.0,0.0017004193831120507,0.8151796002292692,0.8124019491228869,0.8107015297397748,-1.0,-2.0,-2.0,1.0,2.0,2.0,15,15,15
02427250,IC-CMA-ES,IC-CMA-ES,test,0.0031810787432098,S1,-0.0038804860878186576,2.0,0.0,-0.002832232472358198,0.7905201321259143,0.7866396460380957,0.7894718785104539,-3.0,-1.0,-1.0,3.0,1.0,1.0,15,15,15
02430085,IC-CMA-ES,IC-CMA-ES,test,0.0126767241295668,S1,-0.003070019319376782,4.0,5.0,-0.000447722014746188,0.7374442176502307,0.7343741983308539,0.7348219203456001,-4.0,-5.0,0.0,4.0,5.0,0.0,15,15,15
02450250,IC-CMA-ES,IC-CMA-ES,test,0.0142864105715527,S1,-0.030231036424169355,1.0,0.0,0.006117160656357257,0.8730436151325698,0.8428125787084004,0.8366954180520432,-14.0,-13.0,-13.0,14.0,13.0,13.0,15,15,15
02464000,IC-CMA-ES,IC-CMA-ES,test,0.011217518412828,S1,-0.02081058229138988,1.0,1.0,-0.02485265707163964,0.8370816276523095,0.8162710453609197,0.8411237024325593,-1.0,-1.0,0.0,1.0,1.0,0.0,15,15,15
02464360,IC-CMA-ES,IC-CMA-ES,test,0.0095365763059721,S1,0.024297858991833787,-4.0,0.0,-0.00350928533501893,0.8186452419880307,0.8429431009798645,0.8464523863148834,3.0,7.0,7.0,3.0,7.0,7.0,15,15,15
02465493,IC-CMA-ES,IC-CMA-ES,test,0.0073106547528566,S1,-0.04065022003401719,2.0,-1.0,-0.011064039092588906,0.7192684780871005,0.6786182580530833,0.6896822971456722,4.0,-1.0,2.0,4.0,1.0,2.0,15,15,15
02469800,IC-CMA-ES,IC-CMA-ES,test,0.003171649398055,S1,0.013031735457805116,4.0,2.0,0.011879453260240536,0.8609945226566835,0.8740262581144886,0.8621468048542481,-8.0,-6.0,-4.0,8.0,6.0,4.0,15,15,15
02472000,IC-CMA-ES,IC-CMA-ES,test,0.0060147222598053,S1,-0.008057308360586268,2.0,1.0,-0.01739483315633894,0.8112512082565809,0.8031938998959947,0.8205887330523336,-7.0,-6.0,-5.0,7.0,6.0,5.0,15,15,15
02472500,IC-CMA-ES,IC-CMA-ES,test,0.002454389871356,S1,0.012738835591545872,-1.0,-1.0,0.012639439768958205,0.8713027376355253,0.8840415732270712,0.871402133458113,-1.0,-1.0,-2.0,1.0,1.0,2.0,15,15,15
02479155,IC-CMA-ES,IC-CMA-ES,test,0.0018026132328254,S1,-0.011422491334693197,0.0,0.0,-0.011012679413569981,0.5697958090192556,0.5583733176845624,0.5693859970981324,0.0,0.0,0.0,0.0,0.0,0.0,15,15,15
02479300,IC-CMA-ES,IC-CMA-ES,test,0.0007412865485982,S1,0.00034910544914890096,0.0,0.0,0.00038857615557386094,0.8360029689309437,0.8363520743800926,0.8359634982245188,-1.0,-1.0,-1.0,1.0,1.0,1.0,15,15,15
02479560,IC-CMA-ES,IC-CMA-ES,test,0.0008881841770739,S1,-0.002145211815086201,0.0,1.0,0.0011450802107049185,0.831207324097427,0.8290621122823408,0.8279170320716359,-1.0,-2.0,-1.0,1.0,2.0,1.0,15,15,15
02481000,IC-CMA-ES,IC-CMA-ES,test,0.0003653977736162,S1,-0.010451230606074002,-1.0,-2.0,-0.011706229425975545,0.7284584672375605,0.7180072366314865,0.729713466057462,-4.0,-3.0,-5.0,4.0,3.0,5.0,15,15,15
02481510,IC-CMA-ES,IC-CMA-ES,test,0.0007622545076852,S1,0.005232325210210331,4.0,8.0,0.037768071264200564,0.8381398098295376,0.843372135039748,0.8056040637755474,-5.0,-9.0,-1.0,5.0,9.0,1.0,15,15,15
03010655,IC-CMA-ES,IC-CMA-ES,test,0.207261759338099,S3,0.11905924809055468,-2.0,-9.0,0.0918013367610091,0.6769205664836465,0.7959798145742012,0.7041784778131921,-15.0,8.0,17.0,15.0,8.0,17.0,15,15,15
03011800,IC-CMA-ES,IC-CMA-ES,test,0.210192690903197,S3,0.0931990861819687,-15.0,-18.0,0.0564359158343255,0.6480783890496227,0.7412774752315914,0.6848415593972659,-3.0,0.0,18.0,3.0,0.0,18.0,15,15,15
03015500,IC-CMA-ES,IC-CMA-ES,test,0.192038519147369,S3,0.14895291879042893,1.0,-5.0,0.11236809027979844,0.69256420645136,0.8415171252417889,0.7291490349619905,-7.0,1.0,6.0,7.0,1.0,6.0,15,15,15
03021350,IC-CMA-ES,IC-CMA-ES,test,0.208263538884948,S3,0.15044740283138103,-21.0,-20.0,0.10422171496100341,0.5898254682134217,0.7402728710448028,0.6360511560837994,-3.0,4.0,24.0,3.0,4.0,24.0,15,15,15
03026500,IC-CMA-ES,IC-CMA-ES,test,0.209814940150446,S3,0.11182118876217773,-3.0,0.0,0.09477352712258746,0.5814712668496655,0.6932924556118433,0.5985189284892558,-3.0,-6.0,6.0,3.0,6.0,6.0,15,15,15
03028000,IC-CMA-ES,IC-CMA-ES,test,0.203474312123818,S3,0.1459943048359269,-14.0,-15.0,0.10781181028662168,0.6735303545231333,0.8195246593590602,0.7117128490724385,-2.0,-1.0,16.0,2.0,1.0,16.0,15,15,15
03049000,IC-CMA-ES,IC-CMA-ES,test,0.139333377128464,S2,0.005313261330743502,7.0,4.0,-0.0015864587516466466,0.6360205199945643,0.6413337813253078,0.6429202400769545,-8.0,-5.0,-1.0,8.0,5.0,1.0,15,15,15
03049800,IC-CMA-ES,IC-CMA-ES,test,0.116341909362209,S2,0.12304881006382895,21.0,21.0,0.001446281810010941,0.46130631989588955,0.5843551299597185,0.5829088481497076,-21.0,-21.0,0.0,21.0,21.0,0.0,15,15,15
03050000,IC-CMA-ES,IC-CMA-ES,test,0.158964457158934,S3,0.036885910698223556,14.0,12.0,0.0055118714969044635,0.8156512222329054,0.852537132931129,0.8470252614342245,-17.0,-15.0,-3.0,17.0,15.0,3.0,15,15,15
03069500,IC-CMA-ES,IC-CMA-ES,test,0.194644630432116,S3,0.0936946562363532,-9.0,-12.0,0.057704913993541385,0.7753440771650174,0.8690387334013706,0.8113338194078292,-3.0,0.0,12.0,3.0,0.0,12.0,15,15,15
03070500,IC-CMA-ES,IC-CMA-ES,test,0.144725592442485,S2,0.07261795329232568,-6.0,-5.0,0.04854221662659919,0.7697452640737749,0.8423632173661005,0.7938210007395013,-2.0,3.0,8.0,2.0,3.0,8.0,15,15,15
03076600,IC-CMA-ES,IC-CMA-ES,test,0.189395500517419,S3,0.11175674733098462,6.0,-2.0,0.0640176547648521,0.5402458484982584,0.652002595829243,0.5879849410643909,-11.0,-3.0,5.0,11.0,3.0,5.0,15,15,15
03078000,IC-CMA-ES,IC-CMA-ES,test,0.194625437344426,S3,0.15731621914461336,-6.0,-12.0,0.1061063554103826,0.6484525275269228,0.8057687466715362,0.6996623912611536,-7.0,1.0,13.0,7.0,1.0,13.0,15,15,15
03140000,IC-CMA-ES,IC-CMA-ES,test,0.0894584784615066,S2,0.01068390008635589,3.0,2.0,-0.0165544498482475,0.7319577390432959,0.7426416391296518,0.7591960889778993,-3.0,-2.0,0.0,3.0,2.0,0.0,15,15,15
03144000,IC-CMA-ES,IC-CMA-ES,test,0.0936024048579887,S2,0.009815240655369206,3.0,1.0,0.03369446799267528,0.8024942678888256,0.8123095085441948,0.7786150405515195,-9.0,-7.0,-6.0,9.0,7.0,6.0,15,15,15
03170000,IC-CMA-ES,IC-CMA-ES,test,0.0945585836238721,S2,0.03838059083953904,-4.0,-5.0,0.011334039639472437,0.8055129158298231,0.8438935066693621,0.8325594670298897,6.0,5.0,10.0,6.0,5.0,10.0,15,15,15
03173000,IC-CMA-ES,IC-CMA-ES,test,0.0942000993572573,S2,0.10505984160599258,-2.0,3.0,0.04182864174379053,0.7346312979950717,0.8396911396010642,0.7978624978572737,0.0,-5.0,-2.0,0.0,5.0,2.0,15,15,15
03180500,IC-CMA-ES,IC-CMA-ES,test,0.195303023284764,S3,0.11224859227883455,9.0,8.0,0.07423685889070242,0.7416572186626118,0.8539058109414464,0.7796689520507439,-12.0,-11.0,3.0,12.0,11.0,3.0,15,15,15
03182500,IC-CMA-ES,IC-CMA-ES,test,0.170253081143655,S3,0.08782400221744746,15.0,16.0,0.05328626508192713,0.7747010692778652,0.8625250714953127,0.8092388064133855,-16.0,-17.0,1.0,16.0,17.0,1.0,15,15,15
03186500,IC-CMA-ES,IC-CMA-ES,test,0.1907316712122,S3,0.09830609281850111,-10.0,-8.0,0.08004220713107002,0.6841735373356901,0.7824796301541912,0.7024374230231212,2.0,4.0,12.0,2.0,4.0,12.0,15,15,15
03237280,IC-CMA-ES,IC-CMA-ES,test,0.0847306381238598,S2,0.04668270999709023,7.0,2.0,0.015663979434088038,0.6193200460556657,0.6660027560527559,0.6503387766186679,-7.0,-2.0,0.0,7.0,2.0,0.0,15,15,15
03237500,IC-CMA-ES,IC-CMA-ES,test,0.0787104016916548,S2,0.016908630168376737,2.0,3.0,-0.0005843660131504835,0.8410241692429021,0.8579327994112789,0.8585171654244294,-2.0,-3.0,0.0,2.0,3.0,0.0,15,15,15
03238500,IC-CMA-ES,IC-CMA-ES,test,0.0747385312973334,S2,0.009926921690246115,1.0,1.0,-0.0010772843801379883,0.8465625081989222,0.8564894298891683,0.8575667142693063,-1.0,-1.0,0.0,1.0,1.0,0.0,15,15,15
03241500,IC-CMA-ES,IC-CMA-ES,test,0.0779467519548554,S2,0.02458981881713318,-1.0,2.0,0.013759369415235478,0.8108661866977789,0.8354560055149121,0.8216966360996766,0.0,-3.0,-1.0,0.0,3.0,1.0,15,15,15
03280700,IC-CMA-ES,IC-CMA-ES,test,0.0584460847843343,S2,0.0014427717787646177,1.0,1.0,-0.009573089756730324,0.7665906369489165,0.7680334087276811,0.7776064984844114,-10.0,-10.0,-9.0,10.0,10.0,9.0,15,15,15
03281500,IC-CMA-ES,IC-CMA-ES,test,0.044067880842997,S1,0.02306292008552624,8.0,0.0,0.004401961989383363,0.8746259177492557,0.8976888378347819,0.8932868758453986,-9.0,-1.0,-1.0,9.0,1.0,1.0,15,15,15
03285000,IC-CMA-ES,IC-CMA-ES,test,0.0446468108120254,S1,-0.014660443355696384,2.0,1.0,-0.027730295660544857,0.8348253814508818,0.8201649380951854,0.8478952337557303,-5.0,-4.0,-3.0,5.0,4.0,3.0,15,15,15
03291780,IC-CMA-ES,IC-CMA-ES,test,0.0673686532615331,S2,0.00942471862514449,0.0,0.0,0.005335312055308128,0.7876651573626691,0.7970898759878136,0.7917545639325054,-1.0,-1.0,-1.0,1.0,1.0,1.0,15,15,15
03338780,IC-CMA-ES,IC-CMA-ES,test,0.0725503193755769,S2,-0.015835317577233665,2.0,2.0,-0.012486706887331112,0.7616909835342129,0.7458556659569793,0.7583423728443104,-3.0,-3.0,-1.0,3.0,3.0,1.0,15,15,15
03340800,IC-CMA-ES,IC-CMA-ES,test,0.0732286680426859,S2,0.008316486913308774,4.0,3.0,0.01591216900631376,0.8219156153123409,0.8302321022256497,0.8143199332193359,-6.0,-5.0,-2.0,6.0,5.0,2.0,15,15,15
03346000,IC-CMA-ES,IC-CMA-ES,test,0.0621069652969445,S2,0.03982123476625987,3.0,3.0,0.03249040178422358,0.8607959852672502,0.9006172200335101,0.8681268182492865,-6.0,-6.0,-3.0,6.0,6.0,3.0,15,15,15
03364500,IC-CMA-ES,IC-CMA-ES,test,0.0804170575814994,S2,-0.009721911101695402,-2.0,0.0,-0.019556026240370228,0.7940088672260878,0.7842869561243924,0.8038429823647626,-4.0,-6.0,-6.0,4.0,6.0,6.0,15,15,15
03366500,IC-CMA-ES,IC-CMA-ES,test,0.059067129172147,S2,0.007786928334651444,0.0,0.0,-0.00799586370706129,0.8449811845484898,0.8527681128831412,0.8607639765902025,-6.0,-6.0,-6.0,6.0,6.0,6.0,15,15,15
03368000,IC-CMA-ES,IC-CMA-ES,test,0.0670858663666364,S2,0.017700953153594323,0.0,0.0,-2.8338860963983414e-05,0.7086249031069046,0.726325856260499,0.7263541951214629,0.0,0.0,0.0,0.0,0.0,0.0,15,15,15
03384450,IC-CMA-ES,IC-CMA-ES,test,0.0496725306242436,S1,0.012769275622284693,0.0,6.0,-0.008345091682020578,0.7467307355218114,0.759500011144096,0.7678451028261166,-3.0,-9.0,-3.0,3.0,9.0,3.0,15,15,15
03439000,IC-CMA-ES,IC-CMA-ES,test,0.0374660918206049,S1,-0.009343761615214996,1.0,0.0,-0.007240642391989627,0.8384723311246791,0.8291285695094641,0.8363692119014537,-2.0,-1.0,1.0,2.0,1.0,1.0,15,15,15
03455500,IC-CMA-ES,IC-CMA-ES,test,0.0774314166204897,S2,0.022026949939220275,-3.0,-4.0,-0.013521792694824675,0.7093496871654121,0.7313766371046324,0.7448984297994571,-3.0,-2.0,6.0,3.0,2.0,6.0,15,15,15
03456500,IC-CMA-ES,IC-CMA-ES,test,0.0638736766495558,S2,-0.013508854995890496,-2.0,-3.0,-0.009748966420415006,0.8519241556928856,0.8384153006969951,0.8481642671174101,-2.0,1.0,4.0,2.0,1.0,4.0,15,15,15
03460000,IC-CMA-ES,IC-CMA-ES,test,0.077253343718732,S2,0.011296444977106135,-3.0,-3.0,0.007444124836109345,0.8110446375121285,0.8223410824892347,0.8148969576531253,4.0,4.0,7.0,4.0,4.0,7.0,15,15,15
03463300,IC-CMA-ES,IC-CMA-ES,test,0.0849163900758962,S2,-0.0020987741221898393,2.0,0.0,-0.004627317664790742,0.788694082659529,0.7865953085373392,0.7912226262021299,-4.0,-2.0,2.0,4.0,2.0,2.0,15,15,15
03471500,IC-CMA-ES,IC-CMA-ES,test,0.0838711696088708,S2,0.044293076869418635,5.0,3.0,0.013724193185060907,0.5343839701437577,0.5786770470131763,0.5649528538281154,-8.0,-6.0,3.0,8.0,6.0,3.0,15,15,15
03473000,IC-CMA-ES,IC-CMA-ES,test,0.0832667330515825,S2,0.016495066163575656,1.0,1.0,0.003654821718253265,0.682233122131316,0.6987281882948917,0.6950733665766384,-1.0,1.0,0.0,1.0,1.0,0.0,15,15,15
03479000,IC-CMA-ES,IC-CMA-ES,test,0.0904171237520879,S2,0.005966925415600843,-8.0,-7.0,0.006544601260633054,0.7760807889809963,0.7820477143965971,0.7755031131359641,1.0,2.0,9.0,1.0,2.0,9.0,15,15,15
03488000,IC-CMA-ES,IC-CMA-ES,test,0.0815490515140822,S2,0.02154346273278196,4.0,1.0,0.0010754539456674372,0.7730143126069366,0.7945577753397186,0.7934823213940512,-6.0,-3.0,-2.0,6.0,3.0,2.0,15,15,15
03498500,IC-CMA-ES,IC-CMA-ES,test,0.0343707789266315,S1,-0.008018102409471428,1.0,1.0,-0.010289257678656294,0.8710348891665239,0.8630167867570525,0.8733060444357088,-5.0,-5.0,-4.0,5.0,5.0,4.0,15,15,15
03500000,IC-CMA-ES,IC-CMA-ES,test,0.0292489179120406,S1,0.010905531573062843,3.0,2.0,0.008429334331408467,0.9128025386241265,0.9237080701971894,0.9152787358657809,-5.0,-4.0,-2.0,5.0,4.0,2.0,15,15,15
03500240,IC-CMA-ES,IC-CMA-ES,test,0.029394718558517,S1,-0.003955138882435483,1.0,1.0,-1.0868993333579269e-05,0.9062450175412384,0.902289878658803,0.9023007476521365,-5.0,-5.0,-4.0,5.0,5.0,4.0,15,15,15
03504000,IC-CMA-ES,IC-CMA-ES,test,0.0589912291417263,S2,-0.021605120732839156,3.0,2.0,-0.01794299533981436,0.8800939908777818,0.8584888701449427,0.876431865484757,-4.0,-3.0,-1.0,4.0,3.0,1.0,15,15,15
03574500,IC-CMA-ES,IC-CMA-ES,test,0.0200681785915394,S1,0.004492378515543627,0.0,0.0,-0.006507343051005421,0.771941632383631,0.7764340108991746,0.78294135395018,-8.0,-8.0,-8.0,8.0,8.0,8.0,15,15,15
03592718,IC-CMA-ES,IC-CMA-ES,test,0.0149109120314144,S1,0.013039189229420822,-1.0,-3.0,0.022643970074674558,0.7751322119624031,0.7881714011918239,0.7655274311171494,-5.0,-3.0,-6.0,5.0,3.0,6.0,15,15,15
03604000,IC-CMA-ES,IC-CMA-ES,test,0.0255990760932844,S1,-0.02560310923272069,-3.0,-2.0,-0.008678646525696943,0.7566095358029452,0.7310064265702245,0.7396850730959215,-13.0,-14.0,-16.0,13.0,14.0,16.0,15,15,15
04015330,IC-CMA-ES,IC-CMA-ES,test,0.196079390089318,S3,0.23844480350728048,19.0,-1.0,0.18506446102706053,0.5622568090452108,0.8007016125524913,0.6156371515254307,30.0,10.0,11.0,30.0,10.0,11.0,15,15,15
04024430,IC-CMA-ES,IC-CMA-ES,test,0.1608667587394,S3,0.19500967363736854,-4.0,2.0,0.12831358901512324,0.5491304586634993,0.7441401323008678,0.6158265432857446,6.0,12.0,10.0,6.0,12.0,10.0,15,15,15
04027000,IC-CMA-ES,IC-CMA-ES,test,0.235000084730923,S3,0.2757581546232519,-5.0,1.0,0.035064099962180406,0.49690541866768057,0.7726635732909325,0.7375994733287521,-1.0,7.0,6.0,1.0,7.0,6.0,15,15,15
04040500,IC-CMA-ES,IC-CMA-ES,test,0.309607600434067,S4,0.43637258431227566,8.0,-3.0,0.04774919767847707,0.37854936338898526,0.8149219477012609,0.7671727500227838,-15.0,4.0,7.0,15.0,4.0,7.0,15,15,15
04043050,IC-CMA-ES,IC-CMA-ES,test,0.299401075000363,S3,0.4223315772537546,1.0,2.0,0.15347520558766126,0.25216420730645117,0.6744957845602058,0.5210205789725445,-1.0,2.0,0.0,1.0,2.0,0.0,15,15,15
04045500,IC-CMA-ES,IC-CMA-ES,test,0.300079815277018,S4,0.32178893927760255,36.0,-6.0,-0.07406437325037962,0.27768589934143106,0.5994748386190336,0.6735392118694132,-46.0,4.0,10.0,46.0,4.0,10.0,15,15,15
04057510,IC-CMA-ES,IC-CMA-ES,test,0.253134692886369,S3,0.23046404505940388,10.0,-5.0,-0.03182017059401443,0.33691608983612975,0.5673801348955336,0.5992003054895481,-18.0,3.0,8.0,18.0,3.0,8.0,15,15,15
04057800,IC-CMA-ES,IC-CMA-ES,test,0.334246736484748,S4,0.327230044151514,24.0,-9.0,-0.045611456131811834,0.2638267562195562,0.5910568003710702,0.6366682565028821,-34.0,1.0,10.0,34.0,1.0,10.0,15,15,15
04059500,IC-CMA-ES,IC-CMA-ES,test,0.235319790957285,S3,0.30384159287089074,14.0,-7.0,-0.03288044354046227,0.4045365227585228,0.7083781156294136,0.7412585591698758,-22.0,1.0,8.0,22.0,1.0,8.0,15,15,15
04063700,IC-CMA-ES,IC-CMA-ES,test,0.211966109984869,S3,0.17127590276003768,-2.0,2.0,0.00833875684510288,0.42405850318591054,0.5953344059459482,0.5869956491008453,-1.0,5.0,3.0,1.0,5.0,3.0,15,15,15
04074950,IC-CMA-ES,IC-CMA-ES,test,0.203272983314769,S3,0.3010640489058427,-5.0,-2.0,0.2995304520541322,0.5710463024103012,0.8721103513161439,0.5725798992620117,1.0,4.0,6.0,1.0,4.0,6.0,15,15,15
04105700,IC-CMA-ES,IC-CMA-ES,test,0.154578943663624,S3,-0.11102235616108258,-9.0,4.0,0.01338278399392867,0.7063057805646249,0.5952834244035423,0.5819006404096136,5.0,18.0,14.0,5.0,18.0,14.0,15,15,15
04115265,IC-CMA-ES,IC-CMA-ES,test,0.17692366303836,S3,-0.19522051370676463,-1.0,1.0,-0.10962413659544223,0.5666375336932734,0.3714170199865088,0.481041156581951,9.0,11.0,10.0,9.0,11.0,10.0,15,15,15
04122200,IC-CMA-ES,IC-CMA-ES,test,0.175430988197981,S3,-0.001065342708183703,0.0,-1.0,-0.00785042777359013,0.7227658432115508,0.7217005005033671,0.7295509282769572,10.0,9.0,10.0,10.0,9.0,10.0,15,15,15
04122500,IC-CMA-ES,IC-CMA-ES,test,0.184317913063151,S3,-0.038902118993933144,-12.0,-5.0,-0.025718074523899848,0.7580679913630779,0.7191658723691448,0.7448839468930446,4.0,11.0,16.0,4.0,11.0,16.0,15,15,15
04127918,IC-CMA-ES,IC-CMA-ES,test,0.290254060373262,S3,0.07968327699972544,52.0,-1.0,-0.1735093559116373,0.23863684921646156,0.318320126216187,0.4918294821278243,-53.0,0.0,1.0,53.0,0.0,1.0,15,15,15
04127997,IC-CMA-ES,IC-CMA-ES,test,0.268061615104673,S3,0.11546063509943871,-4.0,-7.0,0.03009915614023284,0.6278941206901469,0.7433547557895857,0.7132555996493528,-5.0,2.0,9.0,5.0,2.0,9.0,15,15,15
04161580,IC-CMA-ES,IC-CMA-ES,test,0.157673147023086,S3,0.01243158894563745,-3.0,1.0,0.018843759278205585,0.7114617041803746,0.723893293126012,0.7050495338478064,-2.0,6.0,5.0,2.0,6.0,5.0,15,15,15
04185000,IC-CMA-ES,IC-CMA-ES,test,0.125203448992686,S2,0.040627928911786015,0.0,0.0,0.053071550934234546,0.7946025427075089,0.8352304716192949,0.7821589206850603,-2.0,-2.0,2.0,2.0,2.0,2.0,15,15,15
04196800,IC-CMA-ES,IC-CMA-ES,test,0.099311648741759,S2,0.05394491903644727,4.0,9.0,0.041924221294095676,0.8067434246304144,0.8606883436668616,0.818764122372766,-5.0,-10.0,-1.0,5.0,10.0,1.0,15,15,15
04197100,IC-CMA-ES,IC-CMA-ES,test,0.111863760810241,S2,0.05614059973078134,3.0,3.0,0.049025894234411616,0.722935909368092,0.7790765090988734,0.7300506148644618,-6.0,-6.0,-3.0,6.0,6.0,3.0,15,15,15
04197170,IC-CMA-ES,IC-CMA-ES,test,0.10758495614117,S2,0.05520491711644038,21.0,15.0,0.03026805803308641,0.7702035418399764,0.8254084589564168,0.7951404009233304,-26.0,-20.0,-5.0,26.0,20.0,5.0,15,15,15
04213000,IC-CMA-ES,IC-CMA-ES,test,0.162227338465539,S3,0.11458365730290221,5.0,4.0,0.05941120094065333,0.709953491440767,0.8245371487436692,0.7651259478030159,-6.0,-5.0,-1.0,6.0,5.0,1.0,15,15,15
04213075,IC-CMA-ES,IC-CMA-ES,test,0.160655070848624,S3,0.01889120117145604,-17.0,-12.0,-0.017199815015466413,0.5559640970307482,0.5748552982022043,0.5920551132176707,-1.0,6.0,18.0,1.0,6.0,18.0,15,15,15
04216418,IC-CMA-ES,IC-CMA-ES,test,0.225393876789264,S3,0.19451194498451074,18.0,-2.0,0.16313130157754996,0.5978400477641788,0.7923519927486895,0.6292206911711395,-24.0,-4.0,6.0,24.0,4.0,6.0,15,15,15
04221000,IC-CMA-ES,IC-CMA-ES,test,0.207214753166224,S3,0.14664842424578384,8.0,2.0,0.12561769025981284,0.7054884242774311,0.8521368485232149,0.7265191582634021,-13.0,-7.0,5.0,13.0,7.0,5.0,15,15,15
04224775,IC-CMA-ES,IC-CMA-ES,test,0.204650190587357,S3,0.19435482267623994,-2.0,-7.0,0.13265401724585124,0.583210247735007,0.7775650704112469,0.6449110531653957,-5.0,0.0,7.0,5.0,0.0,7.0,15,15,15
04233000,IC-CMA-ES,IC-CMA-ES,test,0.169532329377697,S3,0.12083974224927452,9.0,-5.0,0.06442578079152317,0.6209082241161198,0.7417479663653943,0.6773221855738711,-15.0,-1.0,6.0,15.0,1.0,6.0,15,15,15
04256000,IC-CMA-ES,IC-CMA-ES,test,0.279703584506989,S3,0.2283138409448625,28.0,-3.0,0.12657353878751842,0.6231528453093305,0.851466686254193,0.7248931474666745,-37.0,6.0,9.0,37.0,6.0,9.0,15,15,15
04296000,IC-CMA-ES,IC-CMA-ES,test,0.273317826422307,S3,0.32969715037396474,28.0,-4.0,0.10214080822294824,0.5145776545782559,0.8442748049522206,0.7421339967292724,-33.0,1.0,5.0,33.0,1.0,5.0,15,15,15
05057200,IC-CMA-ES,IC-CMA-ES,test,0.141789208175196,S2,0.31563684126928415,25.0,32.0,0.3256124325383988,-0.05903744986195214,0.256599391407332,-0.06901304113106677,27.0,34.0,2.0,27.0,34.0,2.0,15,15,15
05120500,IC-CMA-ES,IC-CMA-ES,test,0.19176626992326,S3,-3.191602505401043,28.0,19.0,-3.1571142952488414,-1.4944651060134073,-4.68606761141445,-1.5289533161656088,32.0,23.0,4.0,32.0,23.0,4.0,15,15,15
05291000,IC-CMA-ES,IC-CMA-ES,test,0.148874500915531,S2,0.38413149385322365,-10.0,0.0,0.3454261407978332,0.3965239207839165,0.7806554146371402,0.435229273839307,9.0,19.0,19.0,9.0,19.0,19.0,15,15,15
05362000,IC-CMA-ES,IC-CMA-ES,test,0.174430982504896,S3,0.2104629782706562,11.0,1.0,0.027147401251219172,0.5159951668798008,0.726458145150457,0.6993107438992379,-15.0,5.0,4.0,15.0,5.0,4.0,15,15,15
05393500,IC-CMA-ES,IC-CMA-ES,test,0.19616986570515,S3,0.34272049917478264,12.0,-1.0,0.11129364902711247,0.5087816985951579,0.8515021977699405,0.740208548742828,-15.0,2.0,3.0,15.0,2.0,3.0,15,15,15
05399500,IC-CMA-ES,IC-CMA-ES,test,0.156958255923397,S3,0.1932149541855679,-2.0,-2.0,0.17397153420186529,0.5808081207911422,0.7740230749767101,0.6000515407748448,0.0,0.0,2.0,0.0,0.0,2.0,15,15,15
05408000,IC-CMA-ES,IC-CMA-ES,test,0.140156645371,S2,-0.042888397276550805,1.0,-3.0,-0.028380926366612935,0.802241344126189,0.7593529468496382,0.7877338732162511,16.0,12.0,15.0,16.0,12.0,15.0,15,15,15
05413500,IC-CMA-ES,IC-CMA-ES,test,0.124159245932601,S2,-0.028593724893591688,2.0,4.0,0.053372706529905334,0.6679480426024921,0.6393543177089004,0.585981611178995,12.0,14.0,10.0,12.0,14.0,10.0,15,15,15
05414000,IC-CMA-ES,IC-CMA-ES,test,0.123542293769616,S2,0.031851244519370714,-1.0,6.0,0.11731099363297037,0.4442249331022342,0.4760761776216049,0.35876518398863455,9.0,16.0,10.0,9.0,16.0,10.0,15,15,15
05444000,IC-CMA-ES,IC-CMA-ES,test,0.113352332875094,S2,0.009309591799389061,-6.0,-7.0,0.04060706551208004,0.6887279398198167,0.6980375316192058,0.6574304661071257,2.0,1.0,8.0,2.0,1.0,8.0,15,15,15
05454000,IC-CMA-ES,IC-CMA-ES,test,0.102381239516297,S2,-0.023028282485091256,2.0,1.0,-0.054546914175162775,0.6286578780700418,0.6056295955849506,0.6601765097601133,-3.0,2.0,1.0,3.0,2.0,1.0,15,15,15
05458000,IC-CMA-ES,IC-CMA-ES,test,0.122540965691067,S2,0.0542903320180117,0.0,4.0,0.06879167423180088,0.766747933842114,0.8210382658601257,0.7522465916283249,14.0,18.0,14.0,14.0,18.0,14.0,15,15,15
05466500,IC-CMA-ES,IC-CMA-ES,test,0.107102802145215,S2,-0.0008803937196506517,-2.0,-1.0,0.0008980426692923871,0.8246970646021092,0.8238166708824586,0.8229186282131662,3.0,4.0,5.0,3.0,4.0,5.0,15,15,15
05487980,IC-CMA-ES,IC-CMA-ES,test,0.0964519167641938,S2,-0.006694732744843668,-1.0,0.0,-0.022414447097553913,0.7151759095979315,0.7084811768530879,0.7308956239506418,2.0,3.0,3.0,2.0,3.0,3.0,15,15,15
05488200,IC-CMA-ES,IC-CMA-ES,test,0.10182137585369,S2,0.030462955758919552,0.0,-3.0,0.012062844678551565,0.7307994235833202,0.7612623793422397,0.7491995346636882,5.0,2.0,5.0,5.0,2.0,5.0,15,15,15
05489000,IC-CMA-ES,IC-CMA-ES,test,0.0977424681708028,S2,0.012753433848622042,6.0,6.0,-0.008111468511361464,0.6299070198920692,0.6426604537406913,0.6507719222520527,7.0,7.0,1.0,7.0,7.0,1.0,15,15,15
05495000,IC-CMA-ES,IC-CMA-ES,test,0.0965623589589288,S2,-0.006269748433314626,-1.0,-2.0,-0.011369341861618087,0.8338512562577651,0.8275815078244505,0.8389508496860686,1.0,0.0,2.0,1.0,0.0,2.0,15,15,15
05495500,IC-CMA-ES,IC-CMA-ES,test,0.0758324970984556,S2,0.018910799878015916,-1.0,-1.0,-0.0035675602427441833,0.8198844643939984,0.8387952642720143,0.8423628245147585,1.0,1.0,2.0,1.0,1.0,2.0,15,15,15
05501000,IC-CMA-ES,IC-CMA-ES,test,0.0805965933083467,S2,-0.01957944432152736,0.0,0.0,-0.02577433289071096,0.6611423350347496,0.6415628907132223,0.6673372236039332,-1.0,1.0,1.0,1.0,1.0,1.0,15,15,15
05503800,IC-CMA-ES,IC-CMA-ES,test,0.0832843857982754,S2,-0.026820117495975793,3.0,1.0,-0.024150585927593893,0.703628211219066,0.6768080937230903,0.7009586796506841,-3.0,-1.0,0.0,3.0,1.0,0.0,15,15,15
05507600,IC-CMA-ES,IC-CMA-ES,test,0.0742633892998097,S2,-0.006759966978095777,0.0,0.0,-0.06564651621153494,0.7410814818125281,0.7343215148344323,0.7999680310459673,0.0,0.0,0.0,0.0,0.0,0.0,15,15,15
05508805,IC-CMA-ES,IC-CMA-ES,test,0.075793058486455,S2,-0.010590171990619512,0.0,0.0,-0.027876567045899248,0.8242106280028423,0.8136204560122228,0.841497023058122,0.0,0.0,0.0,0.0,0.0,0.0,15,15,15
05525500,IC-CMA-ES,IC-CMA-ES,test,0.0775662992910571,S2,0.00385527751853465,2.0,5.0,0.01466768130751328,0.8475860182682985,0.8514412957868331,0.8367736144793199,-3.0,-6.0,1.0,3.0,6.0,1.0,15,15,15
05556500,IC-CMA-ES,IC-CMA-ES,test,0.106987814559373,S2,0.0014190051204190368,-2.0,0.0,0.02673449611183787,0.7949864537413945,0.7964054588618136,0.7696709627499757,0.0,-2.0,2.0,0.0,2.0,2.0,15,15,15
05584500,IC-CMA-ES,IC-CMA-ES,test,0.0864765586667042,S2,0.0044053810651253356,0.0,0.0,-0.008262699086377445,0.7585430475679321,0.7629484286330575,0.7712111277194349,0.0,0.0,0.0,0.0,0.0,0.0,15,15,15
05591550,IC-CMA-ES,IC-CMA-ES,test,0.0692516054963585,S2,0.0036965087799344376,0.0,-1.0,-0.010196587271652291,0.643316521161316,0.6470130299412504,0.6572096172129027,1.0,0.0,1.0,1.0,0.0,1.0,15,15,15
05592050,IC-CMA-ES,IC-CMA-ES,test,0.0740889287495313,S2,-0.010043939189478324,4.0,1.0,0.009045835070548458,0.6998894197554625,0.6898454805659842,0.6807996454954357,-4.0,-1.0,0.0,4.0,1.0,0.0,15,15,15
05592575,IC-CMA-ES,IC-CMA-ES,test,0.0638801924050215,S2,-0.034287433447718896,6.0,0.0,0.012247710550920776,0.6522245321618674,0.6179370987141485,0.6056893881632277,-6.0,0.0,0.0,6.0,0.0,0.0,15,15,15
05593575,IC-CMA-ES,IC-CMA-ES,test,0.0547473552431735,S2,-0.07353166185593873,6.0,1.0,-0.03609001274690948,0.8846486502403914,0.8111169883844527,0.8472070011313622,-7.0,-2.0,-1.0,7.0,2.0,1.0,15,15,15
05593900,IC-CMA-ES,IC-CMA-ES,test,0.0734339258739105,S2,0.009699512033614854,1.0,0.0,-0.003514046131931736,0.8124839851897465,0.8221834972233614,0.8256975433552931,-2.0,-1.0,-1.0,2.0,1.0,1.0,15,15,15
05595730,IC-CMA-ES,IC-CMA-ES,test,0.05667164669358,S2,-0.039599356274427455,-5.0,-5.0,-0.0396694546792451,0.7748577402312362,0.7352583839568088,0.7749278386360539,-1.0,-1.0,-6.0,1.0,1.0,6.0,15,15,15
06221400,IC-CMA-ES,IC-CMA-ES,test,0.714826752405444,S5,0.7385215399041332,66.0,16.0,0.32981922554748566,-0.05614017434923624,0.6823813655548969,0.35256214000741126,-84.0,-34.0,-18.0,84.0,34.0,18.0,15,15,15
06224000,IC-CMA-ES,IC-CMA-ES,test,0.693901350936104,S5,0.719557788902667,47.0,11.0,0.3053665955071546,0.01989746740955234,0.7394552563122193,0.4340886608050647,-66.0,-30.0,-19.0,66.0,30.0,19.0,15,15,15
06278300,IC-CMA-ES,IC-CMA-ES,test,0.732862235334757,S5,0.6994174032926053,35.0,9.0,0.2565646596915776,0.10597876452119825,0.8053961678138035,0.5488315081222259,-36.0,-10.0,1.0,36.0,10.0,1.0,15,15,15
06280300,IC-CMA-ES,IC-CMA-ES,test,0.666773488915146,S5,0.7695184079547187,40.0,13.0,0.15458002075584343,0.08683731346350154,0.8563557214182203,0.7017757006623768,-49.0,-22.0,-9.0,49.0,22.0,9.0,15,15,15
06289000,IC-CMA-ES,IC-CMA-ES,test,0.583642806430044,S5,0.31091169724628054,13.0,1.0,0.023526479410631018,0.5436527990085717,0.8545644962548522,0.8310380168442212,-15.0,3.0,2.0,15.0,3.0,2.0,15,15,15
06291500,IC-CMA-ES,IC-CMA-ES,test,0.404772816694431,S4,0.11549254955105626,12.5,1.0,-0.023424523861706015,0.5602495682048935,0.6757421177559497,0.6991666416176557,-20.5,-9.0,-8.0,20.5,9.0,8.0,14,14,14
06311000,IC-CMA-ES,IC-CMA-ES,test,0.57382796016244,S5,0.37079333212126475,8.0,-4.0,0.012960817508740785,0.4906900700450353,0.8614834021663,0.8485225846575593,-13.0,-1.0,5.0,13.0,1.0,5.0,15,15,15
06332515,IC-CMA-ES,IC-CMA-ES,test,0.173914615394175,S3,0.2715313121594459,-1.0,1.0,0.2891299525855009,0.016301111704261406,0.28783242386370733,-0.0012975287217935616,43.0,45.0,44.0,43.0,45.0,44.0,15,15,15
06339100,IC-CMA-ES,IC-CMA-ES,test,0.160349274004295,S3,0.24339385056686447,17.0,14.0,0.16335957799296863,0.028933201593512647,0.2723270521603771,0.10896747416740848,28.0,25.0,11.0,28.0,25.0,11.0,15,15,15
06344600,IC-CMA-ES,IC-CMA-ES,test,0.162624033289867,S3,0.13195163355000483,23.0,24.0,0.15873018096818547,0.05666784845580852,0.18861948200581335,0.02988930103762788,51.0,52.0,28.0,51.0,52.0,28.0,15,15,15
06350000,IC-CMA-ES,IC-CMA-ES,test,0.164913327830338,S3,0.31739161004005156,11.0,47.0,0.08697367305438775,-0.03245651909794334,0.2849350909421082,0.19796141788772048,28.0,64.0,17.0,28.0,64.0,17.0,15,15,15
06352000,IC-CMA-ES,IC-CMA-ES,test,0.168403955596369,S3,0.47909888018518865,11.0,16.0,0.28662514828465824,-0.052655772274020185,0.42644310791116846,0.13981795962651022,27.0,32.0,16.0,27.0,32.0,16.0,15,15,15
06404000,IC-CMA-ES,IC-CMA-ES,test,0.191294358675479,S3,0.0132218002029455,-8.0,-4.0,-0.0375158504852553,0.7473499063878755,0.760571706590821,0.7980875570760763,-1.0,5.0,9.0,1.0,5.0,9.0,15,15,15
06406000,IC-CMA-ES,IC-CMA-ES,test,0.167832878351021,S3,-0.0674616695948993,-1.0,-4.0,0.01185989479606575,0.5841120209975592,0.5166503514026599,0.5047904566065942,13.0,10.0,14.0,13.0,10.0,14.0,15,15,15
06409000,IC-CMA-ES,IC-CMA-ES,test,0.343337176611808,S4,-0.108313082722586,6.0,6.0,-0.09324657144135162,0.42504155701416646,0.31672847429158046,0.4099750457329321,12.0,12.0,6.0,12.0,12.0,6.0,15,15,15
06431500,IC-CMA-ES,IC-CMA-ES,test,0.36993144167527,S4,-0.07276198616584839,-3.0,-4.0,0.24227316012774025,0.6639688648171829,0.5912068786513345,0.3489337185235942,-5.0,-4.0,8.0,5.0,4.0,8.0,15,15,15
06440200,IC-CMA-ES,IC-CMA-ES,test,0.140805850137048,S2,0.05340003859575704,-2.0,-3.0,-0.11790172253299014,0.16763945863468943,0.22103949723044647,0.3389412197634366,-1.0,0.0,3.0,1.0,0.0,3.0,15,15,15
06447500,IC-CMA-ES,IC-CMA-ES,test,0.155649176414783,S3,0.9356270711523569,2.0,5.0,1.2356539018957922,-0.43377873132070177,0.5018483398316551,-0.733805562064137,42.0,45.0,40.0,42.0,45.0,40.0,15,15,15
06470800,IC-CMA-ES,IC-CMA-ES,test,0.14718946482151,S2,0.21017598271435745,6.0,8.0,0.15310197686198168,0.26876617009699844,0.4789421528113559,0.3258401759493742,-7.0,-9.0,1.0,7.0,9.0,1.0,15,15,15
06477500,IC-CMA-ES,IC-CMA-ES,test,0.132381124658994,S2,-0.20455390315402655,1.0,2.0,-0.2215283482103081,0.3488335545105442,0.14427965135651766,0.36580799956682575,-1.0,-2.0,0.0,1.0,2.0,0.0,15,15,15
06479215,IC-CMA-ES,IC-CMA-ES,test,0.164751422321796,S3,0.00845751091745206,19.0,10.0,0.08585442586252479,0.227587068805418,0.23604457972287007,0.1501901538603453,23.0,14.0,4.0,23.0,14.0,4.0,15,15,15
06601000,IC-CMA-ES,IC-CMA-ES,test,0.105879368005318,S2,0.06881370833881528,-2.0,8.0,0.025454969754997836,0.42819425850191584,0.4970079668407311,0.4715529970857333,16.0,26.0,18.0,16.0,26.0,18.0,15,15,15
06614800,IC-CMA-ES,IC-CMA-ES,test,0.760476738091987,S5,0.9805174896893875,89.0,20.0,0.32265204426126337,-0.09115495019389974,0.8893625394954877,0.5667104952342243,-90.0,-21.0,1.0,90.0,21.0,1.0,15,15,15
06622700,IC-CMA-ES,IC-CMA-ES,test,0.717691988588396,S5,0.7951113918443629,45.0,3.0,0.22653714703603833,0.08060019073789915,0.875711582582262,0.6491744355462237,-53.0,-11.0,8.0,53.0,11.0,8.0,15,15,15
06623800,IC-CMA-ES,IC-CMA-ES,test,0.753935609059572,S5,0.9087721217910576,55.0,12.0,0.2904602647588994,0.015494251355584243,0.9242663731466418,0.6338061083877424,-59.0,-16.0,4.0,59.0,16.0,4.0,15,15,15
06632400,IC-CMA-ES,IC-CMA-ES,test,0.744511869620645,S5,0.7194747423324617,41.0,1.0,0.0995099337049632,0.08426583878358995,0.8037405811160516,0.7042306474110884,-50.0,-10.0,9.0,50.0,10.0,9.0,15,15,15
06746095,IC-CMA-ES,IC-CMA-ES,test,0.728744289492069,S5,0.8725331395599251,94.0,20.0,0.4868399343700649,-0.17162246943142256,0.7009106701285025,0.2140707357584376,-97.0,-23.0,-3.0,97.0,23.0,3.0,15,15,15
06803510,IC-CMA-ES,IC-CMA-ES,test,0.0940475934983777,S2,-0.17164898028845865,-4.0,-7.0,-0.057357574113354404,0.1664584385385477,-0.00519054174991096,0.052167032363443444,-3.0,0.0,7.0,3.0,0.0,7.0,15,15,15
06803530,IC-CMA-ES,IC-CMA-ES,test,0.0991958577666237,S2,0.16210850077791195,-1.0,-1.0,0.06965997366787047,0.4852344271647304,0.6473429279426424,0.5776829542747719,-1.0,-1.0,2.0,1.0,1.0,2.0,15,15,15
06814000,IC-CMA-ES,IC-CMA-ES,test,0.0902842088456011,S2,-0.028707702435397664,-2.0,-2.0,-0.06963995621309149,0.8141574654715784,0.7854497630361807,0.8550897192492722,0.0,0.0,2.0,0.0,0.0,2.0,15,15,15
06847900,IC-CMA-ES,IC-CMA-ES,test,0.102382584534704,S2,0.0713232230867119,-7.0,-7.0,-0.01023693438079587,0.2635934282032171,0.334916651289929,0.34515358567072485,0.0,0.0,-7.0,0.0,0.0,7.0,15,15,15
06853800,IC-CMA-ES,IC-CMA-ES,test,0.104135741933305,S2,0.0708924202720157,12.0,-8.0,0.034356416528591116,0.49058645564062975,0.5614788759126454,0.5271224593840543,-21.0,-1.0,-9.0,21.0,1.0,9.0,15,15,15
06876700,IC-CMA-ES,IC-CMA-ES,test,0.0796113854216262,S2,0.02916466050650568,-3.0,-1.0,0.10451344471689561,0.5225715321622433,0.551736192668749,0.44722274795185335,0.0,2.0,3.0,0.0,2.0,3.0,15,15,15
06878000,IC-CMA-ES,IC-CMA-ES,test,0.0727867121382812,S2,0.0965865398156025,2.0,-1.0,-0.005179181380010278,0.541775462974355,0.6383620027899575,0.6435411841699678,-3.0,0.0,-1.0,3.0,0.0,1.0,15,15,15
06879650,IC-CMA-ES,IC-CMA-ES,test,0.0672497335190048,S2,0.015561103361883877,2.0,2.0,-0.0012448311280341962,0.3404587240560851,0.356019827417969,0.3572646585460032,-2.0,2.0,0.0,2.0,2.0,0.0,15,15,15
06885500,IC-CMA-ES,IC-CMA-ES,test,0.0842987262187572,S2,0.030773709086505785,0.0,7.0,0.06919603546439757,0.6577716310055169,0.6885453400920227,0.6193493046276252,-4.0,11.0,-4.0,4.0,11.0,4.0,15,15,15
06888500,IC-CMA-ES,IC-CMA-ES,test,0.0703719655848806,S2,-0.0026935483699591645,0.0,-1.0,-0.025557333423772755,0.5266977442698031,0.5240041958998439,0.5495615293236167,4.0,3.0,4.0,4.0,3.0,4.0,15,15,15
06889200,IC-CMA-ES,IC-CMA-ES,test,0.0716152496141078,S2,0.005661374039027889,-1.0,0.0,-0.018033850738685686,0.5659031360757258,0.5715645101147537,0.5895983608534394,0.0,1.0,1.0,0.0,1.0,1.0,15,15,15
06889500,IC-CMA-ES,IC-CMA-ES,test,0.069599735811632,S2,-0.020555207513923035,0.0,0.0,0.0060564568880513425,0.7600618047358115,0.7395065972218885,0.7334501403338372,0.0,0.0,0.0,0.0,0.0,0.0,15,15,15
06892000,IC-CMA-ES,IC-CMA-ES,test,0.0715178249456991,S2,0.00018940525659782992,-1.0,-1.0,-0.015067507560708737,0.7819689054087906,0.7821583106653884,0.7972258182260972,1.0,1.0,-2.0,1.0,1.0,2.0,15,15,15
06903400,IC-CMA-ES,IC-CMA-ES,test,0.0979262678501136,S2,-0.007920642260785815,-1.0,0.0,-0.026778264246225647,0.653591827628025,0.6456711853672392,0.6724494496134649,4.0,5.0,5.0,4.0,5.0,5.0,15,15,15
06906800,IC-CMA-ES,IC-CMA-ES,test,0.0604504736826071,S2,0.053476162774771185,-13.0,-13.0,0.005843173681068459,0.6927747945987651,0.7462509573735363,0.7404077836924678,0.0,0.0,13.0,0.0,0.0,13.0,15,15,15
06910800,IC-CMA-ES,IC-CMA-ES,test,0.0613066358092003,S2,-0.02695459312959292,2.0,-3.0,-0.06995098584459447,0.6034818130447148,0.5765272199151219,0.6464782057597164,5.0,0.0,3.0,5.0,0.0,3.0,15,15,15
06911900,IC-CMA-ES,IC-CMA-ES,test,0.0618531603753962,S2,-0.017523179441103154,-2.0,-2.0,-0.03306184529199019,0.7666105446817605,0.7490873652406573,0.7821492105326475,1.0,1.0,3.0,1.0,1.0,3.0,15,15,15
06917000,IC-CMA-ES,IC-CMA-ES,test,0.05107020470328,S2,-0.007948682587907041,0.0,1.0,-0.011641359957000552,0.8411970214519433,0.8332483388640363,0.8448896988210368,0.0,-1.0,0.0,0.0,1.0,0.0,15,15,15
06918460,IC-CMA-ES,IC-CMA-ES,test,0.0498588468679264,S1,0.009091443954427847,-5.0,-3.0,0.011374518821429258,0.6081206393651,0.6172120833195278,0.6058375644980986,1.0,3.0,6.0,1.0,3.0,6.0,15,15,15
06919500,IC-CMA-ES,IC-CMA-ES,test,0.0494466083766876,S1,-0.001967234683684982,-2.0,5.0,-0.003397221503684822,0.8472738014345126,0.8453065667508276,0.8487037882545124,2.0,9.0,4.0,2.0,9.0,4.0,15,15,15
06921070,IC-CMA-ES,IC-CMA-ES,test,0.0601238372834516,S2,-0.1368919049778453,-5.0,-4.0,-0.057999187774315675,0.6354717139881503,0.49857980901030496,0.5565789967846206,-1.0,2.0,6.0,1.0,2.0,6.0,15,15,15
06921200,IC-CMA-ES,IC-CMA-ES,test,0.0572554270612204,S2,0.054459180005882346,-1.0,-1.0,0.08302362799893015,0.4130652584026845,0.46752443840856683,0.3845008104096367,0.0,0.0,1.0,0.0,0.0,1.0,15,15,15
07057500,IC-CMA-ES,IC-CMA-ES,test,0.0564394367095807,S2,0.014402535029383379,2.0,0.0,0.016094748103691048,0.6809141371302389,0.6953166721596222,0.6792219240559312,-3.0,1.0,-1.0,3.0,1.0,1.0,15,15,15
07060710,IC-CMA-ES,IC-CMA-ES,test,0.0509984831292569,S2,0.015294717600431218,13.0,-2.0,-0.01678981743358554,0.7006411263234535,0.7159358439238848,0.7327256613574703,-24.0,-9.0,-11.0,24.0,9.0,11.0,15,15,15
07066000,IC-CMA-ES,IC-CMA-ES,test,0.0562313137196695,S2,-0.0024389698137339266,0.0,-1.0,-0.008531737141131313,0.7481374638412626,0.7456984940275286,0.75423023116866,-7.0,-6.0,-7.0,7.0,6.0,7.0,15,15,15
07083000,IC-CMA-ES,IC-CMA-ES,test,0.710599947836907,S5,0.9536719434393996,70.0,16.0,0.16922405712035582,-0.03772507249548718,0.9159468709439125,0.7467228138235567,-71.0,-17.0,-1.0,71.0,17.0,1.0,15,15,15
07142300,IC-CMA-ES,IC-CMA-ES,test,0.0867916780002227,S2,-0.21839224616171493,15.0,-1.0,-0.014533199587573042,-0.08840444677692805,-0.306796692938643,-0.29226349335106994,-19.0,-3.0,-4.0,19.0,3.0,4.0,15,15,15
07145700,IC-CMA-ES,IC-CMA-ES,test,0.0617611519704068,S2,0.039991552577346434,-1.0,0.0,0.045813160784547335,0.7007604982443495,0.7407520508216959,0.6949388900371486,0.0,-1.0,-1.0,0.0,1.0,1.0,15,15,15
07167500,IC-CMA-ES,IC-CMA-ES,test,0.0520689190916616,S2,0.005266567003229805,-2.0,0.0,0.009633041823076227,0.8194623491698997,0.8247289161731295,0.8150958743500533,3.0,5.0,5.0,3.0,5.0,5.0,15,15,15
07180500,IC-CMA-ES,IC-CMA-ES,test,0.0557846206828486,S2,-0.0055494645592892855,-9.0,-8.0,0.002445403696326287,0.8255942432920651,0.8200447787327758,0.8175993750364495,2.0,3.0,11.0,2.0,3.0,11.0,15,15,15
07184000,IC-CMA-ES,IC-CMA-ES,test,0.0453576175844397,S1,-0.00546373525272803,0.0,0.0,-0.015462107852379114,0.6688002009796303,0.6633364657269023,0.6787985735792814,1.0,1.0,1.0,1.0,1.0,1.0,15,15,15
07195800,IC-CMA-ES,IC-CMA-ES,test,0.0482364215180522,S1,-0.00777595384942531,-2.0,-1.0,-0.009269191355437911,0.7238352918702642,0.7160593380208389,0.7253285293762768,1.0,2.0,3.0,1.0,2.0,3.0,15,15,15
07196900,IC-CMA-ES,IC-CMA-ES,test,0.0460986315040519,S1,0.0023286314129775665,1.0,0.0,0.0015260273738771923,0.7003978393792791,0.7027264707922567,0.7012004434183795,-2.0,1.0,1.0,2.0,1.0,1.0,15,15,15
07197000,IC-CMA-ES,IC-CMA-ES,test,0.0408010944755726,S1,-0.022211940891217696,2.0,0.0,0.010580217769011968,0.8441806759394066,0.8219687350481889,0.8113885172791769,-2.0,0.0,0.0,2.0,0.0,0.0,15,15,15
07208500,IC-CMA-ES,IC-CMA-ES,test,0.333134983679482,S4,0.4538591361437402,5.0,15.0,0.21740141527622947,-0.00043311944371171585,0.45342601670002847,0.236024601423799,-12.0,22.0,7.0,12.0,22.0,7.0,15,15,15
07261000,IC-CMA-ES,IC-CMA-ES,test,0.0378060990134872,S1,0.0006406342878222393,0.0,0.0,-0.0012163573949696138,0.7322724941471965,0.7329131284350188,0.7341294858299884,0.0,0.0,0.0,0.0,0.0,0.0,15,15,15
07263295,IC-CMA-ES,IC-CMA-ES,test,0.0310455107281904,S1,0.010070629419433819,2.0,3.0,0.010686286731995898,0.7929467707921832,0.803017400211617,0.7923311134796212,-3.0,-4.0,-1.0,3.0,4.0,1.0,15,15,15
07291000,IC-CMA-ES,IC-CMA-ES,test,0.003569389743915,S1,-0.0005037315842517653,0.0,6.0,0.007868097675761687,0.7313733974438628,0.730869665859611,0.7230015681838493,-7.0,-13.0,-7.0,7.0,13.0,7.0,15,15,15
07299670,IC-CMA-ES,IC-CMA-ES,test,0.02913235345217,S1,0.048067224108687245,-1.0,-25.0,0.046717558552644145,0.34982280120204345,0.3978900253107307,0.35117246675808655,-35.0,-11.0,-36.0,35.0,11.0,36.0,15,15,15
07301410,IC-CMA-ES,IC-CMA-ES,test,0.0754167591358171,S2,-0.008998885470214768,0.0,0.0,0.030622379378275943,0.3329761898066228,0.32397730433640803,0.2933549249581321,1.0,1.0,1.0,1.0,1.0,1.0,15,15,15
07315200,IC-CMA-ES,IC-CMA-ES,test,0.0162560388991893,S1,0.15921375641282565,-16.0,-5.0,0.1536777707374396,0.19897939331757353,0.3581931497303992,0.20451537899295957,-9.0,-20.0,-25.0,9.0,20.0,25.0,15,15,15
07315700,IC-CMA-ES,IC-CMA-ES,test,0.0208161228801737,S1,0.01941203165424743,0.0,0.0,0.17896466704517788,0.4269429622393729,0.4463549938936203,0.26739032684844244,-2.0,-2.0,-2.0,2.0,2.0,2.0,15,15,15
07335700,IC-CMA-ES,IC-CMA-ES,test,0.0430162960741129,S1,0.01627955588103336,0.0,-1.0,0.017365805290535885,0.5730641351665449,0.5893436910475782,0.5719778857570423,3.0,2.0,3.0,3.0,2.0,3.0,15,15,15
07340300,IC-CMA-ES,IC-CMA-ES,test,0.0385678054509223,S1,0.0037158876657690243,1.0,1.0,-0.006511729036621894,0.7599733359182488,0.7636892235840178,0.7702009526206397,-1.0,-1.0,0.0,1.0,1.0,0.0,15,15,15
07346045,IC-CMA-ES,IC-CMA-ES,test,0.0168897938562348,S1,-0.008571314970751809,0.0,0.0,-0.0034593573443868486,0.8138749324330501,0.8053036174622983,0.8087629748066851,1.0,1.0,1.0,1.0,1.0,1.0,15,15,15
07359610,IC-CMA-ES,IC-CMA-ES,test,0.0301790248613661,S1,0.012494204399170705,-1.0,1.0,-0.008121053645353982,0.7457789117011882,0.7582731161003589,0.7663941697457128,-11.0,-13.0,-12.0,11.0,13.0,12.0,15,15,15
07362100,IC-CMA-ES,IC-CMA-ES,test,0.0183234657917035,S1,0.0348245730389416,0.0,0.0,0.018966597081544023,0.7329075195081108,0.7677320925470524,0.7487654954655084,-3.0,-3.0,-3.0,3.0,3.0,3.0,15,15,15
07362587,IC-CMA-ES,IC-CMA-ES,test,0.0366380668861851,S1,0.012305943873937242,3.0,3.0,0.0034119119429034672,0.6658562223408973,0.6781621662148345,0.674750254271931,-3.0,-3.0,0.0,3.0,3.0,0.0,15,15,15
07375000,IC-CMA-ES,IC-CMA-ES,test,0.0005081655254214,S1,-0.0010030512171682604,5.0,1.0,-0.0029669970442672833,0.6698270549372154,0.6688240037200471,0.6717910007643144,-7.0,-3.0,-2.0,7.0,3.0,2.0,15,15,15
08013000,IC-CMA-ES,IC-CMA-ES,test,0.0032863361803717,S1,0.0005150220644776216,-1.0,-2.0,0.04554964817149787,0.49440969832917625,0.49492472039365387,0.449375072222156,-9.0,-8.0,-10.0,9.0,8.0,10.0,15,15,15
08014500,IC-CMA-ES,IC-CMA-ES,test,0.0022457658116513,S1,0.024312126640502085,3.0,5.0,-0.007120266271108067,0.5856723844190876,0.6099845110595897,0.6171047773306978,-6.0,-8.0,-3.0,6.0,8.0,3.0,15,15,15
08023080,IC-CMA-ES,IC-CMA-ES,test,0.0072046599774758,S1,-0.008691519242492118,0.0,1.0,-0.007064494029162871,0.8351748464251176,0.8264833271826255,0.8335478212117884,-11.0,-12.0,-11.0,11.0,12.0,11.0,15,15,15
08050800,IC-CMA-ES,IC-CMA-ES,test,0.0196728968786143,S1,0.19103672526875948,-2.0,-2.0,0.02465300236864909,-0.3282182523511208,-0.1371815270823613,-0.1618345294510104,-8.0,-8.0,-10.0,8.0,8.0,10.0,15,15,15
08066200,IC-CMA-ES,IC-CMA-ES,test,0.0023206818433828,S1,-0.019727029022327702,-2.0,-1.0,-0.030724552300849473,0.5509333022221197,0.531206273199792,0.5619308255006414,-15.0,-16.0,-17.0,15.0,16.0,17.0,15,15,15
08066300,IC-CMA-ES,IC-CMA-ES,test,0.0017530511421341,S1,-0.06844244927556209,-4.0,0.0,0.0025582774656253138,0.39490598045440106,0.326463531178839,0.32390525371321366,-13.0,-17.0,-17.0,13.0,17.0,17.0,15,15,15
08070000,IC-CMA-ES,IC-CMA-ES,test,0.0023807368074233,S1,-0.01924400158438888,-2.0,-4.0,-0.03462205786696537,0.5500795516735162,0.5308355500891273,0.5654576079560927,-6.0,-4.0,-8.0,6.0,4.0,8.0,15,15,15
08070200,IC-CMA-ES,IC-CMA-ES,test,0.0024550978464837,S1,0.05198074581938261,-9.0,-9.0,0.053625236205560256,0.5961410563190896,0.6481218021384723,0.594496565932912,-4.0,-4.0,-13.0,4.0,4.0,13.0,15,15,15
08082700,IC-CMA-ES,IC-CMA-ES,test,0.0128021384845558,S1,0.045627840463884795,7.0,7.0,0.04572717983242336,0.26985466892918464,0.31548250939306943,0.2697553295606461,-47.0,-47.0,-40.0,47.0,47.0,40.0,15,15,15
08086212,IC-CMA-ES,IC-CMA-ES,test,0.0131862313964449,S1,0.030995289719519148,-11.0,-18.0,-0.10473057603303981,0.4879227938538607,0.5189180835733799,0.6236486596064197,-8.0,-1.0,-19.0,8.0,1.0,19.0,15,15,15
08086290,IC-CMA-ES,IC-CMA-ES,test,0.0128799846435909,S1,-0.028373257795109463,-16.0,31.0,0.04205672223049628,0.4221112907014072,0.3937380329062977,0.35168131067580144,-1.0,-48.0,-17.0,1.0,48.0,17.0,15,15,15
08101000,IC-CMA-ES,IC-CMA-ES,test,0.0091795525039557,S1,0.052935575369160826,0.0,-3.0,-0.035015751489586355,0.6769717766856261,0.729907352054787,0.7649231035443733,-10.0,-7.0,-10.0,10.0,7.0,10.0,15,15,15
08103900,IC-CMA-ES,IC-CMA-ES,test,0.0092842421517583,S1,0.020808422661779402,1.0,1.0,0.014246881369136433,0.642088051031211,0.6628964736929904,0.648649592323854,-2.0,-2.0,1.0,2.0,2.0,1.0,15,15,15
08104900,IC-CMA-ES,IC-CMA-ES,test,0.0093596117977168,S1,-0.03934845373333351,0.0,3.0,0.007276448745332176,0.5788596346432555,0.539511180909922,0.5322347321645898,-21.0,-24.0,-21.0,21.0,24.0,21.0,15,15,15
08109700,IC-CMA-ES,IC-CMA-ES,test,0.0051361625387599,S1,-0.07887114187982547,-10.0,-10.0,-0.07592090403549512,0.7822764372312412,0.7034052953514157,0.7793261993869108,-3.0,-3.0,-13.0,3.0,3.0,13.0,15,15,15
08150800,IC-CMA-ES,IC-CMA-ES,test,0.0082340595135767,S1,-0.09067683067970977,-1.0,1.0,0.00151721064560284,0.30118397045888956,0.21050713977917979,0.20898992913357695,1.0,3.0,2.0,1.0,3.0,2.0,15,15,15
08158700,IC-CMA-ES,IC-CMA-ES,test,0.0064753537654614,S1,-0.18143952191717017,-9.0,-8.5,-0.19744851506509098,0.317474071894437,0.13603454997726683,0.3334830650423578,-2.0,-2.5,-11.0,2.0,2.5,11.0,14,14,14
08158810,IC-CMA-ES,IC-CMA-ES,test,0.0058462589398929,S1,-0.024949777066818668,2.0,10.0,0.046217079810461525,0.5584766681154959,0.5335268910486772,0.4873098112382157,-6.0,-14.0,-4.0,6.0,14.0,4.0,15,15,15
08164300,IC-CMA-ES,IC-CMA-ES,test,0.0021354784821483,S1,-0.005481732838421793,-4.0,-4.0,0.0017131355078739974,0.7409641688600099,0.7354824360215881,0.7337693005137141,-1.0,-1.0,-5.0,1.0,1.0,5.0,15,15,15
08164600,IC-CMA-ES,IC-CMA-ES,test,0.0008978831137086,S1,0.01442930413983734,0.0,-1.0,0.022398603378622428,0.7333359314658683,0.7477652356057056,0.7253666322270832,-2.0,-1.0,-2.0,2.0,1.0,2.0,15,15,15
08165300,IC-CMA-ES,IC-CMA-ES,test,0.0056160383836324,S1,0.20373718988687273,4.0,-3.0,-0.043845586281125115,-0.5701295639858572,-0.3663923740989845,-0.3225467878178594,31.0,24.0,27.0,31.0,24.0,27.0,15,15,15
08171300,IC-CMA-ES,IC-CMA-ES,test,0.0043200262623378,S1,0.023969914611465915,0.0,-6.0,0.19164254536516223,0.5739514550623154,0.5979213696737813,0.40627882430861906,-13.0,-7.0,-13.0,13.0,7.0,13.0,15,15,15
08175000,IC-CMA-ES,IC-CMA-ES,test,0.0022293177664445,S1,-0.09504220548636688,1.0,1.0,-0.03369596131144781,0.7076456041756652,0.6126033986892984,0.6462993600007462,1.0,1.0,0.0,1.0,1.0,0.0,15,15,15
08176900,IC-CMA-ES,IC-CMA-ES,test,0.0018005933498891,S1,0.0012021354953116736,-9.0,-11.0,0.006676027670065365,0.7034115896432664,0.7046137251385781,0.6979376974685128,-18.0,-16.0,-27.0,18.0,16.0,27.0,15,15,15
08178880,IC-CMA-ES,IC-CMA-ES,test,0.0030449353276083,S1,0.05398137956224791,6.0,4.0,0.05297740134195861,0.41097290058297986,0.46495428014522777,0.41197687880326916,-6.0,4.0,0.0,6.0,4.0,0.0,15,15,15
08189500,IC-CMA-ES,IC-CMA-ES,test,0.0016287321026845,S1,0.23632505708132157,0.0,0.0,-0.059314555706620364,0.33801673294242907,0.5743417900237506,0.633656345730371,0.0,0.0,0.0,0.0,0.0,0.0,15,15,15
08190000,IC-CMA-ES,IC-CMA-ES,test,0.0037075564040486,S1,-0.017395246728975744,2.0,-19.0,0.028295786827513325,0.6977920333288117,0.6803967865998359,0.6521009997723226,-23.0,-2.0,-21.0,23.0,2.0,21.0,15,15,15
08190500,IC-CMA-ES,IC-CMA-ES,test,0.0044907633248583,S1,1.1462274990168335,0.0,0.0,-0.062493138460414266,-0.7824972535759878,0.36373024544084576,0.42622338390126,0.0,0.0,0.0,0.0,0.0,0.0,15,15,15
08194200,IC-CMA-ES,IC-CMA-ES,test,0.0005535601264272,S1,-0.09429452484867085,-58.0,-55.0,-0.06566828519876511,0.30956005471344383,0.215265529864773,0.2809338150635381,-7.0,-10.0,-65.0,7.0,10.0,65.0,15,15,15
08195000,IC-CMA-ES,IC-CMA-ES,test,0.0043576302166992,S1,-0.03040728773498591,-7.0,0.0,0.03333033890702419,0.36991097820921326,0.33950369047422735,0.30617335156720316,-11.0,-18.0,-18.0,11.0,18.0,18.0,15,15,15
08196000,IC-CMA-ES,IC-CMA-ES,test,0.0023896281867178,S1,-0.04742413299967063,2.0,13.0,0.12397848661516098,0.436170963122992,0.38874683012332134,0.26476834350816036,2.0,-13.0,0.0,2.0,13.0,0.0,15,15,15
08198500,IC-CMA-ES,IC-CMA-ES,test,0.0030982528891208,S1,-0.012226897685409965,0.0,0.0,-0.01697220417094314,0.37438922140392994,0.36216232371852,0.3791345278894631,1.0,1.0,1.0,1.0,1.0,1.0,15,15,15
08200000,IC-CMA-ES,IC-CMA-ES,test,0.0026284470487446,S1,-0.019476506126147153,0.0,5.0,-0.00753684331677551,0.4876316927421799,0.4681551866160327,0.47569202993280824,0.0,-5.0,0.0,0.0,5.0,0.0,15,15,15
08202700,IC-CMA-ES,IC-CMA-ES,test,0.002762016493395,S1,0.009161968380889451,0.0,0.0,0.10145048708110449,0.4046409806385247,0.41380294901941417,0.3123524619383097,0.0,0.0,0.0,0.0,0.0,0.0,10,10,10
08267500,IC-CMA-ES,IC-CMA-ES,test,0.471388008193727,S4,0.6792965377295301,36.0,3.0,0.18981467150582043,0.07977419332382985,0.75907073105336,0.5692560595475396,-38.0,-5.0,2.0,38.0,5.0,2.0,15,15,15
08269000,IC-CMA-ES,IC-CMA-ES,test,0.401645682298287,S4,0.4288341930104683,25.0,6.0,-0.008164597803748563,0.24738686856813252,0.6762210615786008,0.6843856593823494,-25.0,6.0,0.0,25.0,6.0,0.0,15,15,15
08271000,IC-CMA-ES,IC-CMA-ES,test,0.48400245009705,S4,0.754600660174767,33.0,0.0,0.258708316964368,0.02582335013485748,0.7804240103096245,0.5217156933452565,-38.0,-5.0,5.0,38.0,5.0,5.0,15,15,15
08324000,IC-CMA-ES,IC-CMA-ES,test,0.365429081915842,S4,0.05118404131853427,15.0,-2.0,-0.10369705443088872,0.49336922844212117,0.5445532697606554,0.6482503241915442,-18.0,-1.0,-3.0,18.0,1.0,3.0,15,15,15
08377900,IC-CMA-ES,IC-CMA-ES,test,0.466213354634129,S4,0.7240507289882651,42.0,9.0,0.2417156962676088,0.17686326106582528,0.9009139900540903,0.6591982937864815,-43.0,-10.0,1.0,43.0,10.0,1.0,15,15,15
08378500,IC-CMA-ES,IC-CMA-ES,test,0.449989328985624,S4,0.5182332977645839,40.0,8.0,-0.0059914184712971386,0.21141442029982205,0.729647718064406,0.7356391365357031,-40.0,-8.0,0.0,40.0,8.0,0.0,15,15,15
08380500,IC-CMA-ES,IC-CMA-ES,test,0.291104431145414,S3,0.26084445001272305,22.0,-11.0,0.1392139350277104,0.3569430593630335,0.6177875093757565,0.47857357434804615,-36.0,-3.0,14.0,36.0,3.0,14.0,15,15,15
09035800,IC-CMA-ES,IC-CMA-ES,test,0.703715181667891,S5,0.6605939864203656,59.0,11.0,0.03358102405228358,0.10007745357348807,0.7606714399938537,0.7270904159415701,-59.0,-11.0,0.0,59.0,11.0,0.0,15,15,15
09035900,IC-CMA-ES,IC-CMA-ES,test,0.689823885415144,S5,0.8193975009322825,51.0,10.0,0.10271162437655568,0.07872308241556181,0.8981205833478443,0.7954089589712886,-55.0,-14.0,-4.0,55.0,14.0,4.0,15,15,15
09047700,IC-CMA-ES,IC-CMA-ES,test,0.626945100722261,S5,0.6703158177827705,29.0,-2.0,0.06231617286013591,0.1861254965219652,0.8564413143047357,0.7941251414445998,-33.0,2.0,4.0,33.0,2.0,4.0,15,15,15
09065500,IC-CMA-ES,IC-CMA-ES,test,0.715530725661926,S5,0.9711470579722177,60.0,24.0,0.3911466322115814,-0.0728346168872871,0.8983124410849306,0.5071658088733492,-60.0,-24.0,0.0,60.0,24.0,0.0,15,15,15
09066000,IC-CMA-ES,IC-CMA-ES,test,0.682272756610747,S5,0.8743241695482195,45.0,15.0,0.2177503406762611,0.009287079174553736,0.8836112487227732,0.6658609080465121,-46.0,-16.0,-1.0,46.0,16.0,1.0,15,15,15
09066200,IC-CMA-ES,IC-CMA-ES,test,0.712216418137875,S5,0.9389095006431868,62.0,17.0,0.3045018014439388,-0.07685450635576929,0.8620549942874175,0.5575531928434787,-64.0,-19.0,-2.0,64.0,19.0,2.0,15,15,15
09066300,IC-CMA-ES,IC-CMA-ES,test,0.688317497264152,S5,0.8104992090861955,47.0,10.0,0.22428255965748545,0.046234059984097686,0.8567332690702932,0.6324507094128078,-50.0,-13.0,-3.0,50.0,13.0,3.0,15,15,15
09081600,IC-CMA-ES,IC-CMA-ES,test,0.66474212387336,S5,0.8743368764425183,64.0,27.0,0.1821317439223864,-0.031387026663079354,0.842949849779439,0.6608181058570526,-64.0,-27.0,0.0,64.0,27.0,0.0,15,15,15
09107000,IC-CMA-ES,IC-CMA-ES,test,0.672583021372504,S5,0.6234834224301928,45.0,0.0,-0.04002191638870689,0.19042306814875598,0.8139064905789488,0.8539284069676557,-45.0,0.0,0.0,45.0,0.0,0.0,15,15,15
09210500,IC-CMA-ES,IC-CMA-ES,test,0.65472507476901,S5,0.4307542624485363,19.0,-1.0,0.03553958931243617,0.441930370940107,0.8726846333886433,0.8371450440762072,-21.0,1.0,2.0,21.0,1.0,2.0,15,15,15
09223000,IC-CMA-ES,IC-CMA-ES,test,0.698323179997837,S5,0.48974865686423463,37.0,2.0,-0.12398590936786258,0.24314150371495158,0.7328901605791862,0.8568760699470488,-37.0,2.0,0.0,37.0,2.0,0.0,15,15,15
09306242,IC-CMA-ES,IC-CMA-ES,test,0.35800746386243,S4,0.4327738735369897,24.0,0.0,0.6603169168217389,-0.15671837615665063,0.2760554973803391,-0.3842614194413998,-25.0,1.0,-1.0,25.0,1.0,1.0,15,15,15
09312600,IC-CMA-ES,IC-CMA-ES,test,0.604725963590861,S5,0.2274836717816604,2.0,-1.0,-0.23599532755821495,0.33794921966552494,0.5654328914471853,0.8014282190054003,-9.0,-6.0,-7.0,9.0,6.0,7.0,15,15,15
09352900,IC-CMA-ES,IC-CMA-ES,test,0.633893898746821,S5,0.7824999575378804,71.0,13.0,0.22342305596943457,0.05399888592584157,0.8364988434637219,0.6130757874942874,-72.0,-14.0,1.0,72.0,14.0,1.0,15,15,15
09378170,IC-CMA-ES,IC-CMA-ES,test,0.504005221672301,S5,0.4854774877945196,15.0,-1.0,-0.000984562473492434,0.11601457975437113,0.6014920675488907,0.6024766300223832,-19.0,-3.0,-4.0,19.0,3.0,4.0,15,15,15
09386900,IC-CMA-ES,IC-CMA-ES,test,0.307507544080434,S4,0.33907729301901224,16.0,5.0,0.08997342817092635,0.09514272057247708,0.4342200135914893,0.34424658542056297,-17.0,6.0,1.0,17.0,6.0,1.0,15,15,15
09404450,IC-CMA-ES,IC-CMA-ES,test,0.423599939585063,S4,0.06738528362734053,-10.0,6.0,-0.7050644299235952,-0.3668213316969178,-0.29943604806957724,0.40562838185401795,16.0,32.0,26.0,16.0,32.0,26.0,15,15,15
09430600,IC-CMA-ES,IC-CMA-ES,test,0.21287165392999,S3,0.04612948473921963,-4.0,-7.0,0.04629041565621239,0.251760349209463,0.2978898339486826,0.25159941829247023,-4.0,-1.0,-8.0,4.0,1.0,8.0,15,15,15
09447800,IC-CMA-ES,IC-CMA-ES,test,0.0394826699276366,S1,0.1453725050405621,23.0,14.0,0.13862547763621813,-1.1436977291204729,-0.9983252240799108,-1.1369507017161289,-38.0,-29.0,-15.0,38.0,29.0,15.0,15,15,15
09484600,IC-CMA-ES,IC-CMA-ES,test,0.0101482581857307,S1,-0.0023356012414128546,-2.0,6.0,0.003950775746256574,0.04214121800526205,0.039805616763849194,0.03585484101759262,-58.0,-66.0,-60.0,58.0,66.0,60.0,15,15,15
09492400,IC-CMA-ES,IC-CMA-ES,test,0.271766261706385,S3,0.08174815990204676,34.0,9.0,-0.06840272836826744,0.32184790003138286,0.4035960599334296,0.47199878830169706,-34.0,-9.0,0.0,34.0,9.0,0.0,15,15,15
09494000,IC-CMA-ES,IC-CMA-ES,test,0.235554110470522,S3,0.04896248801793057,17.0,-9.0,-0.039638541713404196,0.5263377945820441,0.5753002825999747,0.6149388243133789,-26.0,0.0,-9.0,26.0,0.0,9.0,15,15,15
09497980,IC-CMA-ES,IC-CMA-ES,test,0.0796650506390503,S2,0.046084493150565176,9.0,5.0,0.0429693152724514,0.6354170989102141,0.6815015920607793,0.6385322767883279,-18.0,-14.0,-9.0,18.0,14.0,9.0,15,15,15
09505350,IC-CMA-ES,IC-CMA-ES,test,0.198936492502152,S3,0.2029026321017121,8.0,-2.0,0.18703980950127796,0.115475058990268,0.3183776910919801,0.13133788159070214,-12.0,-2.0,-4.0,12.0,2.0,4.0,15,15,15
09505800,IC-CMA-ES,IC-CMA-ES,test,0.284069099376475,S3,0.311138083491976,15.0,12.0,0.16769017923764584,-0.24440768390280065,0.06673039958917537,-0.10095977964847047,-18.0,-15.0,-3.0,18.0,15.0,3.0,15,15,15
09508300,IC-CMA-ES,IC-CMA-ES,test,0.0401188085303456,S1,-0.16658893396495744,15.0,7.0,-0.1613594034019532,0.8322938273276822,0.6657048933627248,0.827064296764678,-17.0,-9.0,2.0,17.0,9.0,2.0,15,15,15
09510200,IC-CMA-ES,IC-CMA-ES,test,0.0061243701078094,S1,0.04617395463378304,4.0,3.0,0.030039218775756105,0.7487342977656084,0.7949082523993914,0.7648690336236353,-24.0,-23.0,-20.0,24.0,23.0,20.0,15,15,15
09512280,IC-CMA-ES,IC-CMA-ES,test,0.0046420695661842,S1,0.00012817406417997557,0.0,0.0,-0.03459980528637019,0.39819563806908587,0.39832381213326584,0.43292361741963603,-1.0,-1.0,-1.0,1.0,1.0,1.0,15,15,15
09513780,IC-CMA-ES,IC-CMA-ES,test,0.0042560892003911,S1,0.004854034112088179,0.0,-5.0,-0.006123529467910949,0.5845486569894831,0.5894026911015713,0.5955262205694822,-13.0,-8.0,-13.0,13.0,8.0,13.0,15,15,15
10234500,IC-CMA-ES,IC-CMA-ES,test,0.632069679226265,S5,0.34310235533556965,21.0,-6.0,-0.008548820063541074,0.43428075157649615,0.7773831069120658,0.7859319269756069,-28.0,-1.0,7.0,28.0,1.0,7.0,15,15,15
10244950,IC-CMA-ES,IC-CMA-ES,test,0.656356436998628,S5,-0.025862581081364522,-12.0,0.0,0.055159159011330616,0.7091911075573577,0.6833285264759932,0.6281693674646626,-7.0,19.0,19.0,7.0,19.0,19.0,15,15,15
10259000,IC-CMA-ES,IC-CMA-ES,test,0.0335249004621377,S1,0.07143060112790012,-1.0,-22.0,-0.05687299910182764,0.6267011845280108,0.6981317856559109,0.7550047847577386,22.0,1.0,23.0,22.0,1.0,23.0,15,15,15
10336645,IC-CMA-ES,IC-CMA-ES,test,0.665304872565722,S5,0.42316775914902727,42.0,18.0,0.35267492799110145,0.41561831144043926,0.8387860705894665,0.4861111425983651,-45.0,-21.0,-3.0,45.0,21.0,3.0,15,15,15
10336660,IC-CMA-ES,IC-CMA-ES,test,0.668727842270536,S5,0.375384760028589,49.0,26.0,0.47776518787228517,0.4388926090602474,0.8142773690888364,0.33651218121655124,-55.0,-32.0,-6.0,55.0,32.0,6.0,15,15,15
10343500,IC-CMA-ES,IC-CMA-ES,test,0.714981248450698,S5,0.26797212498259615,18.0,1.0,0.2910028521140635,0.4985743177876456,0.7665464427702418,0.47554359065617824,-27.0,-10.0,-9.0,27.0,10.0,9.0,15,15,15
11124500,IC-CMA-ES,IC-CMA-ES,test,0.0230381055615776,S1,0.07138314676123492,-2.0,-1.0,0.07473058704571955,0.7322287880029195,0.8036119347641544,0.7288813477184348,0.0,-1.0,-2.0,0.0,1.0,2.0,15,15,15
11141280,IC-CMA-ES,IC-CMA-ES,test,0.0007877803924076,S1,-0.03007376257485772,-3.0,1.0,-0.0037728070900562294,0.8434259502752964,0.8133521877004387,0.8171249947904949,0.0,4.0,3.0,0.0,4.0,3.0,15,15,15
11143000,IC-CMA-ES,IC-CMA-ES,test,0.0254379399486261,S1,-0.00417358916137045,0.0,1.0,-0.0012014008487373218,0.8736268650047639,0.8694532758433935,0.8706546766921308,-9.0,-10.0,-9.0,9.0,10.0,9.0,15,15,15
11148900,IC-CMA-ES,IC-CMA-ES,test,0.003526794606684,S1,-0.013356666018303542,3.0,0.0,-0.009272153725915722,0.8223018999345092,0.8089452339162057,0.8182173876421214,-3.0,0.0,0.0,3.0,0.0,0.0,15,15,15
11151300,IC-CMA-ES,IC-CMA-ES,test,0.0038403901400884,S1,-0.08934382872933255,4.0,4.0,-0.09423125981276914,0.7116725394370025,0.6223287107076699,0.7165599705204391,-6.0,-6.0,-2.0,6.0,6.0,2.0,15,15,15
11176400,IC-CMA-ES,IC-CMA-ES,test,0.016307003804813,S1,-0.05591395493318174,0.0,0.0,-0.14307236109862242,0.3434043552499453,0.28749040031676354,0.43056276141538596,-1.0,-1.0,-1.0,1.0,1.0,1.0,15,15,15
11230500,IC-CMA-ES,IC-CMA-ES,test,0.902963679881608,S5,0.5295854069046801,69.0,8.0,0.06896811501529598,-0.0014971001819099605,0.5280883067227702,0.4591201917074742,-76.0,-15.0,7.0,76.0,15.0,7.0,15,15,15
11237500,IC-CMA-ES,IC-CMA-ES,test,0.749856960685691,S5,0.5281674428853497,39.0,11.0,0.18316381095902712,0.23566690547299884,0.7638343483583485,0.5806705373993214,-44.0,-16.0,5.0,44.0,16.0,5.0,15,15,15
11264500,IC-CMA-ES,IC-CMA-ES,test,0.90632692590849,S5,0.5831463064023318,50.0,23.0,0.19343050660468886,0.2658200636716791,0.8489663700740109,0.655535863469322,-52.0,-25.0,2.0,52.0,25.0,2.0,15,15,15
11266500,IC-CMA-ES,IC-CMA-ES,test,0.885217452223562,S5,0.5328020085050567,44.0,19.0,0.19468293490445432,0.33009448047266177,0.8628964889777184,0.6682135540732641,-48.0,-23.0,4.0,48.0,23.0,4.0,15,15,15
11284400,IC-CMA-ES,IC-CMA-ES,test,0.0365047230850116,S1,0.024207245398951915,5.0,5.0,0.03772731118412875,0.8104307734888607,0.8346380188878126,0.7969107077036839,-8.0,-8.0,-3.0,8.0,8.0,3.0,15,15,15
11381500,IC-CMA-ES,IC-CMA-ES,test,0.165026130486202,S3,-0.018976137181638153,-3.0,-3.0,-0.018361131602681158,0.7364987869419566,0.7175226497603184,0.7358837813629996,-3.0,-3.0,6.0,3.0,3.0,6.0,15,15,15
11451100,IC-CMA-ES,IC-CMA-ES,test,0.123536359034925,S2,0.0014738677028982572,1.0,1.0,-0.003994914052350751,0.6858793503826621,0.6873532180855604,0.6913481321379111,-8.0,-8.0,-7.0,8.0,8.0,7.0,15,15,15
11468500,IC-CMA-ES,IC-CMA-ES,test,0.000524205133848,S1,0.008552284941848565,-4.0,-5.0,0.0057606092497692885,0.8220295270073236,0.8305818119491721,0.8248212026994028,-6.0,-5.0,-10.0,6.0,5.0,10.0,15,15,15
11473900,IC-CMA-ES,IC-CMA-ES,test,0.262478357358648,S3,-0.059845410493880924,6.0,4.0,-0.083186314505315,0.8247257683140411,0.7648803578201602,0.8480666723254752,-9.0,-7.0,-3.0,9.0,7.0,3.0,15,15,15
11475560,IC-CMA-ES,IC-CMA-ES,test,0.138629337971597,S2,-0.033306365313290565,1.0,3.0,-0.035083289314368216,0.6910816454710089,0.6577752801577184,0.6928585694720866,-2.0,-4.0,-1.0,2.0,4.0,1.0,15,15,15
11476600,IC-CMA-ES,IC-CMA-ES,test,0.0120106292964887,S1,-0.0005207394315527303,0.0,0.0,-0.003971782467488749,0.8227577662781735,0.8222370268466208,0.8262088093141096,-8.0,-8.0,-8.0,8.0,8.0,8.0,15,15,15
11478500,IC-CMA-ES,IC-CMA-ES,test,0.157314421019928,S3,-0.014727102583119933,6.0,6.0,-0.015181947480548574,0.6726051114122011,0.6578780088290812,0.6730599563096298,-6.0,-6.0,0.0,6.0,6.0,0.0,15,15,15
11480390,IC-CMA-ES,IC-CMA-ES,test,0.299512506046178,S3,-0.09638775072629957,1.0,-4.0,-0.08639256827272579,0.5891449341373525,0.4927571834110529,0.5791497516837787,-5.0,0.0,4.0,5.0,0.0,4.0,15,15,15
11481200,IC-CMA-ES,IC-CMA-ES,test,0.0016368255310898,S1,0.005420710020854647,0.0,0.0,0.0077688992188874595,0.8484625360777174,0.853883246098572,0.8461143468796846,-10.0,-10.0,-10.0,10.0,10.0,10.0,15,15,15
11482500,IC-CMA-ES,IC-CMA-ES,test,0.0131812044990649,S1,-0.0028560910551411745,0.0,0.0,-0.0039143151860414616,0.7778221031157725,0.7749660120606313,0.7788803272466728,-6.0,-6.0,-6.0,6.0,6.0,6.0,15,15,15
11522500,IC-CMA-ES,IC-CMA-ES,test,0.249129777057898,S3,-0.02697201293735496,19.0,16.0,-0.025463178061497782,0.7549563973302129,0.727984384392858,0.7534475624543557,-19.0,-16.0,0.0,19.0,16.0,0.0,15,15,15
11523200,IC-CMA-ES,IC-CMA-ES,test,0.431707151976883,S4,0.23387342541362366,29.0,25.0,0.21619004894417848,0.5111175082087098,0.7449909336223335,0.528800884678155,-44.0,-40.0,-15.0,44.0,40.0,15.0,15,15,15
11528700,IC-CMA-ES,IC-CMA-ES,test,0.271305322327506,S3,-0.04967527724788767,-2.0,-3.0,-0.04952663076791952,0.5647262208723113,0.5150509436244236,0.5645775743923431,-1.0,0.0,3.0,1.0,0.0,3.0,15,15,15
11532500,IC-CMA-ES,IC-CMA-ES,test,0.0485353765496996,S1,0.003511094312401264,0.0,0.0,0.004089014324217488,0.8819464590578111,0.8854575533702124,0.8813685390459949,-17.0,-17.0,-17.0,17.0,17.0,17.0,15,15,15
12010000,IC-CMA-ES,IC-CMA-ES,test,0.0236362361738051,S1,0.008037756447711542,1.0,0.0,-0.0007612111078877382,0.8209394309457468,0.8289771873934584,0.8297383985013461,-1.0,0.0,0.0,1.0,0.0,0.0,15,15,15
12013500,IC-CMA-ES,IC-CMA-ES,test,0.0174156764185481,S1,-0.0013078565021367172,0.0,0.0,-0.004328574699950072,0.9253671275161756,0.9240592710140388,0.9283878457139889,-3.0,-3.0,-3.0,3.0,3.0,3.0,15,15,15
12020000,IC-CMA-ES,IC-CMA-ES,test,0.043553396693619,S1,0.013108568691440059,1.0,1.0,0.012208981818827458,0.6588610515838718,0.6719696202753118,0.6597606384564844,-4.0,-4.0,-3.0,4.0,4.0,3.0,15,15,15
12025700,IC-CMA-ES,IC-CMA-ES,test,0.0905767573548292,S2,0.02280145635623021,7.0,6.0,0.02300152827945634,0.7309759625758758,0.753777418932106,0.7307758906526497,-12.0,-11.0,-5.0,12.0,11.0,5.0,15,15,15
12035000,IC-CMA-ES,IC-CMA-ES,test,0.0220218880896681,S1,0.0046762018112221915,0.0,1.0,-0.0022306558224165496,0.8419949538475313,0.8466711556587535,0.84890181148117,-5.0,-6.0,-5.0,5.0,6.0,5.0,15,15,15
12040500,IC-CMA-ES,IC-CMA-ES,test,0.0670917839751389,S2,0.012272664640928688,3.0,1.0,0.003057922777938704,0.654367547787852,0.6666402124287807,0.663582289650842,-7.0,-5.0,-4.0,7.0,5.0,4.0,15,15,15
12041200,IC-CMA-ES,IC-CMA-ES,test,0.179574104744132,S3,0.004798871906315116,11.0,9.0,0.01721711242363244,0.6121187966084741,0.6169176685147892,0.5997005560911568,-14.0,-12.0,-3.0,14.0,12.0,3.0,15,15,15
12048000,IC-CMA-ES,IC-CMA-ES,test,0.498197653251076,S4,0.0892881806385446,42.0,36.0,0.06727387850381039,0.29792832968869065,0.38721651032723525,0.31994263182342486,-44.0,-38.0,2.0,44.0,38.0,2.0,15,15,15
12054000,IC-CMA-ES,IC-CMA-ES,test,0.379149578248129,S4,-0.005118549691313312,6.0,8.0,-0.00604061639766007,0.6952910865633766,0.6901725368720633,0.6962131532697233,-19.0,-21.0,13.0,19.0,21.0,13.0,15,15,15
12056500,IC-CMA-ES,IC-CMA-ES,test,0.338574932035289,S4,-0.023292362484796825,16.0,16.0,-0.021956611930968983,0.6071734241068606,0.5838810616220638,0.6058376735530328,-18.0,-18.0,-2.0,18.0,18.0,2.0,15,15,15
12073500,IC-CMA-ES,IC-CMA-ES,test,0.0156016658711511,S1,-0.02007810359422013,1.0,-2.0,0.00031530476321761647,0.79282600697022,0.7727479033759999,0.7724325986127822,-5.0,-2.0,-4.0,5.0,2.0,4.0,15,15,15
12082500,IC-CMA-ES,IC-CMA-ES,test,0.39878651405721,S4,0.11284379314550186,30.0,29.0,0.09007062937143717,0.7330288051758596,0.8458725983213614,0.7558019689499242,-31.0,-30.0,-1.0,31.0,30.0,1.0,15,15,15
12092000,IC-CMA-ES,IC-CMA-ES,test,0.513670726431351,S5,0.1664823891563345,21.0,28.0,0.1378439510287981,0.6246675435303086,0.7911499326866431,0.653305981657845,-35.0,-42.0,-14.0,35.0,42.0,14.0,15,15,15
12114500,IC-CMA-ES,IC-CMA-ES,test,0.40651703888364,S4,0.1927848034261016,48.0,44.0,0.17087153908429642,0.6803312376908639,0.8731160411169655,0.7022445020326691,-53.0,-49.0,5.0,53.0,49.0,5.0,15,15,15
12115000,IC-CMA-ES,IC-CMA-ES,test,0.338944352402744,S4,0.13570080454315758,45.0,40.0,0.11679987144585402,0.7347896446205648,0.8704904491637224,0.7536905777178684,-46.0,-41.0,1.0,46.0,41.0,1.0,15,15,15
12117000,IC-CMA-ES,IC-CMA-ES,test,0.12519943348901,S2,0.016334184922520367,4.0,3.0,0.011430582026629832,0.9008068239621736,0.917141008884694,0.9057104268580641,-8.0,-7.0,-4.0,8.0,7.0,4.0,15,15,15
12143600,IC-CMA-ES,IC-CMA-ES,test,0.311622046373118,S4,0.14059631739060652,42.0,37.0,0.09527478746334739,0.7281239963427015,0.868720313733308,0.7734455262699607,-43.0,-38.0,-1.0,43.0,38.0,1.0,15,15,15
12144000,IC-CMA-ES,IC-CMA-ES,test,0.220551545924003,S3,0.10498628438680524,27.0,19.0,0.0724782342120156,0.7815887238209246,0.8865750082077298,0.8140967739957142,-36.0,-28.0,-9.0,36.0,28.0,9.0,15,15,15
12145500,IC-CMA-ES,IC-CMA-ES,test,0.0448546378807159,S1,-0.004616423364509181,1.0,1.0,-0.007061447648783914,0.9435064058325984,0.9388899824680892,0.9459514301168731,-5.0,-5.0,-4.0,5.0,5.0,4.0,15,15,15
12147500,IC-CMA-ES,IC-CMA-ES,test,0.159041201436992,S3,0.02695605692063885,7.0,6.0,0.028904831078223614,0.6703970426016104,0.6973530995222492,0.6684482684440256,-21.0,-20.0,-14.0,21.0,20.0,14.0,15,15,15
12167000,IC-CMA-ES,IC-CMA-ES,test,0.131187744738816,S2,0.0330200223750271,5.0,5.0,0.037042960043730866,0.7686921672135584,0.8017121895885855,0.7646692295448546,-26.0,-26.0,-21.0,26.0,26.0,21.0,15,15,15
12175500,IC-CMA-ES,IC-CMA-ES,test,0.690360443229126,S5,0.505155610207664,93.0,41.0,0.6257202395862869,0.2720032447073826,0.7771588549150465,0.15143861532875968,-100.0,-48.0,-7.0,100.0,48.0,7.0,15,15,15
12178100,IC-CMA-ES,IC-CMA-ES,test,0.52956688772688,S5,0.24143767517933334,62.0,58.0,0.2115048700364307,0.5601636005889086,0.8016012757682419,0.5900964057318112,-65.0,-61.0,3.0,65.0,61.0,3.0,15,15,15
12186000,IC-CMA-ES,IC-CMA-ES,test,0.435652191884185,S4,0.18085617925064557,65.0,57.0,0.14929024742866082,0.5343517700728648,0.7152079493235104,0.5659177018948496,-66.0,-58.0,1.0,66.0,58.0,1.0,15,15,15
12189500,IC-CMA-ES,IC-CMA-ES,test,0.457875714546575,S4,0.16355601388295704,36.0,37.0,0.15455577434536627,0.6419219639906153,0.8054779778735723,0.6509222035282061,-43.0,-44.0,7.0,43.0,44.0,7.0,15,15,15
12375900,IC-CMA-ES,IC-CMA-ES,test,0.606515526539202,S5,0.7546977341074917,79.0,25.0,0.28115267330283944,0.0982969117037582,0.85299464581125,0.5718419725084105,-82.0,-28.0,-3.0,82.0,28.0,3.0,15,15,15
12377150,IC-CMA-ES,IC-CMA-ES,test,0.719886653780668,S5,0.9246088073960664,114.0,31.0,0.4924242887634388,-0.05523064125735533,0.8693781661387111,0.3769538773752723,-119.0,-36.0,-5.0,119.0,36.0,5.0,15,15,15
12381400,IC-CMA-ES,IC-CMA-ES,test,0.594005153419735,S5,0.7268350370544778,48.0,8.0,0.09455161406918766,0.06619322367407332,0.7930282607285511,0.6984766466593635,-54.0,-14.0,-6.0,54.0,14.0,6.0,15,15,15
12383500,IC-CMA-ES,IC-CMA-ES,test,0.612621722100952,S5,0.7744467130814521,54.0,11.0,0.17460443703924955,0.016916340658024387,0.7913630537394765,0.6167586167002269,-60.0,-17.0,-6.0,60.0,17.0,6.0,15,15,15
12390700,IC-CMA-ES,IC-CMA-ES,test,0.519487009712609,S5,0.4603794079635517,38.0,1.0,0.09342098477276939,0.3247430541683425,0.7851224621318942,0.6917014773591248,-39.0,-2.0,1.0,39.0,2.0,1.0,15,15,15
12411000,IC-CMA-ES,IC-CMA-ES,test,0.464485512558355,S4,0.48666039453307397,42.0,3.0,0.13729105956127963,0.31002268647713804,0.796683081010212,0.6593920214489324,-46.0,-7.0,-4.0,46.0,7.0,4.0,15,15,15
12447390,IC-CMA-ES,IC-CMA-ES,test,0.777311497508566,S5,0.7547642237171935,101.0,-2.0,0.12156169747991286,-0.08143787077881193,0.6733263529383816,0.5517646554584688,-106.0,-3.0,5.0,106.0,3.0,5.0,15,15,15
12451000,IC-CMA-ES,IC-CMA-ES,test,0.716767081202258,S5,0.789977767945555,79.0,30.0,0.40556608951659123,0.05257132258230701,0.842549090527862,0.43698300101127074,-86.0,-37.0,-7.0,86.0,37.0,7.0,15,15,15
12488500,IC-CMA-ES,IC-CMA-ES,test,0.641918995401996,S5,0.5660365066227713,59.0,9.0,0.2319291157431893,0.27842353397672825,0.8444600405994995,0.6125309248563102,-61.0,-11.0,-2.0,61.0,11.0,2.0,15,15,15
13011500,IC-CMA-ES,IC-CMA-ES,test,0.658713268212353,S5,0.7937131845615295,47.0,11.0,0.15843541051811738,-0.05520360471067254,0.738509579850857,0.5800741693327396,-51.0,-15.0,-4.0,51.0,15.0,4.0,15,15,15
13011900,IC-CMA-ES,IC-CMA-ES,test,0.704607069419076,S5,0.8082754805014537,51.0,7.0,0.09876647586181919,0.00954995305013251,0.8178254335515862,0.719058957689767,-60.0,-16.0,-9.0,60.0,16.0,9.0,15,15,15
13018300,IC-CMA-ES,IC-CMA-ES,test,0.65711853695655,S5,0.8255138523604666,48.0,3.0,0.1250037108787918,0.0985216529343319,0.9240355052947985,0.7990317944160067,-51.0,-6.0,-3.0,51.0,6.0,3.0,15,15,15
13023000,IC-CMA-ES,IC-CMA-ES,test,0.646858624758436,S5,0.6538451659766805,44.0,2.0,-0.0010422699045651296,0.22254563809922923,0.8763908040759097,0.8774330739804749,-46.0,-4.0,-2.0,46.0,4.0,2.0,15,15,15
13161500,IC-CMA-ES,IC-CMA-ES,test,0.518679342368851,S5,0.08801653554458078,3.0,0.0,0.006324938053847817,0.580652923280746,0.6686694588253268,0.662344520771479,4.0,-1.0,-1.0,4.0,1.0,1.0,15,15,15
13235000,IC-CMA-ES,IC-CMA-ES,test,0.677895075896552,S5,0.6111081586580854,42.0,2.0,0.04129795491260002,0.16320496187493772,0.7743131205330231,0.7330151656204231,-52.0,-12.0,-10.0,52.0,12.0,10.0,15,15,15
13240000,IC-CMA-ES,IC-CMA-ES,test,0.726533471798391,S5,0.761186013800217,50.0,17.0,0.18672732181633767,-0.0269157358136074,0.7342702779866096,0.5475429561702719,-55.0,-22.0,-5.0,55.0,22.0,5.0,15,15,15
13313000,IC-CMA-ES,IC-CMA-ES,test,0.744536050209931,S5,0.6655859663220874,45.0,-3.0,0.03954417556225065,0.08002596820328411,0.7456119345253716,0.7060677589631209,-56.0,-8.0,-11.0,56.0,8.0,11.0,15,15,15
13331500,IC-CMA-ES,IC-CMA-ES,test,0.55788094452843,S5,0.5519537700482711,41.0,10.0,0.1408422697936914,0.24620904743198813,0.7981628174802592,0.6573205476865678,-48.0,-17.0,-7.0,48.0,17.0,7.0,15,15,15
14020000,IC-CMA-ES,IC-CMA-ES,test,0.355358222004398,S4,0.18498855992099306,19.0,1.0,0.1301974482615157,0.566972059646377,0.75196061956737,0.6217631713058543,-24.0,-6.0,-5.0,24.0,6.0,5.0,15,15,15
14096850,IC-CMA-ES,IC-CMA-ES,test,0.244750228496234,S3,0.3019818088678179,8.0,1.0,-0.02717290934692962,0.15536669618780208,0.45734850505561997,0.4845214144025496,-9.0,-2.0,-1.0,9.0,2.0,1.0,15,15,15
14137000,IC-CMA-ES,IC-CMA-ES,test,0.324496374801996,S4,0.038358454229177386,14.0,12.0,0.024238741239726913,0.8054044040423558,0.8437628582715332,0.8195241170318063,-14.0,-12.0,0.0,14.0,12.0,0.0,15,15,15
14138800,IC-CMA-ES,IC-CMA-ES,test,0.317266212149897,S4,0.03837737080342585,15.0,17.0,0.013464700752381709,0.7864084310902071,0.8247858018936329,0.8113211011412512,-20.0,-22.0,5.0,20.0,22.0,5.0,15,15,15
14138870,IC-CMA-ES,IC-CMA-ES,test,0.229049355466927,S3,0.038901830653666813,10.0,10.0,0.03007703843385834,0.7416783491115768,0.7805801797652436,0.7505031413313853,-12.0,-12.0,-2.0,12.0,12.0,2.0,15,15,15
14138900,IC-CMA-ES,IC-CMA-ES,test,0.221358389006793,S3,0.016017299799734874,10.0,9.0,0.003224867831589262,0.8481715292652589,0.8641888290649937,0.8609639612334045,-11.0,-10.0,-1.0,11.0,10.0,1.0,15,15,15
14139800,IC-CMA-ES,IC-CMA-ES,test,0.183197955663698,S3,0.008271468062146847,6.0,7.0,-0.004158689432474216,0.862597486093303,0.8708689541554498,0.8750276435879241,-11.0,-12.0,-5.0,11.0,12.0,5.0,15,15,15
14141500,IC-CMA-ES,IC-CMA-ES,test,0.142882264769743,S2,0.03948950662981465,12.0,5.0,0.020875445903397738,0.825144302435776,0.8646338090655906,0.8437583631621929,-15.0,-8.0,-3.0,15.0,8.0,3.0,15,15,15
14154500,IC-CMA-ES,IC-CMA-ES,test,0.135550710091939,S2,0.029621314573761715,8.0,6.0,0.019408561705645533,0.8881459313071054,0.9177672458808671,0.8983586841752216,-15.0,-13.0,-7.0,15.0,13.0,7.0,15,15,15
14158790,IC-CMA-ES,IC-CMA-ES,test,0.365056630377127,S4,0.13779659146035073,26.0,25.0,0.11410474107571456,0.7197743235847069,0.8575709150450577,0.7434661739693431,-26.0,-25.0,0.0,26.0,25.0,0.0,15,15,15
14166500,IC-CMA-ES,IC-CMA-ES,test,0.0106763012784076,S1,0.0004961444913474944,2.0,1.0,0.015632823068537305,0.8583279457878885,0.858824090279236,0.8431912672106987,-3.0,-2.0,-1.0,3.0,2.0,1.0,15,15,15
14182500,IC-CMA-ES,IC-CMA-ES,test,0.146759311242181,S2,0.04411543964240827,7.0,6.0,0.04450835684679899,0.7891042299351837,0.833219669577592,0.788711312730793,-12.0,-11.0,-5.0,12.0,11.0,5.0,15,15,15
14185000,IC-CMA-ES,IC-CMA-ES,test,0.178107252284554,S3,0.03203999034934368,12.0,10.0,0.019398380716031616,0.8911124172264241,0.9231524075757678,0.9037540268597362,-12.0,-10.0,0.0,12.0,10.0,0.0,15,15,15
14185900,IC-CMA-ES,IC-CMA-ES,test,0.187297518505713,S3,0.051307326328109415,15.0,13.0,0.04247635794945026,0.8489256793576063,0.9002330056857157,0.8577566477362655,-20.0,-18.0,-5.0,20.0,18.0,5.0,15,15,15
14187000,IC-CMA-ES,IC-CMA-ES,test,0.0895194173938424,S2,0.015790748277245137,10.0,8.0,0.008490849435891734,0.9184080137118479,0.934198761989093,0.9257079125532013,-12.0,-10.0,-2.0,12.0,10.0,2.0,15,15,15
14216500,IC-CMA-ES,IC-CMA-ES,test,0.295816183757834,S3,0.12109395014838387,26.0,24.0,0.08823063773010009,0.7577917664693696,0.8788857166177535,0.7906550788876534,-27.0,-25.0,-1.0,27.0,25.0,1.0,15,15,15
14222500,IC-CMA-ES,IC-CMA-ES,test,0.0900274241194852,S2,0.02044207274858567,3.0,1.0,0.016850755986705268,0.9087919162526243,0.92923398900121,0.9123832330145047,-7.0,-5.0,-4.0,7.0,5.0,4.0,15,15,15
14236200,IC-CMA-ES,IC-CMA-ES,test,0.11471395531314,S2,0.0411514532852878,7.0,3.0,0.030273792045698578,0.8170686852553559,0.8582201385406437,0.8279463464949451,-13.0,-9.0,-6.0,13.0,9.0,6.0,15,15,15
14301000,IC-CMA-ES,IC-CMA-ES,test,0.0324798903206775,S1,0.0022560838074239253,1.0,1.0,-0.002392158185331339,0.9678680189414066,0.9701241027488305,0.9725162609341619,-4.0,-4.0,-3.0,4.0,4.0,3.0,15,15,15
14303200,IC-CMA-ES,IC-CMA-ES,test,0.088754104072909,S2,0.01112037033068869,2.0,1.0,0.007753946225970254,0.8700183065731113,0.8811386769038,0.8733847306778297,-6.0,-5.0,-4.0,6.0,5.0,4.0,15,15,15
14305500,IC-CMA-ES,IC-CMA-ES,test,0.0257414277847911,S1,0.012627091473380259,3.0,2.0,-0.0071747429186841405,0.853548913851545,0.8661760053249252,0.8733507482436094,-11.0,-10.0,-8.0,11.0,10.0,8.0,15,15,15
14306340,IC-CMA-ES,IC-CMA-ES,test,0.0693804146431187,S2,0.0014981128334565774,3.0,-1.0,-0.0002778963558598413,0.7527833993617967,0.7542815121952533,0.7545594085511131,-9.0,-5.0,-6.0,9.0,5.0,6.0,15,15,15
14306500,IC-CMA-ES,IC-CMA-ES,test,0.0202982706122534,S1,-0.006389160587090159,2.0,-2.0,-0.009695430264510252,0.785332074709938,0.7789429141228479,0.7886383443873581,-6.0,-2.0,-4.0,6.0,2.0,4.0,15,15,15
14308990,IC-CMA-ES,IC-CMA-ES,test,0.135825515539971,S2,-0.0001839930534465184,-7.0,-4.0,-0.008826655506042114,0.8600697155775183,0.8598857225240718,0.8687123780301139,-8.0,-11.0,-15.0,8.0,11.0,15.0,15,15,15
14309500,IC-CMA-ES,IC-CMA-ES,test,0.0612553691709827,S2,0.009514483697754539,1.0,1.0,0.010236371061829508,0.7584649006308114,0.7679793843285659,0.7577430132667364,-10.0,-10.0,-9.0,10.0,10.0,9.0,15,15,15
14316700,IC-CMA-ES,IC-CMA-ES,test,0.176336580742005,S3,0.061869064069859925,4.0,2.0,0.04464877843602344,0.8647193315333889,0.9265883956032488,0.8819396171672254,-8.0,-6.0,-4.0,8.0,6.0,4.0,15,15,15
14325000,IC-CMA-ES,IC-CMA-ES,test,0.0302033920558714,S1,0.008196414447885436,3.0,1.0,0.008435542422088993,0.9119249513017844,0.9201213657496699,0.9116858233275809,-8.0,-6.0,-5.0,8.0,6.0,5.0,15,15,15
14362250,IC-CMA-ES,IC-CMA-ES,test,0.141500009350329,S2,0.1612716917901188,-1.0,-1.0,0.08846572801545294,0.6695109294916164,0.8307826212817352,0.7423168932662823,-8.0,-8.0,-9.0,8.0,8.0,9.0,15,15,15
14400000,IC-CMA-ES,IC-CMA-ES,test,0.0243303906906382,S1,0.0013417946734456399,-1.0,0.0,0.0011586282255472424,0.5637235750487353,0.5650653697221809,0.5639067414966337,-8.0,-9.0,-9.0,8.0,9.0,9.0,15,15,15
01022500,dPL-MLP,dPL-MLP,test,0.245259009248271,S3,0.056638450214127056,13.0,-7.0,0.12320872409188777,0.777696331963277,0.8343347821774041,0.7111260580855163,-24.0,4.0,11.0,24.0,4.0,11.0,15,15,15
01031500,dPL-MLP,dPL-MLP,test,0.291836473001958,S3,0.20780032311685337,28.0,-7.0,0.20544844425960573,0.6537078014791533,0.8615081245960067,0.6560596803364009,-37.0,2.0,9.0,37.0,2.0,9.0,15,15,15
01047000,dPL-MLP,dPL-MLP,test,0.280118126940736,S3,0.16414880888895023,16.0,-9.0,0.18464134321153258,0.6804682076966291,0.8446170165855793,0.6599756733740467,-26.0,1.0,10.0,26.0,1.0,10.0,15,15,15
01052500,dPL-MLP,dPL-MLP,test,0.352698254049326,S4,0.42271818200338807,35.0,-5.0,0.09818347587902376,0.3601424989645883,0.7828606809679763,0.6846772050889526,-44.0,4.0,9.0,44.0,4.0,9.0,15,15,15
01054200,dPL-MLP,dPL-MLP,test,0.299641539662879,S3,0.2036734523515682,22.0,-1.0,0.259424641644603,0.608677435814718,0.8123508881662862,0.5529262465216832,-29.0,6.0,7.0,29.0,6.0,7.0,15,15,15
01055000,dPL-MLP,dPL-MLP,test,0.306048851694867,S4,0.19471863645439536,18.0,-1.0,0.18529620311555428,0.6029408182209182,0.7976594546753135,0.6123632515597592,-26.0,7.0,8.0,26.0,7.0,8.0,15,15,15
01057000,dPL-MLP,dPL-MLP,test,0.251157672769098,S3,0.14291831354981022,13.0,-9.0,0.10226699253685045,0.6067777791223059,0.7496960926721161,0.6474291001352657,-23.0,1.0,10.0,23.0,1.0,10.0,15,15,15
01073000,dPL-MLP,dPL-MLP,test,0.17503243505174,S3,-0.011364897410230168,6.0,3.0,0.006439571128011967,0.8049517504674721,0.793586853057242,0.78714728192923,-15.0,-12.0,9.0,15.0,12.0,9.0,15,15,15
01078000,dPL-MLP,dPL-MLP,test,0.23971852199071,S3,0.1692598480242783,29.0,-6.0,0.1413642887342892,0.6574036445447341,0.8266634925690124,0.6852992038347232,-37.0,2.0,8.0,37.0,2.0,8.0,15,15,15
01123000,dPL-MLP,dPL-MLP,test,0.136053399026134,S2,-0.009741303525471201,7.0,9.0,-0.005228553196129804,0.8562201901476953,0.8464788866222241,0.851707439818354,-10.0,-12.0,3.0,10.0,12.0,3.0,15,15,15
01134500,dPL-MLP,dPL-MLP,test,0.280582089228151,S3,0.31440875370478816,4.0,-6.0,0.15132374225444645,0.5425630502809082,0.8569718039856964,0.7056480617312499,-16.0,6.0,12.0,16.0,6.0,12.0,15,15,15
01137500,dPL-MLP,dPL-MLP,test,0.301814975818189,S4,0.19343988860422057,24.0,-7.0,0.15558479600120356,0.6040763156164567,0.7975162042206773,0.6419314082194737,-34.0,3.0,10.0,34.0,3.0,10.0,15,15,15
01139000,dPL-MLP,dPL-MLP,test,0.246562671549799,S3,0.26684697267483526,-4.0,-9.0,0.13087098566607946,0.6019176094811325,0.8687645821559677,0.7378935964898883,-9.0,4.0,13.0,9.0,4.0,13.0,15,15,15
01139800,dPL-MLP,dPL-MLP,test,0.26232897318021,S3,0.3211330406619707,3.0,-8.0,0.0025295782488193863,0.3929248324303237,0.7140578730922944,0.711528294843475,-19.0,8.0,16.0,19.0,8.0,16.0,15,15,15
01142500,dPL-MLP,dPL-MLP,test,0.252307890542821,S3,0.3001262200078991,9.0,-4.0,0.09041269564651988,0.5170887883991939,0.817215008407093,0.7268023127605732,-20.0,7.0,11.0,20.0,7.0,11.0,15,15,15
01144000,dPL-MLP,dPL-MLP,test,0.248466348504845,S3,0.27711833676952025,10.0,-2.0,0.08231751509790519,0.5553333462991015,0.8324516830686217,0.7501341679707165,-20.0,8.0,10.0,20.0,8.0,10.0,15,15,15
01162500,dPL-MLP,dPL-MLP,test,0.226769184680043,S3,0.10010306288196391,5.0,-11.0,0.10286879246594571,0.7378430623656203,0.8379461252475842,0.7350773327816384,-19.0,3.0,14.0,19.0,3.0,14.0,15,15,15
01169000,dPL-MLP,dPL-MLP,test,0.238972605896079,S3,0.17014315296447746,16.0,-10.0,0.2366439543015475,0.6589468638355087,0.8290900167999862,0.5924460624984387,-27.0,1.0,11.0,27.0,1.0,11.0,15,15,15
01170100,dPL-MLP,dPL-MLP,test,0.234653735405934,S3,0.13830630719859405,13.0,-13.0,0.14790555139656958,0.6269264471572586,0.7652327543558527,0.6173272029592831,-26.0,0.0,13.0,26.0,0.0,13.0,15,15,15
01181000,dPL-MLP,dPL-MLP,test,0.217563041040592,S3,0.08029917980834622,2.0,8.0,0.07794580442291366,0.7130929859796096,0.7933921657879558,0.7154463613650421,-16.0,-22.0,14.0,16.0,22.0,14.0,15,15,15
01187300,dPL-MLP,dPL-MLP,test,0.201269335695146,S3,0.04439806549848402,-5.0,-4.0,0.03339024326002915,0.7562410579475527,0.8006391234460367,0.7672488801860076,-9.0,-10.0,14.0,9.0,10.0,14.0,15,15,15
01195100,dPL-MLP,dPL-MLP,test,0.106042892091717,S2,-0.008242232427586038,-2.0,2.0,7.445023199470491e-05,0.813486824284396,0.80524459185681,0.8051701416248153,0.0,-4.0,2.0,0.0,4.0,2.0,15,15,15
01333000,dPL-MLP,dPL-MLP,test,0.222244968016498,S3,0.09781299676949717,-4.0,-16.0,0.09648386603006609,0.6726156730933095,0.7704286698628067,0.6739448038327406,-13.0,1.0,17.0,13.0,1.0,17.0,15,15,15
01350000,dPL-MLP,dPL-MLP,test,0.231159657658639,S3,0.07996919362142263,4.0,-2.0,0.031434218533568425,0.7050219457357723,0.7849911393571949,0.7535569208236265,-19.0,-13.0,15.0,19.0,13.0,15.0,15,15,15
01350080,dPL-MLP,dPL-MLP,test,0.221156578322867,S3,0.08015745651769024,29.0,20.0,0.04078272825813989,0.6127599929375888,0.692917449455279,0.6521347211971391,-31.0,-22.0,2.0,31.0,22.0,2.0,15,15,15
01350140,dPL-MLP,dPL-MLP,test,0.219859026682811,S3,0.09879252147570461,11.0,7.0,0.06029124645923856,0.5576558350633234,0.656448356539028,0.5961571100797894,-24.0,-20.0,13.0,24.0,20.0,13.0,15,15,15
01365000,dPL-MLP,dPL-MLP,test,0.202270211093681,S3,0.06863073008718845,4.0,2.0,0.0515879892801947,0.6993635404627125,0.767994270549901,0.7164062812697063,-16.0,-14.0,12.0,16.0,14.0,12.0,15,15,15
01411300,dPL-MLP,dPL-MLP,test,0.0480948550351646,S1,0.014925957426973335,0.0,1.0,-0.0013214280192607175,0.7128178685824207,0.727743826009394,0.7290652540286547,-11.0,-12.0,-11.0,11.0,12.0,11.0,15,15,15
01413500,dPL-MLP,dPL-MLP,test,0.216908033968228,S3,0.09444172889108016,7.0,4.0,0.03765255423854574,0.6252179689805959,0.719659697871676,0.6820071436331303,-18.0,-15.0,11.0,18.0,15.0,11.0,15,15,15
01414500,dPL-MLP,dPL-MLP,test,0.216628505016047,S3,0.07978192804355433,-7.0,-9.0,0.02427950030753967,0.599974598026384,0.6797565260699383,0.6554770257623986,-10.0,-8.0,17.0,10.0,8.0,17.0,15,15,15
01415000,dPL-MLP,dPL-MLP,test,0.213452184948768,S3,0.0796710329986936,1.0,-3.0,0.025282338239454583,0.6003341345774835,0.6800051675761771,0.6547228293367225,-12.0,-8.0,11.0,12.0,8.0,11.0,15,15,15
01423000,dPL-MLP,dPL-MLP,test,0.217830297712483,S3,0.11381951298398107,7.0,0.0,0.047454295130425095,0.6895844118356346,0.8034039248196156,0.7559496296891905,-18.0,-11.0,11.0,18.0,11.0,11.0,15,15,15
01434025,dPL-MLP,dPL-MLP,test,0.23781373120698,S3,0.08495599101132445,-5.0,-9.0,0.030586647058987948,0.5917013230202806,0.676657314031605,0.6460706669726171,-11.0,-7.0,16.0,11.0,7.0,16.0,15,15,15
01435000,dPL-MLP,dPL-MLP,test,0.223616269388589,S3,0.042012203676582205,-13.0,-14.0,0.021915117369083914,0.7227848136550807,0.7647970173316629,0.742881899962579,-5.0,-4.0,18.0,5.0,4.0,18.0,15,15,15
01439500,dPL-MLP,dPL-MLP,test,0.163765228832016,S3,-0.02571444572492354,-4.0,-5.0,-0.025283430558903586,0.8028492119232972,0.7771347661983736,0.8024181967572772,-5.0,-4.0,9.0,5.0,4.0,9.0,15,15,15
01440000,dPL-MLP,dPL-MLP,test,0.147767408338048,S2,0.027685141619829934,8.0,7.0,0.01016934631473787,0.8133751393973829,0.8410602810172129,0.830890934702475,-11.0,-10.0,3.0,11.0,10.0,3.0,15,15,15
01440400,dPL-MLP,dPL-MLP,test,0.172223371092882,S3,-0.014346118965136045,-9.0,-12.0,-0.011794838768990346,0.7764389092820724,0.7620927903169363,0.7738876290859267,-4.0,-1.0,13.0,4.0,1.0,13.0,15,15,15
01451800,dPL-MLP,dPL-MLP,test,0.128362665991427,S2,0.009501297665554742,6.0,4.0,-0.001837901661108532,0.8639755465081934,0.8734768441737482,0.8753147458348567,-7.0,-5.0,1.0,7.0,5.0,1.0,15,15,15
01466500,dPL-MLP,dPL-MLP,test,0.0626617697616761,S2,-0.25722450366096217,1.0,-2.0,-0.05379693968833621,0.6834063942505544,0.4261818905895922,0.4799788302779284,-3.0,0.0,2.0,3.0,0.0,2.0,15,15,15
01484100,dPL-MLP,dPL-MLP,test,0.042571686471381,S1,0.03439722582913396,2.0,2.0,0.02691083573564057,0.7624486158680017,0.7968458416971357,0.7699350059614951,-2.0,-2.0,0.0,2.0,2.0,0.0,15,15,15
01487000,dPL-MLP,dPL-MLP,test,0.0424689894259026,S1,0.03119116073314876,1.0,1.0,0.023412462322916827,0.8344983035939639,0.8656894643271127,0.8422770020041959,-1.0,-1.0,0.0,1.0,1.0,0.0,15,15,15
01491000,dPL-MLP,dPL-MLP,test,0.0500257211233794,S2,0.07495186606909332,0.0,1.0,0.06979768519935126,0.7368388043696552,0.8117906704387485,0.7419929852393973,-8.0,-9.0,-8.0,8.0,9.0,8.0,15,15,15
01510000,dPL-MLP,dPL-MLP,test,0.237057400622962,S3,0.17959712757656454,5.0,-9.0,0.122069816127784,0.5840456593833373,0.7636427869599018,0.6415729708321178,-16.0,2.0,11.0,16.0,2.0,11.0,15,15,15
01516500,dPL-MLP,dPL-MLP,test,0.199238597784613,S3,-0.013399121956759075,13.0,12.0,-0.06551032058063821,0.3493957972663857,0.3359966753096266,0.40150699589026484,-17.0,-16.0,4.0,17.0,16.0,4.0,15,15,15
01518862,dPL-MLP,dPL-MLP,test,0.201111344911574,S3,0.07877807989519525,10.0,10.0,0.02306428253825299,0.6580838427832031,0.7368619226783983,0.7137976401401454,-14.0,-14.0,4.0,14.0,14.0,4.0,15,15,15
01532000,dPL-MLP,dPL-MLP,test,0.176741266621108,S3,0.09121112781098129,-2.0,-2.0,0.03540671899167913,0.6291082661429539,0.7203193939539352,0.684912674962256,-6.0,-6.0,8.0,6.0,6.0,8.0,15,15,15
01539000,dPL-MLP,dPL-MLP,test,0.156285913306627,S3,0.021354789601339075,2.0,0.0,-0.002998030227405968,0.7931164376019215,0.8144712272032606,0.8174692574306666,-9.0,-7.0,7.0,9.0,7.0,7.0,15,15,15
01542810,dPL-MLP,dPL-MLP,test,0.189716485804691,S3,0.0888348868337192,-7.0,-7.0,0.07265856375755508,0.685590940523221,0.7744258273569402,0.7017672635993851,-3.0,-3.0,10.0,3.0,3.0,10.0,15,15,15
01543000,dPL-MLP,dPL-MLP,test,0.188056577083995,S3,0.09473508702837363,-10.0,-11.0,0.07792706966423735,0.7490284604924036,0.8437635475207772,0.7658364778565399,-5.0,-4.0,15.0,5.0,4.0,15.0,15,15,15
01543500,dPL-MLP,dPL-MLP,test,0.181653610941671,S3,0.09949410244214818,-2.0,0.0,0.06866074883514939,0.7432043169449539,0.8426984193871021,0.7740376705519527,-5.0,-7.0,7.0,5.0,7.0,7.0,15,15,15
01544500,dPL-MLP,dPL-MLP,test,0.20336289315932,S3,-0.005082782242764039,1.0,-2.0,-0.039678242121609864,0.7039539554969219,0.6988711732541578,0.7385494153757677,-11.0,-8.0,10.0,11.0,8.0,10.0,15,15,15
01545600,dPL-MLP,dPL-MLP,test,0.192645540908709,S3,0.046345411383236224,6.0,2.0,-0.000985070394910026,0.6453520143060725,0.6916974256893087,0.6926824960842187,-13.0,-9.0,7.0,13.0,9.0,7.0,15,15,15
01547700,dPL-MLP,dPL-MLP,test,0.156172998266035,S3,0.04231090262442694,4.0,2.0,0.0435654113687286,0.7689844915025579,0.8112953941269848,0.7677299827582562,-5.0,-3.0,1.0,5.0,3.0,1.0,15,15,15
01548500,dPL-MLP,dPL-MLP,test,0.202088630482319,S3,-0.005968129236931352,4.0,-2.0,-0.049403843984019424,0.5683217694773532,0.5623536402404219,0.6117574842244413,-13.0,-7.0,9.0,13.0,7.0,9.0,15,15,15
01549500,dPL-MLP,dPL-MLP,test,0.186519052942025,S3,-0.021325625958929173,-10.0,-12.0,-0.07352578541891674,0.4059686069030253,0.3846429809440961,0.45816876636301285,-4.0,-2.0,14.0,4.0,2.0,14.0,15,15,15
01550000,dPL-MLP,dPL-MLP,test,0.179825512854574,S3,0.029730889758397883,-4.0,-7.0,-0.01593681753364673,0.6248705606045306,0.6546014503629285,0.6705382678965752,-10.0,-7.0,14.0,10.0,7.0,14.0,15,15,15
01552000,dPL-MLP,dPL-MLP,test,0.17305912288721,S3,0.014811433303501431,-6.0,-8.0,-0.029419603599984634,0.6641510866842002,0.6789625199877016,0.7083821235876863,-6.0,-4.0,12.0,6.0,4.0,12.0,15,15,15
01552500,dPL-MLP,dPL-MLP,test,0.185169707979555,S3,0.05418927901200121,-18.0,-19.0,0.020174519696857907,0.7338504582717151,0.7880397372837163,0.7678652175868584,-1.0,0.0,19.0,1.0,0.0,19.0,15,15,15
01557500,dPL-MLP,dPL-MLP,test,0.15867182381751,S3,0.0852974968641046,6.0,3.0,0.08597341476424003,0.7561353243695258,0.8414328212336304,0.7554594064693904,-8.0,-5.0,2.0,8.0,5.0,2.0,15,15,15
01567500,dPL-MLP,dPL-MLP,test,0.126036065938383,S2,0.005986322237556241,-2.0,3.0,-0.012979399283059134,0.7585598231119044,0.7645461453494606,0.7775255446325198,0.0,-5.0,-2.0,0.0,5.0,2.0,15,15,15
01568000,dPL-MLP,dPL-MLP,test,0.128510858031358,S2,0.023855644781871632,1.0,3.0,0.0038715128266223475,0.7937092344941588,0.8175648792760304,0.813693366449408,-2.0,-4.0,-1.0,2.0,4.0,1.0,15,15,15
01580000,dPL-MLP,dPL-MLP,test,0.0816880923954386,S2,0.05263872834448868,-2.0,-1.0,0.041118987296222986,0.7461394488886477,0.7987781772331364,0.7576591899369134,2.0,3.0,4.0,2.0,3.0,4.0,15,15,15
01583500,dPL-MLP,dPL-MLP,test,0.0807286497637625,S2,-0.0036073387942494595,0.0,1.0,0.008756386903940871,0.693707042081054,0.6900997032868046,0.6813433163828637,5.0,6.0,5.0,5.0,6.0,5.0,15,15,15
01586610,dPL-MLP,dPL-MLP,test,0.088413478566147,S2,0.03477369170385203,1.0,0.0,0.029199789078101057,0.6315466758758376,0.6663203675796896,0.6371205785015885,-2.0,-1.0,1.0,2.0,1.0,1.0,15,15,15
01591400,dPL-MLP,dPL-MLP,test,0.0838764227317032,S2,0.06612204903783736,5.0,2.0,0.004803223813314883,0.6260267320881987,0.6921487811260361,0.6873455573127212,-6.0,-3.0,-1.0,6.0,3.0,1.0,15,15,15
01594950,dPL-MLP,dPL-MLP,test,0.189214297334908,S3,0.041358258806450166,0.0,-7.0,0.008602823544544003,0.6064650275994514,0.6478232864059016,0.6392204628613576,-7.0,0.0,7.0,7.0,0.0,7.0,15,15,15
01596500,dPL-MLP,dPL-MLP,test,0.188402157557544,S3,0.16800289441990213,7.0,2.0,0.13002607180766335,0.6467672119311008,0.8147701063510029,0.6847440345433395,-11.0,-6.0,4.0,11.0,6.0,4.0,15,15,15
01605500,dPL-MLP,dPL-MLP,test,0.137136101417764,S2,0.07877747527706647,2.0,0.0,0.009464646373351648,0.6789417520054186,0.7577192272824851,0.7482545809091334,-3.0,-1.0,1.0,3.0,1.0,1.0,15,15,15
01606500,dPL-MLP,dPL-MLP,test,0.148750518921295,S2,0.07010137725611432,13.0,12.0,0.022732968102039064,0.7066133360505198,0.7767147133066341,0.753981745204595,-14.0,-13.0,-1.0,14.0,13.0,1.0,15,15,15
01632000,dPL-MLP,dPL-MLP,test,0.110024870103334,S2,0.07708306258779896,5.0,-5.0,0.037232123812837026,0.5684647268651271,0.645547789452926,0.608315665640089,-11.0,-1.0,6.0,11.0,1.0,6.0,15,15,15
01632900,dPL-MLP,dPL-MLP,test,0.0980763292373855,S2,0.06623906624164078,-6.0,-5.0,-0.0006718347698976279,0.557387030651266,0.6236260968929068,0.6242979316628045,1.0,2.0,7.0,1.0,2.0,7.0,15,15,15
01634500,dPL-MLP,dPL-MLP,test,0.114828393813144,S2,0.057975777562665476,3.0,0.0,0.05655319415111737,0.525716114119817,0.5836918916824825,0.5271386975313651,-3.0,0.0,0.0,3.0,0.0,0.0,15,15,15
01638480,dPL-MLP,dPL-MLP,test,0.0845583823488279,S2,0.038146246926933025,0.0,0.0,0.02230372937272085,0.7035182806132886,0.7416645275402216,0.7193607981675008,0.0,0.0,0.0,0.0,0.0,0.0,15,15,15
01639500,dPL-MLP,dPL-MLP,test,0.0961263501421113,S2,0.022604687344946472,-3.0,0.0,-0.002778658785042354,0.6953713029180362,0.7179759902629826,0.720754649048025,1.0,4.0,4.0,1.0,4.0,4.0,15,15,15
01644000,dPL-MLP,dPL-MLP,test,0.084351798741144,S2,0.03359436509353364,1.0,0.0,0.015694057809959583,0.7499126091942665,0.7835069742878001,0.7678129164778406,-3.0,-2.0,-2.0,3.0,2.0,2.0,15,15,15
01664000,dPL-MLP,dPL-MLP,test,0.0827964257846037,S2,-0.004963862603588165,5.0,-1.0,0.009179822781793412,0.6759869903066127,0.6710231277030245,0.6618433049212311,-6.0,0.0,1.0,6.0,0.0,1.0,15,15,15
01666500,dPL-MLP,dPL-MLP,test,0.0822553978033295,S2,-0.02522154650730124,-10.0,0.0,-0.009957860171491695,0.6872177425040983,0.661996195996797,0.6719540561682887,1.0,11.0,11.0,1.0,11.0,11.0,15,15,15
01667500,dPL-MLP,dPL-MLP,test,0.0788117934771709,S2,0.005911766760342774,-6.0,-2.0,-0.013842398018243718,0.8028790021909867,0.8087907689513295,0.8226331669695732,4.0,8.0,10.0,4.0,8.0,10.0,15,15,15
01669000,dPL-MLP,dPL-MLP,test,0.0412059832430486,S1,-0.01415861278325925,0.0,-2.0,0.007385563829397812,0.8561032430915906,0.8419446303083313,0.8345590664789335,8.0,6.0,8.0,8.0,6.0,8.0,15,15,15
01669520,dPL-MLP,dPL-MLP,test,0.0368199149910729,S1,0.023464108487695312,5.0,2.0,0.03746450370250631,0.7434159458870729,0.7668800543747682,0.7294155506722619,6.0,3.0,1.0,6.0,3.0,1.0,15,15,15
02011400,dPL-MLP,dPL-MLP,test,0.129154721501962,S2,0.07651567816153304,7.0,9.0,0.05116922836501081,0.7126640140836723,0.7891796922452053,0.7380104638801945,-7.0,-9.0,0.0,7.0,9.0,0.0,15,15,15
02013000,dPL-MLP,dPL-MLP,test,0.0979143372407574,S2,0.043456854359533725,2.0,6.0,0.002410177637075961,0.6666950592859544,0.7101519136454881,0.7077417360084122,-4.0,-8.0,2.0,4.0,8.0,2.0,15,15,15
02014000,dPL-MLP,dPL-MLP,test,0.0978680841760858,S2,0.06133684314606125,6.0,4.0,0.024109890772043396,0.6895525624972325,0.7508894056432938,0.7267795148712504,-7.0,-5.0,-1.0,7.0,5.0,1.0,15,15,15
02015700,dPL-MLP,dPL-MLP,test,0.128567248718796,S2,0.06198158379466023,5.0,5.0,0.027476945501626826,0.7169307585455664,0.7789123423402267,0.7514353968385998,-6.0,-6.0,1.0,6.0,6.0,1.0,15,15,15
02016000,dPL-MLP,dPL-MLP,test,0.102077363429123,S2,0.046240557294500384,6.0,3.0,-0.0015908079988528057,0.75220114314045,0.7984417004349503,0.8000325084338031,-8.0,-5.0,-2.0,8.0,5.0,2.0,15,15,15
02017500,dPL-MLP,dPL-MLP,test,0.0901845265568014,S2,0.049380795479586514,-1.0,-2.0,0.028500868561501913,0.7250716557774275,0.774452451257014,0.7459515826955121,-2.0,-1.0,3.0,2.0,1.0,3.0,15,15,15
02018000,dPL-MLP,dPL-MLP,test,0.0849686144296571,S2,0.0305057095466158,5.0,3.0,0.011859702348994583,0.6972149906263233,0.7277207001729391,0.7158609978239445,-6.0,-4.0,-1.0,6.0,4.0,1.0,15,15,15
02027000,dPL-MLP,dPL-MLP,test,0.0904732223814793,S2,0.020894181541507906,-4.0,-4.0,0.013792122855948996,0.6197879101735589,0.6406820917150668,0.6268899688591179,1.0,1.0,5.0,1.0,1.0,5.0,15,15,15
02027500,dPL-MLP,dPL-MLP,test,0.100786018307687,S2,0.013555552337064514,-9.0,-8.0,0.010045476182508173,0.5580051428394421,0.5715606951765067,0.5615152189939985,-1.0,2.0,10.0,1.0,2.0,10.0,15,15,15
02028500,dPL-MLP,dPL-MLP,test,0.0802569579048301,S2,0.02777015701834218,0.0,3.0,0.017067973703238426,0.7628763322276304,0.7906464892459726,0.7735785155427342,0.0,-3.0,0.0,0.0,3.0,0.0,15,15,15
02038850,dPL-MLP,dPL-MLP,test,0.0655225978510027,S2,0.03048933992858227,-2.0,0.0,0.04964898699351994,0.586206495008151,0.6166958349367333,0.5670468479432134,3.0,5.0,5.0,3.0,5.0,5.0,15,15,15
02046000,dPL-MLP,dPL-MLP,test,0.0453728268084367,S1,0.004639924831128739,3.0,4.0,-0.006913164109851988,0.781710569595691,0.7863504944268197,0.7932636585366717,-7.0,-8.0,-4.0,7.0,8.0,4.0,15,15,15
02051500,dPL-MLP,dPL-MLP,test,0.0525514965704711,S2,0.0063398135784046294,1.0,0.0,-0.00672805432246959,0.8306149842365183,0.8369547978149229,0.8436828521373925,-1.0,0.0,0.0,1.0,0.0,0.0,15,15,15
02053200,dPL-MLP,dPL-MLP,test,0.0248316831845784,S1,0.00043441215097472785,2.0,2.0,0.008416120679200167,0.8715847133840962,0.8720191255350709,0.8636030048558707,-3.0,-3.0,-1.0,3.0,3.0,1.0,15,15,15
02053800,dPL-MLP,dPL-MLP,test,0.0938172550300136,S2,0.012065600372668128,-6.0,-7.0,-0.00037086505272199144,0.6773272753271686,0.6893928756998368,0.6897637407525588,3.0,2.0,9.0,3.0,2.0,9.0,15,15,15
02055100,dPL-MLP,dPL-MLP,test,0.0622119918873982,S2,0.029106045453563434,-3.0,-5.0,-0.008372521506545771,0.6750331684954929,0.7041392139490563,0.7125117354556021,4.0,2.0,7.0,4.0,2.0,7.0,15,15,15
02056900,dPL-MLP,dPL-MLP,test,0.0646059372808137,S2,0.01071879719142066,-1.0,0.0,0.030076208410998007,0.7610325999233019,0.7717513971147225,0.7416751887037245,7.0,8.0,8.0,7.0,8.0,8.0,15,15,15
02059500,dPL-MLP,dPL-MLP,test,0.0529389162953181,S2,-0.010016364414459744,-3.0,-1.0,0.03265459482153377,0.6578449855855162,0.6478286211710564,0.6151740263495227,0.0,2.0,3.0,0.0,2.0,3.0,15,15,15
02064000,dPL-MLP,dPL-MLP,test,0.0606011692596163,S2,0.011045542073129244,0.0,0.0,0.015848467945607236,0.6149369290589066,0.6259824711320359,0.6101340031864286,1.0,1.0,1.0,1.0,1.0,1.0,15,15,15
02065500,dPL-MLP,dPL-MLP,test,0.0617139970732649,S2,-0.01657810585776076,3.0,0.0,-0.053237888446162285,0.6076179720797003,0.5910398662219395,0.6442777546681018,-4.0,-1.0,1.0,4.0,1.0,1.0,15,15,15
02069700,dPL-MLP,dPL-MLP,test,0.0533951587612168,S2,-0.009524029062464301,5.0,1.0,0.0027946681312785993,0.729177398605026,0.7196533695425616,0.716858701411283,-6.0,-2.0,-1.0,6.0,2.0,1.0,15,15,15
02070000,dPL-MLP,dPL-MLP,test,0.0508621647943431,S2,-0.06843037969891619,1.0,0.0,-0.05709542700565007,0.7650582052289184,0.6966278255300022,0.7537232525356523,-1.0,0.0,0.0,1.0,0.0,0.0,15,15,15
02074500,dPL-MLP,dPL-MLP,test,0.0524690208413809,S2,0.004699558230494838,0.0,1.0,0.02220065845122854,0.7640110162155622,0.7687105744460571,0.7465099159948285,-1.0,-2.0,-1.0,1.0,2.0,1.0,15,15,15
02077200,dPL-MLP,dPL-MLP,test,0.0489889008542847,S1,0.03350593753345099,0.0,-1.0,0.0036883650738985807,0.6968565075227404,0.7303624450561914,0.7266740799822928,-1.0,0.0,-1.0,1.0,0.0,1.0,15,15,15
02081500,dPL-MLP,dPL-MLP,test,0.0436247713972968,S1,0.022424300462267288,0.0,0.0,0.004665492905969293,0.7607126488294227,0.78313694929169,0.7784714563857207,-2.0,-2.0,-2.0,2.0,2.0,2.0,15,15,15
02082950,dPL-MLP,dPL-MLP,test,0.0329927432325966,S1,-0.008369535976213593,1.0,0.0,-0.009399764826655166,0.8247589215591968,0.8163893855829832,0.8257891504096384,-9.0,-8.0,-8.0,9.0,8.0,8.0,15,15,15
02092500,dPL-MLP,dPL-MLP,test,0.0120832517590196,S1,-0.02413364738299606,-1.0,-2.0,0.00624727746610465,0.7991498814185654,0.7750162340355693,0.7687689565694646,1.0,0.0,2.0,1.0,0.0,2.0,15,15,15
02096846,dPL-MLP,dPL-MLP,test,0.0392525452032849,S1,-0.009418762659793023,5.0,-1.0,-0.013905386029040345,0.552597287100298,0.543178524440505,0.5570839104695453,-6.0,0.0,1.0,6.0,0.0,1.0,15,15,15
02102908,dPL-MLP,dPL-MLP,test,0.0235111757954398,S1,-0.03379619120153465,-2.0,-2.0,0.03312525642398578,0.6996929313275086,0.665896740125974,0.6327714837019882,16.0,16.0,18.0,16.0,16.0,18.0,15,15,15
02108000,dPL-MLP,dPL-MLP,test,0.0092819261110396,S1,0.018644475462760934,0.0,-1.0,0.013166471208699404,0.7940541580911598,0.8126986335539207,0.7995321623452213,4.0,3.0,4.0,4.0,3.0,4.0,15,15,15
02111180,dPL-MLP,dPL-MLP,test,0.0460568781002514,S1,-0.005552009659470003,2.0,2.0,0.006931194853356248,0.7898349998944882,0.7842829902350182,0.777351795381662,-2.0,-2.0,0.0,2.0,2.0,0.0,15,15,15
02111500,dPL-MLP,dPL-MLP,test,0.0523692516718814,S2,-0.01917262121676999,-3.0,-3.0,-0.014036392819953614,0.7388399397755656,0.7196673185587956,0.7337037113787492,6.0,6.0,9.0,6.0,6.0,9.0,15,15,15
02112120,dPL-MLP,dPL-MLP,test,0.0524049751607388,S2,-0.015455562798268652,0.0,1.0,-0.00045681870906921773,0.8139244207138254,0.7984688579155568,0.798925676624626,11.0,12.0,11.0,11.0,12.0,11.0,15,15,15
02112360,dPL-MLP,dPL-MLP,test,0.0531136274470014,S2,0.0023321363252453153,-1.0,-2.0,0.010922229845745424,0.7852265337757484,0.7875586701009937,0.7766364402552483,5.0,4.0,6.0,5.0,4.0,6.0,15,15,15
02118500,dPL-MLP,dPL-MLP,test,0.0413708350211441,S1,-0.004379230549825586,-7.0,-6.0,0.01598659183828277,0.8219940626266914,0.8176148320768658,0.801628240238583,0.0,1.0,7.0,0.0,1.0,7.0,15,15,15
02125000,dPL-MLP,dPL-MLP,test,0.0247912331690011,S1,-0.004552631992957856,-1.0,0.0,-0.010806870957253523,0.7363407954648411,0.7317881634718832,0.7425950344291368,0.0,1.0,1.0,0.0,1.0,1.0,15,15,15
02128000,dPL-MLP,dPL-MLP,test,0.0256704433801346,S1,-0.006124859439887498,4.0,7.0,0.0063992280879416885,0.6442007698789995,0.638075910439112,0.6316766823511704,-6.0,-9.0,-2.0,6.0,9.0,2.0,15,15,15
02137727,dPL-MLP,dPL-MLP,test,0.0405315310761795,S1,0.01824692956836893,-2.0,-1.0,-0.018749533182962685,0.7128995219869869,0.7311464515553558,0.7498959847383185,0.0,1.0,2.0,0.0,1.0,2.0,15,15,15
02140991,dPL-MLP,dPL-MLP,test,0.0420384668349782,S1,-0.015783710960176167,0.0,-1.0,-0.01366926727105211,0.8096759927850847,0.7938922818249086,0.8075615490959607,1.0,0.0,1.0,1.0,0.0,1.0,15,15,15
02143000,dPL-MLP,dPL-MLP,test,0.0313262156816952,S1,0.008277569148799957,0.0,-1.0,0.018777428816145192,0.8236282707870453,0.8319058399358452,0.8131284111197,-1.0,0.0,1.0,1.0,0.0,1.0,15,15,15
02143040,dPL-MLP,dPL-MLP,test,0.0345610698452001,S1,-0.015634323070722767,-2.0,-2.0,0.006075152228810499,0.8432370902428465,0.8276027671721238,0.8215276149433133,0.0,0.0,2.0,0.0,0.0,2.0,15,15,15
02149000,dPL-MLP,dPL-MLP,test,0.029590457635321,S1,0.0012911742980060703,-6.0,-6.0,0.06162727261714551,0.68444959896624,0.6857407732642461,0.6241135006471006,2.0,2.0,8.0,2.0,2.0,8.0,15,15,15
02152100,dPL-MLP,dPL-MLP,test,0.0300807469143999,S1,-0.051155728756874796,4.0,3.0,-0.04408324478019565,0.8035658402689069,0.7524101115120321,0.7964933562922277,-5.0,-4.0,-1.0,5.0,4.0,1.0,15,15,15
02177000,dPL-MLP,dPL-MLP,test,0.0267395574591906,S1,0.00891213502339594,1.0,2.0,0.0038624159096267707,0.8812905733037598,0.8902027083271558,0.886340292417529,-6.0,-7.0,-5.0,6.0,7.0,5.0,15,15,15
02178400,dPL-MLP,dPL-MLP,test,0.033836252850455,S1,-0.0009265894475304348,1.0,1.0,0.0022274635930301656,0.8948822682975158,0.8939556788499854,0.8917282152569552,-6.0,-6.0,-5.0,6.0,6.0,5.0,15,15,15
02193340,dPL-MLP,dPL-MLP,test,0.0127448828346305,S1,0.0006382587508676485,0.0,0.0,0.011757109691084344,0.7134003817492623,0.71403864050013,0.7022815308090457,1.0,1.0,1.0,1.0,1.0,1.0,15,15,15
02196000,dPL-MLP,dPL-MLP,test,0.014697822503637,S1,-0.08094686040332788,0.0,0.0,-0.020019069143801804,0.7360547306169669,0.655107870213639,0.6751269393574408,-4.0,-4.0,-4.0,4.0,4.0,4.0,15,15,15
02198100,dPL-MLP,dPL-MLP,test,0.0030935926215692,S1,0.015635980071723843,-1.0,-1.0,0.0021687884084795606,0.5631375385592816,0.5787735186310055,0.5766047302225259,2.0,2.0,3.0,2.0,2.0,3.0,15,15,15
02202600,dPL-MLP,dPL-MLP,test,0.000456804897604,S1,-0.014023339751162767,1.0,-1.0,-0.06620530242701117,0.6556061045820474,0.6415827648308846,0.7077880672578958,-4.0,-2.0,-3.0,4.0,2.0,3.0,15,15,15
02212600,dPL-MLP,dPL-MLP,test,0.0090237999831922,S1,-0.05364765422978246,-2.0,-3.0,-0.026278626469835364,0.7601478236079952,0.7065001693782127,0.7327787958480481,2.0,1.0,4.0,2.0,1.0,4.0,15,15,15
02215100,dPL-MLP,dPL-MLP,test,0.0010333057458655,S1,-0.004484245691100064,0.0,-5.0,0.02122978019639543,0.7962366268380567,0.7917523811469567,0.7705226009505612,6.0,1.0,6.0,6.0,1.0,6.0,15,15,15
02216180,dPL-MLP,dPL-MLP,test,0.000534865436369,S1,-0.047184699839437294,0.0,0.0,-0.07239043994777339,0.7555208422011082,0.7083361423616709,0.7807265823094443,-3.0,-3.0,-3.0,3.0,3.0,3.0,15,15,15
02221525,dPL-MLP,dPL-MLP,test,0.0095385192188569,S1,-0.006998819157135627,-1.0,1.0,-0.0033518431927257453,0.8111053349475625,0.8041065157904269,0.8074583589831527,1.0,3.0,2.0,1.0,3.0,2.0,15,15,15
02231000,dPL-MLP,dPL-MLP,test,0.0002359180653982,S1,0.0031032152698838855,0.0,0.0,0.017313179971355952,0.7842473892657928,0.7873506045356767,0.7700374245643208,0.0,0.0,0.0,0.0,0.0,0.0,15,15,15
02245500,dPL-MLP,dPL-MLP,test,0.0004366285424588,S1,0.004290697966749191,-1.0,-1.0,-0.0015503161229003526,0.7929263472596264,0.7972170452263756,0.798767361349276,1.0,1.0,2.0,1.0,1.0,2.0,15,15,15
02246000,dPL-MLP,dPL-MLP,test,0.0003326922230974,S1,0.01648112491509135,0.0,0.0,0.04389144911310039,0.8160781825050665,0.8325593074201578,0.7886678583070574,0.0,0.0,0.0,0.0,0.0,0.0,15,15,15
02296500,dPL-MLP,dPL-MLP,test,0.0,S1,-0.06612629329765085,-1.0,-2.0,-0.0653487931695127,0.8034204948023074,0.7372942015046565,0.8026429946741692,-4.0,-3.0,-5.0,4.0,3.0,5.0,15,15,15
02297155,dPL-MLP,dPL-MLP,test,0.0,S1,-0.04735323054097962,-1.0,-1.0,-0.053176663233098,0.4725266200428022,0.4251733895018226,0.4783500527349206,5.0,5.0,6.0,5.0,5.0,6.0,15,15,15
02297310,dPL-MLP,dPL-MLP,test,0.0,S1,0.0038467543570427365,0.0,0.0,0.0004253337884644326,0.8525312554217923,0.856378009778835,0.8559526759903706,7.0,7.0,7.0,7.0,7.0,7.0,15,15,15
02298123,dPL-MLP,dPL-MLP,test,0.0,S1,0.035764059862759434,-3.0,2.0,-0.03257730445346929,0.724316985486195,0.7600810453489545,0.7926583498024238,1.0,6.0,4.0,1.0,6.0,4.0,15,15,15
02298608,dPL-MLP,dPL-MLP,test,0.0,S1,0.0236726692435989,2.0,2.0,0.009996490190728236,0.781859684866169,0.8055323541097679,0.7955358639190396,5.0,5.0,3.0,5.0,5.0,3.0,15,15,15
02299950,dPL-MLP,dPL-MLP,test,0.0,S1,-0.00961493874357866,0.0,1.0,-0.005179093512039712,0.7949464754603701,0.7853315367167915,0.7905106302288312,1.0,2.0,1.0,1.0,2.0,1.0,15,15,15
02300700,dPL-MLP,dPL-MLP,test,0.0,S1,0.004234143481450681,10.0,0.0,-0.011512369753222562,0.7177770680214849,0.7220112115029356,0.7335235812561581,20.0,10.0,10.0,20.0,10.0,10.0,15,15,15
02342933,dPL-MLP,dPL-MLP,test,0.0027962712555372,S1,0.02034290404012551,0.0,0.0,-0.006174061564201527,0.7691271988776369,0.7894701029177624,0.795644164481964,0.0,0.0,0.0,0.0,0.0,0.0,15,15,15
02349900,dPL-MLP,dPL-MLP,test,0.0010817469729248,S1,-0.03849065138310792,0.0,0.0,-0.023885276332410887,0.8161389208084129,0.777648269425305,0.8015335457577158,2.0,2.0,2.0,2.0,2.0,2.0,15,15,15
02350900,dPL-MLP,dPL-MLP,test,0.001767717746493,S1,-0.0534056716197876,0.0,1.0,-0.00536326236585527,0.8423203341909672,0.7889146625711796,0.7942779249370349,7.0,8.0,7.0,7.0,8.0,7.0,15,15,15
02361000,dPL-MLP,dPL-MLP,test,0.0015124422847458,S1,-0.0103324466505611,0.0,0.0,0.008837894425290704,0.89369752895326,0.883365082302699,0.8745271878774082,3.0,3.0,3.0,3.0,3.0,3.0,15,15,15
02363000,dPL-MLP,dPL-MLP,test,0.0026556564479946,S1,-0.0007638661420925619,0.0,0.0,0.0008885658276196473,0.8807873679969886,0.8800235018548961,0.8791349360272764,-1.0,-1.0,-1.0,1.0,1.0,1.0,15,15,15
02369800,dPL-MLP,dPL-MLP,test,0.0008723526438152,S1,0.02872357962005989,0.0,0.0,-0.0079557879698684,0.8069112403524427,0.8356348199725026,0.843590607942371,0.0,0.0,0.0,0.0,0.0,0.0,15,15,15
02371500,dPL-MLP,dPL-MLP,test,0.0040171402581935,S1,-0.010239152883803837,0.0,0.0,-0.004439397223548913,0.9014902266008145,0.8912510737170106,0.8956904709405595,-4.0,-4.0,-4.0,4.0,4.0,4.0,15,15,15
02372250,dPL-MLP,dPL-MLP,test,0.0034759991435446,S1,-0.00027571139278659285,0.0,0.0,-0.002712176497305263,0.8358781574203541,0.8356024460275675,0.8383146225248728,-4.0,-4.0,-4.0,4.0,4.0,4.0,15,15,15
02374500,dPL-MLP,dPL-MLP,test,0.0030425564536237,S1,-0.06799135814497936,0.0,1.0,-0.02181876946215333,0.8362266589160422,0.7682353007710628,0.7900540702332162,2.0,3.0,2.0,2.0,3.0,2.0,15,15,15
02381600,dPL-MLP,dPL-MLP,test,0.0166377865167783,S1,0.01780317838230827,4.0,7.0,0.0401318054111548,0.537862932202682,0.5556661105849903,0.5155343051738355,-4.0,-7.0,0.0,4.0,7.0,0.0,15,15,15
02384540,dPL-MLP,dPL-MLP,test,0.0316827871052048,S1,0.0027369311336314928,0.0,4.0,-0.00907237454816634,0.4857152938182271,0.4884522249518586,0.4975245995000249,-4.0,-8.0,-4.0,4.0,8.0,4.0,15,15,15
02395120,dPL-MLP,dPL-MLP,test,0.0124894104226604,S1,0.012728457852661634,-1.0,0.0,-0.0026238666014981593,0.7695894221155511,0.7823178799682128,0.7849417465697109,-5.0,-6.0,-6.0,5.0,6.0,6.0,15,15,15
02415000,dPL-MLP,dPL-MLP,test,0.0124691410953683,S1,0.0008927935655416164,0.0,-1.0,0.002892025506272655,0.8404864425451484,0.84137923611069,0.8384872106044173,-1.0,0.0,-1.0,1.0,0.0,1.0,15,15,15
02427250,dPL-MLP,dPL-MLP,test,0.0031810787432098,S1,0.0006184571286224072,1.0,3.0,-0.01899897966850872,0.8038829177579374,0.8045013748865598,0.8235003545550685,-2.0,-4.0,-1.0,2.0,4.0,1.0,15,15,15
02430085,dPL-MLP,dPL-MLP,test,0.0126767241295668,S1,-4.091524190741325e-05,-2.0,-4.0,-0.011494333111107813,0.7064270740167111,0.7063861587748037,0.7178804918859115,5.0,3.0,7.0,5.0,3.0,7.0,15,15,15
02450250,dPL-MLP,dPL-MLP,test,0.0142864105715527,S1,-0.009799366163435907,7.0,5.0,-0.01709036586740198,0.8574519106370444,0.8476525444736085,0.8647429103410105,-13.0,-11.0,-6.0,13.0,11.0,6.0,15,15,15
02464000,dPL-MLP,dPL-MLP,test,0.011217518412828,S1,0.0014734741878938973,0.0,0.0,-0.002192447380055196,0.859870792981035,0.8613442671689289,0.8635367145489841,-1.0,-1.0,-1.0,1.0,1.0,1.0,15,15,15
02464360,dPL-MLP,dPL-MLP,test,0.0095365763059721,S1,-0.010278827685607173,1.0,1.0,-0.014773203837300741,0.835628531351901,0.8253497036662938,0.8401229075035945,6.0,6.0,5.0,6.0,6.0,5.0,15,15,15
02465493,dPL-MLP,dPL-MLP,test,0.0073106547528566,S1,0.030223302629101334,-1.0,0.0,-0.0002204056243508834,0.632181861945119,0.6624051645742204,0.6626255701985713,1.0,2.0,2.0,1.0,2.0,2.0,15,15,15
02469800,dPL-MLP,dPL-MLP,test,0.003171649398055,S1,-0.0004249018161206486,0.0,1.0,0.0006317716897569214,0.8475014911346945,0.8470765893185739,0.846444817628817,-2.0,-3.0,-2.0,2.0,3.0,2.0,15,15,15
02472000,dPL-MLP,dPL-MLP,test,0.0060147222598053,S1,-0.0018883861761191945,0.0,1.0,-0.01759978322479616,0.8375993505330099,0.8357109643568907,0.8533107475816869,-2.0,-3.0,-2.0,2.0,3.0,2.0,15,15,15
02472500,dPL-MLP,dPL-MLP,test,0.002454389871356,S1,-0.0014959681704411754,0.0,0.0,0.01538866704159525,0.8285267299243304,0.8270307617538892,0.811642094712294,-1.0,1.0,-1.0,1.0,1.0,1.0,15,15,15
02479155,dPL-MLP,dPL-MLP,test,0.0018026132328254,S1,-0.01564214712982026,-1.0,-1.0,-0.01776568968536929,0.7455215062509022,0.7298793591210819,0.7476450488064512,0.0,0.0,-1.0,0.0,0.0,1.0,15,15,15
02479300,dPL-MLP,dPL-MLP,test,0.0007412865485982,S1,-0.0024690858937980176,0.0,0.0,-0.0035756322147494357,0.8785462223753909,0.8760771364815929,0.8796527686963423,1.0,1.0,1.0,1.0,1.0,1.0,15,15,15
02479560,dPL-MLP,dPL-MLP,test,0.0008881841770739,S1,0.002117354623912604,-1.0,-1.0,-0.00368846872562667,0.8859184481274673,0.8880358027513799,0.8917242714770066,-1.0,-1.0,-2.0,1.0,1.0,2.0,15,15,15
02481000,dPL-MLP,dPL-MLP,test,0.0003653977736162,S1,-0.014494083948886183,0.0,-1.0,-0.004826514202124987,0.767860303005022,0.7533662190561358,0.7581927332582608,-1.0,0.0,-1.0,1.0,0.0,1.0,15,15,15
02481510,dPL-MLP,dPL-MLP,test,0.0007622545076852,S1,0.013904348504880648,-1.0,0.0,0.008082376361597143,0.8360553139126441,0.8499596624175247,0.8418772860559276,0.0,1.0,-1.0,0.0,1.0,1.0,15,15,15
03010655,dPL-MLP,dPL-MLP,test,0.207261759338099,S3,0.051652972823194254,-2.0,-15.0,0.012111401845675829,0.6755453523198462,0.7271983251430405,0.7150869232973647,-15.0,-2.0,17.0,15.0,2.0,17.0,15,15,15
03011800,dPL-MLP,dPL-MLP,test,0.210192690903197,S3,0.04618212880143857,-16.0,-18.0,0.020171625474021182,0.6964324029408899,0.7426145317423285,0.7224429062683073,-3.0,1.0,19.0,3.0,1.0,19.0,15,15,15
03015500,dPL-MLP,dPL-MLP,test,0.192038519147369,S3,0.14152265716414503,-7.0,-13.0,0.10435161848899399,0.6818003077413999,0.8233229649055449,0.7189713464165509,-6.0,0.0,13.0,6.0,0.0,13.0,15,15,15
03021350,dPL-MLP,dPL-MLP,test,0.208263538884948,S3,0.16033489616281726,-25.0,-19.0,0.11808357429757088,0.5755853419538011,0.7359202381166183,0.6178366638190474,-4.0,10.0,29.0,4.0,10.0,29.0,15,15,15
03026500,dPL-MLP,dPL-MLP,test,0.209814940150446,S3,0.07763787236146724,-11.0,-11.0,0.03226099746010136,0.638496923761948,0.7161347961234152,0.6838737986633139,-3.0,-3.0,14.0,3.0,3.0,14.0,15,15,15
03028000,dPL-MLP,dPL-MLP,test,0.203474312123818,S3,0.12610081693751152,-10.0,-12.0,0.10125214204048905,0.6851810707321973,0.8112818876697088,0.7100297456292197,-3.0,-1.0,13.0,3.0,1.0,13.0,15,15,15
03049000,dPL-MLP,dPL-MLP,test,0.139333377128464,S2,-0.0527821045593847,3.0,10.0,-0.0173131722563189,0.7079097935582305,0.6551276889988458,0.6724408612551647,-4.0,-11.0,-1.0,4.0,11.0,1.0,15,15,15
03049800,dPL-MLP,dPL-MLP,test,0.116341909362209,S2,0.03750272454648107,6.0,13.0,-0.001988778571508809,0.4689294147334646,0.5064321392799457,0.5084209178514545,6.0,-13.0,0.0,6.0,13.0,0.0,15,15,15
03050000,dPL-MLP,dPL-MLP,test,0.158964457158934,S3,0.0039092349337929155,17.0,15.0,-0.0019326052097652369,0.8116733774389239,0.8155826123727168,0.817515217582482,-18.0,-16.0,-1.0,18.0,16.0,1.0,15,15,15
03069500,dPL-MLP,dPL-MLP,test,0.194644630432116,S3,0.06883383204019466,-10.0,-12.0,0.028797628573395517,0.7736065365891411,0.8424403686293358,0.8136427400559403,-2.0,0.0,12.0,2.0,0.0,12.0,15,15,15
03070500,dPL-MLP,dPL-MLP,test,0.144725592442485,S2,0.0517679063431975,-10.0,-8.0,0.03934523507702281,0.7699077858213517,0.8216756921645492,0.7823304570875264,0.0,2.0,10.0,0.0,2.0,10.0,15,15,15
03076600,dPL-MLP,dPL-MLP,test,0.189395500517419,S3,0.03580890271456805,3.0,-2.0,-0.007709379096848323,0.5609041613266741,0.5967130640412421,0.6044224431380905,-8.0,-3.0,5.0,8.0,3.0,5.0,15,15,15
03078000,dPL-MLP,dPL-MLP,test,0.194625437344426,S3,0.1362795436630042,-5.0,-10.0,0.099140562914934,0.6538109089766967,0.7900904526397009,0.6909498897247669,-6.0,1.0,11.0,6.0,1.0,11.0,15,15,15
03140000,dPL-MLP,dPL-MLP,test,0.0894584784615066,S2,-0.05738226976146843,1.0,7.0,-0.07116435116595932,0.772827740601369,0.7154454708399006,0.7866098220058599,4.0,10.0,3.0,4.0,10.0,3.0,15,15,15
03144000,dPL-MLP,dPL-MLP,test,0.0936024048579887,S2,0.009518178237050257,0.0,0.0,0.029196451461716788,0.7799162680962721,0.7894344463333224,0.7602379948716056,-1.0,1.0,-1.0,1.0,1.0,1.0,15,15,15
03170000,dPL-MLP,dPL-MLP,test,0.0945585836238721,S2,-0.004731434156495462,-3.0,-2.0,-0.015321990522931594,0.7843726827748003,0.7796412486183049,0.7949632391412365,3.0,4.0,6.0,3.0,4.0,6.0,15,15,15
03173000,dPL-MLP,dPL-MLP,test,0.0942000993572573,S2,0.08417145235488066,10.0,10.0,0.03150737141535942,0.7366384390411662,0.8208098913960469,0.7893025199806875,-12.0,-12.0,-2.0,12.0,12.0,2.0,15,15,15
03180500,dPL-MLP,dPL-MLP,test,0.195303023284764,S3,0.10178311201694368,7.0,7.0,0.0706479328705989,0.749434087582477,0.8512171995994207,0.7805692667288218,-11.0,-11.0,4.0,11.0,11.0,4.0,15,15,15
03182500,dPL-MLP,dPL-MLP,test,0.170253081143655,S3,0.07041564782609688,11.0,9.0,0.03471952530617162,0.7869453478056304,0.8573609956317273,0.8226414703255557,-14.0,-12.0,3.0,14.0,12.0,3.0,15,15,15
03186500,dPL-MLP,dPL-MLP,test,0.1907316712122,S3,0.07765940833797569,-9.0,-7.0,0.03876129915378257,0.6869122478905967,0.7645716562285724,0.7258103570747898,5.0,7.0,14.0,5.0,7.0,14.0,15,15,15
03237280,dPL-MLP,dPL-MLP,test,0.0847306381238598,S2,-0.007568706693719007,-13.0,-8.0,-0.01996309821032105,0.6261417677274471,0.6185730610337281,0.6385361592440492,0.0,5.0,13.0,0.0,5.0,13.0,15,15,15
03237500,dPL-MLP,dPL-MLP,test,0.0787104016916548,S2,-0.006284079047503721,3.0,2.0,-0.013833191366918185,0.8437663814569811,0.8374823024094774,0.8513154937763956,-3.0,-2.0,0.0,3.0,2.0,0.0,15,15,15
03238500,dPL-MLP,dPL-MLP,test,0.0747385312973334,S2,-0.0028464125577731814,1.0,3.0,-0.016605681522073312,0.8432958683953369,0.8404494558375637,0.857055137359637,-1.0,-3.0,0.0,1.0,3.0,0.0,15,15,15
03241500,dPL-MLP,dPL-MLP,test,0.0779467519548554,S2,0.02265186256319862,-1.0,2.0,0.011857353436378504,0.8415224854797153,0.8641743480429139,0.8523169946065354,0.0,-3.0,1.0,0.0,3.0,1.0,15,15,15
03280700,dPL-MLP,dPL-MLP,test,0.0584460847843343,S2,0.00853630066060218,7.0,7.0,-0.006410902010702713,0.752548611721839,0.7610849123824411,0.7674958143931438,-12.0,-12.0,-5.0,12.0,12.0,5.0,15,15,15
03281500,dPL-MLP,dPL-MLP,test,0.044067880842997,S1,-0.00873565658678399,9.0,5.0,-0.011710582509824041,0.8765165293728244,0.8677808727860404,0.8794914552958645,-9.0,-5.0,0.0,9.0,5.0,0.0,15,15,15
03285000,dPL-MLP,dPL-MLP,test,0.0446468108120254,S1,-0.016918923316647905,1.0,0.0,-0.011397989648514684,0.8257486888534928,0.8088297655368449,0.8202277551853596,-2.0,-1.0,-1.0,2.0,1.0,1.0,15,15,15
03291780,dPL-MLP,dPL-MLP,test,0.0673686532615331,S2,0.022967204506758376,1.0,1.0,0.008202950591065905,0.768228113263957,0.7911953177707154,0.7829923671796495,-1.0,-1.0,0.0,1.0,1.0,0.0,15,15,15
03338780,dPL-MLP,dPL-MLP,test,0.0725503193755769,S2,0.00016690886859627163,1.0,2.0,-0.002481856706617269,0.8515474947024915,0.8517144035710877,0.854196260277705,-1.0,-2.0,0.0,1.0,2.0,0.0,15,15,15
03340800,dPL-MLP,dPL-MLP,test,0.0732286680426859,S2,-0.010014677844949693,0.0,0.0,0.008109704301190845,0.8435684245674189,0.8335537467224692,0.8254440424212783,-1.0,-1.0,-1.0,1.0,1.0,1.0,15,15,15
03346000,dPL-MLP,dPL-MLP,test,0.0621069652969445,S2,-0.001957120618991337,-3.0,0.0,-0.001822965546085853,0.8644400202256979,0.8624828996067065,0.8643058651527924,-1.0,-4.0,-4.0,1.0,4.0,4.0,15,15,15
03364500,dPL-MLP,dPL-MLP,test,0.0804170575814994,S2,0.00035417008576421605,1.0,1.0,0.015933998061668397,0.7986794583234819,0.7990336284092461,0.7830996303475777,-4.0,-4.0,-3.0,4.0,4.0,3.0,15,15,15
03366500,dPL-MLP,dPL-MLP,test,0.059067129172147,S2,0.012436326768806683,0.0,1.0,-0.0013950576032069062,0.8647927012951813,0.877229028063988,0.8786240856671949,0.0,-1.0,0.0,0.0,1.0,0.0,15,15,15
03368000,dPL-MLP,dPL-MLP,test,0.0670858663666364,S2,0.018237740351793486,0.0,0.0,0.010002694912307764,0.7205379854195966,0.7387757257713901,0.7287730308590823,0.0,0.0,0.0,0.0,0.0,0.0,15,15,15
03384450,dPL-MLP,dPL-MLP,test,0.0496725306242436,S1,0.018448337674960014,5.0,1.0,0.007160060908154131,0.7694546012733634,0.7879029389483234,0.7807428780401693,-5.0,-1.0,0.0,5.0,1.0,0.0,15,15,15
03439000,dPL-MLP,dPL-MLP,test,0.0374660918206049,S1,-0.009672310562646058,-1.0,0.0,0.01602529782026496,0.8491496527317368,0.8394773421690908,0.8234520443488258,0.0,-1.0,1.0,0.0,1.0,1.0,15,15,15
03455500,dPL-MLP,dPL-MLP,test,0.0774314166204897,S2,0.014998471598576257,-7.0,-7.0,0.0028839681073763446,0.7411741892487892,0.7561726608473655,0.7532886927399891,-2.0,-2.0,9.0,2.0,2.0,9.0,15,15,15
03456500,dPL-MLP,dPL-MLP,test,0.0638736766495558,S2,-0.035882942022301134,-3.0,-3.0,-0.024067006209025688,0.7909915423225556,0.7551086003002545,0.7791756065092802,-1.0,1.0,4.0,1.0,1.0,4.0,15,15,15
03460000,dPL-MLP,dPL-MLP,test,0.077253343718732,S2,0.002371200404770901,-6.0,-5.0,0.012460445523853725,0.8405006723975921,0.842871872802363,0.8304114272785093,2.0,3.0,8.0,2.0,3.0,8.0,15,15,15
03463300,dPL-MLP,dPL-MLP,test,0.0849163900758962,S2,-0.01162854715346251,0.0,0.0,-0.03953980574794136,0.7876565780144724,0.7760280308610099,0.8155678366089513,-2.0,-2.0,2.0,2.0,2.0,2.0,15,15,15
03471500,dPL-MLP,dPL-MLP,test,0.0838711696088708,S2,-0.013910058614634457,4.0,3.0,-0.010812297501983759,0.5696733688522876,0.5557633102376531,0.5665756077396369,-6.0,-5.0,2.0,6.0,5.0,2.0,15,15,15
03473000,dPL-MLP,dPL-MLP,test,0.0832667330515825,S2,-0.001416877452022569,0.0,2.0,-0.0012334722959369548,0.722741232445494,0.7213243549934715,0.7225578272894084,-2.0,-4.0,2.0,2.0,4.0,2.0,15,15,15
03479000,dPL-MLP,dPL-MLP,test,0.0904171237520879,S2,-0.004431611072367114,-8.0,-6.0,0.00943192566250639,0.8125877030875022,0.808156092015135,0.7987241663526287,2.0,4.0,10.0,2.0,4.0,10.0,15,15,15
03488000,dPL-MLP,dPL-MLP,test,0.0815490515140822,S2,0.01891467095429844,5.0,7.0,-0.014788692490056321,0.7609798375310489,0.7798945084853474,0.7946832009754037,-5.0,-7.0,0.0,5.0,7.0,0.0,15,15,15
03498500,dPL-MLP,dPL-MLP,test,0.0343707789266315,S1,0.004814961210176438,4.0,3.0,-0.020076596585349105,0.8513267381862324,0.8561416993964088,0.8762182959817579,-7.0,-6.0,-3.0,7.0,6.0,3.0,15,15,15
03500000,dPL-MLP,dPL-MLP,test,0.0292489179120406,S1,-0.005190915157315179,1.0,2.0,0.025956605022807167,0.9023296127093939,0.8971386975520788,0.8711820925292716,-6.0,-7.0,-5.0,6.0,7.0,5.0,15,15,15
03500240,dPL-MLP,dPL-MLP,test,0.029394718558517,S1,0.005228479902166794,4.0,4.0,0.002029850447800796,0.8877200686644128,0.8929485485665796,0.8909186981187788,-8.0,-8.0,-4.0,8.0,8.0,4.0,15,15,15
03504000,dPL-MLP,dPL-MLP,test,0.0589912291417263,S2,-0.03012277481469594,2.0,1.0,-0.019703633131943565,0.8652652448648671,0.8351424700501712,0.8548461031821147,-3.0,-2.0,-1.0,3.0,2.0,1.0,15,15,15
03574500,dPL-MLP,dPL-MLP,test,0.0200681785915394,S1,0.002246189141575594,3.0,1.0,0.009914745761935961,0.8073818583913169,0.8096280475328925,0.7997133017709566,-7.0,-5.0,-4.0,7.0,5.0,4.0,15,15,15
03592718,dPL-MLP,dPL-MLP,test,0.0149109120314144,S1,-0.026146731343086316,-2.0,0.0,0.0023922631518207282,0.7483286636913613,0.722181932348275,0.7197896691964543,1.0,3.0,3.0,1.0,3.0,3.0,15,15,15
03604000,dPL-MLP,dPL-MLP,test,0.0255990760932844,S1,-0.03985715183152494,2.0,-1.0,-0.050423458738054094,0.7874845457820572,0.7476273939505322,0.7980508526885863,-7.0,-4.0,-5.0,7.0,4.0,5.0,15,15,15
04015330,dPL-MLP,dPL-MLP,test,0.196079390089318,S3,0.22663879696999523,-9.0,-1.0,0.19283433565795471,0.5745872569369537,0.8012260539069489,0.6083917182489942,3.0,11.0,12.0,3.0,11.0,12.0,15,15,15
04024430,dPL-MLP,dPL-MLP,test,0.1608667587394,S3,0.17929996702209683,-8.0,6.0,0.14577542709027258,0.540759926481499,0.7200598935035958,0.5742844664133232,6.0,20.0,14.0,6.0,20.0,14.0,15,15,15
04027000,dPL-MLP,dPL-MLP,test,0.235000084730923,S3,0.35009996963908774,-5.0,-1.0,0.1063521476105147,0.4802705031649446,0.8303704728040323,0.7240183251935176,-1.0,5.0,6.0,1.0,5.0,6.0,15,15,15
04040500,dPL-MLP,dPL-MLP,test,0.309607600434067,S4,0.42063951454591486,5.0,-5.0,0.04998351866552553,0.37563199597464536,0.7962715105205602,0.7462879918550347,-13.0,3.0,8.0,13.0,3.0,8.0,15,15,15
04043050,dPL-MLP,dPL-MLP,test,0.299401075000363,S3,0.41657155393197387,18.0,-3.0,0.14637300739172643,0.2621194432348938,0.6786909971668676,0.5323179897751412,-22.0,1.0,4.0,22.0,1.0,4.0,15,15,15
04045500,dPL-MLP,dPL-MLP,test,0.300079815277018,S4,0.19812293103217804,39.0,-5.0,-0.04517595056393242,0.3294926713620875,0.5276156023942655,0.572791552958198,-47.0,3.0,8.0,47.0,3.0,8.0,15,15,15
04057510,dPL-MLP,dPL-MLP,test,0.253134692886369,S3,0.1700480717990036,1.0,-6.0,-0.012218645661472793,0.38321984274524623,0.5532679145442498,0.5654865602057226,-10.0,3.0,9.0,10.0,3.0,9.0,15,15,15
04057800,dPL-MLP,dPL-MLP,test,0.334246736484748,S4,0.29736799684398396,6.0,-8.0,-0.03415395120378184,0.33042911434458655,0.6277971111885705,0.6619510623923524,-16.0,2.0,10.0,16.0,2.0,10.0,15,15,15
04059500,dPL-MLP,dPL-MLP,test,0.235319790957285,S3,0.3274866858496698,4.0,-5.0,0.014000564304667895,0.40237108296124335,0.7298577688109131,0.7158572045062452,-12.0,3.0,8.0,12.0,3.0,8.0,15,15,15
04063700,dPL-MLP,dPL-MLP,test,0.211966109984869,S3,0.06054736271138628,9.0,3.0,-0.09486279143100873,0.39919636245716394,0.4597437251685502,0.554606516599559,-12.0,6.0,3.0,12.0,6.0,3.0,15,15,15
04074950,dPL-MLP,dPL-MLP,test,0.203272983314769,S3,0.15751470776424226,-1.0,1.0,-0.01113746473007382,0.553237166394402,0.7107518741586443,0.7218893388887181,-5.0,7.0,6.0,5.0,7.0,6.0,15,15,15
04105700,dPL-MLP,dPL-MLP,test,0.154578943663624,S3,-0.04099032380097545,-6.0,-5.0,-0.05264670930203663,0.6644802921046871,0.6234899683037116,0.6761366776057482,9.0,10.0,15.0,9.0,10.0,15.0,15,15,15
04115265,dPL-MLP,dPL-MLP,test,0.17692366303836,S3,-0.11468011769790021,0.0,2.0,-0.008786230068215328,0.7331777439001264,0.6184976262022261,0.6272838562704415,12.0,14.0,12.0,12.0,14.0,12.0,15,15,15
04122200,dPL-MLP,dPL-MLP,test,0.175430988197981,S3,-0.07505375375700063,-7.0,-2.0,-0.026836054235755746,0.7251493164107805,0.6500955626537799,0.6769316168895356,6.0,11.0,13.0,6.0,11.0,13.0,15,15,15
04122500,dPL-MLP,dPL-MLP,test,0.184317913063151,S3,-0.052465357584385974,-7.0,-1.0,-0.025627171031376017,0.7323996830502638,0.6799343254658778,0.7055614964972539,5.0,11.0,12.0,5.0,11.0,12.0,15,15,15
04127918,dPL-MLP,dPL-MLP,test,0.290254060373262,S3,0.0792239060391694,28.0,-4.0,-0.09355042686632853,0.3327991244787222,0.4120230305178916,0.5055734573842201,-34.0,-2.0,6.0,34.0,2.0,6.0,15,15,15
04127997,dPL-MLP,dPL-MLP,test,0.268061615104673,S3,-0.012072335609197848,-5.0,-5.0,-0.07634524829293432,0.5873373196665739,0.575264984057376,0.6516102323503103,-3.0,3.0,8.0,3.0,3.0,8.0,15,15,15
04161580,dPL-MLP,dPL-MLP,test,0.157673147023086,S3,0.008464674980650067,-8.0,-10.0,0.039614161730529784,0.7176840469525239,0.7261487219331739,0.6865345602026441,-4.0,2.0,12.0,4.0,2.0,12.0,15,15,15
04185000,dPL-MLP,dPL-MLP,test,0.125203448992686,S2,-0.012646216445275638,-2.0,-3.0,-0.009005166866058567,0.8328412139986912,0.8201949975534155,0.8292001644194741,-1.0,0.0,3.0,1.0,0.0,3.0,15,15,15
04196800,dPL-MLP,dPL-MLP,test,0.099311648741759,S2,0.04941246180195935,4.0,1.0,0.045324233142677084,0.7826266635173376,0.8320391253192969,0.7867148921766198,-4.0,-1.0,0.0,4.0,1.0,0.0,15,15,15
04197100,dPL-MLP,dPL-MLP,test,0.111863760810241,S2,0.05255176469291423,5.0,12.0,0.051487457772221745,0.7327371248927935,0.7852888895857078,0.733801431813486,-5.0,-12.0,0.0,5.0,12.0,0.0,15,15,15
04197170,dPL-MLP,dPL-MLP,test,0.10758495614117,S2,0.060152708051191106,12.0,15.0,0.02475867071284843,0.7321676501901777,0.7923203582413688,0.7675616875285204,-17.0,-20.0,-5.0,17.0,20.0,5.0,15,15,15
04213000,dPL-MLP,dPL-MLP,test,0.162227338465539,S3,0.1258289035181105,14.0,4.0,0.06654072315777759,0.6764775437332522,0.8023064472513627,0.7357657240935851,-15.0,-5.0,1.0,15.0,5.0,1.0,15,15,15
04213075,dPL-MLP,dPL-MLP,test,0.160655070848624,S3,0.06494788927333628,4.0,-2.0,0.03137669470031079,0.561502017772384,0.6264499070457202,0.5950732123454094,-14.0,-8.0,10.0,14.0,8.0,10.0,15,15,15
04216418,dPL-MLP,dPL-MLP,test,0.225393876789264,S3,0.16702897726921806,12.0,8.0,0.11380787865587216,0.6115587129950808,0.7785876902642989,0.6647798116084267,-20.0,-16.0,8.0,20.0,16.0,8.0,15,15,15
04221000,dPL-MLP,dPL-MLP,test,0.207214753166224,S3,0.12407187119031815,3.0,3.0,0.0777317362382508,0.7049081486632447,0.8289800198535628,0.751248283615312,-11.0,-11.0,8.0,11.0,11.0,8.0,15,15,15
04224775,dPL-MLP,dPL-MLP,test,0.204650190587357,S3,0.22252675048304582,-6.0,-3.0,0.16103366406298192,0.5668554650338823,0.7893822155169281,0.6283485514539462,-5.0,-8.0,11.0,5.0,8.0,11.0,15,15,15
04233000,dPL-MLP,dPL-MLP,test,0.169532329377697,S3,0.12759448619937208,8.0,-2.0,0.09404271499380312,0.5962722299149426,0.7238667161143146,0.6298240011205115,-14.0,-4.0,6.0,14.0,4.0,6.0,15,15,15
04256000,dPL-MLP,dPL-MLP,test,0.279703584506989,S3,0.20473137851846424,20.0,-4.0,0.11140967879209474,0.6287231330992951,0.8334545116177593,0.7220448328256646,-30.0,6.0,10.0,30.0,6.0,10.0,15,15,15
04296000,dPL-MLP,dPL-MLP,test,0.273317826422307,S3,0.3404992802735549,21.0,-11.0,0.08691349908214074,0.4916528421220736,0.8321521223956285,0.7452386233134878,-32.0,0.0,11.0,32.0,0.0,11.0,15,15,15
05057200,dPL-MLP,dPL-MLP,test,0.141789208175196,S2,0.10480028863023505,-3.0,8.0,0.007030116456529623,-0.26189526396461726,-0.15709497533438221,-0.16412509179091184,29.0,40.0,32.0,29.0,40.0,32.0,15,15,15
05120500,dPL-MLP,dPL-MLP,test,0.19176626992326,S3,0.15151515775643454,-17.0,-16.0,1.3575656659518587,0.12650621697230924,0.2780213747287438,-1.0795442912231148,19.0,20.0,36.0,19.0,20.0,36.0,15,15,15
05291000,dPL-MLP,dPL-MLP,test,0.148874500915531,S2,0.2796176689060934,-4.0,-6.0,0.28017787263507266,0.40620149155394825,0.6858191604600417,0.405641287824969,3.0,1.0,7.0,3.0,1.0,7.0,15,15,15
05362000,dPL-MLP,dPL-MLP,test,0.174430982504896,S3,0.1732858431590023,-2.0,2.0,0.010356738363568763,0.5190594682581828,0.6923453114171851,0.6819885730536164,-1.0,5.0,3.0,1.0,5.0,3.0,15,15,15
05393500,dPL-MLP,dPL-MLP,test,0.19616986570515,S3,0.32635252233787737,8.0,0.0,0.11662558937213796,0.5114864123276495,0.8378389346655268,0.7212133452933889,-11.0,3.0,3.0,11.0,3.0,3.0,15,15,15
05399500,dPL-MLP,dPL-MLP,test,0.156958255923397,S3,0.23455745341834477,-2.0,0.0,0.06803465904865358,0.532084784050683,0.7666422374690278,0.6986075784203742,0.0,2.0,2.0,0.0,2.0,2.0,15,15,15
05408000,dPL-MLP,dPL-MLP,test,0.140156645371,S2,-0.07331730718309404,3.0,0.0,0.0011259576045778985,0.7560424585589774,0.6827251513758834,0.6815991937713055,12.0,9.0,9.0,12.0,9.0,9.0,15,15,15
05413500,dPL-MLP,dPL-MLP,test,0.124159245932601,S2,0.008903786802116787,4.0,7.0,0.01293710220475408,0.729129752798428,0.7380335396005447,0.7250964373957907,11.0,14.0,7.0,11.0,14.0,7.0,15,15,15
05414000,dPL-MLP,dPL-MLP,test,0.123542293769616,S2,0.0131772220997608,4.0,7.0,-0.005303601696313387,0.6065050726086146,0.6196822947083754,0.6249858964046888,12.0,15.0,8.0,12.0,15.0,8.0,15,15,15
05444000,dPL-MLP,dPL-MLP,test,0.113352332875094,S2,-0.06684400632207477,-5.0,-4.0,-0.08288321219966022,0.7013025371653121,0.6344585308432373,0.7173417430428976,5.0,6.0,10.0,5.0,6.0,10.0,15,15,15
05454000,dPL-MLP,dPL-MLP,test,0.102381239516297,S2,-0.011096718977277154,-5.0,-4.0,-0.018889804277898326,0.6872922296610313,0.6761955106837542,0.6950853149616525,1.0,2.0,6.0,1.0,2.0,6.0,15,15,15
05458000,dPL-MLP,dPL-MLP,test,0.122540965691067,S2,0.06418738113327815,-2.0,-9.0,0.042979711549121946,0.6997768007404603,0.7639641818737385,0.7209844703246165,17.0,10.0,19.0,17.0,10.0,19.0,15,15,15
05466500,dPL-MLP,dPL-MLP,test,0.107102802145215,S2,-0.019924318122464424,-1.0,0.0,-0.02186437429705934,0.7659923689745963,0.7460680508521319,0.7679324251491912,4.0,5.0,5.0,4.0,5.0,5.0,15,15,15
05487980,dPL-MLP,dPL-MLP,test,0.0964519167641938,S2,0.012341995054791166,-1.0,0.0,0.018700144450131573,0.7896827218995378,0.802024716954329,0.7833245725041974,3.0,4.0,4.0,3.0,4.0,4.0,15,15,15
05488200,dPL-MLP,dPL-MLP,test,0.10182137585369,S2,0.07233974792763553,-1.0,-2.0,0.07039372666175092,0.6345060808050849,0.7068458287327204,0.6364521020709695,9.0,8.0,10.0,9.0,8.0,10.0,15,15,15
05489000,dPL-MLP,dPL-MLP,test,0.0977424681708028,S2,0.0017737207174779446,-5.0,-1.0,-0.013678849046251385,0.7746609058121224,0.7764346265296004,0.7901134755758518,3.0,7.0,8.0,3.0,7.0,8.0,15,15,15
05495000,dPL-MLP,dPL-MLP,test,0.0965623589589288,S2,-0.019771931782767482,-1.0,0.0,-0.013805128027661873,0.879744137544222,0.8599722057614545,0.8737773337891164,0.0,1.0,1.0,0.0,1.0,1.0,15,15,15
05495500,dPL-MLP,dPL-MLP,test,0.0758324970984556,S2,0.0030482528361771566,-1.0,0.0,-0.025237511779331312,0.7929626490350911,0.7960109018712682,0.8212484136505995,0.0,1.0,1.0,0.0,1.0,1.0,15,15,15
05501000,dPL-MLP,dPL-MLP,test,0.0805965933083467,S2,-0.063870048076484,1.0,0.0,-0.028705457971197834,0.7492726037454747,0.6854025556689907,0.7141080136401885,2.0,1.0,1.0,2.0,1.0,1.0,15,15,15
05503800,dPL-MLP,dPL-MLP,test,0.0832843857982754,S2,-0.02435411928027542,0.0,0.0,-0.03868936744919382,0.7283235204533636,0.7039694011730881,0.742658768622282,-1.0,-1.0,-1.0,1.0,1.0,1.0,15,15,15
05507600,dPL-MLP,dPL-MLP,test,0.0742633892998097,S2,-0.02709470343275233,0.0,0.0,-0.03478903282009149,0.7193482737268216,0.6922535702940693,0.7270426031141608,0.0,0.0,0.0,0.0,0.0,0.0,15,15,15
05508805,dPL-MLP,dPL-MLP,test,0.075793058486455,S2,-0.016017069171552212,0.0,-1.0,-0.004268342243522794,0.8375422211504298,0.8215251519788775,0.8257934942224003,1.0,0.0,1.0,1.0,0.0,1.0,15,15,15
05525500,dPL-MLP,dPL-MLP,test,0.0775662992910571,S2,0.0006325038844553488,-1.0,0.0,-0.01971350683331774,0.8508911996196422,0.8515237035040976,0.8712372103374153,-3.0,-4.0,4.0,3.0,4.0,4.0,15,15,15
05556500,dPL-MLP,dPL-MLP,test,0.106987814559373,S2,-0.02296570326105496,-5.0,-4.0,-0.0331012021143936,0.6742711303623841,0.6513054271013291,0.6844066292157227,1.0,2.0,6.0,1.0,2.0,6.0,15,15,15
05584500,dPL-MLP,dPL-MLP,test,0.0864765586667042,S2,0.019137386813967483,0.0,0.0,0.03635579944718237,0.7022738114121092,0.7214111982260767,0.6850553987788943,0.0,0.0,0.0,0.0,0.0,0.0,15,15,15
05591550,dPL-MLP,dPL-MLP,test,0.0692516054963585,S2,0.003715795545943923,-1.0,-2.0,0.01142613167252382,0.6803250490650343,0.6840408446109782,0.6726147129384544,2.0,1.0,3.0,2.0,1.0,3.0,15,15,15
05592050,dPL-MLP,dPL-MLP,test,0.0740889287495313,S2,-0.030586634570532012,0.0,0.0,-0.024079752773331298,0.8134760696070741,0.7828894350365421,0.8069691878098734,-1.0,-1.0,-1.0,1.0,1.0,1.0,15,15,15
05592575,dPL-MLP,dPL-MLP,test,0.0638801924050215,S2,-0.09428068659238242,0.0,0.0,-0.0319867096289973,0.8022604091406207,0.7079797225482383,0.7399664321772356,0.0,0.0,0.0,0.0,0.0,0.0,15,15,15
05593575,dPL-MLP,dPL-MLP,test,0.0547473552431735,S2,-0.0029571117383064838,-1.0,0.0,0.03256524870965538,0.8735395761617777,0.8705824644234712,0.8380172157138158,0.0,-1.0,-1.0,0.0,1.0,1.0,15,15,15
05593900,dPL-MLP,dPL-MLP,test,0.0734339258739105,S2,-0.0033292315994080113,0.0,0.0,0.01328976108661628,0.77868381437029,0.775354582770882,0.7620648216842657,0.0,0.0,0.0,0.0,0.0,0.0,15,15,15
05595730,dPL-MLP,dPL-MLP,test,0.05667164669358,S2,-0.003455050999230602,0.0,0.0,-0.006975355891097879,0.8375685950719711,0.8341135440727405,0.8410888999638384,0.0,0.0,0.0,0.0,0.0,0.0,15,15,15
06221400,dPL-MLP,dPL-MLP,test,0.714826752405444,S5,0.5858908180782573,48.0,16.0,0.20100213425532665,-0.10527389294529033,0.48061692513296694,0.2796147908776403,-60.0,-28.0,-12.0,60.0,28.0,12.0,15,15,15
06224000,dPL-MLP,dPL-MLP,test,0.693901350936104,S5,0.6113499489286374,30.0,7.0,0.2285779394820886,-0.04625197747687304,0.5650979714517643,0.3365200319696757,-47.0,-24.0,-17.0,47.0,24.0,17.0,15,15,15
06278300,dPL-MLP,dPL-MLP,test,0.732862235334757,S5,0.6958656958416766,37.0,8.0,0.2446459792771768,0.07273672718292545,0.768602423024602,0.5239564437474252,-39.0,-10.0,2.0,39.0,10.0,2.0,15,15,15
06280300,dPL-MLP,dPL-MLP,test,0.666773488915146,S5,0.7649310983047637,38.0,12.0,0.13057347284373144,0.07527901405996784,0.8402101123647315,0.7096366395210001,-50.0,-24.0,-12.0,50.0,24.0,12.0,15,15,15
06289000,dPL-MLP,dPL-MLP,test,0.583642806430044,S5,0.30690963419525896,15.0,2.0,0.03330018003000412,0.4973886658607828,0.8042983000560417,0.7709981200260376,-17.0,4.0,-2.0,17.0,4.0,2.0,15,15,15
06291500,dPL-MLP,dPL-MLP,test,0.404772816694431,S4,0.17924288344277595,10.5,2.0,0.028961434672689745,0.5329072444521366,0.7121501278949125,0.6831886932222228,-18.5,-10.0,-8.0,18.5,10.0,8.0,14,14,14
06311000,dPL-MLP,dPL-MLP,test,0.57382796016244,S5,0.3161445612857604,-1.0,-10.0,-0.05642355935212584,0.4558574170684976,0.772001978354258,0.8284255377063838,-9.0,0.0,10.0,9.0,0.0,10.0,15,15,15
06332515,dPL-MLP,dPL-MLP,test,0.173914615394175,S3,0.16145361247044232,-15.0,1.0,0.1421103550895274,-0.06677164357290377,0.09468196889753855,-0.04742838619198886,45.0,61.0,60.0,45.0,61.0,60.0,15,15,15
06339100,dPL-MLP,dPL-MLP,test,0.160349274004295,S3,0.1282517895270735,-3.0,1.0,0.12725070276479078,-0.03129193800686081,0.09695985152021269,-0.030290851244578088,56.0,60.0,59.0,56.0,60.0,59.0,15,15,15
06344600,dPL-MLP,dPL-MLP,test,0.162624033289867,S3,0.07779785191191646,0.0,3.0,0.08970369541362633,-0.07393385896161253,0.0038639929503039294,-0.0858397024633224,52.0,55.0,52.0,52.0,55.0,52.0,15,15,15
06350000,dPL-MLP,dPL-MLP,test,0.164913327830338,S3,0.08570105277720508,-31.0,7.0,0.01721328249133003,-0.1919978523800676,-0.10629679960286254,-0.12351008209419256,26.0,64.0,57.0,26.0,64.0,57.0,15,15,15
06352000,dPL-MLP,dPL-MLP,test,0.168403955596369,S3,0.06686969677344679,-31.0,11.0,0.050041582376305405,-0.24183451763568353,-0.17496482086223675,-0.22500640323854215,19.0,61.0,50.0,19.0,61.0,50.0,15,15,15
06404000,dPL-MLP,dPL-MLP,test,0.191294358675479,S3,-0.02897391354936385,-7.0,0.0,0.03313825534796311,0.6946549699923987,0.6656810564430349,0.6325428010950718,6.0,13.0,13.0,6.0,13.0,13.0,15,15,15
06406000,dPL-MLP,dPL-MLP,test,0.167832878351021,S3,-0.04068009804653294,-4.0,5.0,0.0154710285177726,0.5343389663845537,0.49365886833802075,0.47818783982024815,11.0,20.0,15.0,11.0,20.0,15.0,15,15,15
06409000,dPL-MLP,dPL-MLP,test,0.343337176611808,S4,-0.20065062441560677,3.0,-3.0,0.21701937851249853,0.6656658893371405,0.4650152649215338,0.24799588640903525,10.0,4.0,7.0,10.0,4.0,7.0,15,15,15
06431500,dPL-MLP,dPL-MLP,test,0.36993144167527,S4,-0.2601001874853337,-2.0,-3.0,-0.021966468063748246,0.7197067611897678,0.45960657370443414,0.4815730417681824,-1.0,0.0,3.0,1.0,0.0,3.0,15,15,15
06440200,dPL-MLP,dPL-MLP,test,0.140805850137048,S2,-0.010039010514934388,-7.0,-2.0,0.07164818294484832,0.3737277322310808,0.3636887217161464,0.2920405387712981,0.0,5.0,7.0,0.0,5.0,7.0,15,15,15
06447500,dPL-MLP,dPL-MLP,test,0.155649176414783,S3,0.022257657211392723,-4.0,-3.0,-0.043039771127668325,0.22837685505660343,0.25063451226799616,0.2936742833956645,36.0,37.0,40.0,36.0,37.0,40.0,15,15,15
06470800,dPL-MLP,dPL-MLP,test,0.14718946482151,S2,0.14187617460441482,-9.0,4.0,0.0355497051042617,-0.025596381893319142,0.11627979271109568,0.08073008760683398,-3.0,16.0,12.0,3.0,16.0,12.0,15,15,15
06477500,dPL-MLP,dPL-MLP,test,0.132381124658994,S2,0.15573278347353758,-11.0,-1.0,0.20392872784023508,0.3970272740373454,0.552760057510883,0.3488313296706479,1.0,11.0,12.0,1.0,11.0,12.0,15,15,15
06479215,dPL-MLP,dPL-MLP,test,0.164751422321796,S3,0.3523618227285207,-10.0,-2.0,0.34199917229828436,0.2200101491505374,0.5723719718790581,0.23037279958077372,15.0,23.0,25.0,15.0,23.0,25.0,15,15,15
06601000,dPL-MLP,dPL-MLP,test,0.105879368005318,S2,0.04197346585181594,-6.0,-3.0,0.0016094067863481332,0.16716376780376674,0.20913723365558268,0.20752782686923454,4.0,7.0,10.0,4.0,7.0,10.0,15,15,15
06614800,dPL-MLP,dPL-MLP,test,0.760476738091987,S5,0.9023028612210702,64.0,21.0,0.25882747415120977,-0.08073312059812676,0.8215697406229434,0.5627422664717336,-65.0,-22.0,-1.0,65.0,22.0,1.0,15,15,15
06622700,dPL-MLP,dPL-MLP,test,0.717691988588396,S5,0.7467647335470368,43.0,6.0,0.16239173567459786,0.07635055932279222,0.823115292869829,0.6607235571952311,-47.0,-10.0,4.0,47.0,10.0,4.0,15,15,15
06623800,dPL-MLP,dPL-MLP,test,0.753935609059572,S5,0.8838285681212458,59.0,14.0,0.2720005484846977,0.007093982055894954,0.8909225501771407,0.618922001692443,-60.0,-15.0,1.0,60.0,15.0,1.0,15,15,15
06632400,dPL-MLP,dPL-MLP,test,0.744511869620645,S5,0.7342910920380773,39.0,3.0,0.13778664141816532,0.09065001344763157,0.8249411054857089,0.6871544640675435,-46.0,-10.0,7.0,46.0,10.0,7.0,15,15,15
06746095,dPL-MLP,dPL-MLP,test,0.728744289492069,S5,0.6220325213588227,53.0,16.0,0.1993537232703697,-0.24105075976664248,0.3809817615921802,0.18162803832181051,-60.0,-23.0,-7.0,60.0,23.0,7.0,15,15,15
06803510,dPL-MLP,dPL-MLP,test,0.0940475934983777,S2,0.1017141967273576,0.0,0.0,-0.051104602043187675,0.4928019313157196,0.5945161280430772,0.6456207300862649,1.0,1.0,1.0,1.0,1.0,1.0,15,15,15
06803530,dPL-MLP,dPL-MLP,test,0.0991958577666237,S2,0.018892101106092962,0.0,0.0,0.030000401265019017,0.7330044642929732,0.7518965653990661,0.7218961641340471,0.0,0.0,0.0,0.0,0.0,0.0,15,15,15
06814000,dPL-MLP,dPL-MLP,test,0.0902842088456011,S2,-0.00828082479568415,-2.0,-1.0,0.012971582141460436,0.8219212966431378,0.8136404718474537,0.8006688897059933,1.0,2.0,3.0,1.0,2.0,3.0,15,15,15
06847900,dPL-MLP,dPL-MLP,test,0.102382584534704,S2,-0.14046529807757158,-9.0,41.0,0.06585076841559867,0.05611153261974522,-0.08435376545782636,-0.15020453387342503,3.0,53.0,12.0,3.0,53.0,12.0,15,15,15
06853800,dPL-MLP,dPL-MLP,test,0.104135741933305,S2,0.018922582320276327,2.0,-5.0,0.08072281212020549,0.516983305888695,0.5359058882089713,0.45518307608876585,-8.0,-1.0,-6.0,8.0,1.0,6.0,15,15,15
06876700,dPL-MLP,dPL-MLP,test,0.0796113854216262,S2,0.003647153364970235,0.0,0.0,0.13888083219752256,0.6245586711718529,0.6282058245368232,0.4893249923393006,-1.0,1.0,-1.0,1.0,1.0,1.0,15,15,15
06878000,dPL-MLP,dPL-MLP,test,0.0727867121382812,S2,-0.1172609819442767,-1.0,0.0,-0.008567883101933571,0.6081428201572816,0.4908818382130049,0.4994497213149385,0.0,1.0,1.0,0.0,1.0,1.0,15,15,15
06879650,dPL-MLP,dPL-MLP,test,0.0672497335190048,S2,-0.013209404741837072,0.0,0.0,-0.012724619974774587,0.3890327992075867,0.37582339446574964,0.3885480144405242,6.0,6.0,6.0,6.0,6.0,6.0,15,15,15
06885500,dPL-MLP,dPL-MLP,test,0.0842987262187572,S2,0.08894300894752338,-9.0,-6.0,0.09279081004511414,0.5408786029696655,0.6298216119171889,0.5370308018720747,8.0,11.0,17.0,8.0,11.0,17.0,15,15,15
06888500,dPL-MLP,dPL-MLP,test,0.0703719655848806,S2,0.012045445387522058,-5.0,-1.0,-0.02833297014009928,0.6294327350243476,0.6414781804118697,0.6698111505519689,1.0,5.0,6.0,1.0,5.0,6.0,15,15,15
06889200,dPL-MLP,dPL-MLP,test,0.0716152496141078,S2,-0.052799095860438294,-2.0,-2.0,-0.04574721846653129,0.49982688690343535,0.44702779104299706,0.49277500950952835,1.0,1.0,3.0,1.0,1.0,3.0,15,15,15
06889500,dPL-MLP,dPL-MLP,test,0.069599735811632,S2,-0.04560255278845338,0.0,0.0,-0.024647647536223394,0.6864617606563075,0.6408592078678541,0.6655068554040775,0.0,0.0,0.0,0.0,0.0,0.0,15,15,15
06892000,dPL-MLP,dPL-MLP,test,0.0715178249456991,S2,-0.011331634771034271,0.0,0.0,-0.010761363462824525,0.7420719826010193,0.730740347829985,0.7415017112928095,0.0,0.0,0.0,0.0,0.0,0.0,15,15,15
06903400,dPL-MLP,dPL-MLP,test,0.0979262678501136,S2,0.01143786110515177,0.0,0.0,-0.010102670852254692,0.7890682712699006,0.8005061323750524,0.8106088032273071,7.0,7.0,7.0,7.0,7.0,7.0,15,15,15
06906800,dPL-MLP,dPL-MLP,test,0.0604504736826071,S2,-0.00826949673077837,0.0,0.0,0.019040208231685618,0.701442649247177,0.6931731525163987,0.674132944284713,0.0,0.0,0.0,0.0,0.0,0.0,15,15,15
06910800,dPL-MLP,dPL-MLP,test,0.0613066358092003,S2,-0.003886485579656207,0.0,0.0,-0.0027974664282497397,0.836920486054112,0.8330340004744557,0.8358314669027055,5.0,5.0,5.0,5.0,5.0,5.0,15,15,15
06911900,dPL-MLP,dPL-MLP,test,0.0618531603753962,S2,-0.008645343671330408,0.0,0.0,-0.005980269339934896,0.8637902241732229,0.8551448805018925,0.8611251498418274,3.0,3.0,3.0,3.0,3.0,3.0,15,15,15
06917000,dPL-MLP,dPL-MLP,test,0.05107020470328,S2,-0.004532546363326784,0.0,0.0,-0.009971617418487067,0.833861416469644,0.8293288701063172,0.8393004875248042,1.0,1.0,1.0,1.0,1.0,1.0,15,15,15
06918460,dPL-MLP,dPL-MLP,test,0.0498588468679264,S1,-0.08934611014147587,-6.0,-3.0,-0.07204516464581734,0.6207428268706938,0.531396716729218,0.6034418813750353,3.0,6.0,9.0,3.0,6.0,9.0,15,15,15
06919500,dPL-MLP,dPL-MLP,test,0.0494466083766876,S1,-0.02887182677909428,0.0,0.0,0.007921940336893418,0.811247149065765,0.7823753222866707,0.7744533819497773,1.0,1.0,1.0,1.0,1.0,1.0,15,15,15
06921070,dPL-MLP,dPL-MLP,test,0.0601238372834516,S2,-0.07328856242967285,-2.0,-1.0,-0.051091763007563795,0.6664598013704524,0.5931712389407795,0.6442630019483433,0.0,1.0,2.0,0.0,1.0,2.0,15,15,15
06921200,dPL-MLP,dPL-MLP,test,0.0572554270612204,S2,-0.10364843266036505,-1.0,-1.0,-0.09637593186137217,0.5642385380169738,0.4605901053566087,0.5569660372179809,1.0,1.0,2.0,1.0,1.0,2.0,15,15,15
07057500,dPL-MLP,dPL-MLP,test,0.0564394367095807,S2,-0.007626770338594047,-1.0,-1.0,-0.007376762608444554,0.836057178388287,0.8284304080496929,0.8358071706581375,5.0,5.0,6.0,5.0,5.0,6.0,15,15,15
07060710,dPL-MLP,dPL-MLP,test,0.0509984831292569,S2,0.0487046923587553,-2.0,-6.0,0.030861465408851707,0.5984249513945781,0.6471296437533334,0.6162681783444817,-4.0,0.0,-6.0,4.0,0.0,6.0,15,15,15
07066000,dPL-MLP,dPL-MLP,test,0.0562313137196695,S2,-0.00878061694566945,1.0,2.0,0.007254858792288932,0.8384726231431292,0.8296920061974598,0.8224371474051708,-1.0,-2.0,0.0,1.0,2.0,0.0,15,15,15
07083000,dPL-MLP,dPL-MLP,test,0.710599947836907,S5,0.8569412364763105,55.0,14.0,0.11954560352430632,0.0005781385248558868,0.8575193750011664,0.73797377147686,-60.0,-19.0,-5.0,60.0,19.0,5.0,15,15,15
07142300,dPL-MLP,dPL-MLP,test,0.0867916780002227,S2,0.03478405693331221,-20.0,3.0,-0.04032731883541074,-0.4237401532914873,-0.3889560963581751,-0.34862877752276433,3.0,26.0,23.0,3.0,26.0,23.0,15,15,15
07145700,dPL-MLP,dPL-MLP,test,0.0617611519704068,S2,-0.06405729847425601,0.0,0.0,-0.002248874911653709,0.7967929374526092,0.7327356389783531,0.7349845138900069,0.0,0.0,0.0,0.0,0.0,0.0,15,15,15
07167500,dPL-MLP,dPL-MLP,test,0.0520689190916616,S2,0.0129892790425995,0.0,0.0,0.005551820522462836,0.7245192547314039,0.7375085337740034,0.7319567132515405,5.0,5.0,5.0,5.0,5.0,5.0,15,15,15
07180500,dPL-MLP,dPL-MLP,test,0.0557846206828486,S2,-2.5815901252723705e-05,0.0,0.0,0.002261091360318046,0.8305816929297327,0.83055587702848,0.828294785668162,15.0,15.0,15.0,15.0,15.0,15.0,15,15,15
07184000,dPL-MLP,dPL-MLP,test,0.0453576175844397,S1,0.0010564129933030575,0.0,0.0,0.004038573615391949,0.7638318206579853,0.7648882336512883,0.7608496600358964,1.0,1.0,1.0,1.0,1.0,1.0,15,15,15
07195800,dPL-MLP,dPL-MLP,test,0.0482364215180522,S1,-0.007537894516975174,-1.0,-1.0,-0.019928820887441745,0.7097481730273628,0.7022102785103876,0.7221390993978294,0.0,0.0,-1.0,0.0,0.0,1.0,15,15,15
07196900,dPL-MLP,dPL-MLP,test,0.0460986315040519,S1,0.014721350096601693,0.0,0.0,0.006069323230213364,0.7059079738414418,0.7206293239380435,0.7145600007078301,1.0,1.0,1.0,1.0,1.0,1.0,15,15,15
07197000,dPL-MLP,dPL-MLP,test,0.0408010944755726,S1,-0.028301708889084565,0.0,0.0,-0.003611260709524222,0.8447958469071531,0.8164941380180686,0.8201053987275928,0.0,0.0,0.0,0.0,0.0,0.0,15,15,15
07208500,dPL-MLP,dPL-MLP,test,0.333134983679482,S4,0.18689558749189805,6.0,3.0,0.11800820728410921,0.2439946639224274,0.43089025141432546,0.31288204413021625,-18.0,15.0,12.0,18.0,15.0,12.0,15,15,15
07261000,dPL-MLP,dPL-MLP,test,0.0378060990134872,S1,-0.018246631807016134,0.0,0.0,-0.009275553339123777,0.8041510125119045,0.7859043807048883,0.7951799340440121,0.0,0.0,0.0,0.0,0.0,0.0,15,15,15
07263295,dPL-MLP,dPL-MLP,test,0.0310455107281904,S1,-0.020311873285895232,2.0,2.0,-0.008492760095560326,0.8475406733414306,0.8272288000555353,0.8357215601510957,-3.0,-3.0,-1.0,3.0,3.0,1.0,15,15,15
07291000,dPL-MLP,dPL-MLP,test,0.003569389743915,S1,-0.02242878384075986,0.0,0.0,-0.020302938473164778,0.7046780478710083,0.6822492640302484,0.7025522025034132,0.0,0.0,0.0,0.0,0.0,0.0,15,15,15
07299670,dPL-MLP,dPL-MLP,test,0.02913235345217,S1,0.014656179182372275,-22.0,-22.0,0.024673512049513846,0.16291045648838753,0.1775666356707598,0.15289312362124596,-1.0,-1.0,-23.0,1.0,1.0,23.0,15,15,15
07301410,dPL-MLP,dPL-MLP,test,0.0754167591358171,S2,-0.0567294756214366,1.0,11.0,0.07676602023992862,0.5987193617190167,0.5419898860975801,0.4652238658576515,10.0,20.0,9.0,10.0,20.0,9.0,15,15,15
07315200,dPL-MLP,dPL-MLP,test,0.0162560388991893,S1,-0.025167435434432006,1.0,1.0,0.001967263041509626,0.3184788029227056,0.2933113674882736,0.29134410444676395,-4.0,-4.0,-3.0,4.0,4.0,3.0,15,15,15
07315700,dPL-MLP,dPL-MLP,test,0.0208161228801737,S1,-0.06891140859979916,1.0,-3.0,-0.014483923447118574,0.2988543093845545,0.22994290078475532,0.2444268242318739,-10.0,-6.0,-9.0,10.0,6.0,9.0,15,15,15
07335700,dPL-MLP,dPL-MLP,test,0.0430162960741129,S1,-0.005129635224505491,0.0,0.0,-0.0007975098812081916,0.6228703618826945,0.617740726658189,0.6185382365393972,3.0,3.0,3.0,3.0,3.0,3.0,15,15,15
07340300,dPL-MLP,dPL-MLP,test,0.0385678054509223,S1,0.010265574324509696,-3.0,-2.0,0.005297705534515695,0.7981512381104522,0.8084168124349619,0.8031191069004462,0.0,1.0,3.0,0.0,1.0,3.0,15,15,15
07346045,dPL-MLP,dPL-MLP,test,0.0168897938562348,S1,0.005066190061674081,0.0,0.0,0.007807165650520309,0.7890706062975396,0.7941367963592136,0.7863296307086933,1.0,1.0,1.0,1.0,1.0,1.0,15,15,15
07359610,dPL-MLP,dPL-MLP,test,0.0301790248613661,S1,-0.001426720757529143,11.0,-3.0,-0.006251021018524039,0.8643996158520928,0.8629728950945637,0.8692239161130877,-15.0,-1.0,-4.0,15.0,1.0,4.0,15,15,15
07362100,dPL-MLP,dPL-MLP,test,0.0183234657917035,S1,-0.004207384294627525,0.0,0.0,0.0013818796643317866,0.7689049135659561,0.7646975292713286,0.7633156496069968,-1.0,-1.0,-1.0,1.0,1.0,1.0,15,15,15
07362587,dPL-MLP,dPL-MLP,test,0.0366380668861851,S1,-0.03126348791154232,0.0,0.0,-0.017193841055883174,0.816908381915089,0.7856448940035466,0.8028387350594298,-3.0,-3.0,-3.0,3.0,3.0,3.0,15,15,15
07375000,dPL-MLP,dPL-MLP,test,0.0005081655254214,S1,-0.0018218968707008898,0.0,0.0,0.003123523917204274,0.7498126056664507,0.7479907087957498,0.7448671848785455,0.0,0.0,0.0,0.0,0.0,0.0,15,15,15
08013000,dPL-MLP,dPL-MLP,test,0.0032863361803717,S1,0.014983580515847583,0.0,2.0,0.015752924853203565,0.5746049831971265,0.5895885637129741,0.5738356388597705,-7.0,-9.0,-7.0,7.0,9.0,7.0,15,15,15
08014500,dPL-MLP,dPL-MLP,test,0.0022457658116513,S1,-0.020700155908499385,0.0,0.0,-0.012567087315306313,0.6669720319384145,0.6462718760299151,0.6588389633452214,-2.0,-2.0,-2.0,2.0,2.0,2.0,15,15,15
08023080,dPL-MLP,dPL-MLP,test,0.0072046599774758,S1,-0.02006159412983033,0.0,0.0,-0.0007816207493039906,0.8453852193429043,0.825323625213074,0.826105245962378,-3.0,-3.0,-3.0,3.0,3.0,3.0,15,15,15
08050800,dPL-MLP,dPL-MLP,test,0.0196728968786143,S1,-0.25063958833996325,-3.0,4.0,-0.19054299499983984,-0.006875527843272833,-0.2575151161832361,-0.06697212118339624,-1.0,-8.0,-4.0,1.0,8.0,4.0,15,15,15
08066200,dPL-MLP,dPL-MLP,test,0.0023206818433828,S1,0.028001886052027136,0.0,0.0,0.004604111321227511,0.7919393067831192,0.8199411928351463,0.8153370815139188,-5.0,-5.0,-5.0,5.0,5.0,5.0,15,15,15
08066300,dPL-MLP,dPL-MLP,test,0.0017530511421341,S1,-0.037958472379764685,-1.0,-1.0,-0.03953208283821086,0.4595293827577046,0.4215709103779399,0.4611029932161508,-14.0,-14.0,-15.0,14.0,14.0,15.0,15,15,15
08070000,dPL-MLP,dPL-MLP,test,0.0023807368074233,S1,-0.008937504028280419,1.0,0.0,-0.027926418394089714,0.7005246479126563,0.6915871438843759,0.7195135622784656,1.0,0.0,0.0,1.0,0.0,0.0,15,15,15
08070200,dPL-MLP,dPL-MLP,test,0.0024550978464837,S1,-0.01734807526942983,-1.0,0.0,-0.029244565522674737,0.7705751752213575,0.7532270999519277,0.7824716654746025,0.0,-1.0,-1.0,0.0,1.0,1.0,15,15,15
08082700,dPL-MLP,dPL-MLP,test,0.0128021384845558,S1,0.021963773551628485,-1.0,-10.0,0.009490664834271412,0.4461794078649375,0.46814318141656597,0.45865251658229456,-38.0,-29.0,-39.0,38.0,29.0,39.0,15,15,15
08086212,dPL-MLP,dPL-MLP,test,0.0131862313964449,S1,0.013941872492359675,1.0,-1.0,-0.017371949159408095,0.45285546420499967,0.46679733669735934,0.48416928585676744,-3.0,-1.0,-2.0,3.0,1.0,2.0,15,15,15
08086290,dPL-MLP,dPL-MLP,test,0.0128799846435909,S1,-0.04070174367065138,0.0,0.0,-0.0740796298467572,0.5881063827407242,0.5474046390700729,0.6214842689168301,-1.0,-1.0,-1.0,1.0,1.0,1.0,15,15,15
08101000,dPL-MLP,dPL-MLP,test,0.0091795525039557,S1,-0.004099232788874918,0.0,-2.0,0.0304780153771691,0.8517100499815617,0.8476108171926868,0.8171328018155177,-4.0,-2.0,-4.0,4.0,2.0,4.0,15,15,15
08103900,dPL-MLP,dPL-MLP,test,0.0092842421517583,S1,0.006362419927395724,-1.0,0.0,-0.019089160221209434,0.6182079962984184,0.6245704162258141,0.6436595764470235,0.0,1.0,1.0,0.0,1.0,1.0,15,15,15
08104900,dPL-MLP,dPL-MLP,test,0.0093596117977168,S1,-0.006152989165161715,-2.0,-1.0,-0.05713885164015453,0.5366752587956907,0.530522269630529,0.5876611212706835,-18.0,-19.0,-20.0,18.0,19.0,20.0,15,15,15
08109700,dPL-MLP,dPL-MLP,test,0.0051361625387599,S1,-0.01296777560788942,0.0,0.0,-0.012866634261692433,0.7481962908893169,0.7352285152814275,0.74809514954312,0.0,0.0,0.0,0.0,0.0,0.0,15,15,15
08150800,dPL-MLP,dPL-MLP,test,0.0082340595135767,S1,0.019828374340115085,-3.0,-1.0,0.03197629399134272,0.15830308147139438,0.17813145581150946,0.14615516182016675,0.0,2.0,3.0,0.0,2.0,3.0,15,15,15
08158700,dPL-MLP,dPL-MLP,test,0.0064753537654614,S1,-0.03733640102532254,0.0,0.0,-0.014634694227238954,0.2762548376921752,0.23891843666685264,0.2535531308940916,-0.5,-0.5,-0.5,0.5,0.5,0.5,14,14,14
08158810,dPL-MLP,dPL-MLP,test,0.0058462589398929,S1,-0.01204153159677146,-1.0,-1.0,-0.0026395776253753667,0.5684261752965296,0.5563846436997582,0.5590242213251335,-1.0,-1.0,-2.0,1.0,1.0,2.0,15,15,15
08164300,dPL-MLP,dPL-MLP,test,0.0021354784821483,S1,-0.0001364695477648059,0.0,3.0,-0.02587960000865519,0.7938870175685366,0.7937505480207718,0.819630148029427,-1.0,-4.0,-1.0,1.0,4.0,1.0,15,15,15
08164600,dPL-MLP,dPL-MLP,test,0.0008978831137086,S1,-0.010326559394006729,0.0,-1.0,0.01382819841054217,0.7947036339914793,0.7843770745974725,0.7705488761869304,-1.0,0.0,-1.0,1.0,0.0,1.0,15,15,15
08165300,dPL-MLP,dPL-MLP,test,0.0056160383836324,S1,0.09382920395511662,-1.0,3.0,0.04925623596294704,0.21136478391752456,0.3051939878726412,0.25593775190969414,18.0,22.0,19.0,18.0,22.0,19.0,15,15,15
08171300,dPL-MLP,dPL-MLP,test,0.0043200262623378,S1,-0.06040093833635041,0.0,0.0,-0.03823263140683486,0.6797525014465675,0.6193515631102171,0.657584194517052,-1.0,-1.0,-1.0,1.0,1.0,1.0,15,15,15
08175000,dPL-MLP,dPL-MLP,test,0.0022293177664445,S1,0.028486256118843367,-2.0,0.0,0.00802091359885948,0.6372026272472533,0.6656888833660967,0.6576679697672372,0.0,2.0,2.0,0.0,2.0,2.0,15,15,15
08176900,dPL-MLP,dPL-MLP,test,0.0018005933498891,S1,0.010809374999451782,0.0,0.0,-0.017895904106216776,0.5032923085328633,0.5141016835323151,0.5319975876385319,-1.0,-1.0,-1.0,1.0,1.0,1.0,15,15,15
08178880,dPL-MLP,dPL-MLP,test,0.0030449353276083,S1,-0.0004887209674966364,4.0,-3.0,0.010177646661555184,0.4139446201899034,0.4134558992224068,0.4032782525608516,-8.0,-1.0,-4.0,8.0,1.0,4.0,15,15,15
08189500,dPL-MLP,dPL-MLP,test,0.0016287321026845,S1,0.00689064607018286,0.0,0.0,0.009116653987100931,0.562529674804193,0.5694203208743759,0.560303666887275,1.0,1.0,1.0,1.0,1.0,1.0,15,15,15
08190000,dPL-MLP,dPL-MLP,test,0.0037075564040486,S1,-0.007926608126285983,-1.0,0.0,-0.00857804347090474,0.4562664577970381,0.44833984967075213,0.4569178931416569,0.0,1.0,1.0,0.0,1.0,1.0,15,15,15
08190500,dPL-MLP,dPL-MLP,test,0.0044907633248583,S1,-0.0015526436645378894,-1.0,-2.0,0.00578283224518783,-0.013144412003536221,-0.01469705566807411,-0.02047988791326194,3.0,2.0,4.0,3.0,2.0,4.0,15,15,15
08194200,dPL-MLP,dPL-MLP,test,0.0005535601264272,S1,0.01550746924496993,0.0,0.0,-0.019891371658954382,-0.10022847961714332,-0.08472101037217339,-0.064829638713219,-65.0,-65.0,-65.0,65.0,65.0,65.0,15,15,15
08195000,dPL-MLP,dPL-MLP,test,0.0043576302166992,S1,-0.0025525466534046526,-1.0,-5.0,0.02460688855187143,0.47215144754064775,0.4695989008872431,0.44499201233537167,-4.0,0.0,-5.0,4.0,0.0,5.0,15,15,15
08196000,dPL-MLP,dPL-MLP,test,0.0023896281867178,S1,0.015218008829286256,-1.0,-1.0,-0.00473526433345417,0.3064711808954621,0.32168918972474836,0.32642445405820253,1.0,1.0,2.0,1.0,1.0,2.0,15,15,15
08198500,dPL-MLP,dPL-MLP,test,0.0030982528891208,S1,0.09255064527771073,0.0,1.0,0.04837801888056259,0.35740506936749217,0.4499557146452029,0.4015776957646403,0.0,1.0,0.0,0.0,1.0,0.0,15,15,15
08200000,dPL-MLP,dPL-MLP,test,0.0026284470487446,S1,-0.00697598548807421,1.0,2.0,0.0047455030446240665,0.44704746711478915,0.44007148162671494,0.4353259785820909,-5.0,-6.0,-4.0,5.0,6.0,4.0,15,15,15
08202700,dPL-MLP,dPL-MLP,test,0.002762016493395,S1,0.0012157015344842481,-7.0,-9.5,0.010290081920707905,-0.11797704459169789,-0.11676134305721364,-0.12705142497792155,-21.5,-19.0,-28.5,21.5,19.0,28.5,10,10,10
08267500,dPL-MLP,dPL-MLP,test,0.471388008193727,S4,0.6295247491591207,35.0,3.0,0.11982276140247627,0.02049579434436999,0.6500205435034907,0.5301977821010144,-36.0,-4.0,1.0,36.0,4.0,1.0,15,15,15
08269000,dPL-MLP,dPL-MLP,test,0.401645682298287,S4,0.5065553244162168,23.0,4.0,0.16902912977080387,0.17808495586203765,0.6846402802782544,0.5156111505074505,-25.0,6.0,2.0,25.0,6.0,2.0,15,15,15
08271000,dPL-MLP,dPL-MLP,test,0.48400245009705,S4,0.6897482500000149,29.0,4.0,0.22812544923822453,-0.025549176101669957,0.664199073898345,0.43607362466012045,-32.0,-7.0,3.0,32.0,7.0,3.0,15,15,15
08324000,dPL-MLP,dPL-MLP,test,0.365429081915842,S4,0.16375702713493756,20.0,-3.0,-0.021562481664057387,0.5036669179022186,0.6674239450371562,0.6889864267012136,-26.0,3.0,-6.0,26.0,3.0,6.0,15,15,15
08377900,dPL-MLP,dPL-MLP,test,0.466213354634129,S4,0.49940288424699053,39.0,9.0,0.025412545435222977,0.14896495289246336,0.6483678371394539,0.6229552917042309,-40.0,-10.0,1.0,40.0,10.0,1.0,15,15,15
08378500,dPL-MLP,dPL-MLP,test,0.449989328985624,S4,0.3793268806731386,39.0,7.0,-0.03920853188889428,0.18584182735372012,0.5651687080268587,0.604377239915753,-40.0,-8.0,-1.0,40.0,8.0,1.0,15,15,15
08380500,dPL-MLP,dPL-MLP,test,0.291104431145414,S3,0.10011294495255207,34.0,3.0,-0.055551105116660726,0.3871121773957785,0.4872251223483306,0.5427762274649913,-35.0,-4.0,1.0,35.0,4.0,1.0,15,15,15
09035800,dPL-MLP,dPL-MLP,test,0.703715181667891,S5,0.567287562299542,55.0,6.0,-0.02841665161582796,0.09374108987565555,0.6610286521751976,0.6894453037910255,-59.0,-10.0,-4.0,59.0,10.0,4.0,15,15,15
09035900,dPL-MLP,dPL-MLP,test,0.689823885415144,S5,0.7612213129652228,47.0,6.0,0.039405930766561736,0.07740108535572143,0.8386223983209442,0.7992164675543825,-54.0,-13.0,-7.0,54.0,13.0,7.0,15,15,15
09047700,dPL-MLP,dPL-MLP,test,0.626945100722261,S5,0.5142976710250716,31.0,5.0,-0.061210423149122395,0.19566024580516117,0.7099579168302328,0.7711683399793552,-31.0,5.0,0.0,31.0,5.0,0.0,15,15,15
09065500,dPL-MLP,dPL-MLP,test,0.715530725661926,S5,0.894348306762248,52.0,17.0,0.31222026684090143,-0.09425263182787913,0.8000956749343688,0.4878754080934674,-58.0,-23.0,-6.0,58.0,23.0,6.0,15,15,15
09066000,dPL-MLP,dPL-MLP,test,0.682272756610747,S5,0.8806631150454034,45.0,13.0,0.21375426982626589,0.010493995480173157,0.8911571105255766,0.6774028406993107,-46.0,-14.0,-1.0,46.0,14.0,1.0,15,15,15
09066200,dPL-MLP,dPL-MLP,test,0.712216418137875,S5,0.8811250155515173,48.0,13.0,0.2848276595138377,-0.04802039890090759,0.8331046166506098,0.548276957136772,-53.0,-18.0,-5.0,53.0,18.0,5.0,15,15,15
09066300,dPL-MLP,dPL-MLP,test,0.688317497264152,S5,0.7833097961110015,42.0,8.0,0.2172642330942377,0.05215205606702844,0.8354618521780299,0.6181976190837922,-48.0,-14.0,-6.0,48.0,14.0,6.0,15,15,15
09081600,dPL-MLP,dPL-MLP,test,0.66474212387336,S5,0.8832737471579625,64.0,25.0,0.24289449038327304,0.015209594851611441,0.8984833420095739,0.6555888516263009,-65.0,-26.0,-1.0,65.0,26.0,1.0,15,15,15
09107000,dPL-MLP,dPL-MLP,test,0.672583021372504,S5,0.6389437048189633,40.0,-2.0,-0.07075536500632562,0.18258353921659032,0.8215272440355537,0.8922826090418793,-43.0,1.0,-3.0,43.0,1.0,3.0,15,15,15
09210500,dPL-MLP,dPL-MLP,test,0.65472507476901,S5,0.33050391169114235,18.0,4.0,-0.04241048141143067,0.4656394053132611,0.7961433170044034,0.8385537984158341,-20.0,6.0,2.0,20.0,6.0,2.0,15,15,15
09223000,dPL-MLP,dPL-MLP,test,0.698323179997837,S5,0.6713270462462577,32.0,0.0,0.10875027580621366,0.24463317598315382,0.9159602222294115,0.8072099464231979,-33.0,-1.0,-1.0,33.0,1.0,1.0,15,15,15
09306242,dPL-MLP,dPL-MLP,test,0.35800746386243,S4,0.15003083431989706,25.0,-1.0,1.214570046480474,0.39113767121674736,0.5411685055366444,-0.6734015409438296,-26.0,0.0,-1.0,26.0,0.0,1.0,15,15,15
09312600,dPL-MLP,dPL-MLP,test,0.604725963590861,S5,0.45619890909981486,18.0,4.0,0.005329121939877002,0.2954242771142368,0.7516231862140517,0.7462940642741747,-18.0,-4.0,0.0,18.0,4.0,0.0,15,15,15
09352900,dPL-MLP,dPL-MLP,test,0.633893898746821,S5,0.8264202746668106,65.0,15.0,0.272644635433534,0.015744264162273702,0.8421645388290843,0.5695199033955503,-68.0,-18.0,3.0,68.0,18.0,3.0,15,15,15
09378170,dPL-MLP,dPL-MLP,test,0.504005221672301,S5,0.45317751036364984,25.0,4.0,0.015611756431310297,0.14290971886788617,0.596087229231536,0.5804754728002257,-30.0,-9.0,-5.0,30.0,9.0,5.0,15,15,15
09386900,dPL-MLP,dPL-MLP,test,0.307507544080434,S4,0.3310339931725882,13.0,3.0,0.038623509495914976,-0.010770348754205239,0.32026364441838295,0.281640134922468,-14.0,4.0,-1.0,14.0,4.0,1.0,15,15,15
09404450,dPL-MLP,dPL-MLP,test,0.423599939585063,S4,-0.030750483024280517,-24.0,-7.0,0.06937938558042478,0.45635477330122,0.42560429027693947,0.3562249046965147,0.0,17.0,24.0,0.0,17.0,24.0,15,15,15
09430600,dPL-MLP,dPL-MLP,test,0.21287165392999,S3,0.07344517530195127,-3.0,-3.0,0.05354970169099438,0.15014449223659943,0.2235896675385507,0.17003996584755632,-1.0,-1.0,4.0,1.0,1.0,4.0,15,15,15
09447800,dPL-MLP,dPL-MLP,test,0.0394826699276366,S1,0.011666033944786491,-1.0,11.0,0.07728370025197084,-0.05127684121877918,-0.03961080727399269,-0.11689450752596353,-3.0,-15.0,-4.0,3.0,15.0,4.0,15,15,15
09484600,dPL-MLP,dPL-MLP,test,0.0101482581857307,S1,0.008821325558572624,29.0,-18.0,-0.035031445662786265,0.04148125720169027,0.05030258276026289,0.08533402842304916,-58.0,-11.0,-29.0,58.0,11.0,29.0,15,15,15
09492400,dPL-MLP,dPL-MLP,test,0.271766261706385,S3,0.016618838605591768,30.0,9.0,-0.1281618785575278,0.38510109565959605,0.4017199342651878,0.5298818128227156,-36.0,-15.0,-6.0,36.0,15.0,6.0,15,15,15
09494000,dPL-MLP,dPL-MLP,test,0.235554110470522,S3,-0.03407606098801352,14.0,-8.0,-0.029049256389227063,0.5843961977604859,0.5503201367724724,0.5793693931616994,-27.0,-5.0,-13.0,27.0,5.0,13.0,15,15,15
09497980,dPL-MLP,dPL-MLP,test,0.0796650506390503,S2,0.05174858874990029,-2.0,-3.0,0.0853930854984688,0.6611650010023509,0.7129135897522512,0.6275205042537824,-18.0,-17.0,-20.0,18.0,17.0,20.0,15,15,15
09505350,dPL-MLP,dPL-MLP,test,0.198936492502152,S3,0.21235213051845703,6.0,3.0,0.0908982736823456,0.17334830646681532,0.38570043698527234,0.29480216330292675,-12.0,-9.0,-6.0,12.0,9.0,6.0,15,15,15
09505800,dPL-MLP,dPL-MLP,test,0.284069099376475,S3,0.13363501537946754,7.0,5.0,-0.045623682352887385,0.18666859963554194,0.3203036150150095,0.36592729736789686,-14.0,-12.0,-7.0,14.0,12.0,7.0,15,15,15
09508300,dPL-MLP,dPL-MLP,test,0.0401188085303456,S1,-0.006702932868425271,0.0,-1.0,-0.00129366892450955,0.6749052758615416,0.6682023429931163,0.6694960119176259,-2.0,-1.0,-2.0,2.0,1.0,2.0,15,15,15
09510200,dPL-MLP,dPL-MLP,test,0.0061243701078094,S1,0.02590887528595187,0.0,0.0,-0.007621972161687363,0.37306542831368394,0.3989743035996358,0.4065962757613232,-21.0,-21.0,-21.0,21.0,21.0,21.0,15,15,15
09512280,dPL-MLP,dPL-MLP,test,0.0046420695661842,S1,0.014908537571099223,1.0,0.0,-0.0004204459248742243,0.3598663184945302,0.37477485606562944,0.37519530199050366,1.0,0.0,0.0,1.0,0.0,0.0,15,15,15
09513780,dPL-MLP,dPL-MLP,test,0.0042560892003911,S1,0.01332140691012873,0.0,1.0,0.015392027092398175,0.40923185407123575,0.4225532609813645,0.4071612338889663,0.0,-1.0,0.0,0.0,1.0,0.0,15,15,15
10234500,dPL-MLP,dPL-MLP,test,0.632069679226265,S5,0.42433534120403504,26.0,-1.0,0.05660867688184057,0.40858900700894873,0.8329243482129838,0.7763156713311432,-28.0,1.0,-2.0,28.0,1.0,2.0,15,15,15
10244950,dPL-MLP,dPL-MLP,test,0.656356436998628,S5,0.25832568377921095,-2.0,-5.0,0.128562851145686,0.540409124637965,0.7987348084171759,0.6701719572714899,-3.0,0.0,5.0,3.0,0.0,5.0,15,15,15
10259000,dPL-MLP,dPL-MLP,test,0.0335249004621377,S1,-0.027887406483471766,-5.0,0.0,0.10156713887792757,0.7940239059611033,0.7661364994776315,0.664569360599704,13.0,18.0,18.0,13.0,18.0,18.0,15,15,15
10336645,dPL-MLP,dPL-MLP,test,0.665304872565722,S5,0.4464825390586584,37.0,17.0,0.33539518359774767,0.37807118044286847,0.8245537195015269,0.4891585359037792,-43.0,-23.0,-6.0,43.0,23.0,6.0,15,15,15
10336660,dPL-MLP,dPL-MLP,test,0.668727842270536,S5,0.3782474569031705,40.0,25.0,0.39663282384928866,0.35490314754849117,0.7331506044516617,0.33651778060237303,-50.0,-35.0,-10.0,50.0,35.0,10.0,15,15,15
10343500,dPL-MLP,dPL-MLP,test,0.714981248450698,S5,0.3334464770666139,21.0,-2.0,0.30265067439574,0.40172853587405355,0.7351750129406674,0.43252433854492744,-31.0,-8.0,-10.0,31.0,8.0,10.0,15,15,15
11124500,dPL-MLP,dPL-MLP,test,0.0230381055615776,S1,0.032272729384471344,0.0,0.0,0.012234708386193227,0.5769304349392889,0.6092031643237602,0.596968455937567,0.0,0.0,0.0,0.0,0.0,0.0,15,15,15
11141280,dPL-MLP,dPL-MLP,test,0.0007877803924076,S1,-0.07740274919006096,1.0,-1.0,-0.075826812968669,0.534266881552301,0.45686413236224,0.532690945330909,6.0,4.0,5.0,6.0,4.0,5.0,15,15,15
11143000,dPL-MLP,dPL-MLP,test,0.0254379399486261,S1,-0.0006875914869253208,1.0,1.0,-0.02998399939755081,0.6176599311363973,0.616972339649472,0.6469563390470228,-1.0,-1.0,0.0,1.0,1.0,0.0,15,15,15
11148900,dPL-MLP,dPL-MLP,test,0.003526794606684,S1,-0.004681298488140029,0.0,0.0,0.014963978350919116,0.8611488596548019,0.8564675611666619,0.8415035828157428,1.0,1.0,1.0,1.0,1.0,1.0,15,15,15
11151300,dPL-MLP,dPL-MLP,test,0.0038403901400884,S1,-0.0035798439627994227,-3.0,-2.0,0.01768537702276296,0.571615719835495,0.5680358758726956,0.5503504988499326,-3.0,-4.0,-6.0,3.0,4.0,6.0,15,15,15
11176400,dPL-MLP,dPL-MLP,test,0.016307003804813,S1,-0.023514347219868448,0.0,0.0,0.04406356934507616,0.6757784383970779,0.6522640911772094,0.6082005218321332,1.0,1.0,1.0,1.0,1.0,1.0,15,15,15
11230500,dPL-MLP,dPL-MLP,test,0.902963679881608,S5,0.4815480409264087,55.0,23.0,-0.05751242451278016,0.09782401986066702,0.5793720607870757,0.6368844852998559,-59.0,-27.0,4.0,59.0,27.0,4.0,15,15,15
11237500,dPL-MLP,dPL-MLP,test,0.749856960685691,S5,0.599072851736705,38.0,12.0,0.2568636320525536,0.21395698341818492,0.8130298351548899,0.5561662031023363,-42.0,-16.0,-4.0,42.0,16.0,4.0,15,15,15
11264500,dPL-MLP,dPL-MLP,test,0.90632692590849,S5,0.6390206539261183,49.0,27.0,0.19921815239375085,0.2248453387776318,0.8638659927037501,0.6646478403099992,-52.0,-30.0,3.0,52.0,30.0,3.0,15,15,15
11266500,dPL-MLP,dPL-MLP,test,0.885217452223562,S5,0.6106269413484899,46.0,24.0,0.21684553825965347,0.27543322641690327,0.8860601677653932,0.6692146295057397,-48.0,-26.0,2.0,48.0,26.0,2.0,15,15,15
11284400,dPL-MLP,dPL-MLP,test,0.0365047230850116,S1,0.033168089621431696,0.0,0.0,0.008048396344655373,0.7860608020656394,0.8192288916870711,0.8111804953424158,0.0,0.0,0.0,0.0,0.0,0.0,15,15,15
11381500,dPL-MLP,dPL-MLP,test,0.165026130486202,S3,-0.007695088280025519,0.0,1.0,0.029138901128727523,0.7706493509623045,0.762954262682279,0.7338153615535514,-2.0,-3.0,-2.0,2.0,3.0,2.0,15,15,15
11451100,dPL-MLP,dPL-MLP,test,0.123536359034925,S2,-0.005535214650256304,1.0,1.0,0.0002846586333581369,0.8208682753192906,0.8153330606690343,0.8150484020356762,-1.0,-1.0,0.0,1.0,1.0,0.0,15,15,15
11468500,dPL-MLP,dPL-MLP,test,0.000524205133848,S1,0.01271009593020167,0.0,0.0,0.028685134067752194,0.9054440798913475,0.9181541758215491,0.8894690417537969,-3.0,-3.0,-3.0,3.0,3.0,3.0,15,15,15
11473900,dPL-MLP,dPL-MLP,test,0.262478357358648,S3,-0.018968407641117957,-10.0,-10.0,-0.0760829957193625,0.7802821347164345,0.7613137270753165,0.837396722794679,-1.0,-1.0,11.0,1.0,1.0,11.0,15,15,15
11475560,dPL-MLP,dPL-MLP,test,0.138629337971597,S2,-0.03155711861812782,1.0,1.0,-0.026796898084288423,0.6298367011321375,0.5982795825140097,0.6250764805982981,-1.0,-1.0,0.0,1.0,1.0,0.0,15,15,15
11476600,dPL-MLP,dPL-MLP,test,0.0120106292964887,S1,-0.004792137773243277,0.0,0.0,0.009102581154184941,0.7445872813977831,0.7397951436245398,0.7306925624703549,-4.0,-4.0,-4.0,4.0,4.0,4.0,15,15,15
11478500,dPL-MLP,dPL-MLP,test,0.157314421019928,S3,-0.03140410778210856,2.0,2.0,-0.020871831056965884,0.6525058518269431,0.6211017440448345,0.6419735751018004,-3.0,-3.0,1.0,3.0,3.0,1.0,15,15,15
11480390,dPL-MLP,dPL-MLP,test,0.299512506046178,S3,-0.14440380944248543,-6.0,-6.0,-0.16598478108211012,0.6221832347247462,0.4777794252822608,0.6437642063643709,-1.0,-1.0,7.0,1.0,1.0,7.0,15,15,15
11481200,dPL-MLP,dPL-MLP,test,0.0016368255310898,S1,-0.005458753453838838,-2.0,0.0,0.012593187863963684,0.7600107554865626,0.7545520020327238,0.7419588141687601,-5.0,-7.0,-7.0,5.0,7.0,7.0,15,15,15
11482500,dPL-MLP,dPL-MLP,test,0.0131812044990649,S1,-0.0050803870091342684,-1.0,-1.0,0.0009834692059539352,0.7315905692579485,0.7265101822488143,0.7255267130428603,-4.0,-4.0,-5.0,4.0,4.0,5.0,15,15,15
11522500,dPL-MLP,dPL-MLP,test,0.249129777057898,S3,0.016956655220207284,13.0,9.0,0.018075754435747493,0.7259496531360068,0.7429063083562141,0.7248305539204666,-20.0,-16.0,-7.0,20.0,16.0,7.0,15,15,15
11523200,dPL-MLP,dPL-MLP,test,0.431707151976883,S4,0.22765155817057625,23.0,8.0,0.2033706857425418,0.4827913111769925,0.7104428693475687,0.5070721836050269,-44.0,-29.0,-21.0,44.0,29.0,21.0,15,15,15
11528700,dPL-MLP,dPL-MLP,test,0.271305322327506,S3,-0.1853442273193503,-5.0,-4.0,-0.215035614979193,0.6178995684240453,0.43255534110469496,0.647590956083888,1.0,2.0,6.0,1.0,2.0,6.0,15,15,15
11532500,dPL-MLP,dPL-MLP,test,0.0485353765496996,S1,0.024704945786929056,1.0,0.0,0.03705815256921574,0.8310034445294798,0.8557083903164089,0.8186502377471931,-16.0,-15.0,-15.0,16.0,15.0,15.0,15,15,15
12010000,dPL-MLP,dPL-MLP,test,0.0236362361738051,S1,0.0016531785585999215,1.0,0.0,-0.010259483756359766,0.803852645317936,0.8055058238765359,0.8157653076328957,-1.0,0.0,0.0,1.0,0.0,0.0,15,15,15
12013500,dPL-MLP,dPL-MLP,test,0.0174156764185481,S1,0.008843112138351539,0.0,0.0,-0.009288698411861418,0.9026724693393846,0.9115155814777361,0.9208042798895976,-2.0,-2.0,-2.0,2.0,2.0,2.0,15,15,15
12020000,dPL-MLP,dPL-MLP,test,0.043553396693619,S1,-0.0026105702453901314,2.0,1.0,-0.01214436331185842,0.6302030034743656,0.6275924332289755,0.6397367965408339,-2.0,-1.0,0.0,2.0,1.0,0.0,15,15,15
12025700,dPL-MLP,dPL-MLP,test,0.0905767573548292,S2,0.02575461974431259,6.0,5.0,0.04580664737802764,0.6591375610758203,0.6848921808201329,0.6390855334421053,-6.0,-5.0,0.0,6.0,5.0,0.0,15,15,15
12035000,dPL-MLP,dPL-MLP,test,0.0220218880896681,S1,0.015742390494070335,0.0,1.0,-0.0006930604186383693,0.7791391122090231,0.7948815027030934,0.7955745631217318,-4.0,-5.0,-4.0,4.0,5.0,4.0,15,15,15
12040500,dPL-MLP,dPL-MLP,test,0.0670917839751389,S2,0.03984100871271634,5.0,3.0,0.027704813610727408,0.5953151164698715,0.6351561251825878,0.6074513115718604,-7.0,-5.0,-2.0,7.0,5.0,2.0,15,15,15
12041200,dPL-MLP,dPL-MLP,test,0.179574104744132,S3,0.035779793105397806,-5.0,-5.0,0.03098116288322217,0.5235021002586677,0.5592818933640655,0.5283007304808434,-2.0,-2.0,7.0,2.0,2.0,7.0,15,15,15
12048000,dPL-MLP,dPL-MLP,test,0.498197653251076,S4,0.164786148014484,21.0,29.0,0.07706477090464836,0.2858844411041134,0.45067058911859736,0.373605818213949,-22.0,-30.0,-1.0,22.0,30.0,1.0,15,15,15
12054000,dPL-MLP,dPL-MLP,test,0.379149578248129,S4,-0.01608692294277736,10.0,9.0,-0.03384495096532136,0.6650131995126349,0.6489262765698576,0.6827712275351789,-22.0,-21.0,12.0,22.0,21.0,12.0,15,15,15
12056500,dPL-MLP,dPL-MLP,test,0.338574932035289,S4,-0.00408836550951952,7.0,6.0,-0.007784368437012579,0.5498446176165157,0.5457562521069962,0.5535406205440088,-14.0,-13.0,7.0,14.0,13.0,7.0,15,15,15
12073500,dPL-MLP,dPL-MLP,test,0.0156016658711511,S1,0.02586269666500185,0.0,1.0,-0.07784084544576897,0.6245359042850719,0.6503986009500737,0.7282394463958427,0.0,1.0,0.0,0.0,1.0,0.0,15,15,15
12082500,dPL-MLP,dPL-MLP,test,0.39878651405721,S4,0.11530492980046059,32.0,32.0,0.09110924221323902,0.7277621693633671,0.8430670991638277,0.7519578569505887,-32.0,-32.0,0.0,32.0,32.0,0.0,15,15,15
12092000,dPL-MLP,dPL-MLP,test,0.513670726431351,S5,0.17475777257435576,24.0,24.0,0.1342027476930472,0.5958146730199664,0.7705724455943221,0.636369697901275,-35.0,-35.0,-11.0,35.0,35.0,11.0,15,15,15
12114500,dPL-MLP,dPL-MLP,test,0.40651703888364,S4,0.2177095812165133,49.0,48.0,0.18374653563558585,0.678574324504285,0.8962839057207983,0.7125373700852125,-53.0,-52.0,4.0,53.0,52.0,4.0,15,15,15
12115000,dPL-MLP,dPL-MLP,test,0.338944352402744,S4,0.1458381732482208,40.0,36.0,0.11244504004489841,0.7452973505878597,0.8911355238360805,0.7786904837911821,-41.0,-37.0,1.0,41.0,37.0,1.0,15,15,15
12117000,dPL-MLP,dPL-MLP,test,0.12519943348901,S2,0.009480940388168602,6.0,3.0,0.01414050368348252,0.8987917477949512,0.9082726881831198,0.8941321844996373,-10.0,-7.0,-4.0,10.0,7.0,4.0,15,15,15
12143600,dPL-MLP,dPL-MLP,test,0.311622046373118,S4,0.12653023234520777,42.0,39.0,0.08350413755892128,0.7231935026009233,0.8497237349461311,0.7662195973872098,-43.0,-40.0,1.0,43.0,40.0,1.0,15,15,15
12144000,dPL-MLP,dPL-MLP,test,0.220551545924003,S3,0.08807130534542384,26.0,22.0,0.05406902111545708,0.7656909113878245,0.8537622167332484,0.7996931956177913,-38.0,-34.0,-12.0,38.0,34.0,12.0,15,15,15
12145500,dPL-MLP,dPL-MLP,test,0.0448546378807159,S1,0.011267620160708591,2.0,1.0,0.0162140942963519,0.919981850248868,0.9312494704095766,0.9150353761132247,-3.0,-2.0,-1.0,3.0,2.0,1.0,15,15,15
12147500,dPL-MLP,dPL-MLP,test,0.159041201436992,S3,0.01617142907985858,24.0,23.0,-0.03810548717694662,0.6812399466822651,0.6974113757621236,0.7355168629390703,-29.0,-28.0,-5.0,29.0,28.0,5.0,15,15,15
12167000,dPL-MLP,dPL-MLP,test,0.131187744738816,S2,0.036139165188199485,17.0,18.0,0.06396415683015189,0.7720145674104242,0.8081537325986237,0.7441895757684718,-25.0,-26.0,-8.0,25.0,26.0,8.0,15,15,15
12175500,dPL-MLP,dPL-MLP,test,0.690360443229126,S5,0.5166092611707086,101.0,39.0,0.6085143190221546,0.2460349050542936,0.7626441662250022,0.15412984720284761,-108.0,-46.0,-7.0,108.0,46.0,7.0,15,15,15
12178100,dPL-MLP,dPL-MLP,test,0.52956688772688,S5,0.26056547620522574,63.0,65.0,0.22484921007521608,0.5325915647488761,0.7931570409541019,0.5683078308788858,-70.0,-72.0,7.0,70.0,72.0,7.0,15,15,15
12186000,dPL-MLP,dPL-MLP,test,0.435652191884185,S4,0.17590030318899497,61.0,58.0,0.14348546779123406,0.5247908021392005,0.7006911053281955,0.5572056375369614,-64.0,-61.0,3.0,64.0,61.0,3.0,15,15,15
12189500,dPL-MLP,dPL-MLP,test,0.457875714546575,S4,0.16120789818481884,42.0,41.0,0.13236324514962738,0.6309110971897699,0.7921189953745887,0.6597557502249614,-47.0,-46.0,5.0,47.0,46.0,5.0,15,15,15
12375900,dPL-MLP,dPL-MLP,test,0.606515526539202,S5,0.7837340550351748,55.0,19.0,0.3006053620077551,0.08301497650066192,0.8667490315358367,0.5661436695280816,-61.0,-25.0,-6.0,61.0,25.0,6.0,15,15,15
12377150,dPL-MLP,dPL-MLP,test,0.719886653780668,S5,0.8853741985736758,104.0,26.0,0.4271983728166576,-0.08357497487484844,0.8017992236988274,0.37460085088216977,-110.0,-32.0,-6.0,110.0,32.0,6.0,15,15,15
12381400,dPL-MLP,dPL-MLP,test,0.594005153419735,S5,0.6833219285844931,40.0,2.0,0.07934917418035337,0.06540101962519063,0.7487229482096838,0.6693737740293304,-53.0,-15.0,-13.0,53.0,15.0,13.0,15,15,15
12383500,dPL-MLP,dPL-MLP,test,0.612621722100952,S5,0.5288034224084345,40.0,0.0,0.021423342257647082,0.030585357811214853,0.5593887802196493,0.5379654379620022,-60.0,-20.0,-20.0,60.0,20.0,20.0,15,15,15
12390700,dPL-MLP,dPL-MLP,test,0.519487009712609,S5,0.43704323610290496,42.0,2.0,0.0825853845678226,0.35525307591862687,0.7922963120215318,0.7097109274537092,-43.0,-3.0,-1.0,43.0,3.0,1.0,15,15,15
12411000,dPL-MLP,dPL-MLP,test,0.464485512558355,S4,0.4954558692258374,44.0,1.0,0.12950238854333995,0.2925258511090082,0.7879817203348456,0.6584793317915056,-46.0,-3.0,-2.0,46.0,3.0,2.0,15,15,15
12447390,dPL-MLP,dPL-MLP,test,0.777311497508566,S5,0.7163700521639056,73.0,3.0,0.09759233405662315,-0.056093210107935,0.6602768420559706,0.5626845079993474,-77.0,-7.0,4.0,77.0,7.0,4.0,15,15,15
12451000,dPL-MLP,dPL-MLP,test,0.716767081202258,S5,0.7855930628917287,88.0,29.0,0.36624775297098733,0.05984712519536617,0.8454401880870949,0.47919243511610754,-93.0,-34.0,-5.0,93.0,34.0,5.0,15,15,15
12488500,dPL-MLP,dPL-MLP,test,0.641918995401996,S5,0.486384890336909,58.0,4.0,0.17258587652609703,0.27962879608784896,0.766013686424758,0.593427809898661,-61.0,-7.0,-3.0,61.0,7.0,3.0,15,15,15
13011500,dPL-MLP,dPL-MLP,test,0.658713268212353,S5,0.7488503953861629,46.0,9.0,0.10991094135864321,-0.062160566542999174,0.6866898288431638,0.5767788874845206,-50.0,-13.0,-4.0,50.0,13.0,4.0,15,15,15
13011900,dPL-MLP,dPL-MLP,test,0.704607069419076,S5,0.8567026886982275,53.0,10.0,0.14731925581942096,0.009736017610551762,0.8664387063087793,0.7191194504893583,-61.0,-18.0,-8.0,61.0,18.0,8.0,15,15,15
13018300,dPL-MLP,dPL-MLP,test,0.65711853695655,S5,0.7469196961844745,45.0,4.0,0.07354726333152395,0.08724645488913307,0.8341661510736076,0.7606188877420836,-48.0,-7.0,-3.0,48.0,7.0,3.0,15,15,15
13023000,dPL-MLP,dPL-MLP,test,0.646858624758436,S5,0.654931204318002,48.0,4.0,-0.015733681254591847,0.21432207373958734,0.8692532780575893,0.8849869593121812,-48.0,-4.0,0.0,48.0,4.0,0.0,15,15,15
13161500,dPL-MLP,dPL-MLP,test,0.518679342368851,S5,0.3885619470000339,11.0,0.0,0.18930737457024538,0.45826094128995876,0.8468228882899926,0.6575155137197473,-12.0,-1.0,1.0,12.0,1.0,1.0,15,15,15
13235000,dPL-MLP,dPL-MLP,test,0.677895075896552,S5,0.6564847536905275,51.0,5.0,0.1065591543406732,0.15975180419949975,0.8162365578900272,0.709677403549354,-55.0,-9.0,-4.0,55.0,9.0,4.0,15,15,15
13240000,dPL-MLP,dPL-MLP,test,0.726533471798391,S5,0.7881008280036015,58.0,23.0,0.2574124991287692,-0.008557793743073194,0.7795430342605283,0.5221305351317591,-60.0,-25.0,-2.0,60.0,25.0,2.0,15,15,15
13313000,dPL-MLP,dPL-MLP,test,0.744536050209931,S5,0.669615914046696,47.0,7.0,0.053420305036694815,0.0983005388235858,0.7679164528702818,0.714496147833587,-57.0,-17.0,-10.0,57.0,17.0,10.0,15,15,15
13331500,dPL-MLP,dPL-MLP,test,0.55788094452843,S5,0.5893501034344667,48.0,13.0,0.16441079041323436,0.23921783880690484,0.8285679422413715,0.6641571518281372,-53.0,-18.0,-5.0,53.0,18.0,5.0,15,15,15
14020000,dPL-MLP,dPL-MLP,test,0.355358222004398,S4,0.20992906034790437,28.0,-4.0,0.13029261656807734,0.5707165355332465,0.7806455958811509,0.6503529793130736,-32.0,0.0,-4.0,32.0,0.0,4.0,15,15,15
14096850,dPL-MLP,dPL-MLP,test,0.244750228496234,S3,-0.30760684908725333,1.0,3.0,-0.08048175281098102,0.5697550394717205,0.26214819038446713,0.34262994319544815,4.0,6.0,3.0,4.0,6.0,3.0,15,15,15
14137000,dPL-MLP,dPL-MLP,test,0.324496374801996,S4,0.014333520360610197,7.0,5.0,0.002768727414104055,0.8197426306392883,0.8340761509998985,0.8313074235857945,-12.0,-10.0,5.0,12.0,10.0,5.0,15,15,15
14138800,dPL-MLP,dPL-MLP,test,0.317266212149897,S4,0.03304851750005289,5.0,4.0,0.009987349160446857,0.7774335776745507,0.8104820951746036,0.8004947460141567,-14.0,-13.0,9.0,14.0,13.0,9.0,15,15,15
14138870,dPL-MLP,dPL-MLP,test,0.229049355466927,S3,0.02961902190551391,2.0,3.0,0.031331771823854826,0.7097814965187825,0.7394005184242964,0.7080687466004416,-7.0,-8.0,5.0,7.0,8.0,5.0,15,15,15
14138900,dPL-MLP,dPL-MLP,test,0.221358389006793,S3,0.008664310945441844,6.0,7.0,-0.00039754893557986115,0.8431800375893403,0.8518443485347822,0.852241897470362,-8.0,-9.0,2.0,8.0,9.0,2.0,15,15,15
14139800,dPL-MLP,dPL-MLP,test,0.183197955663698,S3,0.01941575849201249,6.0,6.0,-0.0014895730760421388,0.8535876018118902,0.8730033603039027,0.8744929333799448,-9.0,-9.0,-3.0,9.0,9.0,3.0,15,15,15
14141500,dPL-MLP,dPL-MLP,test,0.142882264769743,S2,0.024414097493017595,6.0,1.0,0.013029154166254053,0.8322421767612176,0.8566562742542352,0.8436271200879811,-9.0,-4.0,-3.0,9.0,4.0,3.0,15,15,15
14154500,dPL-MLP,dPL-MLP,test,0.135550710091939,S2,0.023259611379766065,4.0,3.0,0.014469008870351296,0.8910538428550517,0.9143134542348178,0.8998444453644665,-12.0,-11.0,-8.0,12.0,11.0,8.0,15,15,15
14158790,dPL-MLP,dPL-MLP,test,0.365056630377127,S4,0.13067347981334787,26.0,26.0,0.11009937936526426,0.7151088864497719,0.8457823662631198,0.7356829868978555,-26.0,-26.0,0.0,26.0,26.0,0.0,15,15,15
14166500,dPL-MLP,dPL-MLP,test,0.0106763012784076,S1,-0.012461391342415862,-1.0,-1.0,-0.0015075944973225175,0.8475652672674266,0.8351038759250108,0.8366114704223333,-1.0,-1.0,-2.0,1.0,1.0,2.0,15,15,15
14182500,dPL-MLP,dPL-MLP,test,0.146759311242181,S2,0.016357995500715594,9.0,10.0,0.018859292438884845,0.7492258381244588,0.7655838336251743,0.7467245411862895,-11.0,-12.0,-2.0,11.0,12.0,2.0,15,15,15
14185000,dPL-MLP,dPL-MLP,test,0.178107252284554,S3,0.03046169667252485,16.0,15.0,0.020818956437270497,0.8863551705374508,0.9168168672099757,0.8959979107727052,-18.0,-17.0,-2.0,18.0,17.0,2.0,15,15,15
14185900,dPL-MLP,dPL-MLP,test,0.187297518505713,S3,0.04368403830101897,14.0,13.0,0.041693081287168754,0.843195666505127,0.886879704806146,0.8451866235189772,-18.0,-17.0,-4.0,18.0,17.0,4.0,15,15,15
14187000,dPL-MLP,dPL-MLP,test,0.0895194173938424,S2,0.01659111186825013,8.0,9.0,0.01220870095820148,0.9270825432960529,0.943673655164303,0.9314649542061015,-12.0,-13.0,-4.0,12.0,13.0,4.0,15,15,15
14216500,dPL-MLP,dPL-MLP,test,0.295816183757834,S3,0.09911355065393057,26.0,23.0,0.08169080554328945,0.7784334745910975,0.877547025245028,0.7958562197017386,-27.0,-24.0,-1.0,27.0,24.0,1.0,15,15,15
14222500,dPL-MLP,dPL-MLP,test,0.0900274241194852,S2,0.008869218764583464,4.0,5.0,0.011577774165585919,0.9110810329921827,0.9199502517567661,0.9083724775911802,-7.0,-8.0,-3.0,7.0,8.0,3.0,15,15,15
14236200,dPL-MLP,dPL-MLP,test,0.11471395531314,S2,0.03046520025136623,9.0,9.0,0.05346058981693802,0.7805624482393091,0.8110276484906753,0.7575670586737373,-15.0,-15.0,-6.0,15.0,15.0,6.0,15,15,15
14301000,dPL-MLP,dPL-MLP,test,0.0324798903206775,S1,-0.01570148342134503,0.0,-1.0,-0.011132543990195032,0.9663045340885351,0.9506030506671901,0.9617355946573851,-3.0,-2.0,-3.0,3.0,2.0,3.0,15,15,15
14303200,dPL-MLP,dPL-MLP,test,0.088754104072909,S2,0.014677404694377727,0.0,0.0,0.006456871312350176,0.8724596976321666,0.8871371023265443,0.8806802310141941,-5.0,-5.0,-5.0,5.0,5.0,5.0,15,15,15
14305500,dPL-MLP,dPL-MLP,test,0.0257414277847911,S1,0.01117274934693735,5.0,6.0,0.03395733481061758,0.8403264186156977,0.851499167962635,0.8175418331520174,-11.0,-12.0,-6.0,11.0,12.0,6.0,15,15,15
14306340,dPL-MLP,dPL-MLP,test,0.0693804146431187,S2,0.0008641176643733317,0.0,2.0,0.021898703342099646,0.747106193847118,0.7479703115114913,0.7260716081693916,-3.0,-5.0,-3.0,3.0,5.0,3.0,15,15,15
14306500,dPL-MLP,dPL-MLP,test,0.0202982706122534,S1,-0.05415531114736194,-1.0,-2.0,-0.03495211635071982,0.8082659331867615,0.7541106220393996,0.7890627383901194,-5.0,-4.0,-6.0,5.0,4.0,6.0,15,15,15
14308990,dPL-MLP,dPL-MLP,test,0.135825515539971,S2,-0.01797436924532403,-2.0,-3.0,-0.014322687596511674,0.9075026973191944,0.8895283280738704,0.9038510156703821,-3.0,-2.0,-5.0,3.0,2.0,5.0,15,15,15
14309500,dPL-MLP,dPL-MLP,test,0.0612553691709827,S2,0.01253502910725035,4.0,3.0,0.005238973856161566,0.7563129417267445,0.7688479708339948,0.7636089969778332,-7.0,-6.0,-3.0,7.0,6.0,3.0,15,15,15
14316700,dPL-MLP,dPL-MLP,test,0.176336580742005,S3,0.04792318023361719,3.0,5.0,0.039099857114937464,0.8743274309950176,0.9222506112286348,0.8831507541136974,-8.0,-10.0,-5.0,8.0,10.0,5.0,15,15,15
14325000,dPL-MLP,dPL-MLP,test,0.0302033920558714,S1,0.004271838030226349,0.0,0.0,0.008637250276172126,0.9033290637996956,0.9076009018299219,0.8989636515537498,-4.0,-4.0,-4.0,4.0,4.0,4.0,15,15,15
14362250,dPL-MLP,dPL-MLP,test,0.141500009350329,S2,0.29339281186717825,0.0,0.0,0.2435910622573605,0.30250736057432914,0.5959001724415074,0.3523091101841469,-1.0,-1.0,-1.0,1.0,1.0,1.0,15,15,15
14400000,dPL-MLP,dPL-MLP,test,0.0243303906906382,S1,0.02493577909039768,0.0,1.0,0.02409283285596253,0.5139405709913831,0.5388763500817808,0.5147835172258183,-9.0,-10.0,-9.0,9.0,10.0,9.0,15,15,15
