basin_id,regime,paradigm,structure,model,period,seed_or_restart,selected_run,frac_snow,snow_stratum,KGE,signed_CT_error,absolute_CT_error,valid_year_count,valid_days,valid_metric,NSE,PBIAS,RMSE,provenance_source
01022500,IC-CMA-ES,IC-CMA-ES,Base,XAJ-Base,test,selected_restart,True,0.245259009248271,S3,0.7794957941438265,-25.0,25.0,15,5479.0,True,0.5607725007441349,-2.4667555080147845,1.784336668933406,r1_basin_level_performance_rebuilt.csv + r1_basin_level_ct.csv
01022500,IC-CMA-ES,IC-CMA-ES,CN,XAJ-CN,test,selected_restart,True,0.245259009248271,S3,0.8572762886581293,9.0,9.0,15,5479.0,True,0.7230744501066229,-4.154062362332229,1.416816325882016,r1_basin_level_performance_rebuilt.csv + r1_basin_level_ct.csv
01022500,IC-CMA-ES,IC-CMA-ES,TGD,XAJ-TGD,test,selected_restart,True,0.245259009248271,S3,0.7314159806672954,3.0,3.0,15,5479.0,True,0.4765576915617885,-4.082138882631855,1.9478990709905435,r1_basin_level_performance_rebuilt.csv + r1_basin_level_ct.csv
01022500,dPL-MLP,dPL-MLP,Base,XAJ-Base,test,median_across_seeds,True,0.245259009248271,S3,0.777696331963277,-24.0,24.0,15,5479.0,True,0.5930051561119696,-4.48631401719028,1.7176176445484663,r1_basin_level_performance_rebuilt.csv + r1_basin_level_ct.csv
01022500,dPL-MLP,dPL-MLP,CN,XAJ-CN,test,median_across_seeds,True,0.245259009248271,S3,0.8343347821774041,11.0,11.0,15,5479.0,True,0.6966733755085515,-4.454279461661513,1.482816142449208,r1_basin_level_performance_rebuilt.csv + r1_basin_level_ct.csv
01022500,dPL-MLP,dPL-MLP,TGD,XAJ-TGD,test,median_across_seeds,True,0.245259009248271,S3,0.7111260580855163,4.0,4.0,15,5479.0,True,0.4932940614687924,-4.082554733709023,1.9165053514622203,r1_basin_level_performance_rebuilt.csv + r1_basin_level_ct.csv
01031500,IC-CMA-ES,IC-CMA-ES,Base,XAJ-Base,test,selected_restart,True,0.291836473001958,S3,0.6153475872020089,-47.0,47.0,15,5479.0,True,0.16691460006698344,3.3691035619866008,3.156905851456698,r1_basin_level_performance_rebuilt.csv + r1_basin_level_ct.csv
01031500,IC-CMA-ES,IC-CMA-ES,CN,XAJ-CN,test,selected_restart,True,0.291836473001958,S3,0.8659011427871739,7.0,7.0,15,5479.0,True,0.7343269985838825,2.0700564055364032,1.7827505516059976,r1_basin_level_performance_rebuilt.csv + r1_basin_level_ct.csv
01031500,IC-CMA-ES,IC-CMA-ES,TGD,XAJ-TGD,test,selected_restart,True,0.291836473001958,S3,0.663039508223073,-42.0,42.0,15,5479.0,True,0.2863089090897162,3.1472161537557595,2.921944792827552,r1_basin_level_performance_rebuilt.csv + r1_basin_level_ct.csv
01031500,dPL-MLP,dPL-MLP,Base,XAJ-Base,test,median_across_seeds,True,0.291836473001958,S3,0.6537078014791533,-37.0,37.0,15,5479.0,True,0.3882179166764602,4.601573729892261,2.7052988346340885,r1_basin_level_performance_rebuilt.csv + r1_basin_level_ct.csv
01031500,dPL-MLP,dPL-MLP,CN,XAJ-CN,test,median_across_seeds,True,0.291836473001958,S3,0.8615081245960067,9.0,9.0,15,5479.0,True,0.7312223070600613,0.16839423269218073,1.7931370303277017,r1_basin_level_performance_rebuilt.csv + r1_basin_level_ct.csv
01031500,dPL-MLP,dPL-MLP,TGD,XAJ-TGD,test,median_across_seeds,True,0.291836473001958,S3,0.6560596803364009,2.0,2.0,15,5479.0,True,0.46270085125655724,2.8098435850898484,2.5352742453497625,r1_basin_level_performance_rebuilt.csv + r1_basin_level_ct.csv
01047000,IC-CMA-ES,IC-CMA-ES,Base,XAJ-Base,test,selected_restart,True,0.280118126940736,S3,0.6515678636299186,-35.0,35.0,15,5479.0,True,0.25411274168755393,2.2865130675695853,3.042884941032585,r1_basin_level_performance_rebuilt.csv + r1_basin_level_ct.csv
01047000,IC-CMA-ES,IC-CMA-ES,CN,XAJ-CN,test,selected_restart,True,0.280118126940736,S3,0.8579559232993774,8.0,8.0,15,5479.0,True,0.7138334163784369,-0.6500714438539381,1.8847701547519227,r1_basin_level_performance_rebuilt.csv + r1_basin_level_ct.csv
01047000,IC-CMA-ES,IC-CMA-ES,TGD,XAJ-TGD,test,selected_restart,True,0.280118126940736,S3,0.6715479898091697,7.0,7.0,15,5479.0,True,0.3312603499966611,-1.6985230347885643,2.881226984316792,r1_basin_level_performance_rebuilt.csv + r1_basin_level_ct.csv
01047000,dPL-MLP,dPL-MLP,Base,XAJ-Base,test,median_across_seeds,True,0.280118126940736,S3,0.6804682076966291,-26.0,26.0,15,5479.0,True,0.42364175760559264,-5.394872018315434,2.67482387456184,r1_basin_level_performance_rebuilt.csv + r1_basin_level_ct.csv
01047000,dPL-MLP,dPL-MLP,CN,XAJ-CN,test,median_across_seeds,True,0.280118126940736,S3,0.8446170165855793,10.0,10.0,15,5479.0,True,0.7248520182270628,-4.806290136044522,1.8481282370360372,r1_basin_level_performance_rebuilt.csv + r1_basin_level_ct.csv
01047000,dPL-MLP,dPL-MLP,TGD,XAJ-TGD,test,median_across_seeds,True,0.280118126940736,S3,0.6599756733740467,1.0,1.0,15,5479.0,True,0.4692646557839716,-5.713094978046084,2.5667758348329976,r1_basin_level_performance_rebuilt.csv + r1_basin_level_ct.csv
01052500,IC-CMA-ES,IC-CMA-ES,Base,XAJ-Base,test,selected_restart,True,0.352698254049326,S4,0.4095471046534206,-38.0,38.0,15,5479.0,True,-0.04347144301630901,-7.260732859345297,4.061277108676093,r1_basin_level_performance_rebuilt.csv + r1_basin_level_ct.csv
01052500,IC-CMA-ES,IC-CMA-ES,CN,XAJ-CN,test,selected_restart,True,0.352698254049326,S4,0.8146200363226522,7.0,7.0,15,5479.0,True,0.7845804272332519,-9.704325266860993,1.8452912368153047,r1_basin_level_performance_rebuilt.csv + r1_basin_level_ct.csv
01052500,IC-CMA-ES,IC-CMA-ES,TGD,XAJ-TGD,test,selected_restart,True,0.352698254049326,S4,0.6993039328457078,4.0,4.0,15,5479.0,True,0.5484925293582875,-9.248533375083786,2.6714977298033276,r1_basin_level_performance_rebuilt.csv + r1_basin_level_ct.csv
01052500,dPL-MLP,dPL-MLP,Base,XAJ-Base,test,median_across_seeds,True,0.352698254049326,S4,0.3601424989645883,-44.0,44.0,15,5479.0,True,0.06745353311311564,-8.959803079944678,3.839348894484465,r1_basin_level_performance_rebuilt.csv + r1_basin_level_ct.csv
01052500,dPL-MLP,dPL-MLP,CN,XAJ-CN,test,median_across_seeds,True,0.352698254049326,S4,0.7828606809679763,9.0,9.0,15,5479.0,True,0.7760308910565127,-10.844052945769427,1.8815527580107099,r1_basin_level_performance_rebuilt.csv + r1_basin_level_ct.csv
01052500,dPL-MLP,dPL-MLP,TGD,XAJ-TGD,test,median_across_seeds,True,0.352698254049326,S4,0.6846772050889526,4.0,4.0,15,5479.0,True,0.5604668908041361,-8.13071105139261,2.635834492150474,r1_basin_level_performance_rebuilt.csv + r1_basin_level_ct.csv
01054200,IC-CMA-ES,IC-CMA-ES,Base,XAJ-Base,test,selected_restart,True,0.299641539662879,S3,0.6217603253808823,-45.0,45.0,15,5479.0,True,0.2067767980625005,4.153590682325545,4.848047919895986,r1_basin_level_performance_rebuilt.csv + r1_basin_level_ct.csv
01054200,IC-CMA-ES,IC-CMA-ES,CN,XAJ-CN,test,selected_restart,True,0.299641539662879,S3,0.8119692202536359,6.0,6.0,15,5479.0,True,0.6197401632386828,2.447596281239494,3.356676036766895,r1_basin_level_performance_rebuilt.csv + r1_basin_level_ct.csv
01054200,IC-CMA-ES,IC-CMA-ES,TGD,XAJ-TGD,test,selected_restart,True,0.299641539662879,S3,0.6744104983454564,-28.0,28.0,15,5479.0,True,0.3334688297664199,3.160940617056921,4.444055063965798,r1_basin_level_performance_rebuilt.csv + r1_basin_level_ct.csv
01054200,dPL-MLP,dPL-MLP,Base,XAJ-Base,test,median_across_seeds,True,0.299641539662879,S3,0.608677435814718,-29.0,29.0,15,5479.0,True,0.2212607686204301,2.8477644156618585,4.803582196474038,r1_basin_level_performance_rebuilt.csv + r1_basin_level_ct.csv
01054200,dPL-MLP,dPL-MLP,CN,XAJ-CN,test,median_across_seeds,True,0.299641539662879,S3,0.8123508881662862,7.0,7.0,15,5479.0,True,0.6282273997517318,0.5603928895775242,3.3190048645377455,r1_basin_level_performance_rebuilt.csv + r1_basin_level_ct.csv
01054200,dPL-MLP,dPL-MLP,TGD,XAJ-TGD,test,median_across_seeds,True,0.299641539662879,S3,0.5529262465216832,6.0,6.0,15,5479.0,True,0.26860575462272074,2.3581256487658417,4.655271011206137,r1_basin_level_performance_rebuilt.csv + r1_basin_level_ct.csv
01055000,IC-CMA-ES,IC-CMA-ES,Base,XAJ-Base,test,selected_restart,True,0.306048851694867,S4,0.6000685653282836,-37.0,37.0,15,5479.0,True,0.14609494762001773,0.9541494765590648,3.929291439144395,r1_basin_level_performance_rebuilt.csv + r1_basin_level_ct.csv
01055000,IC-CMA-ES,IC-CMA-ES,CN,XAJ-CN,test,selected_restart,True,0.306048851694867,S4,0.8071606510129511,7.0,7.0,15,5479.0,True,0.607830614430882,-1.854257365862124,2.6628474938254043,r1_basin_level_performance_rebuilt.csv + r1_basin_level_ct.csv
01055000,IC-CMA-ES,IC-CMA-ES,TGD,XAJ-TGD,test,selected_restart,True,0.306048851694867,S4,0.6530329175127919,-28.0,28.0,15,5479.0,True,0.2793834854022148,-0.9297255241510981,3.6096205944376147,r1_basin_level_performance_rebuilt.csv + r1_basin_level_ct.csv
01055000,dPL-MLP,dPL-MLP,Base,XAJ-Base,test,median_across_seeds,True,0.306048851694867,S4,0.6029408182209182,-26.0,26.0,15,5479.0,True,0.22012243059300907,-1.950405469201352,3.7551100144636864,r1_basin_level_performance_rebuilt.csv + r1_basin_level_ct.csv
01055000,dPL-MLP,dPL-MLP,CN,XAJ-CN,test,median_across_seeds,True,0.306048851694867,S4,0.7976594546753135,8.0,8.0,15,5479.0,True,0.6344599146792473,-4.87576346362446,2.570851284716307,r1_basin_level_performance_rebuilt.csv + r1_basin_level_ct.csv
01055000,dPL-MLP,dPL-MLP,TGD,XAJ-TGD,test,median_across_seeds,True,0.306048851694867,S4,0.6123632515597592,7.0,7.0,15,5479.0,True,0.37913577801082954,-3.000132933186582,3.3504856896873227,r1_basin_level_performance_rebuilt.csv + r1_basin_level_ct.csv
01057000,IC-CMA-ES,IC-CMA-ES,Base,XAJ-Base,test,selected_restart,True,0.251157672769098,S3,0.4768080506968684,-41.0,41.0,15,5479.0,True,-0.05405970589931375,15.759648606626996,3.0877474352264156,r1_basin_level_performance_rebuilt.csv + r1_basin_level_ct.csv
01057000,IC-CMA-ES,IC-CMA-ES,CN,XAJ-CN,test,selected_restart,True,0.251157672769098,S3,0.6916494760086631,10.0,10.0,15,5479.0,True,0.6640549663920918,13.540160040507445,1.743184182087925,r1_basin_level_performance_rebuilt.csv + r1_basin_level_ct.csv
01057000,IC-CMA-ES,IC-CMA-ES,TGD,XAJ-TGD,test,selected_restart,True,0.251157672769098,S3,0.5726666732813889,-31.0,31.0,15,5479.0,True,0.20943702814340615,14.814789080758556,2.674098487725459,r1_basin_level_performance_rebuilt.csv + r1_basin_level_ct.csv
01057000,dPL-MLP,dPL-MLP,Base,XAJ-Base,test,median_across_seeds,True,0.251157672769098,S3,0.6067777791223059,-23.0,23.0,15,5479.0,True,0.22496235094172612,14.850377745884087,2.647710902386167,r1_basin_level_performance_rebuilt.csv + r1_basin_level_ct.csv
01057000,dPL-MLP,dPL-MLP,CN,XAJ-CN,test,median_across_seeds,True,0.251157672769098,S3,0.7496960926721161,10.0,10.0,15,5479.0,True,0.7136032597919351,12.837757455938773,1.6095082201454685,r1_basin_level_performance_rebuilt.csv + r1_basin_level_ct.csv
01057000,dPL-MLP,dPL-MLP,TGD,XAJ-TGD,test,median_across_seeds,True,0.251157672769098,S3,0.6474291001352657,1.0,1.0,15,5479.0,True,0.34157573424043386,15.804131300692115,2.4404059651938645,r1_basin_level_performance_rebuilt.csv + r1_basin_level_ct.csv
01073000,IC-CMA-ES,IC-CMA-ES,Base,XAJ-Base,test,selected_restart,True,0.17503243505174,S3,0.7520816024157924,-19.0,19.0,15,5479.0,True,0.6744853267899069,15.486442666373067,1.9167224965527576,r1_basin_level_performance_rebuilt.csv + r1_basin_level_ct.csv
01073000,IC-CMA-ES,IC-CMA-ES,CN,XAJ-CN,test,selected_restart,True,0.17503243505174,S3,0.7995432992888515,9.0,9.0,15,5479.0,True,0.7958490282366424,14.826166346716569,1.517922788089522,r1_basin_level_performance_rebuilt.csv + r1_basin_level_ct.csv
01073000,IC-CMA-ES,IC-CMA-ES,TGD,XAJ-TGD,test,selected_restart,True,0.17503243505174,S3,0.798821632874502,-7.0,7.0,15,5479.0,True,0.7202546830222081,14.70957831197272,1.7768688247189883,r1_basin_level_performance_rebuilt.csv + r1_basin_level_ct.csv
01073000,dPL-MLP,dPL-MLP,Base,XAJ-Base,test,median_across_seeds,True,0.17503243505174,S3,0.8049517504674721,-15.0,15.0,15,5479.0,True,0.7230422416663556,13.97072208208869,1.7679937397214143,r1_basin_level_performance_rebuilt.csv + r1_basin_level_ct.csv
01073000,dPL-MLP,dPL-MLP,CN,XAJ-CN,test,median_across_seeds,True,0.17503243505174,S3,0.793586853057242,9.0,9.0,15,5479.0,True,0.8113395218326825,15.656849251306143,1.4591986547460198,r1_basin_level_performance_rebuilt.csv + r1_basin_level_ct.csv
01073000,dPL-MLP,dPL-MLP,TGD,XAJ-TGD,test,median_across_seeds,True,0.17503243505174,S3,0.78714728192923,-12.0,12.0,15,5479.0,True,0.7096594946279302,14.729236872304385,1.8102050386251314,r1_basin_level_performance_rebuilt.csv + r1_basin_level_ct.csv
01078000,IC-CMA-ES,IC-CMA-ES,Base,XAJ-Base,test,selected_restart,True,0.23971852199071,S3,0.637360900891761,-37.0,37.0,15,5479.0,True,0.26806344082439737,12.924238337728811,2.3122669812370056,r1_basin_level_performance_rebuilt.csv + r1_basin_level_ct.csv
01078000,IC-CMA-ES,IC-CMA-ES,CN,XAJ-CN,test,selected_restart,True,0.23971852199071,S3,0.8151089530187459,9.0,9.0,15,5479.0,True,0.7709721197615176,10.717615954458875,1.2934374589263626,r1_basin_level_performance_rebuilt.csv + r1_basin_level_ct.csv
01078000,IC-CMA-ES,IC-CMA-ES,TGD,XAJ-TGD,test,selected_restart,True,0.23971852199071,S3,0.6882472863007,3.0,3.0,15,5479.0,True,0.38404822580708675,10.357974567233555,2.121165782944648,r1_basin_level_performance_rebuilt.csv + r1_basin_level_ct.csv
01078000,dPL-MLP,dPL-MLP,Base,XAJ-Base,test,median_across_seeds,True,0.23971852199071,S3,0.6574036445447341,-37.0,37.0,15,5479.0,True,0.307218624249586,10.309783411781522,2.2495692116702073,r1_basin_level_performance_rebuilt.csv + r1_basin_level_ct.csv
01078000,dPL-MLP,dPL-MLP,CN,XAJ-CN,test,median_across_seeds,True,0.23971852199071,S3,0.8266634925690124,8.0,8.0,15,5479.0,True,0.7525849032776226,10.06626302089213,1.3443562031012066,r1_basin_level_performance_rebuilt.csv + r1_basin_level_ct.csv
01078000,dPL-MLP,dPL-MLP,TGD,XAJ-TGD,test,median_across_seeds,True,0.23971852199071,S3,0.6852992038347232,2.0,2.0,15,5479.0,True,0.4111609085354887,12.126370745813118,2.073956172540441,r1_basin_level_performance_rebuilt.csv + r1_basin_level_ct.csv
01123000,IC-CMA-ES,IC-CMA-ES,Base,XAJ-Base,test,selected_restart,True,0.136053399026134,S2,0.8436964824087728,-10.0,10.0,15,5479.0,True,0.7525619317191792,8.99473235941932,1.2380159794866206,r1_basin_level_performance_rebuilt.csv + r1_basin_level_ct.csv
01123000,IC-CMA-ES,IC-CMA-ES,CN,XAJ-CN,test,selected_restart,True,0.136053399026134,S2,0.8437564577615576,3.0,3.0,15,5479.0,True,0.7618510002580533,9.661691957266253,1.2145555221566848,r1_basin_level_performance_rebuilt.csv + r1_basin_level_ct.csv
01123000,IC-CMA-ES,IC-CMA-ES,TGD,XAJ-TGD,test,selected_restart,True,0.136053399026134,S2,0.8553096332173304,-9.0,9.0,15,5479.0,True,0.7683618550678057,8.919279618770735,1.1978378475164715,r1_basin_level_performance_rebuilt.csv + r1_basin_level_ct.csv
01123000,dPL-MLP,dPL-MLP,Base,XAJ-Base,test,median_across_seeds,True,0.136053399026134,S2,0.8562201901476953,-10.0,10.0,15,5479.0,True,0.760507294326759,8.02589139844324,1.2179771402823794,r1_basin_level_performance_rebuilt.csv + r1_basin_level_ct.csv
01123000,dPL-MLP,dPL-MLP,CN,XAJ-CN,test,median_across_seeds,True,0.136053399026134,S2,0.8464788866222241,3.0,3.0,15,5479.0,True,0.7536232628341163,9.494297741729856,1.2353580277653446,r1_basin_level_performance_rebuilt.csv + r1_basin_level_ct.csv
01123000,dPL-MLP,dPL-MLP,TGD,XAJ-TGD,test,median_across_seeds,True,0.136053399026134,S2,0.851707439818354,-12.0,12.0,15,5479.0,True,0.7656617692047315,9.727112842493598,1.2047989085620943,r1_basin_level_performance_rebuilt.csv + r1_basin_level_ct.csv
01134500,IC-CMA-ES,IC-CMA-ES,Base,XAJ-Base,test,selected_restart,True,0.280582089228151,S3,0.5057963053142823,-9.0,9.0,15,5479.0,True,-0.09951273498256352,-1.6768493300340364,2.995330054935281,r1_basin_level_performance_rebuilt.csv + r1_basin_level_ct.csv
01134500,IC-CMA-ES,IC-CMA-ES,CN,XAJ-CN,test,selected_restart,True,0.280582089228151,S3,0.8437109319290379,10.0,10.0,15,5479.0,True,0.7122107111226272,-2.383516844398756,1.5324343041800386,r1_basin_level_performance_rebuilt.csv + r1_basin_level_ct.csv
01134500,IC-CMA-ES,IC-CMA-ES,TGD,XAJ-TGD,test,selected_restart,True,0.280582089228151,S3,0.7007453729206733,10.0,10.0,15,5479.0,True,0.3713939174393769,-0.5623871798129543,2.264820783657654,r1_basin_level_performance_rebuilt.csv + r1_basin_level_ct.csv
01134500,dPL-MLP,dPL-MLP,Base,XAJ-Base,test,median_across_seeds,True,0.280582089228151,S3,0.5425630502809082,-16.0,16.0,15,5479.0,True,0.14279136253646885,0.05560580139455936,2.644769461006263,r1_basin_level_performance_rebuilt.csv + r1_basin_level_ct.csv
01134500,dPL-MLP,dPL-MLP,CN,XAJ-CN,test,median_across_seeds,True,0.280582089228151,S3,0.8569718039856964,12.0,12.0,15,5479.0,True,0.7336681258850044,-5.028257350174949,1.474199042599506,r1_basin_level_performance_rebuilt.csv + r1_basin_level_ct.csv
01134500,dPL-MLP,dPL-MLP,TGD,XAJ-TGD,test,median_across_seeds,True,0.280582089228151,S3,0.7056480617312499,6.0,6.0,15,5479.0,True,0.4790236205677878,-3.1192290677289023,2.061833392037152,r1_basin_level_performance_rebuilt.csv + r1_basin_level_ct.csv
01137500,IC-CMA-ES,IC-CMA-ES,Base,XAJ-Base,test,selected_restart,True,0.301814975818189,S4,0.6308620155509503,-35.0,35.0,15,5479.0,True,0.2775817579412183,-4.672912412399498,2.903800425293218,r1_basin_level_performance_rebuilt.csv + r1_basin_level_ct.csv
01137500,IC-CMA-ES,IC-CMA-ES,CN,XAJ-CN,test,selected_restart,True,0.301814975818189,S4,0.8209580397886083,9.0,9.0,15,5479.0,True,0.6872178437266984,-7.780917426238713,1.910703931277672,r1_basin_level_performance_rebuilt.csv + r1_basin_level_ct.csv
01137500,IC-CMA-ES,IC-CMA-ES,TGD,XAJ-TGD,test,selected_restart,True,0.301814975818189,S4,0.6512363916341687,5.0,5.0,15,5479.0,True,0.35503784666795113,-6.40801515658838,2.7437183505329106,r1_basin_level_performance_rebuilt.csv + r1_basin_level_ct.csv
01137500,dPL-MLP,dPL-MLP,Base,XAJ-Base,test,median_across_seeds,True,0.301814975818189,S4,0.6040763156164567,-34.0,34.0,15,5479.0,True,0.29176079681698275,-10.417872697448619,2.875162489515629,r1_basin_level_performance_rebuilt.csv + r1_basin_level_ct.csv
01137500,dPL-MLP,dPL-MLP,CN,XAJ-CN,test,median_across_seeds,True,0.301814975818189,S4,0.7975162042206773,10.0,10.0,15,5479.0,True,0.6613980447990686,-8.582499939698122,1.988003493748858,r1_basin_level_performance_rebuilt.csv + r1_basin_level_ct.csv
01137500,dPL-MLP,dPL-MLP,TGD,XAJ-TGD,test,median_across_seeds,True,0.301814975818189,S4,0.6419314082194737,3.0,3.0,15,5479.0,True,0.40755436043487747,-7.075180724820328,2.629642234014054,r1_basin_level_performance_rebuilt.csv + r1_basin_level_ct.csv
01139000,IC-CMA-ES,IC-CMA-ES,Base,XAJ-Base,test,selected_restart,True,0.246562671549799,S3,0.5963586155718283,-14.0,14.0,15,5479.0,True,0.16106954542336027,3.6968502971583215,1.8200974816441962,r1_basin_level_performance_rebuilt.csv + r1_basin_level_ct.csv
01139000,IC-CMA-ES,IC-CMA-ES,CN,XAJ-CN,test,selected_restart,True,0.246562671549799,S3,0.871632112177832,12.0,12.0,15,5479.0,True,0.743933497837096,1.3919377778486859,1.0055601478779495,r1_basin_level_performance_rebuilt.csv + r1_basin_level_ct.csv
01139000,IC-CMA-ES,IC-CMA-ES,TGD,XAJ-TGD,test,selected_restart,True,0.246562671549799,S3,0.7457643432167405,4.0,4.0,15,5479.0,True,0.4922596708727871,2.039730744312056,1.415964935335799,r1_basin_level_performance_rebuilt.csv + r1_basin_level_ct.csv
01139000,dPL-MLP,dPL-MLP,Base,XAJ-Base,test,median_across_seeds,True,0.246562671549799,S3,0.6019176094811325,-9.0,9.0,15,5479.0,True,0.22617584647562072,-2.3271521103498576,1.7480458080723944,r1_basin_level_performance_rebuilt.csv + r1_basin_level_ct.csv
01139000,dPL-MLP,dPL-MLP,CN,XAJ-CN,test,median_across_seeds,True,0.246562671549799,S3,0.8687645821559677,13.0,13.0,15,5479.0,True,0.7350130490334796,0.14075261881275605,1.022925282303567,r1_basin_level_performance_rebuilt.csv + r1_basin_level_ct.csv
01139000,dPL-MLP,dPL-MLP,TGD,XAJ-TGD,test,median_across_seeds,True,0.246562671549799,S3,0.7378935964898883,4.0,4.0,15,5479.0,True,0.5104243020834248,-0.44043813820252453,1.390405875921512,r1_basin_level_performance_rebuilt.csv + r1_basin_level_ct.csv
01139800,IC-CMA-ES,IC-CMA-ES,Base,XAJ-Base,test,selected_restart,True,0.26232897318021,S3,0.35872985349653363,-31.0,31.0,15,5479.0,True,-0.4511161651133275,13.650036167414504,2.338905453938357,r1_basin_level_performance_rebuilt.csv + r1_basin_level_ct.csv
01139800,IC-CMA-ES,IC-CMA-ES,CN,XAJ-CN,test,selected_restart,True,0.26232897318021,S3,0.6980725807626827,12.0,12.0,15,5479.0,True,0.5057894774381212,12.503093258219995,1.364952601368777,r1_basin_level_performance_rebuilt.csv + r1_basin_level_ct.csv
01139800,IC-CMA-ES,IC-CMA-ES,TGD,XAJ-TGD,test,selected_restart,True,0.26232897318021,S3,0.6787880825380259,10.0,10.0,15,5479.0,True,0.38499741610740834,12.963523602614051,1.522649859535746,r1_basin_level_performance_rebuilt.csv + r1_basin_level_ct.csv
01139800,dPL-MLP,dPL-MLP,Base,XAJ-Base,test,median_across_seeds,True,0.26232897318021,S3,0.3929248324303237,-19.0,19.0,15,5479.0,True,-0.2695340163119442,10.14396067522322,2.1876797536227692,r1_basin_level_performance_rebuilt.csv + r1_basin_level_ct.csv
01139800,dPL-MLP,dPL-MLP,CN,XAJ-CN,test,median_across_seeds,True,0.26232897318021,S3,0.7140578730922944,16.0,16.0,15,5479.0,True,0.49977898909576235,12.523065745536375,1.3732276561482013,r1_basin_level_performance_rebuilt.csv + r1_basin_level_ct.csv
01139800,dPL-MLP,dPL-MLP,TGD,XAJ-TGD,test,median_across_seeds,True,0.26232897318021,S3,0.711528294843475,8.0,8.0,15,5479.0,True,0.43597793781994476,11.2897788507083,1.458174914347069,r1_basin_level_performance_rebuilt.csv + r1_basin_level_ct.csv
01142500,IC-CMA-ES,IC-CMA-ES,Base,XAJ-Base,test,selected_restart,True,0.252307890542821,S3,0.5140060733769325,-17.0,17.0,15,5479.0,True,0.007196953223667757,11.353756241283753,2.1722503796146264,r1_basin_level_performance_rebuilt.csv + r1_basin_level_ct.csv
01142500,IC-CMA-ES,IC-CMA-ES,CN,XAJ-CN,test,selected_restart,True,0.252307890542821,S3,0.830466541788673,5.0,5.0,15,5479.0,True,0.7319109286857236,9.741974298942527,1.128802301659163,r1_basin_level_performance_rebuilt.csv + r1_basin_level_ct.csv
01142500,IC-CMA-ES,IC-CMA-ES,TGD,XAJ-TGD,test,selected_restart,True,0.252307890542821,S3,0.7283641489239169,7.0,7.0,15,5479.0,True,0.4836047857025021,11.53397572054216,1.5666408103233809,r1_basin_level_performance_rebuilt.csv + r1_basin_level_ct.csv
01142500,dPL-MLP,dPL-MLP,Base,XAJ-Base,test,median_across_seeds,True,0.252307890542821,S3,0.5170887883991939,-20.0,20.0,15,5479.0,True,0.11391302676183113,7.009637779928625,2.0521849913418286,r1_basin_level_performance_rebuilt.csv + r1_basin_level_ct.csv
01142500,dPL-MLP,dPL-MLP,CN,XAJ-CN,test,median_across_seeds,True,0.252307890542821,S3,0.817215008407093,11.0,11.0,15,5479.0,True,0.6983427863461034,9.245430635389098,1.1973887922674742,r1_basin_level_performance_rebuilt.csv + r1_basin_level_ct.csv
01142500,dPL-MLP,dPL-MLP,TGD,XAJ-TGD,test,median_across_seeds,True,0.252307890542821,S3,0.7268023127605732,7.0,7.0,15,5479.0,True,0.47508921367305423,9.468570169417772,1.5795052716336289,r1_basin_level_performance_rebuilt.csv + r1_basin_level_ct.csv
01144000,IC-CMA-ES,IC-CMA-ES,Base,XAJ-Base,test,selected_restart,True,0.248466348504845,S3,0.5419514502679313,-28.0,28.0,15,5479.0,True,0.021130506285835238,9.366486704699081,2.339284618892757,r1_basin_level_performance_rebuilt.csv + r1_basin_level_ct.csv
01144000,IC-CMA-ES,IC-CMA-ES,CN,XAJ-CN,test,selected_restart,True,0.248466348504845,S3,0.8283597707578363,9.0,9.0,15,5479.0,True,0.7316446175359186,8.391654822439671,1.2248300237674778,r1_basin_level_performance_rebuilt.csv + r1_basin_level_ct.csv
01144000,IC-CMA-ES,IC-CMA-ES,TGD,XAJ-TGD,test,selected_restart,True,0.248466348504845,S3,0.7465909733470317,5.0,5.0,15,5479.0,True,0.5001575844752699,8.247269001093207,1.671618702873098,r1_basin_level_performance_rebuilt.csv + r1_basin_level_ct.csv
01144000,dPL-MLP,dPL-MLP,Base,XAJ-Base,test,median_across_seeds,True,0.248466348504845,S3,0.5553333462991015,-20.0,20.0,15,5479.0,True,0.08880719675233406,5.3951836364827725,2.2569701161645135,r1_basin_level_performance_rebuilt.csv + r1_basin_level_ct.csv
01144000,dPL-MLP,dPL-MLP,CN,XAJ-CN,test,median_across_seeds,True,0.248466348504845,S3,0.8324516830686217,10.0,10.0,15,5479.0,True,0.7224000575415848,7.030689859997695,1.2457484462176447,r1_basin_level_performance_rebuilt.csv + r1_basin_level_ct.csv
01144000,dPL-MLP,dPL-MLP,TGD,XAJ-TGD,test,median_across_seeds,True,0.248466348504845,S3,0.7501341679707165,8.0,8.0,15,5479.0,True,0.5154030828258314,7.454445063538084,1.6459286003216644,r1_basin_level_performance_rebuilt.csv + r1_basin_level_ct.csv
01162500,IC-CMA-ES,IC-CMA-ES,Base,XAJ-Base,test,selected_restart,True,0.226769184680043,S3,0.7407922884552001,-23.0,23.0,15,5479.0,True,0.47897068229754125,0.5365028122625267,1.7659016997046675,r1_basin_level_performance_rebuilt.csv + r1_basin_level_ct.csv
01162500,IC-CMA-ES,IC-CMA-ES,CN,XAJ-CN,test,selected_restart,True,0.226769184680043,S3,0.855395121242023,12.0,12.0,15,5479.0,True,0.7247491769942758,-2.498717944933073,1.2835114788542408,r1_basin_level_performance_rebuilt.csv + r1_basin_level_ct.csv
01162500,IC-CMA-ES,IC-CMA-ES,TGD,XAJ-TGD,test,selected_restart,True,0.226769184680043,S3,0.7827438047781262,-16.0,16.0,15,5479.0,True,0.5612676138857768,-0.5401406128890457,1.6204487159706285,r1_basin_level_performance_rebuilt.csv + r1_basin_level_ct.csv
01162500,dPL-MLP,dPL-MLP,Base,XAJ-Base,test,median_across_seeds,True,0.226769184680043,S3,0.7378430623656203,-19.0,19.0,15,5479.0,True,0.5200233193352145,-4.318536754578026,1.6949055935522381,r1_basin_level_performance_rebuilt.csv + r1_basin_level_ct.csv
01162500,dPL-MLP,dPL-MLP,CN,XAJ-CN,test,median_across_seeds,True,0.226769184680043,S3,0.8379461252475842,14.0,14.0,15,5479.0,True,0.6980700256884668,-3.3256468887125212,1.3442763527220294,r1_basin_level_performance_rebuilt.csv + r1_basin_level_ct.csv
01162500,dPL-MLP,dPL-MLP,TGD,XAJ-TGD,test,median_across_seeds,True,0.226769184680043,S3,0.7350773327816384,3.0,3.0,15,5479.0,True,0.5048049782556615,1.1344498609947569,1.7215656114517561,r1_basin_level_performance_rebuilt.csv + r1_basin_level_ct.csv
01169000,IC-CMA-ES,IC-CMA-ES,Base,XAJ-Base,test,selected_restart,True,0.238972605896079,S3,0.6661579034954469,-21.0,21.0,15,5479.0,True,0.31271034627207794,-1.1286540002926555,2.8400749425387923,r1_basin_level_performance_rebuilt.csv + r1_basin_level_ct.csv
01169000,IC-CMA-ES,IC-CMA-ES,CN,XAJ-CN,test,selected_restart,True,0.238972605896079,S3,0.8270731695969206,10.0,10.0,15,5479.0,True,0.6981952284612372,-1.4292657113321912,1.8820144253252264,r1_basin_level_performance_rebuilt.csv + r1_basin_level_ct.csv
01169000,IC-CMA-ES,IC-CMA-ES,TGD,XAJ-TGD,test,selected_restart,True,0.238972605896079,S3,0.6968335573171638,-18.0,18.0,15,5479.0,True,0.3784195274700972,-2.3162452392916855,2.700900456025236,r1_basin_level_performance_rebuilt.csv + r1_basin_level_ct.csv
01169000,dPL-MLP,dPL-MLP,Base,XAJ-Base,test,median_across_seeds,True,0.238972605896079,S3,0.6589468638355087,-27.0,27.0,15,5479.0,True,0.3448772845707275,-3.445998742313588,2.7728171158578294,r1_basin_level_performance_rebuilt.csv + r1_basin_level_ct.csv
01169000,dPL-MLP,dPL-MLP,CN,XAJ-CN,test,median_across_seeds,True,0.238972605896079,S3,0.8290900167999862,11.0,11.0,15,5479.0,True,0.697928294286703,-3.336715285145283,1.8828465243858752,r1_basin_level_performance_rebuilt.csv + r1_basin_level_ct.csv
01169000,dPL-MLP,dPL-MLP,TGD,XAJ-TGD,test,median_across_seeds,True,0.238972605896079,S3,0.5924460624984387,1.0,1.0,15,5479.0,True,0.31314476011228476,-2.2949749175557907,2.8391772403301796,r1_basin_level_performance_rebuilt.csv + r1_basin_level_ct.csv
01170100,IC-CMA-ES,IC-CMA-ES,Base,XAJ-Base,test,selected_restart,True,0.234653735405934,S3,0.6439463218503133,-24.0,24.0,15,5479.0,True,0.34148523662781616,-6.573534944677633,2.4639196393084823,r1_basin_level_performance_rebuilt.csv + r1_basin_level_ct.csv
01170100,IC-CMA-ES,IC-CMA-ES,CN,XAJ-CN,test,selected_restart,True,0.234653735405934,S3,0.798600991372839,11.0,11.0,15,5479.0,True,0.7198963443872696,-7.745834902799275,1.6069529811390157,r1_basin_level_performance_rebuilt.csv + r1_basin_level_ct.csv
01170100,IC-CMA-ES,IC-CMA-ES,TGD,XAJ-TGD,test,selected_restart,True,0.234653735405934,S3,0.6788663709419362,-18.0,18.0,15,5479.0,True,0.4108295433680029,-8.149272998933329,2.3305813242043865,r1_basin_level_performance_rebuilt.csv + r1_basin_level_ct.csv
01170100,dPL-MLP,dPL-MLP,Base,XAJ-Base,test,median_across_seeds,True,0.234653735405934,S3,0.6269264471572586,-26.0,26.0,15,5479.0,True,0.3702851328413733,-8.563794063222236,2.409437995616323,r1_basin_level_performance_rebuilt.csv + r1_basin_level_ct.csv
01170100,dPL-MLP,dPL-MLP,CN,XAJ-CN,test,median_across_seeds,True,0.234653735405934,S3,0.7652327543558527,13.0,13.0,15,5479.0,True,0.7037828115038968,-8.145112052641517,1.652528312946384,r1_basin_level_performance_rebuilt.csv + r1_basin_level_ct.csv
01170100,dPL-MLP,dPL-MLP,TGD,XAJ-TGD,test,median_across_seeds,True,0.234653735405934,S3,0.6173272029592831,0.0,0.0,15,5479.0,True,0.4104911554150692,-4.651759546746124,2.3312505086728526,r1_basin_level_performance_rebuilt.csv + r1_basin_level_ct.csv
01181000,IC-CMA-ES,IC-CMA-ES,Base,XAJ-Base,test,selected_restart,True,0.217563041040592,S3,0.7237524821088357,-24.0,24.0,15,5479.0,True,0.46097508448980795,-0.2900924398804335,2.6181768585430336,r1_basin_level_performance_rebuilt.csv + r1_basin_level_ct.csv
01181000,IC-CMA-ES,IC-CMA-ES,CN,XAJ-CN,test,selected_restart,True,0.217563041040592,S3,0.8100412066492497,12.0,12.0,15,5479.0,True,0.6765583496432053,-1.704663930307945,2.0281147892330122,r1_basin_level_performance_rebuilt.csv + r1_basin_level_ct.csv
01181000,IC-CMA-ES,IC-CMA-ES,TGD,XAJ-TGD,test,selected_restart,True,0.217563041040592,S3,0.7394777934537308,-17.0,17.0,15,5479.0,True,0.491875211549053,-1.8679697536613247,2.542024610782294,r1_basin_level_performance_rebuilt.csv + r1_basin_level_ct.csv
01181000,dPL-MLP,dPL-MLP,Base,XAJ-Base,test,median_across_seeds,True,0.217563041040592,S3,0.7130929859796096,-16.0,16.0,15,5479.0,True,0.5177529474234656,-2.4655833567151437,2.476448784840378,r1_basin_level_performance_rebuilt.csv + r1_basin_level_ct.csv
01181000,dPL-MLP,dPL-MLP,CN,XAJ-CN,test,median_across_seeds,True,0.217563041040592,S3,0.7933921657879558,14.0,14.0,15,5479.0,True,0.6958837533432587,-4.844142184548542,1.9665924646891808,r1_basin_level_performance_rebuilt.csv + r1_basin_level_ct.csv
01181000,dPL-MLP,dPL-MLP,TGD,XAJ-TGD,test,median_across_seeds,True,0.217563041040592,S3,0.7154463613650421,-22.0,22.0,15,5479.0,True,0.5429100912626335,-5.7641572321463235,2.4109898193121135,r1_basin_level_performance_rebuilt.csv + r1_basin_level_ct.csv
01187300,IC-CMA-ES,IC-CMA-ES,Base,XAJ-Base,test,selected_restart,True,0.201269335695146,S3,0.7502630811485175,-6.0,6.0,15,5479.0,True,0.550688926644199,5.629054319013282,2.4679561498231433,r1_basin_level_performance_rebuilt.csv + r1_basin_level_ct.csv
01187300,IC-CMA-ES,IC-CMA-ES,CN,XAJ-CN,test,selected_restart,True,0.201269335695146,S3,0.7991724839064863,13.0,13.0,15,5479.0,True,0.6702770262950749,5.229944664858342,2.1141630682005568,r1_basin_level_performance_rebuilt.csv + r1_basin_level_ct.csv
01187300,IC-CMA-ES,IC-CMA-ES,TGD,XAJ-TGD,test,selected_restart,True,0.201269335695146,S3,0.7859879136532071,-3.0,3.0,15,5479.0,True,0.6206084963893395,4.390834753159072,2.267815286241153,r1_basin_level_performance_rebuilt.csv + r1_basin_level_ct.csv
01187300,dPL-MLP,dPL-MLP,Base,XAJ-Base,test,median_across_seeds,True,0.201269335695146,S3,0.7562410579475527,-9.0,9.0,15,5479.0,True,0.5588727417626389,3.997005230051635,2.445377012135889,r1_basin_level_performance_rebuilt.csv + r1_basin_level_ct.csv
01187300,dPL-MLP,dPL-MLP,CN,XAJ-CN,test,median_across_seeds,True,0.201269335695146,S3,0.8006391234460367,14.0,14.0,15,5479.0,True,0.6747911598600879,5.089023937031923,2.0996410217848727,r1_basin_level_performance_rebuilt.csv + r1_basin_level_ct.csv
01187300,dPL-MLP,dPL-MLP,TGD,XAJ-TGD,test,median_across_seeds,True,0.201269335695146,S3,0.7672488801860076,-10.0,10.0,15,5479.0,True,0.6192706101338683,4.79529130433285,2.2718103793499895,r1_basin_level_performance_rebuilt.csv + r1_basin_level_ct.csv
01195100,IC-CMA-ES,IC-CMA-ES,Base,XAJ-Base,test,selected_restart,True,0.106042892091717,S2,0.7733298873836127,-14.0,14.0,15,5479.0,True,0.5775225464455811,9.705246317311804,1.7221626540510935,r1_basin_level_performance_rebuilt.csv + r1_basin_level_ct.csv
01195100,IC-CMA-ES,IC-CMA-ES,CN,XAJ-CN,test,selected_restart,True,0.106042892091717,S2,0.790428614256095,-9.0,9.0,15,5479.0,True,0.6151820009015664,9.456377094506312,1.6436149665936752,r1_basin_level_performance_rebuilt.csv + r1_basin_level_ct.csv
01195100,IC-CMA-ES,IC-CMA-ES,TGD,XAJ-TGD,test,selected_restart,True,0.106042892091717,S2,0.7852310258521318,-14.0,14.0,15,5479.0,True,0.5997635586097365,8.991495551575056,1.6762188218381178,r1_basin_level_performance_rebuilt.csv + r1_basin_level_ct.csv
01195100,dPL-MLP,dPL-MLP,Base,XAJ-Base,test,median_across_seeds,True,0.106042892091717,S2,0.813486824284396,0.0,0.0,15,5479.0,True,0.6950582400735689,10.378383440157963,1.4631230422104713,r1_basin_level_performance_rebuilt.csv + r1_basin_level_ct.csv
01195100,dPL-MLP,dPL-MLP,CN,XAJ-CN,test,median_across_seeds,True,0.106042892091717,S2,0.80524459185681,2.0,2.0,15,5479.0,True,0.7217836840737852,12.328428650475152,1.3975382283669944,r1_basin_level_performance_rebuilt.csv + r1_basin_level_ct.csv
01195100,dPL-MLP,dPL-MLP,TGD,XAJ-TGD,test,median_across_seeds,True,0.106042892091717,S2,0.8051701416248153,-4.0,4.0,15,5479.0,True,0.7163594170932708,11.969284630776132,1.4110960731963422,r1_basin_level_performance_rebuilt.csv + r1_basin_level_ct.csv
01333000,IC-CMA-ES,IC-CMA-ES,Base,XAJ-Base,test,selected_restart,True,0.222244968016498,S3,0.6695344245478948,-20.0,20.0,15,5479.0,True,0.322766480815862,-4.176144280594971,2.140550421622291,r1_basin_level_performance_rebuilt.csv + r1_basin_level_ct.csv
01333000,IC-CMA-ES,IC-CMA-ES,CN,XAJ-CN,test,selected_restart,True,0.222244968016498,S3,0.7893679498232414,15.0,15.0,15,5479.0,True,0.6248425992120503,-4.851759768398477,1.5931732245735033,r1_basin_level_performance_rebuilt.csv + r1_basin_level_ct.csv
01333000,IC-CMA-ES,IC-CMA-ES,TGD,XAJ-TGD,test,selected_restart,True,0.222244968016498,S3,0.7156292997883431,-2.0,2.0,15,5479.0,True,0.46877539480282937,-4.702651537137879,1.8958122752817692,r1_basin_level_performance_rebuilt.csv + r1_basin_level_ct.csv
01333000,dPL-MLP,dPL-MLP,Base,XAJ-Base,test,median_across_seeds,True,0.222244968016498,S3,0.6726156730933095,-13.0,13.0,15,5479.0,True,0.41976280393613674,-4.418108524636849,1.9813400699461123,r1_basin_level_performance_rebuilt.csv + r1_basin_level_ct.csv
01333000,dPL-MLP,dPL-MLP,CN,XAJ-CN,test,median_across_seeds,True,0.222244968016498,S3,0.7704286698628067,17.0,17.0,15,5479.0,True,0.5992068478872463,-5.148011187516512,1.6467072063758885,r1_basin_level_performance_rebuilt.csv + r1_basin_level_ct.csv
01333000,dPL-MLP,dPL-MLP,TGD,XAJ-TGD,test,median_across_seeds,True,0.222244968016498,S3,0.6739448038327406,1.0,1.0,15,5479.0,True,0.5006981973248135,-5.702002362285417,1.8379674115663958,r1_basin_level_performance_rebuilt.csv + r1_basin_level_ct.csv
01350000,IC-CMA-ES,IC-CMA-ES,Base,XAJ-Base,test,selected_restart,True,0.231159657658639,S3,0.6560173464982351,-19.0,19.0,15,5479.0,True,0.27604175379276685,3.8821845791841163,3.5716225912628157,r1_basin_level_performance_rebuilt.csv + r1_basin_level_ct.csv
01350000,IC-CMA-ES,IC-CMA-ES,CN,XAJ-CN,test,selected_restart,True,0.231159657658639,S3,0.7904545182313167,11.0,11.0,15,5479.0,True,0.582882767905818,2.7014704079620935,2.711052124111153,r1_basin_level_performance_rebuilt.csv + r1_basin_level_ct.csv
01350000,IC-CMA-ES,IC-CMA-ES,TGD,XAJ-TGD,test,selected_restart,True,0.231159657658639,S3,0.7120892849546387,-12.0,12.0,15,5479.0,True,0.4065991319403921,2.8148529671067553,3.233574641274135,r1_basin_level_performance_rebuilt.csv + r1_basin_level_ct.csv
01350000,dPL-MLP,dPL-MLP,Base,XAJ-Base,test,median_across_seeds,True,0.231159657658639,S3,0.7050219457357723,-19.0,19.0,15,5479.0,True,0.38541476491121773,3.2419344581533713,3.2907876812675116,r1_basin_level_performance_rebuilt.csv + r1_basin_level_ct.csv
01350000,dPL-MLP,dPL-MLP,CN,XAJ-CN,test,median_across_seeds,True,0.231159657658639,S3,0.7849911393571949,15.0,15.0,15,5479.0,True,0.5630934978011104,2.051838064250761,2.7746170820724694,r1_basin_level_performance_rebuilt.csv + r1_basin_level_ct.csv
01350000,dPL-MLP,dPL-MLP,TGD,XAJ-TGD,test,median_across_seeds,True,0.231159657658639,S3,0.7535569208236265,-13.0,13.0,15,5479.0,True,0.4932816168527633,1.4867951198774045,2.988079388430019,r1_basin_level_performance_rebuilt.csv + r1_basin_level_ct.csv
01350080,IC-CMA-ES,IC-CMA-ES,Base,XAJ-Base,test,selected_restart,True,0.221156578322867,S3,0.47737288143579903,-28.0,28.0,15,5479.0,True,-0.08520271222803766,20.62683215657317,2.8780164020314407,r1_basin_level_performance_rebuilt.csv + r1_basin_level_ct.csv
01350080,IC-CMA-ES,IC-CMA-ES,CN,XAJ-CN,test,selected_restart,True,0.221156578322867,S3,0.6126381095165797,4.0,4.0,15,5479.0,True,0.3274633885294793,18.94287076709745,2.265665518531688,r1_basin_level_performance_rebuilt.csv + r1_basin_level_ct.csv
01350080,IC-CMA-ES,IC-CMA-ES,TGD,XAJ-TGD,test,selected_restart,True,0.221156578322867,S3,0.5428086798864906,2.0,2.0,15,5479.0,True,0.09975807163707273,19.524124532889232,2.6213043457185465,r1_basin_level_performance_rebuilt.csv + r1_basin_level_ct.csv
01350080,dPL-MLP,dPL-MLP,Base,XAJ-Base,test,median_across_seeds,True,0.221156578322867,S3,0.6127599929375888,-31.0,31.0,15,5479.0,True,0.24021492471874262,12.749210596524943,2.4081481901743476,r1_basin_level_performance_rebuilt.csv + r1_basin_level_ct.csv
01350080,dPL-MLP,dPL-MLP,CN,XAJ-CN,test,median_across_seeds,True,0.221156578322867,S3,0.692917449455279,2.0,2.0,15,5479.0,True,0.4337391849915554,15.039606353690175,2.078959764731427,r1_basin_level_performance_rebuilt.csv + r1_basin_level_ct.csv
01350080,dPL-MLP,dPL-MLP,TGD,XAJ-TGD,test,median_across_seeds,True,0.221156578322867,S3,0.6521347211971391,-22.0,22.0,15,5479.0,True,0.32326291384547223,11.75421835423817,2.272729860302174,r1_basin_level_performance_rebuilt.csv + r1_basin_level_ct.csv
01350140,IC-CMA-ES,IC-CMA-ES,Base,XAJ-Base,test,selected_restart,True,0.219859026682811,S3,0.47816369920908697,-25.0,25.0,15,5479.0,True,-0.04240756384664213,24.963706631082488,2.953381088733339,r1_basin_level_performance_rebuilt.csv + r1_basin_level_ct.csv
01350140,IC-CMA-ES,IC-CMA-ES,CN,XAJ-CN,test,selected_restart,True,0.219859026682811,S3,0.6181766696818289,11.0,11.0,15,5479.0,True,0.336817773744048,22.43398085565087,2.3556846488020318,r1_basin_level_performance_rebuilt.csv + r1_basin_level_ct.csv
01350140,IC-CMA-ES,IC-CMA-ES,TGD,XAJ-TGD,test,selected_restart,True,0.219859026682811,S3,0.5362464227195374,-14.0,14.0,15,5479.0,True,0.1263622142041806,24.778369064208412,2.7037492836739307,r1_basin_level_performance_rebuilt.csv + r1_basin_level_ct.csv
01350140,dPL-MLP,dPL-MLP,Base,XAJ-Base,test,median_across_seeds,True,0.219859026682811,S3,0.5576558350633234,-24.0,24.0,15,5479.0,True,0.18106010586625165,17.92975880574053,2.617741310551088,r1_basin_level_performance_rebuilt.csv + r1_basin_level_ct.csv
01350140,dPL-MLP,dPL-MLP,CN,XAJ-CN,test,median_across_seeds,True,0.219859026682811,S3,0.656448356539028,13.0,13.0,15,5479.0,True,0.4594206637624211,16.521715360363114,2.1268185178383416,r1_basin_level_performance_rebuilt.csv + r1_basin_level_ct.csv
01350140,dPL-MLP,dPL-MLP,TGD,XAJ-TGD,test,median_across_seeds,True,0.219859026682811,S3,0.5961571100797894,-20.0,20.0,15,5479.0,True,0.30228362133672526,18.15003272991533,2.4162405675579235,r1_basin_level_performance_rebuilt.csv + r1_basin_level_ct.csv
01365000,IC-CMA-ES,IC-CMA-ES,Base,XAJ-Base,test,selected_restart,True,0.202270211093681,S3,0.6322818491817425,-11.0,11.0,15,5479.0,True,0.2514157045864541,1.32002465703976,3.3694105945020336,r1_basin_level_performance_rebuilt.csv + r1_basin_level_ct.csv
01365000,IC-CMA-ES,IC-CMA-ES,CN,XAJ-CN,test,selected_restart,True,0.202270211093681,S3,0.7611753055613334,15.0,15.0,15,5479.0,True,0.5140117343982574,1.3260564198842268,2.714853961269442,r1_basin_level_performance_rebuilt.csv + r1_basin_level_ct.csv
01365000,IC-CMA-ES,IC-CMA-ES,TGD,XAJ-TGD,test,selected_restart,True,0.202270211093681,S3,0.6675776001650944,-7.0,7.0,15,5479.0,True,0.3201084951864406,0.11348237969293791,3.2110967319125137,r1_basin_level_performance_rebuilt.csv + r1_basin_level_ct.csv
01365000,dPL-MLP,dPL-MLP,Base,XAJ-Base,test,median_across_seeds,True,0.202270211093681,S3,0.6993635404627125,-16.0,16.0,15,5479.0,True,0.3711926395351375,-2.677899886249975,3.0881073534712087,r1_basin_level_performance_rebuilt.csv + r1_basin_level_ct.csv
01365000,dPL-MLP,dPL-MLP,CN,XAJ-CN,test,median_across_seeds,True,0.202270211093681,S3,0.767994270549901,12.0,12.0,15,5479.0,True,0.5231385680372762,-1.577666168219852,2.6892407314376277,r1_basin_level_performance_rebuilt.csv + r1_basin_level_ct.csv
01365000,dPL-MLP,dPL-MLP,TGD,XAJ-TGD,test,median_across_seeds,True,0.202270211093681,S3,0.7164062812697063,-14.0,14.0,15,5479.0,True,0.40965749372564064,-3.564767396484693,2.99216548206502,r1_basin_level_performance_rebuilt.csv + r1_basin_level_ct.csv
01411300,IC-CMA-ES,IC-CMA-ES,Base,XAJ-Base,test,selected_restart,True,0.0480948550351646,S1,0.7342895058343324,-11.0,11.0,15,5479.0,True,0.591929329526865,19.3482491726703,0.7929280482713121,r1_basin_level_performance_rebuilt.csv + r1_basin_level_ct.csv
01411300,IC-CMA-ES,IC-CMA-ES,CN,XAJ-CN,test,selected_restart,True,0.0480948550351646,S1,0.7303469724582226,-12.0,12.0,15,5479.0,True,0.5866404876055913,19.532129760011443,0.7980499188522229,r1_basin_level_performance_rebuilt.csv + r1_basin_level_ct.csv
01411300,IC-CMA-ES,IC-CMA-ES,TGD,XAJ-TGD,test,selected_restart,True,0.0480948550351646,S1,0.7297512369299549,-12.0,12.0,15,5479.0,True,0.5862583425938434,19.418541383594704,0.7984187265531958,r1_basin_level_performance_rebuilt.csv + r1_basin_level_ct.csv
01411300,dPL-MLP,dPL-MLP,Base,XAJ-Base,test,median_across_seeds,True,0.0480948550351646,S1,0.7128178685824207,-11.0,11.0,15,5479.0,True,0.5623320776470053,20.117957854264432,0.8211801604241006,r1_basin_level_performance_rebuilt.csv + r1_basin_level_ct.csv
01411300,dPL-MLP,dPL-MLP,CN,XAJ-CN,test,median_across_seeds,True,0.0480948550351646,S1,0.727743826009394,-11.0,11.0,15,5479.0,True,0.573453402107878,18.801222878078026,0.810679761124263,r1_basin_level_performance_rebuilt.csv + r1_basin_level_ct.csv
01411300,dPL-MLP,dPL-MLP,TGD,XAJ-TGD,test,median_across_seeds,True,0.0480948550351646,S1,0.7290652540286547,-12.0,12.0,15,5479.0,True,0.5826989614464559,19.58461698392689,0.8018457329501305,r1_basin_level_performance_rebuilt.csv + r1_basin_level_ct.csv
01413500,IC-CMA-ES,IC-CMA-ES,Base,XAJ-Base,test,selected_restart,True,0.216908033968228,S3,0.5393026557893885,-18.0,18.0,15,5479.0,True,0.08639870695719254,16.072257667366653,2.8599720742671084,r1_basin_level_performance_rebuilt.csv + r1_basin_level_ct.csv
01413500,IC-CMA-ES,IC-CMA-ES,CN,XAJ-CN,test,selected_restart,True,0.216908033968228,S3,0.6985664426525622,9.0,9.0,15,5479.0,True,0.48676325777967233,15.688040883187536,2.143592898379929,r1_basin_level_performance_rebuilt.csv + r1_basin_level_ct.csv
01413500,IC-CMA-ES,IC-CMA-ES,TGD,XAJ-TGD,test,selected_restart,True,0.216908033968228,S3,0.6313747626646363,-8.0,8.0,15,5479.0,True,0.2940499195000136,14.902015682234488,2.514029884103117,r1_basin_level_performance_rebuilt.csv + r1_basin_level_ct.csv
01413500,dPL-MLP,dPL-MLP,Base,XAJ-Base,test,median_across_seeds,True,0.216908033968228,S3,0.6252179689805959,-18.0,18.0,15,5479.0,True,0.2421602078402032,12.130400222401873,2.6047865599406608,r1_basin_level_performance_rebuilt.csv + r1_basin_level_ct.csv
01413500,dPL-MLP,dPL-MLP,CN,XAJ-CN,test,median_across_seeds,True,0.216908033968228,S3,0.719659697871676,11.0,11.0,15,5479.0,True,0.4876564213375564,13.781013306560203,2.1417268854930622,r1_basin_level_performance_rebuilt.csv + r1_basin_level_ct.csv
01413500,dPL-MLP,dPL-MLP,TGD,XAJ-TGD,test,median_across_seeds,True,0.216908033968228,S3,0.6820071436331303,-15.0,15.0,15,5479.0,True,0.3658741939581015,10.751715311306262,2.382709813091283,r1_basin_level_performance_rebuilt.csv + r1_basin_level_ct.csv
01414500,IC-CMA-ES,IC-CMA-ES,Base,XAJ-Base,test,selected_restart,True,0.216628505016047,S3,0.5451741871256545,-11.0,11.0,15,5479.0,True,0.06766393468655851,15.049251896800579,3.239766525132739,r1_basin_level_performance_rebuilt.csv + r1_basin_level_ct.csv
01414500,IC-CMA-ES,IC-CMA-ES,CN,XAJ-CN,test,selected_restart,True,0.216628505016047,S3,0.6670063886273303,11.0,11.0,15,5479.0,True,0.37139745036209615,14.517354078508946,2.660207666541637,r1_basin_level_performance_rebuilt.csv + r1_basin_level_ct.csv
01414500,IC-CMA-ES,IC-CMA-ES,TGD,XAJ-TGD,test,selected_restart,True,0.216628505016047,S3,0.6069107656400066,-5.0,5.0,15,5479.0,True,0.2119265653282567,14.280646490175826,2.9785906071796866,r1_basin_level_performance_rebuilt.csv + r1_basin_level_ct.csv
01414500,dPL-MLP,dPL-MLP,Base,XAJ-Base,test,median_across_seeds,True,0.216628505016047,S3,0.599974598026384,-10.0,10.0,15,5479.0,True,0.162937519834223,10.760721458042125,3.069774043407288,r1_basin_level_performance_rebuilt.csv + r1_basin_level_ct.csv
01414500,dPL-MLP,dPL-MLP,CN,XAJ-CN,test,median_across_seeds,True,0.216628505016047,S3,0.6797565260699383,17.0,17.0,15,5479.0,True,0.3775134946520381,13.046337133721659,2.6472346706503576,r1_basin_level_performance_rebuilt.csv + r1_basin_level_ct.csv
01414500,dPL-MLP,dPL-MLP,TGD,XAJ-TGD,test,median_across_seeds,True,0.216628505016047,S3,0.6554770257623986,-8.0,8.0,15,5479.0,True,0.30101169601523114,11.217923466884523,2.8051909302031595,r1_basin_level_performance_rebuilt.csv + r1_basin_level_ct.csv
01415000,IC-CMA-ES,IC-CMA-ES,Base,XAJ-Base,test,selected_restart,True,0.213452184948768,S3,0.5031248442661561,-17.0,17.0,15,5479.0,True,0.044014948555931466,21.01407457211449,2.7097964251688005,r1_basin_level_performance_rebuilt.csv + r1_basin_level_ct.csv
01415000,IC-CMA-ES,IC-CMA-ES,CN,XAJ-CN,test,selected_restart,True,0.213452184948768,S3,0.6422757983981691,11.0,11.0,15,5479.0,True,0.4185706210291036,20.564889065928007,2.11329244787137,r1_basin_level_performance_rebuilt.csv + r1_basin_level_ct.csv
01415000,IC-CMA-ES,IC-CMA-ES,TGD,XAJ-TGD,test,selected_restart,True,0.213452184948768,S3,0.5658279124733174,-13.0,13.0,15,5479.0,True,0.22767913091288405,20.672935471875782,2.4356226265231973,r1_basin_level_performance_rebuilt.csv + r1_basin_level_ct.csv
01415000,dPL-MLP,dPL-MLP,Base,XAJ-Base,test,median_across_seeds,True,0.213452184948768,S3,0.6003341345774835,-12.0,12.0,15,5479.0,True,0.2386108096342583,19.084105660499507,2.4183239012577573,r1_basin_level_performance_rebuilt.csv + r1_basin_level_ct.csv
01415000,dPL-MLP,dPL-MLP,CN,XAJ-CN,test,median_across_seeds,True,0.213452184948768,S3,0.6800051675761771,11.0,11.0,15,5479.0,True,0.4677276111619689,20.083988296956072,2.0219857189221866,r1_basin_level_performance_rebuilt.csv + r1_basin_level_ct.csv
01415000,dPL-MLP,dPL-MLP,TGD,XAJ-TGD,test,median_across_seeds,True,0.213452184948768,S3,0.6547228293367225,-8.0,8.0,15,5479.0,True,0.37634972160917624,19.710486157603302,2.188677005061967,r1_basin_level_performance_rebuilt.csv + r1_basin_level_ct.csv
01423000,IC-CMA-ES,IC-CMA-ES,Base,XAJ-Base,test,selected_restart,True,0.217830297712483,S3,0.6584173527604658,-23.0,23.0,15,5479.0,True,0.3097924286153716,10.011838655302212,2.352212683255671,r1_basin_level_performance_rebuilt.csv + r1_basin_level_ct.csv
01423000,IC-CMA-ES,IC-CMA-ES,CN,XAJ-CN,test,selected_restart,True,0.217830297712483,S3,0.7525208989942144,10.0,10.0,15,5479.0,True,0.5890607499175244,10.729814848413847,1.8149954467868186,r1_basin_level_performance_rebuilt.csv + r1_basin_level_ct.csv
01423000,IC-CMA-ES,IC-CMA-ES,TGD,XAJ-TGD,test,selected_restart,True,0.217830297712483,S3,0.7135589473276276,-16.0,16.0,15,5479.0,True,0.44901418026725215,9.441748834279348,2.10163328865214,r1_basin_level_performance_rebuilt.csv + r1_basin_level_ct.csv
01423000,dPL-MLP,dPL-MLP,Base,XAJ-Base,test,median_across_seeds,True,0.217830297712483,S3,0.6895844118356346,-18.0,18.0,15,5479.0,True,0.3924153980952404,10.594523870381096,2.2069378715332406,r1_basin_level_performance_rebuilt.csv + r1_basin_level_ct.csv
01423000,dPL-MLP,dPL-MLP,CN,XAJ-CN,test,median_across_seeds,True,0.217830297712483,S3,0.8034039248196156,11.0,11.0,15,5479.0,True,0.6339258332610684,8.985952813851448,1.7130548512334067,r1_basin_level_performance_rebuilt.csv + r1_basin_level_ct.csv
01423000,dPL-MLP,dPL-MLP,TGD,XAJ-TGD,test,median_across_seeds,True,0.217830297712483,S3,0.7559496296891905,-11.0,11.0,15,5479.0,True,0.5511698831927749,10.260077509710847,1.896827001295664,r1_basin_level_performance_rebuilt.csv + r1_basin_level_ct.csv
01434025,IC-CMA-ES,IC-CMA-ES,Base,XAJ-Base,test,selected_restart,True,0.23781373120698,S3,0.5016159430792793,-10.0,10.0,15,5479.0,True,-0.06094451346485208,14.66354637298242,4.944703243268307,r1_basin_level_performance_rebuilt.csv + r1_basin_level_ct.csv
01434025,IC-CMA-ES,IC-CMA-ES,CN,XAJ-CN,test,selected_restart,True,0.23781373120698,S3,0.6111021373694916,16.0,16.0,15,5479.0,True,0.27816809573687584,14.12011361710313,4.078607689109674,r1_basin_level_performance_rebuilt.csv + r1_basin_level_ct.csv
01434025,IC-CMA-ES,IC-CMA-ES,TGD,XAJ-TGD,test,selected_restart,True,0.23781373120698,S3,0.5133087389094817,-3.0,3.0,15,5479.0,True,-0.015272242686094728,13.948443997288582,4.837100973508362,r1_basin_level_performance_rebuilt.csv + r1_basin_level_ct.csv
01434025,dPL-MLP,dPL-MLP,Base,XAJ-Base,test,median_across_seeds,True,0.23781373120698,S3,0.5917013230202806,-11.0,11.0,15,5479.0,True,0.1401994627892802,11.707433320283908,4.451360348877063,r1_basin_level_performance_rebuilt.csv + r1_basin_level_ct.csv
01434025,dPL-MLP,dPL-MLP,CN,XAJ-CN,test,median_across_seeds,True,0.23781373120698,S3,0.676657314031605,16.0,16.0,15,5479.0,True,0.36461633042877406,11.998262773188475,3.8265899022940753,r1_basin_level_performance_rebuilt.csv + r1_basin_level_ct.csv
01434025,dPL-MLP,dPL-MLP,TGD,XAJ-TGD,test,median_across_seeds,True,0.23781373120698,S3,0.6460706669726171,-7.0,7.0,15,5479.0,True,0.2873923553681258,9.520717854170512,4.052463719080064,r1_basin_level_performance_rebuilt.csv + r1_basin_level_ct.csv
01435000,IC-CMA-ES,IC-CMA-ES,Base,XAJ-Base,test,selected_restart,True,0.223616269388589,S3,0.639325809145266,-3.0,3.0,15,5479.0,True,0.27097415985214446,1.815329900600542,3.9516927567463624,r1_basin_level_performance_rebuilt.csv + r1_basin_level_ct.csv
01435000,IC-CMA-ES,IC-CMA-ES,CN,XAJ-CN,test,selected_restart,True,0.223616269388589,S3,0.7543886537163007,19.0,19.0,15,5479.0,True,0.49919836708129484,1.3815093536523626,3.275250925501507,r1_basin_level_performance_rebuilt.csv + r1_basin_level_ct.csv
01435000,IC-CMA-ES,IC-CMA-ES,TGD,XAJ-TGD,test,selected_restart,True,0.223616269388589,S3,0.7016632070235357,3.0,3.0,15,5479.0,True,0.39377062442771205,0.9665841741765826,3.6035470621696564,r1_basin_level_performance_rebuilt.csv + r1_basin_level_ct.csv
01435000,dPL-MLP,dPL-MLP,Base,XAJ-Base,test,median_across_seeds,True,0.223616269388589,S3,0.7227848136550807,-5.0,5.0,15,5479.0,True,0.42156329144669746,-1.68217805898269,3.519975437786908,r1_basin_level_performance_rebuilt.csv + r1_basin_level_ct.csv
01435000,dPL-MLP,dPL-MLP,CN,XAJ-CN,test,median_across_seeds,True,0.223616269388589,S3,0.7647970173316629,18.0,18.0,15,5479.0,True,0.5154862454226032,-1.8926797152612045,3.2215491762606745,r1_basin_level_performance_rebuilt.csv + r1_basin_level_ct.csv
01435000,dPL-MLP,dPL-MLP,TGD,XAJ-TGD,test,median_across_seeds,True,0.223616269388589,S3,0.742881899962579,-4.0,4.0,15,5479.0,True,0.46873603023050525,-3.9351776938411067,3.3733926276057433,r1_basin_level_performance_rebuilt.csv + r1_basin_level_ct.csv
01439500,IC-CMA-ES,IC-CMA-ES,Base,XAJ-Base,test,selected_restart,True,0.163765228832016,S3,0.7414055296462252,-7.0,7.0,15,5479.0,True,0.5935049396963727,13.036933506527477,1.5388834165808074,r1_basin_level_performance_rebuilt.csv + r1_basin_level_ct.csv
01439500,IC-CMA-ES,IC-CMA-ES,CN,XAJ-CN,test,selected_restart,True,0.163765228832016,S3,0.7832811280435481,6.0,6.0,15,5479.0,True,0.653609377260973,13.343946899272972,1.420565118988228,r1_basin_level_performance_rebuilt.csv + r1_basin_level_ct.csv
01439500,IC-CMA-ES,IC-CMA-ES,TGD,XAJ-TGD,test,selected_restart,True,0.163765228832016,S3,0.7583388326470131,0.0,0.0,15,5479.0,True,0.5907592313436512,12.74824665920418,1.5440719346857883,r1_basin_level_performance_rebuilt.csv + r1_basin_level_ct.csv
01439500,dPL-MLP,dPL-MLP,Base,XAJ-Base,test,median_across_seeds,True,0.163765228832016,S3,0.8028492119232972,-5.0,5.0,15,5479.0,True,0.6591902878311596,10.652619179919014,1.4090748539023947,r1_basin_level_performance_rebuilt.csv + r1_basin_level_ct.csv
01439500,dPL-MLP,dPL-MLP,CN,XAJ-CN,test,median_across_seeds,True,0.163765228832016,S3,0.7771347661983736,9.0,9.0,15,5479.0,True,0.6128083866451037,11.902399875824322,1.5019001279636548,r1_basin_level_performance_rebuilt.csv + r1_basin_level_ct.csv
01439500,dPL-MLP,dPL-MLP,TGD,XAJ-TGD,test,median_across_seeds,True,0.163765228832016,S3,0.8024181967572772,-4.0,4.0,15,5479.0,True,0.6365387659726766,7.695657730783268,1.4551478828309556,r1_basin_level_performance_rebuilt.csv + r1_basin_level_ct.csv
01440000,IC-CMA-ES,IC-CMA-ES,Base,XAJ-Base,test,selected_restart,True,0.147767408338048,S2,0.7856890056599511,-10.0,10.0,15,5479.0,True,0.6665110107892456,10.862724225928522,1.4124834116097174,r1_basin_level_performance_rebuilt.csv + r1_basin_level_ct.csv
01440000,IC-CMA-ES,IC-CMA-ES,CN,XAJ-CN,test,selected_restart,True,0.147767408338048,S2,0.8250604099846668,0.0,0.0,15,5479.0,True,0.7337058772955496,11.028834612864625,1.2621861114823194,r1_basin_level_performance_rebuilt.csv + r1_basin_level_ct.csv
01440000,IC-CMA-ES,IC-CMA-ES,TGD,XAJ-TGD,test,selected_restart,True,0.147767408338048,S2,0.7658520976020698,-7.0,7.0,15,5479.0,True,0.5976640621416801,10.792471833414396,1.5514472709560105,r1_basin_level_performance_rebuilt.csv + r1_basin_level_ct.csv
01440000,dPL-MLP,dPL-MLP,Base,XAJ-Base,test,median_across_seeds,True,0.147767408338048,S2,0.8133751393973829,-11.0,11.0,15,5479.0,True,0.6762806169176256,10.108447887630778,1.391640176992262,r1_basin_level_performance_rebuilt.csv + r1_basin_level_ct.csv
01440000,dPL-MLP,dPL-MLP,CN,XAJ-CN,test,median_across_seeds,True,0.147767408338048,S2,0.8410602810172129,3.0,3.0,15,5479.0,True,0.7279831033703049,8.634905901178708,1.2756764764405715,r1_basin_level_performance_rebuilt.csv + r1_basin_level_ct.csv
01440000,dPL-MLP,dPL-MLP,TGD,XAJ-TGD,test,median_across_seeds,True,0.147767408338048,S2,0.830890934702475,-10.0,10.0,15,5479.0,True,0.6995954618603898,8.083021523501085,1.340589615674683,r1_basin_level_performance_rebuilt.csv + r1_basin_level_ct.csv
01440400,IC-CMA-ES,IC-CMA-ES,Base,XAJ-Base,test,selected_restart,True,0.172223371092882,S3,0.7470727392442733,-6.0,6.0,15,5479.0,True,0.5545459944267981,13.077999844971432,2.055887051070764,r1_basin_level_performance_rebuilt.csv + r1_basin_level_ct.csv
01440400,IC-CMA-ES,IC-CMA-ES,CN,XAJ-CN,test,selected_restart,True,0.172223371092882,S3,0.7719372103254512,8.0,8.0,15,5479.0,True,0.6227617483961645,13.152520329637765,1.8919326782070083,r1_basin_level_performance_rebuilt.csv + r1_basin_level_ct.csv
01440400,IC-CMA-ES,IC-CMA-ES,TGD,XAJ-TGD,test,selected_restart,True,0.172223371092882,S3,0.7691253842086184,-4.0,4.0,15,5479.0,True,0.5930157878841298,12.261868977154121,1.96510878887471,r1_basin_level_performance_rebuilt.csv + r1_basin_level_ct.csv
01440400,dPL-MLP,dPL-MLP,Base,XAJ-Base,test,median_across_seeds,True,0.172223371092882,S3,0.7764389092820724,-4.0,4.0,15,5479.0,True,0.5925490751291023,9.919757633218918,1.9662352189979826,r1_basin_level_performance_rebuilt.csv + r1_basin_level_ct.csv
01440400,dPL-MLP,dPL-MLP,CN,XAJ-CN,test,median_across_seeds,True,0.172223371092882,S3,0.7620927903169363,13.0,13.0,15,5479.0,True,0.5885476530023199,10.698104948483207,1.9758664584720245,r1_basin_level_performance_rebuilt.csv + r1_basin_level_ct.csv
01440400,dPL-MLP,dPL-MLP,TGD,XAJ-TGD,test,median_across_seeds,True,0.172223371092882,S3,0.7738876290859267,-1.0,1.0,15,5479.0,True,0.5994184747622127,10.560597417644418,1.9495899382661106,r1_basin_level_performance_rebuilt.csv + r1_basin_level_ct.csv
01451800,IC-CMA-ES,IC-CMA-ES,Base,XAJ-Base,test,selected_restart,True,0.128362665991427,S2,0.8602648871475769,-4.0,4.0,15,5479.0,True,0.7194961875655932,1.6693970459041618,1.5340192127475436,r1_basin_level_performance_rebuilt.csv + r1_basin_level_ct.csv
01451800,IC-CMA-ES,IC-CMA-ES,CN,XAJ-CN,test,selected_restart,True,0.128362665991427,S2,0.8664526057786428,0.0,0.0,15,5479.0,True,0.7429767185158768,1.581439016112978,1.4684110596298996,r1_basin_level_performance_rebuilt.csv + r1_basin_level_ct.csv
01451800,IC-CMA-ES,IC-CMA-ES,TGD,XAJ-TGD,test,selected_restart,True,0.128362665991427,S2,0.8755005548207266,-5.0,5.0,15,5479.0,True,0.751146397454753,1.6017954848087406,1.4448853274400735,r1_basin_level_performance_rebuilt.csv + r1_basin_level_ct.csv
01451800,dPL-MLP,dPL-MLP,Base,XAJ-Base,test,median_across_seeds,True,0.128362665991427,S2,0.8639755465081934,-7.0,7.0,15,5479.0,True,0.7271258069189853,-0.15854947109307235,1.513012956376041,r1_basin_level_performance_rebuilt.csv + r1_basin_level_ct.csv
01451800,dPL-MLP,dPL-MLP,CN,XAJ-CN,test,median_across_seeds,True,0.128362665991427,S2,0.8734768441737482,1.0,1.0,15,5479.0,True,0.7510834261719761,0.702685853995334,1.4450681267373606,r1_basin_level_performance_rebuilt.csv + r1_basin_level_ct.csv
01451800,dPL-MLP,dPL-MLP,TGD,XAJ-TGD,test,median_across_seeds,True,0.128362665991427,S2,0.8753147458348567,-5.0,5.0,15,5479.0,True,0.7595830618768573,0.08596021107022918,1.4201818096560257,r1_basin_level_performance_rebuilt.csv + r1_basin_level_ct.csv
01466500,IC-CMA-ES,IC-CMA-ES,Base,XAJ-Base,test,selected_restart,True,0.0626617697616761,S2,0.653760840731179,0.0,0.0,15,5479.0,True,0.3634609032637339,23.562194724409114,0.43165444842017286,r1_basin_level_performance_rebuilt.csv + r1_basin_level_ct.csv
01466500,IC-CMA-ES,IC-CMA-ES,CN,XAJ-CN,test,selected_restart,True,0.0626617697616761,S2,0.6616883785908281,-1.0,1.0,15,5479.0,True,0.36212468529913067,21.209134664956373,0.43210727374808355,r1_basin_level_performance_rebuilt.csv + r1_basin_level_ct.csv
01466500,IC-CMA-ES,IC-CMA-ES,TGD,XAJ-TGD,test,selected_restart,True,0.0626617697616761,S2,0.6411621295542839,-1.0,1.0,15,5479.0,True,0.3434742552464103,23.82972476828245,0.4383788162970617,r1_basin_level_performance_rebuilt.csv + r1_basin_level_ct.csv
01466500,dPL-MLP,dPL-MLP,Base,XAJ-Base,test,median_across_seeds,True,0.0626617697616761,S2,0.6834063942505544,-3.0,3.0,15,5479.0,True,0.4315280754118105,17.894338641598395,0.40792299684112077,r1_basin_level_performance_rebuilt.csv + r1_basin_level_ct.csv
01466500,dPL-MLP,dPL-MLP,CN,XAJ-CN,test,median_across_seeds,True,0.0626617697616761,S2,0.4261818905895922,2.0,2.0,15,5479.0,True,-0.24805559746420092,47.43842335980216,0.6044225313056031,r1_basin_level_performance_rebuilt.csv + r1_basin_level_ct.csv
01466500,dPL-MLP,dPL-MLP,TGD,XAJ-TGD,test,median_across_seeds,True,0.0626617697616761,S2,0.4799788302779284,0.0,0.0,15,5479.0,True,-0.0652616742816623,45.35315388896472,0.5584082555679205,r1_basin_level_performance_rebuilt.csv + r1_basin_level_ct.csv
01484100,IC-CMA-ES,IC-CMA-ES,Base,XAJ-Base,test,selected_restart,True,0.042571686471381,S1,0.7717581587464958,-2.0,2.0,15,5479.0,True,0.5773055380672176,10.499693553215028,0.852385389215817,r1_basin_level_performance_rebuilt.csv + r1_basin_level_ct.csv
01484100,IC-CMA-ES,IC-CMA-ES,CN,XAJ-CN,test,selected_restart,True,0.042571686471381,S1,0.7552122432122774,1.0,1.0,15,5479.0,True,0.568074208072954,11.407046208131582,0.8616428469920497,r1_basin_level_performance_rebuilt.csv + r1_basin_level_ct.csv
01484100,IC-CMA-ES,IC-CMA-ES,TGD,XAJ-TGD,test,selected_restart,True,0.042571686471381,S1,0.7581901785808286,2.0,2.0,15,5479.0,True,0.5572830693576752,11.208327365402349,0.8723399928092863,r1_basin_level_performance_rebuilt.csv + r1_basin_level_ct.csv
01484100,dPL-MLP,dPL-MLP,Base,XAJ-Base,test,median_across_seeds,True,0.042571686471381,S1,0.7624486158680017,-2.0,2.0,15,5479.0,True,0.6560220653138195,7.362152500834715,0.7689321332648215,r1_basin_level_performance_rebuilt.csv + r1_basin_level_ct.csv
01484100,dPL-MLP,dPL-MLP,CN,XAJ-CN,test,median_across_seeds,True,0.042571686471381,S1,0.7968458416971357,0.0,0.0,15,5479.0,True,0.6844004347212367,7.9577892288764,0.7365308056841688,r1_basin_level_performance_rebuilt.csv + r1_basin_level_ct.csv
01484100,dPL-MLP,dPL-MLP,TGD,XAJ-TGD,test,median_across_seeds,True,0.042571686471381,S1,0.7699350059614951,-2.0,2.0,15,5479.0,True,0.6676711384794356,6.485624161664652,0.7557997567698027,r1_basin_level_performance_rebuilt.csv + r1_basin_level_ct.csv
01487000,IC-CMA-ES,IC-CMA-ES,Base,XAJ-Base,test,selected_restart,True,0.0424689894259026,S1,0.865381694788163,1.0,1.0,15,5479.0,True,0.7468231456684733,1.6704257890323067,0.6623455506016653,r1_basin_level_performance_rebuilt.csv + r1_basin_level_ct.csv
01487000,IC-CMA-ES,IC-CMA-ES,CN,XAJ-CN,test,selected_restart,True,0.0424689894259026,S1,0.8594163614345737,-1.0,1.0,15,5479.0,True,0.7178539340227553,1.69605022029133,0.6992132073642746,r1_basin_level_performance_rebuilt.csv + r1_basin_level_ct.csv
01487000,IC-CMA-ES,IC-CMA-ES,TGD,XAJ-TGD,test,selected_restart,True,0.0424689894259026,S1,0.8447094218039858,-2.0,2.0,15,5479.0,True,0.6876334400414366,2.093514996003376,0.7357070044499017,r1_basin_level_performance_rebuilt.csv + r1_basin_level_ct.csv
01487000,dPL-MLP,dPL-MLP,Base,XAJ-Base,test,median_across_seeds,True,0.0424689894259026,S1,0.8344983035939639,-1.0,1.0,15,5479.0,True,0.7621307816009929,0.31772088049605696,0.6420099312592911,r1_basin_level_performance_rebuilt.csv + r1_basin_level_ct.csv
01487000,dPL-MLP,dPL-MLP,CN,XAJ-CN,test,median_across_seeds,True,0.0424689894259026,S1,0.8656894643271127,0.0,0.0,15,5479.0,True,0.7800880050646051,1.6188657128370738,0.6173011451017653,r1_basin_level_performance_rebuilt.csv + r1_basin_level_ct.csv
01487000,dPL-MLP,dPL-MLP,TGD,XAJ-TGD,test,median_across_seeds,True,0.0424689894259026,S1,0.8422770020041959,-1.0,1.0,15,5479.0,True,0.7763888187259802,0.38494609699327764,0.6224713701962179,r1_basin_level_performance_rebuilt.csv + r1_basin_level_ct.csv
01491000,IC-CMA-ES,IC-CMA-ES,Base,XAJ-Base,test,selected_restart,True,0.0500257211233794,S2,0.7946096825785276,-10.0,10.0,15,5479.0,True,0.6029895503847311,1.9973514942257908,1.4345668416509374,r1_basin_level_performance_rebuilt.csv + r1_basin_level_ct.csv
01491000,IC-CMA-ES,IC-CMA-ES,CN,XAJ-CN,test,selected_restart,True,0.0500257211233794,S2,0.8390581174007942,-8.0,8.0,15,5479.0,True,0.6771532065642308,2.040726076634633,1.2936537688833092,r1_basin_level_performance_rebuilt.csv + r1_basin_level_ct.csv
01491000,IC-CMA-ES,IC-CMA-ES,TGD,XAJ-TGD,test,selected_restart,True,0.0500257211233794,S2,0.8094445586330808,-8.0,8.0,15,5479.0,True,0.6316935931612527,1.58733554564537,1.3817340381354115,r1_basin_level_performance_rebuilt.csv + r1_basin_level_ct.csv
01491000,dPL-MLP,dPL-MLP,Base,XAJ-Base,test,median_across_seeds,True,0.0500257211233794,S2,0.7368388043696552,-8.0,8.0,15,5479.0,True,0.6164573218432665,-2.2263970537745155,1.4100245287538393,r1_basin_level_performance_rebuilt.csv + r1_basin_level_ct.csv
01491000,dPL-MLP,dPL-MLP,CN,XAJ-CN,test,median_across_seeds,True,0.0500257211233794,S2,0.8117906704387485,-8.0,8.0,15,5479.0,True,0.6760503695656657,-1.4547830178445076,1.2958614304754839,r1_basin_level_performance_rebuilt.csv + r1_basin_level_ct.csv
01491000,dPL-MLP,dPL-MLP,TGD,XAJ-TGD,test,median_across_seeds,True,0.0500257211233794,S2,0.7419929852393973,-9.0,9.0,15,5479.0,True,0.6364674225604201,0.040974933198794854,1.3727501102695758,r1_basin_level_performance_rebuilt.csv + r1_basin_level_ct.csv
01510000,IC-CMA-ES,IC-CMA-ES,Base,XAJ-Base,test,selected_restart,True,0.237057400622962,S3,0.6064537969116172,-22.0,22.0,15,5479.0,True,0.3296482548753583,-10.12317791832946,2.2847909186281385,r1_basin_level_performance_rebuilt.csv + r1_basin_level_ct.csv
01510000,IC-CMA-ES,IC-CMA-ES,CN,XAJ-CN,test,selected_restart,True,0.237057400622962,S3,0.7893094614166751,11.0,11.0,15,5479.0,True,0.6935227047921737,-10.231289900681547,1.5448782000063555,r1_basin_level_performance_rebuilt.csv + r1_basin_level_ct.csv
01510000,IC-CMA-ES,IC-CMA-ES,TGD,XAJ-TGD,test,selected_restart,True,0.237057400622962,S3,0.6625968144704253,5.0,5.0,15,5479.0,True,0.47390697505391177,-9.6616484103027,2.024073894899649,r1_basin_level_performance_rebuilt.csv + r1_basin_level_ct.csv
01510000,dPL-MLP,dPL-MLP,Base,XAJ-Base,test,median_across_seeds,True,0.237057400622962,S3,0.5840456593833373,-16.0,16.0,15,5479.0,True,0.3738946453504908,-11.014476720271755,2.2081003203902654,r1_basin_level_performance_rebuilt.csv + r1_basin_level_ct.csv
01510000,dPL-MLP,dPL-MLP,CN,XAJ-CN,test,median_across_seeds,True,0.237057400622962,S3,0.7636427869599018,11.0,11.0,15,5479.0,True,0.666476314408039,-11.773168540230989,1.6116043553640425,r1_basin_level_performance_rebuilt.csv + r1_basin_level_ct.csv
01510000,dPL-MLP,dPL-MLP,TGD,XAJ-TGD,test,median_across_seeds,True,0.237057400622962,S3,0.6415729708321178,2.0,2.0,15,5479.0,True,0.5231496201708686,-11.111169787109777,1.9270197164716782,r1_basin_level_performance_rebuilt.csv + r1_basin_level_ct.csv
01516500,IC-CMA-ES,IC-CMA-ES,Base,XAJ-Base,test,selected_restart,True,0.199238597784613,S3,0.31553288389948664,-24.0,24.0,15,5479.0,True,-0.1721760261144698,45.89414619568431,2.5915661305445465,r1_basin_level_performance_rebuilt.csv + r1_basin_level_ct.csv
01516500,IC-CMA-ES,IC-CMA-ES,CN,XAJ-CN,test,selected_restart,True,0.199238597784613,S3,0.34621799708160483,3.0,3.0,15,5479.0,True,-0.00278215600659637,43.467424967931095,2.3970063070017185,r1_basin_level_performance_rebuilt.csv + r1_basin_level_ct.csv
01516500,IC-CMA-ES,IC-CMA-ES,TGD,XAJ-TGD,test,selected_restart,True,0.199238597784613,S3,0.2881934406968163,-10.0,10.0,15,5479.0,True,-0.20354782807847926,45.62568104264606,2.6260171305671283,r1_basin_level_performance_rebuilt.csv + r1_basin_level_ct.csv
01516500,dPL-MLP,dPL-MLP,Base,XAJ-Base,test,median_across_seeds,True,0.199238597784613,S3,0.3493957972663857,-17.0,17.0,15,5479.0,True,9.231417383148699e-05,48.0551290285999,2.3935683380340036,r1_basin_level_performance_rebuilt.csv + r1_basin_level_ct.csv
01516500,dPL-MLP,dPL-MLP,CN,XAJ-CN,test,median_across_seeds,True,0.199238597784613,S3,0.3359966753096266,4.0,4.0,15,5479.0,True,0.0022372707794972024,47.475281473357654,2.3909996726424536,r1_basin_level_performance_rebuilt.csv + r1_basin_level_ct.csv
01516500,dPL-MLP,dPL-MLP,TGD,XAJ-TGD,test,median_across_seeds,True,0.199238597784613,S3,0.40150699589026484,-16.0,16.0,15,5479.0,True,0.11472441953006729,47.59375985816258,2.2521904908828128,r1_basin_level_performance_rebuilt.csv + r1_basin_level_ct.csv
01518862,IC-CMA-ES,IC-CMA-ES,Base,XAJ-Base,test,selected_restart,True,0.201111344911574,S3,0.6527092633332989,-16.0,16.0,15,5479.0,True,0.40473305674013915,1.0704596988916546,1.8942213433265722,r1_basin_level_performance_rebuilt.csv + r1_basin_level_ct.csv
01518862,IC-CMA-ES,IC-CMA-ES,CN,XAJ-CN,test,selected_restart,True,0.201111344911574,S3,0.7529396268119086,3.0,3.0,15,5479.0,True,0.6063572934398955,-0.9980745432992917,1.5403731770094047,r1_basin_level_performance_rebuilt.csv + r1_basin_level_ct.csv
01518862,IC-CMA-ES,IC-CMA-ES,TGD,XAJ-TGD,test,selected_restart,True,0.201111344911574,S3,0.7193379477135908,-14.0,14.0,15,5479.0,True,0.5027815876177764,0.09355760658450238,1.7312047864551037,r1_basin_level_performance_rebuilt.csv + r1_basin_level_ct.csv
01518862,dPL-MLP,dPL-MLP,Base,XAJ-Base,test,median_across_seeds,True,0.201111344911574,S3,0.6580838427832031,-14.0,14.0,15,5479.0,True,0.40901686654789027,-2.052313216799482,1.887393200338673,r1_basin_level_performance_rebuilt.csv + r1_basin_level_ct.csv
01518862,dPL-MLP,dPL-MLP,CN,XAJ-CN,test,median_across_seeds,True,0.201111344911574,S3,0.7368619226783983,4.0,4.0,15,5479.0,True,0.598359235109718,-1.7574131130662023,1.5559431882019434,r1_basin_level_performance_rebuilt.csv + r1_basin_level_ct.csv
01518862,dPL-MLP,dPL-MLP,TGD,XAJ-TGD,test,median_across_seeds,True,0.201111344911574,S3,0.7137976401401454,-14.0,14.0,15,5479.0,True,0.4975039808654478,-1.8523895408952304,1.7403682657733888,r1_basin_level_performance_rebuilt.csv + r1_basin_level_ct.csv
01532000,IC-CMA-ES,IC-CMA-ES,Base,XAJ-Base,test,selected_restart,True,0.176741266621108,S3,0.6371335212158835,-8.0,8.0,15,5479.0,True,0.27827369288717674,11.88029728868057,2.5479970096651465,r1_basin_level_performance_rebuilt.csv + r1_basin_level_ct.csv
01532000,IC-CMA-ES,IC-CMA-ES,CN,XAJ-CN,test,selected_restart,True,0.176741266621108,S3,0.7344986131744956,3.0,3.0,15,5479.0,True,0.5090256040825967,12.106492589434062,2.101561328878531,r1_basin_level_performance_rebuilt.csv + r1_basin_level_ct.csv
01532000,IC-CMA-ES,IC-CMA-ES,TGD,XAJ-TGD,test,selected_restart,True,0.176741266621108,S3,0.6702056374252268,-6.0,6.0,15,5479.0,True,0.35361560308197515,12.141713809364864,2.4113379341294094,r1_basin_level_performance_rebuilt.csv + r1_basin_level_ct.csv
01532000,dPL-MLP,dPL-MLP,Base,XAJ-Base,test,median_across_seeds,True,0.176741266621108,S3,0.6291082661429539,-6.0,6.0,15,5479.0,True,0.31935202014201314,15.72676575645122,2.474422898734426,r1_basin_level_performance_rebuilt.csv + r1_basin_level_ct.csv
01532000,dPL-MLP,dPL-MLP,CN,XAJ-CN,test,median_across_seeds,True,0.176741266621108,S3,0.7203193939539352,8.0,8.0,15,5479.0,True,0.4800862187237851,12.802346370219928,2.162610517554007,r1_basin_level_performance_rebuilt.csv + r1_basin_level_ct.csv
01532000,dPL-MLP,dPL-MLP,TGD,XAJ-TGD,test,median_across_seeds,True,0.176741266621108,S3,0.684912674962256,-6.0,6.0,15,5479.0,True,0.441440363937605,14.266767716382333,2.2415447853689145,r1_basin_level_performance_rebuilt.csv + r1_basin_level_ct.csv
01539000,IC-CMA-ES,IC-CMA-ES,Base,XAJ-Base,test,selected_restart,True,0.156285913306627,S3,0.7991020012592869,-11.0,11.0,15,5479.0,True,0.647921035959021,9.163893053248298,1.7122270327122078,r1_basin_level_performance_rebuilt.csv + r1_basin_level_ct.csv
01539000,IC-CMA-ES,IC-CMA-ES,CN,XAJ-CN,test,selected_restart,True,0.156285913306627,S3,0.7950134615609226,3.0,3.0,15,5479.0,True,0.7302649380362303,8.43619135977577,1.4986837967543818,r1_basin_level_performance_rebuilt.csv + r1_basin_level_ct.csv
01539000,IC-CMA-ES,IC-CMA-ES,TGD,XAJ-TGD,test,selected_restart,True,0.156285913306627,S3,0.8113094803285846,-7.0,7.0,15,5479.0,True,0.6721083046815068,7.701844970720883,1.652367023762466,r1_basin_level_performance_rebuilt.csv + r1_basin_level_ct.csv
01539000,dPL-MLP,dPL-MLP,Base,XAJ-Base,test,median_across_seeds,True,0.156285913306627,S3,0.7931164376019215,-9.0,9.0,15,5479.0,True,0.6622637092086622,7.581148628577518,1.6769888508439974,r1_basin_level_performance_rebuilt.csv + r1_basin_level_ct.csv
01539000,dPL-MLP,dPL-MLP,CN,XAJ-CN,test,median_across_seeds,True,0.156285913306627,S3,0.8144712272032606,7.0,7.0,15,5479.0,True,0.7379322039448016,7.8732672408617566,1.4772300677875059,r1_basin_level_performance_rebuilt.csv + r1_basin_level_ct.csv
01539000,dPL-MLP,dPL-MLP,TGD,XAJ-TGD,test,median_across_seeds,True,0.156285913306627,S3,0.8174692574306666,-7.0,7.0,15,5479.0,True,0.6811912043135817,6.71478738122356,1.6293202604292893,r1_basin_level_performance_rebuilt.csv + r1_basin_level_ct.csv
01542810,IC-CMA-ES,IC-CMA-ES,Base,XAJ-Base,test,selected_restart,True,0.189716485804691,S3,0.6679135560336684,-4.0,4.0,15,5479.0,True,0.3267771682555918,9.589573158871707,2.458008744361508,r1_basin_level_performance_rebuilt.csv + r1_basin_level_ct.csv
01542810,IC-CMA-ES,IC-CMA-ES,CN,XAJ-CN,test,selected_restart,True,0.189716485804691,S3,0.7811636570792609,10.0,10.0,15,5479.0,True,0.6089293378094011,9.250937136659022,1.8734047791378563,r1_basin_level_performance_rebuilt.csv + r1_basin_level_ct.csv
01542810,IC-CMA-ES,IC-CMA-ES,TGD,XAJ-TGD,test,selected_restart,True,0.189716485804691,S3,0.6955564387933404,-3.0,3.0,15,5479.0,True,0.3908807547834525,9.089734853117248,2.3380573842301917,r1_basin_level_performance_rebuilt.csv + r1_basin_level_ct.csv
01542810,dPL-MLP,dPL-MLP,Base,XAJ-Base,test,median_across_seeds,True,0.189716485804691,S3,0.685590940523221,-3.0,3.0,15,5479.0,True,0.38713055891561043,9.65695337905826,2.345243759254543,r1_basin_level_performance_rebuilt.csv + r1_basin_level_ct.csv
01542810,dPL-MLP,dPL-MLP,CN,XAJ-CN,test,median_across_seeds,True,0.189716485804691,S3,0.7744258273569402,10.0,10.0,15,5479.0,True,0.5850715860680993,9.734883764000264,1.92970353933292,r1_basin_level_performance_rebuilt.csv + r1_basin_level_ct.csv
01542810,dPL-MLP,dPL-MLP,TGD,XAJ-TGD,test,median_across_seeds,True,0.189716485804691,S3,0.7017672635993851,-3.0,3.0,15,5479.0,True,0.433733012636926,10.262497783634005,2.254315137063746,r1_basin_level_performance_rebuilt.csv + r1_basin_level_ct.csv
01543000,IC-CMA-ES,IC-CMA-ES,Base,XAJ-Base,test,selected_restart,True,0.188056577083995,S3,0.7289801622617618,-5.0,5.0,15,5479.0,True,0.4528062750812657,6.256965375281084,1.9103137419337153,r1_basin_level_performance_rebuilt.csv + r1_basin_level_ct.csv
01543000,IC-CMA-ES,IC-CMA-ES,CN,XAJ-CN,test,selected_restart,True,0.188056577083995,S3,0.8354217077362615,8.0,8.0,15,5479.0,True,0.7041580109559658,6.29528190271357,1.4046368330332588,r1_basin_level_performance_rebuilt.csv + r1_basin_level_ct.csv
01543000,IC-CMA-ES,IC-CMA-ES,TGD,XAJ-TGD,test,selected_restart,True,0.188056577083995,S3,0.7358671679353874,-2.0,2.0,15,5479.0,True,0.47013105909353126,5.412837969406062,1.8798291393345359,r1_basin_level_performance_rebuilt.csv + r1_basin_level_ct.csv
01543000,dPL-MLP,dPL-MLP,Base,XAJ-Base,test,median_across_seeds,True,0.188056577083995,S3,0.7490284604924036,-5.0,5.0,15,5479.0,True,0.5111404163311551,4.844737632534716,1.805619400675938,r1_basin_level_performance_rebuilt.csv + r1_basin_level_ct.csv
01543000,dPL-MLP,dPL-MLP,CN,XAJ-CN,test,median_across_seeds,True,0.188056577083995,S3,0.8437635475207772,15.0,15.0,15,5479.0,True,0.6960625398063143,4.658621461606028,1.4237254901669496,r1_basin_level_performance_rebuilt.csv + r1_basin_level_ct.csv
01543000,dPL-MLP,dPL-MLP,TGD,XAJ-TGD,test,median_across_seeds,True,0.188056577083995,S3,0.7658364778565399,-4.0,4.0,15,5479.0,True,0.5421762883170667,3.8962411690659775,1.7473636084711028,r1_basin_level_performance_rebuilt.csv + r1_basin_level_ct.csv
01543500,IC-CMA-ES,IC-CMA-ES,Base,XAJ-Base,test,selected_restart,True,0.181653610941671,S3,0.7437298865604214,-7.0,7.0,15,5479.0,True,0.49230867758312025,7.353131301977416,1.6989605795497427,r1_basin_level_performance_rebuilt.csv + r1_basin_level_ct.csv
01543500,IC-CMA-ES,IC-CMA-ES,CN,XAJ-CN,test,selected_restart,True,0.181653610941671,S3,0.8535901199738597,7.0,7.0,15,5479.0,True,0.7397980123732607,7.083553926627435,1.2162944830545928,r1_basin_level_performance_rebuilt.csv + r1_basin_level_ct.csv
01543500,IC-CMA-ES,IC-CMA-ES,TGD,XAJ-TGD,test,selected_restart,True,0.181653610941671,S3,0.7693494326566532,-7.0,7.0,15,5479.0,True,0.5455972348499214,6.91323826280026,1.6073257958990643,r1_basin_level_performance_rebuilt.csv + r1_basin_level_ct.csv
01543500,dPL-MLP,dPL-MLP,Base,XAJ-Base,test,median_across_seeds,True,0.181653610941671,S3,0.7432043169449539,-5.0,5.0,15,5479.0,True,0.5030309829146964,9.459070684605363,1.6809240424692427,r1_basin_level_performance_rebuilt.csv + r1_basin_level_ct.csv
01543500,dPL-MLP,dPL-MLP,CN,XAJ-CN,test,median_across_seeds,True,0.181653610941671,S3,0.8426984193871021,7.0,7.0,15,5479.0,True,0.7269270006154253,7.570071540738621,1.2460136851489216,r1_basin_level_performance_rebuilt.csv + r1_basin_level_ct.csv
01543500,dPL-MLP,dPL-MLP,TGD,XAJ-TGD,test,median_across_seeds,True,0.181653610941671,S3,0.7740376705519527,-7.0,7.0,15,5479.0,True,0.5599825527280109,7.0027543369504555,1.5816791167389528,r1_basin_level_performance_rebuilt.csv + r1_basin_level_ct.csv
01544500,IC-CMA-ES,IC-CMA-ES,Base,XAJ-Base,test,selected_restart,True,0.20336289315932,S3,0.6465628647104302,-12.0,12.0,15,5479.0,True,0.3146974046544774,12.412294231442058,1.9952550739579606,r1_basin_level_performance_rebuilt.csv + r1_basin_level_ct.csv
01544500,IC-CMA-ES,IC-CMA-ES,CN,XAJ-CN,test,selected_restart,True,0.20336289315932,S3,0.7059055127922689,4.0,4.0,15,5479.0,True,0.5660775746440796,12.902034094822987,1.5876811305587442,r1_basin_level_performance_rebuilt.csv + r1_basin_level_ct.csv
01544500,IC-CMA-ES,IC-CMA-ES,TGD,XAJ-TGD,test,selected_restart,True,0.20336289315932,S3,0.6665331168449957,2.0,2.0,15,5479.0,True,0.3416768678307076,12.716667053948747,1.9555854322916912,r1_basin_level_performance_rebuilt.csv + r1_basin_level_ct.csv
01544500,dPL-MLP,dPL-MLP,Base,XAJ-Base,test,median_across_seeds,True,0.20336289315932,S3,0.7039539554969219,-11.0,11.0,15,5479.0,True,0.42112714349790803,10.465034062041587,1.8337867421191891,r1_basin_level_performance_rebuilt.csv + r1_basin_level_ct.csv
01544500,dPL-MLP,dPL-MLP,CN,XAJ-CN,test,median_across_seeds,True,0.20336289315932,S3,0.6988711732541578,10.0,10.0,15,5479.0,True,0.5302928824344832,13.423991527672527,1.6518507551306172,r1_basin_level_performance_rebuilt.csv + r1_basin_level_ct.csv
01544500,dPL-MLP,dPL-MLP,TGD,XAJ-TGD,test,median_across_seeds,True,0.20336289315932,S3,0.7385494153757677,-8.0,8.0,15,5479.0,True,0.49783005328489993,10.20508538954791,1.7079792673695442,r1_basin_level_performance_rebuilt.csv + r1_basin_level_ct.csv
01545600,IC-CMA-ES,IC-CMA-ES,Base,XAJ-Base,test,selected_restart,True,0.192645540908709,S3,0.5926272640291523,-16.0,16.0,15,5479.0,True,0.25721797063827223,18.167954409696225,1.8044086178769956,r1_basin_level_performance_rebuilt.csv + r1_basin_level_ct.csv
01545600,IC-CMA-ES,IC-CMA-ES,CN,XAJ-CN,test,selected_restart,True,0.192645540908709,S3,0.6910566923031755,9.0,9.0,15,5479.0,True,0.5927839207884902,17.240002369296608,1.3360313766996204,r1_basin_level_performance_rebuilt.csv + r1_basin_level_ct.csv
01545600,IC-CMA-ES,IC-CMA-ES,TGD,XAJ-TGD,test,selected_restart,True,0.192645540908709,S3,0.6353788828214868,-5.0,5.0,15,5479.0,True,0.3609762867655919,17.334177997651395,1.673642462193004,r1_basin_level_performance_rebuilt.csv + r1_basin_level_ct.csv
01545600,dPL-MLP,dPL-MLP,Base,XAJ-Base,test,median_across_seeds,True,0.192645540908709,S3,0.6453520143060725,-13.0,13.0,15,5479.0,True,0.3673220759648731,18.189795911489366,1.6653117222306186,r1_basin_level_performance_rebuilt.csv + r1_basin_level_ct.csv
01545600,dPL-MLP,dPL-MLP,CN,XAJ-CN,test,median_across_seeds,True,0.192645540908709,S3,0.6916974256893087,7.0,7.0,15,5479.0,True,0.5851661675682962,17.88846504039254,1.3484699814721066,r1_basin_level_performance_rebuilt.csv + r1_basin_level_ct.csv
01545600,dPL-MLP,dPL-MLP,TGD,XAJ-TGD,test,median_across_seeds,True,0.192645540908709,S3,0.6926824960842187,-9.0,9.0,15,5479.0,True,0.4748166381133685,17.029181400952403,1.517258845557476,r1_basin_level_performance_rebuilt.csv + r1_basin_level_ct.csv
01547700,IC-CMA-ES,IC-CMA-ES,Base,XAJ-Base,test,selected_restart,True,0.156172998266035,S3,0.7861045946203662,-4.0,4.0,15,5479.0,True,0.608373091698373,7.1733785380050845,1.7067646374421468,r1_basin_level_performance_rebuilt.csv + r1_basin_level_ct.csv
01547700,IC-CMA-ES,IC-CMA-ES,CN,XAJ-CN,test,selected_restart,True,0.156172998266035,S3,0.848131099990328,8.0,8.0,15,5479.0,True,0.7274119561662035,5.879747824294709,1.423937001862575,r1_basin_level_performance_rebuilt.csv + r1_basin_level_ct.csv
01547700,IC-CMA-ES,IC-CMA-ES,TGD,XAJ-TGD,test,selected_restart,True,0.156172998266035,S3,0.7746047375662328,-1.0,1.0,15,5479.0,True,0.5526015677304092,5.729382558211143,1.8242510421643165,r1_basin_level_performance_rebuilt.csv + r1_basin_level_ct.csv
01547700,dPL-MLP,dPL-MLP,Base,XAJ-Base,test,median_across_seeds,True,0.156172998266035,S3,0.7689844915025579,-5.0,5.0,15,5479.0,True,0.6393453926923741,7.643231663604144,1.6378839091873256,r1_basin_level_performance_rebuilt.csv + r1_basin_level_ct.csv
01547700,dPL-MLP,dPL-MLP,CN,XAJ-CN,test,median_across_seeds,True,0.156172998266035,S3,0.8112953941269848,1.0,1.0,15,5479.0,True,0.7205826441900149,7.832326374763614,1.441664031694346,r1_basin_level_performance_rebuilt.csv + r1_basin_level_ct.csv
01547700,dPL-MLP,dPL-MLP,TGD,XAJ-TGD,test,median_across_seeds,True,0.156172998266035,S3,0.7677299827582562,-3.0,3.0,15,5479.0,True,0.6694407241654676,7.3517657624018655,1.5680577319100941,r1_basin_level_performance_rebuilt.csv + r1_basin_level_ct.csv
01548500,IC-CMA-ES,IC-CMA-ES,Base,XAJ-Base,test,selected_restart,True,0.202088630482319,S3,0.5428298469642613,-15.0,15.0,15,5479.0,True,0.24859522930342615,24.88062005961883,1.7920113668200948,r1_basin_level_performance_rebuilt.csv + r1_basin_level_ct.csv
01548500,IC-CMA-ES,IC-CMA-ES,CN,XAJ-CN,test,selected_restart,True,0.202088630482319,S3,0.5986350476912194,8.0,8.0,15,5479.0,True,0.5220881086879428,24.268825934106207,1.4291496404664463,r1_basin_level_performance_rebuilt.csv + r1_basin_level_ct.csv
01548500,IC-CMA-ES,IC-CMA-ES,TGD,XAJ-TGD,test,selected_restart,True,0.202088630482319,S3,0.5874718424884652,1.0,1.0,15,5479.0,True,0.2948198119608977,23.416040551676556,1.7360164544085428,r1_basin_level_performance_rebuilt.csv + r1_basin_level_ct.csv
01548500,dPL-MLP,dPL-MLP,Base,XAJ-Base,test,median_across_seeds,True,0.202088630482319,S3,0.5683217694773532,-13.0,13.0,15,5479.0,True,0.2839260016590506,22.97682741353977,1.7493742842739721,r1_basin_level_performance_rebuilt.csv + r1_basin_level_ct.csv
01548500,dPL-MLP,dPL-MLP,CN,XAJ-CN,test,median_across_seeds,True,0.202088630482319,S3,0.5623536402404219,9.0,9.0,15,5479.0,True,0.46892537445037275,23.6351609713967,1.506543103841949,r1_basin_level_performance_rebuilt.csv + r1_basin_level_ct.csv
01548500,dPL-MLP,dPL-MLP,TGD,XAJ-TGD,test,median_across_seeds,True,0.202088630482319,S3,0.6117574842244413,-7.0,7.0,15,5479.0,True,0.3789659809757804,22.33420514295073,1.6291515327848078,r1_basin_level_performance_rebuilt.csv + r1_basin_level_ct.csv
01549500,IC-CMA-ES,IC-CMA-ES,Base,XAJ-Base,test,selected_restart,True,0.186519052942025,S3,0.3165477905245082,-3.0,3.0,15,5479.0,True,-0.09615938808822588,42.6709362349388,2.6133366667757603,r1_basin_level_performance_rebuilt.csv + r1_basin_level_ct.csv
01549500,IC-CMA-ES,IC-CMA-ES,CN,XAJ-CN,test,selected_restart,True,0.186519052942025,S3,0.36649243586742486,20.0,20.0,15,5479.0,True,0.19387703649288146,42.81114738332396,2.241089260677496,r1_basin_level_performance_rebuilt.csv + r1_basin_level_ct.csv
01549500,IC-CMA-ES,IC-CMA-ES,TGD,XAJ-TGD,test,selected_restart,True,0.186519052942025,S3,0.3060595194481762,-2.0,2.0,15,5479.0,True,-0.10974472505894406,42.19802241115768,2.6294810950240137,r1_basin_level_performance_rebuilt.csv + r1_basin_level_ct.csv
01549500,dPL-MLP,dPL-MLP,Base,XAJ-Base,test,median_across_seeds,True,0.186519052942025,S3,0.4059686069030253,-4.0,4.0,15,5479.0,True,0.07405289814381344,37.33931203957136,2.401881606827018,r1_basin_level_performance_rebuilt.csv + r1_basin_level_ct.csv
01549500,dPL-MLP,dPL-MLP,CN,XAJ-CN,test,median_across_seeds,True,0.186519052942025,S3,0.3846429809440961,14.0,14.0,15,5479.0,True,0.21893168888470071,39.462996500244984,2.2059873475644376,r1_basin_level_performance_rebuilt.csv + r1_basin_level_ct.csv
01549500,dPL-MLP,dPL-MLP,TGD,XAJ-TGD,test,median_across_seeds,True,0.186519052942025,S3,0.45816876636301285,-2.0,2.0,15,5479.0,True,0.1972682057432289,38.13599015496665,2.2363704256180843,r1_basin_level_performance_rebuilt.csv + r1_basin_level_ct.csv
01550000,IC-CMA-ES,IC-CMA-ES,Base,XAJ-Base,test,selected_restart,True,0.179825512854574,S3,0.5633742054688748,-9.0,9.0,15,5479.0,True,0.20568209255699377,21.99575364108749,2.4392957725591597,r1_basin_level_performance_rebuilt.csv + r1_basin_level_ct.csv
01550000,IC-CMA-ES,IC-CMA-ES,CN,XAJ-CN,test,selected_restart,True,0.179825512854574,S3,0.6551196903799547,15.0,15.0,15,5479.0,True,0.5014743271287868,22.2084100043467,1.9324623907518885,r1_basin_level_performance_rebuilt.csv + r1_basin_level_ct.csv
01550000,IC-CMA-ES,IC-CMA-ES,TGD,XAJ-TGD,test,selected_restart,True,0.179825512854574,S3,0.6076414679272788,-5.0,5.0,15,5479.0,True,0.32546941972858145,21.55167075875801,2.2478540416622685,r1_basin_level_performance_rebuilt.csv + r1_basin_level_ct.csv
01550000,dPL-MLP,dPL-MLP,Base,XAJ-Base,test,median_across_seeds,True,0.179825512854574,S3,0.6248705606045306,-10.0,10.0,15,5479.0,True,0.32846282021520157,20.76067698333792,2.2428607846492405,r1_basin_level_performance_rebuilt.csv + r1_basin_level_ct.csv
01550000,dPL-MLP,dPL-MLP,CN,XAJ-CN,test,median_across_seeds,True,0.179825512854574,S3,0.6546014503629285,14.0,14.0,15,5479.0,True,0.4793527813178603,20.520015901725277,1.974872501680559,r1_basin_level_performance_rebuilt.csv + r1_basin_level_ct.csv
01550000,dPL-MLP,dPL-MLP,TGD,XAJ-TGD,test,median_across_seeds,True,0.179825512854574,S3,0.6705382678965752,-7.0,7.0,15,5479.0,True,0.42191883778505834,18.585504438469624,2.0809502380726035,r1_basin_level_performance_rebuilt.csv + r1_basin_level_ct.csv
01552000,IC-CMA-ES,IC-CMA-ES,Base,XAJ-Base,test,selected_restart,True,0.17305912288721,S3,0.5290651154708294,-8.0,8.0,15,5479.0,True,0.2687699510685033,14.495726787219867,2.1518722238398125,r1_basin_level_performance_rebuilt.csv + r1_basin_level_ct.csv
01552000,IC-CMA-ES,IC-CMA-ES,CN,XAJ-CN,test,selected_restart,True,0.17305912288721,S3,0.6205911627465199,9.0,9.0,15,5479.0,True,0.5515317731646273,13.848836347916535,1.6852149552906277,r1_basin_level_performance_rebuilt.csv + r1_basin_level_ct.csv
01552000,IC-CMA-ES,IC-CMA-ES,TGD,XAJ-TGD,test,selected_restart,True,0.17305912288721,S3,0.5433218630607575,-5.0,5.0,15,5479.0,True,0.3285479062026109,13.406257105535587,2.062039503647319,r1_basin_level_performance_rebuilt.csv + r1_basin_level_ct.csv
01552000,dPL-MLP,dPL-MLP,Base,XAJ-Base,test,median_across_seeds,True,0.17305912288721,S3,0.6641510866842002,-6.0,6.0,15,5479.0,True,0.48235883059132967,14.425922087897607,1.810522263813201,r1_basin_level_performance_rebuilt.csv + r1_basin_level_ct.csv
01552000,dPL-MLP,dPL-MLP,CN,XAJ-CN,test,median_across_seeds,True,0.17305912288721,S3,0.6789625199877016,12.0,12.0,15,5479.0,True,0.5780299773133654,11.898697403634593,1.634670647597706,r1_basin_level_performance_rebuilt.csv + r1_basin_level_ct.csv
01552000,dPL-MLP,dPL-MLP,TGD,XAJ-TGD,test,median_across_seeds,True,0.17305912288721,S3,0.7083821235876863,-4.0,4.0,15,5479.0,True,0.5485859791488512,12.106517919421606,1.6907406206769986,r1_basin_level_performance_rebuilt.csv + r1_basin_level_ct.csv
01552500,IC-CMA-ES,IC-CMA-ES,Base,XAJ-Base,test,selected_restart,True,0.185169707979555,S3,0.6860512205323224,-1.0,1.0,15,5479.0,True,0.3783943007065823,8.66057680659217,2.660291811353732,r1_basin_level_performance_rebuilt.csv + r1_basin_level_ct.csv
01552500,IC-CMA-ES,IC-CMA-ES,CN,XAJ-CN,test,selected_restart,True,0.185169707979555,S3,0.768996126563249,12.0,12.0,15,5479.0,True,0.5892748332903229,7.741822519562853,2.1624568043458026,r1_basin_level_performance_rebuilt.csv + r1_basin_level_ct.csv
01552500,IC-CMA-ES,IC-CMA-ES,TGD,XAJ-TGD,test,selected_restart,True,0.185169707979555,S3,0.7067985983405538,-2.0,2.0,15,5479.0,True,0.4430308321024743,8.115454504226722,2.5181834254977558,r1_basin_level_performance_rebuilt.csv + r1_basin_level_ct.csv
01552500,dPL-MLP,dPL-MLP,Base,XAJ-Base,test,median_across_seeds,True,0.185169707979555,S3,0.7338504582717151,-1.0,1.0,15,5479.0,True,0.45778414577026083,5.610454350761878,2.484608060584638,r1_basin_level_performance_rebuilt.csv + r1_basin_level_ct.csv
01552500,dPL-MLP,dPL-MLP,CN,XAJ-CN,test,median_across_seeds,True,0.185169707979555,S3,0.7880397372837163,19.0,19.0,15,5479.0,True,0.5997914319541884,7.438689437679447,2.134592478923138,r1_basin_level_performance_rebuilt.csv + r1_basin_level_ct.csv
01552500,dPL-MLP,dPL-MLP,TGD,XAJ-TGD,test,median_across_seeds,True,0.185169707979555,S3,0.7678652175868584,0.0,0.0,15,5479.0,True,0.5359913747465106,4.219546684141044,2.2984486765170224,r1_basin_level_performance_rebuilt.csv + r1_basin_level_ct.csv
01557500,IC-CMA-ES,IC-CMA-ES,Base,XAJ-Base,test,selected_restart,True,0.15867182381751,S3,0.7482840736570915,-7.0,7.0,15,5479.0,True,0.48278958000920136,1.8295565627113919,1.6698155559323247,r1_basin_level_performance_rebuilt.csv + r1_basin_level_ct.csv
01557500,IC-CMA-ES,IC-CMA-ES,CN,XAJ-CN,test,selected_restart,True,0.15867182381751,S3,0.8423906131626747,8.0,8.0,15,5479.0,True,0.6839071755864865,1.809511816681112,1.3053957314107156,r1_basin_level_performance_rebuilt.csv + r1_basin_level_ct.csv
01557500,IC-CMA-ES,IC-CMA-ES,TGD,XAJ-TGD,test,selected_restart,True,0.15867182381751,S3,0.6816717798261761,3.0,3.0,15,5479.0,True,0.41613344060705904,2.2942478852797157,1.7741554541742575,r1_basin_level_performance_rebuilt.csv + r1_basin_level_ct.csv
01557500,dPL-MLP,dPL-MLP,Base,XAJ-Base,test,median_across_seeds,True,0.15867182381751,S3,0.7561353243695258,-8.0,8.0,15,5479.0,True,0.5023895502511394,-1.2126850458887377,1.6378707067712688,r1_basin_level_performance_rebuilt.csv + r1_basin_level_ct.csv
01557500,dPL-MLP,dPL-MLP,CN,XAJ-CN,test,median_across_seeds,True,0.15867182381751,S3,0.8414328212336304,2.0,2.0,15,5479.0,True,0.6794273553572764,1.1976502138302088,1.3146135360269298,r1_basin_level_performance_rebuilt.csv + r1_basin_level_ct.csv
01557500,dPL-MLP,dPL-MLP,TGD,XAJ-TGD,test,median_across_seeds,True,0.15867182381751,S3,0.7554594064693904,-5.0,5.0,15,5479.0,True,0.49847411306192246,-2.241417478269376,1.6443018560457214,r1_basin_level_performance_rebuilt.csv + r1_basin_level_ct.csv
01567500,IC-CMA-ES,IC-CMA-ES,Base,XAJ-Base,test,selected_restart,True,0.126036065938383,S2,0.5419100427892612,-3.0,3.0,15,5479.0,True,0.16208919504377461,13.816899087153443,1.9838762492643522,r1_basin_level_performance_rebuilt.csv + r1_basin_level_ct.csv
01567500,IC-CMA-ES,IC-CMA-ES,CN,XAJ-CN,test,selected_restart,True,0.126036065938383,S2,0.6028494971010891,-1.0,1.0,15,5479.0,True,0.3592855369366452,13.364878811527873,1.7347941403500453,r1_basin_level_performance_rebuilt.csv + r1_basin_level_ct.csv
01567500,IC-CMA-ES,IC-CMA-ES,TGD,XAJ-TGD,test,selected_restart,True,0.126036065938383,S2,0.47518924454064737,-6.0,6.0,15,5479.0,True,0.13547589476902455,13.138970791094218,2.015135418258406,r1_basin_level_performance_rebuilt.csv + r1_basin_level_ct.csv
01567500,dPL-MLP,dPL-MLP,Base,XAJ-Base,test,median_across_seeds,True,0.126036065938383,S2,0.7585598231119044,0.0,0.0,15,5479.0,True,0.5226723942790046,6.9079288369803855,1.49735217849113,r1_basin_level_performance_rebuilt.csv + r1_basin_level_ct.csv
01567500,dPL-MLP,dPL-MLP,CN,XAJ-CN,test,median_across_seeds,True,0.126036065938383,S2,0.7645461453494606,-2.0,2.0,15,5479.0,True,0.5791592932987094,9.114900765432576,1.4059651419782242,r1_basin_level_performance_rebuilt.csv + r1_basin_level_ct.csv
01567500,dPL-MLP,dPL-MLP,TGD,XAJ-TGD,test,median_across_seeds,True,0.126036065938383,S2,0.7775255446325198,-5.0,5.0,15,5479.0,True,0.5691512930542748,5.63111863379943,1.4225845237383237,r1_basin_level_performance_rebuilt.csv + r1_basin_level_ct.csv
01568000,IC-CMA-ES,IC-CMA-ES,Base,XAJ-Base,test,selected_restart,True,0.128510858031358,S2,0.7856684003839907,-6.0,6.0,15,5479.0,True,0.6145304435154109,9.426444753201507,1.53054171785835,r1_basin_level_performance_rebuilt.csv + r1_basin_level_ct.csv
01568000,IC-CMA-ES,IC-CMA-ES,CN,XAJ-CN,test,selected_restart,True,0.128510858031358,S2,0.8382527857089682,-1.0,1.0,15,5479.0,True,0.7444203668100488,8.954965175992365,1.2462731850782507,r1_basin_level_performance_rebuilt.csv + r1_basin_level_ct.csv
01568000,IC-CMA-ES,IC-CMA-ES,TGD,XAJ-TGD,test,selected_restart,True,0.128510858031358,S2,0.7797430260184959,-4.0,4.0,15,5479.0,True,0.6211833315853494,8.947200876577615,1.5172762843837244,r1_basin_level_performance_rebuilt.csv + r1_basin_level_ct.csv
01568000,dPL-MLP,dPL-MLP,Base,XAJ-Base,test,median_across_seeds,True,0.128510858031358,S2,0.7937092344941588,-2.0,2.0,15,5479.0,True,0.6593638685675236,8.678144299347359,1.4387836219858519,r1_basin_level_performance_rebuilt.csv + r1_basin_level_ct.csv
01568000,dPL-MLP,dPL-MLP,CN,XAJ-CN,test,median_across_seeds,True,0.128510858031358,S2,0.8175648792760304,-1.0,1.0,15,5479.0,True,0.726542949294051,11.76960545909749,1.28912399540423,r1_basin_level_performance_rebuilt.csv + r1_basin_level_ct.csv
01568000,dPL-MLP,dPL-MLP,TGD,XAJ-TGD,test,median_across_seeds,True,0.128510858031358,S2,0.813693366449408,-4.0,4.0,15,5479.0,True,0.6603753102325376,9.06671224938019,1.4366459633083932,r1_basin_level_performance_rebuilt.csv + r1_basin_level_ct.csv
01580000,IC-CMA-ES,IC-CMA-ES,Base,XAJ-Base,test,selected_restart,True,0.0816880923954386,S2,0.7289706460545712,-5.0,5.0,15,5479.0,True,0.5432453102912957,16.02609981521319,1.0159158411877118,r1_basin_level_performance_rebuilt.csv + r1_basin_level_ct.csv
01580000,IC-CMA-ES,IC-CMA-ES,CN,XAJ-CN,test,selected_restart,True,0.0816880923954386,S2,0.7708167143876142,3.0,3.0,15,5479.0,True,0.6408755354918184,15.264970879810432,0.9008214533123127,r1_basin_level_performance_rebuilt.csv + r1_basin_level_ct.csv
01580000,IC-CMA-ES,IC-CMA-ES,TGD,XAJ-TGD,test,selected_restart,True,0.0816880923954386,S2,0.7418464024279096,-3.0,3.0,15,5479.0,True,0.5756570097982876,15.73436670423119,0.9792075220233479,r1_basin_level_performance_rebuilt.csv + r1_basin_level_ct.csv
01580000,dPL-MLP,dPL-MLP,Base,XAJ-Base,test,median_across_seeds,True,0.0816880923954386,S2,0.7461394488886477,2.0,2.0,15,5479.0,True,0.5973767202030545,15.467210167957072,0.9538183337093421,r1_basin_level_performance_rebuilt.csv + r1_basin_level_ct.csv
01580000,dPL-MLP,dPL-MLP,CN,XAJ-CN,test,median_across_seeds,True,0.0816880923954386,S2,0.7987781772331364,4.0,4.0,15,5479.0,True,0.7153436698268545,15.30948972909268,0.8020042095309601,r1_basin_level_performance_rebuilt.csv + r1_basin_level_ct.csv
01580000,dPL-MLP,dPL-MLP,TGD,XAJ-TGD,test,median_across_seeds,True,0.0816880923954386,S2,0.7576591899369134,3.0,3.0,15,5479.0,True,0.6405552988574692,15.796035089951419,0.9012230017696378,r1_basin_level_performance_rebuilt.csv + r1_basin_level_ct.csv
01583500,IC-CMA-ES,IC-CMA-ES,Base,XAJ-Base,test,selected_restart,True,0.0807286497637625,S2,0.6583526200710945,-2.0,2.0,15,5479.0,True,0.4026077317560165,18.423228634051302,0.9393589014307007,r1_basin_level_performance_rebuilt.csv + r1_basin_level_ct.csv
01583500,IC-CMA-ES,IC-CMA-ES,CN,XAJ-CN,test,selected_restart,True,0.0807286497637625,S2,0.7437166936092774,-2.0,2.0,15,5479.0,True,0.5911372146234435,15.908881050630416,0.7771244050332763,r1_basin_level_performance_rebuilt.csv + r1_basin_level_ct.csv
01583500,IC-CMA-ES,IC-CMA-ES,TGD,XAJ-TGD,test,selected_restart,True,0.0807286497637625,S2,0.6571816363436251,-3.0,3.0,15,5479.0,True,0.4243263791966668,19.793185478199195,0.9221252643931445,r1_basin_level_performance_rebuilt.csv + r1_basin_level_ct.csv
01583500,dPL-MLP,dPL-MLP,Base,XAJ-Base,test,median_across_seeds,True,0.0807286497637625,S2,0.693707042081054,5.0,5.0,15,5479.0,True,0.5065142993431013,20.88573664463059,0.8537663680894532,r1_basin_level_performance_rebuilt.csv + r1_basin_level_ct.csv
01583500,dPL-MLP,dPL-MLP,CN,XAJ-CN,test,median_across_seeds,True,0.0807286497637625,S2,0.6900997032868046,5.0,5.0,15,5479.0,True,0.5634937721481187,24.531487715217104,0.8029656713949015,r1_basin_level_performance_rebuilt.csv + r1_basin_level_ct.csv
01583500,dPL-MLP,dPL-MLP,TGD,XAJ-TGD,test,median_across_seeds,True,0.0807286497637625,S2,0.6813433163828637,6.0,6.0,15,5479.0,True,0.5501200725640417,23.030013046480665,0.8151735218063265,r1_basin_level_performance_rebuilt.csv + r1_basin_level_ct.csv
01586610,IC-CMA-ES,IC-CMA-ES,Base,XAJ-Base,test,selected_restart,True,0.088413478566147,S2,0.6144152836573338,-8.0,8.0,15,5479.0,True,0.45245419452590574,26.93410144649023,1.237962091941113,r1_basin_level_performance_rebuilt.csv + r1_basin_level_ct.csv
01586610,IC-CMA-ES,IC-CMA-ES,CN,XAJ-CN,test,selected_restart,True,0.088413478566147,S2,0.6654931583700514,0.0,0.0,15,5479.0,True,0.5606058387688373,25.73689774093484,1.1089813915244149,r1_basin_level_performance_rebuilt.csv + r1_basin_level_ct.csv
01586610,IC-CMA-ES,IC-CMA-ES,TGD,XAJ-TGD,test,selected_restart,True,0.088413478566147,S2,0.6360894838630103,-8.0,8.0,15,5479.0,True,0.5177615684019332,26.739464516802276,1.1617910516054222,r1_basin_level_performance_rebuilt.csv + r1_basin_level_ct.csv
01586610,dPL-MLP,dPL-MLP,Base,XAJ-Base,test,median_across_seeds,True,0.088413478566147,S2,0.6315466758758376,-2.0,2.0,15,5479.0,True,0.5098996687133288,26.102776663326825,1.1712230641103172,r1_basin_level_performance_rebuilt.csv + r1_basin_level_ct.csv
01586610,dPL-MLP,dPL-MLP,CN,XAJ-CN,test,median_across_seeds,True,0.088413478566147,S2,0.6663203675796896,1.0,1.0,15,5479.0,True,0.6060433059274795,27.767998974073357,1.0500775175469579,r1_basin_level_performance_rebuilt.csv + r1_basin_level_ct.csv
01586610,dPL-MLP,dPL-MLP,TGD,XAJ-TGD,test,median_across_seeds,True,0.088413478566147,S2,0.6371205785015885,-1.0,1.0,15,5479.0,True,0.5431141143677387,26.649383521417565,1.130839549545587,r1_basin_level_performance_rebuilt.csv + r1_basin_level_ct.csv
01591400,IC-CMA-ES,IC-CMA-ES,Base,XAJ-Base,test,selected_restart,True,0.0838764227317032,S2,0.6434909567230531,-18.0,18.0,15,5479.0,True,0.32619152066679635,16.820550174363238,1.5195924276140456,r1_basin_level_performance_rebuilt.csv + r1_basin_level_ct.csv
01591400,IC-CMA-ES,IC-CMA-ES,CN,XAJ-CN,test,selected_restart,True,0.0838764227317032,S2,0.7095460602077868,-9.0,9.0,15,5479.0,True,0.4930087979932176,15.164914122699344,1.3181325851746613,r1_basin_level_performance_rebuilt.csv + r1_basin_level_ct.csv
01591400,IC-CMA-ES,IC-CMA-ES,TGD,XAJ-TGD,test,selected_restart,True,0.0838764227317032,S2,0.6780128015971096,-14.0,14.0,15,5479.0,True,0.3993915491816006,14.74405481819217,1.4346785463318956,r1_basin_level_performance_rebuilt.csv + r1_basin_level_ct.csv
01591400,dPL-MLP,dPL-MLP,Base,XAJ-Base,test,median_across_seeds,True,0.0838764227317032,S2,0.6260267320881987,-6.0,6.0,15,5479.0,True,0.3236235879342855,18.08123179685695,1.5224853121800885,r1_basin_level_performance_rebuilt.csv + r1_basin_level_ct.csv
01591400,dPL-MLP,dPL-MLP,CN,XAJ-CN,test,median_across_seeds,True,0.0838764227317032,S2,0.6921487811260361,-1.0,1.0,15,5479.0,True,0.49739284810693385,18.940042737117945,1.3124211387993174,r1_basin_level_performance_rebuilt.csv + r1_basin_level_ct.csv
01591400,dPL-MLP,dPL-MLP,TGD,XAJ-TGD,test,median_across_seeds,True,0.0838764227317032,S2,0.6873455573127212,-3.0,3.0,15,5479.0,True,0.44861303161697197,16.724616153651983,1.3746341649515057,r1_basin_level_performance_rebuilt.csv + r1_basin_level_ct.csv
01594950,IC-CMA-ES,IC-CMA-ES,Base,XAJ-Base,test,selected_restart,True,0.189214297334908,S3,0.5833098295335445,-5.0,5.0,15,5479.0,True,0.26303943318830114,24.833096414016673,2.4371188553934884,r1_basin_level_performance_rebuilt.csv + r1_basin_level_ct.csv
01594950,IC-CMA-ES,IC-CMA-ES,CN,XAJ-CN,test,selected_restart,True,0.189214297334908,S3,0.6386704063519264,9.0,9.0,15,5479.0,True,0.4338699838060459,22.585436569676666,2.1360562029096153,r1_basin_level_performance_rebuilt.csv + r1_basin_level_ct.csv
01594950,IC-CMA-ES,IC-CMA-ES,TGD,XAJ-TGD,test,selected_restart,True,0.189214297334908,S3,0.6094569720536638,-4.0,4.0,15,5479.0,True,0.3306961420727713,24.35684416494245,2.3225562915069884,r1_basin_level_performance_rebuilt.csv + r1_basin_level_ct.csv
01594950,dPL-MLP,dPL-MLP,Base,XAJ-Base,test,median_across_seeds,True,0.189214297334908,S3,0.6064650275994514,-7.0,7.0,15,5479.0,True,0.2851954601810439,22.177759678529675,2.400204444628951,r1_basin_level_performance_rebuilt.csv + r1_basin_level_ct.csv
01594950,dPL-MLP,dPL-MLP,CN,XAJ-CN,test,median_across_seeds,True,0.189214297334908,S3,0.6478232864059016,7.0,7.0,15,5479.0,True,0.44525801779536833,22.778657814249943,2.1144630561973674,r1_basin_level_performance_rebuilt.csv + r1_basin_level_ct.csv
01594950,dPL-MLP,dPL-MLP,TGD,XAJ-TGD,test,median_across_seeds,True,0.189214297334908,S3,0.6392204628613576,0.0,0.0,15,5479.0,True,0.41158621330260403,22.93954903776577,2.1776897374618027,r1_basin_level_performance_rebuilt.csv + r1_basin_level_ct.csv
01596500,IC-CMA-ES,IC-CMA-ES,Base,XAJ-Base,test,selected_restart,True,0.188402157557544,S3,0.6422681176177151,-12.0,12.0,15,5479.0,True,0.3338829094859622,8.851390981695028,2.2592243865909136,r1_basin_level_performance_rebuilt.csv + r1_basin_level_ct.csv
01596500,IC-CMA-ES,IC-CMA-ES,CN,XAJ-CN,test,selected_restart,True,0.188402157557544,S3,0.8238151066581393,8.0,8.0,15,5479.0,True,0.6820288390078271,7.451685667223927,1.5609102961536596,r1_basin_level_performance_rebuilt.csv + r1_basin_level_ct.csv
01596500,IC-CMA-ES,IC-CMA-ES,TGD,XAJ-TGD,test,selected_restart,True,0.188402157557544,S3,0.6838094514018087,-7.0,7.0,15,5479.0,True,0.38772642995153617,7.9784885822257126,2.165991935890529,r1_basin_level_performance_rebuilt.csv + r1_basin_level_ct.csv
01596500,dPL-MLP,dPL-MLP,Base,XAJ-Base,test,median_across_seeds,True,0.188402157557544,S3,0.6467672119311008,-11.0,11.0,15,5479.0,True,0.34620037878735266,7.440716352297687,2.238238755514553,r1_basin_level_performance_rebuilt.csv + r1_basin_level_ct.csv
01596500,dPL-MLP,dPL-MLP,CN,XAJ-CN,test,median_across_seeds,True,0.188402157557544,S3,0.8147701063510029,4.0,4.0,15,5479.0,True,0.6567332517566395,7.65605186911802,1.6218098995610066,r1_basin_level_performance_rebuilt.csv + r1_basin_level_ct.csv
01596500,dPL-MLP,dPL-MLP,TGD,XAJ-TGD,test,median_across_seeds,True,0.188402157557544,S3,0.6847440345433395,-6.0,6.0,15,5479.0,True,0.48240022333502863,7.199515628615633,1.9915037071494066,r1_basin_level_performance_rebuilt.csv + r1_basin_level_ct.csv
01605500,IC-CMA-ES,IC-CMA-ES,Base,XAJ-Base,test,selected_restart,True,0.137136101417764,S2,0.6183239224607454,-28.0,28.0,15,5479.0,True,0.2614218967817834,8.718367651060358,1.6499480253995047,r1_basin_level_performance_rebuilt.csv + r1_basin_level_ct.csv
01605500,IC-CMA-ES,IC-CMA-ES,CN,XAJ-CN,test,selected_restart,True,0.137136101417764,S2,0.7042688048601817,-9.0,9.0,15,5479.0,True,0.563544328995923,7.448172240543557,1.2683587820352389,r1_basin_level_performance_rebuilt.csv + r1_basin_level_ct.csv
01605500,IC-CMA-ES,IC-CMA-ES,TGD,XAJ-TGD,test,selected_restart,True,0.137136101417764,S2,0.6444276713646389,-29.0,29.0,15,5479.0,True,0.38203699867692575,7.221581434663571,1.5092225541902147,r1_basin_level_performance_rebuilt.csv + r1_basin_level_ct.csv
01605500,dPL-MLP,dPL-MLP,Base,XAJ-Base,test,median_across_seeds,True,0.137136101417764,S2,0.6789417520054186,-3.0,3.0,15,5479.0,True,0.5757588781912353,3.4306036935047097,1.2504848403455489,r1_basin_level_performance_rebuilt.csv + r1_basin_level_ct.csv
01605500,dPL-MLP,dPL-MLP,CN,XAJ-CN,test,median_across_seeds,True,0.137136101417764,S2,0.7577192272824851,1.0,1.0,15,5479.0,True,0.6920125785813012,11.046180186568847,1.0654634098389593,r1_basin_level_performance_rebuilt.csv + r1_basin_level_ct.csv
01605500,dPL-MLP,dPL-MLP,TGD,XAJ-TGD,test,median_across_seeds,True,0.137136101417764,S2,0.7482545809091334,-1.0,1.0,15,5479.0,True,0.6616537028641796,3.3338355141393623,1.1167417784622713,r1_basin_level_performance_rebuilt.csv + r1_basin_level_ct.csv
01606500,IC-CMA-ES,IC-CMA-ES,Base,XAJ-Base,test,selected_restart,True,0.148750518921295,S2,0.686709891703057,-21.0,21.0,15,5479.0,True,0.4702058814076403,13.017725865391277,1.5097458825333314,r1_basin_level_performance_rebuilt.csv + r1_basin_level_ct.csv
01606500,IC-CMA-ES,IC-CMA-ES,CN,XAJ-CN,test,selected_restart,True,0.148750518921295,S2,0.7798799341738829,-13.0,13.0,15,5479.0,True,0.6614508754602175,12.785091829400752,1.2068717872591062,r1_basin_level_performance_rebuilt.csv + r1_basin_level_ct.csv
01606500,IC-CMA-ES,IC-CMA-ES,TGD,XAJ-TGD,test,selected_restart,True,0.148750518921295,S2,0.7167848642248591,-17.0,17.0,15,5479.0,True,0.5198696812266126,12.192549288726001,1.437241844898865,r1_basin_level_performance_rebuilt.csv + r1_basin_level_ct.csv
01606500,dPL-MLP,dPL-MLP,Base,XAJ-Base,test,median_across_seeds,True,0.148750518921295,S2,0.7066133360505198,-14.0,14.0,15,5479.0,True,0.5302588052912682,12.472313593354983,1.4216071905277021,r1_basin_level_performance_rebuilt.csv + r1_basin_level_ct.csv
01606500,dPL-MLP,dPL-MLP,CN,XAJ-CN,test,median_across_seeds,True,0.148750518921295,S2,0.7767147133066341,-1.0,1.0,15,5479.0,True,0.6991087172437243,13.658656823799289,1.137771603307784,r1_basin_level_performance_rebuilt.csv + r1_basin_level_ct.csv
01606500,dPL-MLP,dPL-MLP,TGD,XAJ-TGD,test,median_across_seeds,True,0.148750518921295,S2,0.753981745204595,-13.0,13.0,15,5479.0,True,0.6486514785579838,10.466741002402033,1.2294740101033694,r1_basin_level_performance_rebuilt.csv + r1_basin_level_ct.csv
01632000,IC-CMA-ES,IC-CMA-ES,Base,XAJ-Base,test,selected_restart,True,0.110024870103334,S2,0.5912339545603227,-7.0,7.0,15,5479.0,True,0.2261583865620046,17.523430974072422,2.3459773103946366,r1_basin_level_performance_rebuilt.csv + r1_basin_level_ct.csv
01632000,IC-CMA-ES,IC-CMA-ES,CN,XAJ-CN,test,selected_restart,True,0.110024870103334,S2,0.6570920511516907,-8.0,8.0,15,5479.0,True,0.4301577804648532,21.080614355775204,2.013145101922624,r1_basin_level_performance_rebuilt.csv + r1_basin_level_ct.csv
01632000,IC-CMA-ES,IC-CMA-ES,TGD,XAJ-TGD,test,selected_restart,True,0.110024870103334,S2,0.6312662960554836,-11.0,11.0,15,5479.0,True,0.3734413509471217,21.170869782304646,2.110953330873373,r1_basin_level_performance_rebuilt.csv + r1_basin_level_ct.csv
01632000,dPL-MLP,dPL-MLP,Base,XAJ-Base,test,median_across_seeds,True,0.110024870103334,S2,0.5684647268651271,-11.0,11.0,15,5479.0,True,0.29727342238412613,23.56321148005155,2.2355838155296377,r1_basin_level_performance_rebuilt.csv + r1_basin_level_ct.csv
01632000,dPL-MLP,dPL-MLP,CN,XAJ-CN,test,median_across_seeds,True,0.110024870103334,S2,0.645547789452926,6.0,6.0,15,5479.0,True,0.4726106108231237,22.262603561922568,1.9367049438095143,r1_basin_level_performance_rebuilt.csv + r1_basin_level_ct.csv
01632000,dPL-MLP,dPL-MLP,TGD,XAJ-TGD,test,median_across_seeds,True,0.110024870103334,S2,0.608315665640089,-1.0,1.0,15,5479.0,True,0.4129573897511267,24.054356701308897,2.0433020938548663,r1_basin_level_performance_rebuilt.csv + r1_basin_level_ct.csv
01632900,IC-CMA-ES,IC-CMA-ES,Base,XAJ-Base,test,selected_restart,True,0.0980763292373855,S2,0.5937127399512863,-6.0,6.0,15,5479.0,True,0.21925519256046744,15.45477765190631,1.4117321427333958,r1_basin_level_performance_rebuilt.csv + r1_basin_level_ct.csv
01632900,IC-CMA-ES,IC-CMA-ES,CN,XAJ-CN,test,selected_restart,True,0.0980763292373855,S2,0.7065640214792802,2.0,2.0,15,5479.0,True,0.4830362874704014,14.483789509348572,1.1487559675737977,r1_basin_level_performance_rebuilt.csv + r1_basin_level_ct.csv
01632900,IC-CMA-ES,IC-CMA-ES,TGD,XAJ-TGD,test,selected_restart,True,0.0980763292373855,S2,0.6699027377753419,0.0,0.0,15,5479.0,True,0.4103579272157577,15.189158405411208,1.2268514564522277,r1_basin_level_performance_rebuilt.csv + r1_basin_level_ct.csv
01632900,dPL-MLP,dPL-MLP,Base,XAJ-Base,test,median_across_seeds,True,0.0980763292373855,S2,0.557387030651266,1.0,1.0,15,5479.0,True,0.16674750522847803,17.87251079028114,1.4584315877988758,r1_basin_level_performance_rebuilt.csv + r1_basin_level_ct.csv
01632900,dPL-MLP,dPL-MLP,CN,XAJ-CN,test,median_across_seeds,True,0.0980763292373855,S2,0.6236260968929068,7.0,7.0,15,5479.0,True,0.40635622319805065,19.2625133112996,1.231007532652102,r1_basin_level_performance_rebuilt.csv + r1_basin_level_ct.csv
01632900,dPL-MLP,dPL-MLP,TGD,XAJ-TGD,test,median_across_seeds,True,0.0980763292373855,S2,0.6242979316628045,2.0,2.0,15,5479.0,True,0.31445505220657466,16.380398980601736,1.3228655843791945,r1_basin_level_performance_rebuilt.csv + r1_basin_level_ct.csv
01634500,IC-CMA-ES,IC-CMA-ES,Base,XAJ-Base,test,selected_restart,True,0.114828393813144,S2,0.48159266086576114,-2.0,2.0,15,5479.0,True,0.044074182988125155,29.703347844604682,2.1046464599506143,r1_basin_level_performance_rebuilt.csv + r1_basin_level_ct.csv
01634500,IC-CMA-ES,IC-CMA-ES,CN,XAJ-CN,test,selected_restart,True,0.114828393813144,S2,0.4743503538235976,4.0,4.0,15,5479.0,True,0.07387986852592576,28.78709465349796,2.0715752807388492,r1_basin_level_performance_rebuilt.csv + r1_basin_level_ct.csv
01634500,IC-CMA-ES,IC-CMA-ES,TGD,XAJ-TGD,test,selected_restart,True,0.114828393813144,S2,0.45540319225845205,2.0,2.0,15,5479.0,True,-0.04084692657707034,28.709116094356258,2.196142364886027,r1_basin_level_performance_rebuilt.csv + r1_basin_level_ct.csv
01634500,dPL-MLP,dPL-MLP,Base,XAJ-Base,test,median_across_seeds,True,0.114828393813144,S2,0.525716114119817,-3.0,3.0,15,5479.0,True,0.0663233258717052,21.851527099205146,2.0800094700641383,r1_basin_level_performance_rebuilt.csv + r1_basin_level_ct.csv
01634500,dPL-MLP,dPL-MLP,CN,XAJ-CN,test,median_across_seeds,True,0.114828393813144,S2,0.5836918916824825,0.0,0.0,15,5479.0,True,0.29806657443207996,25.254065823601756,1.8034953196369778,r1_basin_level_performance_rebuilt.csv + r1_basin_level_ct.csv
01634500,dPL-MLP,dPL-MLP,TGD,XAJ-TGD,test,median_across_seeds,True,0.114828393813144,S2,0.5271386975313651,0.0,0.0,15,5479.0,True,0.11187562098090509,25.163448935283732,2.028635184320168,r1_basin_level_performance_rebuilt.csv + r1_basin_level_ct.csv
01638480,IC-CMA-ES,IC-CMA-ES,Base,XAJ-Base,test,selected_restart,True,0.0845583823488279,S2,0.7069281343537744,-5.0,5.0,15,5479.0,True,0.4757747878049221,13.589776500446316,1.8359626285613437,r1_basin_level_performance_rebuilt.csv + r1_basin_level_ct.csv
01638480,IC-CMA-ES,IC-CMA-ES,CN,XAJ-CN,test,selected_restart,True,0.0845583823488279,S2,0.7590256817641762,-2.0,2.0,15,5479.0,True,0.58823329742621,13.46923320313786,1.6271608895429315,r1_basin_level_performance_rebuilt.csv + r1_basin_level_ct.csv
01638480,IC-CMA-ES,IC-CMA-ES,TGD,XAJ-TGD,test,selected_restart,True,0.0845583823488279,S2,0.7359958006676617,-8.0,8.0,15,5479.0,True,0.5357022162689136,13.41284933577525,1.7278386719457146,r1_basin_level_performance_rebuilt.csv + r1_basin_level_ct.csv
01638480,dPL-MLP,dPL-MLP,Base,XAJ-Base,test,median_across_seeds,True,0.0845583823488279,S2,0.7035182806132886,0.0,0.0,15,5479.0,True,0.5011208386966579,7.708494956593579,1.7910287875604476,r1_basin_level_performance_rebuilt.csv + r1_basin_level_ct.csv
01638480,dPL-MLP,dPL-MLP,CN,XAJ-CN,test,median_across_seeds,True,0.0845583823488279,S2,0.7416645275402216,0.0,0.0,15,5479.0,True,0.631269398281113,8.254490735412931,1.5397828414431152,r1_basin_level_performance_rebuilt.csv + r1_basin_level_ct.csv
01638480,dPL-MLP,dPL-MLP,TGD,XAJ-TGD,test,median_across_seeds,True,0.0845583823488279,S2,0.7193607981675008,0.0,0.0,15,5479.0,True,0.574842637478201,7.655275001459757,1.6534068662375607,r1_basin_level_performance_rebuilt.csv + r1_basin_level_ct.csv
01639500,IC-CMA-ES,IC-CMA-ES,Base,XAJ-Base,test,selected_restart,True,0.0961263501421113,S2,0.6936094618660933,-4.0,4.0,15,5479.0,True,0.5246429768809784,20.79843091023542,1.2655238918081102,r1_basin_level_performance_rebuilt.csv + r1_basin_level_ct.csv
01639500,IC-CMA-ES,IC-CMA-ES,CN,XAJ-CN,test,selected_restart,True,0.0961263501421113,S2,0.7502952868348385,-4.0,4.0,15,5479.0,True,0.6578622472991396,18.871319162793117,1.0736454562106894,r1_basin_level_performance_rebuilt.csv + r1_basin_level_ct.csv
01639500,IC-CMA-ES,IC-CMA-ES,TGD,XAJ-TGD,test,selected_restart,True,0.0961263501421113,S2,0.7296110755182592,-3.0,3.0,15,5479.0,True,0.637013069233384,20.25924065720169,1.1058746060807678,r1_basin_level_performance_rebuilt.csv + r1_basin_level_ct.csv
01639500,dPL-MLP,dPL-MLP,Base,XAJ-Base,test,median_across_seeds,True,0.0961263501421113,S2,0.6953713029180362,1.0,1.0,15,5479.0,True,0.5373249694437587,21.321525288593943,1.2485283908025822,r1_basin_level_performance_rebuilt.csv + r1_basin_level_ct.csv
01639500,dPL-MLP,dPL-MLP,CN,XAJ-CN,test,median_across_seeds,True,0.0961263501421113,S2,0.7179759902629826,4.0,4.0,15,5479.0,True,0.696721243956538,24.91246418344813,1.0108375961269833,r1_basin_level_performance_rebuilt.csv + r1_basin_level_ct.csv
01639500,dPL-MLP,dPL-MLP,TGD,XAJ-TGD,test,median_across_seeds,True,0.0961263501421113,S2,0.720754649048025,4.0,4.0,15,5479.0,True,0.6339382008013544,22.177759917221454,1.1105486696865032,r1_basin_level_performance_rebuilt.csv + r1_basin_level_ct.csv
01644000,IC-CMA-ES,IC-CMA-ES,Base,XAJ-Base,test,selected_restart,True,0.084351798741144,S2,0.7483031896324,-2.0,2.0,15,5479.0,True,0.586370565118915,14.263747159308373,1.3364533098977214,r1_basin_level_performance_rebuilt.csv + r1_basin_level_ct.csv
01644000,IC-CMA-ES,IC-CMA-ES,CN,XAJ-CN,test,selected_restart,True,0.084351798741144,S2,0.7908914527947168,-2.0,2.0,15,5479.0,True,0.6767181267124494,13.62253071292391,1.1815136668925679,r1_basin_level_performance_rebuilt.csv + r1_basin_level_ct.csv
01644000,IC-CMA-ES,IC-CMA-ES,TGD,XAJ-TGD,test,selected_restart,True,0.084351798741144,S2,0.7726856878362185,-2.0,2.0,15,5479.0,True,0.6260776542282296,13.022582100878115,1.2706875722099977,r1_basin_level_performance_rebuilt.csv + r1_basin_level_ct.csv
01644000,dPL-MLP,dPL-MLP,Base,XAJ-Base,test,median_across_seeds,True,0.084351798741144,S2,0.7499126091942665,-3.0,3.0,15,5479.0,True,0.563740496660126,13.142636955554174,1.3725258191818497,r1_basin_level_performance_rebuilt.csv + r1_basin_level_ct.csv
01644000,dPL-MLP,dPL-MLP,CN,XAJ-CN,test,median_across_seeds,True,0.084351798741144,S2,0.7835069742878001,-2.0,2.0,15,5479.0,True,0.6549324761349853,13.47774574760909,1.2206751861255833,r1_basin_level_performance_rebuilt.csv + r1_basin_level_ct.csv
01644000,dPL-MLP,dPL-MLP,TGD,XAJ-TGD,test,median_across_seeds,True,0.084351798741144,S2,0.7678129164778406,-2.0,2.0,15,5479.0,True,0.6282783852438588,13.953953363151728,1.2669427193401719,r1_basin_level_performance_rebuilt.csv + r1_basin_level_ct.csv
01664000,IC-CMA-ES,IC-CMA-ES,Base,XAJ-Base,test,selected_restart,True,0.0827964257846037,S2,0.6630340706328701,-8.0,8.0,15,5479.0,True,0.5856948197293756,19.907798900511086,1.1394854592830845,r1_basin_level_performance_rebuilt.csv + r1_basin_level_ct.csv
01664000,IC-CMA-ES,IC-CMA-ES,CN,XAJ-CN,test,selected_restart,True,0.0827964257846037,S2,0.6366064838707441,-4.0,4.0,15,5479.0,True,0.5913654316028509,16.796800025582492,1.131660499956997,r1_basin_level_performance_rebuilt.csv + r1_basin_level_ct.csv
01664000,IC-CMA-ES,IC-CMA-ES,TGD,XAJ-TGD,test,selected_restart,True,0.0827964257846037,S2,0.6690252518900793,-7.0,7.0,15,5479.0,True,0.6445569609343355,18.772184092211706,1.0554401535142632,r1_basin_level_performance_rebuilt.csv + r1_basin_level_ct.csv
01664000,dPL-MLP,dPL-MLP,Base,XAJ-Base,test,median_across_seeds,True,0.0827964257846037,S2,0.6759869903066127,-6.0,6.0,15,5479.0,True,0.6148874583157056,18.861221323857194,1.0986071898813985,r1_basin_level_performance_rebuilt.csv + r1_basin_level_ct.csv
01664000,dPL-MLP,dPL-MLP,CN,XAJ-CN,test,median_across_seeds,True,0.0827964257846037,S2,0.6710231277030245,1.0,1.0,15,5479.0,True,0.6659023701869432,18.912277886062252,1.023258363904896,r1_basin_level_performance_rebuilt.csv + r1_basin_level_ct.csv
01664000,dPL-MLP,dPL-MLP,TGD,XAJ-TGD,test,median_across_seeds,True,0.0827964257846037,S2,0.6618433049212311,0.0,0.0,15,5479.0,True,0.6397842809077257,19.77928653150494,1.0625024402482801,r1_basin_level_performance_rebuilt.csv + r1_basin_level_ct.csv
01666500,IC-CMA-ES,IC-CMA-ES,Base,XAJ-Base,test,selected_restart,True,0.0822553978033295,S2,0.5910995706040546,-3.0,3.0,15,5479.0,True,0.3242601397294069,20.930194872204797,1.7926115810335297,r1_basin_level_performance_rebuilt.csv + r1_basin_level_ct.csv
01666500,IC-CMA-ES,IC-CMA-ES,CN,XAJ-CN,test,selected_restart,True,0.0822553978033295,S2,0.6096621147851432,2.0,2.0,15,5479.0,True,0.4321354012682602,19.492093180012755,1.6433074591681773,r1_basin_level_performance_rebuilt.csv + r1_basin_level_ct.csv
01666500,IC-CMA-ES,IC-CMA-ES,TGD,XAJ-TGD,test,selected_restart,True,0.0822553978033295,S2,0.6068365354067793,-1.0,1.0,15,5479.0,True,0.4166646096537,21.277071867239385,1.6655420112083528,r1_basin_level_performance_rebuilt.csv + r1_basin_level_ct.csv
01666500,dPL-MLP,dPL-MLP,Base,XAJ-Base,test,median_across_seeds,True,0.0822553978033295,S2,0.6872177425040983,1.0,1.0,15,5479.0,True,0.5283674811602432,21.860895518160824,1.4976085123573506,r1_basin_level_performance_rebuilt.csv + r1_basin_level_ct.csv
01666500,dPL-MLP,dPL-MLP,CN,XAJ-CN,test,median_across_seeds,True,0.0822553978033295,S2,0.661996195996797,11.0,11.0,15,5479.0,True,0.5538694489266551,24.877160626473078,1.4565567540968918,r1_basin_level_performance_rebuilt.csv + r1_basin_level_ct.csv
01666500,dPL-MLP,dPL-MLP,TGD,XAJ-TGD,test,median_across_seeds,True,0.0822553978033295,S2,0.6719540561682887,11.0,11.0,15,5479.0,True,0.5307088566649754,23.094847009835767,1.493886518580304,r1_basin_level_performance_rebuilt.csv + r1_basin_level_ct.csv
01667500,IC-CMA-ES,IC-CMA-ES,Base,XAJ-Base,test,selected_restart,True,0.0788117934771709,S2,0.7988428695637035,0.0,0.0,15,5479.0,True,0.6951590288147869,10.733978678267029,1.1300160982464205,r1_basin_level_performance_rebuilt.csv + r1_basin_level_ct.csv
01667500,IC-CMA-ES,IC-CMA-ES,CN,XAJ-CN,test,selected_restart,True,0.0788117934771709,S2,0.8050893014454037,2.0,2.0,15,5479.0,True,0.7747688677616223,12.260909744138173,0.9713196445077127,r1_basin_level_performance_rebuilt.csv + r1_basin_level_ct.csv
01667500,IC-CMA-ES,IC-CMA-ES,TGD,XAJ-TGD,test,selected_restart,True,0.0788117934771709,S2,0.8042263643080451,2.0,2.0,15,5479.0,True,0.7238877288342939,10.750258968718834,1.0754514671025701,r1_basin_level_performance_rebuilt.csv + r1_basin_level_ct.csv
01667500,dPL-MLP,dPL-MLP,Base,XAJ-Base,test,median_across_seeds,True,0.0788117934771709,S2,0.8028790021909867,4.0,4.0,15,5479.0,True,0.7632404771666785,13.006927602655695,0.99586779985995,r1_basin_level_performance_rebuilt.csv + r1_basin_level_ct.csv
01667500,dPL-MLP,dPL-MLP,CN,XAJ-CN,test,median_across_seeds,True,0.0788117934771709,S2,0.8087907689513295,10.0,10.0,15,5479.0,True,0.8022638400523494,16.55080812242775,0.9101039727830227,r1_basin_level_performance_rebuilt.csv + r1_basin_level_ct.csv
01667500,dPL-MLP,dPL-MLP,TGD,XAJ-TGD,test,median_across_seeds,True,0.0788117934771709,S2,0.8226331669695732,8.0,8.0,15,5479.0,True,0.7951160703108024,13.40906582714339,0.9264071747718079,r1_basin_level_performance_rebuilt.csv + r1_basin_level_ct.csv
01669000,IC-CMA-ES,IC-CMA-ES,Base,XAJ-Base,test,selected_restart,True,0.0412059832430486,S1,0.8451677591946171,6.0,6.0,15,5479.0,True,0.7411626064642687,8.571342842015213,0.6672336656052217,r1_basin_level_performance_rebuilt.csv + r1_basin_level_ct.csv
01669000,IC-CMA-ES,IC-CMA-ES,CN,XAJ-CN,test,selected_restart,True,0.0412059832430486,S1,0.8518437627930892,9.0,9.0,15,5479.0,True,0.7499440390057162,8.347802228392963,0.6558175701816851,r1_basin_level_performance_rebuilt.csv + r1_basin_level_ct.csv
01669000,IC-CMA-ES,IC-CMA-ES,TGD,XAJ-TGD,test,selected_restart,True,0.0412059832430486,S1,0.8382622559499667,3.0,3.0,15,5479.0,True,0.7457197599321141,8.776136286329052,0.66133384358515,r1_basin_level_performance_rebuilt.csv + r1_basin_level_ct.csv
01669000,dPL-MLP,dPL-MLP,Base,XAJ-Base,test,median_across_seeds,True,0.0412059832430486,S1,0.8561032430915906,8.0,8.0,15,5479.0,True,0.7429857344929789,6.976943698709889,0.6648796741927568,r1_basin_level_performance_rebuilt.csv + r1_basin_level_ct.csv
01669000,dPL-MLP,dPL-MLP,CN,XAJ-CN,test,median_across_seeds,True,0.0412059832430486,S1,0.8419446303083313,8.0,8.0,15,5479.0,True,0.7352425488183906,9.092760294758635,0.6748209198788132,r1_basin_level_performance_rebuilt.csv + r1_basin_level_ct.csv
01669000,dPL-MLP,dPL-MLP,TGD,XAJ-TGD,test,median_across_seeds,True,0.0412059832430486,S1,0.8345590664789335,6.0,6.0,15,5479.0,True,0.7458382106035777,10.794901319644366,0.6611797919713979,r1_basin_level_performance_rebuilt.csv + r1_basin_level_ct.csv
01669520,IC-CMA-ES,IC-CMA-ES,Base,XAJ-Base,test,selected_restart,True,0.0368199149910729,S1,0.7759238439245714,-3.0,3.0,15,5479.0,True,0.6362328076265886,-0.8877445557865925,1.0958927904899416,r1_basin_level_performance_rebuilt.csv + r1_basin_level_ct.csv
01669520,IC-CMA-ES,IC-CMA-ES,CN,XAJ-CN,test,selected_restart,True,0.0368199149910729,S1,0.8022207234556108,-3.0,3.0,15,5479.0,True,0.6836578663628534,-0.6015567695841881,1.0219621835180113,r1_basin_level_performance_rebuilt.csv + r1_basin_level_ct.csv
01669520,IC-CMA-ES,IC-CMA-ES,TGD,XAJ-TGD,test,selected_restart,True,0.0368199149910729,S1,0.7900421187306167,-3.0,3.0,15,5479.0,True,0.6592307998135576,-1.3980687346087244,1.0606851125634775,r1_basin_level_performance_rebuilt.csv + r1_basin_level_ct.csv
01669520,dPL-MLP,dPL-MLP,Base,XAJ-Base,test,median_across_seeds,True,0.0368199149910729,S1,0.7434159458870729,6.0,6.0,15,5479.0,True,0.6421918608367827,-1.4003996107348096,1.0868795401194662,r1_basin_level_performance_rebuilt.csv + r1_basin_level_ct.csv
01669520,dPL-MLP,dPL-MLP,CN,XAJ-CN,test,median_across_seeds,True,0.0368199149910729,S1,0.7668800543747682,1.0,1.0,15,5479.0,True,0.669373531406215,-1.340539207294349,1.04478063661843,r1_basin_level_performance_rebuilt.csv + r1_basin_level_ct.csv
01669520,dPL-MLP,dPL-MLP,TGD,XAJ-TGD,test,median_across_seeds,True,0.0368199149910729,S1,0.7294155506722619,3.0,3.0,15,5479.0,True,0.6417786827904102,-3.2757492184072508,1.087506894766692,r1_basin_level_performance_rebuilt.csv + r1_basin_level_ct.csv
02011400,IC-CMA-ES,IC-CMA-ES,Base,XAJ-Base,test,selected_restart,True,0.129154721501962,S2,0.7214534966163746,-9.0,9.0,15,5479.0,True,0.5339493788218634,16.900219316188767,1.0931227720649308,r1_basin_level_performance_rebuilt.csv + r1_basin_level_ct.csv
02011400,IC-CMA-ES,IC-CMA-ES,CN,XAJ-CN,test,selected_restart,True,0.129154721501962,S2,0.7771361897607365,1.0,1.0,15,5479.0,True,0.7085805554567552,16.49867448250446,0.8643938317472899,r1_basin_level_performance_rebuilt.csv + r1_basin_level_ct.csv
02011400,IC-CMA-ES,IC-CMA-ES,TGD,XAJ-TGD,test,selected_restart,True,0.129154721501962,S2,0.7604065953598036,-8.0,8.0,15,5479.0,True,0.653224106508254,16.852592027353843,0.9429243385375164,r1_basin_level_performance_rebuilt.csv + r1_basin_level_ct.csv
02011400,dPL-MLP,dPL-MLP,Base,XAJ-Base,test,median_across_seeds,True,0.129154721501962,S2,0.7126640140836723,-7.0,7.0,15,5479.0,True,0.5153569500783226,15.33846743160268,1.1147138332608013,r1_basin_level_performance_rebuilt.csv + r1_basin_level_ct.csv
02011400,dPL-MLP,dPL-MLP,CN,XAJ-CN,test,median_across_seeds,True,0.129154721501962,S2,0.7891796922452053,0.0,0.0,15,5479.0,True,0.7054231953151999,15.026289322468374,0.8690638188190509,r1_basin_level_performance_rebuilt.csv + r1_basin_level_ct.csv
02011400,dPL-MLP,dPL-MLP,TGD,XAJ-TGD,test,median_across_seeds,True,0.129154721501962,S2,0.7380104638801945,-9.0,9.0,15,5479.0,True,0.6238737184667995,18.81716296954936,0.9820175206792094,r1_basin_level_performance_rebuilt.csv + r1_basin_level_ct.csv
02013000,IC-CMA-ES,IC-CMA-ES,Base,XAJ-Base,test,selected_restart,True,0.0979143372407574,S2,0.6175886800449031,-1.0,1.0,15,5479.0,True,0.37060011269617843,24.324897587106552,1.6694873420495238,r1_basin_level_performance_rebuilt.csv + r1_basin_level_ct.csv
02013000,IC-CMA-ES,IC-CMA-ES,CN,XAJ-CN,test,selected_restart,True,0.0979143372407574,S2,0.7094675965394706,2.0,2.0,15,5479.0,True,0.5927929759886335,21.49639458559446,1.3428497743446277,r1_basin_level_performance_rebuilt.csv + r1_basin_level_ct.csv
02013000,IC-CMA-ES,IC-CMA-ES,TGD,XAJ-TGD,test,selected_restart,True,0.0979143372407574,S2,0.6629198563128688,0.0,0.0,15,5479.0,True,0.5196836779138106,24.55608781602652,1.4584228925693028,r1_basin_level_performance_rebuilt.csv + r1_basin_level_ct.csv
02013000,dPL-MLP,dPL-MLP,Base,XAJ-Base,test,median_across_seeds,True,0.0979143372407574,S2,0.6666950592859544,-4.0,4.0,15,5479.0,True,0.43435535014209936,19.82463058351444,1.5826746347636695,r1_basin_level_performance_rebuilt.csv + r1_basin_level_ct.csv
02013000,dPL-MLP,dPL-MLP,CN,XAJ-CN,test,median_across_seeds,True,0.0979143372407574,S2,0.7101519136454881,2.0,2.0,15,5479.0,True,0.6263156216126946,22.45519682653083,1.2863888634195288,r1_basin_level_performance_rebuilt.csv + r1_basin_level_ct.csv
02013000,dPL-MLP,dPL-MLP,TGD,XAJ-TGD,test,median_across_seeds,True,0.0979143372407574,S2,0.7077417360084122,-8.0,8.0,15,5479.0,True,0.5648199005300687,20.396161210955775,1.3882072677562765,r1_basin_level_performance_rebuilt.csv + r1_basin_level_ct.csv
02014000,IC-CMA-ES,IC-CMA-ES,Base,XAJ-Base,test,selected_restart,True,0.0978680841760858,S2,0.6833633228216307,-5.0,5.0,15,5479.0,True,0.48209699385503635,20.157017660022174,1.349930616910934,r1_basin_level_performance_rebuilt.csv + r1_basin_level_ct.csv
02014000,IC-CMA-ES,IC-CMA-ES,CN,XAJ-CN,test,selected_restart,True,0.0978680841760858,S2,0.7262861501717466,1.0,1.0,15,5479.0,True,0.6647530115994357,20.937186851874337,1.0860996507992857,r1_basin_level_performance_rebuilt.csv + r1_basin_level_ct.csv
02014000,IC-CMA-ES,IC-CMA-ES,TGD,XAJ-TGD,test,selected_restart,True,0.0978680841760858,S2,0.7278238074888135,-3.0,3.0,15,5479.0,True,0.6203389832429866,20.282242586319008,1.1558067719812626,r1_basin_level_performance_rebuilt.csv + r1_basin_level_ct.csv
02014000,dPL-MLP,dPL-MLP,Base,XAJ-Base,test,median_across_seeds,True,0.0978680841760858,S2,0.6895525624972325,-7.0,7.0,15,5479.0,True,0.5190297550770329,20.963879124043544,1.3009072568761728,r1_basin_level_performance_rebuilt.csv + r1_basin_level_ct.csv
02014000,dPL-MLP,dPL-MLP,CN,XAJ-CN,test,median_across_seeds,True,0.0978680841760858,S2,0.7508894056432938,-1.0,1.0,15,5479.0,True,0.6885196866957899,20.16647792802799,1.0468935712548926,r1_basin_level_performance_rebuilt.csv + r1_basin_level_ct.csv
02014000,dPL-MLP,dPL-MLP,TGD,XAJ-TGD,test,median_across_seeds,True,0.0978680841760858,S2,0.7267795148712504,-5.0,5.0,15,5479.0,True,0.6258813943806482,20.78234590152779,1.1473393401081124,r1_basin_level_performance_rebuilt.csv + r1_basin_level_ct.csv
02015700,IC-CMA-ES,IC-CMA-ES,Base,XAJ-Base,test,selected_restart,True,0.128567248718796,S2,0.7259091942753789,-13.0,13.0,15,5479.0,True,0.45691948061483456,8.764932678847588,1.6218208167158408,r1_basin_level_performance_rebuilt.csv + r1_basin_level_ct.csv
02015700,IC-CMA-ES,IC-CMA-ES,CN,XAJ-CN,test,selected_restart,True,0.128567248718796,S2,0.7477864633097149,-3.0,3.0,15,5479.0,True,0.5452121744992393,9.599317661030867,1.4841410357004412,r1_basin_level_performance_rebuilt.csv + r1_basin_level_ct.csv
02015700,IC-CMA-ES,IC-CMA-ES,TGD,XAJ-TGD,test,selected_restart,True,0.128567248718796,S2,0.7422192721872038,-3.0,3.0,15,5479.0,True,0.5105213026909372,9.483615530748926,1.5397054814538853,r1_basin_level_performance_rebuilt.csv + r1_basin_level_ct.csv
02015700,dPL-MLP,dPL-MLP,Base,XAJ-Base,test,median_across_seeds,True,0.128567248718796,S2,0.7169307585455664,-6.0,6.0,15,5479.0,True,0.43057451214648135,7.806835840593235,1.6606924429590773,r1_basin_level_performance_rebuilt.csv + r1_basin_level_ct.csv
02015700,dPL-MLP,dPL-MLP,CN,XAJ-CN,test,median_across_seeds,True,0.128567248718796,S2,0.7789123423402267,1.0,1.0,15,5479.0,True,0.575179840621393,8.09661260588051,1.4344100417423535,r1_basin_level_performance_rebuilt.csv + r1_basin_level_ct.csv
02015700,dPL-MLP,dPL-MLP,TGD,XAJ-TGD,test,median_across_seeds,True,0.128567248718796,S2,0.7514353968385998,-6.0,6.0,15,5479.0,True,0.5102043502439847,8.908485370335194,1.5402039040075883,r1_basin_level_performance_rebuilt.csv + r1_basin_level_ct.csv
02016000,IC-CMA-ES,IC-CMA-ES,Base,XAJ-Base,test,selected_restart,True,0.102077363429123,S2,0.7690049636674441,-2.0,2.0,15,5479.0,True,0.5782977700254333,10.818026036343575,1.331936667334904,r1_basin_level_performance_rebuilt.csv + r1_basin_level_ct.csv
02016000,IC-CMA-ES,IC-CMA-ES,CN,XAJ-CN,test,selected_restart,True,0.102077363429123,S2,0.8135698252831639,1.0,1.0,15,5479.0,True,0.7014504890951831,10.917385148398182,1.1206985451590183,r1_basin_level_performance_rebuilt.csv + r1_basin_level_ct.csv
02016000,IC-CMA-ES,IC-CMA-ES,TGD,XAJ-TGD,test,selected_restart,True,0.102077363429123,S2,0.8030656636628417,-1.0,1.0,15,5479.0,True,0.6644684720286098,10.869250197297392,1.188084399878665,r1_basin_level_performance_rebuilt.csv + r1_basin_level_ct.csv
02016000,dPL-MLP,dPL-MLP,Base,XAJ-Base,test,median_across_seeds,True,0.102077363429123,S2,0.75220114314045,-8.0,8.0,15,5479.0,True,0.5682191024509534,12.210416848210773,1.347759303800664,r1_basin_level_performance_rebuilt.csv + r1_basin_level_ct.csv
02016000,dPL-MLP,dPL-MLP,CN,XAJ-CN,test,median_across_seeds,True,0.102077363429123,S2,0.7984417004349503,-2.0,2.0,15,5479.0,True,0.7218938971085125,13.926338709016212,1.0816478361294242,r1_basin_level_performance_rebuilt.csv + r1_basin_level_ct.csv
02016000,dPL-MLP,dPL-MLP,TGD,XAJ-TGD,test,median_across_seeds,True,0.102077363429123,S2,0.8000325084338031,-5.0,5.0,15,5479.0,True,0.6721498327422053,11.027959639508701,1.174406188050283,r1_basin_level_performance_rebuilt.csv + r1_basin_level_ct.csv
02017500,IC-CMA-ES,IC-CMA-ES,Base,XAJ-Base,test,selected_restart,True,0.0901845265568014,S2,0.7036924450468071,1.0,1.0,15,5479.0,True,0.573621841741669,21.8171366898197,1.2431275860161493,r1_basin_level_performance_rebuilt.csv + r1_basin_level_ct.csv
02017500,IC-CMA-ES,IC-CMA-ES,CN,XAJ-CN,test,selected_restart,True,0.0901845265568014,S2,0.7411045745803071,3.0,3.0,15,5479.0,True,0.6835072595287248,20.93527792291547,1.0710262265963935,r1_basin_level_performance_rebuilt.csv + r1_basin_level_ct.csv
02017500,IC-CMA-ES,IC-CMA-ES,TGD,XAJ-TGD,test,selected_restart,True,0.0901845265568014,S2,0.7165413535709519,2.0,2.0,15,5479.0,True,0.6254308675211947,22.223817966463084,1.1651563914219132,r1_basin_level_performance_rebuilt.csv + r1_basin_level_ct.csv
02017500,dPL-MLP,dPL-MLP,Base,XAJ-Base,test,median_across_seeds,True,0.0901845265568014,S2,0.7250716557774275,-2.0,2.0,15,5479.0,True,0.567785831598782,17.447315003362327,1.2516062666342587,r1_basin_level_performance_rebuilt.csv + r1_basin_level_ct.csv
02017500,dPL-MLP,dPL-MLP,CN,XAJ-CN,test,median_across_seeds,True,0.0901845265568014,S2,0.774452451257014,3.0,3.0,15,5479.0,True,0.6765100755547835,16.307220007411825,1.0828009010514514,r1_basin_level_performance_rebuilt.csv + r1_basin_level_ct.csv
02017500,dPL-MLP,dPL-MLP,TGD,XAJ-TGD,test,median_across_seeds,True,0.0901845265568014,S2,0.7459515826955121,-1.0,1.0,15,5479.0,True,0.6297995313808369,18.274356763539537,1.1583417539312182,r1_basin_level_performance_rebuilt.csv + r1_basin_level_ct.csv
02018000,IC-CMA-ES,IC-CMA-ES,Base,XAJ-Base,test,selected_restart,True,0.0849686144296571,S2,0.6868429085220411,-8.0,8.0,15,5479.0,True,0.5437034170970335,21.277251887465404,1.277024323776231,r1_basin_level_performance_rebuilt.csv + r1_basin_level_ct.csv
02018000,IC-CMA-ES,IC-CMA-ES,CN,XAJ-CN,test,selected_restart,True,0.0849686144296571,S2,0.7306115845471575,-5.0,5.0,15,5479.0,True,0.7103438393655506,20.070349178011767,1.017459066599848,r1_basin_level_performance_rebuilt.csv + r1_basin_level_ct.csv
02018000,IC-CMA-ES,IC-CMA-ES,TGD,XAJ-TGD,test,selected_restart,True,0.0849686144296571,S2,0.7086722155377123,-5.0,5.0,15,5479.0,True,0.6540505881084178,21.350381366495473,1.1119412957510137,r1_basin_level_performance_rebuilt.csv + r1_basin_level_ct.csv
02018000,dPL-MLP,dPL-MLP,Base,XAJ-Base,test,median_across_seeds,True,0.0849686144296571,S2,0.6972149906263233,-6.0,6.0,15,5479.0,True,0.5876015575567302,21.52283000853753,1.2140430005056038,r1_basin_level_performance_rebuilt.csv + r1_basin_level_ct.csv
02018000,dPL-MLP,dPL-MLP,CN,XAJ-CN,test,median_across_seeds,True,0.0849686144296571,S2,0.7277207001729391,-1.0,1.0,15,5479.0,True,0.7226620468170679,22.261203355487986,0.9955892858231211,r1_basin_level_performance_rebuilt.csv + r1_basin_level_ct.csv
02018000,dPL-MLP,dPL-MLP,TGD,XAJ-TGD,test,median_across_seeds,True,0.0849686144296571,S2,0.7158609978239445,-4.0,4.0,15,5479.0,True,0.6643189878468749,21.38180394469409,1.0953147830714707,r1_basin_level_performance_rebuilt.csv + r1_basin_level_ct.csv
02027000,IC-CMA-ES,IC-CMA-ES,Base,XAJ-Base,test,selected_restart,True,0.0904732223814793,S2,0.6526759144957999,0.0,0.0,15,5479.0,True,0.5497678048011634,10.234858245466004,1.8479801961725981,r1_basin_level_performance_rebuilt.csv + r1_basin_level_ct.csv
02027000,IC-CMA-ES,IC-CMA-ES,CN,XAJ-CN,test,selected_restart,True,0.0904732223814793,S2,0.6711211980379133,4.0,4.0,15,5479.0,True,0.5916021795992533,9.80897487579825,1.7600327414485857,r1_basin_level_performance_rebuilt.csv + r1_basin_level_ct.csv
02027000,IC-CMA-ES,IC-CMA-ES,TGD,XAJ-TGD,test,selected_restart,True,0.0904732223814793,S2,0.6656275276248018,1.0,1.0,15,5479.0,True,0.5839939158028256,10.027598245308587,1.7763513906770698,r1_basin_level_performance_rebuilt.csv + r1_basin_level_ct.csv
02027000,dPL-MLP,dPL-MLP,Base,XAJ-Base,test,median_across_seeds,True,0.0904732223814793,S2,0.6197879101735589,1.0,1.0,15,5479.0,True,0.5479172131195784,6.362054974850931,1.8517741827590384,r1_basin_level_performance_rebuilt.csv + r1_basin_level_ct.csv
02027000,dPL-MLP,dPL-MLP,CN,XAJ-CN,test,median_across_seeds,True,0.0904732223814793,S2,0.6406820917150668,5.0,5.0,15,5479.0,True,0.5941348455664213,7.837920232999567,1.7545668608884408,r1_basin_level_performance_rebuilt.csv + r1_basin_level_ct.csv
02027000,dPL-MLP,dPL-MLP,TGD,XAJ-TGD,test,median_across_seeds,True,0.0904732223814793,S2,0.6268899688591179,1.0,1.0,15,5479.0,True,0.575133306731312,7.586383846492511,1.7951691755356127,r1_basin_level_performance_rebuilt.csv + r1_basin_level_ct.csv
02027500,IC-CMA-ES,IC-CMA-ES,Base,XAJ-Base,test,selected_restart,True,0.100786018307687,S2,0.5535355337090474,-2.0,2.0,15,5479.0,True,0.22631317292230912,26.57457131042945,2.678065367000668,r1_basin_level_performance_rebuilt.csv + r1_basin_level_ct.csv
02027500,IC-CMA-ES,IC-CMA-ES,CN,XAJ-CN,test,selected_restart,True,0.100786018307687,S2,0.5747607246740882,1.0,1.0,15,5479.0,True,0.2753169376807496,25.826365420104544,2.5918664934814544,r1_basin_level_performance_rebuilt.csv + r1_basin_level_ct.csv
02027500,IC-CMA-ES,IC-CMA-ES,TGD,XAJ-TGD,test,selected_restart,True,0.100786018307687,S2,0.570111106436004,0.0,0.0,15,5479.0,True,0.26243785278952736,25.89817497885617,2.614796421308918,r1_basin_level_performance_rebuilt.csv + r1_basin_level_ct.csv
02027500,dPL-MLP,dPL-MLP,Base,XAJ-Base,test,median_across_seeds,True,0.100786018307687,S2,0.5580051428394421,-1.0,1.0,15,5479.0,True,0.37211491290298626,19.057419809207857,2.4125629611833754,r1_basin_level_performance_rebuilt.csv + r1_basin_level_ct.csv
02027500,dPL-MLP,dPL-MLP,CN,XAJ-CN,test,median_across_seeds,True,0.100786018307687,S2,0.5715606951765067,10.0,10.0,15,5479.0,True,0.42926990340351157,18.852551275286114,2.3001383523233567,r1_basin_level_performance_rebuilt.csv + r1_basin_level_ct.csv
02027500,dPL-MLP,dPL-MLP,TGD,XAJ-TGD,test,median_across_seeds,True,0.100786018307687,S2,0.5615152189939985,2.0,2.0,15,5479.0,True,0.3990641050547463,19.945110135962707,2.3602208626409786,r1_basin_level_performance_rebuilt.csv + r1_basin_level_ct.csv
02028500,IC-CMA-ES,IC-CMA-ES,Base,XAJ-Base,test,selected_restart,True,0.0802569579048301,S2,0.7051505698992591,-8.0,8.0,15,5479.0,True,0.5211308742239724,17.34218829965493,1.478882016527483,r1_basin_level_performance_rebuilt.csv + r1_basin_level_ct.csv
02028500,IC-CMA-ES,IC-CMA-ES,CN,XAJ-CN,test,selected_restart,True,0.0802569579048301,S2,0.7223558147248066,-3.0,3.0,15,5479.0,True,0.5955822640619194,16.959560442690282,1.3590649299498347,r1_basin_level_performance_rebuilt.csv + r1_basin_level_ct.csv
02028500,IC-CMA-ES,IC-CMA-ES,TGD,XAJ-TGD,test,selected_restart,True,0.0802569579048301,S2,0.7231989798081317,-5.0,5.0,15,5479.0,True,0.5888896057023016,18.07269292921202,1.3702642833857706,r1_basin_level_performance_rebuilt.csv + r1_basin_level_ct.csv
02028500,dPL-MLP,dPL-MLP,Base,XAJ-Base,test,median_across_seeds,True,0.0802569579048301,S2,0.7628763322276304,0.0,0.0,15,5479.0,True,0.6253520236092454,13.401074203932165,1.3080875273115238,r1_basin_level_performance_rebuilt.csv + r1_basin_level_ct.csv
02028500,dPL-MLP,dPL-MLP,CN,XAJ-CN,test,median_across_seeds,True,0.0802569579048301,S2,0.7906464892459726,0.0,0.0,15,5479.0,True,0.7007743145911765,14.577274309053127,1.1690270067424244,r1_basin_level_performance_rebuilt.csv + r1_basin_level_ct.csv
02028500,dPL-MLP,dPL-MLP,TGD,XAJ-TGD,test,median_across_seeds,True,0.0802569579048301,S2,0.7735785155427342,-3.0,3.0,15,5479.0,True,0.650057784773557,14.819998297028347,1.2642218072125289,r1_basin_level_performance_rebuilt.csv + r1_basin_level_ct.csv
02038850,IC-CMA-ES,IC-CMA-ES,Base,XAJ-Base,test,selected_restart,True,0.0655225978510027,S2,0.668330568148048,-9.0,9.0,15,5479.0,True,0.5098020901098007,6.448304967952379,1.4048657012712629,r1_basin_level_performance_rebuilt.csv + r1_basin_level_ct.csv
02038850,IC-CMA-ES,IC-CMA-ES,CN,XAJ-CN,test,selected_restart,True,0.0655225978510027,S2,0.678429173276318,2.0,2.0,15,5479.0,True,0.5331192269142295,6.902968990597796,1.3710461600160586,r1_basin_level_performance_rebuilt.csv + r1_basin_level_ct.csv
02038850,IC-CMA-ES,IC-CMA-ES,TGD,XAJ-TGD,test,selected_restart,True,0.0655225978510027,S2,0.6720805728698751,-1.0,1.0,15,5479.0,True,0.4987696489448834,4.802397001570284,1.4205867596227233,r1_basin_level_performance_rebuilt.csv + r1_basin_level_ct.csv
02038850,dPL-MLP,dPL-MLP,Base,XAJ-Base,test,median_across_seeds,True,0.0655225978510027,S2,0.586206495008151,3.0,3.0,15,5479.0,True,0.5128138465538247,9.364203730736081,1.4005433324556362,r1_basin_level_performance_rebuilt.csv + r1_basin_level_ct.csv
02038850,dPL-MLP,dPL-MLP,CN,XAJ-CN,test,median_across_seeds,True,0.0655225978510027,S2,0.6166958349367333,5.0,5.0,15,5479.0,True,0.5306362978201533,10.107219855096037,1.3746870214406235,r1_basin_level_performance_rebuilt.csv + r1_basin_level_ct.csv
02038850,dPL-MLP,dPL-MLP,TGD,XAJ-TGD,test,median_across_seeds,True,0.0655225978510027,S2,0.5670468479432134,5.0,5.0,15,5479.0,True,0.5135390258831694,18.34889406283663,1.3995005859641114,r1_basin_level_performance_rebuilt.csv + r1_basin_level_ct.csv
02046000,IC-CMA-ES,IC-CMA-ES,Base,XAJ-Base,test,selected_restart,True,0.0453728268084367,S1,0.7685895303479298,-5.0,5.0,15,5479.0,True,0.5797634671314812,10.367179372412137,1.4990169907213087,r1_basin_level_performance_rebuilt.csv + r1_basin_level_ct.csv
02046000,IC-CMA-ES,IC-CMA-ES,CN,XAJ-CN,test,selected_restart,True,0.0453728268084367,S1,0.7676215824723789,-9.0,9.0,15,5479.0,True,0.625886233482253,13.774444435306211,1.4143649906213789,r1_basin_level_performance_rebuilt.csv + r1_basin_level_ct.csv
02046000,IC-CMA-ES,IC-CMA-ES,TGD,XAJ-TGD,test,selected_restart,True,0.0453728268084367,S1,0.7451118071040337,-5.0,5.0,15,5479.0,True,0.5928049873551204,15.391644914108886,1.4755736054592508,r1_basin_level_performance_rebuilt.csv + r1_basin_level_ct.csv
02046000,dPL-MLP,dPL-MLP,Base,XAJ-Base,test,median_across_seeds,True,0.0453728268084367,S1,0.781710569595691,-7.0,7.0,15,5479.0,True,0.6404690744203964,6.580878238029863,1.3865252390001401,r1_basin_level_performance_rebuilt.csv + r1_basin_level_ct.csv
02046000,dPL-MLP,dPL-MLP,CN,XAJ-CN,test,median_across_seeds,True,0.0453728268084367,S1,0.7863504944268197,-4.0,4.0,15,5479.0,True,0.625838472037349,7.18671446876867,1.4144552705919886,r1_basin_level_performance_rebuilt.csv + r1_basin_level_ct.csv
02046000,dPL-MLP,dPL-MLP,TGD,XAJ-TGD,test,median_across_seeds,True,0.0453728268084367,S1,0.7932636585366717,-8.0,8.0,15,5479.0,True,0.6303670222370894,6.17386896477119,1.4058694982042368,r1_basin_level_performance_rebuilt.csv + r1_basin_level_ct.csv
02051500,IC-CMA-ES,IC-CMA-ES,Base,XAJ-Base,test,selected_restart,True,0.0525514965704711,S2,0.8403435667228419,-13.0,13.0,15,5479.0,True,0.67981828298841,1.3771270770463184,1.0051281212948675,r1_basin_level_performance_rebuilt.csv + r1_basin_level_ct.csv
02051500,IC-CMA-ES,IC-CMA-ES,CN,XAJ-CN,test,selected_restart,True,0.0525514965704711,S2,0.830658847251729,-12.0,12.0,15,5479.0,True,0.6862574261412646,5.983667775411153,0.9949697719008899,r1_basin_level_performance_rebuilt.csv + r1_basin_level_ct.csv
02051500,IC-CMA-ES,IC-CMA-ES,TGD,XAJ-TGD,test,selected_restart,True,0.0525514965704711,S2,0.8383753757949732,-12.0,12.0,15,5479.0,True,0.68397797583212,2.9236224539753692,0.9985776335903375,r1_basin_level_performance_rebuilt.csv + r1_basin_level_ct.csv
02051500,dPL-MLP,dPL-MLP,Base,XAJ-Base,test,median_across_seeds,True,0.0525514965704711,S2,0.8306149842365183,-1.0,1.0,15,5479.0,True,0.7058041078082531,3.2077224683764944,0.9634772433279307,r1_basin_level_performance_rebuilt.csv + r1_basin_level_ct.csv
02051500,dPL-MLP,dPL-MLP,CN,XAJ-CN,test,median_across_seeds,True,0.0525514965704711,S2,0.8369547978149229,0.0,0.0,15,5479.0,True,0.6899787786575802,2.227462801341303,0.9890514194665814,r1_basin_level_performance_rebuilt.csv + r1_basin_level_ct.csv
02051500,dPL-MLP,dPL-MLP,TGD,XAJ-TGD,test,median_across_seeds,True,0.0525514965704711,S2,0.8436828521373925,0.0,0.0,15,5479.0,True,0.7184188372102671,2.0599430792341495,0.9425946233170359,r1_basin_level_performance_rebuilt.csv + r1_basin_level_ct.csv
02053200,IC-CMA-ES,IC-CMA-ES,Base,XAJ-Base,test,selected_restart,True,0.0248316831845784,S1,0.8883553367182905,-3.0,3.0,15,5479.0,True,0.7969971784645933,4.796286830986415,0.89693222617157,r1_basin_level_performance_rebuilt.csv + r1_basin_level_ct.csv
02053200,IC-CMA-ES,IC-CMA-ES,CN,XAJ-CN,test,selected_restart,True,0.0248316831845784,S1,0.8859891835485071,-2.0,2.0,15,5479.0,True,0.7931003138672965,4.8790071392405485,0.9055001091863788,r1_basin_level_performance_rebuilt.csv + r1_basin_level_ct.csv
02053200,IC-CMA-ES,IC-CMA-ES,TGD,XAJ-TGD,test,selected_restart,True,0.0248316831845784,S1,0.8731693174764359,-5.0,5.0,15,5479.0,True,0.7709120419213593,5.6412461939532434,0.9528174927102814,r1_basin_level_performance_rebuilt.csv + r1_basin_level_ct.csv
02053200,dPL-MLP,dPL-MLP,Base,XAJ-Base,test,median_across_seeds,True,0.0248316831845784,S1,0.8715847133840962,-3.0,3.0,15,5479.0,True,0.7767544315967085,5.386675107803853,0.9405892575720605,r1_basin_level_performance_rebuilt.csv + r1_basin_level_ct.csv
02053200,dPL-MLP,dPL-MLP,CN,XAJ-CN,test,median_across_seeds,True,0.0248316831845784,S1,0.8720191255350709,-1.0,1.0,15,5479.0,True,0.7835416727687269,7.392657222489403,0.9261807282758461,r1_basin_level_performance_rebuilt.csv + r1_basin_level_ct.csv
02053200,dPL-MLP,dPL-MLP,TGD,XAJ-TGD,test,median_across_seeds,True,0.0248316831845784,S1,0.8636030048558707,-3.0,3.0,15,5479.0,True,0.8109572001115464,3.501911188781388,0.8655430262366415,r1_basin_level_performance_rebuilt.csv + r1_basin_level_ct.csv
02053800,IC-CMA-ES,IC-CMA-ES,Base,XAJ-Base,test,selected_restart,True,0.0938172550300136,S2,0.7127453734455997,7.0,7.0,15,5479.0,True,0.571099471942176,19.745599206156605,1.0358900558868367,r1_basin_level_performance_rebuilt.csv + r1_basin_level_ct.csv
02053800,IC-CMA-ES,IC-CMA-ES,CN,XAJ-CN,test,selected_restart,True,0.0938172550300136,S2,0.7330833949491107,8.0,8.0,15,5479.0,True,0.6233076800340676,19.416229926968214,0.97079773971741,r1_basin_level_performance_rebuilt.csv + r1_basin_level_ct.csv
02053800,IC-CMA-ES,IC-CMA-ES,TGD,XAJ-TGD,test,selected_restart,True,0.0938172550300136,S2,0.7293946525355105,8.0,8.0,15,5479.0,True,0.618444588282063,19.47233197390103,0.9770441357011583,r1_basin_level_performance_rebuilt.csv + r1_basin_level_ct.csv
02053800,dPL-MLP,dPL-MLP,Base,XAJ-Base,test,median_across_seeds,True,0.0938172550300136,S2,0.6773272753271686,3.0,3.0,15,5479.0,True,0.586539994954113,20.710922608538105,1.0170730023939503,r1_basin_level_performance_rebuilt.csv + r1_basin_level_ct.csv
02053800,dPL-MLP,dPL-MLP,CN,XAJ-CN,test,median_across_seeds,True,0.0938172550300136,S2,0.6893928756998368,9.0,9.0,15,5479.0,True,0.6327753141904284,24.138849528254223,0.9585202835150363,r1_basin_level_performance_rebuilt.csv + r1_basin_level_ct.csv
02053800,dPL-MLP,dPL-MLP,TGD,XAJ-TGD,test,median_across_seeds,True,0.0938172550300136,S2,0.6897637407525588,2.0,2.0,15,5479.0,True,0.6117092559827049,23.07841982548961,0.9856299518733745,r1_basin_level_performance_rebuilt.csv + r1_basin_level_ct.csv
02055100,IC-CMA-ES,IC-CMA-ES,Base,XAJ-Base,test,selected_restart,True,0.0622119918873982,S2,0.42640611216803803,-29.0,29.0,15,5479.0,True,-0.18520566885272927,6.29751944556539,1.9052049124096992,r1_basin_level_performance_rebuilt.csv + r1_basin_level_ct.csv
02055100,IC-CMA-ES,IC-CMA-ES,CN,XAJ-CN,test,selected_restart,True,0.0622119918873982,S2,0.4273741820897142,-6.0,6.0,15,5479.0,True,-0.08431618867151291,9.913434548987661,1.8223122872797977,r1_basin_level_performance_rebuilt.csv + r1_basin_level_ct.csv
02055100,IC-CMA-ES,IC-CMA-ES,TGD,XAJ-TGD,test,selected_restart,True,0.0622119918873982,S2,0.42056503979379956,-19.0,19.0,15,5479.0,True,-0.1889409667487083,10.235926857420836,1.908204775557412,r1_basin_level_performance_rebuilt.csv + r1_basin_level_ct.csv
02055100,dPL-MLP,dPL-MLP,Base,XAJ-Base,test,median_across_seeds,True,0.0622119918873982,S2,0.6750331684954929,4.0,4.0,15,5479.0,True,0.5516402521080892,13.364761778893783,1.1718125386845577,r1_basin_level_performance_rebuilt.csv + r1_basin_level_ct.csv
02055100,dPL-MLP,dPL-MLP,CN,XAJ-CN,test,median_across_seeds,True,0.0622119918873982,S2,0.7041392139490563,7.0,7.0,15,5479.0,True,0.5682311476093098,15.551612796085701,1.149927572054845,r1_basin_level_performance_rebuilt.csv + r1_basin_level_ct.csv
02055100,dPL-MLP,dPL-MLP,TGD,XAJ-TGD,test,median_across_seeds,True,0.0622119918873982,S2,0.7125117354556021,2.0,2.0,15,5479.0,True,0.5822822713360076,13.606339944598501,1.1310616739081094,r1_basin_level_performance_rebuilt.csv + r1_basin_level_ct.csv
02056900,IC-CMA-ES,IC-CMA-ES,Base,XAJ-Base,test,selected_restart,True,0.0646059372808137,S2,0.7708985095724652,10.0,10.0,15,5479.0,True,0.6564029576594086,15.669527099264558,0.9206961100863468,r1_basin_level_performance_rebuilt.csv + r1_basin_level_ct.csv
02056900,IC-CMA-ES,IC-CMA-ES,CN,XAJ-CN,test,selected_restart,True,0.0646059372808137,S2,0.7784569717768453,13.0,13.0,15,5479.0,True,0.6749239558211797,15.563226483010055,0.8955381323192332,r1_basin_level_performance_rebuilt.csv + r1_basin_level_ct.csv
02056900,IC-CMA-ES,IC-CMA-ES,TGD,XAJ-TGD,test,selected_restart,True,0.0646059372808137,S2,0.7620784671924307,13.0,13.0,15,5479.0,True,0.6370859789737778,16.007813517493016,0.9462229416478833,r1_basin_level_performance_rebuilt.csv + r1_basin_level_ct.csv
02056900,dPL-MLP,dPL-MLP,Base,XAJ-Base,test,median_across_seeds,True,0.0646059372808137,S2,0.7610325999233019,7.0,7.0,15,5479.0,True,0.6813379074788646,13.280065584287794,0.8866593572384734,r1_basin_level_performance_rebuilt.csv + r1_basin_level_ct.csv
02056900,dPL-MLP,dPL-MLP,CN,XAJ-CN,test,median_across_seeds,True,0.0646059372808137,S2,0.7717513971147225,8.0,8.0,15,5479.0,True,0.6973186755022605,14.329323362614977,0.8641406052166501,r1_basin_level_performance_rebuilt.csv + r1_basin_level_ct.csv
02056900,dPL-MLP,dPL-MLP,TGD,XAJ-TGD,test,median_across_seeds,True,0.0646059372808137,S2,0.7416751887037245,8.0,8.0,15,5479.0,True,0.6918882680896211,16.349879092144125,0.8718579208167264,r1_basin_level_performance_rebuilt.csv + r1_basin_level_ct.csv
02059500,IC-CMA-ES,IC-CMA-ES,Base,XAJ-Base,test,selected_restart,True,0.0529389162953181,S2,0.6393958595652511,-22.0,22.0,15,5479.0,True,0.34169662293967895,16.60415859194665,1.3324482715369632,r1_basin_level_performance_rebuilt.csv + r1_basin_level_ct.csv
02059500,IC-CMA-ES,IC-CMA-ES,CN,XAJ-CN,test,selected_restart,True,0.0529389162953181,S2,0.6216460868983434,-8.0,8.0,15,5479.0,True,0.31363632868405866,18.62444389685916,1.3605498556484272,r1_basin_level_performance_rebuilt.csv + r1_basin_level_ct.csv
02059500,IC-CMA-ES,IC-CMA-ES,TGD,XAJ-TGD,test,selected_restart,True,0.0529389162953181,S2,0.6344663485042179,-22.0,22.0,15,5479.0,True,0.3482810541529274,16.673019895970786,1.325767869391396,r1_basin_level_performance_rebuilt.csv + r1_basin_level_ct.csv
02059500,dPL-MLP,dPL-MLP,Base,XAJ-Base,test,median_across_seeds,True,0.0529389162953181,S2,0.6578449855855162,0.0,0.0,15,5479.0,True,0.6331858515417579,19.024139212021225,0.9946272547384466,r1_basin_level_performance_rebuilt.csv + r1_basin_level_ct.csv
02059500,dPL-MLP,dPL-MLP,CN,XAJ-CN,test,median_across_seeds,True,0.0529389162953181,S2,0.6478286211710564,3.0,3.0,15,5479.0,True,0.6608702912107196,23.713759525698922,0.9563574266813893,r1_basin_level_performance_rebuilt.csv + r1_basin_level_ct.csv
02059500,dPL-MLP,dPL-MLP,TGD,XAJ-TGD,test,median_across_seeds,True,0.0529389162953181,S2,0.6151740263495227,2.0,2.0,15,5479.0,True,0.6475474907908605,24.47813634017491,0.9749618443423452,r1_basin_level_performance_rebuilt.csv + r1_basin_level_ct.csv
02064000,IC-CMA-ES,IC-CMA-ES,Base,XAJ-Base,test,selected_restart,True,0.0606011692596163,S2,0.739059595785394,-16.0,16.0,15,5479.0,True,0.6160998162162898,11.012600418943268,1.4572034442431054,r1_basin_level_performance_rebuilt.csv + r1_basin_level_ct.csv
02064000,IC-CMA-ES,IC-CMA-ES,CN,XAJ-CN,test,selected_restart,True,0.0606011692596163,S2,0.7353626969959035,-15.0,15.0,15,5479.0,True,0.6191498683014203,10.822974456399113,1.451403226224853,r1_basin_level_performance_rebuilt.csv + r1_basin_level_ct.csv
02064000,IC-CMA-ES,IC-CMA-ES,TGD,XAJ-TGD,test,selected_restart,True,0.0606011692596163,S2,0.7440210599400211,-14.0,14.0,15,5479.0,True,0.6354309418333994,10.509270678405267,1.4200411586142576,r1_basin_level_performance_rebuilt.csv + r1_basin_level_ct.csv
02064000,dPL-MLP,dPL-MLP,Base,XAJ-Base,test,median_across_seeds,True,0.0606011692596163,S2,0.6149369290589066,1.0,1.0,15,5479.0,True,0.5993929228263846,21.78178455835067,1.4885736865436716,r1_basin_level_performance_rebuilt.csv + r1_basin_level_ct.csv
02064000,dPL-MLP,dPL-MLP,CN,XAJ-CN,test,median_across_seeds,True,0.0606011692596163,S2,0.6259824711320359,1.0,1.0,15,5479.0,True,0.6256835891369016,28.348800349809693,1.438899504507777,r1_basin_level_performance_rebuilt.csv + r1_basin_level_ct.csv
02064000,dPL-MLP,dPL-MLP,TGD,XAJ-TGD,test,median_across_seeds,True,0.0606011692596163,S2,0.6101340031864286,1.0,1.0,15,5479.0,True,0.615633816937989,24.884271164533235,1.4580875930897916,r1_basin_level_performance_rebuilt.csv + r1_basin_level_ct.csv
02065500,IC-CMA-ES,IC-CMA-ES,Base,XAJ-Base,test,selected_restart,True,0.0617139970732649,S2,0.7129189873069841,-13.0,13.0,15,5479.0,True,0.5070629369354844,16.44091451145574,1.2661155488865818,r1_basin_level_performance_rebuilt.csv + r1_basin_level_ct.csv
02065500,IC-CMA-ES,IC-CMA-ES,CN,XAJ-CN,test,selected_restart,True,0.0617139970732649,S2,0.7072967708167521,-10.0,10.0,15,5479.0,True,0.5205421994976552,18.200212735896443,1.248684727812364,r1_basin_level_performance_rebuilt.csv + r1_basin_level_ct.csv
02065500,IC-CMA-ES,IC-CMA-ES,TGD,XAJ-TGD,test,selected_restart,True,0.0617139970732649,S2,0.719413584920087,-8.0,8.0,15,5479.0,True,0.5247901747955728,16.461812016913974,1.2431407744552134,r1_basin_level_performance_rebuilt.csv + r1_basin_level_ct.csv
02065500,dPL-MLP,dPL-MLP,Base,XAJ-Base,test,median_across_seeds,True,0.0617139970732649,S2,0.6076179720797003,-4.0,4.0,15,5479.0,True,0.4924796519198691,31.707828309165645,1.284707724136151,r1_basin_level_performance_rebuilt.csv + r1_basin_level_ct.csv
02065500,dPL-MLP,dPL-MLP,CN,XAJ-CN,test,median_across_seeds,True,0.0617139970732649,S2,0.5910398662219395,1.0,1.0,15,5479.0,True,0.4918281135975524,33.85113830185344,1.285532092903462,r1_basin_level_performance_rebuilt.csv + r1_basin_level_ct.csv
02065500,dPL-MLP,dPL-MLP,TGD,XAJ-TGD,test,median_across_seeds,True,0.0617139970732649,S2,0.6442777546681018,-1.0,1.0,15,5479.0,True,0.5401534794095093,28.068221120428973,1.222880607726685,r1_basin_level_performance_rebuilt.csv + r1_basin_level_ct.csv
02069700,IC-CMA-ES,IC-CMA-ES,Base,XAJ-Base,test,selected_restart,True,0.0533951587612168,S2,0.572804743745827,-10.0,10.0,15,5479.0,True,0.4503950593354634,27.474438738432607,0.9534916742195918,r1_basin_level_performance_rebuilt.csv + r1_basin_level_ct.csv
02069700,IC-CMA-ES,IC-CMA-ES,CN,XAJ-CN,test,selected_restart,True,0.0533951587612168,S2,0.5621999944139154,-5.0,5.0,15,5479.0,True,0.49458894690514044,24.481452268937304,0.9143531362354885,r1_basin_level_performance_rebuilt.csv + r1_basin_level_ct.csv
02069700,IC-CMA-ES,IC-CMA-ES,TGD,XAJ-TGD,test,selected_restart,True,0.0533951587612168,S2,0.5559780800715945,-4.0,4.0,15,5479.0,True,0.4979935668584581,25.744054484869586,0.9112682360903336,r1_basin_level_performance_rebuilt.csv + r1_basin_level_ct.csv
02069700,dPL-MLP,dPL-MLP,Base,XAJ-Base,test,median_across_seeds,True,0.0533951587612168,S2,0.729177398605026,-6.0,6.0,15,5479.0,True,0.6783648497875424,21.557331126857065,0.7294127385209409,r1_basin_level_performance_rebuilt.csv + r1_basin_level_ct.csv
02069700,dPL-MLP,dPL-MLP,CN,XAJ-CN,test,median_across_seeds,True,0.0533951587612168,S2,0.7196533695425616,-1.0,1.0,15,5479.0,True,0.6892000004880436,24.365875442191022,0.7170213639346743,r1_basin_level_performance_rebuilt.csv + r1_basin_level_ct.csv
02069700,dPL-MLP,dPL-MLP,TGD,XAJ-TGD,test,median_across_seeds,True,0.0533951587612168,S2,0.716858701411283,-2.0,2.0,15,5479.0,True,0.682557602091873,23.175375336723235,0.7246429254862046,r1_basin_level_performance_rebuilt.csv + r1_basin_level_ct.csv
02070000,IC-CMA-ES,IC-CMA-ES,Base,XAJ-Base,test,selected_restart,True,0.0508621647943431,S2,0.6701512374668117,-5.0,5.0,15,5479.0,True,0.5010571161631433,14.506633789420409,1.0476836815301462,r1_basin_level_performance_rebuilt.csv + r1_basin_level_ct.csv
02070000,IC-CMA-ES,IC-CMA-ES,CN,XAJ-CN,test,selected_restart,True,0.0508621647943431,S2,0.6417536356629069,-6.0,6.0,15,5479.0,True,0.5004266611561263,13.646503480431225,1.0483453894344985,r1_basin_level_performance_rebuilt.csv + r1_basin_level_ct.csv
02070000,IC-CMA-ES,IC-CMA-ES,TGD,XAJ-TGD,test,selected_restart,True,0.0508621647943431,S2,0.6957657689371832,-2.0,2.0,15,5479.0,True,0.5379873608863344,14.13595913857822,1.0081651744939337,r1_basin_level_performance_rebuilt.csv + r1_basin_level_ct.csv
02070000,dPL-MLP,dPL-MLP,Base,XAJ-Base,test,median_across_seeds,True,0.0508621647943431,S2,0.7650582052289184,-1.0,1.0,15,5479.0,True,0.632438742715048,17.00075069737473,0.8992275979781623,r1_basin_level_performance_rebuilt.csv + r1_basin_level_ct.csv
02070000,dPL-MLP,dPL-MLP,CN,XAJ-CN,test,median_across_seeds,True,0.0508621647943431,S2,0.6966278255300022,0.0,0.0,15,5479.0,True,0.6226716669119565,23.742893084353803,0.9110966956843203,r1_basin_level_performance_rebuilt.csv + r1_basin_level_ct.csv
02070000,dPL-MLP,dPL-MLP,TGD,XAJ-TGD,test,median_across_seeds,True,0.0508621647943431,S2,0.7537232525356523,0.0,0.0,15,5479.0,True,0.6728612277339182,17.152060227804963,0.8483416172416619,r1_basin_level_performance_rebuilt.csv + r1_basin_level_ct.csv
02074500,IC-CMA-ES,IC-CMA-ES,Base,XAJ-Base,test,selected_restart,True,0.0524690208413809,S2,0.8446093719697932,-1.0,1.0,15,5479.0,True,0.7023821413401965,4.637405078706291,1.1210326977544967,r1_basin_level_performance_rebuilt.csv + r1_basin_level_ct.csv
02074500,IC-CMA-ES,IC-CMA-ES,CN,XAJ-CN,test,selected_restart,True,0.0524690208413809,S2,0.826176816302043,-7.0,7.0,15,5479.0,True,0.6590848943865886,4.06187514895697,1.1998084290227111,r1_basin_level_performance_rebuilt.csv + r1_basin_level_ct.csv
02074500,IC-CMA-ES,IC-CMA-ES,TGD,XAJ-TGD,test,selected_restart,True,0.0524690208413809,S2,0.8500899475110135,-2.0,2.0,15,5479.0,True,0.7105440049181746,4.185340392979284,1.1055542557620885,r1_basin_level_performance_rebuilt.csv + r1_basin_level_ct.csv
02074500,dPL-MLP,dPL-MLP,Base,XAJ-Base,test,median_across_seeds,True,0.0524690208413809,S2,0.7640110162155622,-1.0,1.0,15,5479.0,True,0.7064230324937134,16.389686068994706,1.1133963066215653,r1_basin_level_performance_rebuilt.csv + r1_basin_level_ct.csv
02074500,dPL-MLP,dPL-MLP,CN,XAJ-CN,test,median_across_seeds,True,0.0524690208413809,S2,0.7687105744460571,-1.0,1.0,15,5479.0,True,0.7172087686272032,15.237815735613154,1.0927523666544097,r1_basin_level_performance_rebuilt.csv + r1_basin_level_ct.csv
02074500,dPL-MLP,dPL-MLP,TGD,XAJ-TGD,test,median_across_seeds,True,0.0524690208413809,S2,0.7465099159948285,-2.0,2.0,15,5479.0,True,0.7134449951192252,18.146638447789336,1.1000002536740274,r1_basin_level_performance_rebuilt.csv + r1_basin_level_ct.csv
02077200,IC-CMA-ES,IC-CMA-ES,Base,XAJ-Base,test,selected_restart,True,0.0489889008542847,S1,0.4240128480739097,-17.0,17.0,15,5479.0,True,0.06138434990163122,25.81781665923385,2.798205390661466,r1_basin_level_performance_rebuilt.csv + r1_basin_level_ct.csv
02077200,IC-CMA-ES,IC-CMA-ES,CN,XAJ-CN,test,selected_restart,True,0.0489889008542847,S1,0.4111649290696143,-16.0,16.0,15,5479.0,True,0.02686981161104418,24.14598658484985,2.849188390234447,r1_basin_level_performance_rebuilt.csv + r1_basin_level_ct.csv
02077200,IC-CMA-ES,IC-CMA-ES,TGD,XAJ-TGD,test,selected_restart,True,0.0489889008542847,S1,0.44620900030563837,-17.0,17.0,15,5479.0,True,0.05772092314545607,18.985923988214985,2.8036607852676116,r1_basin_level_performance_rebuilt.csv + r1_basin_level_ct.csv
02077200,dPL-MLP,dPL-MLP,Base,XAJ-Base,test,median_across_seeds,True,0.0489889008542847,S1,0.6968565075227404,-1.0,1.0,15,5479.0,True,0.6308874888892473,24.072076981321832,1.754749293671254,r1_basin_level_performance_rebuilt.csv + r1_basin_level_ct.csv
02077200,dPL-MLP,dPL-MLP,CN,XAJ-CN,test,median_across_seeds,True,0.0489889008542847,S1,0.7303624450561914,-1.0,1.0,15,5479.0,True,0.6467314468192411,19.319314451638533,1.7166753976931615,r1_basin_level_performance_rebuilt.csv + r1_basin_level_ct.csv
02077200,dPL-MLP,dPL-MLP,TGD,XAJ-TGD,test,median_across_seeds,True,0.0489889008542847,S1,0.7266740799822928,0.0,0.0,15,5479.0,True,0.664402604223404,20.989534302114166,1.6731889368151334,r1_basin_level_performance_rebuilt.csv + r1_basin_level_ct.csv
02081500,IC-CMA-ES,IC-CMA-ES,Base,XAJ-Base,test,selected_restart,True,0.0436247713972968,S1,0.7299183149361004,-8.0,8.0,15,5479.0,True,0.7028695215643004,18.569400394905202,1.4581114052331492,r1_basin_level_performance_rebuilt.csv + r1_basin_level_ct.csv
02081500,IC-CMA-ES,IC-CMA-ES,CN,XAJ-CN,test,selected_restart,True,0.0436247713972968,S1,0.6190189609525534,-13.0,13.0,15,5479.0,True,0.5604559110786465,24.822678041457625,1.7734474649581298,r1_basin_level_performance_rebuilt.csv + r1_basin_level_ct.csv
02081500,IC-CMA-ES,IC-CMA-ES,TGD,XAJ-TGD,test,selected_restart,True,0.0436247713972968,S1,0.7590335283791153,-18.0,18.0,15,5479.0,True,0.7236893960761233,17.82328249017617,1.4060989434464397,r1_basin_level_performance_rebuilt.csv + r1_basin_level_ct.csv
02081500,dPL-MLP,dPL-MLP,Base,XAJ-Base,test,median_across_seeds,True,0.0436247713972968,S1,0.7607126488294227,-2.0,2.0,15,5479.0,True,0.7472121695857286,17.837646824875886,1.3449160831891915,r1_basin_level_performance_rebuilt.csv + r1_basin_level_ct.csv
02081500,dPL-MLP,dPL-MLP,CN,XAJ-CN,test,median_across_seeds,True,0.0436247713972968,S1,0.78313694929169,-2.0,2.0,15,5479.0,True,0.747866900590221,18.332723869584022,1.3431732596385528,r1_basin_level_performance_rebuilt.csv + r1_basin_level_ct.csv
02081500,dPL-MLP,dPL-MLP,TGD,XAJ-TGD,test,median_across_seeds,True,0.0436247713972968,S1,0.7784714563857207,-2.0,2.0,15,5479.0,True,0.7642795617401367,18.143488554631627,1.2987205896636413,r1_basin_level_performance_rebuilt.csv + r1_basin_level_ct.csv
02082950,IC-CMA-ES,IC-CMA-ES,Base,XAJ-Base,test,selected_restart,True,0.0329927432325966,S1,0.7947804282240876,-15.0,15.0,15,5479.0,True,0.7291871642925123,15.325237546203105,1.2227761219899398,r1_basin_level_performance_rebuilt.csv + r1_basin_level_ct.csv
02082950,IC-CMA-ES,IC-CMA-ES,CN,XAJ-CN,test,selected_restart,True,0.0329927432325966,S1,0.7975314331551147,-5.0,5.0,15,5479.0,True,0.7624654659195261,16.563643273873172,1.1451851462726796,r1_basin_level_performance_rebuilt.csv + r1_basin_level_ct.csv
02082950,IC-CMA-ES,IC-CMA-ES,TGD,XAJ-TGD,test,selected_restart,True,0.0329927432325966,S1,0.7993186638566805,-5.0,5.0,15,5479.0,True,0.7663537477912562,16.37205987032486,1.1357735133473437,r1_basin_level_performance_rebuilt.csv + r1_basin_level_ct.csv
02082950,dPL-MLP,dPL-MLP,Base,XAJ-Base,test,median_across_seeds,True,0.0329927432325966,S1,0.8247589215591968,-9.0,9.0,15,5479.0,True,0.7928361862836759,12.122503096787485,1.0694716477911888,r1_basin_level_performance_rebuilt.csv + r1_basin_level_ct.csv
02082950,dPL-MLP,dPL-MLP,CN,XAJ-CN,test,median_across_seeds,True,0.0329927432325966,S1,0.8163893855829832,-8.0,8.0,15,5479.0,True,0.7700590300528245,13.186116449627285,1.1267316827510616,r1_basin_level_performance_rebuilt.csv + r1_basin_level_ct.csv
02082950,dPL-MLP,dPL-MLP,TGD,XAJ-TGD,test,median_across_seeds,True,0.0329927432325966,S1,0.8257891504096384,-8.0,8.0,15,5479.0,True,0.7902226315890516,11.151597909885554,1.0761966690061404,r1_basin_level_performance_rebuilt.csv + r1_basin_level_ct.csv
02092500,IC-CMA-ES,IC-CMA-ES,Base,XAJ-Base,test,selected_restart,True,0.0120832517590196,S1,0.8196791243956623,0.0,0.0,15,5479.0,True,0.7532156419952644,2.29505423050799,1.1824528097210787,r1_basin_level_performance_rebuilt.csv + r1_basin_level_ct.csv
02092500,IC-CMA-ES,IC-CMA-ES,CN,XAJ-CN,test,selected_restart,True,0.0120832517590196,S1,0.7983647663698457,0.0,0.0,15,5479.0,True,0.7388904025458014,2.9941606140156636,1.2162879960779183,r1_basin_level_performance_rebuilt.csv + r1_basin_level_ct.csv
02092500,IC-CMA-ES,IC-CMA-ES,TGD,XAJ-TGD,test,selected_restart,True,0.0120832517590196,S1,0.8002690394065037,0.0,0.0,15,5479.0,True,0.7258937054846513,2.665591738825426,1.2461907040396305,r1_basin_level_performance_rebuilt.csv + r1_basin_level_ct.csv
02092500,dPL-MLP,dPL-MLP,Base,XAJ-Base,test,median_across_seeds,True,0.0120832517590196,S1,0.7991498814185654,1.0,1.0,15,5479.0,True,0.7150867955250052,5.752650430465983,1.2705193731064222,r1_basin_level_performance_rebuilt.csv + r1_basin_level_ct.csv
02092500,dPL-MLP,dPL-MLP,CN,XAJ-CN,test,median_across_seeds,True,0.0120832517590196,S1,0.7750162340355693,2.0,2.0,15,5479.0,True,0.6916190597532199,5.169115758305529,1.3218091902299676,r1_basin_level_performance_rebuilt.csv + r1_basin_level_ct.csv
02092500,dPL-MLP,dPL-MLP,TGD,XAJ-TGD,test,median_across_seeds,True,0.0120832517590196,S1,0.7687689565694646,0.0,0.0,15,5479.0,True,0.691834038477976,2.6667358018917806,1.3213483796579377,r1_basin_level_performance_rebuilt.csv + r1_basin_level_ct.csv
02096846,IC-CMA-ES,IC-CMA-ES,Base,XAJ-Base,test,selected_restart,True,0.0392525452032849,S1,0.44875350253962165,-21.0,21.0,15,5479.0,True,0.11580508899120445,35.37817611554149,2.464811918889857,r1_basin_level_performance_rebuilt.csv + r1_basin_level_ct.csv
02096846,IC-CMA-ES,IC-CMA-ES,CN,XAJ-CN,test,selected_restart,True,0.0392525452032849,S1,0.48506449005840213,-14.0,14.0,15,5479.0,True,0.10103731624704648,29.268949710441323,2.485310256527498,r1_basin_level_performance_rebuilt.csv + r1_basin_level_ct.csv
02096846,IC-CMA-ES,IC-CMA-ES,TGD,XAJ-TGD,test,selected_restart,True,0.0392525452032849,S1,0.4371325643982221,-26.0,26.0,15,5479.0,True,0.05870156127951076,33.681560252152686,2.5431586232884245,r1_basin_level_performance_rebuilt.csv + r1_basin_level_ct.csv
02096846,dPL-MLP,dPL-MLP,Base,XAJ-Base,test,median_across_seeds,True,0.0392525452032849,S1,0.552597287100298,-6.0,6.0,15,5479.0,True,0.3490421533517285,32.713725807977426,2.1148823515155444,r1_basin_level_performance_rebuilt.csv + r1_basin_level_ct.csv
02096846,dPL-MLP,dPL-MLP,CN,XAJ-CN,test,median_across_seeds,True,0.0392525452032849,S1,0.543178524440505,1.0,1.0,15,5479.0,True,0.3677232334481181,30.89585950354877,2.0843151811334497,r1_basin_level_performance_rebuilt.csv + r1_basin_level_ct.csv
02096846,dPL-MLP,dPL-MLP,TGD,XAJ-TGD,test,median_across_seeds,True,0.0392525452032849,S1,0.5570839104695453,0.0,0.0,15,5479.0,True,0.3485798229840109,31.535835732157658,2.115633245594578,r1_basin_level_performance_rebuilt.csv + r1_basin_level_ct.csv
02102908,IC-CMA-ES,IC-CMA-ES,Base,XAJ-Base,test,selected_restart,True,0.0235111757954398,S1,0.6275645779971699,12.0,12.0,15,5479.0,True,0.45963299995792506,19.749490978836377,0.8676593512283027,r1_basin_level_performance_rebuilt.csv + r1_basin_level_ct.csv
02102908,IC-CMA-ES,IC-CMA-ES,CN,XAJ-CN,test,selected_restart,True,0.0235111757954398,S1,0.514104009178828,25.0,25.0,15,5479.0,True,0.2454786320586947,17.495331426537465,1.0252755812100327,r1_basin_level_performance_rebuilt.csv + r1_basin_level_ct.csv
02102908,IC-CMA-ES,IC-CMA-ES,TGD,XAJ-TGD,test,selected_restart,True,0.0235111757954398,S1,0.43709085015761684,20.0,20.0,15,5479.0,True,0.13411119577380703,17.979170365634918,1.0983377343804022,r1_basin_level_performance_rebuilt.csv + r1_basin_level_ct.csv
02102908,dPL-MLP,dPL-MLP,Base,XAJ-Base,test,median_across_seeds,True,0.0235111757954398,S1,0.6996929313275086,16.0,16.0,15,5479.0,True,0.5493254967950092,21.209060161585903,0.7923851659110964,r1_basin_level_performance_rebuilt.csv + r1_basin_level_ct.csv
02102908,dPL-MLP,dPL-MLP,CN,XAJ-CN,test,median_across_seeds,True,0.0235111757954398,S1,0.665896740125974,18.0,18.0,15,5479.0,True,0.49492719888051107,20.925684064576245,0.8388452181158095,r1_basin_level_performance_rebuilt.csv + r1_basin_level_ct.csv
02102908,dPL-MLP,dPL-MLP,TGD,XAJ-TGD,test,median_across_seeds,True,0.0235111757954398,S1,0.6327714837019882,16.0,16.0,15,5479.0,True,0.4686013509835094,24.26541598289387,0.8604290510621551,r1_basin_level_performance_rebuilt.csv + r1_basin_level_ct.csv
02108000,IC-CMA-ES,IC-CMA-ES,Base,XAJ-Base,test,selected_restart,True,0.0092819261110396,S1,0.8826533182620254,4.0,4.0,15,5479.0,True,0.854293810224871,-4.925370337501415,0.7859309516348372,r1_basin_level_performance_rebuilt.csv + r1_basin_level_ct.csv
02108000,IC-CMA-ES,IC-CMA-ES,CN,XAJ-CN,test,selected_restart,True,0.0092819261110396,S1,0.8714903897050752,3.0,3.0,15,5479.0,True,0.8429457834928528,-4.01380414595235,0.8159624853119234,r1_basin_level_performance_rebuilt.csv + r1_basin_level_ct.csv
02108000,IC-CMA-ES,IC-CMA-ES,TGD,XAJ-TGD,test,selected_restart,True,0.0092819261110396,S1,0.8832360697509547,4.0,4.0,15,5479.0,True,0.8530940307208024,-4.560632652643988,0.789160089304273,r1_basin_level_performance_rebuilt.csv + r1_basin_level_ct.csv
02108000,dPL-MLP,dPL-MLP,Base,XAJ-Base,test,median_across_seeds,True,0.0092819261110396,S1,0.7940541580911598,4.0,4.0,15,5479.0,True,0.8133836257403122,-9.802698538734298,0.8894473908249395,r1_basin_level_performance_rebuilt.csv + r1_basin_level_ct.csv
02108000,dPL-MLP,dPL-MLP,CN,XAJ-CN,test,median_across_seeds,True,0.0092819261110396,S1,0.8126986335539207,4.0,4.0,15,5479.0,True,0.8247292718589582,-8.854124102802471,0.8619857518558746,r1_basin_level_performance_rebuilt.csv + r1_basin_level_ct.csv
02108000,dPL-MLP,dPL-MLP,TGD,XAJ-TGD,test,median_across_seeds,True,0.0092819261110396,S1,0.7995321623452213,3.0,3.0,15,5479.0,True,0.7985647665159313,-9.514002117729719,0.9240875303982752,r1_basin_level_performance_rebuilt.csv + r1_basin_level_ct.csv
02111180,IC-CMA-ES,IC-CMA-ES,Base,XAJ-Base,test,selected_restart,True,0.0460568781002514,S1,0.7286368266686134,-3.0,3.0,15,5479.0,True,0.6087361568975769,17.80702758672559,1.3232882178407224,r1_basin_level_performance_rebuilt.csv + r1_basin_level_ct.csv
02111180,IC-CMA-ES,IC-CMA-ES,CN,XAJ-CN,test,selected_restart,True,0.0460568781002514,S1,0.7373917791940311,-2.0,2.0,15,5479.0,True,0.6209039528447248,17.77062927258668,1.3025494370489394,r1_basin_level_performance_rebuilt.csv + r1_basin_level_ct.csv
02111180,IC-CMA-ES,IC-CMA-ES,TGD,XAJ-TGD,test,selected_restart,True,0.0460568781002514,S1,0.7412595349823711,-2.0,2.0,15,5479.0,True,0.6306440941861626,17.853613546574305,1.2857073045299348,r1_basin_level_performance_rebuilt.csv + r1_basin_level_ct.csv
02111180,dPL-MLP,dPL-MLP,Base,XAJ-Base,test,median_across_seeds,True,0.0460568781002514,S1,0.7898349998944882,-2.0,2.0,15,5479.0,True,0.669440523291237,13.739837218842986,1.216310325772244,r1_basin_level_performance_rebuilt.csv + r1_basin_level_ct.csv
02111180,dPL-MLP,dPL-MLP,CN,XAJ-CN,test,median_across_seeds,True,0.0460568781002514,S1,0.7842829902350182,0.0,0.0,15,5479.0,True,0.6754255401019955,15.11233200835166,1.2052489423487591,r1_basin_level_performance_rebuilt.csv + r1_basin_level_ct.csv
02111180,dPL-MLP,dPL-MLP,TGD,XAJ-TGD,test,median_across_seeds,True,0.0460568781002514,S1,0.777351795381662,-2.0,2.0,15,5479.0,True,0.6682436857282668,15.320126964510505,1.2185102484835737,r1_basin_level_performance_rebuilt.csv + r1_basin_level_ct.csv
02111500,IC-CMA-ES,IC-CMA-ES,Base,XAJ-Base,test,selected_restart,True,0.0523692516718814,S2,0.7342575875467154,6.0,6.0,15,5479.0,True,0.6305259381361624,8.872242705438536,0.8794484657869377,r1_basin_level_performance_rebuilt.csv + r1_basin_level_ct.csv
02111500,IC-CMA-ES,IC-CMA-ES,CN,XAJ-CN,test,selected_restart,True,0.0523692516718814,S2,0.7355125062643544,9.0,9.0,15,5479.0,True,0.617717299754845,8.108257740371792,0.8945626069650486,r1_basin_level_performance_rebuilt.csv + r1_basin_level_ct.csv
02111500,IC-CMA-ES,IC-CMA-ES,TGD,XAJ-TGD,test,selected_restart,True,0.0523692516718814,S2,0.7264670498715816,3.0,3.0,15,5479.0,True,0.6235007041940147,10.09672986499127,0.8877700759636091,r1_basin_level_performance_rebuilt.csv + r1_basin_level_ct.csv
02111500,dPL-MLP,dPL-MLP,Base,XAJ-Base,test,median_across_seeds,True,0.0523692516718814,S2,0.7388399397755656,6.0,6.0,15,5479.0,True,0.6336664189487564,11.283793827654234,0.8757028915756265,r1_basin_level_performance_rebuilt.csv + r1_basin_level_ct.csv
02111500,dPL-MLP,dPL-MLP,CN,XAJ-CN,test,median_across_seeds,True,0.0523692516718814,S2,0.7196673185587956,9.0,9.0,15,5479.0,True,0.602507964951899,12.72823862676489,0.9121843845728341,r1_basin_level_performance_rebuilt.csv + r1_basin_level_ct.csv
02111500,dPL-MLP,dPL-MLP,TGD,XAJ-TGD,test,median_across_seeds,True,0.0523692516718814,S2,0.7337037113787492,6.0,6.0,15,5479.0,True,0.63563216368441,14.243213422516664,0.8733502218741432,r1_basin_level_performance_rebuilt.csv + r1_basin_level_ct.csv
02112120,IC-CMA-ES,IC-CMA-ES,Base,XAJ-Base,test,selected_restart,True,0.0524049751607388,S2,0.8294348939876539,4.0,4.0,15,5479.0,True,0.6632778385365444,3.1631095459472585,0.7939356217385997,r1_basin_level_performance_rebuilt.csv + r1_basin_level_ct.csv
02112120,IC-CMA-ES,IC-CMA-ES,CN,XAJ-CN,test,selected_restart,True,0.0524049751607388,S2,0.8306693272583643,3.0,3.0,15,5479.0,True,0.6864297717563222,5.973190688806908,0.7661553680153633,r1_basin_level_performance_rebuilt.csv + r1_basin_level_ct.csv
02112120,IC-CMA-ES,IC-CMA-ES,TGD,XAJ-TGD,test,selected_restart,True,0.0524049751607388,S2,0.8381168725431862,-2.0,2.0,15,5479.0,True,0.7023562183465983,4.821102976882938,0.7464450537957587,r1_basin_level_performance_rebuilt.csv + r1_basin_level_ct.csv
02112120,dPL-MLP,dPL-MLP,Base,XAJ-Base,test,median_across_seeds,True,0.0524049751607388,S2,0.8139244207138254,11.0,11.0,15,5479.0,True,0.6908466545410483,9.90784662743665,0.7607402815971124,r1_basin_level_performance_rebuilt.csv + r1_basin_level_ct.csv
02112120,dPL-MLP,dPL-MLP,CN,XAJ-CN,test,median_across_seeds,True,0.0524049751607388,S2,0.7984688579155568,11.0,11.0,15,5479.0,True,0.673821894064957,11.394268392657873,0.7814061787886389,r1_basin_level_performance_rebuilt.csv + r1_basin_level_ct.csv
02112120,dPL-MLP,dPL-MLP,TGD,XAJ-TGD,test,median_across_seeds,True,0.0524049751607388,S2,0.798925676624626,12.0,12.0,15,5479.0,True,0.7027726874995242,12.51486279986559,0.7459226505423933,r1_basin_level_performance_rebuilt.csv + r1_basin_level_ct.csv
02112360,IC-CMA-ES,IC-CMA-ES,Base,XAJ-Base,test,selected_restart,True,0.0531136274470014,S2,0.7484138282114356,5.0,5.0,15,5479.0,True,0.6001187882592685,12.888490993109635,0.7770215061101603,r1_basin_level_performance_rebuilt.csv + r1_basin_level_ct.csv
02112360,IC-CMA-ES,IC-CMA-ES,CN,XAJ-CN,test,selected_restart,True,0.0531136274470014,S2,0.7530938704092378,3.0,3.0,15,5479.0,True,0.6072704701551559,13.238766230449922,0.7700418315459231,r1_basin_level_performance_rebuilt.csv + r1_basin_level_ct.csv
02112360,IC-CMA-ES,IC-CMA-ES,TGD,XAJ-TGD,test,selected_restart,True,0.0531136274470014,S2,0.7600607647095025,4.0,4.0,15,5479.0,True,0.6333821770511373,13.328542045640383,0.7440023829749102,r1_basin_level_performance_rebuilt.csv + r1_basin_level_ct.csv
02112360,dPL-MLP,dPL-MLP,Base,XAJ-Base,test,median_across_seeds,True,0.0531136274470014,S2,0.7852265337757484,5.0,5.0,15,5479.0,True,0.6435250160989019,13.287894700446273,0.7336384227629877,r1_basin_level_performance_rebuilt.csv + r1_basin_level_ct.csv
02112360,dPL-MLP,dPL-MLP,CN,XAJ-CN,test,median_across_seeds,True,0.0531136274470014,S2,0.7875586701009937,6.0,6.0,15,5479.0,True,0.6525356480639388,13.8156223555609,0.7243069740938592,r1_basin_level_performance_rebuilt.csv + r1_basin_level_ct.csv
02112360,dPL-MLP,dPL-MLP,TGD,XAJ-TGD,test,median_across_seeds,True,0.0531136274470014,S2,0.7766364402552483,4.0,4.0,15,5479.0,True,0.658222664851116,16.09593302694792,0.718355082952608,r1_basin_level_performance_rebuilt.csv + r1_basin_level_ct.csv
02118500,IC-CMA-ES,IC-CMA-ES,Base,XAJ-Base,test,selected_restart,True,0.0413708350211441,S1,0.7600364145199345,1.0,1.0,15,5479.0,True,0.7170085701977698,15.861221465103283,0.8538747967746151,r1_basin_level_performance_rebuilt.csv + r1_basin_level_ct.csv
02118500,IC-CMA-ES,IC-CMA-ES,CN,XAJ-CN,test,selected_restart,True,0.0413708350211441,S1,0.783582552298591,7.0,7.0,15,5479.0,True,0.7182403938817625,13.14074472021034,0.8520143688672909,r1_basin_level_performance_rebuilt.csv + r1_basin_level_ct.csv
02118500,IC-CMA-ES,IC-CMA-ES,TGD,XAJ-TGD,test,selected_restart,True,0.0413708350211441,S1,0.8025462229797408,1.0,1.0,15,5479.0,True,0.7393015730401573,13.039822409821902,0.8195524607179314,r1_basin_level_performance_rebuilt.csv + r1_basin_level_ct.csv
02118500,dPL-MLP,dPL-MLP,Base,XAJ-Base,test,median_across_seeds,True,0.0413708350211441,S1,0.8219940626266914,0.0,0.0,15,5479.0,True,0.7657662539180651,13.57984750764877,0.7768412623800407,r1_basin_level_performance_rebuilt.csv + r1_basin_level_ct.csv
02118500,dPL-MLP,dPL-MLP,CN,XAJ-CN,test,median_across_seeds,True,0.0413708350211441,S1,0.8176148320768658,7.0,7.0,15,5479.0,True,0.7612786698896261,13.716214700666304,0.7842475417713016,r1_basin_level_performance_rebuilt.csv + r1_basin_level_ct.csv
02118500,dPL-MLP,dPL-MLP,TGD,XAJ-TGD,test,median_across_seeds,True,0.0413708350211441,S1,0.801628240238583,1.0,1.0,15,5479.0,True,0.7829584909153345,16.132236802365327,0.7477887952589938,r1_basin_level_performance_rebuilt.csv + r1_basin_level_ct.csv
02125000,IC-CMA-ES,IC-CMA-ES,Base,XAJ-Base,test,selected_restart,True,0.0247912331690011,S1,0.7642631625722226,-4.0,4.0,15,5479.0,True,0.6319767622437534,1.5540689351128258,2.0291963733851097,r1_basin_level_performance_rebuilt.csv + r1_basin_level_ct.csv
02125000,IC-CMA-ES,IC-CMA-ES,CN,XAJ-CN,test,selected_restart,True,0.0247912331690011,S1,0.7488733863990399,0.0,0.0,15,5479.0,True,0.6309749865574961,1.6894009557568643,2.031956278083838,r1_basin_level_performance_rebuilt.csv + r1_basin_level_ct.csv
02125000,IC-CMA-ES,IC-CMA-ES,TGD,XAJ-TGD,test,selected_restart,True,0.0247912331690011,S1,0.7787344242294968,-1.0,1.0,15,5479.0,True,0.6433044932486852,5.397718362009979,1.9977230283212872,r1_basin_level_performance_rebuilt.csv + r1_basin_level_ct.csv
02125000,dPL-MLP,dPL-MLP,Base,XAJ-Base,test,median_across_seeds,True,0.0247912331690011,S1,0.7363407954648411,0.0,0.0,15,5479.0,True,0.5886330195033651,2.5009690929663932,2.145364900536521,r1_basin_level_performance_rebuilt.csv + r1_basin_level_ct.csv
02125000,dPL-MLP,dPL-MLP,CN,XAJ-CN,test,median_across_seeds,True,0.0247912331690011,S1,0.7317881634718832,1.0,1.0,15,5479.0,True,0.5927965921196001,7.390398801208255,2.1344803376793395,r1_basin_level_performance_rebuilt.csv + r1_basin_level_ct.csv
02125000,dPL-MLP,dPL-MLP,TGD,XAJ-TGD,test,median_across_seeds,True,0.0247912331690011,S1,0.7425950344291368,1.0,1.0,15,5479.0,True,0.6065064807718223,5.284300507530592,2.098240418297823,r1_basin_level_performance_rebuilt.csv + r1_basin_level_ct.csv
02128000,IC-CMA-ES,IC-CMA-ES,Base,XAJ-Base,test,selected_restart,True,0.0256704433801346,S1,0.677123386650585,-12.0,12.0,15,5479.0,True,0.5060915956203741,4.698436695228176,2.0050920291949446,r1_basin_level_performance_rebuilt.csv + r1_basin_level_ct.csv
02128000,IC-CMA-ES,IC-CMA-ES,CN,XAJ-CN,test,selected_restart,True,0.0256704433801346,S1,0.6786719812610734,-7.0,7.0,15,5479.0,True,0.5045096838498613,3.9210139579421135,2.0083004611172095,r1_basin_level_performance_rebuilt.csv + r1_basin_level_ct.csv
02128000,IC-CMA-ES,IC-CMA-ES,TGD,XAJ-TGD,test,selected_restart,True,0.0256704433801346,S1,0.6753056586691841,-13.0,13.0,15,5479.0,True,0.4979436887868084,4.6910484324417725,2.0215631751668686,r1_basin_level_performance_rebuilt.csv + r1_basin_level_ct.csv
02128000,dPL-MLP,dPL-MLP,Base,XAJ-Base,test,median_across_seeds,True,0.0256704433801346,S1,0.6442007698789995,-6.0,6.0,15,5479.0,True,0.5450991868612424,11.640197624531664,1.9242852858405237,r1_basin_level_performance_rebuilt.csv + r1_basin_level_ct.csv
02128000,dPL-MLP,dPL-MLP,CN,XAJ-CN,test,median_across_seeds,True,0.0256704433801346,S1,0.638075910439112,-2.0,2.0,15,5479.0,True,0.5473177539037732,14.612659996147547,1.9195871475548696,r1_basin_level_performance_rebuilt.csv + r1_basin_level_ct.csv
02128000,dPL-MLP,dPL-MLP,TGD,XAJ-TGD,test,median_across_seeds,True,0.0256704433801346,S1,0.6316766823511704,-9.0,9.0,15,5479.0,True,0.5434198732194162,14.555655165440962,1.9278338634594545,r1_basin_level_performance_rebuilt.csv + r1_basin_level_ct.csv
02137727,IC-CMA-ES,IC-CMA-ES,Base,XAJ-Base,test,selected_restart,True,0.0405315310761795,S1,0.7328204308327394,-2.0,2.0,15,5479.0,True,0.7913830180338706,21.188898641522805,1.118743329796088,r1_basin_level_performance_rebuilt.csv + r1_basin_level_ct.csv
02137727,IC-CMA-ES,IC-CMA-ES,CN,XAJ-CN,test,selected_restart,True,0.0405315310761795,S1,0.7544658216677833,0.0,0.0,15,5479.0,True,0.8184892878763024,20.629760403356443,1.0435343761500322,r1_basin_level_performance_rebuilt.csv + r1_basin_level_ct.csv
02137727,IC-CMA-ES,IC-CMA-ES,TGD,XAJ-TGD,test,selected_restart,True,0.0405315310761795,S1,0.7414035038766414,-1.0,1.0,15,5479.0,True,0.8120197565139965,20.937357110888843,1.0619687416224617,r1_basin_level_performance_rebuilt.csv + r1_basin_level_ct.csv
02137727,dPL-MLP,dPL-MLP,Base,XAJ-Base,test,median_across_seeds,True,0.0405315310761795,S1,0.7128995219869869,0.0,0.0,15,5479.0,True,0.7737733686545253,22.376846868951475,1.165004208362804,r1_basin_level_performance_rebuilt.csv + r1_basin_level_ct.csv
02137727,dPL-MLP,dPL-MLP,CN,XAJ-CN,test,median_across_seeds,True,0.0405315310761795,S1,0.7311464515553558,2.0,2.0,15,5479.0,True,0.8147755289564187,23.111509443640536,1.0541558214988052,r1_basin_level_performance_rebuilt.csv + r1_basin_level_ct.csv
02137727,dPL-MLP,dPL-MLP,TGD,XAJ-TGD,test,median_across_seeds,True,0.0405315310761795,S1,0.7498959847383185,1.0,1.0,15,5479.0,True,0.8114430426446507,22.076703581358903,1.0635965272528596,r1_basin_level_performance_rebuilt.csv + r1_basin_level_ct.csv
02140991,IC-CMA-ES,IC-CMA-ES,Base,XAJ-Base,test,selected_restart,True,0.0420384668349782,S1,0.7667838047219413,-1.0,1.0,15,5479.0,True,0.752417417977979,18.175332740567075,1.093372030260814,r1_basin_level_performance_rebuilt.csv + r1_basin_level_ct.csv
02140991,IC-CMA-ES,IC-CMA-ES,CN,XAJ-CN,test,selected_restart,True,0.0420384668349782,S1,0.7773731899717757,1.0,1.0,15,5479.0,True,0.767754794963938,18.03654387212975,1.0589642385534752,r1_basin_level_performance_rebuilt.csv + r1_basin_level_ct.csv
02140991,IC-CMA-ES,IC-CMA-ES,TGD,XAJ-TGD,test,selected_restart,True,0.0420384668349782,S1,0.7774443772033406,1.0,1.0,15,5479.0,True,0.7266987728831802,18.019982575564065,1.1487584179117158,r1_basin_level_performance_rebuilt.csv + r1_basin_level_ct.csv
02140991,dPL-MLP,dPL-MLP,Base,XAJ-Base,test,median_across_seeds,True,0.0420384668349782,S1,0.8096759927850847,1.0,1.0,15,5479.0,True,0.7504274179247729,13.561453573813168,1.0977573463116022,r1_basin_level_performance_rebuilt.csv + r1_basin_level_ct.csv
02140991,dPL-MLP,dPL-MLP,CN,XAJ-CN,test,median_across_seeds,True,0.0420384668349782,S1,0.7938922818249086,1.0,1.0,15,5479.0,True,0.7809102835177917,16.821678916271157,1.0285346158724962,r1_basin_level_performance_rebuilt.csv + r1_basin_level_ct.csv
02140991,dPL-MLP,dPL-MLP,TGD,XAJ-TGD,test,median_across_seeds,True,0.0420384668349782,S1,0.8075615490959607,0.0,0.0,15,5479.0,True,0.7925108413054299,15.573501432739883,1.0009344129049382,r1_basin_level_performance_rebuilt.csv + r1_basin_level_ct.csv
02143000,IC-CMA-ES,IC-CMA-ES,Base,XAJ-Base,test,selected_restart,True,0.0313262156816952,S1,0.8204939298229255,0.0,0.0,15,5479.0,True,0.7240809892444782,11.966610324287519,1.0508953623383421,r1_basin_level_performance_rebuilt.csv + r1_basin_level_ct.csv
02143000,IC-CMA-ES,IC-CMA-ES,CN,XAJ-CN,test,selected_restart,True,0.0313262156816952,S1,0.8327304903479744,1.0,1.0,15,5479.0,True,0.7427535941081704,10.955273859965128,1.0147132262259557,r1_basin_level_performance_rebuilt.csv + r1_basin_level_ct.csv
02143000,IC-CMA-ES,IC-CMA-ES,TGD,XAJ-TGD,test,selected_restart,True,0.0313262156816952,S1,0.8300363023646173,1.0,1.0,15,5479.0,True,0.7464199958050616,11.703008595065787,1.007456180891375,r1_basin_level_performance_rebuilt.csv + r1_basin_level_ct.csv
02143000,dPL-MLP,dPL-MLP,Base,XAJ-Base,test,median_across_seeds,True,0.0313262156816952,S1,0.8236282707870453,-1.0,1.0,15,5479.0,True,0.7262352178527767,10.51945820778338,1.0467849080560825,r1_basin_level_performance_rebuilt.csv + r1_basin_level_ct.csv
02143000,dPL-MLP,dPL-MLP,CN,XAJ-CN,test,median_across_seeds,True,0.0313262156816952,S1,0.8319058399358452,1.0,1.0,15,5479.0,True,0.7462520172022892,10.11718098341022,1.0077898094548075,r1_basin_level_performance_rebuilt.csv + r1_basin_level_ct.csv
02143000,dPL-MLP,dPL-MLP,TGD,XAJ-TGD,test,median_across_seeds,True,0.0313262156816952,S1,0.8131284111197,0.0,0.0,15,5479.0,True,0.7443612169059729,11.167446053090659,1.0115376080697944,r1_basin_level_performance_rebuilt.csv + r1_basin_level_ct.csv
02143040,IC-CMA-ES,IC-CMA-ES,Base,XAJ-Base,test,selected_restart,True,0.0345610698452001,S1,0.8505905755134926,0.0,0.0,15,5479.0,True,0.7919116707452338,8.409270859391587,1.1571300274525098,r1_basin_level_performance_rebuilt.csv + r1_basin_level_ct.csv
02143040,IC-CMA-ES,IC-CMA-ES,CN,XAJ-CN,test,selected_restart,True,0.0345610698452001,S1,0.8470283806283649,3.0,3.0,15,5479.0,True,0.8041716897458144,7.748697377501445,1.1225250471265695,r1_basin_level_performance_rebuilt.csv + r1_basin_level_ct.csv
02143040,IC-CMA-ES,IC-CMA-ES,TGD,XAJ-TGD,test,selected_restart,True,0.0345610698452001,S1,0.8542991210647023,1.0,1.0,15,5479.0,True,0.8135678230946787,7.792097653005999,1.0952638088484712,r1_basin_level_performance_rebuilt.csv + r1_basin_level_ct.csv
02143040,dPL-MLP,dPL-MLP,Base,XAJ-Base,test,median_across_seeds,True,0.0345610698452001,S1,0.8432370902428465,0.0,0.0,15,5479.0,True,0.7918857221358989,5.027787317311342,1.1572021722458776,r1_basin_level_performance_rebuilt.csv + r1_basin_level_ct.csv
02143040,dPL-MLP,dPL-MLP,CN,XAJ-CN,test,median_across_seeds,True,0.0345610698452001,S1,0.8276027671721238,2.0,2.0,15,5479.0,True,0.8064742125303552,4.829692928828886,1.1159062851350712,r1_basin_level_performance_rebuilt.csv + r1_basin_level_ct.csv
02143040,dPL-MLP,dPL-MLP,TGD,XAJ-TGD,test,median_across_seeds,True,0.0345610698452001,S1,0.8215276149433133,0.0,0.0,15,5479.0,True,0.8053281620240682,6.262073009653466,1.1192055797441747,r1_basin_level_performance_rebuilt.csv + r1_basin_level_ct.csv
02149000,IC-CMA-ES,IC-CMA-ES,Base,XAJ-Base,test,selected_restart,True,0.029590457635321,S1,0.6221531763532963,0.0,0.0,15,5479.0,True,0.5489824055935244,18.415844053143203,1.1374581758057292,r1_basin_level_performance_rebuilt.csv + r1_basin_level_ct.csv
02149000,IC-CMA-ES,IC-CMA-ES,CN,XAJ-CN,test,selected_restart,True,0.029590457635321,S1,0.6010434066237633,2.0,2.0,15,5479.0,True,0.500333508892943,18.079201778114772,1.1972333536471664,r1_basin_level_performance_rebuilt.csv + r1_basin_level_ct.csv
02149000,IC-CMA-ES,IC-CMA-ES,TGD,XAJ-TGD,test,selected_restart,True,0.029590457635321,S1,0.7051295757019214,2.0,2.0,15,5479.0,True,0.6500093864223904,16.71293224161939,1.0019980886910487,r1_basin_level_performance_rebuilt.csv + r1_basin_level_ct.csv
02149000,dPL-MLP,dPL-MLP,Base,XAJ-Base,test,median_across_seeds,True,0.029590457635321,S1,0.68444959896624,2.0,2.0,15,5479.0,True,0.6218336723077277,17.901084256088346,1.0415499985694323,r1_basin_level_performance_rebuilt.csv + r1_basin_level_ct.csv
02149000,dPL-MLP,dPL-MLP,CN,XAJ-CN,test,median_across_seeds,True,0.029590457635321,S1,0.6857407732642461,8.0,8.0,15,5479.0,True,0.6264733661783763,18.971413821109543,1.0351409310100166,r1_basin_level_performance_rebuilt.csv + r1_basin_level_ct.csv
02149000,dPL-MLP,dPL-MLP,TGD,XAJ-TGD,test,median_across_seeds,True,0.029590457635321,S1,0.6241135006471006,2.0,2.0,15,5479.0,True,0.5702747909601459,20.171669339397486,1.1102840740086939,r1_basin_level_performance_rebuilt.csv + r1_basin_level_ct.csv
02152100,IC-CMA-ES,IC-CMA-ES,Base,XAJ-Base,test,selected_restart,True,0.0300807469143999,S1,0.7808506654628874,-3.0,3.0,15,5479.0,True,0.7203332294297946,-4.028574524788797,1.1419553629366,r1_basin_level_performance_rebuilt.csv + r1_basin_level_ct.csv
02152100,IC-CMA-ES,IC-CMA-ES,CN,XAJ-CN,test,selected_restart,True,0.0300807469143999,S1,0.7773005052571598,-3.0,3.0,15,5479.0,True,0.7193659206838998,-5.629575398313531,1.1439285503317622,r1_basin_level_performance_rebuilt.csv + r1_basin_level_ct.csv
02152100,IC-CMA-ES,IC-CMA-ES,TGD,XAJ-TGD,test,selected_restart,True,0.0300807469143999,S1,0.776113661426647,-3.0,3.0,15,5479.0,True,0.7322091167684853,-4.118588111352881,1.1174461113098981,r1_basin_level_performance_rebuilt.csv + r1_basin_level_ct.csv
02152100,dPL-MLP,dPL-MLP,Base,XAJ-Base,test,median_across_seeds,True,0.0300807469143999,S1,0.8035658402689069,-5.0,5.0,15,5479.0,True,0.7382119836703048,0.6970130810102063,1.1048506508186116,r1_basin_level_performance_rebuilt.csv + r1_basin_level_ct.csv
02152100,dPL-MLP,dPL-MLP,CN,XAJ-CN,test,median_across_seeds,True,0.0300807469143999,S1,0.7524101115120321,-1.0,1.0,15,5479.0,True,0.7311838793351781,-3.0300084676022405,1.1195831391564852,r1_basin_level_performance_rebuilt.csv + r1_basin_level_ct.csv
02152100,dPL-MLP,dPL-MLP,TGD,XAJ-TGD,test,median_across_seeds,True,0.0300807469143999,S1,0.7964933562922277,-4.0,4.0,15,5479.0,True,0.7515760305693721,1.4064385616887811,1.0762804288697643,r1_basin_level_performance_rebuilt.csv + r1_basin_level_ct.csv
02177000,IC-CMA-ES,IC-CMA-ES,Base,XAJ-Base,test,selected_restart,True,0.0267395574591906,S1,0.8715174045648759,-4.0,4.0,15,5479.0,True,0.8492657748321696,7.930650089351507,1.0535075791457327,r1_basin_level_performance_rebuilt.csv + r1_basin_level_ct.csv
02177000,IC-CMA-ES,IC-CMA-ES,CN,XAJ-CN,test,selected_restart,True,0.0267395574591906,S1,0.8779491478532168,-5.0,5.0,15,5479.0,True,0.8505632479127142,7.749033828703669,1.0489636479061202,r1_basin_level_performance_rebuilt.csv + r1_basin_level_ct.csv
02177000,IC-CMA-ES,IC-CMA-ES,TGD,XAJ-TGD,test,selected_restart,True,0.0267395574591906,S1,0.8720370578630505,-5.0,5.0,15,5479.0,True,0.8507061231721442,7.815212439139342,1.0484620751973739,r1_basin_level_performance_rebuilt.csv + r1_basin_level_ct.csv
02177000,dPL-MLP,dPL-MLP,Base,XAJ-Base,test,median_across_seeds,True,0.0267395574591906,S1,0.8812905733037598,-6.0,6.0,15,5479.0,True,0.8479081524106712,8.137333478217407,1.0582412732597954,r1_basin_level_performance_rebuilt.csv + r1_basin_level_ct.csv
02177000,dPL-MLP,dPL-MLP,CN,XAJ-CN,test,median_across_seeds,True,0.0267395574591906,S1,0.8902027083271558,-5.0,5.0,15,5479.0,True,0.8479013353410306,7.074547762024665,1.0582649892700047,r1_basin_level_performance_rebuilt.csv + r1_basin_level_ct.csv
02177000,dPL-MLP,dPL-MLP,TGD,XAJ-TGD,test,median_across_seeds,True,0.0267395574591906,S1,0.886340292417529,-7.0,7.0,15,5479.0,True,0.8368169692115021,6.872405888800705,1.0961480748034294,r1_basin_level_performance_rebuilt.csv + r1_basin_level_ct.csv
02178400,IC-CMA-ES,IC-CMA-ES,Base,XAJ-Base,test,selected_restart,True,0.033836252850455,S1,0.8607279782155894,-7.0,7.0,15,5479.0,True,0.7770131915112546,1.1106065840092794,1.178772457924055,r1_basin_level_performance_rebuilt.csv + r1_basin_level_ct.csv
02178400,IC-CMA-ES,IC-CMA-ES,CN,XAJ-CN,test,selected_restart,True,0.033836252850455,S1,0.8769047718408021,-6.0,6.0,15,5479.0,True,0.7800416932548919,1.1345242566021077,1.1707403265389504,r1_basin_level_performance_rebuilt.csv + r1_basin_level_ct.csv
02178400,IC-CMA-ES,IC-CMA-ES,TGD,XAJ-TGD,test,selected_restart,True,0.033836252850455,S1,0.8820630015702688,-5.0,5.0,15,5479.0,True,0.789349804909514,1.120579558200901,1.1457010918441521,r1_basin_level_performance_rebuilt.csv + r1_basin_level_ct.csv
02178400,dPL-MLP,dPL-MLP,Base,XAJ-Base,test,median_across_seeds,True,0.033836252850455,S1,0.8948822682975158,-6.0,6.0,15,5479.0,True,0.8027153334729649,1.9867215315811637,1.108758749982898,r1_basin_level_performance_rebuilt.csv + r1_basin_level_ct.csv
02178400,dPL-MLP,dPL-MLP,CN,XAJ-CN,test,median_across_seeds,True,0.033836252850455,S1,0.8939556788499854,-5.0,5.0,15,5479.0,True,0.7910634600992762,1.0643659171777797,1.1410313930610056,r1_basin_level_performance_rebuilt.csv + r1_basin_level_ct.csv
02178400,dPL-MLP,dPL-MLP,TGD,XAJ-TGD,test,median_across_seeds,True,0.033836252850455,S1,0.8917282152569552,-6.0,6.0,15,5479.0,True,0.7946355683553716,1.9959541113723491,1.1312354541462497,r1_basin_level_performance_rebuilt.csv + r1_basin_level_ct.csv
02193340,IC-CMA-ES,IC-CMA-ES,Base,XAJ-Base,test,selected_restart,True,0.0127448828346305,S1,0.716999401059101,0.0,0.0,15,5479.0,True,0.4264615958912692,-1.6078195449556225,1.6486441540407804,r1_basin_level_performance_rebuilt.csv + r1_basin_level_ct.csv
02193340,IC-CMA-ES,IC-CMA-ES,CN,XAJ-CN,test,selected_restart,True,0.0127448828346305,S1,0.7029485337895951,0.0,0.0,15,5479.0,True,0.3975467299257053,-1.8699488916750624,1.6896912620341686,r1_basin_level_performance_rebuilt.csv + r1_basin_level_ct.csv
02193340,IC-CMA-ES,IC-CMA-ES,TGD,XAJ-TGD,test,selected_restart,True,0.0127448828346305,S1,0.6975835890714747,1.0,1.0,15,5479.0,True,0.3931567958001807,-4.3803254389695,1.6958362778182876,r1_basin_level_performance_rebuilt.csv + r1_basin_level_ct.csv
02193340,dPL-MLP,dPL-MLP,Base,XAJ-Base,test,median_across_seeds,True,0.0127448828346305,S1,0.7134003817492623,1.0,1.0,15,5479.0,True,0.5425199107804992,-1.3293890573164602,1.472420223328645,r1_basin_level_performance_rebuilt.csv + r1_basin_level_ct.csv
02193340,dPL-MLP,dPL-MLP,CN,XAJ-CN,test,median_across_seeds,True,0.0127448828346305,S1,0.71403864050013,1.0,1.0,15,5479.0,True,0.5209190930591225,6.8847196636626125,1.5067809009026425,r1_basin_level_performance_rebuilt.csv + r1_basin_level_ct.csv
02193340,dPL-MLP,dPL-MLP,TGD,XAJ-TGD,test,median_across_seeds,True,0.0127448828346305,S1,0.7022815308090457,1.0,1.0,15,5479.0,True,0.531155827735849,4.819141835910044,1.490595947667856,r1_basin_level_performance_rebuilt.csv + r1_basin_level_ct.csv
02196000,IC-CMA-ES,IC-CMA-ES,Base,XAJ-Base,test,selected_restart,True,0.014697822503637,S1,0.6180684177175795,-8.0,8.0,15,5479.0,True,0.6660937162427636,32.942229678209884,0.9153753827724451,r1_basin_level_performance_rebuilt.csv + r1_basin_level_ct.csv
02196000,IC-CMA-ES,IC-CMA-ES,CN,XAJ-CN,test,selected_restart,True,0.014697822503637,S1,0.5786389227212083,-6.0,6.0,15,5479.0,True,0.6371228484610574,35.048156452039066,0.9542600546283022,r1_basin_level_performance_rebuilt.csv + r1_basin_level_ct.csv
02196000,IC-CMA-ES,IC-CMA-ES,TGD,XAJ-TGD,test,selected_restart,True,0.014697822503637,S1,0.6054756422546166,-9.0,9.0,15,5479.0,True,0.7125558176277208,34.874178253212015,0.8493050264164849,r1_basin_level_performance_rebuilt.csv + r1_basin_level_ct.csv
02196000,dPL-MLP,dPL-MLP,Base,XAJ-Base,test,median_across_seeds,True,0.014697822503637,S1,0.7360547306169669,-4.0,4.0,15,5479.0,True,0.7670065781044185,23.822390708306287,0.7646430801018387,r1_basin_level_performance_rebuilt.csv + r1_basin_level_ct.csv
02196000,dPL-MLP,dPL-MLP,CN,XAJ-CN,test,median_across_seeds,True,0.014697822503637,S1,0.655107870213639,-4.0,4.0,15,5479.0,True,0.7199044601229387,29.87858626915913,0.8383783011101772,r1_basin_level_performance_rebuilt.csv + r1_basin_level_ct.csv
02196000,dPL-MLP,dPL-MLP,TGD,XAJ-TGD,test,median_across_seeds,True,0.014697822503637,S1,0.6751269393574408,-4.0,4.0,15,5479.0,True,0.7540394235862184,29.914978306208504,0.785632939153586,r1_basin_level_performance_rebuilt.csv + r1_basin_level_ct.csv
02198100,IC-CMA-ES,IC-CMA-ES,Base,XAJ-Base,test,selected_restart,True,0.0030935926215692,S1,0.672593720915738,-1.0,1.0,15,5479.0,True,0.6030883339061776,6.939492047530859,1.4901087659665204,r1_basin_level_performance_rebuilt.csv + r1_basin_level_ct.csv
02198100,IC-CMA-ES,IC-CMA-ES,CN,XAJ-CN,test,selected_restart,True,0.0030935926215692,S1,0.674592374993639,-3.0,3.0,15,5479.0,True,0.5924386134955357,2.7304441743804753,1.5099673376907858,r1_basin_level_performance_rebuilt.csv + r1_basin_level_ct.csv
02198100,IC-CMA-ES,IC-CMA-ES,TGD,XAJ-TGD,test,selected_restart,True,0.0030935926215692,S1,0.67450118403681,-3.0,3.0,15,5479.0,True,0.5943333246072333,1.9597815336686102,1.5064534072653633,r1_basin_level_performance_rebuilt.csv + r1_basin_level_ct.csv
02198100,dPL-MLP,dPL-MLP,Base,XAJ-Base,test,median_across_seeds,True,0.0030935926215692,S1,0.5631375385592816,2.0,2.0,15,5479.0,True,0.5899158892480775,-3.4939742267371785,1.5146333277941948,r1_basin_level_performance_rebuilt.csv + r1_basin_level_ct.csv
02198100,dPL-MLP,dPL-MLP,CN,XAJ-CN,test,median_across_seeds,True,0.0030935926215692,S1,0.5787735186310055,3.0,3.0,15,5479.0,True,0.6002129916619123,-2.1879406845327534,1.4954964143522431,r1_basin_level_performance_rebuilt.csv + r1_basin_level_ct.csv
02198100,dPL-MLP,dPL-MLP,TGD,XAJ-TGD,test,median_across_seeds,True,0.0030935926215692,S1,0.5766047302225259,2.0,2.0,15,5479.0,True,0.6009253175629121,-3.8315031582000043,1.4941635098913593,r1_basin_level_performance_rebuilt.csv + r1_basin_level_ct.csv
02202600,IC-CMA-ES,IC-CMA-ES,Base,XAJ-Base,test,selected_restart,True,0.000456804897604,S1,0.609825092720037,0.0,0.0,15,5479.0,True,0.5712800410713263,32.50967081880156,0.9158470780149716,r1_basin_level_performance_rebuilt.csv + r1_basin_level_ct.csv
02202600,IC-CMA-ES,IC-CMA-ES,CN,XAJ-CN,test,selected_restart,True,0.000456804897604,S1,0.5958639519558762,-1.0,1.0,15,5479.0,True,0.5626151633980957,33.77061163838103,0.925055893328074,r1_basin_level_performance_rebuilt.csv + r1_basin_level_ct.csv
02202600,IC-CMA-ES,IC-CMA-ES,TGD,XAJ-TGD,test,selected_restart,True,0.000456804897604,S1,0.5957089110652894,-2.0,2.0,15,5479.0,True,0.5449948039198083,33.149913836397864,0.9435051847900177,r1_basin_level_performance_rebuilt.csv + r1_basin_level_ct.csv
02202600,dPL-MLP,dPL-MLP,Base,XAJ-Base,test,median_across_seeds,True,0.000456804897604,S1,0.6556061045820474,-4.0,4.0,15,5479.0,True,0.5679261257449391,27.00802736750315,0.9194224765665153,r1_basin_level_performance_rebuilt.csv + r1_basin_level_ct.csv
02202600,dPL-MLP,dPL-MLP,CN,XAJ-CN,test,median_across_seeds,True,0.000456804897604,S1,0.6415827648308846,-3.0,3.0,15,5479.0,True,0.5587356198491988,27.53224613653167,0.9291493956553575,r1_basin_level_performance_rebuilt.csv + r1_basin_level_ct.csv
02202600,dPL-MLP,dPL-MLP,TGD,XAJ-TGD,test,median_across_seeds,True,0.000456804897604,S1,0.7077880672578958,-2.0,2.0,15,5479.0,True,0.6000573075600446,21.23189819705539,0.8845756819576018,r1_basin_level_performance_rebuilt.csv + r1_basin_level_ct.csv
02212600,IC-CMA-ES,IC-CMA-ES,Base,XAJ-Base,test,selected_restart,True,0.0090237999831922,S1,0.794937416838665,-2.0,2.0,15,5479.0,True,0.695041617717968,5.715696394046183,1.1536283159800063,r1_basin_level_performance_rebuilt.csv + r1_basin_level_ct.csv
02212600,IC-CMA-ES,IC-CMA-ES,CN,XAJ-CN,test,selected_restart,True,0.0090237999831922,S1,0.7975374161342752,0.0,0.0,15,5479.0,True,0.6707168546593798,4.037406472970614,1.1987548313211378,r1_basin_level_performance_rebuilt.csv + r1_basin_level_ct.csv
02212600,IC-CMA-ES,IC-CMA-ES,TGD,XAJ-TGD,test,selected_restart,True,0.0090237999831922,S1,0.8132325053995759,2.0,2.0,15,5479.0,True,0.706329816010497,7.029470666905007,1.1320759060505974,r1_basin_level_performance_rebuilt.csv + r1_basin_level_ct.csv
02212600,dPL-MLP,dPL-MLP,Base,XAJ-Base,test,median_across_seeds,True,0.0090237999831922,S1,0.7601478236079952,2.0,2.0,15,5479.0,True,0.7541027108230237,20.76787967561049,1.0359111086094346,r1_basin_level_performance_rebuilt.csv + r1_basin_level_ct.csv
02212600,dPL-MLP,dPL-MLP,CN,XAJ-CN,test,median_across_seeds,True,0.0090237999831922,S1,0.7065001693782127,4.0,4.0,15,5479.0,True,0.7144723409164657,23.752098823066106,1.116271179747102,r1_basin_level_performance_rebuilt.csv + r1_basin_level_ct.csv
02212600,dPL-MLP,dPL-MLP,TGD,XAJ-TGD,test,median_across_seeds,True,0.0090237999831922,S1,0.7327787958480481,1.0,1.0,15,5479.0,True,0.7419606773234706,22.839859201703756,1.0611788029839926,r1_basin_level_performance_rebuilt.csv + r1_basin_level_ct.csv
02215100,IC-CMA-ES,IC-CMA-ES,Base,XAJ-Base,test,selected_restart,True,0.0010333057458655,S1,0.8157609521886934,1.0,1.0,15,5479.0,True,0.7277821848772399,11.574027663073792,1.050436958258023,r1_basin_level_performance_rebuilt.csv + r1_basin_level_ct.csv
02215100,IC-CMA-ES,IC-CMA-ES,CN,XAJ-CN,test,selected_restart,True,0.0010333057458655,S1,0.8158344867497618,1.0,1.0,15,5479.0,True,0.7278716079791663,11.573264046526461,1.0502644106849581,r1_basin_level_performance_rebuilt.csv + r1_basin_level_ct.csv
02215100,IC-CMA-ES,IC-CMA-ES,TGD,XAJ-TGD,test,selected_restart,True,0.0010333057458655,S1,0.8076325742010801,6.0,6.0,15,5479.0,True,0.7142364038325739,11.772455772827511,1.0762549769060874,r1_basin_level_performance_rebuilt.csv + r1_basin_level_ct.csv
02215100,dPL-MLP,dPL-MLP,Base,XAJ-Base,test,median_across_seeds,True,0.0010333057458655,S1,0.7962366268380567,6.0,6.0,15,5479.0,True,0.7143909941291726,11.089343551602958,1.075963825258394,r1_basin_level_performance_rebuilt.csv + r1_basin_level_ct.csv
02215100,dPL-MLP,dPL-MLP,CN,XAJ-CN,test,median_across_seeds,True,0.0010333057458655,S1,0.7917523811469567,6.0,6.0,15,5479.0,True,0.6999575219126684,11.885781529642905,1.1028160887810827,r1_basin_level_performance_rebuilt.csv + r1_basin_level_ct.csv
02215100,dPL-MLP,dPL-MLP,TGD,XAJ-TGD,test,median_across_seeds,True,0.0010333057458655,S1,0.7705226009505612,1.0,1.0,15,5479.0,True,0.6984170856245562,11.942122361262864,1.1056434268532147,r1_basin_level_performance_rebuilt.csv + r1_basin_level_ct.csv
02216180,IC-CMA-ES,IC-CMA-ES,Base,XAJ-Base,test,selected_restart,True,0.000534865436369,S1,0.718859284851281,-3.0,3.0,15,5479.0,True,0.6409797406105959,22.076787421776977,1.3191268232880684,r1_basin_level_performance_rebuilt.csv + r1_basin_level_ct.csv
02216180,IC-CMA-ES,IC-CMA-ES,CN,XAJ-CN,test,selected_restart,True,0.000534865436369,S1,0.7416450050865337,-2.0,2.0,15,5479.0,True,0.735343172383788,22.331674532551702,1.1325793120664642,r1_basin_level_performance_rebuilt.csv + r1_basin_level_ct.csv
02216180,IC-CMA-ES,IC-CMA-ES,TGD,XAJ-TGD,test,selected_restart,True,0.000534865436369,S1,0.7031408652862414,-1.0,1.0,15,5479.0,True,0.7122836971827523,26.248147047703696,1.180889629620384,r1_basin_level_performance_rebuilt.csv + r1_basin_level_ct.csv
02216180,dPL-MLP,dPL-MLP,Base,XAJ-Base,test,median_across_seeds,True,0.000534865436369,S1,0.7555208422011082,-3.0,3.0,15,5479.0,True,0.6534647895495828,16.904901681396037,1.2959873353810738,r1_basin_level_performance_rebuilt.csv + r1_basin_level_ct.csv
02216180,dPL-MLP,dPL-MLP,CN,XAJ-CN,test,median_across_seeds,True,0.000534865436369,S1,0.7083361423616709,-3.0,3.0,15,5479.0,True,0.6391699213974875,22.885263046665877,1.32244749931225,r1_basin_level_performance_rebuilt.csv + r1_basin_level_ct.csv
02216180,dPL-MLP,dPL-MLP,TGD,XAJ-TGD,test,median_across_seeds,True,0.000534865436369,S1,0.7807265823094443,-3.0,3.0,15,5479.0,True,0.6530118018026576,13.905933231406108,1.2968341103100007,r1_basin_level_performance_rebuilt.csv + r1_basin_level_ct.csv
02221525,IC-CMA-ES,IC-CMA-ES,Base,XAJ-Base,test,selected_restart,True,0.0095385192188569,S1,0.838651615136412,0.0,0.0,15,5479.0,True,0.812979135479186,7.561615638497815,0.6485052351608951,r1_basin_level_performance_rebuilt.csv + r1_basin_level_ct.csv
02221525,IC-CMA-ES,IC-CMA-ES,CN,XAJ-CN,test,selected_restart,True,0.0095385192188569,S1,0.8437024120580535,2.0,2.0,15,5479.0,True,0.7967124392133569,6.019273078015256,0.6761201181162867,r1_basin_level_performance_rebuilt.csv + r1_basin_level_ct.csv
02221525,IC-CMA-ES,IC-CMA-ES,TGD,XAJ-TGD,test,selected_restart,True,0.0095385192188569,S1,0.8539809625287762,1.0,1.0,15,5479.0,True,0.8124068784373611,6.184721756535835,0.649496643886294,r1_basin_level_performance_rebuilt.csv + r1_basin_level_ct.csv
02221525,dPL-MLP,dPL-MLP,Base,XAJ-Base,test,median_across_seeds,True,0.0095385192188569,S1,0.8111053349475625,1.0,1.0,15,5479.0,True,0.8232230020248559,16.82928974379254,0.630494545021077,r1_basin_level_performance_rebuilt.csv + r1_basin_level_ct.csv
02221525,dPL-MLP,dPL-MLP,CN,XAJ-CN,test,median_across_seeds,True,0.0095385192188569,S1,0.8041065157904269,2.0,2.0,15,5479.0,True,0.7963606645023669,16.58160931354936,0.6767048542284981,r1_basin_level_performance_rebuilt.csv + r1_basin_level_ct.csv
02221525,dPL-MLP,dPL-MLP,TGD,XAJ-TGD,test,median_across_seeds,True,0.0095385192188569,S1,0.8074583589831527,3.0,3.0,15,5479.0,True,0.8138490288021367,17.042440631864018,0.6469952755829596,r1_basin_level_performance_rebuilt.csv + r1_basin_level_ct.csv
02231000,IC-CMA-ES,IC-CMA-ES,Base,XAJ-Base,test,selected_restart,True,0.0002359180653982,S1,0.797339797161345,-1.0,1.0,15,5479.0,True,0.8663179439998346,19.119362342967722,0.6770846028935924,r1_basin_level_performance_rebuilt.csv + r1_basin_level_ct.csv
02231000,IC-CMA-ES,IC-CMA-ES,CN,XAJ-CN,test,selected_restart,True,0.0002359180653982,S1,0.8033565380977019,-1.0,1.0,15,5479.0,True,0.8642474173040031,18.55130972072808,0.6823079478503042,r1_basin_level_performance_rebuilt.csv + r1_basin_level_ct.csv
02231000,IC-CMA-ES,IC-CMA-ES,TGD,XAJ-TGD,test,selected_restart,True,0.0002359180653982,S1,0.7712040226554652,-1.0,1.0,15,5479.0,True,0.8556264222897707,21.692909977795757,0.7036395451420536,r1_basin_level_performance_rebuilt.csv + r1_basin_level_ct.csv
02231000,dPL-MLP,dPL-MLP,Base,XAJ-Base,test,median_across_seeds,True,0.0002359180653982,S1,0.7842473892657928,0.0,0.0,15,5479.0,True,0.8311783065235421,17.505185623464765,0.7608875989966899,r1_basin_level_performance_rebuilt.csv + r1_basin_level_ct.csv
02231000,dPL-MLP,dPL-MLP,CN,XAJ-CN,test,median_across_seeds,True,0.0002359180653982,S1,0.7873506045356767,0.0,0.0,15,5479.0,True,0.8388866856355462,17.138807379666073,0.7433136287563874,r1_basin_level_performance_rebuilt.csv + r1_basin_level_ct.csv
02231000,dPL-MLP,dPL-MLP,TGD,XAJ-TGD,test,median_across_seeds,True,0.0002359180653982,S1,0.7700374245643208,0.0,0.0,15,5479.0,True,0.8327191356128307,17.313397342736724,0.7574073438613417,r1_basin_level_performance_rebuilt.csv + r1_basin_level_ct.csv
02245500,IC-CMA-ES,IC-CMA-ES,Base,XAJ-Base,test,selected_restart,True,0.0004366285424588,S1,0.806733937733461,2.0,2.0,15,5479.0,True,0.6381210681000241,7.645158367226437,1.2954599706663443,r1_basin_level_performance_rebuilt.csv + r1_basin_level_ct.csv
02245500,IC-CMA-ES,IC-CMA-ES,CN,XAJ-CN,test,selected_restart,True,0.0004366285424588,S1,0.807274704724275,4.0,4.0,15,5479.0,True,0.6455107602892023,8.361518370086493,1.2821648790373674,r1_basin_level_performance_rebuilt.csv + r1_basin_level_ct.csv
02245500,IC-CMA-ES,IC-CMA-ES,TGD,XAJ-TGD,test,selected_restart,True,0.0004366285424588,S1,0.8129688392881904,2.0,2.0,15,5479.0,True,0.6493049776907369,7.353635752419901,1.2752846986062476,r1_basin_level_performance_rebuilt.csv + r1_basin_level_ct.csv
02245500,dPL-MLP,dPL-MLP,Base,XAJ-Base,test,median_across_seeds,True,0.0004366285424588,S1,0.7929263472596264,1.0,1.0,15,5479.0,True,0.6555735816179801,2.4901561774579224,1.263835574753124,r1_basin_level_performance_rebuilt.csv + r1_basin_level_ct.csv
02245500,dPL-MLP,dPL-MLP,CN,XAJ-CN,test,median_across_seeds,True,0.0004366285424588,S1,0.7972170452263756,2.0,2.0,15,5479.0,True,0.6456790973087434,4.972571478245539,1.2818604107774052,r1_basin_level_performance_rebuilt.csv + r1_basin_level_ct.csv
02245500,dPL-MLP,dPL-MLP,TGD,XAJ-TGD,test,median_across_seeds,True,0.0004366285424588,S1,0.798767361349276,1.0,1.0,15,5479.0,True,0.6607886035840331,4.329694541760252,1.2542311001449826,r1_basin_level_performance_rebuilt.csv + r1_basin_level_ct.csv
02246000,IC-CMA-ES,IC-CMA-ES,Base,XAJ-Base,test,selected_restart,True,0.0003326922230974,S1,0.7133267970058594,-1.0,1.0,15,5479.0,True,0.7506976101549901,22.168867948513178,1.1844571780576918,r1_basin_level_performance_rebuilt.csv + r1_basin_level_ct.csv
02246000,IC-CMA-ES,IC-CMA-ES,CN,XAJ-CN,test,selected_restart,True,0.0003326922230974,S1,0.6685326340510824,-1.0,1.0,15,5479.0,True,0.6864799873906966,26.308072343912347,1.328277381362435,r1_basin_level_performance_rebuilt.csv + r1_basin_level_ct.csv
02246000,IC-CMA-ES,IC-CMA-ES,TGD,XAJ-TGD,test,selected_restart,True,0.0003326922230974,S1,0.714969224866296,-1.0,1.0,15,5479.0,True,0.7484549900689843,22.19724100966721,1.1897726916106697,r1_basin_level_performance_rebuilt.csv + r1_basin_level_ct.csv
02246000,dPL-MLP,dPL-MLP,Base,XAJ-Base,test,median_across_seeds,True,0.0003326922230974,S1,0.8160781825050665,0.0,0.0,15,5479.0,True,0.7875320052244643,12.63458171405883,1.0934600055992707,r1_basin_level_performance_rebuilt.csv + r1_basin_level_ct.csv
02246000,dPL-MLP,dPL-MLP,CN,XAJ-CN,test,median_across_seeds,True,0.0003326922230974,S1,0.8325593074201578,0.0,0.0,15,5479.0,True,0.7911951202029982,9.424243159896532,1.0839929690735317,r1_basin_level_performance_rebuilt.csv + r1_basin_level_ct.csv
02246000,dPL-MLP,dPL-MLP,TGD,XAJ-TGD,test,median_across_seeds,True,0.0003326922230974,S1,0.7886678583070574,0.0,0.0,15,5479.0,True,0.7875189407523522,17.747456113406418,1.0934936230346175,r1_basin_level_performance_rebuilt.csv + r1_basin_level_ct.csv
02296500,IC-CMA-ES,IC-CMA-ES,Base,XAJ-Base,test,selected_restart,True,0.0,S1,0.8860167587395412,-1.0,1.0,15,5479.0,True,0.787769275535152,-1.388604336946893,0.7345480151924866,r1_basin_level_performance_rebuilt.csv + r1_basin_level_ct.csv
02296500,IC-CMA-ES,IC-CMA-ES,CN,XAJ-CN,test,selected_restart,True,0.0,S1,0.8838222161764712,-1.0,1.0,15,5479.0,True,0.7899020394754858,-2.4837693381622876,0.7308478599363787,r1_basin_level_performance_rebuilt.csv + r1_basin_level_ct.csv
02296500,IC-CMA-ES,IC-CMA-ES,TGD,XAJ-TGD,test,selected_restart,True,0.0,S1,0.8817926839476873,-2.0,2.0,15,5479.0,True,0.7822221941918386,-2.588641949802399,0.7440855491407766,r1_basin_level_performance_rebuilt.csv + r1_basin_level_ct.csv
02296500,dPL-MLP,dPL-MLP,Base,XAJ-Base,test,median_across_seeds,True,0.0,S1,0.8034204948023074,-4.0,4.0,15,5479.0,True,0.7806404945005393,-12.806007697951324,0.7467827722110743,r1_basin_level_performance_rebuilt.csv + r1_basin_level_ct.csv
02296500,dPL-MLP,dPL-MLP,CN,XAJ-CN,test,median_across_seeds,True,0.0,S1,0.7372942015046565,-5.0,5.0,15,5479.0,True,0.8033228109688699,-14.294805170093541,0.7071198969365386,r1_basin_level_performance_rebuilt.csv + r1_basin_level_ct.csv
02296500,dPL-MLP,dPL-MLP,TGD,XAJ-TGD,test,median_across_seeds,True,0.0,S1,0.8026429946741692,-3.0,3.0,15,5479.0,True,0.7918348505468382,-14.941336537749345,0.7274783491869985,r1_basin_level_performance_rebuilt.csv + r1_basin_level_ct.csv
02297155,IC-CMA-ES,IC-CMA-ES,Base,XAJ-Base,test,selected_restart,True,0.0,S1,0.2600016138180705,7.0,7.0,15,5479.0,True,0.011292225737638772,43.06838953491481,2.141461311474603,r1_basin_level_performance_rebuilt.csv + r1_basin_level_ct.csv
02297155,IC-CMA-ES,IC-CMA-ES,CN,XAJ-CN,test,selected_restart,True,0.0,S1,0.26708352160139737,5.0,5.0,15,5479.0,True,0.0177814989447429,43.619549905417614,2.134422120982789,r1_basin_level_performance_rebuilt.csv + r1_basin_level_ct.csv
02297155,IC-CMA-ES,IC-CMA-ES,TGD,XAJ-TGD,test,selected_restart,True,0.0,S1,0.2627694980886881,7.0,7.0,15,5479.0,True,0.016309384991752274,43.20114449494389,2.136021019874659,r1_basin_level_performance_rebuilt.csv + r1_basin_level_ct.csv
02297155,dPL-MLP,dPL-MLP,Base,XAJ-Base,test,median_across_seeds,True,0.0,S1,0.4725266200428022,5.0,5.0,15,5479.0,True,0.2442588866343628,27.5908434316908,1.872245445063099,r1_basin_level_performance_rebuilt.csv + r1_basin_level_ct.csv
02297155,dPL-MLP,dPL-MLP,CN,XAJ-CN,test,median_across_seeds,True,0.0,S1,0.4251733895018226,6.0,6.0,15,5479.0,True,0.1769441871786449,26.88547352850587,1.953848569991339,r1_basin_level_performance_rebuilt.csv + r1_basin_level_ct.csv
02297155,dPL-MLP,dPL-MLP,TGD,XAJ-TGD,test,median_across_seeds,True,0.0,S1,0.4783500527349206,5.0,5.0,15,5479.0,True,0.25252670813629696,20.724868619172806,1.861976081485275,r1_basin_level_performance_rebuilt.csv + r1_basin_level_ct.csv
02297310,IC-CMA-ES,IC-CMA-ES,Base,XAJ-Base,test,selected_restart,True,0.0,S1,0.7826081239897748,0.0,0.0,15,5479.0,True,0.6848834163612092,15.369461645362453,1.3030923452891596,r1_basin_level_performance_rebuilt.csv + r1_basin_level_ct.csv
02297310,IC-CMA-ES,IC-CMA-ES,CN,XAJ-CN,test,selected_restart,True,0.0,S1,0.7476737931770143,5.0,5.0,15,5479.0,True,0.6609211518358389,19.118818336433204,1.3517298786263015,r1_basin_level_performance_rebuilt.csv + r1_basin_level_ct.csv
02297310,IC-CMA-ES,IC-CMA-ES,TGD,XAJ-TGD,test,selected_restart,True,0.0,S1,0.7520450832438057,4.0,4.0,15,5479.0,True,0.6571421698396208,18.347056110432327,1.359241419437165,r1_basin_level_performance_rebuilt.csv + r1_basin_level_ct.csv
02297310,dPL-MLP,dPL-MLP,Base,XAJ-Base,test,median_across_seeds,True,0.0,S1,0.8525312554217923,7.0,7.0,15,5479.0,True,0.738392697488177,-1.3286198569497436,1.187311010662958,r1_basin_level_performance_rebuilt.csv + r1_basin_level_ct.csv
02297310,dPL-MLP,dPL-MLP,CN,XAJ-CN,test,median_across_seeds,True,0.0,S1,0.856378009778835,7.0,7.0,15,5479.0,True,0.7456002820662951,1.2800871429311491,1.1708408778728705,r1_basin_level_performance_rebuilt.csv + r1_basin_level_ct.csv
02297310,dPL-MLP,dPL-MLP,TGD,XAJ-TGD,test,median_across_seeds,True,0.0,S1,0.8559526759903706,7.0,7.0,15,5479.0,True,0.7415037092183652,-2.13096138363699,1.1802301959531232,r1_basin_level_performance_rebuilt.csv + r1_basin_level_ct.csv
02298123,IC-CMA-ES,IC-CMA-ES,Base,XAJ-Base,test,selected_restart,True,0.0,S1,0.704480874205851,7.0,7.0,15,5479.0,True,0.5538496535850627,8.049042788922797,1.154064610164022,r1_basin_level_performance_rebuilt.csv + r1_basin_level_ct.csv
02298123,IC-CMA-ES,IC-CMA-ES,CN,XAJ-CN,test,selected_restart,True,0.0,S1,0.6974713327027464,6.0,6.0,15,5479.0,True,0.5445470748553396,8.081537363594279,1.166034107228545,r1_basin_level_performance_rebuilt.csv + r1_basin_level_ct.csv
02298123,IC-CMA-ES,IC-CMA-ES,TGD,XAJ-TGD,test,selected_restart,True,0.0,S1,0.7137577802525825,6.0,6.0,15,5479.0,True,0.5661564676770799,8.132492770668792,1.1380361817740374,r1_basin_level_performance_rebuilt.csv + r1_basin_level_ct.csv
02298123,dPL-MLP,dPL-MLP,Base,XAJ-Base,test,median_across_seeds,True,0.0,S1,0.724316985486195,1.0,1.0,15,5479.0,True,0.6289594095650579,11.793548591609982,1.0524469584481484,r1_basin_level_performance_rebuilt.csv + r1_basin_level_ct.csv
02298123,dPL-MLP,dPL-MLP,CN,XAJ-CN,test,median_across_seeds,True,0.0,S1,0.7600810453489545,4.0,4.0,15,5479.0,True,0.6605930106660087,11.465382551800563,1.0065837079745208,r1_basin_level_performance_rebuilt.csv + r1_basin_level_ct.csv
02298123,dPL-MLP,dPL-MLP,TGD,XAJ-TGD,test,median_across_seeds,True,0.0,S1,0.7926583498024238,6.0,6.0,15,5479.0,True,0.6785143796243565,7.716687747390554,0.9796485100497656,r1_basin_level_performance_rebuilt.csv + r1_basin_level_ct.csv
02298608,IC-CMA-ES,IC-CMA-ES,Base,XAJ-Base,test,selected_restart,True,0.0,S1,0.7672979938797507,5.0,5.0,15,5479.0,True,0.6700766638852292,16.419234574955386,1.83390284105059,r1_basin_level_performance_rebuilt.csv + r1_basin_level_ct.csv
02298608,IC-CMA-ES,IC-CMA-ES,CN,XAJ-CN,test,selected_restart,True,0.0,S1,0.7454217846541122,4.0,4.0,15,5479.0,True,0.6493177467573528,18.831139976600948,1.890717743783242,r1_basin_level_performance_rebuilt.csv + r1_basin_level_ct.csv
02298608,IC-CMA-ES,IC-CMA-ES,TGD,XAJ-TGD,test,selected_restart,True,0.0,S1,0.7539975007459758,4.0,4.0,15,5479.0,True,0.6508904567648222,17.725191224397598,1.8864733144342078,r1_basin_level_performance_rebuilt.csv + r1_basin_level_ct.csv
02298608,dPL-MLP,dPL-MLP,Base,XAJ-Base,test,median_across_seeds,True,0.0,S1,0.781859684866169,5.0,5.0,15,5479.0,True,0.7067244225338415,-8.861110142425854,1.7290508075457829,r1_basin_level_performance_rebuilt.csv + r1_basin_level_ct.csv
02298608,dPL-MLP,dPL-MLP,CN,XAJ-CN,test,median_across_seeds,True,0.0,S1,0.8055323541097679,3.0,3.0,15,5479.0,True,0.7205158926226054,-3.759087840341941,1.6879064172314877,r1_basin_level_performance_rebuilt.csv + r1_basin_level_ct.csv
02298608,dPL-MLP,dPL-MLP,TGD,XAJ-TGD,test,median_across_seeds,True,0.0,S1,0.7955358639190396,5.0,5.0,15,5479.0,True,0.7073558683544381,-6.643939630835277,1.727188412058866,r1_basin_level_performance_rebuilt.csv + r1_basin_level_ct.csv
02299950,IC-CMA-ES,IC-CMA-ES,Base,XAJ-Base,test,selected_restart,True,0.0,S1,0.7350595704769614,4.0,4.0,15,5479.0,True,0.6250686163224817,18.874426225251383,2.0497922831411075,r1_basin_level_performance_rebuilt.csv + r1_basin_level_ct.csv
02299950,IC-CMA-ES,IC-CMA-ES,CN,XAJ-CN,test,selected_restart,True,0.0,S1,0.7427019013473588,1.0,1.0,15,5479.0,True,0.626710745450916,17.835248992368545,2.0452985044212504,r1_basin_level_performance_rebuilt.csv + r1_basin_level_ct.csv
02299950,IC-CMA-ES,IC-CMA-ES,TGD,XAJ-TGD,test,selected_restart,True,0.0,S1,0.7449343309305292,3.0,3.0,15,5479.0,True,0.6524746122426648,19.122563144141722,1.9734549864191295,r1_basin_level_performance_rebuilt.csv + r1_basin_level_ct.csv
02299950,dPL-MLP,dPL-MLP,Base,XAJ-Base,test,median_across_seeds,True,0.0,S1,0.7949464754603701,1.0,1.0,15,5479.0,True,0.6406135362123933,8.911227054906972,2.006849544583227,r1_basin_level_performance_rebuilt.csv + r1_basin_level_ct.csv
02299950,dPL-MLP,dPL-MLP,CN,XAJ-CN,test,median_across_seeds,True,0.0,S1,0.7853315367167915,1.0,1.0,15,5479.0,True,0.6360727141880942,11.86945659418383,2.0194879481208803,r1_basin_level_performance_rebuilt.csv + r1_basin_level_ct.csv
02299950,dPL-MLP,dPL-MLP,TGD,XAJ-TGD,test,median_across_seeds,True,0.0,S1,0.7905106302288312,2.0,2.0,15,5479.0,True,0.6271793736619009,10.281102828864828,2.0440142649510578,r1_basin_level_performance_rebuilt.csv + r1_basin_level_ct.csv
02300700,IC-CMA-ES,IC-CMA-ES,Base,XAJ-Base,test,selected_restart,True,0.0,S1,0.6813142689037952,10.0,10.0,15,5479.0,True,0.5077216689100186,20.763665325513173,3.2054818651140233,r1_basin_level_performance_rebuilt.csv + r1_basin_level_ct.csv
02300700,IC-CMA-ES,IC-CMA-ES,CN,XAJ-CN,test,selected_restart,True,0.0,S1,0.6813323189333839,10.0,10.0,15,5479.0,True,0.5077259186017038,20.761464743479014,3.2054680291007682,r1_basin_level_performance_rebuilt.csv + r1_basin_level_ct.csv
02300700,IC-CMA-ES,IC-CMA-ES,TGD,XAJ-TGD,test,selected_restart,True,0.0,S1,0.7232448402121928,13.0,13.0,15,5479.0,True,0.5724439659727014,17.290849145829526,2.9873388330363673,r1_basin_level_performance_rebuilt.csv + r1_basin_level_ct.csv
02300700,dPL-MLP,dPL-MLP,Base,XAJ-Base,test,median_across_seeds,True,0.0,S1,0.7177770680214849,20.0,20.0,15,5479.0,True,0.645535016910981,16.179891096828836,2.7200358852443562,r1_basin_level_performance_rebuilt.csv + r1_basin_level_ct.csv
02300700,dPL-MLP,dPL-MLP,CN,XAJ-CN,test,median_across_seeds,True,0.0,S1,0.7220112115029356,10.0,10.0,15,5479.0,True,0.6564540717513794,14.934783742197343,2.677813749897959,r1_basin_level_performance_rebuilt.csv + r1_basin_level_ct.csv
02300700,dPL-MLP,dPL-MLP,TGD,XAJ-TGD,test,median_across_seeds,True,0.0,S1,0.7335235812561581,10.0,10.0,15,5479.0,True,0.6681721058308638,12.912852187516622,2.631748656515361,r1_basin_level_performance_rebuilt.csv + r1_basin_level_ct.csv
02342933,IC-CMA-ES,IC-CMA-ES,Base,XAJ-Base,test,selected_restart,True,0.0027962712555372,S1,0.8109121774489938,0.0,0.0,15,5479.0,True,0.6895355288304383,-5.785628688147729,1.8727343878089489,r1_basin_level_performance_rebuilt.csv + r1_basin_level_ct.csv
02342933,IC-CMA-ES,IC-CMA-ES,CN,XAJ-CN,test,selected_restart,True,0.0027962712555372,S1,0.8361520361583465,0.0,0.0,15,5479.0,True,0.6964470126722899,2.164835928573296,1.8517718890810164,r1_basin_level_performance_rebuilt.csv + r1_basin_level_ct.csv
02342933,IC-CMA-ES,IC-CMA-ES,TGD,XAJ-TGD,test,selected_restart,True,0.0027962712555372,S1,0.7903657866580702,-3.0,3.0,15,5479.0,True,0.6767684259582447,-7.092983785148677,1.9108523023001691,r1_basin_level_performance_rebuilt.csv + r1_basin_level_ct.csv
02342933,dPL-MLP,dPL-MLP,Base,XAJ-Base,test,median_across_seeds,True,0.0027962712555372,S1,0.7691271988776369,0.0,0.0,15,5479.0,True,0.7332517534226826,-8.136561307115372,1.7358852704767145,r1_basin_level_performance_rebuilt.csv + r1_basin_level_ct.csv
02342933,dPL-MLP,dPL-MLP,CN,XAJ-CN,test,median_across_seeds,True,0.0027962712555372,S1,0.7894701029177624,0.0,0.0,15,5479.0,True,0.7219000669486721,-8.116460013090851,1.7724364534820654,r1_basin_level_performance_rebuilt.csv + r1_basin_level_ct.csv
02342933,dPL-MLP,dPL-MLP,TGD,XAJ-TGD,test,median_across_seeds,True,0.0027962712555372,S1,0.795644164481964,0.0,0.0,15,5479.0,True,0.7315012888677384,-6.777543833668557,1.7415716001063581,r1_basin_level_performance_rebuilt.csv + r1_basin_level_ct.csv
02349900,IC-CMA-ES,IC-CMA-ES,Base,XAJ-Base,test,selected_restart,True,0.0010817469729248,S1,0.7935261745250886,-2.0,2.0,15,5479.0,True,0.7289596168249589,13.140335941376009,0.9851651608545706,r1_basin_level_performance_rebuilt.csv + r1_basin_level_ct.csv
02349900,IC-CMA-ES,IC-CMA-ES,CN,XAJ-CN,test,selected_restart,True,0.0010817469729248,S1,0.809418175984122,0.0,0.0,15,5479.0,True,0.7316375922001358,13.735831031822418,0.9802861883720018,r1_basin_level_performance_rebuilt.csv + r1_basin_level_ct.csv
02349900,IC-CMA-ES,IC-CMA-ES,TGD,XAJ-TGD,test,selected_restart,True,0.0010817469729248,S1,0.7817608774220305,-2.0,2.0,15,5479.0,True,0.7189533075382475,13.178404893035015,1.0031855851999136,r1_basin_level_performance_rebuilt.csv + r1_basin_level_ct.csv
02349900,dPL-MLP,dPL-MLP,Base,XAJ-Base,test,median_across_seeds,True,0.0010817469729248,S1,0.8161389208084129,2.0,2.0,15,5479.0,True,0.7079156516242762,9.073172830484951,1.02269512698341,r1_basin_level_performance_rebuilt.csv + r1_basin_level_ct.csv
02349900,dPL-MLP,dPL-MLP,CN,XAJ-CN,test,median_across_seeds,True,0.0010817469729248,S1,0.777648269425305,2.0,2.0,15,5479.0,True,0.6946567686093195,13.258880988217522,1.0456496405761408,r1_basin_level_performance_rebuilt.csv + r1_basin_level_ct.csv
02349900,dPL-MLP,dPL-MLP,TGD,XAJ-TGD,test,median_across_seeds,True,0.0010817469729248,S1,0.8015335457577158,2.0,2.0,15,5479.0,True,0.6953789701690887,10.405662594136182,1.0444123168256974,r1_basin_level_performance_rebuilt.csv + r1_basin_level_ct.csv
02350900,IC-CMA-ES,IC-CMA-ES,Base,XAJ-Base,test,selected_restart,True,0.001767717746493,S1,0.8535841229546153,6.0,6.0,15,5479.0,True,0.8343852920788336,10.974741917231743,0.4971100735773424,r1_basin_level_performance_rebuilt.csv + r1_basin_level_ct.csv
02350900,IC-CMA-ES,IC-CMA-ES,CN,XAJ-CN,test,selected_restart,True,0.001767717746493,S1,0.8499447472066805,4.0,4.0,15,5479.0,True,0.8426112164599369,13.00499706722742,0.48460735556411505,r1_basin_level_performance_rebuilt.csv + r1_basin_level_ct.csv
02350900,IC-CMA-ES,IC-CMA-ES,TGD,XAJ-TGD,test,selected_restart,True,0.001767717746493,S1,0.8584927974828154,5.0,5.0,15,5479.0,True,0.8483045824205765,12.208694286785835,0.4757615531668462,r1_basin_level_performance_rebuilt.csv + r1_basin_level_ct.csv
02350900,dPL-MLP,dPL-MLP,Base,XAJ-Base,test,median_across_seeds,True,0.001767717746493,S1,0.8423203341909672,7.0,7.0,15,5479.0,True,0.8739626290218133,14.153354528753164,0.43366340974814266,r1_basin_level_performance_rebuilt.csv + r1_basin_level_ct.csv
02350900,dPL-MLP,dPL-MLP,CN,XAJ-CN,test,median_across_seeds,True,0.001767717746493,S1,0.7889146625711796,7.0,7.0,15,5479.0,True,0.8495796541577648,19.78866393202798,0.4737578332826166,r1_basin_level_performance_rebuilt.csv + r1_basin_level_ct.csv
02350900,dPL-MLP,dPL-MLP,TGD,XAJ-TGD,test,median_across_seeds,True,0.001767717746493,S1,0.7942779249370349,8.0,8.0,15,5479.0,True,0.8529238652839679,15.836825685147168,0.4684618360917228,r1_basin_level_performance_rebuilt.csv + r1_basin_level_ct.csv
02361000,IC-CMA-ES,IC-CMA-ES,Base,XAJ-Base,test,selected_restart,True,0.0015124422847458,S1,0.624954465218312,-2.0,2.0,15,5479.0,True,0.6278741456337265,11.809946158175206,1.094290246506352,r1_basin_level_performance_rebuilt.csv + r1_basin_level_ct.csv
02361000,IC-CMA-ES,IC-CMA-ES,CN,XAJ-CN,test,selected_restart,True,0.0015124422847458,S1,0.6138304227638445,-4.0,4.0,15,5479.0,True,0.5960135125342196,11.512163734781197,1.1401737169074133,r1_basin_level_performance_rebuilt.csv + r1_basin_level_ct.csv
02361000,IC-CMA-ES,IC-CMA-ES,TGD,XAJ-TGD,test,selected_restart,True,0.0015124422847458,S1,0.6476893751727939,-5.0,5.0,15,5479.0,True,0.6549686103705851,9.662996268761738,1.0536998291124013,r1_basin_level_performance_rebuilt.csv + r1_basin_level_ct.csv
02361000,dPL-MLP,dPL-MLP,Base,XAJ-Base,test,median_across_seeds,True,0.0015124422847458,S1,0.89369752895326,3.0,3.0,15,5479.0,True,0.8464370532053436,4.768861002603569,0.7029603419759973,r1_basin_level_performance_rebuilt.csv + r1_basin_level_ct.csv
02361000,dPL-MLP,dPL-MLP,CN,XAJ-CN,test,median_across_seeds,True,0.0015124422847458,S1,0.883365082302699,3.0,3.0,15,5479.0,True,0.8482875829949867,8.578922496637908,0.6987119477985286,r1_basin_level_performance_rebuilt.csv + r1_basin_level_ct.csv
02361000,dPL-MLP,dPL-MLP,TGD,XAJ-TGD,test,median_across_seeds,True,0.0015124422847458,S1,0.8745271878774082,3.0,3.0,15,5479.0,True,0.8359268321644101,8.847137403646125,0.7266183939751548,r1_basin_level_performance_rebuilt.csv + r1_basin_level_ct.csv
02363000,IC-CMA-ES,IC-CMA-ES,Base,XAJ-Base,test,selected_restart,True,0.0026556564479946,S1,0.8336420549490091,-4.0,4.0,15,5479.0,True,0.7315120346527008,8.963295890450127,0.9513307939276029,r1_basin_level_performance_rebuilt.csv + r1_basin_level_ct.csv
02363000,IC-CMA-ES,IC-CMA-ES,CN,XAJ-CN,test,selected_restart,True,0.0026556564479946,S1,0.8508659401480141,-1.0,1.0,15,5479.0,True,0.774682590070933,8.218584660507814,0.8714982473810791,r1_basin_level_performance_rebuilt.csv + r1_basin_level_ct.csv
02363000,IC-CMA-ES,IC-CMA-ES,TGD,XAJ-TGD,test,selected_restart,True,0.0026556564479946,S1,0.847507084839561,-2.0,2.0,15,5479.0,True,0.7847887596813203,9.043821690750914,0.851729360117969,r1_basin_level_performance_rebuilt.csv + r1_basin_level_ct.csv
02363000,dPL-MLP,dPL-MLP,Base,XAJ-Base,test,median_across_seeds,True,0.0026556564479946,S1,0.8807873679969886,-1.0,1.0,15,5479.0,True,0.8309494954801032,4.44358334448511,0.7548790602171664,r1_basin_level_performance_rebuilt.csv + r1_basin_level_ct.csv
02363000,dPL-MLP,dPL-MLP,CN,XAJ-CN,test,median_across_seeds,True,0.0026556564479946,S1,0.8800235018548961,-1.0,1.0,15,5479.0,True,0.8314861913107531,4.347566253949556,0.7536798253689408,r1_basin_level_performance_rebuilt.csv + r1_basin_level_ct.csv
02363000,dPL-MLP,dPL-MLP,TGD,XAJ-TGD,test,median_across_seeds,True,0.0026556564479946,S1,0.8791349360272764,-1.0,1.0,15,5479.0,True,0.8278113323924361,3.8944898610809746,0.7618534273714654,r1_basin_level_performance_rebuilt.csv + r1_basin_level_ct.csv
02369800,IC-CMA-ES,IC-CMA-ES,Base,XAJ-Base,test,selected_restart,True,0.0008723526438152,S1,0.6491490825983153,-13.0,13.0,15,5479.0,True,0.6823988108397547,12.212116439508726,1.7188652226627292,r1_basin_level_performance_rebuilt.csv + r1_basin_level_ct.csv
02369800,IC-CMA-ES,IC-CMA-ES,CN,XAJ-CN,test,selected_restart,True,0.0008723526438152,S1,0.662879181260821,-14.0,14.0,15,5479.0,True,0.6951120238315595,13.074024256439149,1.6841117794846967,r1_basin_level_performance_rebuilt.csv + r1_basin_level_ct.csv
02369800,IC-CMA-ES,IC-CMA-ES,TGD,XAJ-TGD,test,selected_restart,True,0.0008723526438152,S1,0.6492424419712897,-13.0,13.0,15,5479.0,True,0.6835097318356036,12.416761918118826,1.71585642379317,r1_basin_level_performance_rebuilt.csv + r1_basin_level_ct.csv
02369800,dPL-MLP,dPL-MLP,Base,XAJ-Base,test,median_across_seeds,True,0.0008723526438152,S1,0.8069112403524427,0.0,0.0,15,5479.0,True,0.8283791652192407,11.48030027317527,1.2635306167930018,r1_basin_level_performance_rebuilt.csv + r1_basin_level_ct.csv
02369800,dPL-MLP,dPL-MLP,CN,XAJ-CN,test,median_across_seeds,True,0.0008723526438152,S1,0.8356348199725026,0.0,0.0,15,5479.0,True,0.8444276011318755,10.441207248257731,1.2030039103198327,r1_basin_level_performance_rebuilt.csv + r1_basin_level_ct.csv
02369800,dPL-MLP,dPL-MLP,TGD,XAJ-TGD,test,median_across_seeds,True,0.0008723526438152,S1,0.843590607942371,0.0,0.0,15,5479.0,True,0.8195433030177453,9.94391890926273,1.2956487093369526,r1_basin_level_performance_rebuilt.csv + r1_basin_level_ct.csv
02371500,IC-CMA-ES,IC-CMA-ES,Base,XAJ-Base,test,selected_restart,True,0.0040171402581935,S1,0.8524685627977077,-7.0,7.0,15,5479.0,True,0.7839059153781861,10.131605013655907,0.8509089543927294,r1_basin_level_performance_rebuilt.csv + r1_basin_level_ct.csv
02371500,IC-CMA-ES,IC-CMA-ES,CN,XAJ-CN,test,selected_restart,True,0.0040171402581935,S1,0.8654200961493872,-2.0,2.0,15,5479.0,True,0.8019045536137464,7.921216951231684,0.8147022221139918,r1_basin_level_performance_rebuilt.csv + r1_basin_level_ct.csv
02371500,IC-CMA-ES,IC-CMA-ES,TGD,XAJ-TGD,test,selected_restart,True,0.0040171402581935,S1,0.852434261038281,-7.0,7.0,15,5479.0,True,0.7838547275942214,10.134917944920415,0.8510097289344002,r1_basin_level_performance_rebuilt.csv + r1_basin_level_ct.csv
02371500,dPL-MLP,dPL-MLP,Base,XAJ-Base,test,median_across_seeds,True,0.0040171402581935,S1,0.9014902266008145,-4.0,4.0,15,5479.0,True,0.8219038618900548,3.988007818095465,0.7724829555011915,r1_basin_level_performance_rebuilt.csv + r1_basin_level_ct.csv
02371500,dPL-MLP,dPL-MLP,CN,XAJ-CN,test,median_across_seeds,True,0.0040171402581935,S1,0.8912510737170106,-4.0,4.0,15,5479.0,True,0.8173491117154928,6.074775135117895,0.7822985925795477,r1_basin_level_performance_rebuilt.csv + r1_basin_level_ct.csv
02371500,dPL-MLP,dPL-MLP,TGD,XAJ-TGD,test,median_across_seeds,True,0.0040171402581935,S1,0.8956904709405595,-4.0,4.0,15,5479.0,True,0.8253813928541441,6.155631408733795,0.7649039690313117,r1_basin_level_performance_rebuilt.csv + r1_basin_level_ct.csv
02372250,IC-CMA-ES,IC-CMA-ES,Base,XAJ-Base,test,selected_restart,True,0.0034759991435446,S1,0.8489101846656497,-12.0,12.0,15,5479.0,True,0.709130618577678,4.75309796152784,1.182921934806678,r1_basin_level_performance_rebuilt.csv + r1_basin_level_ct.csv
02372250,IC-CMA-ES,IC-CMA-ES,CN,XAJ-CN,test,selected_restart,True,0.0034759991435446,S1,0.847393752921174,-11.0,11.0,15,5479.0,True,0.7053046650098238,4.6722516438773125,1.1906763070650852,r1_basin_level_performance_rebuilt.csv + r1_basin_level_ct.csv
02372250,IC-CMA-ES,IC-CMA-ES,TGD,XAJ-TGD,test,selected_restart,True,0.0034759991435446,S1,0.8489093375302414,-12.0,12.0,15,5479.0,True,0.7091433334948455,4.7553428705331315,1.182896079698248,r1_basin_level_performance_rebuilt.csv + r1_basin_level_ct.csv
02372250,dPL-MLP,dPL-MLP,Base,XAJ-Base,test,median_across_seeds,True,0.0034759991435446,S1,0.8358781574203541,-4.0,4.0,15,5479.0,True,0.7504887500742173,0.5323597964531831,1.0956003118197377,r1_basin_level_performance_rebuilt.csv + r1_basin_level_ct.csv
02372250,dPL-MLP,dPL-MLP,CN,XAJ-CN,test,median_across_seeds,True,0.0034759991435446,S1,0.8356024460275675,-4.0,4.0,15,5479.0,True,0.749907368533353,0.36828084762833474,1.096875988139097,r1_basin_level_performance_rebuilt.csv + r1_basin_level_ct.csv
02372250,dPL-MLP,dPL-MLP,TGD,XAJ-TGD,test,median_across_seeds,True,0.0034759991435446,S1,0.8383146225248728,-4.0,4.0,15,5479.0,True,0.753564661203435,3.3950380766404447,1.0888262290089283,r1_basin_level_performance_rebuilt.csv + r1_basin_level_ct.csv
02374500,IC-CMA-ES,IC-CMA-ES,Base,XAJ-Base,test,selected_restart,True,0.0030425564536237,S1,0.7832258632984767,1.0,1.0,15,5479.0,True,0.5885158646719473,4.925262574224711,1.2245074173376786,r1_basin_level_performance_rebuilt.csv + r1_basin_level_ct.csv
02374500,IC-CMA-ES,IC-CMA-ES,CN,XAJ-CN,test,selected_restart,True,0.0030425564536237,S1,0.7692587043681165,1.0,1.0,15,5479.0,True,0.5652371449848306,5.479478674813621,1.2586677024781618,r1_basin_level_performance_rebuilt.csv + r1_basin_level_ct.csv
02374500,IC-CMA-ES,IC-CMA-ES,TGD,XAJ-TGD,test,selected_restart,True,0.0030425564536237,S1,0.7837442633528311,0.0,0.0,15,5479.0,True,0.5822008321599939,3.3814606175685054,1.2338678764955788,r1_basin_level_performance_rebuilt.csv + r1_basin_level_ct.csv
02374500,dPL-MLP,dPL-MLP,Base,XAJ-Base,test,median_across_seeds,True,0.0030425564536237,S1,0.8362266589160422,2.0,2.0,15,5479.0,True,0.7393861596641051,9.894734924975417,0.9745039644772505,r1_basin_level_performance_rebuilt.csv + r1_basin_level_ct.csv
02374500,dPL-MLP,dPL-MLP,CN,XAJ-CN,test,median_across_seeds,True,0.0030425564536237,S1,0.7682353007710628,2.0,2.0,15,5479.0,True,0.7027704701974749,17.84292911598678,1.0407126883888014,r1_basin_level_performance_rebuilt.csv + r1_basin_level_ct.csv
02374500,dPL-MLP,dPL-MLP,TGD,XAJ-TGD,test,median_across_seeds,True,0.0030425564536237,S1,0.7900540702332162,3.0,3.0,15,5479.0,True,0.7244620141990665,16.210717514238596,1.002018204914737,r1_basin_level_performance_rebuilt.csv + r1_basin_level_ct.csv
02381600,IC-CMA-ES,IC-CMA-ES,Base,XAJ-Base,test,selected_restart,True,0.0166377865167783,S1,0.6213165462585681,-2.0,2.0,15,5479.0,True,0.28455050861598785,4.182257993274696,4.752602344130949,r1_basin_level_performance_rebuilt.csv + r1_basin_level_ct.csv
02381600,IC-CMA-ES,IC-CMA-ES,CN,XAJ-CN,test,selected_restart,True,0.0166377865167783,S1,0.614819653848146,0.0,0.0,15,5479.0,True,0.2786444884914626,3.915750366998641,4.772178342239515,r1_basin_level_performance_rebuilt.csv + r1_basin_level_ct.csv
02381600,IC-CMA-ES,IC-CMA-ES,TGD,XAJ-TGD,test,selected_restart,True,0.0166377865167783,S1,0.6209834992987479,-2.0,2.0,15,5479.0,True,0.28227184504976643,4.181115427565752,4.760164703703144,r1_basin_level_performance_rebuilt.csv + r1_basin_level_ct.csv
02381600,dPL-MLP,dPL-MLP,Base,XAJ-Base,test,median_across_seeds,True,0.0166377865167783,S1,0.537862932202682,-4.0,4.0,15,5479.0,True,0.43960788682547913,-21.355755764483103,4.20618137017215,r1_basin_level_performance_rebuilt.csv + r1_basin_level_ct.csv
02381600,dPL-MLP,dPL-MLP,CN,XAJ-CN,test,median_across_seeds,True,0.0166377865167783,S1,0.5556661105849903,0.0,0.0,15,5479.0,True,0.4280168938433858,-13.138718444298675,4.249458469382715,r1_basin_level_performance_rebuilt.csv + r1_basin_level_ct.csv
02381600,dPL-MLP,dPL-MLP,TGD,XAJ-TGD,test,median_across_seeds,True,0.0166377865167783,S1,0.5155343051738355,-7.0,7.0,15,5479.0,True,0.4248490101612008,-20.091477218099083,4.2612098674299626,r1_basin_level_performance_rebuilt.csv + r1_basin_level_ct.csv
02384540,IC-CMA-ES,IC-CMA-ES,Base,XAJ-Base,test,selected_restart,True,0.0316827871052048,S1,0.49128510069546893,-12.0,12.0,15,5479.0,True,0.40714142269864384,39.658755695503324,2.5684343218631707,r1_basin_level_performance_rebuilt.csv + r1_basin_level_ct.csv
02384540,IC-CMA-ES,IC-CMA-ES,CN,XAJ-CN,test,selected_restart,True,0.0316827871052048,S1,0.5014131965538482,-10.0,10.0,15,5479.0,True,0.418501635106293,39.8109193438449,2.543707438212263,r1_basin_level_performance_rebuilt.csv + r1_basin_level_ct.csv
02384540,IC-CMA-ES,IC-CMA-ES,TGD,XAJ-TGD,test,selected_restart,True,0.0316827871052048,S1,0.495135272686151,-11.0,11.0,15,5479.0,True,0.424290616222633,39.69357135977785,2.5310141033263505,r1_basin_level_performance_rebuilt.csv + r1_basin_level_ct.csv
02384540,dPL-MLP,dPL-MLP,Base,XAJ-Base,test,median_across_seeds,True,0.0316827871052048,S1,0.4857152938182271,-4.0,4.0,15,5479.0,True,0.43707894296028005,42.22661867980505,2.502745321760688,r1_basin_level_performance_rebuilt.csv + r1_basin_level_ct.csv
02384540,dPL-MLP,dPL-MLP,CN,XAJ-CN,test,median_across_seeds,True,0.0316827871052048,S1,0.4884522249518586,-4.0,4.0,15,5479.0,True,0.4571758234563468,43.863715409953905,2.457663966875638,r1_basin_level_performance_rebuilt.csv + r1_basin_level_ct.csv
02384540,dPL-MLP,dPL-MLP,TGD,XAJ-TGD,test,median_across_seeds,True,0.0316827871052048,S1,0.4975245995000249,-8.0,8.0,15,5479.0,True,0.46852620361630615,43.31324460166728,2.4318335150537935,r1_basin_level_performance_rebuilt.csv + r1_basin_level_ct.csv
02395120,IC-CMA-ES,IC-CMA-ES,Base,XAJ-Base,test,selected_restart,True,0.0124894104226604,S1,0.7577242037507452,-5.0,5.0,15,5479.0,True,0.694938716665656,-1.8020270165093706,1.4122338842525897,r1_basin_level_performance_rebuilt.csv + r1_basin_level_ct.csv
02395120,IC-CMA-ES,IC-CMA-ES,CN,XAJ-CN,test,selected_restart,True,0.0124894104226604,S1,0.7498806495973689,-3.0,3.0,15,5479.0,True,0.7091167261271416,-4.174630775657141,1.3790260043911218,r1_basin_level_performance_rebuilt.csv + r1_basin_level_ct.csv
02395120,IC-CMA-ES,IC-CMA-ES,TGD,XAJ-TGD,test,selected_restart,True,0.0124894104226604,S1,0.7621056309556917,-6.0,6.0,15,5479.0,True,0.7083563725982707,-2.894763306014297,1.380827178719856,r1_basin_level_performance_rebuilt.csv + r1_basin_level_ct.csv
02395120,dPL-MLP,dPL-MLP,Base,XAJ-Base,test,median_across_seeds,True,0.0124894104226604,S1,0.7695894221155511,-5.0,5.0,15,5479.0,True,0.6951477319612392,-1.369272961687293,1.4117499994117237,r1_basin_level_performance_rebuilt.csv + r1_basin_level_ct.csv
02395120,dPL-MLP,dPL-MLP,CN,XAJ-CN,test,median_across_seeds,True,0.0124894104226604,S1,0.7823178799682128,-6.0,6.0,15,5479.0,True,0.6819619708981929,1.7210078497605321,1.4419579896763086,r1_basin_level_performance_rebuilt.csv + r1_basin_level_ct.csv
02395120,dPL-MLP,dPL-MLP,TGD,XAJ-TGD,test,median_across_seeds,True,0.0124894104226604,S1,0.7849417465697109,-6.0,6.0,15,5479.0,True,0.6884537927246832,4.278315535767836,1.4271654233820332,r1_basin_level_performance_rebuilt.csv + r1_basin_level_ct.csv
02415000,IC-CMA-ES,IC-CMA-ES,Base,XAJ-Base,test,selected_restart,True,0.0124691410953683,S1,0.8151796002292692,-1.0,1.0,15,5479.0,True,0.8405514037051758,15.467272382236299,1.1019173384207959,r1_basin_level_performance_rebuilt.csv + r1_basin_level_ct.csv
02415000,IC-CMA-ES,IC-CMA-ES,CN,XAJ-CN,test,selected_restart,True,0.0124691410953683,S1,0.8124019491228869,-2.0,2.0,15,5479.0,True,0.8219450666723859,15.623270447185682,1.1644361295191246,r1_basin_level_performance_rebuilt.csv + r1_basin_level_ct.csv
02415000,IC-CMA-ES,IC-CMA-ES,TGD,XAJ-TGD,test,selected_restart,True,0.0124691410953683,S1,0.8107015297397748,-2.0,2.0,15,5479.0,True,0.8288601981513539,16.520159025283142,1.141600575148401,r1_basin_level_performance_rebuilt.csv + r1_basin_level_ct.csv
02415000,dPL-MLP,dPL-MLP,Base,XAJ-Base,test,median_across_seeds,True,0.0124691410953683,S1,0.8404864425451484,-1.0,1.0,15,5479.0,True,0.8301968152334279,12.853616890116449,1.1371338356033425,r1_basin_level_performance_rebuilt.csv + r1_basin_level_ct.csv
02415000,dPL-MLP,dPL-MLP,CN,XAJ-CN,test,median_across_seeds,True,0.0124691410953683,S1,0.84137923611069,-1.0,1.0,15,5479.0,True,0.8092198866660762,12.14270361032595,1.2053279231286487,r1_basin_level_performance_rebuilt.csv + r1_basin_level_ct.csv
02415000,dPL-MLP,dPL-MLP,TGD,XAJ-TGD,test,median_across_seeds,True,0.0124691410953683,S1,0.8384872106044173,0.0,0.0,15,5479.0,True,0.8317917032018529,13.96351107206654,1.131780933106226,r1_basin_level_performance_rebuilt.csv + r1_basin_level_ct.csv
02427250,IC-CMA-ES,IC-CMA-ES,Base,XAJ-Base,test,selected_restart,True,0.0031810787432098,S1,0.7905201321259143,-3.0,3.0,15,5479.0,True,0.8174929502315327,2.2874864709966474,1.4166092933432346,r1_basin_level_performance_rebuilt.csv + r1_basin_level_ct.csv
02427250,IC-CMA-ES,IC-CMA-ES,CN,XAJ-CN,test,selected_restart,True,0.0031810787432098,S1,0.7866396460380957,-1.0,1.0,15,5479.0,True,0.8181027884483945,1.813127254339983,1.4142405482274698,r1_basin_level_performance_rebuilt.csv + r1_basin_level_ct.csv
02427250,IC-CMA-ES,IC-CMA-ES,TGD,XAJ-TGD,test,selected_restart,True,0.0031810787432098,S1,0.7894718785104539,-1.0,1.0,15,5479.0,True,0.821636235944843,2.2740197527085124,1.400437006866902,r1_basin_level_performance_rebuilt.csv + r1_basin_level_ct.csv
02427250,dPL-MLP,dPL-MLP,Base,XAJ-Base,test,median_across_seeds,True,0.0031810787432098,S1,0.8038829177579374,-2.0,2.0,15,5479.0,True,0.8246565567469888,-1.107138612361251,1.3885292394346143,r1_basin_level_performance_rebuilt.csv + r1_basin_level_ct.csv
02427250,dPL-MLP,dPL-MLP,CN,XAJ-CN,test,median_across_seeds,True,0.0031810787432098,S1,0.8045013748865598,-1.0,1.0,15,5479.0,True,0.816316515883242,0.09715232812544743,1.4211676674608644,r1_basin_level_performance_rebuilt.csv + r1_basin_level_ct.csv
02427250,dPL-MLP,dPL-MLP,TGD,XAJ-TGD,test,median_across_seeds,True,0.0031810787432098,S1,0.8235003545550685,-4.0,4.0,15,5479.0,True,0.8322033661479105,-1.5436996258447617,1.3583193462562235,r1_basin_level_performance_rebuilt.csv + r1_basin_level_ct.csv
02430085,IC-CMA-ES,IC-CMA-ES,Base,XAJ-Base,test,selected_restart,True,0.0126767241295668,S1,0.7374442176502307,-4.0,4.0,15,5479.0,True,0.4741813527846763,-6.001730217000394,1.961854431199869,r1_basin_level_performance_rebuilt.csv + r1_basin_level_ct.csv
02430085,IC-CMA-ES,IC-CMA-ES,CN,XAJ-CN,test,selected_restart,True,0.0126767241295668,S1,0.7343741983308539,0.0,0.0,15,5479.0,True,0.4547772930700844,-4.143470606565106,1.997725233739575,r1_basin_level_performance_rebuilt.csv + r1_basin_level_ct.csv
02430085,IC-CMA-ES,IC-CMA-ES,TGD,XAJ-TGD,test,selected_restart,True,0.0126767241295668,S1,0.7348219203456001,-5.0,5.0,15,5479.0,True,0.44891417356825525,0.12984396087413655,2.008437902871932,r1_basin_level_performance_rebuilt.csv + r1_basin_level_ct.csv
02430085,dPL-MLP,dPL-MLP,Base,XAJ-Base,test,median_across_seeds,True,0.0126767241295668,S1,0.7064270740167111,5.0,5.0,15,5479.0,True,0.4783441720204301,15.465708020197495,1.9540731613647646,r1_basin_level_performance_rebuilt.csv + r1_basin_level_ct.csv
02430085,dPL-MLP,dPL-MLP,CN,XAJ-CN,test,median_across_seeds,True,0.0126767241295668,S1,0.7063861587748037,7.0,7.0,15,5479.0,True,0.48159243390792683,15.75603122680635,1.9479798208217145,r1_basin_level_performance_rebuilt.csv + r1_basin_level_ct.csv
02430085,dPL-MLP,dPL-MLP,TGD,XAJ-TGD,test,median_across_seeds,True,0.0126767241295668,S1,0.7178804918859115,3.0,3.0,15,5479.0,True,0.47429297690655214,13.038966105115389,1.9616461826880616,r1_basin_level_performance_rebuilt.csv + r1_basin_level_ct.csv
02450250,IC-CMA-ES,IC-CMA-ES,Base,XAJ-Base,test,selected_restart,True,0.0142864105715527,S1,0.8730436151325698,-14.0,14.0,15,5479.0,True,0.7663137103249509,5.214556672040852,2.0360912451793753,r1_basin_level_performance_rebuilt.csv + r1_basin_level_ct.csv
02450250,IC-CMA-ES,IC-CMA-ES,CN,XAJ-CN,test,selected_restart,True,0.0142864105715527,S1,0.8428125787084004,-13.0,13.0,15,5479.0,True,0.7252577371101216,7.171574872906084,2.2077167640132984,r1_basin_level_performance_rebuilt.csv + r1_basin_level_ct.csv
02450250,IC-CMA-ES,IC-CMA-ES,TGD,XAJ-TGD,test,selected_restart,True,0.0142864105715527,S1,0.8366954180520432,-13.0,13.0,15,5479.0,True,0.7200258507290049,7.663709424434491,2.228638284679357,r1_basin_level_performance_rebuilt.csv + r1_basin_level_ct.csv
02450250,dPL-MLP,dPL-MLP,Base,XAJ-Base,test,median_across_seeds,True,0.0142864105715527,S1,0.8574519106370444,-13.0,13.0,15,5479.0,True,0.7662912355472782,4.9802316051736915,2.0361891533577166,r1_basin_level_performance_rebuilt.csv + r1_basin_level_ct.csv
02450250,dPL-MLP,dPL-MLP,CN,XAJ-CN,test,median_across_seeds,True,0.0142864105715527,S1,0.8476525444736085,-6.0,6.0,15,5479.0,True,0.7457493162860662,7.497716084299684,2.123790553132259,r1_basin_level_performance_rebuilt.csv + r1_basin_level_ct.csv
02450250,dPL-MLP,dPL-MLP,TGD,XAJ-TGD,test,median_across_seeds,True,0.0142864105715527,S1,0.8647429103410105,-11.0,11.0,15,5479.0,True,0.7679785913762786,6.576394401179917,2.0288252882716877,r1_basin_level_performance_rebuilt.csv + r1_basin_level_ct.csv
02464000,IC-CMA-ES,IC-CMA-ES,Base,XAJ-Base,test,selected_restart,True,0.011217518412828,S1,0.8370816276523095,-1.0,1.0,15,5479.0,True,0.8044199555601153,12.618031067001075,1.5401031883273975,r1_basin_level_performance_rebuilt.csv + r1_basin_level_ct.csv
02464000,IC-CMA-ES,IC-CMA-ES,CN,XAJ-CN,test,selected_restart,True,0.011217518412828,S1,0.8162710453609197,0.0,0.0,15,5479.0,True,0.7838562082558147,14.181904583954733,1.6190450480082528,r1_basin_level_performance_rebuilt.csv + r1_basin_level_ct.csv
02464000,IC-CMA-ES,IC-CMA-ES,TGD,XAJ-TGD,test,selected_restart,True,0.011217518412828,S1,0.8411237024325593,-1.0,1.0,15,5479.0,True,0.8079424085206879,12.277950703429912,1.5261713229683356,r1_basin_level_performance_rebuilt.csv + r1_basin_level_ct.csv
02464000,dPL-MLP,dPL-MLP,Base,XAJ-Base,test,median_across_seeds,True,0.011217518412828,S1,0.859870792981035,-1.0,1.0,15,5479.0,True,0.8126593966069968,10.375608170122263,1.5073132160815357,r1_basin_level_performance_rebuilt.csv + r1_basin_level_ct.csv
02464000,dPL-MLP,dPL-MLP,CN,XAJ-CN,test,median_across_seeds,True,0.011217518412828,S1,0.8613442671689289,-1.0,1.0,15,5479.0,True,0.8112388334605669,10.176975359142231,1.5130172379431073,r1_basin_level_performance_rebuilt.csv + r1_basin_level_ct.csv
02464000,dPL-MLP,dPL-MLP,TGD,XAJ-TGD,test,median_across_seeds,True,0.011217518412828,S1,0.8635367145489841,-1.0,1.0,15,5479.0,True,0.8017492519504106,9.474537166843751,1.5505828173055505,r1_basin_level_performance_rebuilt.csv + r1_basin_level_ct.csv
02464360,IC-CMA-ES,IC-CMA-ES,Base,XAJ-Base,test,selected_restart,True,0.0095365763059721,S1,0.8186452419880307,3.0,3.0,15,5479.0,True,0.7089293801715935,9.638611903733237,1.3623245400828303,r1_basin_level_performance_rebuilt.csv + r1_basin_level_ct.csv
02464360,IC-CMA-ES,IC-CMA-ES,CN,XAJ-CN,test,selected_restart,True,0.0095365763059721,S1,0.8429431009798645,7.0,7.0,15,5479.0,True,0.7206494980815847,6.556097959502735,1.3346153712085496,r1_basin_level_performance_rebuilt.csv + r1_basin_level_ct.csv
02464360,IC-CMA-ES,IC-CMA-ES,TGD,XAJ-TGD,test,selected_restart,True,0.0095365763059721,S1,0.8464523863148834,7.0,7.0,15,5479.0,True,0.7283582286474688,6.648804459636116,1.3160720664658936,r1_basin_level_performance_rebuilt.csv + r1_basin_level_ct.csv
02464360,dPL-MLP,dPL-MLP,Base,XAJ-Base,test,median_across_seeds,True,0.0095365763059721,S1,0.835628531351901,6.0,6.0,15,5479.0,True,0.7436376064522532,10.393605310052441,1.278523024005428,r1_basin_level_performance_rebuilt.csv + r1_basin_level_ct.csv
02464360,dPL-MLP,dPL-MLP,CN,XAJ-CN,test,median_across_seeds,True,0.0095365763059721,S1,0.8253497036662938,5.0,5.0,15,5479.0,True,0.7283233919949899,10.859783153802494,1.316156453478898,r1_basin_level_performance_rebuilt.csv + r1_basin_level_ct.csv
02464360,dPL-MLP,dPL-MLP,TGD,XAJ-TGD,test,median_across_seeds,True,0.0095365763059721,S1,0.8401229075035945,6.0,6.0,15,5479.0,True,0.7473974034953604,9.19132809727655,1.2691130200446485,r1_basin_level_performance_rebuilt.csv + r1_basin_level_ct.csv
02465493,IC-CMA-ES,IC-CMA-ES,Base,XAJ-Base,test,selected_restart,True,0.0073106547528566,S1,0.7192684780871005,4.0,4.0,15,5479.0,True,0.6445839502957436,-6.30577451414253,0.9865113139057528,r1_basin_level_performance_rebuilt.csv + r1_basin_level_ct.csv
02465493,IC-CMA-ES,IC-CMA-ES,CN,XAJ-CN,test,selected_restart,True,0.0073106547528566,S1,0.6786182580530833,2.0,2.0,15,5479.0,True,0.6232698245121675,-9.339996999431236,1.0156609534002887,r1_basin_level_performance_rebuilt.csv + r1_basin_level_ct.csv
02465493,IC-CMA-ES,IC-CMA-ES,TGD,XAJ-TGD,test,selected_restart,True,0.0073106547528566,S1,0.6896822971456722,-1.0,1.0,15,5479.0,True,0.6304561797578089,-7.761891258944152,1.005927137754558,r1_basin_level_performance_rebuilt.csv + r1_basin_level_ct.csv
02465493,dPL-MLP,dPL-MLP,Base,XAJ-Base,test,median_across_seeds,True,0.0073106547528566,S1,0.632181861945119,1.0,1.0,15,5479.0,True,0.6363046144801274,11.396677410274602,0.9979354443118934,r1_basin_level_performance_rebuilt.csv + r1_basin_level_ct.csv
02465493,dPL-MLP,dPL-MLP,CN,XAJ-CN,test,median_across_seeds,True,0.0073106547528566,S1,0.6624051645742204,2.0,2.0,15,5479.0,True,0.627939872834424,14.197799174551015,1.009346119451587,r1_basin_level_performance_rebuilt.csv + r1_basin_level_ct.csv
02465493,dPL-MLP,dPL-MLP,TGD,XAJ-TGD,test,median_across_seeds,True,0.0073106547528566,S1,0.6626255701985713,2.0,2.0,15,5479.0,True,0.6119780126881895,16.32684226244543,1.0307698819073234,r1_basin_level_performance_rebuilt.csv + r1_basin_level_ct.csv
02469800,IC-CMA-ES,IC-CMA-ES,Base,XAJ-Base,test,selected_restart,True,0.003171649398055,S1,0.8609945226566835,-8.0,8.0,15,5479.0,True,0.8085410537391885,7.964737266730696,1.2817115343437409,r1_basin_level_performance_rebuilt.csv + r1_basin_level_ct.csv
02469800,IC-CMA-ES,IC-CMA-ES,CN,XAJ-CN,test,selected_restart,True,0.003171649398055,S1,0.8740262581144886,-4.0,4.0,15,5479.0,True,0.7998826041638284,6.628699200669811,1.3103728366237455,r1_basin_level_performance_rebuilt.csv + r1_basin_level_ct.csv
02469800,IC-CMA-ES,IC-CMA-ES,TGD,XAJ-TGD,test,selected_restart,True,0.003171649398055,S1,0.8621468048542481,-6.0,6.0,15,5479.0,True,0.8152329630594556,7.938806137714868,1.2591129989196654,r1_basin_level_performance_rebuilt.csv + r1_basin_level_ct.csv
02469800,dPL-MLP,dPL-MLP,Base,XAJ-Base,test,median_across_seeds,True,0.003171649398055,S1,0.8475014911346945,-2.0,2.0,15,5479.0,True,0.8077525885316503,5.227043222303388,1.2843479915611888,r1_basin_level_performance_rebuilt.csv + r1_basin_level_ct.csv
02469800,dPL-MLP,dPL-MLP,CN,XAJ-CN,test,median_across_seeds,True,0.003171649398055,S1,0.8470765893185739,-2.0,2.0,15,5479.0,True,0.8054461355420589,6.475658892914714,1.2920293857240865,r1_basin_level_performance_rebuilt.csv + r1_basin_level_ct.csv
02469800,dPL-MLP,dPL-MLP,TGD,XAJ-TGD,test,median_across_seeds,True,0.003171649398055,S1,0.846444817628817,-3.0,3.0,15,5479.0,True,0.8030237869372174,6.471890756447668,1.3000478946850917,r1_basin_level_performance_rebuilt.csv + r1_basin_level_ct.csv
02472000,IC-CMA-ES,IC-CMA-ES,Base,XAJ-Base,test,selected_restart,True,0.0060147222598053,S1,0.8112512082565809,-7.0,7.0,15,5479.0,True,0.8155000345589014,15.146250389548088,1.0261959947410884,r1_basin_level_performance_rebuilt.csv + r1_basin_level_ct.csv
02472000,IC-CMA-ES,IC-CMA-ES,CN,XAJ-CN,test,selected_restart,True,0.0060147222598053,S1,0.8031938998959947,-5.0,5.0,15,5479.0,True,0.7935204216351494,15.611693366633745,1.0856022206963605,r1_basin_level_performance_rebuilt.csv + r1_basin_level_ct.csv
02472000,IC-CMA-ES,IC-CMA-ES,TGD,XAJ-TGD,test,selected_restart,True,0.0060147222598053,S1,0.8205887330523336,-6.0,6.0,15,5479.0,True,0.8166172933653705,14.537644308686946,1.023084158072956,r1_basin_level_performance_rebuilt.csv + r1_basin_level_ct.csv
02472000,dPL-MLP,dPL-MLP,Base,XAJ-Base,test,median_across_seeds,True,0.0060147222598053,S1,0.8375993505330099,-2.0,2.0,15,5479.0,True,0.8205710870986885,13.758341857055282,1.0119950392989954,r1_basin_level_performance_rebuilt.csv + r1_basin_level_ct.csv
02472000,dPL-MLP,dPL-MLP,CN,XAJ-CN,test,median_across_seeds,True,0.0060147222598053,S1,0.8357109643568907,-2.0,2.0,15,5479.0,True,0.7989149779326928,13.710032962386993,1.0713269554656712,r1_basin_level_performance_rebuilt.csv + r1_basin_level_ct.csv
02472000,dPL-MLP,dPL-MLP,TGD,XAJ-TGD,test,median_across_seeds,True,0.0060147222598053,S1,0.8533107475816869,-3.0,3.0,15,5479.0,True,0.824204199197286,11.956495055649878,1.0016971062641118,r1_basin_level_performance_rebuilt.csv + r1_basin_level_ct.csv
02472500,IC-CMA-ES,IC-CMA-ES,Base,XAJ-Base,test,selected_restart,True,0.002454389871356,S1,0.8713027376355253,-1.0,1.0,15,5479.0,True,0.7983912414344603,3.628943913256818,0.9607859097046366,r1_basin_level_performance_rebuilt.csv + r1_basin_level_ct.csv
02472500,IC-CMA-ES,IC-CMA-ES,CN,XAJ-CN,test,selected_restart,True,0.002454389871356,S1,0.8840415732270712,-2.0,2.0,15,5479.0,True,0.8046205422007523,5.958995666134429,0.945826281853575,r1_basin_level_performance_rebuilt.csv + r1_basin_level_ct.csv
02472500,IC-CMA-ES,IC-CMA-ES,TGD,XAJ-TGD,test,selected_restart,True,0.002454389871356,S1,0.871402133458113,-1.0,1.0,15,5479.0,True,0.7984541955159181,3.648993612722534,0.960635891130635,r1_basin_level_performance_rebuilt.csv + r1_basin_level_ct.csv
02472500,dPL-MLP,dPL-MLP,Base,XAJ-Base,test,median_across_seeds,True,0.002454389871356,S1,0.8285267299243304,-1.0,1.0,15,5479.0,True,0.8134298704748475,1.4226567763226836,0.9242575016370818,r1_basin_level_performance_rebuilt.csv + r1_basin_level_ct.csv
02472500,dPL-MLP,dPL-MLP,CN,XAJ-CN,test,median_across_seeds,True,0.002454389871356,S1,0.8270307617538892,-1.0,1.0,15,5479.0,True,0.8072036027856726,0.659739394456553,0.9395532185943236,r1_basin_level_performance_rebuilt.csv + r1_basin_level_ct.csv
02472500,dPL-MLP,dPL-MLP,TGD,XAJ-TGD,test,median_across_seeds,True,0.002454389871356,S1,0.811642094712294,1.0,1.0,15,5479.0,True,0.8090262423438179,0.9410368142560152,0.9351015446515614,r1_basin_level_performance_rebuilt.csv + r1_basin_level_ct.csv
02479155,IC-CMA-ES,IC-CMA-ES,Base,XAJ-Base,test,selected_restart,True,0.0018026132328254,S1,0.5697958090192556,0.0,0.0,15,5479.0,True,0.5803348035692724,18.291822853011183,2.203196192702287,r1_basin_level_performance_rebuilt.csv + r1_basin_level_ct.csv
02479155,IC-CMA-ES,IC-CMA-ES,CN,XAJ-CN,test,selected_restart,True,0.0018026132328254,S1,0.5583733176845624,0.0,0.0,15,5479.0,True,0.5653885814186101,18.674418424313235,2.2420859731005747,r1_basin_level_performance_rebuilt.csv + r1_basin_level_ct.csv
02479155,IC-CMA-ES,IC-CMA-ES,TGD,XAJ-TGD,test,selected_restart,True,0.0018026132328254,S1,0.5693859970981324,0.0,0.0,15,5479.0,True,0.5792514617209602,18.27742565661763,2.206038072710777,r1_basin_level_performance_rebuilt.csv + r1_basin_level_ct.csv
02479155,dPL-MLP,dPL-MLP,Base,XAJ-Base,test,median_across_seeds,True,0.0018026132328254,S1,0.7455215062509022,0.0,0.0,15,5479.0,True,0.7264615023284653,16.56783504998494,1.7787336624558894,r1_basin_level_performance_rebuilt.csv + r1_basin_level_ct.csv
02479155,dPL-MLP,dPL-MLP,CN,XAJ-CN,test,median_across_seeds,True,0.0018026132328254,S1,0.7298793591210819,-1.0,1.0,15,5479.0,True,0.7238916394093473,14.73381667849812,1.7870696290843469,r1_basin_level_performance_rebuilt.csv + r1_basin_level_ct.csv
02479155,dPL-MLP,dPL-MLP,TGD,XAJ-TGD,test,median_across_seeds,True,0.0018026132328254,S1,0.7476450488064512,0.0,0.0,15,5479.0,True,0.7315720186347316,16.054097686359498,1.7620392903204223,r1_basin_level_performance_rebuilt.csv + r1_basin_level_ct.csv
02479300,IC-CMA-ES,IC-CMA-ES,Base,XAJ-Base,test,selected_restart,True,0.0007412865485982,S1,0.8360029689309437,-1.0,1.0,15,5479.0,True,0.7961692145887768,11.212890612552597,1.2243588838118105,r1_basin_level_performance_rebuilt.csv + r1_basin_level_ct.csv
02479300,IC-CMA-ES,IC-CMA-ES,CN,XAJ-CN,test,selected_restart,True,0.0007412865485982,S1,0.8363520743800926,-1.0,1.0,15,5479.0,True,0.796619625635832,11.239994928457158,1.2230053842659343,r1_basin_level_performance_rebuilt.csv + r1_basin_level_ct.csv
02479300,IC-CMA-ES,IC-CMA-ES,TGD,XAJ-TGD,test,selected_restart,True,0.0007412865485982,S1,0.8359634982245188,-1.0,1.0,15,5479.0,True,0.7970659391238893,11.213608046185872,1.2216627188537128,r1_basin_level_performance_rebuilt.csv + r1_basin_level_ct.csv
02479300,dPL-MLP,dPL-MLP,Base,XAJ-Base,test,median_across_seeds,True,0.0007412865485982,S1,0.8785462223753909,1.0,1.0,15,5479.0,True,0.81526401844007,7.164823935213151,1.165600148376632,r1_basin_level_performance_rebuilt.csv + r1_basin_level_ct.csv
02479300,dPL-MLP,dPL-MLP,CN,XAJ-CN,test,median_across_seeds,True,0.0007412865485982,S1,0.8760771364815929,1.0,1.0,15,5479.0,True,0.8139390614130336,7.711610936636305,1.1697726188959159,r1_basin_level_performance_rebuilt.csv + r1_basin_level_ct.csv
02479300,dPL-MLP,dPL-MLP,TGD,XAJ-TGD,test,median_across_seeds,True,0.0007412865485982,S1,0.8796527686963423,1.0,1.0,15,5479.0,True,0.811563244879193,7.254484731353066,1.1772173559202852,r1_basin_level_performance_rebuilt.csv + r1_basin_level_ct.csv
02479560,IC-CMA-ES,IC-CMA-ES,Base,XAJ-Base,test,selected_restart,True,0.0008881841770739,S1,0.831207324097427,-1.0,1.0,15,5479.0,True,0.8189172911543701,12.352967873135075,1.1329943378799618,r1_basin_level_performance_rebuilt.csv + r1_basin_level_ct.csv
02479560,IC-CMA-ES,IC-CMA-ES,CN,XAJ-CN,test,selected_restart,True,0.0008881841770739,S1,0.8290621122823408,-1.0,1.0,15,5479.0,True,0.814655644696146,12.494870975242872,1.146248895594176,r1_basin_level_performance_rebuilt.csv + r1_basin_level_ct.csv
02479560,IC-CMA-ES,IC-CMA-ES,TGD,XAJ-TGD,test,selected_restart,True,0.0008881841770739,S1,0.8279170320716359,-2.0,2.0,15,5479.0,True,0.8063881370886399,12.158026784618766,1.1715348981639992,r1_basin_level_performance_rebuilt.csv + r1_basin_level_ct.csv
02479560,dPL-MLP,dPL-MLP,Base,XAJ-Base,test,median_across_seeds,True,0.0008881841770739,S1,0.8859184481274673,-1.0,1.0,15,5479.0,True,0.84217381107101,8.529505916843014,1.0577396465337887,r1_basin_level_performance_rebuilt.csv + r1_basin_level_ct.csv
02479560,dPL-MLP,dPL-MLP,CN,XAJ-CN,test,median_across_seeds,True,0.0008881841770739,S1,0.8880358027513799,-2.0,2.0,15,5479.0,True,0.8449948024888604,8.395771359054159,1.0482439840361497,r1_basin_level_performance_rebuilt.csv + r1_basin_level_ct.csv
02479560,dPL-MLP,dPL-MLP,TGD,XAJ-TGD,test,median_across_seeds,True,0.0008881841770739,S1,0.8917242714770066,-1.0,1.0,15,5479.0,True,0.8443096316591443,7.647798117224722,1.0505582104807347,r1_basin_level_performance_rebuilt.csv + r1_basin_level_ct.csv
02481000,IC-CMA-ES,IC-CMA-ES,Base,XAJ-Base,test,selected_restart,True,0.0003653977736162,S1,0.7284584672375605,-4.0,4.0,15,5479.0,True,0.7131693290973005,18.1085845986622,2.378232745023888,r1_basin_level_performance_rebuilt.csv + r1_basin_level_ct.csv
02481000,IC-CMA-ES,IC-CMA-ES,CN,XAJ-CN,test,selected_restart,True,0.0003653977736162,S1,0.7180072366314865,-5.0,5.0,15,5479.0,True,0.6582300717479569,18.013774871041036,2.596022688240283,r1_basin_level_performance_rebuilt.csv + r1_basin_level_ct.csv
02481000,IC-CMA-ES,IC-CMA-ES,TGD,XAJ-TGD,test,selected_restart,True,0.0003653977736162,S1,0.729713466057462,-3.0,3.0,15,5479.0,True,0.7135272696290442,18.102428569206428,2.3767483646513736,r1_basin_level_performance_rebuilt.csv + r1_basin_level_ct.csv
02481000,dPL-MLP,dPL-MLP,Base,XAJ-Base,test,median_across_seeds,True,0.0003653977736162,S1,0.767860303005022,-1.0,1.0,15,5479.0,True,0.764143438031973,18.845403034581125,2.1565798442551585,r1_basin_level_performance_rebuilt.csv + r1_basin_level_ct.csv
02481000,dPL-MLP,dPL-MLP,CN,XAJ-CN,test,median_across_seeds,True,0.0003653977736162,S1,0.7533662190561358,-1.0,1.0,15,5479.0,True,0.7549763290134961,19.372482906393866,2.198090560459792,r1_basin_level_performance_rebuilt.csv + r1_basin_level_ct.csv
02481000,dPL-MLP,dPL-MLP,TGD,XAJ-TGD,test,median_across_seeds,True,0.0003653977736162,S1,0.7581927332582608,0.0,0.0,15,5479.0,True,0.759312092716514,20.27323262595646,2.178555837095919,r1_basin_level_performance_rebuilt.csv + r1_basin_level_ct.csv
02481510,IC-CMA-ES,IC-CMA-ES,Base,XAJ-Base,test,selected_restart,True,0.0007622545076852,S1,0.8381398098295376,-5.0,5.0,15,5479.0,True,0.8249845560254292,13.399033291262146,1.3625468207911224,r1_basin_level_performance_rebuilt.csv + r1_basin_level_ct.csv
02481510,IC-CMA-ES,IC-CMA-ES,CN,XAJ-CN,test,selected_restart,True,0.0007622545076852,S1,0.843372135039748,-1.0,1.0,15,5479.0,True,0.8280551842409153,12.882145422058802,1.3505410548829175,r1_basin_level_performance_rebuilt.csv + r1_basin_level_ct.csv
02481510,IC-CMA-ES,IC-CMA-ES,TGD,XAJ-TGD,test,selected_restart,True,0.0007622545076852,S1,0.8056040637755474,-9.0,9.0,15,5479.0,True,0.8097339486455987,14.458457819039538,1.4206722593803238,r1_basin_level_performance_rebuilt.csv + r1_basin_level_ct.csv
02481510,dPL-MLP,dPL-MLP,Base,XAJ-Base,test,median_across_seeds,True,0.0007622545076852,S1,0.8360553139126441,0.0,0.0,15,5479.0,True,0.8311909867526822,14.098199084521193,1.3381693036510451,r1_basin_level_performance_rebuilt.csv + r1_basin_level_ct.csv
02481510,dPL-MLP,dPL-MLP,CN,XAJ-CN,test,median_across_seeds,True,0.0007622545076852,S1,0.8499596624175247,-1.0,1.0,15,5479.0,True,0.8320117660662794,12.608982079741955,1.3349121315370942,r1_basin_level_performance_rebuilt.csv + r1_basin_level_ct.csv
02481510,dPL-MLP,dPL-MLP,TGD,XAJ-TGD,test,median_across_seeds,True,0.0007622545076852,S1,0.8418772860559276,1.0,1.0,15,5479.0,True,0.8354928531994549,13.51197725882886,1.3210085628560506,r1_basin_level_performance_rebuilt.csv + r1_basin_level_ct.csv
03010655,IC-CMA-ES,IC-CMA-ES,Base,XAJ-Base,test,selected_restart,True,0.207261759338099,S3,0.6769205664836465,-15.0,15.0,15,5479.0,True,0.35572779068487936,11.22937726661271,1.725870549142085,r1_basin_level_performance_rebuilt.csv + r1_basin_level_ct.csv
03010655,IC-CMA-ES,IC-CMA-ES,CN,XAJ-CN,test,selected_restart,True,0.207261759338099,S3,0.7959798145742012,17.0,17.0,15,5479.0,True,0.6548676005799572,10.72120384883258,1.2631833249612876,r1_basin_level_performance_rebuilt.csv + r1_basin_level_ct.csv
03010655,IC-CMA-ES,IC-CMA-ES,TGD,XAJ-TGD,test,selected_restart,True,0.207261759338099,S3,0.7041784778131921,8.0,8.0,15,5479.0,True,0.4488101261389782,10.73631364421858,1.5963353604381312,r1_basin_level_performance_rebuilt.csv + r1_basin_level_ct.csv
03010655,dPL-MLP,dPL-MLP,Base,XAJ-Base,test,median_across_seeds,True,0.207261759338099,S3,0.6755453523198462,-15.0,15.0,15,5479.0,True,0.3692642501575354,12.467531833918017,1.7076436294757906,r1_basin_level_performance_rebuilt.csv + r1_basin_level_ct.csv
03010655,dPL-MLP,dPL-MLP,CN,XAJ-CN,test,median_across_seeds,True,0.207261759338099,S3,0.7271983251430405,17.0,17.0,15,5479.0,True,0.538919401058248,13.759020819865333,1.460030549302613,r1_basin_level_performance_rebuilt.csv + r1_basin_level_ct.csv
03010655,dPL-MLP,dPL-MLP,TGD,XAJ-TGD,test,median_across_seeds,True,0.207261759338099,S3,0.7150869232973647,-2.0,2.0,15,5479.0,True,0.464752884441739,12.227848275641776,1.5730795541069296,r1_basin_level_performance_rebuilt.csv + r1_basin_level_ct.csv
03011800,IC-CMA-ES,IC-CMA-ES,Base,XAJ-Base,test,selected_restart,True,0.210192690903197,S3,0.6480783890496227,-3.0,3.0,15,5479.0,True,0.2541469988774814,3.2054189013410546,1.9184627969995185,r1_basin_level_performance_rebuilt.csv + r1_basin_level_ct.csv
03011800,IC-CMA-ES,IC-CMA-ES,CN,XAJ-CN,test,selected_restart,True,0.210192690903197,S3,0.7412774752315914,18.0,18.0,15,5479.0,True,0.5442919753480527,2.1990762621499766,1.4995815866123638,r1_basin_level_performance_rebuilt.csv + r1_basin_level_ct.csv
03011800,IC-CMA-ES,IC-CMA-ES,TGD,XAJ-TGD,test,selected_restart,True,0.210192690903197,S3,0.6848415593972659,0.0,0.0,15,5479.0,True,0.34303354419410015,2.828707583521958,1.8005216949051326,r1_basin_level_performance_rebuilt.csv + r1_basin_level_ct.csv
03011800,dPL-MLP,dPL-MLP,Base,XAJ-Base,test,median_across_seeds,True,0.210192690903197,S3,0.6964324029408899,-3.0,3.0,15,5479.0,True,0.3654834085810026,1.4449338064609532,1.7694905688286688,r1_basin_level_performance_rebuilt.csv + r1_basin_level_ct.csv
03011800,dPL-MLP,dPL-MLP,CN,XAJ-CN,test,median_across_seeds,True,0.210192690903197,S3,0.7426145317423285,19.0,19.0,15,5479.0,True,0.490831479330353,0.27280965479588565,1.5851031672173133,r1_basin_level_performance_rebuilt.csv + r1_basin_level_ct.csv
03011800,dPL-MLP,dPL-MLP,TGD,XAJ-TGD,test,median_across_seeds,True,0.210192690903197,S3,0.7224429062683073,1.0,1.0,15,5479.0,True,0.43019461147207205,2.135177036158622,1.6768338673936338,r1_basin_level_performance_rebuilt.csv + r1_basin_level_ct.csv
03015500,IC-CMA-ES,IC-CMA-ES,Base,XAJ-Base,test,selected_restart,True,0.192038519147369,S3,0.69256420645136,-7.0,7.0,15,5479.0,True,0.4274404174690828,-1.1896291462800515,2.109540489298326,r1_basin_level_performance_rebuilt.csv + r1_basin_level_ct.csv
03015500,IC-CMA-ES,IC-CMA-ES,CN,XAJ-CN,test,selected_restart,True,0.192038519147369,S3,0.8415171252417889,6.0,6.0,15,5479.0,True,0.6836800670180724,-1.250349769195147,1.567981020862202,r1_basin_level_performance_rebuilt.csv + r1_basin_level_ct.csv
03015500,IC-CMA-ES,IC-CMA-ES,TGD,XAJ-TGD,test,selected_restart,True,0.192038519147369,S3,0.7291490349619905,1.0,1.0,15,5479.0,True,0.5072728451254039,-0.8689405184687474,1.956954689804789,r1_basin_level_performance_rebuilt.csv + r1_basin_level_ct.csv
03015500,dPL-MLP,dPL-MLP,Base,XAJ-Base,test,median_across_seeds,True,0.192038519147369,S3,0.6818003077413999,-6.0,6.0,15,5479.0,True,0.44576203161312555,-3.897647606033157,2.0755139592303675,r1_basin_level_performance_rebuilt.csv + r1_basin_level_ct.csv
03015500,dPL-MLP,dPL-MLP,CN,XAJ-CN,test,median_across_seeds,True,0.192038519147369,S3,0.8233229649055449,13.0,13.0,15,5479.0,True,0.6513896956976946,-3.544072209893818,1.6460674670636872,r1_basin_level_performance_rebuilt.csv + r1_basin_level_ct.csv
03015500,dPL-MLP,dPL-MLP,TGD,XAJ-TGD,test,median_across_seeds,True,0.192038519147369,S3,0.7189713464165509,0.0,0.0,15,5479.0,True,0.5378161824015983,-3.0951969405295214,1.8953302292451024,r1_basin_level_performance_rebuilt.csv + r1_basin_level_ct.csv
03021350,IC-CMA-ES,IC-CMA-ES,Base,XAJ-Base,test,selected_restart,True,0.208263538884948,S3,0.5898254682134217,-3.0,3.0,15,5479.0,True,0.31677074363024627,-11.06761189679966,3.342918537072968,r1_basin_level_performance_rebuilt.csv + r1_basin_level_ct.csv
03021350,IC-CMA-ES,IC-CMA-ES,CN,XAJ-CN,test,selected_restart,True,0.208263538884948,S3,0.7402728710448028,24.0,24.0,15,5479.0,True,0.6092042132614359,-10.978239732871714,2.5282353679719813,r1_basin_level_performance_rebuilt.csv + r1_basin_level_ct.csv
03021350,IC-CMA-ES,IC-CMA-ES,TGD,XAJ-TGD,test,selected_restart,True,0.208263538884948,S3,0.6360511560837994,4.0,4.0,15,5479.0,True,0.4235673118980432,-10.60723393269303,3.0705548971711147,r1_basin_level_performance_rebuilt.csv + r1_basin_level_ct.csv
03021350,dPL-MLP,dPL-MLP,Base,XAJ-Base,test,median_across_seeds,True,0.208263538884948,S3,0.5755853419538011,-4.0,4.0,15,5479.0,True,0.35585641944949886,-12.987270795866939,3.245890819353845,r1_basin_level_performance_rebuilt.csv + r1_basin_level_ct.csv
03021350,dPL-MLP,dPL-MLP,CN,XAJ-CN,test,median_across_seeds,True,0.208263538884948,S3,0.7359202381166183,29.0,29.0,15,5479.0,True,0.5873921309138281,-11.969767068379237,2.597833538036561,r1_basin_level_performance_rebuilt.csv + r1_basin_level_ct.csv
03021350,dPL-MLP,dPL-MLP,TGD,XAJ-TGD,test,median_across_seeds,True,0.208263538884948,S3,0.6178366638190474,10.0,10.0,15,5479.0,True,0.4572189201277095,-12.013936576903582,2.979579080191659,r1_basin_level_performance_rebuilt.csv + r1_basin_level_ct.csv
03026500,IC-CMA-ES,IC-CMA-ES,Base,XAJ-Base,test,selected_restart,True,0.209814940150446,S3,0.5814712668496655,-3.0,3.0,15,5479.0,True,0.11304927650866214,6.89445759445128,2.1523344269522426,r1_basin_level_performance_rebuilt.csv + r1_basin_level_ct.csv
03026500,IC-CMA-ES,IC-CMA-ES,CN,XAJ-CN,test,selected_restart,True,0.209814940150446,S3,0.6932924556118433,6.0,6.0,15,5479.0,True,0.46815329253382565,5.4853202786829,1.6666839133852882,r1_basin_level_performance_rebuilt.csv + r1_basin_level_ct.csv
03026500,IC-CMA-ES,IC-CMA-ES,TGD,XAJ-TGD,test,selected_restart,True,0.209814940150446,S3,0.5985189284892558,-6.0,6.0,15,5479.0,True,0.179651158559619,5.931798827161776,2.0699473100192844,r1_basin_level_performance_rebuilt.csv + r1_basin_level_ct.csv
03026500,dPL-MLP,dPL-MLP,Base,XAJ-Base,test,median_across_seeds,True,0.209814940150446,S3,0.638496923761948,-3.0,3.0,15,5479.0,True,0.26019608147516826,11.254429239746338,1.965704898219987,r1_basin_level_performance_rebuilt.csv + r1_basin_level_ct.csv
03026500,dPL-MLP,dPL-MLP,CN,XAJ-CN,test,median_across_seeds,True,0.209814940150446,S3,0.7161347961234152,14.0,14.0,15,5479.0,True,0.47625503566839356,8.493510388314768,1.6539407075390813,r1_basin_level_performance_rebuilt.csv + r1_basin_level_ct.csv
03026500,dPL-MLP,dPL-MLP,TGD,XAJ-TGD,test,median_across_seeds,True,0.209814940150446,S3,0.6838737986633139,-3.0,3.0,15,5479.0,True,0.3725829637264768,9.934827463136248,1.8102483473412543,r1_basin_level_performance_rebuilt.csv + r1_basin_level_ct.csv
03028000,IC-CMA-ES,IC-CMA-ES,Base,XAJ-Base,test,selected_restart,True,0.203474312123818,S3,0.6735303545231333,-2.0,2.0,15,5479.0,True,0.3797963173279396,4.026554155336799,2.0035820325133615,r1_basin_level_performance_rebuilt.csv + r1_basin_level_ct.csv
03028000,IC-CMA-ES,IC-CMA-ES,CN,XAJ-CN,test,selected_restart,True,0.203474312123818,S3,0.8195246593590602,16.0,16.0,15,5479.0,True,0.6410790502835926,3.319460214268235,1.5241908922904341,r1_basin_level_performance_rebuilt.csv + r1_basin_level_ct.csv
03028000,IC-CMA-ES,IC-CMA-ES,TGD,XAJ-TGD,test,selected_restart,True,0.203474312123818,S3,0.7117128490724385,-1.0,1.0,15,5479.0,True,0.4421310697983216,4.015784975984559,1.900229453603002,r1_basin_level_performance_rebuilt.csv + r1_basin_level_ct.csv
03028000,dPL-MLP,dPL-MLP,Base,XAJ-Base,test,median_across_seeds,True,0.203474312123818,S3,0.6851810707321973,-3.0,3.0,15,5479.0,True,0.40826987198660536,-5.183717449491128,1.957049448601611,r1_basin_level_performance_rebuilt.csv + r1_basin_level_ct.csv
03028000,dPL-MLP,dPL-MLP,CN,XAJ-CN,test,median_across_seeds,True,0.203474312123818,S3,0.8112818876697088,13.0,13.0,15,5479.0,True,0.6260471189531742,-3.305151169074776,1.5557807724399093,r1_basin_level_performance_rebuilt.csv + r1_basin_level_ct.csv
03028000,dPL-MLP,dPL-MLP,TGD,XAJ-TGD,test,median_across_seeds,True,0.203474312123818,S3,0.7100297456292197,-1.0,1.0,15,5479.0,True,0.48896236424964923,-6.116834573129548,1.818722337007556,r1_basin_level_performance_rebuilt.csv + r1_basin_level_ct.csv
03049000,IC-CMA-ES,IC-CMA-ES,Base,XAJ-Base,test,selected_restart,True,0.139333377128464,S2,0.6360205199945643,-8.0,8.0,15,5479.0,True,0.43525813786605305,19.689462499955763,1.5330326496173847,r1_basin_level_performance_rebuilt.csv + r1_basin_level_ct.csv
03049000,IC-CMA-ES,IC-CMA-ES,CN,XAJ-CN,test,selected_restart,True,0.139333377128464,S2,0.6413337813253078,-1.0,1.0,15,5479.0,True,0.5258367557427793,18.731574205594985,1.4047219102173905,r1_basin_level_performance_rebuilt.csv + r1_basin_level_ct.csv
03049000,IC-CMA-ES,IC-CMA-ES,TGD,XAJ-TGD,test,selected_restart,True,0.139333377128464,S2,0.6429202400769545,-5.0,5.0,15,5479.0,True,0.4565430553716556,19.180637832322418,1.5038654605320567,r1_basin_level_performance_rebuilt.csv + r1_basin_level_ct.csv
03049000,dPL-MLP,dPL-MLP,Base,XAJ-Base,test,median_across_seeds,True,0.139333377128464,S2,0.7079097935582305,-4.0,4.0,15,5479.0,True,0.5236294035658919,17.397039368473678,1.40798778512556,r1_basin_level_performance_rebuilt.csv + r1_basin_level_ct.csv
03049000,dPL-MLP,dPL-MLP,CN,XAJ-CN,test,median_across_seeds,True,0.139333377128464,S2,0.6551276889988458,-1.0,1.0,15,5479.0,True,0.5320441371403117,20.56468868057446,1.3954968481484675,r1_basin_level_performance_rebuilt.csv + r1_basin_level_ct.csv
03049000,dPL-MLP,dPL-MLP,TGD,XAJ-TGD,test,median_across_seeds,True,0.139333377128464,S2,0.6724408612551647,-11.0,11.0,15,5479.0,True,0.47501237983119493,18.00780751554774,1.4780902243877976,r1_basin_level_performance_rebuilt.csv + r1_basin_level_ct.csv
03049800,IC-CMA-ES,IC-CMA-ES,Base,XAJ-Base,test,selected_restart,True,0.116341909362209,S2,0.46130631989588955,-21.0,21.0,15,5479.0,True,0.19159604508085293,3.2332254471633064,2.4974555660687203,r1_basin_level_performance_rebuilt.csv + r1_basin_level_ct.csv
03049800,IC-CMA-ES,IC-CMA-ES,CN,XAJ-CN,test,selected_restart,True,0.116341909362209,S2,0.5843551299597185,0.0,0.0,15,5479.0,True,0.2594445673904664,2.9874291021070096,2.3903546540456047,r1_basin_level_performance_rebuilt.csv + r1_basin_level_ct.csv
03049800,IC-CMA-ES,IC-CMA-ES,TGD,XAJ-TGD,test,selected_restart,True,0.116341909362209,S2,0.5829088481497076,-21.0,21.0,15,5479.0,True,0.2163288935330503,2.1485254359398445,2.4589543872597126,r1_basin_level_performance_rebuilt.csv + r1_basin_level_ct.csv
03049800,dPL-MLP,dPL-MLP,Base,XAJ-Base,test,median_across_seeds,True,0.116341909362209,S2,0.4689294147334646,6.0,6.0,15,5479.0,True,0.3421152019093612,-5.41081059031696,2.2529859373211636,r1_basin_level_performance_rebuilt.csv + r1_basin_level_ct.csv
03049800,dPL-MLP,dPL-MLP,CN,XAJ-CN,test,median_across_seeds,True,0.116341909362209,S2,0.5064321392799457,0.0,0.0,15,5479.0,True,0.3337392206629157,-1.914582369393105,2.2672827280070034,r1_basin_level_performance_rebuilt.csv + r1_basin_level_ct.csv
03049800,dPL-MLP,dPL-MLP,TGD,XAJ-TGD,test,median_across_seeds,True,0.116341909362209,S2,0.5084209178514545,-13.0,13.0,15,5479.0,True,0.28271962355987623,-4.341566434444159,2.3524913222406902,r1_basin_level_performance_rebuilt.csv + r1_basin_level_ct.csv
03050000,IC-CMA-ES,IC-CMA-ES,Base,XAJ-Base,test,selected_restart,True,0.158964457158934,S3,0.8156512222329054,-17.0,17.0,15,5479.0,True,0.6280039990260331,2.663790201456932,1.9851855521201225,r1_basin_level_performance_rebuilt.csv + r1_basin_level_ct.csv
03050000,IC-CMA-ES,IC-CMA-ES,CN,XAJ-CN,test,selected_restart,True,0.158964457158934,S3,0.852537132931129,-3.0,3.0,15,5479.0,True,0.7050276317733395,2.2881551574003858,1.767757293391622,r1_basin_level_performance_rebuilt.csv + r1_basin_level_ct.csv
03050000,IC-CMA-ES,IC-CMA-ES,TGD,XAJ-TGD,test,selected_restart,True,0.158964457158934,S3,0.8470252614342245,-15.0,15.0,15,5479.0,True,0.6959260777002678,2.2273593891895653,1.7948227193855988,r1_basin_level_performance_rebuilt.csv + r1_basin_level_ct.csv
03050000,dPL-MLP,dPL-MLP,Base,XAJ-Base,test,median_across_seeds,True,0.158964457158934,S3,0.8116733774389239,-18.0,18.0,15,5479.0,True,0.6777515276862248,-4.649646273062995,1.8476827481391889,r1_basin_level_performance_rebuilt.csv + r1_basin_level_ct.csv
03050000,dPL-MLP,dPL-MLP,CN,XAJ-CN,test,median_across_seeds,True,0.158964457158934,S3,0.8155826123727168,-1.0,1.0,15,5479.0,True,0.6890419364370672,-8.326436512002195,1.815026130268437,r1_basin_level_performance_rebuilt.csv + r1_basin_level_ct.csv
03050000,dPL-MLP,dPL-MLP,TGD,XAJ-TGD,test,median_across_seeds,True,0.158964457158934,S3,0.817515217582482,-16.0,16.0,15,5479.0,True,0.7288773081706901,-5.837664769951861,1.6947861416217633,r1_basin_level_performance_rebuilt.csv + r1_basin_level_ct.csv
03069500,IC-CMA-ES,IC-CMA-ES,Base,XAJ-Base,test,selected_restart,True,0.194644630432116,S3,0.7753440771650174,-3.0,3.0,15,5479.0,True,0.5528420279911412,4.281032992835737,2.3417850494117705,r1_basin_level_performance_rebuilt.csv + r1_basin_level_ct.csv
03069500,IC-CMA-ES,IC-CMA-ES,CN,XAJ-CN,test,selected_restart,True,0.194644630432116,S3,0.8690387334013706,12.0,12.0,15,5479.0,True,0.7534398163340901,4.843148755070613,1.7389136338264781,r1_basin_level_performance_rebuilt.csv + r1_basin_level_ct.csv
03069500,IC-CMA-ES,IC-CMA-ES,TGD,XAJ-TGD,test,selected_restart,True,0.194644630432116,S3,0.8113338194078292,0.0,0.0,15,5479.0,True,0.6326316833861262,4.6033301485381655,2.1225962332938266,r1_basin_level_performance_rebuilt.csv + r1_basin_level_ct.csv
03069500,dPL-MLP,dPL-MLP,Base,XAJ-Base,test,median_across_seeds,True,0.194644630432116,S3,0.7736065365891411,-2.0,2.0,15,5479.0,True,0.5534001247166802,5.466183357739293,2.340323205161598,r1_basin_level_performance_rebuilt.csv + r1_basin_level_ct.csv
03069500,dPL-MLP,dPL-MLP,CN,XAJ-CN,test,median_across_seeds,True,0.194644630432116,S3,0.8424403686293358,12.0,12.0,15,5479.0,True,0.7067361864576456,4.777672747777624,1.8964691350717306,r1_basin_level_performance_rebuilt.csv + r1_basin_level_ct.csv
03069500,dPL-MLP,dPL-MLP,TGD,XAJ-TGD,test,median_across_seeds,True,0.194644630432116,S3,0.8136427400559403,0.0,0.0,15,5479.0,True,0.6460216817633422,4.325485637265714,2.083554528847901,r1_basin_level_performance_rebuilt.csv + r1_basin_level_ct.csv
03070500,IC-CMA-ES,IC-CMA-ES,Base,XAJ-Base,test,selected_restart,True,0.144725592442485,S2,0.7697452640737749,-2.0,2.0,15,5479.0,True,0.5467050443757872,0.9058267824782359,2.06068276311421,r1_basin_level_performance_rebuilt.csv + r1_basin_level_ct.csv
03070500,IC-CMA-ES,IC-CMA-ES,CN,XAJ-CN,test,selected_restart,True,0.144725592442485,S2,0.8423632173661005,8.0,8.0,15,5479.0,True,0.6807541148839995,0.8818749409282869,1.7293517965333536,r1_basin_level_performance_rebuilt.csv + r1_basin_level_ct.csv
03070500,IC-CMA-ES,IC-CMA-ES,TGD,XAJ-TGD,test,selected_restart,True,0.144725592442485,S2,0.7938210007395013,3.0,3.0,15,5479.0,True,0.5896440988662237,0.6266419912568599,1.9606543484215018,r1_basin_level_performance_rebuilt.csv + r1_basin_level_ct.csv
03070500,dPL-MLP,dPL-MLP,Base,XAJ-Base,test,median_across_seeds,True,0.144725592442485,S2,0.7699077858213517,0.0,0.0,15,5479.0,True,0.5466433165423619,-0.443417239537258,2.0608230659684743,r1_basin_level_performance_rebuilt.csv + r1_basin_level_ct.csv
03070500,dPL-MLP,dPL-MLP,CN,XAJ-CN,test,median_across_seeds,True,0.144725592442485,S2,0.8216756921645492,10.0,10.0,15,5479.0,True,0.6399535898678197,1.1814883236745224,1.8365380806248317,r1_basin_level_performance_rebuilt.csv + r1_basin_level_ct.csv
03070500,dPL-MLP,dPL-MLP,TGD,XAJ-TGD,test,median_across_seeds,True,0.144725592442485,S2,0.7823304570875264,2.0,2.0,15,5479.0,True,0.5901499078429634,-0.8263254155287483,1.9594456143012937,r1_basin_level_performance_rebuilt.csv + r1_basin_level_ct.csv
03076600,IC-CMA-ES,IC-CMA-ES,Base,XAJ-Base,test,selected_restart,True,0.189395500517419,S3,0.5402458484982584,-11.0,11.0,15,5479.0,True,0.0793705550204098,20.35037920012755,2.534586973022502,r1_basin_level_performance_rebuilt.csv + r1_basin_level_ct.csv
03076600,IC-CMA-ES,IC-CMA-ES,CN,XAJ-CN,test,selected_restart,True,0.189395500517419,S3,0.652002595829243,5.0,5.0,15,5479.0,True,0.4508739090592313,20.009019286795567,1.957495658056314,r1_basin_level_performance_rebuilt.csv + r1_basin_level_ct.csv
03076600,IC-CMA-ES,IC-CMA-ES,TGD,XAJ-TGD,test,selected_restart,True,0.189395500517419,S3,0.5879849410643909,-3.0,3.0,15,5479.0,True,0.2040514450841875,19.8064323462833,2.3567160915948264,r1_basin_level_performance_rebuilt.csv + r1_basin_level_ct.csv
03076600,dPL-MLP,dPL-MLP,Base,XAJ-Base,test,median_across_seeds,True,0.189395500517419,S3,0.5609041613266741,-8.0,8.0,15,5479.0,True,0.13087252739078037,18.78966713729071,2.462671627199512,r1_basin_level_performance_rebuilt.csv + r1_basin_level_ct.csv
03076600,dPL-MLP,dPL-MLP,CN,XAJ-CN,test,median_across_seeds,True,0.189395500517419,S3,0.5967130640412421,5.0,5.0,15,5479.0,True,0.3106668084373784,19.25548298684789,2.193205685621097,r1_basin_level_performance_rebuilt.csv + r1_basin_level_ct.csv
03076600,dPL-MLP,dPL-MLP,TGD,XAJ-TGD,test,median_across_seeds,True,0.189395500517419,S3,0.6044224431380905,-3.0,3.0,15,5479.0,True,0.25510543003615227,18.80979265373576,2.279880962220887,r1_basin_level_performance_rebuilt.csv + r1_basin_level_ct.csv
03078000,IC-CMA-ES,IC-CMA-ES,Base,XAJ-Base,test,selected_restart,True,0.194625437344426,S3,0.6484525275269228,-7.0,7.0,15,5479.0,True,0.33789444055254836,6.014131387393242,2.3581449434788877,r1_basin_level_performance_rebuilt.csv + r1_basin_level_ct.csv
03078000,IC-CMA-ES,IC-CMA-ES,CN,XAJ-CN,test,selected_restart,True,0.194625437344426,S3,0.8057687466715362,13.0,13.0,15,5479.0,True,0.6240537781576208,5.68934712616615,1.7769276307583988,r1_basin_level_performance_rebuilt.csv + r1_basin_level_ct.csv
03078000,IC-CMA-ES,IC-CMA-ES,TGD,XAJ-TGD,test,selected_restart,True,0.194625437344426,S3,0.6996623912611536,1.0,1.0,15,5479.0,True,0.4227882382070316,4.684774308143282,2.2017827470046045,r1_basin_level_performance_rebuilt.csv + r1_basin_level_ct.csv
03078000,dPL-MLP,dPL-MLP,Base,XAJ-Base,test,median_across_seeds,True,0.194625437344426,S3,0.6538109089766967,-6.0,6.0,15,5479.0,True,0.3431906973113009,3.6711626803902426,2.3486944735184068,r1_basin_level_performance_rebuilt.csv + r1_basin_level_ct.csv
03078000,dPL-MLP,dPL-MLP,CN,XAJ-CN,test,median_across_seeds,True,0.194625437344426,S3,0.7900904526397009,11.0,11.0,15,5479.0,True,0.5801979869874139,5.2188048074576505,1.8777126696558943,r1_basin_level_performance_rebuilt.csv + r1_basin_level_ct.csv
03078000,dPL-MLP,dPL-MLP,TGD,XAJ-TGD,test,median_across_seeds,True,0.194625437344426,S3,0.6909498897247669,1.0,1.0,15,5479.0,True,0.458717824313131,3.6364364928572157,2.1321548436666435,r1_basin_level_performance_rebuilt.csv + r1_basin_level_ct.csv
03140000,IC-CMA-ES,IC-CMA-ES,Base,XAJ-Base,test,selected_restart,True,0.0894584784615066,S2,0.7319577390432959,-3.0,3.0,15,5479.0,True,0.5680989123798569,14.693877313770603,1.2405460148174547,r1_basin_level_performance_rebuilt.csv + r1_basin_level_ct.csv
03140000,IC-CMA-ES,IC-CMA-ES,CN,XAJ-CN,test,selected_restart,True,0.0894584784615066,S2,0.7426416391296518,0.0,0.0,15,5479.0,True,0.5862204323593652,14.367907639984654,1.214241997206448,r1_basin_level_performance_rebuilt.csv + r1_basin_level_ct.csv
03140000,IC-CMA-ES,IC-CMA-ES,TGD,XAJ-TGD,test,selected_restart,True,0.0894584784615066,S2,0.7591960889778993,-2.0,2.0,15,5479.0,True,0.6034567369791046,13.864225489852503,1.1886829052317973,r1_basin_level_performance_rebuilt.csv + r1_basin_level_ct.csv
03140000,dPL-MLP,dPL-MLP,Base,XAJ-Base,test,median_across_seeds,True,0.0894584784615066,S2,0.772827740601369,4.0,4.0,15,5479.0,True,0.6328928576296899,13.67601858428462,1.1437132333561069,r1_basin_level_performance_rebuilt.csv + r1_basin_level_ct.csv
03140000,dPL-MLP,dPL-MLP,CN,XAJ-CN,test,median_across_seeds,True,0.0894584784615066,S2,0.7154454708399006,3.0,3.0,15,5479.0,True,0.5868377836312604,17.65329506908467,1.213335846068022,r1_basin_level_performance_rebuilt.csv + r1_basin_level_ct.csv
03140000,dPL-MLP,dPL-MLP,TGD,XAJ-TGD,test,median_across_seeds,True,0.0894584784615066,S2,0.7866098220058599,10.0,10.0,15,5479.0,True,0.6445852615768406,12.596748493653097,1.1253521518541714,r1_basin_level_performance_rebuilt.csv + r1_basin_level_ct.csv
03144000,IC-CMA-ES,IC-CMA-ES,Base,XAJ-Base,test,selected_restart,True,0.0936024048579887,S2,0.8024942678888256,-9.0,9.0,15,5479.0,True,0.7234944468880347,8.859122593820912,1.3435862392485458,r1_basin_level_performance_rebuilt.csv + r1_basin_level_ct.csv
03144000,IC-CMA-ES,IC-CMA-ES,CN,XAJ-CN,test,selected_restart,True,0.0936024048579887,S2,0.8123095085441948,-6.0,6.0,15,5479.0,True,0.7556349530503508,7.595906264839444,1.2630866979683903,r1_basin_level_performance_rebuilt.csv + r1_basin_level_ct.csv
03144000,IC-CMA-ES,IC-CMA-ES,TGD,XAJ-TGD,test,selected_restart,True,0.0936024048579887,S2,0.7786150405515195,-7.0,7.0,15,5479.0,True,0.7037551003345202,8.261629342069496,1.3907179475381284,r1_basin_level_performance_rebuilt.csv + r1_basin_level_ct.csv
03144000,dPL-MLP,dPL-MLP,Base,XAJ-Base,test,median_across_seeds,True,0.0936024048579887,S2,0.7799162680962721,-1.0,1.0,15,5479.0,True,0.6944580902907773,5.636876819789095,1.4123717188822575,r1_basin_level_performance_rebuilt.csv + r1_basin_level_ct.csv
03144000,dPL-MLP,dPL-MLP,CN,XAJ-CN,test,median_across_seeds,True,0.0936024048579887,S2,0.7894344463333224,-1.0,1.0,15,5479.0,True,0.7241425215272081,9.295366258017427,1.3420107645981039,r1_basin_level_performance_rebuilt.csv + r1_basin_level_ct.csv
03144000,dPL-MLP,dPL-MLP,TGD,XAJ-TGD,test,median_across_seeds,True,0.0936024048579887,S2,0.7602379948716056,1.0,1.0,15,5479.0,True,0.6780985024454165,5.362169894142755,1.4496899124671072,r1_basin_level_performance_rebuilt.csv + r1_basin_level_ct.csv
03170000,IC-CMA-ES,IC-CMA-ES,Base,XAJ-Base,test,selected_restart,True,0.0945585836238721,S2,0.8055129158298231,6.0,6.0,15,5479.0,True,0.6771673891556387,11.28425211724596,0.6488289334053455,r1_basin_level_performance_rebuilt.csv + r1_basin_level_ct.csv
03170000,IC-CMA-ES,IC-CMA-ES,CN,XAJ-CN,test,selected_restart,True,0.0945585836238721,S2,0.8438935066693621,10.0,10.0,15,5479.0,True,0.7354886261247375,8.878408927385475,0.58730498169286,r1_basin_level_performance_rebuilt.csv + r1_basin_level_ct.csv
03170000,IC-CMA-ES,IC-CMA-ES,TGD,XAJ-TGD,test,selected_restart,True,0.0945585836238721,S2,0.8325594670298897,5.0,5.0,15,5479.0,True,0.7135364999979005,9.458211837552476,0.6111898818549555,r1_basin_level_performance_rebuilt.csv + r1_basin_level_ct.csv
03170000,dPL-MLP,dPL-MLP,Base,XAJ-Base,test,median_across_seeds,True,0.0945585836238721,S2,0.7843726827748003,3.0,3.0,15,5479.0,True,0.6603202849245113,13.915665333271724,0.6655432993055717,r1_basin_level_performance_rebuilt.csv + r1_basin_level_ct.csv
03170000,dPL-MLP,dPL-MLP,CN,XAJ-CN,test,median_across_seeds,True,0.0945585836238721,S2,0.7796412486183049,6.0,6.0,15,5479.0,True,0.7142463879908674,17.58462095931146,0.610432114302667,r1_basin_level_performance_rebuilt.csv + r1_basin_level_ct.csv
03170000,dPL-MLP,dPL-MLP,TGD,XAJ-TGD,test,median_across_seeds,True,0.0945585836238721,S2,0.7949632391412365,4.0,4.0,15,5479.0,True,0.7189169310757108,16.08893930520264,0.6054229115972244,r1_basin_level_performance_rebuilt.csv + r1_basin_level_ct.csv
03173000,IC-CMA-ES,IC-CMA-ES,Base,XAJ-Base,test,selected_restart,True,0.0942000993572573,S2,0.7346312979950717,0.0,0.0,15,5479.0,True,0.5027599336415342,11.681465652980439,1.1481705413373051,r1_basin_level_performance_rebuilt.csv + r1_basin_level_ct.csv
03173000,IC-CMA-ES,IC-CMA-ES,CN,XAJ-CN,test,selected_restart,True,0.0942000993572573,S2,0.8396911396010642,-2.0,2.0,15,5479.0,True,0.756427080552979,10.135142573563103,0.8035961416516666,r1_basin_level_performance_rebuilt.csv + r1_basin_level_ct.csv
03173000,IC-CMA-ES,IC-CMA-ES,TGD,XAJ-TGD,test,selected_restart,True,0.0942000993572573,S2,0.7978624978572737,-5.0,5.0,15,5479.0,True,0.6521381262936152,10.90331470689002,0.9603438467229021,r1_basin_level_performance_rebuilt.csv + r1_basin_level_ct.csv
03173000,dPL-MLP,dPL-MLP,Base,XAJ-Base,test,median_across_seeds,True,0.0942000993572573,S2,0.7366384390411662,-12.0,12.0,15,5479.0,True,0.5396821308229353,11.001911581254944,1.1047201083144553,r1_basin_level_performance_rebuilt.csv + r1_basin_level_ct.csv
03173000,dPL-MLP,dPL-MLP,CN,XAJ-CN,test,median_across_seeds,True,0.0942000993572573,S2,0.8208098913960469,-2.0,2.0,15,5479.0,True,0.723067408331213,11.459905054807075,0.8568610014427629,r1_basin_level_performance_rebuilt.csv + r1_basin_level_ct.csv
03173000,dPL-MLP,dPL-MLP,TGD,XAJ-TGD,test,median_across_seeds,True,0.0942000993572573,S2,0.7893025199806875,-12.0,12.0,15,5479.0,True,0.6391031567608569,8.077548342766887,0.9781712267417412,r1_basin_level_performance_rebuilt.csv + r1_basin_level_ct.csv
03180500,IC-CMA-ES,IC-CMA-ES,Base,XAJ-Base,test,selected_restart,True,0.195303023284764,S3,0.7416572186626118,-12.0,12.0,15,5479.0,True,0.4868024728116134,-4.989917938938147,2.285833002588438,r1_basin_level_performance_rebuilt.csv + r1_basin_level_ct.csv
03180500,IC-CMA-ES,IC-CMA-ES,CN,XAJ-CN,test,selected_restart,True,0.195303023284764,S3,0.8539058109414464,3.0,3.0,15,5479.0,True,0.7276638349342265,-4.959265752092265,1.6651558212666304,r1_basin_level_performance_rebuilt.csv + r1_basin_level_ct.csv
03180500,IC-CMA-ES,IC-CMA-ES,TGD,XAJ-TGD,test,selected_restart,True,0.195303023284764,S3,0.7796689520507439,-11.0,11.0,15,5479.0,True,0.5751666543305738,-4.888440072470318,2.0797518535210946,r1_basin_level_performance_rebuilt.csv + r1_basin_level_ct.csv
03180500,dPL-MLP,dPL-MLP,Base,XAJ-Base,test,median_across_seeds,True,0.195303023284764,S3,0.749434087582477,-11.0,11.0,15,5479.0,True,0.5337646410468686,-4.192985638147338,2.178737079696903,r1_basin_level_performance_rebuilt.csv + r1_basin_level_ct.csv
03180500,dPL-MLP,dPL-MLP,CN,XAJ-CN,test,median_across_seeds,True,0.195303023284764,S3,0.8512171995994207,4.0,4.0,15,5479.0,True,0.718342189328455,-4.548637602516051,1.6934139019933159,r1_basin_level_performance_rebuilt.csv + r1_basin_level_ct.csv
03180500,dPL-MLP,dPL-MLP,TGD,XAJ-TGD,test,median_across_seeds,True,0.195303023284764,S3,0.7805692667288218,-11.0,11.0,15,5479.0,True,0.6169908554329451,-4.604884928992183,1.9747257655708648,r1_basin_level_performance_rebuilt.csv + r1_basin_level_ct.csv
03182500,IC-CMA-ES,IC-CMA-ES,Base,XAJ-Base,test,selected_restart,True,0.170253081143655,S3,0.7747010692778652,-16.0,16.0,15,5479.0,True,0.5900935243798645,-2.28826345481213,1.8557138799442365,r1_basin_level_performance_rebuilt.csv + r1_basin_level_ct.csv
03182500,IC-CMA-ES,IC-CMA-ES,CN,XAJ-CN,test,selected_restart,True,0.170253081143655,S3,0.8625250714953127,1.0,1.0,15,5479.0,True,0.787692545937313,-2.596580966076011,1.3355226185169797,r1_basin_level_performance_rebuilt.csv + r1_basin_level_ct.csv
03182500,IC-CMA-ES,IC-CMA-ES,TGD,XAJ-TGD,test,selected_restart,True,0.170253081143655,S3,0.8092388064133855,-17.0,17.0,15,5479.0,True,0.6859304186794168,-2.949644159671905,1.6243572989532706,r1_basin_level_performance_rebuilt.csv + r1_basin_level_ct.csv
03182500,dPL-MLP,dPL-MLP,Base,XAJ-Base,test,median_across_seeds,True,0.170253081143655,S3,0.7869453478056304,-14.0,14.0,15,5479.0,True,0.600586334271045,-2.59566259200865,1.8318085697019615,r1_basin_level_performance_rebuilt.csv + r1_basin_level_ct.csv
03182500,dPL-MLP,dPL-MLP,CN,XAJ-CN,test,median_across_seeds,True,0.170253081143655,S3,0.8573609956317273,3.0,3.0,15,5479.0,True,0.7584968936202211,-3.1334087663713746,1.4243935129580445,r1_basin_level_performance_rebuilt.csv + r1_basin_level_ct.csv
03182500,dPL-MLP,dPL-MLP,TGD,XAJ-TGD,test,median_across_seeds,True,0.170253081143655,S3,0.8226414703255557,-12.0,12.0,15,5479.0,True,0.6998333881809964,-2.4541599533043237,1.587997513253211,r1_basin_level_performance_rebuilt.csv + r1_basin_level_ct.csv
03186500,IC-CMA-ES,IC-CMA-ES,Base,XAJ-Base,test,selected_restart,True,0.1907316712122,S3,0.6841735373356901,2.0,2.0,15,5479.0,True,0.3729963374349947,9.827893554119822,2.9653016998382085,r1_basin_level_performance_rebuilt.csv + r1_basin_level_ct.csv
03186500,IC-CMA-ES,IC-CMA-ES,CN,XAJ-CN,test,selected_restart,True,0.1907316712122,S3,0.7824796301541912,12.0,12.0,15,5479.0,True,0.6072305335192582,10.556588192601273,2.346943891795373,r1_basin_level_performance_rebuilt.csv + r1_basin_level_ct.csv
03186500,IC-CMA-ES,IC-CMA-ES,TGD,XAJ-TGD,test,selected_restart,True,0.1907316712122,S3,0.7024374230231212,4.0,4.0,15,5479.0,True,0.4048569364814417,8.88278105143517,2.888980003223465,r1_basin_level_performance_rebuilt.csv + r1_basin_level_ct.csv
03186500,dPL-MLP,dPL-MLP,Base,XAJ-Base,test,median_across_seeds,True,0.1907316712122,S3,0.6869122478905967,5.0,5.0,15,5479.0,True,0.36824889329600285,9.11610224671471,2.9765066239838984,r1_basin_level_performance_rebuilt.csv + r1_basin_level_ct.csv
03186500,dPL-MLP,dPL-MLP,CN,XAJ-CN,test,median_across_seeds,True,0.1907316712122,S3,0.7645716562285724,14.0,14.0,15,5479.0,True,0.5657515684370418,9.035233944730027,2.4677603209560597,r1_basin_level_performance_rebuilt.csv + r1_basin_level_ct.csv
03186500,dPL-MLP,dPL-MLP,TGD,XAJ-TGD,test,median_across_seeds,True,0.1907316712122,S3,0.7258103570747898,7.0,7.0,15,5479.0,True,0.47533333027532476,9.0309835825536,2.7125364676415247,r1_basin_level_performance_rebuilt.csv + r1_basin_level_ct.csv
03237280,IC-CMA-ES,IC-CMA-ES,Base,XAJ-Base,test,selected_restart,True,0.0847306381238598,S2,0.6193200460556657,-7.0,7.0,15,5479.0,True,0.20331602967966356,2.776352674118816,2.7975530683680847,r1_basin_level_performance_rebuilt.csv + r1_basin_level_ct.csv
03237280,IC-CMA-ES,IC-CMA-ES,CN,XAJ-CN,test,selected_restart,True,0.0847306381238598,S2,0.6660027560527559,0.0,0.0,15,5479.0,True,0.3561848908274453,-1.2362091990005684,2.514871947047286,r1_basin_level_performance_rebuilt.csv + r1_basin_level_ct.csv
03237280,IC-CMA-ES,IC-CMA-ES,TGD,XAJ-TGD,test,selected_restart,True,0.0847306381238598,S2,0.6503387766186679,-2.0,2.0,15,5479.0,True,0.2718666475468232,1.9007647049489356,2.674488632999896,r1_basin_level_performance_rebuilt.csv + r1_basin_level_ct.csv
03237280,dPL-MLP,dPL-MLP,Base,XAJ-Base,test,median_across_seeds,True,0.0847306381238598,S2,0.6261417677274471,0.0,0.0,15,5479.0,True,0.37758712150087703,-3.8745806930687183,2.4727179371239103,r1_basin_level_performance_rebuilt.csv + r1_basin_level_ct.csv
03237280,dPL-MLP,dPL-MLP,CN,XAJ-CN,test,median_across_seeds,True,0.0847306381238598,S2,0.6185730610337281,13.0,13.0,15,5479.0,True,0.3906431466614627,-4.53154359545864,2.4466460414349327,r1_basin_level_performance_rebuilt.csv + r1_basin_level_ct.csv
03237280,dPL-MLP,dPL-MLP,TGD,XAJ-TGD,test,median_across_seeds,True,0.0847306381238598,S2,0.6385361592440492,5.0,5.0,15,5479.0,True,0.41666500476517976,-6.51662089487511,2.393835536363933,r1_basin_level_performance_rebuilt.csv + r1_basin_level_ct.csv
03237500,IC-CMA-ES,IC-CMA-ES,Base,XAJ-Base,test,selected_restart,True,0.0787104016916548,S2,0.8410241692429021,-2.0,2.0,15,5479.0,True,0.7098414891276363,6.770246862649022,1.876243920070216,r1_basin_level_performance_rebuilt.csv + r1_basin_level_ct.csv
03237500,IC-CMA-ES,IC-CMA-ES,CN,XAJ-CN,test,selected_restart,True,0.0787104016916548,S2,0.8579327994112789,0.0,0.0,15,5479.0,True,0.733469851159038,5.072975264096319,1.798228232898543,r1_basin_level_performance_rebuilt.csv + r1_basin_level_ct.csv
03237500,IC-CMA-ES,IC-CMA-ES,TGD,XAJ-TGD,test,selected_restart,True,0.0787104016916548,S2,0.8585171654244294,-3.0,3.0,15,5479.0,True,0.7453093776852591,6.439369155421896,1.7578350443521427,r1_basin_level_performance_rebuilt.csv + r1_basin_level_ct.csv
03237500,dPL-MLP,dPL-MLP,Base,XAJ-Base,test,median_across_seeds,True,0.0787104016916548,S2,0.8437663814569811,-3.0,3.0,15,5479.0,True,0.7175343136604841,6.1331613679648305,1.851204894692497,r1_basin_level_performance_rebuilt.csv + r1_basin_level_ct.csv
03237500,dPL-MLP,dPL-MLP,CN,XAJ-CN,test,median_across_seeds,True,0.0787104016916548,S2,0.8374823024094774,0.0,0.0,15,5479.0,True,0.7200943376533743,8.51181841987586,1.8427969429463107,r1_basin_level_performance_rebuilt.csv + r1_basin_level_ct.csv
03237500,dPL-MLP,dPL-MLP,TGD,XAJ-TGD,test,median_across_seeds,True,0.0787104016916548,S2,0.8513154937763956,-2.0,2.0,15,5479.0,True,0.7375848036008018,6.632782263093278,1.78429283578394,r1_basin_level_performance_rebuilt.csv + r1_basin_level_ct.csv
03238500,IC-CMA-ES,IC-CMA-ES,Base,XAJ-Base,test,selected_restart,True,0.0747385312973334,S2,0.8465625081989222,-1.0,1.0,15,5479.0,True,0.6915047188271495,-1.9196465563995933,2.1973093141517555,r1_basin_level_performance_rebuilt.csv + r1_basin_level_ct.csv
03238500,IC-CMA-ES,IC-CMA-ES,CN,XAJ-CN,test,selected_restart,True,0.0747385312973334,S2,0.8564894298891683,0.0,0.0,15,5479.0,True,0.716636246115713,-2.5153839657358925,2.105906488017562,r1_basin_level_performance_rebuilt.csv + r1_basin_level_ct.csv
03238500,IC-CMA-ES,IC-CMA-ES,TGD,XAJ-TGD,test,selected_restart,True,0.0747385312973334,S2,0.8575667142693063,-1.0,1.0,15,5479.0,True,0.7143771915550309,-1.8618776800448793,2.1142842594423166,r1_basin_level_performance_rebuilt.csv + r1_basin_level_ct.csv
03238500,dPL-MLP,dPL-MLP,Base,XAJ-Base,test,median_across_seeds,True,0.0747385312973334,S2,0.8432958683953369,-1.0,1.0,15,5479.0,True,0.6862222525227448,-2.4399992580106313,2.216042088208673,r1_basin_level_performance_rebuilt.csv + r1_basin_level_ct.csv
03238500,dPL-MLP,dPL-MLP,CN,XAJ-CN,test,median_across_seeds,True,0.0747385312973334,S2,0.8404494558375637,0.0,0.0,15,5479.0,True,0.6837729368917358,-3.24463488431046,2.2246743693831994,r1_basin_level_performance_rebuilt.csv + r1_basin_level_ct.csv
03238500,dPL-MLP,dPL-MLP,TGD,XAJ-TGD,test,median_across_seeds,True,0.0747385312973334,S2,0.857055137359637,-3.0,3.0,15,5479.0,True,0.7137737371482851,-1.6956640553862299,2.1165165758410325,r1_basin_level_performance_rebuilt.csv + r1_basin_level_ct.csv
03241500,IC-CMA-ES,IC-CMA-ES,Base,XAJ-Base,test,selected_restart,True,0.0779467519548554,S2,0.8108661866977789,0.0,0.0,15,5479.0,True,0.6689472271923286,6.5352965274100585,1.1594552998205931,r1_basin_level_performance_rebuilt.csv + r1_basin_level_ct.csv
03241500,IC-CMA-ES,IC-CMA-ES,CN,XAJ-CN,test,selected_restart,True,0.0779467519548554,S2,0.8354560055149121,-1.0,1.0,15,5479.0,True,0.7267538204688984,5.330149473785536,1.0533736355901617,r1_basin_level_performance_rebuilt.csv + r1_basin_level_ct.csv
03241500,IC-CMA-ES,IC-CMA-ES,TGD,XAJ-TGD,test,selected_restart,True,0.0779467519548554,S2,0.8216966360996766,-3.0,3.0,15,5479.0,True,0.6611951573054782,3.988363360251731,1.1729518911537204,r1_basin_level_performance_rebuilt.csv + r1_basin_level_ct.csv
03241500,dPL-MLP,dPL-MLP,Base,XAJ-Base,test,median_across_seeds,True,0.0779467519548554,S2,0.8415224854797153,0.0,0.0,15,5479.0,True,0.6870117735155463,3.2192671441527048,1.1273775851068446,r1_basin_level_performance_rebuilt.csv + r1_basin_level_ct.csv
03241500,dPL-MLP,dPL-MLP,CN,XAJ-CN,test,median_across_seeds,True,0.0779467519548554,S2,0.8641743480429139,1.0,1.0,15,5479.0,True,0.7327669773834815,2.1767370625429674,1.041718692404009,r1_basin_level_performance_rebuilt.csv + r1_basin_level_ct.csv
03241500,dPL-MLP,dPL-MLP,TGD,XAJ-TGD,test,median_across_seeds,True,0.0779467519548554,S2,0.8523169946065354,-3.0,3.0,15,5479.0,True,0.7183363405599702,1.4372047620881818,1.0694754110371196,r1_basin_level_performance_rebuilt.csv + r1_basin_level_ct.csv
03280700,IC-CMA-ES,IC-CMA-ES,Base,XAJ-Base,test,selected_restart,True,0.0584460847843343,S2,0.7665906369489165,-10.0,10.0,15,5479.0,True,0.5794651798632255,10.903005604668316,1.994371166625017,r1_basin_level_performance_rebuilt.csv + r1_basin_level_ct.csv
03280700,IC-CMA-ES,IC-CMA-ES,CN,XAJ-CN,test,selected_restart,True,0.0584460847843343,S2,0.7680334087276811,-9.0,9.0,15,5479.0,True,0.5746894127203583,10.428242346459422,2.0056636480412444,r1_basin_level_performance_rebuilt.csv + r1_basin_level_ct.csv
03280700,IC-CMA-ES,IC-CMA-ES,TGD,XAJ-TGD,test,selected_restart,True,0.0584460847843343,S2,0.7776064984844114,-10.0,10.0,15,5479.0,True,0.6013889266737622,10.64396508658825,1.9416890695422246,r1_basin_level_performance_rebuilt.csv + r1_basin_level_ct.csv
03280700,dPL-MLP,dPL-MLP,Base,XAJ-Base,test,median_across_seeds,True,0.0584460847843343,S2,0.752548611721839,-12.0,12.0,15,5479.0,True,0.6101113186294163,10.208192587153828,1.9203275831437208,r1_basin_level_performance_rebuilt.csv + r1_basin_level_ct.csv
03280700,dPL-MLP,dPL-MLP,CN,XAJ-CN,test,median_across_seeds,True,0.0584460847843343,S2,0.7610849123824411,-5.0,5.0,15,5479.0,True,0.6233291574353117,11.867914684855606,1.887495861251989,r1_basin_level_performance_rebuilt.csv + r1_basin_level_ct.csv
03280700,dPL-MLP,dPL-MLP,TGD,XAJ-TGD,test,median_across_seeds,True,0.0584460847843343,S2,0.7674958143931438,-12.0,12.0,15,5479.0,True,0.6306381538666361,12.257088453541787,1.8690934792995733,r1_basin_level_performance_rebuilt.csv + r1_basin_level_ct.csv
03281500,IC-CMA-ES,IC-CMA-ES,Base,XAJ-Base,test,selected_restart,True,0.044067880842997,S1,0.8746259177492557,-9.0,9.0,15,5479.0,True,0.769006333683885,1.782282233723701,1.3017779479599443,r1_basin_level_performance_rebuilt.csv + r1_basin_level_ct.csv
03281500,IC-CMA-ES,IC-CMA-ES,CN,XAJ-CN,test,selected_restart,True,0.044067880842997,S1,0.8976888378347819,-1.0,1.0,15,5479.0,True,0.808869135145678,1.7251258414082071,1.1841379143929562,r1_basin_level_performance_rebuilt.csv + r1_basin_level_ct.csv
03281500,IC-CMA-ES,IC-CMA-ES,TGD,XAJ-TGD,test,selected_restart,True,0.044067880842997,S1,0.8932868758453986,-1.0,1.0,15,5479.0,True,0.79197239537596,1.446955851525319,1.235370875784346,r1_basin_level_performance_rebuilt.csv + r1_basin_level_ct.csv
03281500,dPL-MLP,dPL-MLP,Base,XAJ-Base,test,median_across_seeds,True,0.044067880842997,S1,0.8765165293728244,-9.0,9.0,15,5479.0,True,0.7918633533872046,2.3055039949378604,1.235694606016225,r1_basin_level_performance_rebuilt.csv + r1_basin_level_ct.csv
03281500,dPL-MLP,dPL-MLP,CN,XAJ-CN,test,median_across_seeds,True,0.044067880842997,S1,0.8677808727860404,0.0,0.0,15,5479.0,True,0.815463694499741,2.3866216547743737,1.1635305350037288,r1_basin_level_performance_rebuilt.csv + r1_basin_level_ct.csv
03281500,dPL-MLP,dPL-MLP,TGD,XAJ-TGD,test,median_across_seeds,True,0.044067880842997,S1,0.8794914552958645,-5.0,5.0,15,5479.0,True,0.7989008766287322,3.1493407003686618,1.2146242933099296,r1_basin_level_performance_rebuilt.csv + r1_basin_level_ct.csv
03285000,IC-CMA-ES,IC-CMA-ES,Base,XAJ-Base,test,selected_restart,True,0.0446468108120254,S1,0.8348253814508818,-5.0,5.0,15,5479.0,True,0.7539248900924425,6.622651423491396,1.8387034149363002,r1_basin_level_performance_rebuilt.csv + r1_basin_level_ct.csv
03285000,IC-CMA-ES,IC-CMA-ES,CN,XAJ-CN,test,selected_restart,True,0.0446468108120254,S1,0.8201649380951854,-3.0,3.0,15,5479.0,True,0.7158958650675502,6.833486588015114,1.9756800574659543,r1_basin_level_performance_rebuilt.csv + r1_basin_level_ct.csv
03285000,IC-CMA-ES,IC-CMA-ES,TGD,XAJ-TGD,test,selected_restart,True,0.0446468108120254,S1,0.8478952337557303,-4.0,4.0,15,5479.0,True,0.7654851515584176,6.423784662794664,1.794994042662827,r1_basin_level_performance_rebuilt.csv + r1_basin_level_ct.csv
03285000,dPL-MLP,dPL-MLP,Base,XAJ-Base,test,median_across_seeds,True,0.0446468108120254,S1,0.8257486888534928,-2.0,2.0,15,5479.0,True,0.7705951487390157,4.087255209981782,1.7753301868569091,r1_basin_level_performance_rebuilt.csv + r1_basin_level_ct.csv
03285000,dPL-MLP,dPL-MLP,CN,XAJ-CN,test,median_across_seeds,True,0.0446468108120254,S1,0.8088297655368449,-1.0,1.0,15,5479.0,True,0.7433004083435546,4.689952062912329,1.8779776859874708,r1_basin_level_performance_rebuilt.csv + r1_basin_level_ct.csv
03285000,dPL-MLP,dPL-MLP,TGD,XAJ-TGD,test,median_across_seeds,True,0.0446468108120254,S1,0.8202277551853596,-1.0,1.0,15,5479.0,True,0.7737839343153701,5.453413553023895,1.76294823844617,r1_basin_level_performance_rebuilt.csv + r1_basin_level_ct.csv
03291780,IC-CMA-ES,IC-CMA-ES,Base,XAJ-Base,test,selected_restart,True,0.0673686532615331,S2,0.7876651573626691,-1.0,1.0,15,5479.0,True,0.5735749959933562,-2.8106743505535166,2.849127607292877,r1_basin_level_performance_rebuilt.csv + r1_basin_level_ct.csv
03291780,IC-CMA-ES,IC-CMA-ES,CN,XAJ-CN,test,selected_restart,True,0.0673686532615331,S2,0.7970898759878136,-1.0,1.0,15,5479.0,True,0.6119276954785322,-3.672813915538712,2.7179839926243177,r1_basin_level_performance_rebuilt.csv + r1_basin_level_ct.csv
03291780,IC-CMA-ES,IC-CMA-ES,TGD,XAJ-TGD,test,selected_restart,True,0.0673686532615331,S2,0.7917545639325054,-1.0,1.0,15,5479.0,True,0.5997756929295006,-4.430645789779509,2.7602111158735694,r1_basin_level_performance_rebuilt.csv + r1_basin_level_ct.csv
03291780,dPL-MLP,dPL-MLP,Base,XAJ-Base,test,median_across_seeds,True,0.0673686532615331,S2,0.768228113263957,-1.0,1.0,15,5479.0,True,0.5834428518677255,-7.213879741615941,2.8159689742097673,r1_basin_level_performance_rebuilt.csv + r1_basin_level_ct.csv
03291780,dPL-MLP,dPL-MLP,CN,XAJ-CN,test,median_across_seeds,True,0.0673686532615331,S2,0.7911953177707154,0.0,0.0,15,5479.0,True,0.6205412400609844,-4.748232725568578,2.6876509249289087,r1_basin_level_performance_rebuilt.csv + r1_basin_level_ct.csv
03291780,dPL-MLP,dPL-MLP,TGD,XAJ-TGD,test,median_across_seeds,True,0.0673686532615331,S2,0.7829923671796495,-1.0,1.0,15,5479.0,True,0.6156520724016082,-6.313917358130597,2.70491013832366,r1_basin_level_performance_rebuilt.csv + r1_basin_level_ct.csv
03338780,IC-CMA-ES,IC-CMA-ES,Base,XAJ-Base,test,selected_restart,True,0.0725503193755769,S2,0.7616909835342129,-3.0,3.0,15,5479.0,True,0.6645661288026172,12.146016937970003,1.3310441757527036,r1_basin_level_performance_rebuilt.csv + r1_basin_level_ct.csv
03338780,IC-CMA-ES,IC-CMA-ES,CN,XAJ-CN,test,selected_restart,True,0.0725503193755769,S2,0.7458556659569793,-1.0,1.0,15,5479.0,True,0.6690724964748346,12.155638019223009,1.3220730238134812,r1_basin_level_performance_rebuilt.csv + r1_basin_level_ct.csv
03338780,IC-CMA-ES,IC-CMA-ES,TGD,XAJ-TGD,test,selected_restart,True,0.0725503193755769,S2,0.7583423728443104,-3.0,3.0,15,5479.0,True,0.6655045621289278,12.26719097531308,1.3291809603998972,r1_basin_level_performance_rebuilt.csv + r1_basin_level_ct.csv
03338780,dPL-MLP,dPL-MLP,Base,XAJ-Base,test,median_across_seeds,True,0.0725503193755769,S2,0.8515474947024915,-1.0,1.0,15,5479.0,True,0.7228727287920862,3.1696599461693467,1.2098419662023583,r1_basin_level_performance_rebuilt.csv + r1_basin_level_ct.csv
03338780,dPL-MLP,dPL-MLP,CN,XAJ-CN,test,median_across_seeds,True,0.0725503193755769,S2,0.8517144035710877,0.0,0.0,15,5479.0,True,0.7393503987122179,2.9516847400903696,1.1733228938827973,r1_basin_level_performance_rebuilt.csv + r1_basin_level_ct.csv
03338780,dPL-MLP,dPL-MLP,TGD,XAJ-TGD,test,median_across_seeds,True,0.0725503193755769,S2,0.854196260277705,-2.0,2.0,15,5479.0,True,0.7174447573247562,1.9960863271315346,1.2216328350187284,r1_basin_level_performance_rebuilt.csv + r1_basin_level_ct.csv
03340800,IC-CMA-ES,IC-CMA-ES,Base,XAJ-Base,test,selected_restart,True,0.0732286680426859,S2,0.8219156153123409,-6.0,6.0,15,5479.0,True,0.7318730743779386,-7.816913003328747,1.3808246122593626,r1_basin_level_performance_rebuilt.csv + r1_basin_level_ct.csv
03340800,IC-CMA-ES,IC-CMA-ES,CN,XAJ-CN,test,selected_restart,True,0.0732286680426859,S2,0.8302321022256497,-2.0,2.0,15,5479.0,True,0.719762100742423,-7.510275342562292,1.4116653001391464,r1_basin_level_performance_rebuilt.csv + r1_basin_level_ct.csv
03340800,IC-CMA-ES,IC-CMA-ES,TGD,XAJ-TGD,test,selected_restart,True,0.0732286680426859,S2,0.8143199332193359,-5.0,5.0,15,5479.0,True,0.7284978651614646,-8.963863891016402,1.3894884131850251,r1_basin_level_performance_rebuilt.csv + r1_basin_level_ct.csv
03340800,dPL-MLP,dPL-MLP,Base,XAJ-Base,test,median_across_seeds,True,0.0732286680426859,S2,0.8435684245674189,-1.0,1.0,15,5479.0,True,0.7649978463156859,-10.312587396163144,1.2927192809505799,r1_basin_level_performance_rebuilt.csv + r1_basin_level_ct.csv
03340800,dPL-MLP,dPL-MLP,CN,XAJ-CN,test,median_across_seeds,True,0.0732286680426859,S2,0.8335537467224692,-1.0,1.0,15,5479.0,True,0.7438839214554263,-10.092315349531678,1.3495430003169153,r1_basin_level_performance_rebuilt.csv + r1_basin_level_ct.csv
03340800,dPL-MLP,dPL-MLP,TGD,XAJ-TGD,test,median_across_seeds,True,0.0732286680426859,S2,0.8254440424212783,-1.0,1.0,15,5479.0,True,0.7643722779473765,-12.987671000916711,1.294438726540007,r1_basin_level_performance_rebuilt.csv + r1_basin_level_ct.csv
03346000,IC-CMA-ES,IC-CMA-ES,Base,XAJ-Base,test,selected_restart,True,0.0621069652969445,S2,0.8607959852672502,-6.0,6.0,15,5479.0,True,0.7759689107989594,2.016184927375112,1.488836005645756,r1_basin_level_performance_rebuilt.csv + r1_basin_level_ct.csv
03346000,IC-CMA-ES,IC-CMA-ES,CN,XAJ-CN,test,selected_restart,True,0.0621069652969445,S2,0.9006172200335101,-3.0,3.0,15,5479.0,True,0.8290589248916014,1.8929315380648073,1.3005167003364029,r1_basin_level_performance_rebuilt.csv + r1_basin_level_ct.csv
03346000,IC-CMA-ES,IC-CMA-ES,TGD,XAJ-TGD,test,selected_restart,True,0.0621069652969445,S2,0.8681268182492865,-6.0,6.0,15,5479.0,True,0.7774319758032922,2.156630261671702,1.483966521044336,r1_basin_level_performance_rebuilt.csv + r1_basin_level_ct.csv
03346000,dPL-MLP,dPL-MLP,Base,XAJ-Base,test,median_across_seeds,True,0.0621069652969445,S2,0.8644400202256979,-1.0,1.0,15,5479.0,True,0.8188185042541888,1.3997822741514063,1.3389046142795165,r1_basin_level_performance_rebuilt.csv + r1_basin_level_ct.csv
03346000,dPL-MLP,dPL-MLP,CN,XAJ-CN,test,median_across_seeds,True,0.0621069652969445,S2,0.8624828996067065,-4.0,4.0,15,5479.0,True,0.8193140924004512,1.4909973677794732,1.3370721985966922,r1_basin_level_performance_rebuilt.csv + r1_basin_level_ct.csv
03346000,dPL-MLP,dPL-MLP,TGD,XAJ-TGD,test,median_across_seeds,True,0.0621069652969445,S2,0.8643058651527924,-4.0,4.0,15,5479.0,True,0.8070115494339577,3.0510044389817756,1.3818419650944331,r1_basin_level_performance_rebuilt.csv + r1_basin_level_ct.csv
03364500,IC-CMA-ES,IC-CMA-ES,Base,XAJ-Base,test,selected_restart,True,0.0804170575814994,S2,0.7940088672260878,-4.0,4.0,15,5479.0,True,0.6502198074593872,11.441293480946442,1.9452657771035105,r1_basin_level_performance_rebuilt.csv + r1_basin_level_ct.csv
03364500,IC-CMA-ES,IC-CMA-ES,CN,XAJ-CN,test,selected_restart,True,0.0804170575814994,S2,0.7842869561243924,-6.0,6.0,15,5479.0,True,0.6520758984141635,6.3005410543122915,1.940097684548227,r1_basin_level_performance_rebuilt.csv + r1_basin_level_ct.csv
03364500,IC-CMA-ES,IC-CMA-ES,TGD,XAJ-TGD,test,selected_restart,True,0.0804170575814994,S2,0.8038429823647626,-6.0,6.0,15,5479.0,True,0.6471892663687235,6.524411985879277,1.953674620432218,r1_basin_level_performance_rebuilt.csv + r1_basin_level_ct.csv
03364500,dPL-MLP,dPL-MLP,Base,XAJ-Base,test,median_across_seeds,True,0.0804170575814994,S2,0.7986794583234819,-4.0,4.0,15,5479.0,True,0.6578513898180245,9.173215988695265,1.9239276234906926,r1_basin_level_performance_rebuilt.csv + r1_basin_level_ct.csv
03364500,dPL-MLP,dPL-MLP,CN,XAJ-CN,test,median_across_seeds,True,0.0804170575814994,S2,0.7990336284092461,-3.0,3.0,15,5479.0,True,0.6794843509300497,9.209713618098432,1.8621126886232355,r1_basin_level_performance_rebuilt.csv + r1_basin_level_ct.csv
03364500,dPL-MLP,dPL-MLP,TGD,XAJ-TGD,test,median_across_seeds,True,0.0804170575814994,S2,0.7830996303475777,-4.0,4.0,15,5479.0,True,0.6797685387596033,9.798084623399868,1.8612869768061315,r1_basin_level_performance_rebuilt.csv + r1_basin_level_ct.csv
03366500,IC-CMA-ES,IC-CMA-ES,Base,XAJ-Base,test,selected_restart,True,0.059067129172147,S2,0.8449811845484898,-6.0,6.0,15,5479.0,True,0.7781078772846398,10.060123340517517,1.8464533285144575,r1_basin_level_performance_rebuilt.csv + r1_basin_level_ct.csv
03366500,IC-CMA-ES,IC-CMA-ES,CN,XAJ-CN,test,selected_restart,True,0.059067129172147,S2,0.8527681128831412,-6.0,6.0,15,5479.0,True,0.7477247642891318,7.675598421415142,1.968814062334681,r1_basin_level_performance_rebuilt.csv + r1_basin_level_ct.csv
03366500,IC-CMA-ES,IC-CMA-ES,TGD,XAJ-TGD,test,selected_restart,True,0.059067129172147,S2,0.8607639765902025,-6.0,6.0,15,5479.0,True,0.7937266834406019,9.441207722514106,1.7802824806733422,r1_basin_level_performance_rebuilt.csv + r1_basin_level_ct.csv
03366500,dPL-MLP,dPL-MLP,Base,XAJ-Base,test,median_across_seeds,True,0.059067129172147,S2,0.8647927012951813,0.0,0.0,15,5479.0,True,0.7871991714410032,8.174427615818017,1.8082315796323796,r1_basin_level_performance_rebuilt.csv + r1_basin_level_ct.csv
03366500,dPL-MLP,dPL-MLP,CN,XAJ-CN,test,median_across_seeds,True,0.059067129172147,S2,0.877229028063988,0.0,0.0,15,5479.0,True,0.8086811499285395,7.407728310528181,1.7145346770431698,r1_basin_level_performance_rebuilt.csv + r1_basin_level_ct.csv
03366500,dPL-MLP,dPL-MLP,TGD,XAJ-TGD,test,median_across_seeds,True,0.059067129172147,S2,0.8786240856671949,-1.0,1.0,15,5479.0,True,0.8105538157933309,7.54097003639821,1.7061229441864865,r1_basin_level_performance_rebuilt.csv + r1_basin_level_ct.csv
03368000,IC-CMA-ES,IC-CMA-ES,Base,XAJ-Base,test,selected_restart,True,0.0670858663666364,S2,0.7086249031069046,0.0,0.0,15,5479.0,True,0.464451463590315,12.979564100865806,3.6665127471957817,r1_basin_level_performance_rebuilt.csv + r1_basin_level_ct.csv
03368000,IC-CMA-ES,IC-CMA-ES,CN,XAJ-CN,test,selected_restart,True,0.0670858663666364,S2,0.726325856260499,0.0,0.0,15,5479.0,True,0.5258056256287011,14.466365995492128,3.45010235466032,r1_basin_level_performance_rebuilt.csv + r1_basin_level_ct.csv
03368000,IC-CMA-ES,IC-CMA-ES,TGD,XAJ-TGD,test,selected_restart,True,0.0670858663666364,S2,0.7263541951214629,0.0,0.0,15,5479.0,True,0.5135806189176119,12.68430062933733,3.4942921796213144,r1_basin_level_performance_rebuilt.csv + r1_basin_level_ct.csv
03368000,dPL-MLP,dPL-MLP,Base,XAJ-Base,test,median_across_seeds,True,0.0670858663666364,S2,0.7205379854195966,0.0,0.0,15,5479.0,True,0.4953341819919639,10.716762424251836,3.559227316566336,r1_basin_level_performance_rebuilt.csv + r1_basin_level_ct.csv
03368000,dPL-MLP,dPL-MLP,CN,XAJ-CN,test,median_across_seeds,True,0.0670858663666364,S2,0.7387757257713901,0.0,0.0,15,5479.0,True,0.5434284433837588,11.256660092734188,3.385386102662596,r1_basin_level_performance_rebuilt.csv + r1_basin_level_ct.csv
03368000,dPL-MLP,dPL-MLP,TGD,XAJ-TGD,test,median_across_seeds,True,0.0670858663666364,S2,0.7287730308590823,0.0,0.0,15,5479.0,True,0.5344644070276973,11.111263192036278,3.418457826139883,r1_basin_level_performance_rebuilt.csv + r1_basin_level_ct.csv
03384450,IC-CMA-ES,IC-CMA-ES,Base,XAJ-Base,test,selected_restart,True,0.0496725306242436,S1,0.7467307355218114,-3.0,3.0,15,5479.0,True,0.4951854931066678,6.464874442018212,3.1503615843863195,r1_basin_level_performance_rebuilt.csv + r1_basin_level_ct.csv
03384450,IC-CMA-ES,IC-CMA-ES,CN,XAJ-CN,test,selected_restart,True,0.0496725306242436,S1,0.759500011144096,-3.0,3.0,15,5479.0,True,0.5280356806983826,7.055341544928858,3.0461344842542593,r1_basin_level_performance_rebuilt.csv + r1_basin_level_ct.csv
03384450,IC-CMA-ES,IC-CMA-ES,TGD,XAJ-TGD,test,selected_restart,True,0.0496725306242436,S1,0.7678451028261166,-9.0,9.0,15,5479.0,True,0.5322999894626654,4.855803862636113,3.0323419877603137,r1_basin_level_performance_rebuilt.csv + r1_basin_level_ct.csv
03384450,dPL-MLP,dPL-MLP,Base,XAJ-Base,test,median_across_seeds,True,0.0496725306242436,S1,0.7694546012733634,-5.0,5.0,15,5479.0,True,0.5490029011318915,7.170731932273189,2.9777028989635403,r1_basin_level_performance_rebuilt.csv + r1_basin_level_ct.csv
03384450,dPL-MLP,dPL-MLP,CN,XAJ-CN,test,median_across_seeds,True,0.0496725306242436,S1,0.7879029389483234,0.0,0.0,15,5479.0,True,0.5789781721972296,4.856300499736952,2.8770459343803214,r1_basin_level_performance_rebuilt.csv + r1_basin_level_ct.csv
03384450,dPL-MLP,dPL-MLP,TGD,XAJ-TGD,test,median_across_seeds,True,0.0496725306242436,S1,0.7807428780401693,-1.0,1.0,15,5479.0,True,0.5868952460128474,5.619707311822414,2.8498669580154607,r1_basin_level_performance_rebuilt.csv + r1_basin_level_ct.csv
03439000,IC-CMA-ES,IC-CMA-ES,Base,XAJ-Base,test,selected_restart,True,0.0374660918206049,S1,0.8384723311246791,-2.0,2.0,15,5479.0,True,0.7713822065457787,7.252868062594795,1.4307473210663684,r1_basin_level_performance_rebuilt.csv + r1_basin_level_ct.csv
03439000,IC-CMA-ES,IC-CMA-ES,CN,XAJ-CN,test,selected_restart,True,0.0374660918206049,S1,0.8291285695094641,1.0,1.0,15,5479.0,True,0.7337625444438514,7.294006402386235,1.5439829638115021,r1_basin_level_performance_rebuilt.csv + r1_basin_level_ct.csv
03439000,IC-CMA-ES,IC-CMA-ES,TGD,XAJ-TGD,test,selected_restart,True,0.0374660918206049,S1,0.8363692119014537,-1.0,1.0,15,5479.0,True,0.7565114191354183,6.724150041297692,1.476546832396375,r1_basin_level_performance_rebuilt.csv + r1_basin_level_ct.csv
03439000,dPL-MLP,dPL-MLP,Base,XAJ-Base,test,median_across_seeds,True,0.0374660918206049,S1,0.8491496527317368,0.0,0.0,15,5479.0,True,0.7748205802596488,7.732655267366771,1.4199474589309362,r1_basin_level_performance_rebuilt.csv + r1_basin_level_ct.csv
03439000,dPL-MLP,dPL-MLP,CN,XAJ-CN,test,median_across_seeds,True,0.0374660918206049,S1,0.8394773421690908,1.0,1.0,15,5479.0,True,0.749498100705503,9.09540366490268,1.4976607168385467,r1_basin_level_performance_rebuilt.csv + r1_basin_level_ct.csv
03439000,dPL-MLP,dPL-MLP,TGD,XAJ-TGD,test,median_across_seeds,True,0.0374660918206049,S1,0.8234520443488258,-1.0,1.0,15,5479.0,True,0.7583384665459858,9.53101201374227,1.4709966731111475,r1_basin_level_performance_rebuilt.csv + r1_basin_level_ct.csv
03455500,IC-CMA-ES,IC-CMA-ES,Base,XAJ-Base,test,selected_restart,True,0.0774314166204897,S2,0.7093496871654121,-3.0,3.0,15,5479.0,True,0.4424601512405302,3.8828348302964706,3.1458708806259676,r1_basin_level_performance_rebuilt.csv + r1_basin_level_ct.csv
03455500,IC-CMA-ES,IC-CMA-ES,CN,XAJ-CN,test,selected_restart,True,0.0774314166204897,S2,0.7313766371046324,6.0,6.0,15,5479.0,True,0.4609755486350533,4.585256618009454,3.093194078245547,r1_basin_level_performance_rebuilt.csv + r1_basin_level_ct.csv
03455500,IC-CMA-ES,IC-CMA-ES,TGD,XAJ-TGD,test,selected_restart,True,0.0774314166204897,S2,0.7448984297994571,-2.0,2.0,15,5479.0,True,0.49553088821233116,4.2004204343414875,2.9924040022085676,r1_basin_level_performance_rebuilt.csv + r1_basin_level_ct.csv
03455500,dPL-MLP,dPL-MLP,Base,XAJ-Base,test,median_across_seeds,True,0.0774314166204897,S2,0.7411741892487892,-2.0,2.0,15,5479.0,True,0.48569036476633376,4.918653904399935,3.0214489945574674,r1_basin_level_performance_rebuilt.csv + r1_basin_level_ct.csv
03455500,dPL-MLP,dPL-MLP,CN,XAJ-CN,test,median_across_seeds,True,0.0774314166204897,S2,0.7561726608473655,9.0,9.0,15,5479.0,True,0.49877816970833877,3.6442114299287227,2.982757359940761,r1_basin_level_performance_rebuilt.csv + r1_basin_level_ct.csv
03455500,dPL-MLP,dPL-MLP,TGD,XAJ-TGD,test,median_across_seeds,True,0.0774314166204897,S2,0.7532886927399891,-2.0,2.0,15,5479.0,True,0.5013959738033209,4.209402020962031,2.9749579226231035,r1_basin_level_performance_rebuilt.csv + r1_basin_level_ct.csv
03456500,IC-CMA-ES,IC-CMA-ES,Base,XAJ-Base,test,selected_restart,True,0.0638736766495558,S2,0.8519241556928856,-2.0,2.0,15,5479.0,True,0.7372283296265847,-1.1644766036954628,1.9335608242897648,r1_basin_level_performance_rebuilt.csv + r1_basin_level_ct.csv
03456500,IC-CMA-ES,IC-CMA-ES,CN,XAJ-CN,test,selected_restart,True,0.0638736766495558,S2,0.8384153006969951,4.0,4.0,15,5479.0,True,0.727495226583571,-1.249140595919937,1.9690449227992162,r1_basin_level_performance_rebuilt.csv + r1_basin_level_ct.csv
03456500,IC-CMA-ES,IC-CMA-ES,TGD,XAJ-TGD,test,selected_restart,True,0.0638736766495558,S2,0.8481642671174101,1.0,1.0,15,5479.0,True,0.7388928517350869,-1.2328949692005045,1.927427043291677,r1_basin_level_performance_rebuilt.csv + r1_basin_level_ct.csv
03456500,dPL-MLP,dPL-MLP,Base,XAJ-Base,test,median_across_seeds,True,0.0638736766495558,S2,0.7909915423225556,-1.0,1.0,15,5479.0,True,0.7550522211270423,-3.9499347645007368,1.8668323593594713,r1_basin_level_performance_rebuilt.csv + r1_basin_level_ct.csv
03456500,dPL-MLP,dPL-MLP,CN,XAJ-CN,test,median_across_seeds,True,0.0638736766495558,S2,0.7551086003002545,4.0,4.0,15,5479.0,True,0.7278892548299203,-4.370031016590219,1.9676208376821782,r1_basin_level_performance_rebuilt.csv + r1_basin_level_ct.csv
03456500,dPL-MLP,dPL-MLP,TGD,XAJ-TGD,test,median_across_seeds,True,0.0638736766495558,S2,0.7791756065092802,1.0,1.0,15,5479.0,True,0.7492388142510191,-2.710715555404266,1.8888554552468266,r1_basin_level_performance_rebuilt.csv + r1_basin_level_ct.csv
03460000,IC-CMA-ES,IC-CMA-ES,Base,XAJ-Base,test,selected_restart,True,0.077253343718732,S2,0.8110446375121285,4.0,4.0,15,5479.0,True,0.6899424100142373,-1.8968869776043011,1.1119581034444221,r1_basin_level_performance_rebuilt.csv + r1_basin_level_ct.csv
03460000,IC-CMA-ES,IC-CMA-ES,CN,XAJ-CN,test,selected_restart,True,0.077253343718732,S2,0.8223410824892347,7.0,7.0,15,5479.0,True,0.6919024941911966,-1.6584998644436246,1.108437810667532,r1_basin_level_performance_rebuilt.csv + r1_basin_level_ct.csv
03460000,IC-CMA-ES,IC-CMA-ES,TGD,XAJ-TGD,test,selected_restart,True,0.077253343718732,S2,0.8148969576531253,4.0,4.0,15,5479.0,True,0.7160420474894593,-1.926681721613945,1.0641289503386602,r1_basin_level_performance_rebuilt.csv + r1_basin_level_ct.csv
03460000,dPL-MLP,dPL-MLP,Base,XAJ-Base,test,median_across_seeds,True,0.077253343718732,S2,0.8405006723975921,2.0,2.0,15,5479.0,True,0.7173193371533206,-2.3734821451973906,1.0617329392003254,r1_basin_level_performance_rebuilt.csv + r1_basin_level_ct.csv
03460000,dPL-MLP,dPL-MLP,CN,XAJ-CN,test,median_across_seeds,True,0.077253343718732,S2,0.842871872802363,8.0,8.0,15,5479.0,True,0.6979779376567368,-4.192183989979352,1.0974546298685612,r1_basin_level_performance_rebuilt.csv + r1_basin_level_ct.csv
03460000,dPL-MLP,dPL-MLP,TGD,XAJ-TGD,test,median_across_seeds,True,0.077253343718732,S2,0.8304114272785093,3.0,3.0,15,5479.0,True,0.7256445913236387,-0.6368236740489411,1.0459815010700295,r1_basin_level_performance_rebuilt.csv + r1_basin_level_ct.csv
03463300,IC-CMA-ES,IC-CMA-ES,Base,XAJ-Base,test,selected_restart,True,0.0849163900758962,S2,0.788694082659529,-4.0,4.0,15,5479.0,True,0.6818047074682931,13.314088552213082,3.1152726470668415,r1_basin_level_performance_rebuilt.csv + r1_basin_level_ct.csv
03463300,IC-CMA-ES,IC-CMA-ES,CN,XAJ-CN,test,selected_restart,True,0.0849163900758962,S2,0.7865953085373392,2.0,2.0,15,5479.0,True,0.6891384647672302,13.401954856542863,3.0791630068770037,r1_basin_level_performance_rebuilt.csv + r1_basin_level_ct.csv
03463300,IC-CMA-ES,IC-CMA-ES,TGD,XAJ-TGD,test,selected_restart,True,0.0849163900758962,S2,0.7912226262021299,-2.0,2.0,15,5479.0,True,0.6981176412153879,13.372806665151941,3.034366633354227,r1_basin_level_performance_rebuilt.csv + r1_basin_level_ct.csv
03463300,dPL-MLP,dPL-MLP,Base,XAJ-Base,test,median_across_seeds,True,0.0849163900758962,S2,0.7876565780144724,-2.0,2.0,15,5479.0,True,0.7128795685020228,9.702345013827554,2.9592471344988325,r1_basin_level_performance_rebuilt.csv + r1_basin_level_ct.csv
03463300,dPL-MLP,dPL-MLP,CN,XAJ-CN,test,median_across_seeds,True,0.0849163900758962,S2,0.7760280308610099,2.0,2.0,15,5479.0,True,0.696169720128764,13.636430662844576,3.0441406436343432,r1_basin_level_performance_rebuilt.csv + r1_basin_level_ct.csv
03463300,dPL-MLP,dPL-MLP,TGD,XAJ-TGD,test,median_across_seeds,True,0.0849163900758962,S2,0.8155678366089513,-2.0,2.0,15,5479.0,True,0.724952994723701,7.283093166877427,2.896360707194244,r1_basin_level_performance_rebuilt.csv + r1_basin_level_ct.csv
03471500,IC-CMA-ES,IC-CMA-ES,Base,XAJ-Base,test,selected_restart,True,0.0838711696088708,S2,0.5343839701437577,-8.0,8.0,15,5479.0,True,0.2282498804975166,27.14936068998744,1.3534518625865781,r1_basin_level_performance_rebuilt.csv + r1_basin_level_ct.csv
03471500,IC-CMA-ES,IC-CMA-ES,CN,XAJ-CN,test,selected_restart,True,0.0838711696088708,S2,0.5786770470131763,3.0,3.0,15,5479.0,True,0.4328668036940314,27.11134107070369,1.1602377607948533,r1_basin_level_performance_rebuilt.csv + r1_basin_level_ct.csv
03471500,IC-CMA-ES,IC-CMA-ES,TGD,XAJ-TGD,test,selected_restart,True,0.0838711696088708,S2,0.5649528538281154,-6.0,6.0,15,5479.0,True,0.31712381691612446,26.62640007668726,1.273137892745783,r1_basin_level_performance_rebuilt.csv + r1_basin_level_ct.csv
03471500,dPL-MLP,dPL-MLP,Base,XAJ-Base,test,median_across_seeds,True,0.0838711696088708,S2,0.5696733688522876,-6.0,6.0,15,5479.0,True,0.2782329987634715,26.760268545457464,1.3088894663989272,r1_basin_level_performance_rebuilt.csv + r1_basin_level_ct.csv
03471500,dPL-MLP,dPL-MLP,CN,XAJ-CN,test,median_across_seeds,True,0.0838711696088708,S2,0.5557633102376531,2.0,2.0,15,5479.0,True,0.38942970961775114,29.64745698643382,1.2038497738239584,r1_basin_level_performance_rebuilt.csv + r1_basin_level_ct.csv
03471500,dPL-MLP,dPL-MLP,TGD,XAJ-TGD,test,median_across_seeds,True,0.0838711696088708,S2,0.5665756077396369,-5.0,5.0,15,5479.0,True,0.2966217677144748,26.75871220362055,1.2921083211647688,r1_basin_level_performance_rebuilt.csv + r1_basin_level_ct.csv
03473000,IC-CMA-ES,IC-CMA-ES,Base,XAJ-Base,test,selected_restart,True,0.0832667330515825,S2,0.682233122131316,-1.0,1.0,15,5479.0,True,0.5304960442787832,20.548980140608382,1.0702463868623275,r1_basin_level_performance_rebuilt.csv + r1_basin_level_ct.csv
03473000,IC-CMA-ES,IC-CMA-ES,CN,XAJ-CN,test,selected_restart,True,0.0832667330515825,S2,0.6987281882948917,0.0,0.0,15,5479.0,True,0.6183914853241872,20.6688318524289,0.9648797027932509,r1_basin_level_performance_rebuilt.csv + r1_basin_level_ct.csv
03473000,IC-CMA-ES,IC-CMA-ES,TGD,XAJ-TGD,test,selected_restart,True,0.0832667330515825,S2,0.6950733665766384,1.0,1.0,15,5479.0,True,0.5706564406204686,20.27756004985764,1.0234499725550736,r1_basin_level_performance_rebuilt.csv + r1_basin_level_ct.csv
03473000,dPL-MLP,dPL-MLP,Base,XAJ-Base,test,median_across_seeds,True,0.0832667330515825,S2,0.722741232445494,-2.0,2.0,15,5479.0,True,0.573028622997562,18.62227769618735,1.0206187052305113,r1_basin_level_performance_rebuilt.csv + r1_basin_level_ct.csv
03473000,dPL-MLP,dPL-MLP,CN,XAJ-CN,test,median_across_seeds,True,0.0832667330515825,S2,0.7213243549934715,2.0,2.0,15,5479.0,True,0.6191904537467581,20.012677779066212,0.9638690959573691,r1_basin_level_performance_rebuilt.csv + r1_basin_level_ct.csv
03473000,dPL-MLP,dPL-MLP,TGD,XAJ-TGD,test,median_across_seeds,True,0.0832667330515825,S2,0.7225578272894084,-4.0,4.0,15,5479.0,True,0.5877104757839506,18.951243849675585,1.0029176918769473,r1_basin_level_performance_rebuilt.csv + r1_basin_level_ct.csv
03479000,IC-CMA-ES,IC-CMA-ES,Base,XAJ-Base,test,selected_restart,True,0.0904171237520879,S2,0.7760807889809963,1.0,1.0,15,5479.0,True,0.6883973371973096,15.708474826750468,1.6639330097121485,r1_basin_level_performance_rebuilt.csv + r1_basin_level_ct.csv
03479000,IC-CMA-ES,IC-CMA-ES,CN,XAJ-CN,test,selected_restart,True,0.0904171237520879,S2,0.7820477143965971,9.0,9.0,15,5479.0,True,0.7028624048488665,15.71173428653699,1.6248529358336963,r1_basin_level_performance_rebuilt.csv + r1_basin_level_ct.csv
03479000,IC-CMA-ES,IC-CMA-ES,TGD,XAJ-TGD,test,selected_restart,True,0.0904171237520879,S2,0.7755031131359641,2.0,2.0,15,5479.0,True,0.6649305145092552,15.41789705517938,1.7254512631164751,r1_basin_level_performance_rebuilt.csv + r1_basin_level_ct.csv
03479000,dPL-MLP,dPL-MLP,Base,XAJ-Base,test,median_across_seeds,True,0.0904171237520879,S2,0.8125877030875022,2.0,2.0,15,5479.0,True,0.7404035917455289,12.76832783905432,1.518744076350127,r1_basin_level_performance_rebuilt.csv + r1_basin_level_ct.csv
03479000,dPL-MLP,dPL-MLP,CN,XAJ-CN,test,median_across_seeds,True,0.0904171237520879,S2,0.808156092015135,10.0,10.0,15,5479.0,True,0.751252970599989,14.792289970101399,1.4866687372926393,r1_basin_level_performance_rebuilt.csv + r1_basin_level_ct.csv
03479000,dPL-MLP,dPL-MLP,TGD,XAJ-TGD,test,median_across_seeds,True,0.0904171237520879,S2,0.7987241663526287,4.0,4.0,15,5479.0,True,0.73199977316591,14.12430699689564,1.5431311502419702,r1_basin_level_performance_rebuilt.csv + r1_basin_level_ct.csv
03488000,IC-CMA-ES,IC-CMA-ES,Base,XAJ-Base,test,selected_restart,True,0.0815490515140822,S2,0.7730143126069366,-6.0,6.0,15,5479.0,True,0.6626207051981823,15.763846004054843,1.1177035520333978,r1_basin_level_performance_rebuilt.csv + r1_basin_level_ct.csv
03488000,IC-CMA-ES,IC-CMA-ES,CN,XAJ-CN,test,selected_restart,True,0.0815490515140822,S2,0.7945577753397186,-2.0,2.0,15,5479.0,True,0.7250260249938614,15.570143910470135,1.0090512249869703,r1_basin_level_performance_rebuilt.csv + r1_basin_level_ct.csv
03488000,IC-CMA-ES,IC-CMA-ES,TGD,XAJ-TGD,test,selected_restart,True,0.0815490515140822,S2,0.7934823213940512,-3.0,3.0,15,5479.0,True,0.7200306961421534,15.53392801604706,1.018175462986847,r1_basin_level_performance_rebuilt.csv + r1_basin_level_ct.csv
03488000,dPL-MLP,dPL-MLP,Base,XAJ-Base,test,median_across_seeds,True,0.0815490515140822,S2,0.7609798375310489,-5.0,5.0,15,5479.0,True,0.6458754967033872,16.667251692875446,1.1451052538001465,r1_basin_level_performance_rebuilt.csv + r1_basin_level_ct.csv
03488000,dPL-MLP,dPL-MLP,CN,XAJ-CN,test,median_across_seeds,True,0.0815490515140822,S2,0.7798945084853474,0.0,0.0,15,5479.0,True,0.737022123569387,17.8007159769726,0.9867951926797928,r1_basin_level_performance_rebuilt.csv + r1_basin_level_ct.csv
03488000,dPL-MLP,dPL-MLP,TGD,XAJ-TGD,test,median_across_seeds,True,0.0815490515140822,S2,0.7946832009754037,-7.0,7.0,15,5479.0,True,0.7125666479368176,15.113516457260337,1.0316585882236724,r1_basin_level_performance_rebuilt.csv + r1_basin_level_ct.csv
03498500,IC-CMA-ES,IC-CMA-ES,Base,XAJ-Base,test,selected_restart,True,0.0343707789266315,S1,0.8710348891665239,-5.0,5.0,15,5479.0,True,0.792812210434006,6.520773292923009,1.1799148616464958,r1_basin_level_performance_rebuilt.csv + r1_basin_level_ct.csv
03498500,IC-CMA-ES,IC-CMA-ES,CN,XAJ-CN,test,selected_restart,True,0.0343707789266315,S1,0.8630167867570525,-4.0,4.0,15,5479.0,True,0.7823688563081629,6.725346033360896,1.2092862504450637,r1_basin_level_performance_rebuilt.csv + r1_basin_level_ct.csv
03498500,IC-CMA-ES,IC-CMA-ES,TGD,XAJ-TGD,test,selected_restart,True,0.0343707789266315,S1,0.8733060444357088,-5.0,5.0,15,5479.0,True,0.7988593997115879,6.594690999769126,1.1625682651413047,r1_basin_level_performance_rebuilt.csv + r1_basin_level_ct.csv
03498500,dPL-MLP,dPL-MLP,Base,XAJ-Base,test,median_across_seeds,True,0.0343707789266315,S1,0.8513267381862324,-7.0,7.0,15,5479.0,True,0.8089262113178143,2.834298254597792,1.1331023762738457,r1_basin_level_performance_rebuilt.csv + r1_basin_level_ct.csv
03498500,dPL-MLP,dPL-MLP,CN,XAJ-CN,test,median_across_seeds,True,0.0343707789266315,S1,0.8561416993964088,-3.0,3.0,15,5479.0,True,0.8133359710047989,3.858865844204288,1.1199507129290158,r1_basin_level_performance_rebuilt.csv + r1_basin_level_ct.csv
03498500,dPL-MLP,dPL-MLP,TGD,XAJ-TGD,test,median_across_seeds,True,0.0343707789266315,S1,0.8762182959817579,-6.0,6.0,15,5479.0,True,0.8119184371893288,4.203253783382368,1.1241951444696694,r1_basin_level_performance_rebuilt.csv + r1_basin_level_ct.csv
03500000,IC-CMA-ES,IC-CMA-ES,Base,XAJ-Base,test,selected_restart,True,0.0292489179120406,S1,0.9128025386241265,-5.0,5.0,15,5479.0,True,0.8918034866934675,5.8430376457129904,0.6959323460606258,r1_basin_level_performance_rebuilt.csv + r1_basin_level_ct.csv
03500000,IC-CMA-ES,IC-CMA-ES,CN,XAJ-CN,test,selected_restart,True,0.0292489179120406,S1,0.9237080701971894,-2.0,2.0,15,5479.0,True,0.8893745109024809,5.444945068896349,0.7037007137535087,r1_basin_level_performance_rebuilt.csv + r1_basin_level_ct.csv
03500000,IC-CMA-ES,IC-CMA-ES,TGD,XAJ-TGD,test,selected_restart,True,0.0292489179120406,S1,0.9152787358657809,-4.0,4.0,15,5479.0,True,0.8939342517618587,5.48845067375558,0.689045609235816,r1_basin_level_performance_rebuilt.csv + r1_basin_level_ct.csv
03500000,dPL-MLP,dPL-MLP,Base,XAJ-Base,test,median_across_seeds,True,0.0292489179120406,S1,0.9023296127093939,-6.0,6.0,15,5479.0,True,0.8828251416504618,5.864869531640782,0.7242318301019697,r1_basin_level_performance_rebuilt.csv + r1_basin_level_ct.csv
03500000,dPL-MLP,dPL-MLP,CN,XAJ-CN,test,median_across_seeds,True,0.0292489179120406,S1,0.8971386975520788,-5.0,5.0,15,5479.0,True,0.8746440524190544,7.612961945069129,0.7490880374716071,r1_basin_level_performance_rebuilt.csv + r1_basin_level_ct.csv
03500000,dPL-MLP,dPL-MLP,TGD,XAJ-TGD,test,median_across_seeds,True,0.0292489179120406,S1,0.8711820925292716,-7.0,7.0,15,5479.0,True,0.8761955977297942,8.271798366946395,0.744437828240292,r1_basin_level_performance_rebuilt.csv + r1_basin_level_ct.csv
03500240,IC-CMA-ES,IC-CMA-ES,Base,XAJ-Base,test,selected_restart,True,0.029394718558517,S1,0.9062450175412384,-5.0,5.0,15,5479.0,True,0.8414789783075425,4.951710706686349,0.8595172535400759,r1_basin_level_performance_rebuilt.csv + r1_basin_level_ct.csv
03500240,IC-CMA-ES,IC-CMA-ES,CN,XAJ-CN,test,selected_restart,True,0.029394718558517,S1,0.902289878658803,-4.0,4.0,15,5479.0,True,0.8357855450056083,4.73903986125433,0.8748162854240328,r1_basin_level_performance_rebuilt.csv + r1_basin_level_ct.csv
03500240,IC-CMA-ES,IC-CMA-ES,TGD,XAJ-TGD,test,selected_restart,True,0.029394718558517,S1,0.9023007476521365,-5.0,5.0,15,5479.0,True,0.8450296954797281,4.709987116492142,0.8498365604835584,r1_basin_level_performance_rebuilt.csv + r1_basin_level_ct.csv
03500240,dPL-MLP,dPL-MLP,Base,XAJ-Base,test,median_across_seeds,True,0.029394718558517,S1,0.8877200686644128,-8.0,8.0,15,5479.0,True,0.8135110953625316,6.62144880752085,0.9322613223544567,r1_basin_level_performance_rebuilt.csv + r1_basin_level_ct.csv
03500240,dPL-MLP,dPL-MLP,CN,XAJ-CN,test,median_across_seeds,True,0.029394718558517,S1,0.8929485485665796,-4.0,4.0,15,5479.0,True,0.8217950395732273,4.981862072964706,0.9113203365851874,r1_basin_level_performance_rebuilt.csv + r1_basin_level_ct.csv
03500240,dPL-MLP,dPL-MLP,TGD,XAJ-TGD,test,median_across_seeds,True,0.029394718558517,S1,0.8909186981187788,-8.0,8.0,15,5479.0,True,0.8198161233022377,5.064661078323901,0.9163663454276616,r1_basin_level_performance_rebuilt.csv + r1_basin_level_ct.csv
03504000,IC-CMA-ES,IC-CMA-ES,Base,XAJ-Base,test,selected_restart,True,0.0589912291417263,S2,0.8800939908777818,-4.0,4.0,15,5479.0,True,0.7958994305635547,-5.845221580787666,1.2906046661054607,r1_basin_level_performance_rebuilt.csv + r1_basin_level_ct.csv
03504000,IC-CMA-ES,IC-CMA-ES,CN,XAJ-CN,test,selected_restart,True,0.0589912291417263,S2,0.8584888701449427,-1.0,1.0,15,5479.0,True,0.7827375465141646,-5.708274437569359,1.3315683459110514,r1_basin_level_performance_rebuilt.csv + r1_basin_level_ct.csv
03504000,IC-CMA-ES,IC-CMA-ES,TGD,XAJ-TGD,test,selected_restart,True,0.0589912291417263,S2,0.876431865484757,-3.0,3.0,15,5479.0,True,0.801601403443283,-5.813623379695931,1.2724491050067093,r1_basin_level_performance_rebuilt.csv + r1_basin_level_ct.csv
03504000,dPL-MLP,dPL-MLP,Base,XAJ-Base,test,median_across_seeds,True,0.0589912291417263,S2,0.8652652448648671,-3.0,3.0,15,5479.0,True,0.794196994738707,-7.016954487869278,1.295976059467969,r1_basin_level_performance_rebuilt.csv + r1_basin_level_ct.csv
03504000,dPL-MLP,dPL-MLP,CN,XAJ-CN,test,median_across_seeds,True,0.0589912291417263,S2,0.8351424700501712,-1.0,1.0,15,5479.0,True,0.7711521996445276,-7.178875523629049,1.3666096842603301,r1_basin_level_performance_rebuilt.csv + r1_basin_level_ct.csv
03504000,dPL-MLP,dPL-MLP,TGD,XAJ-TGD,test,median_across_seeds,True,0.0589912291417263,S2,0.8548461031821147,-2.0,2.0,15,5479.0,True,0.7936876918649911,-6.910477003903231,1.2975786514231846,r1_basin_level_performance_rebuilt.csv + r1_basin_level_ct.csv
03574500,IC-CMA-ES,IC-CMA-ES,Base,XAJ-Base,test,selected_restart,True,0.0200681785915394,S1,0.771941632383631,-8.0,8.0,15,5479.0,True,0.6251244174296963,12.587295452914463,2.4807033895532493,r1_basin_level_performance_rebuilt.csv + r1_basin_level_ct.csv
03574500,IC-CMA-ES,IC-CMA-ES,CN,XAJ-CN,test,selected_restart,True,0.0200681785915394,S1,0.7764340108991746,-8.0,8.0,15,5479.0,True,0.6253226435077919,12.068085940435724,2.4800474317511623,r1_basin_level_performance_rebuilt.csv + r1_basin_level_ct.csv
03574500,IC-CMA-ES,IC-CMA-ES,TGD,XAJ-TGD,test,selected_restart,True,0.0200681785915394,S1,0.78294135395018,-8.0,8.0,15,5479.0,True,0.6526580912348585,13.128918959632905,2.3878654759066835,r1_basin_level_performance_rebuilt.csv + r1_basin_level_ct.csv
03574500,dPL-MLP,dPL-MLP,Base,XAJ-Base,test,median_across_seeds,True,0.0200681785915394,S1,0.8073818583913169,-7.0,7.0,15,5479.0,True,0.7885907279775768,11.993324074381649,1.8629160251010533,r1_basin_level_performance_rebuilt.csv + r1_basin_level_ct.csv
03574500,dPL-MLP,dPL-MLP,CN,XAJ-CN,test,median_across_seeds,True,0.0200681785915394,S1,0.8096280475328925,-4.0,4.0,15,5479.0,True,0.7727451273865713,12.83309778521317,1.9314695469376837,r1_basin_level_performance_rebuilt.csv + r1_basin_level_ct.csv
03574500,dPL-MLP,dPL-MLP,TGD,XAJ-TGD,test,median_across_seeds,True,0.0200681785915394,S1,0.7997133017709566,-5.0,5.0,15,5479.0,True,0.7594128529084407,14.373963415651701,1.9873184951257883,r1_basin_level_performance_rebuilt.csv + r1_basin_level_ct.csv
03592718,IC-CMA-ES,IC-CMA-ES,Base,XAJ-Base,test,selected_restart,True,0.0149109120314144,S1,0.7751322119624031,-5.0,5.0,15,5479.0,True,0.5464458934353192,1.6697100546697214,2.2345876781889045,r1_basin_level_performance_rebuilt.csv + r1_basin_level_ct.csv
03592718,IC-CMA-ES,IC-CMA-ES,CN,XAJ-CN,test,selected_restart,True,0.0149109120314144,S1,0.7881714011918239,-6.0,6.0,15,5479.0,True,0.5737808370288318,2.0058339274687937,2.166203902351961,r1_basin_level_performance_rebuilt.csv + r1_basin_level_ct.csv
03592718,IC-CMA-ES,IC-CMA-ES,TGD,XAJ-TGD,test,selected_restart,True,0.0149109120314144,S1,0.7655274311171494,-3.0,3.0,15,5479.0,True,0.5229188517957788,2.3393014330574013,2.291811930177029,r1_basin_level_performance_rebuilt.csv + r1_basin_level_ct.csv
03592718,dPL-MLP,dPL-MLP,Base,XAJ-Base,test,median_across_seeds,True,0.0149109120314144,S1,0.7483286636913613,1.0,1.0,15,5479.0,True,0.6427116966986158,16.530998242980115,1.9833175154208909,r1_basin_level_performance_rebuilt.csv + r1_basin_level_ct.csv
03592718,dPL-MLP,dPL-MLP,CN,XAJ-CN,test,median_across_seeds,True,0.0149109120314144,S1,0.722181932348275,3.0,3.0,15,5479.0,True,0.6160421209857916,20.68459707840747,2.056007241302437,r1_basin_level_performance_rebuilt.csv + r1_basin_level_ct.csv
03592718,dPL-MLP,dPL-MLP,TGD,XAJ-TGD,test,median_across_seeds,True,0.0149109120314144,S1,0.7197896691964543,3.0,3.0,15,5479.0,True,0.6020804720914303,20.487560279271573,2.093054198378526,r1_basin_level_performance_rebuilt.csv + r1_basin_level_ct.csv
03604000,IC-CMA-ES,IC-CMA-ES,Base,XAJ-Base,test,selected_restart,True,0.0255990760932844,S1,0.7566095358029452,-13.0,13.0,15,5479.0,True,0.6228273816318721,9.892191486620561,2.065320763694132,r1_basin_level_performance_rebuilt.csv + r1_basin_level_ct.csv
03604000,IC-CMA-ES,IC-CMA-ES,CN,XAJ-CN,test,selected_restart,True,0.0255990760932844,S1,0.7310064265702245,-16.0,16.0,15,5479.0,True,0.5674727447024139,9.4444656594113,2.211689583619897,r1_basin_level_performance_rebuilt.csv + r1_basin_level_ct.csv
03604000,IC-CMA-ES,IC-CMA-ES,TGD,XAJ-TGD,test,selected_restart,True,0.0255990760932844,S1,0.7396850730959215,-14.0,14.0,15,5479.0,True,0.5952336607879452,11.430290762658238,2.1395361429329185,r1_basin_level_performance_rebuilt.csv + r1_basin_level_ct.csv
03604000,dPL-MLP,dPL-MLP,Base,XAJ-Base,test,median_across_seeds,True,0.0255990760932844,S1,0.7874845457820572,-7.0,7.0,15,5479.0,True,0.6698128667208868,13.086540917025244,1.932402122054685,r1_basin_level_performance_rebuilt.csv + r1_basin_level_ct.csv
03604000,dPL-MLP,dPL-MLP,CN,XAJ-CN,test,median_across_seeds,True,0.0255990760932844,S1,0.7476273939505322,-5.0,5.0,15,5479.0,True,0.6871393949161051,19.983540568387173,1.881017661675188,r1_basin_level_performance_rebuilt.csv + r1_basin_level_ct.csv
03604000,dPL-MLP,dPL-MLP,TGD,XAJ-TGD,test,median_across_seeds,True,0.0255990760932844,S1,0.7980508526885863,-4.0,4.0,15,5479.0,True,0.6785229166660167,11.715831902370073,1.9067442377751613,r1_basin_level_performance_rebuilt.csv + r1_basin_level_ct.csv
04015330,IC-CMA-ES,IC-CMA-ES,Base,XAJ-Base,test,selected_restart,True,0.196079390089318,S3,0.5622568090452108,30.0,30.0,15,5479.0,True,0.18764561652512424,11.15593271873325,2.0914497776631062,r1_basin_level_performance_rebuilt.csv + r1_basin_level_ct.csv
04015330,IC-CMA-ES,IC-CMA-ES,CN,XAJ-CN,test,selected_restart,True,0.196079390089318,S3,0.8007016125524913,11.0,11.0,15,5479.0,True,0.6557720111188694,10.650547816704016,1.3614376788956835,r1_basin_level_performance_rebuilt.csv + r1_basin_level_ct.csv
04015330,IC-CMA-ES,IC-CMA-ES,TGD,XAJ-TGD,test,selected_restart,True,0.196079390089318,S3,0.6156371515254307,10.0,10.0,15,5479.0,True,0.23301929239001296,12.2996982593358,2.0322021013937275,r1_basin_level_performance_rebuilt.csv + r1_basin_level_ct.csv
04015330,dPL-MLP,dPL-MLP,Base,XAJ-Base,test,median_across_seeds,True,0.196079390089318,S3,0.5745872569369537,3.0,3.0,15,5479.0,True,0.27926858699639634,13.182484797010753,1.9699781158957494,r1_basin_level_performance_rebuilt.csv + r1_basin_level_ct.csv
04015330,dPL-MLP,dPL-MLP,CN,XAJ-CN,test,median_across_seeds,True,0.196079390089318,S3,0.8012260539069489,12.0,12.0,15,5479.0,True,0.6487213279527404,10.098296030260453,1.3753098938607884,r1_basin_level_performance_rebuilt.csv + r1_basin_level_ct.csv
04015330,dPL-MLP,dPL-MLP,TGD,XAJ-TGD,test,median_across_seeds,True,0.196079390089318,S3,0.6083917182489942,11.0,11.0,15,5479.0,True,0.2355417253982759,14.130233039502585,2.028857613581858,r1_basin_level_performance_rebuilt.csv + r1_basin_level_ct.csv
04024430,IC-CMA-ES,IC-CMA-ES,Base,XAJ-Base,test,selected_restart,True,0.1608667587394,S3,0.5491304586634993,6.0,6.0,15,5479.0,True,0.2243033825839882,23.65707855115433,1.2737746043608278,r1_basin_level_performance_rebuilt.csv + r1_basin_level_ct.csv
04024430,IC-CMA-ES,IC-CMA-ES,CN,XAJ-CN,test,selected_restart,True,0.1608667587394,S3,0.7441401323008678,10.0,10.0,15,5479.0,True,0.6752465410626678,18.09421925569037,0.8241827676467722,r1_basin_level_performance_rebuilt.csv + r1_basin_level_ct.csv
04024430,IC-CMA-ES,IC-CMA-ES,TGD,XAJ-TGD,test,selected_restart,True,0.1608667587394,S3,0.6158265432857446,12.0,12.0,15,5479.0,True,0.2907432666029687,19.926305125003143,1.2180030362591785,r1_basin_level_performance_rebuilt.csv + r1_basin_level_ct.csv
04024430,dPL-MLP,dPL-MLP,Base,XAJ-Base,test,median_across_seeds,True,0.1608667587394,S3,0.540759926481499,6.0,6.0,15,5479.0,True,0.1893189408038528,23.950048620794767,1.3021818874667188,r1_basin_level_performance_rebuilt.csv + r1_basin_level_ct.csv
04024430,dPL-MLP,dPL-MLP,CN,XAJ-CN,test,median_across_seeds,True,0.1608667587394,S3,0.7200598935035958,14.0,14.0,15,5479.0,True,0.6401909599958086,19.420170599811062,0.8675263452864975,r1_basin_level_performance_rebuilt.csv + r1_basin_level_ct.csv
04024430,dPL-MLP,dPL-MLP,TGD,XAJ-TGD,test,median_across_seeds,True,0.1608667587394,S3,0.5742844664133232,20.0,20.0,15,5479.0,True,0.2129834803261964,24.040160307034128,1.2830351704034866,r1_basin_level_performance_rebuilt.csv + r1_basin_level_ct.csv
04027000,IC-CMA-ES,IC-CMA-ES,Base,XAJ-Base,test,selected_restart,True,0.235000084730923,S3,0.49690541866768057,-1.0,1.0,15,5479.0,True,0.1843690832290601,15.037381846396135,1.4430593663212492,r1_basin_level_performance_rebuilt.csv + r1_basin_level_ct.csv
04027000,IC-CMA-ES,IC-CMA-ES,CN,XAJ-CN,test,selected_restart,True,0.235000084730923,S3,0.7726635732909325,6.0,6.0,15,5479.0,True,0.7616920822958377,11.556021835799005,0.7800215372143809,r1_basin_level_performance_rebuilt.csv + r1_basin_level_ct.csv
04027000,IC-CMA-ES,IC-CMA-ES,TGD,XAJ-TGD,test,selected_restart,True,0.235000084730923,S3,0.7375994733287521,7.0,7.0,15,5479.0,True,0.5011853805082749,10.62220443666301,1.1285139839409288,r1_basin_level_performance_rebuilt.csv + r1_basin_level_ct.csv
04027000,dPL-MLP,dPL-MLP,Base,XAJ-Base,test,median_across_seeds,True,0.235000084730923,S3,0.4802705031649446,-1.0,1.0,15,5479.0,True,0.19621724244864214,14.91959910019926,1.4325398142656736,r1_basin_level_performance_rebuilt.csv + r1_basin_level_ct.csv
04027000,dPL-MLP,dPL-MLP,CN,XAJ-CN,test,median_across_seeds,True,0.235000084730923,S3,0.8303704728040323,6.0,6.0,15,5479.0,True,0.7931201108267414,11.857535251694507,0.7267691694960808,r1_basin_level_performance_rebuilt.csv + r1_basin_level_ct.csv
04027000,dPL-MLP,dPL-MLP,TGD,XAJ-TGD,test,median_across_seeds,True,0.235000084730923,S3,0.7240183251935176,5.0,5.0,15,5479.0,True,0.5178991167982376,13.092630033175364,1.1094463911143642,r1_basin_level_performance_rebuilt.csv + r1_basin_level_ct.csv
04040500,IC-CMA-ES,IC-CMA-ES,Base,XAJ-Base,test,selected_restart,True,0.309607600434067,S4,0.37854936338898526,-15.0,15.0,15,5479.0,True,0.0023019674900236486,13.346375815701858,1.8023711172088734,r1_basin_level_performance_rebuilt.csv + r1_basin_level_ct.csv
04040500,IC-CMA-ES,IC-CMA-ES,CN,XAJ-CN,test,selected_restart,True,0.309607600434067,S4,0.8149219477012609,7.0,7.0,15,5479.0,True,0.798254483725601,12.771838704762938,0.8104880335481103,r1_basin_level_performance_rebuilt.csv + r1_basin_level_ct.csv
04040500,IC-CMA-ES,IC-CMA-ES,TGD,XAJ-TGD,test,selected_restart,True,0.309607600434067,S4,0.7671727500227838,4.0,4.0,15,5479.0,True,0.6050064845122023,13.326790078317996,1.134069431578259,r1_basin_level_performance_rebuilt.csv + r1_basin_level_ct.csv
04040500,dPL-MLP,dPL-MLP,Base,XAJ-Base,test,median_across_seeds,True,0.309607600434067,S4,0.37563199597464536,-13.0,13.0,15,5479.0,True,0.09087776742209241,14.75017594657807,1.7205044516055212,r1_basin_level_performance_rebuilt.csv + r1_basin_level_ct.csv
04040500,dPL-MLP,dPL-MLP,CN,XAJ-CN,test,median_across_seeds,True,0.309607600434067,S4,0.7962715105205602,8.0,8.0,15,5479.0,True,0.7528829892607939,14.594003198155667,0.8970073100665179,r1_basin_level_performance_rebuilt.csv + r1_basin_level_ct.csv
04040500,dPL-MLP,dPL-MLP,TGD,XAJ-TGD,test,median_across_seeds,True,0.309607600434067,S4,0.7462879918550347,3.0,3.0,15,5479.0,True,0.605601606424828,16.634879972627388,1.1332147796034553,r1_basin_level_performance_rebuilt.csv + r1_basin_level_ct.csv
04043050,IC-CMA-ES,IC-CMA-ES,Base,XAJ-Base,test,selected_restart,True,0.299401075000363,S3,0.25216420730645117,-1.0,1.0,15,5479.0,True,-0.06368877307850074,-8.186034820083252,2.2675617755457558,r1_basin_level_performance_rebuilt.csv + r1_basin_level_ct.csv
04043050,IC-CMA-ES,IC-CMA-ES,CN,XAJ-CN,test,selected_restart,True,0.299401075000363,S3,0.6744957845602058,0.0,0.0,15,5479.0,True,0.6598643599520919,-12.63038698055626,1.2822653596925082,r1_basin_level_performance_rebuilt.csv + r1_basin_level_ct.csv
04043050,IC-CMA-ES,IC-CMA-ES,TGD,XAJ-TGD,test,selected_restart,True,0.299401075000363,S3,0.5210205789725445,2.0,2.0,15,5479.0,True,0.4166590544147275,-13.495030051656412,1.6792411586676075,r1_basin_level_performance_rebuilt.csv + r1_basin_level_ct.csv
04043050,dPL-MLP,dPL-MLP,Base,XAJ-Base,test,median_across_seeds,True,0.299401075000363,S3,0.2621194432348938,-22.0,22.0,15,5479.0,True,-0.08578799534913628,-17.18902361578975,2.2909961406892863,r1_basin_level_performance_rebuilt.csv + r1_basin_level_ct.csv
04043050,dPL-MLP,dPL-MLP,CN,XAJ-CN,test,median_across_seeds,True,0.299401075000363,S3,0.6786909971668676,4.0,4.0,15,5479.0,True,0.6211706817961764,-12.11402858594665,1.3532362747143,r1_basin_level_performance_rebuilt.csv + r1_basin_level_ct.csv
04043050,dPL-MLP,dPL-MLP,TGD,XAJ-TGD,test,median_across_seeds,True,0.299401075000363,S3,0.5323179897751412,1.0,1.0,15,5479.0,True,0.44194259330226515,-18.64755761752585,1.6424466739735573,r1_basin_level_performance_rebuilt.csv + r1_basin_level_ct.csv
04045500,IC-CMA-ES,IC-CMA-ES,Base,XAJ-Base,test,selected_restart,True,0.300079815277018,S4,0.27768589934143106,-46.0,46.0,15,5479.0,True,-0.4369134948746918,34.49081310732669,1.305796411061785,r1_basin_level_performance_rebuilt.csv + r1_basin_level_ct.csv
04045500,IC-CMA-ES,IC-CMA-ES,CN,XAJ-CN,test,selected_restart,True,0.300079815277018,S4,0.5994748386190336,10.0,10.0,15,5479.0,True,0.6156235986339298,19.52242790001025,0.6753649487337372,r1_basin_level_performance_rebuilt.csv + r1_basin_level_ct.csv
04045500,IC-CMA-ES,IC-CMA-ES,TGD,XAJ-TGD,test,selected_restart,True,0.300079815277018,S4,0.6735392118694132,4.0,4.0,15,5479.0,True,0.6358437051426007,23.6586635137006,0.6573612044286665,r1_basin_level_performance_rebuilt.csv + r1_basin_level_ct.csv
04045500,dPL-MLP,dPL-MLP,Base,XAJ-Base,test,median_across_seeds,True,0.300079815277018,S4,0.3294926713620875,-47.0,47.0,15,5479.0,True,-0.32863496720876006,25.47435326768664,1.2556338002755971,r1_basin_level_performance_rebuilt.csv + r1_basin_level_ct.csv
04045500,dPL-MLP,dPL-MLP,CN,XAJ-CN,test,median_across_seeds,True,0.300079815277018,S4,0.5276156023942655,8.0,8.0,15,5479.0,True,0.5653301716533541,30.729776523628026,0.7181909143752008,r1_basin_level_performance_rebuilt.csv + r1_basin_level_ct.csv
04045500,dPL-MLP,dPL-MLP,TGD,XAJ-TGD,test,median_across_seeds,True,0.300079815277018,S4,0.572791552958198,3.0,3.0,15,5479.0,True,0.5367313557848727,29.698341851840215,0.741441024355021,r1_basin_level_performance_rebuilt.csv + r1_basin_level_ct.csv
04057510,IC-CMA-ES,IC-CMA-ES,Base,XAJ-Base,test,selected_restart,True,0.253134692886369,S3,0.33691608983612975,-18.0,18.0,15,5479.0,True,-0.3718444142240742,25.316115553873697,1.0396221357075472,r1_basin_level_performance_rebuilt.csv + r1_basin_level_ct.csv
04057510,IC-CMA-ES,IC-CMA-ES,CN,XAJ-CN,test,selected_restart,True,0.253134692886369,S3,0.5673801348955336,8.0,8.0,15,5479.0,True,0.4677708493935896,23.2848072651056,0.6475486720284971,r1_basin_level_performance_rebuilt.csv + r1_basin_level_ct.csv
04057510,IC-CMA-ES,IC-CMA-ES,TGD,XAJ-TGD,test,selected_restart,True,0.253134692886369,S3,0.5992003054895481,3.0,3.0,15,5479.0,True,0.42074721932312986,22.898442205648653,0.6755494612326637,r1_basin_level_performance_rebuilt.csv + r1_basin_level_ct.csv
04057510,dPL-MLP,dPL-MLP,Base,XAJ-Base,test,median_across_seeds,True,0.253134692886369,S3,0.38321984274524623,-10.0,10.0,15,5479.0,True,-0.1855795791704269,23.901237971560914,0.9664701462592705,r1_basin_level_performance_rebuilt.csv + r1_basin_level_ct.csv
04057510,dPL-MLP,dPL-MLP,CN,XAJ-CN,test,median_across_seeds,True,0.253134692886369,S3,0.5532679145442498,9.0,9.0,15,5479.0,True,0.4410978550432302,31.86226664789455,0.6635764679795702,r1_basin_level_performance_rebuilt.csv + r1_basin_level_ct.csv
04057510,dPL-MLP,dPL-MLP,TGD,XAJ-TGD,test,median_across_seeds,True,0.253134692886369,S3,0.5654865602057226,3.0,3.0,15,5479.0,True,0.36662833321262334,23.391868858870936,0.7064027873066148,r1_basin_level_performance_rebuilt.csv + r1_basin_level_ct.csv
04057800,IC-CMA-ES,IC-CMA-ES,Base,XAJ-Base,test,selected_restart,True,0.334246736484748,S4,0.2638267562195562,-34.0,34.0,15,5479.0,True,-0.24248438354194568,31.966077671413473,1.866588682891438,r1_basin_level_performance_rebuilt.csv + r1_basin_level_ct.csv
04057800,IC-CMA-ES,IC-CMA-ES,CN,XAJ-CN,test,selected_restart,True,0.334246736484748,S4,0.5910568003710702,10.0,10.0,15,5479.0,True,0.6096898917303353,24.068436896087782,1.0461839627674312,r1_basin_level_performance_rebuilt.csv + r1_basin_level_ct.csv
04057800,IC-CMA-ES,IC-CMA-ES,TGD,XAJ-TGD,test,selected_restart,True,0.334246736484748,S4,0.6366682565028821,1.0,1.0,15,5479.0,True,0.5216464141820369,25.62120420787685,1.158184306346439,r1_basin_level_performance_rebuilt.csv + r1_basin_level_ct.csv
04057800,dPL-MLP,dPL-MLP,Base,XAJ-Base,test,median_across_seeds,True,0.334246736484748,S4,0.33042911434458655,-16.0,16.0,15,5479.0,True,-0.07706571252347927,24.8164242965495,1.7378979033756399,r1_basin_level_performance_rebuilt.csv + r1_basin_level_ct.csv
04057800,dPL-MLP,dPL-MLP,CN,XAJ-CN,test,median_across_seeds,True,0.334246736484748,S4,0.6277971111885705,10.0,10.0,15,5479.0,True,0.6708481260810844,25.70435708546426,0.9607299393749273,r1_basin_level_performance_rebuilt.csv + r1_basin_level_ct.csv
04057800,dPL-MLP,dPL-MLP,TGD,XAJ-TGD,test,median_across_seeds,True,0.334246736484748,S4,0.6619510623923524,2.0,2.0,15,5479.0,True,0.5582469762750064,26.721787923688083,1.1129942594444624,r1_basin_level_performance_rebuilt.csv + r1_basin_level_ct.csv
04059500,IC-CMA-ES,IC-CMA-ES,Base,XAJ-Base,test,selected_restart,True,0.235319790957285,S3,0.4045365227585228,-22.0,22.0,15,5479.0,True,-0.03418129706286899,19.153244673326846,1.0249899638707447,r1_basin_level_performance_rebuilt.csv + r1_basin_level_ct.csv
04059500,IC-CMA-ES,IC-CMA-ES,CN,XAJ-CN,test,selected_restart,True,0.235319790957285,S3,0.7083781156294136,8.0,8.0,15,5479.0,True,0.635157027959411,13.506591940900279,0.6087994701433243,r1_basin_level_performance_rebuilt.csv + r1_basin_level_ct.csv
04059500,IC-CMA-ES,IC-CMA-ES,TGD,XAJ-TGD,test,selected_restart,True,0.235319790957285,S3,0.7412585591698758,1.0,1.0,15,5479.0,True,0.6312953163154917,18.07228877528538,0.6120129342618265,r1_basin_level_performance_rebuilt.csv + r1_basin_level_ct.csv
04059500,dPL-MLP,dPL-MLP,Base,XAJ-Base,test,median_across_seeds,True,0.235319790957285,S3,0.40237108296124335,-12.0,12.0,15,5479.0,True,-0.0023683673821641715,19.827832849649262,1.0091017277168768,r1_basin_level_performance_rebuilt.csv + r1_basin_level_ct.csv
04059500,dPL-MLP,dPL-MLP,CN,XAJ-CN,test,median_across_seeds,True,0.235319790957285,S3,0.7298577688109131,8.0,8.0,15,5479.0,True,0.6069110664356159,16.048362243040255,0.6319266660396641,r1_basin_level_performance_rebuilt.csv + r1_basin_level_ct.csv
04059500,dPL-MLP,dPL-MLP,TGD,XAJ-TGD,test,median_across_seeds,True,0.235319790957285,S3,0.7158572045062452,3.0,3.0,15,5479.0,True,0.5933888769798943,19.8398583612466,0.6427038488999419,r1_basin_level_performance_rebuilt.csv + r1_basin_level_ct.csv
04063700,IC-CMA-ES,IC-CMA-ES,Base,XAJ-Base,test,selected_restart,True,0.211966109984869,S3,0.42405850318591054,-1.0,1.0,15,5479.0,True,0.058343003943373994,39.90550562182923,0.7515127039783369,r1_basin_level_performance_rebuilt.csv + r1_basin_level_ct.csv
04063700,IC-CMA-ES,IC-CMA-ES,CN,XAJ-CN,test,selected_restart,True,0.211966109984869,S3,0.5953344059459482,3.0,3.0,15,5479.0,True,0.5889317904514646,34.20134516407151,0.4965316122426309,r1_basin_level_performance_rebuilt.csv + r1_basin_level_ct.csv
04063700,IC-CMA-ES,IC-CMA-ES,TGD,XAJ-TGD,test,selected_restart,True,0.211966109984869,S3,0.5869956491008453,5.0,5.0,15,5479.0,True,0.4937813265018848,33.457757679466845,0.5510094390584275,r1_basin_level_performance_rebuilt.csv + r1_basin_level_ct.csv
04063700,dPL-MLP,dPL-MLP,Base,XAJ-Base,test,median_across_seeds,True,0.211966109984869,S3,0.39919636245716394,-12.0,12.0,15,5479.0,True,0.017410565067086825,38.626864290017856,0.7676725346518124,r1_basin_level_performance_rebuilt.csv + r1_basin_level_ct.csv
04063700,dPL-MLP,dPL-MLP,CN,XAJ-CN,test,median_across_seeds,True,0.211966109984869,S3,0.4597437251685502,3.0,3.0,15,5479.0,True,0.4891719576909638,51.004197131891125,0.5535123597180641,r1_basin_level_performance_rebuilt.csv + r1_basin_level_ct.csv
04063700,dPL-MLP,dPL-MLP,TGD,XAJ-TGD,test,median_across_seeds,True,0.211966109984869,S3,0.554606516599559,6.0,6.0,15,5479.0,True,0.4452846150624744,37.43393228242906,0.5767997499303403,r1_basin_level_performance_rebuilt.csv + r1_basin_level_ct.csv
04074950,IC-CMA-ES,IC-CMA-ES,Base,XAJ-Base,test,selected_restart,True,0.203272983314769,S3,0.5710463024103012,1.0,1.0,15,5479.0,True,0.3702420073546122,-4.252512484677578,0.37158747575241774,r1_basin_level_performance_rebuilt.csv + r1_basin_level_ct.csv
04074950,IC-CMA-ES,IC-CMA-ES,CN,XAJ-CN,test,selected_restart,True,0.203272983314769,S3,0.8721103513161439,6.0,6.0,15,5479.0,True,0.7677367610719651,0.3631589658838604,0.2256651331733732,r1_basin_level_performance_rebuilt.csv + r1_basin_level_ct.csv
04074950,IC-CMA-ES,IC-CMA-ES,TGD,XAJ-TGD,test,selected_restart,True,0.203272983314769,S3,0.5725798992620117,4.0,4.0,15,5479.0,True,0.3797489252099362,-4.01296065705069,0.36877204061881164,r1_basin_level_performance_rebuilt.csv + r1_basin_level_ct.csv
04074950,dPL-MLP,dPL-MLP,Base,XAJ-Base,test,median_across_seeds,True,0.203272983314769,S3,0.553237166394402,-5.0,5.0,15,5479.0,True,0.36689367709077836,5.490652386767444,0.37257400405652236,r1_basin_level_performance_rebuilt.csv + r1_basin_level_ct.csv
04074950,dPL-MLP,dPL-MLP,CN,XAJ-CN,test,median_across_seeds,True,0.203272983314769,S3,0.7107518741586443,6.0,6.0,15,5479.0,True,0.5498586682551534,25.102913045884975,0.31415839498108206,r1_basin_level_performance_rebuilt.csv + r1_basin_level_ct.csv
04074950,dPL-MLP,dPL-MLP,TGD,XAJ-TGD,test,median_across_seeds,True,0.203272983314769,S3,0.7218893388887181,7.0,7.0,15,5479.0,True,0.5486857900614353,21.411007641956463,0.3145674107702028,r1_basin_level_performance_rebuilt.csv + r1_basin_level_ct.csv
04105700,IC-CMA-ES,IC-CMA-ES,Base,XAJ-Base,test,selected_restart,True,0.154578943663624,S3,0.7063057805646249,5.0,5.0,15,5479.0,True,0.37225080337325,13.954259344640663,0.36221593068414526,r1_basin_level_performance_rebuilt.csv + r1_basin_level_ct.csv
04105700,IC-CMA-ES,IC-CMA-ES,CN,XAJ-CN,test,selected_restart,True,0.154578943663624,S3,0.5952834244035423,14.0,14.0,15,5479.0,True,0.20197652331873694,12.322116430038088,0.40839676972377337,r1_basin_level_performance_rebuilt.csv + r1_basin_level_ct.csv
04105700,IC-CMA-ES,IC-CMA-ES,TGD,XAJ-TGD,test,selected_restart,True,0.154578943663624,S3,0.5819006404096136,18.0,18.0,15,5479.0,True,0.11724460979907225,13.368517773115459,0.42953113880729393,r1_basin_level_performance_rebuilt.csv + r1_basin_level_ct.csv
04105700,dPL-MLP,dPL-MLP,Base,XAJ-Base,test,median_across_seeds,True,0.154578943663624,S3,0.6644802921046871,9.0,9.0,15,5479.0,True,0.2539984024516756,18.156971305790417,0.39486109281958587,r1_basin_level_performance_rebuilt.csv + r1_basin_level_ct.csv
04105700,dPL-MLP,dPL-MLP,CN,XAJ-CN,test,median_across_seeds,True,0.154578943663624,S3,0.6234899683037116,15.0,15.0,15,5479.0,True,0.14699792956320357,22.78225330377208,0.42223040811303725,r1_basin_level_performance_rebuilt.csv + r1_basin_level_ct.csv
04105700,dPL-MLP,dPL-MLP,TGD,XAJ-TGD,test,median_across_seeds,True,0.154578943663624,S3,0.6761366776057482,10.0,10.0,15,5479.0,True,0.2743517697007609,19.33085415339356,0.38943729018035506,r1_basin_level_performance_rebuilt.csv + r1_basin_level_ct.csv
04115265,IC-CMA-ES,IC-CMA-ES,Base,XAJ-Base,test,selected_restart,True,0.17692366303836,S3,0.5666375336932734,9.0,9.0,15,5479.0,True,0.2470676722784224,16.450223812056358,0.45436036702124755,r1_basin_level_performance_rebuilt.csv + r1_basin_level_ct.csv
04115265,IC-CMA-ES,IC-CMA-ES,CN,XAJ-CN,test,selected_restart,True,0.17692366303836,S3,0.3714170199865088,10.0,10.0,15,5479.0,True,-0.1143248780572157,14.191112735247819,0.5527495310594838,r1_basin_level_performance_rebuilt.csv + r1_basin_level_ct.csv
04115265,IC-CMA-ES,IC-CMA-ES,TGD,XAJ-TGD,test,selected_restart,True,0.17692366303836,S3,0.481041156581951,11.0,11.0,15,5479.0,True,-0.07795132630710189,16.424789335851916,0.543653320747783,r1_basin_level_performance_rebuilt.csv + r1_basin_level_ct.csv
04115265,dPL-MLP,dPL-MLP,Base,XAJ-Base,test,median_across_seeds,True,0.17692366303836,S3,0.7331777439001264,12.0,12.0,15,5479.0,True,0.48331733034741986,13.017685303115368,0.3763868284145186,r1_basin_level_performance_rebuilt.csv + r1_basin_level_ct.csv
04115265,dPL-MLP,dPL-MLP,CN,XAJ-CN,test,median_across_seeds,True,0.17692366303836,S3,0.6184976262022261,12.0,12.0,15,5479.0,True,0.31281372866399326,17.925965884587697,0.4340699354741354,r1_basin_level_performance_rebuilt.csv + r1_basin_level_ct.csv
04115265,dPL-MLP,dPL-MLP,TGD,XAJ-TGD,test,median_across_seeds,True,0.17692366303836,S3,0.6272838562704415,14.0,14.0,15,5479.0,True,0.30243107263464697,20.016866084550863,0.43733681025156684,r1_basin_level_performance_rebuilt.csv + r1_basin_level_ct.csv
04122200,IC-CMA-ES,IC-CMA-ES,Base,XAJ-Base,test,selected_restart,True,0.175430988197981,S3,0.7227658432115508,10.0,10.0,15,5479.0,True,0.47698571662552836,8.704397195109975,0.34392872215999276,r1_basin_level_performance_rebuilt.csv + r1_basin_level_ct.csv
04122200,IC-CMA-ES,IC-CMA-ES,CN,XAJ-CN,test,selected_restart,True,0.175430988197981,S3,0.7217005005033671,10.0,10.0,15,5479.0,True,0.4717820429616315,9.894345488097924,0.345635428181758,r1_basin_level_performance_rebuilt.csv + r1_basin_level_ct.csv
04122200,IC-CMA-ES,IC-CMA-ES,TGD,XAJ-TGD,test,selected_restart,True,0.175430988197981,S3,0.7295509282769572,9.0,9.0,15,5479.0,True,0.47794178264462184,10.048579636817285,0.34361422886444776,r1_basin_level_performance_rebuilt.csv + r1_basin_level_ct.csv
04122200,dPL-MLP,dPL-MLP,Base,XAJ-Base,test,median_across_seeds,True,0.175430988197981,S3,0.7251493164107805,6.0,6.0,15,5479.0,True,0.48679428286671844,6.622775549047945,0.34068845304027057,r1_basin_level_performance_rebuilt.csv + r1_basin_level_ct.csv
04122200,dPL-MLP,dPL-MLP,CN,XAJ-CN,test,median_across_seeds,True,0.175430988197981,S3,0.6500955626537799,13.0,13.0,15,5479.0,True,0.32128807066267007,8.723931019895767,0.39179096145101755,r1_basin_level_performance_rebuilt.csv + r1_basin_level_ct.csv
04122200,dPL-MLP,dPL-MLP,TGD,XAJ-TGD,test,median_across_seeds,True,0.175430988197981,S3,0.6769316168895356,11.0,11.0,15,5479.0,True,0.3931553418675726,7.368237060246943,0.3704677758721816,r1_basin_level_performance_rebuilt.csv + r1_basin_level_ct.csv
04122500,IC-CMA-ES,IC-CMA-ES,Base,XAJ-Base,test,selected_restart,True,0.184317913063151,S3,0.7580679913630779,4.0,4.0,15,5479.0,True,0.49828063173639925,4.26304792916196,0.3176324519660572,r1_basin_level_performance_rebuilt.csv + r1_basin_level_ct.csv
04122500,IC-CMA-ES,IC-CMA-ES,CN,XAJ-CN,test,selected_restart,True,0.184317913063151,S3,0.7191658723691448,16.0,16.0,15,5479.0,True,0.42534068946626424,5.938737900512569,0.33993795503598634,r1_basin_level_performance_rebuilt.csv + r1_basin_level_ct.csv
04122500,IC-CMA-ES,IC-CMA-ES,TGD,XAJ-TGD,test,selected_restart,True,0.184317913063151,S3,0.7448839468930446,11.0,11.0,15,5479.0,True,0.4719244173608018,4.2225368788211,0.32586857179656353,r1_basin_level_performance_rebuilt.csv + r1_basin_level_ct.csv
04122500,dPL-MLP,dPL-MLP,Base,XAJ-Base,test,median_across_seeds,True,0.184317913063151,S3,0.7323996830502638,5.0,5.0,15,5479.0,True,0.4534029743072332,0.6784869696697751,0.3315339941703214,r1_basin_level_performance_rebuilt.csv + r1_basin_level_ct.csv
04122500,dPL-MLP,dPL-MLP,CN,XAJ-CN,test,median_across_seeds,True,0.184317913063151,S3,0.6799343254658778,12.0,12.0,15,5479.0,True,0.3438396128556328,7.087902448523909,0.36324482672454805,r1_basin_level_performance_rebuilt.csv + r1_basin_level_ct.csv
04122500,dPL-MLP,dPL-MLP,TGD,XAJ-TGD,test,median_across_seeds,True,0.184317913063151,S3,0.7055614964972539,11.0,11.0,15,5479.0,True,0.4021500011824831,5.192243211430049,0.3467293058421783,r1_basin_level_performance_rebuilt.csv + r1_basin_level_ct.csv
04127918,IC-CMA-ES,IC-CMA-ES,Base,XAJ-Base,test,selected_restart,True,0.290254060373262,S3,0.23863684921646156,-53.0,53.0,15,5479.0,True,-0.7572125506797094,35.21213677501678,1.4691583199240466,r1_basin_level_performance_rebuilt.csv + r1_basin_level_ct.csv
04127918,IC-CMA-ES,IC-CMA-ES,CN,XAJ-CN,test,selected_restart,True,0.290254060373262,S3,0.318320126216187,1.0,1.0,15,5479.0,True,0.10922150135505515,27.814517052636795,1.0460231915557503,r1_basin_level_performance_rebuilt.csv + r1_basin_level_ct.csv
04127918,IC-CMA-ES,IC-CMA-ES,TGD,XAJ-TGD,test,selected_restart,True,0.290254060373262,S3,0.4918294821278243,0.0,0.0,15,5479.0,True,0.17512280978386974,26.16871778413528,1.006586491689748,r1_basin_level_performance_rebuilt.csv + r1_basin_level_ct.csv
04127918,dPL-MLP,dPL-MLP,Base,XAJ-Base,test,median_across_seeds,True,0.290254060373262,S3,0.3327991244787222,-34.0,34.0,15,5479.0,True,-0.4237680723690309,31.580299610334485,1.3224403002785154,r1_basin_level_performance_rebuilt.csv + r1_basin_level_ct.csv
04127918,dPL-MLP,dPL-MLP,CN,XAJ-CN,test,median_across_seeds,True,0.290254060373262,S3,0.4120230305178916,6.0,6.0,15,5479.0,True,0.25657662848484286,30.147285957536763,0.95559651171325,r1_basin_level_performance_rebuilt.csv + r1_basin_level_ct.csv
04127918,dPL-MLP,dPL-MLP,TGD,XAJ-TGD,test,median_across_seeds,True,0.290254060373262,S3,0.5055734573842201,-2.0,2.0,15,5479.0,True,0.22430074748879847,30.14585652710555,0.9761198333909207,r1_basin_level_performance_rebuilt.csv + r1_basin_level_ct.csv
04127997,IC-CMA-ES,IC-CMA-ES,Base,XAJ-Base,test,selected_restart,True,0.268061615104673,S3,0.6278941206901469,-5.0,5.0,15,5479.0,True,0.18564609207752447,3.3105322228852487,0.2653637019204514,r1_basin_level_performance_rebuilt.csv + r1_basin_level_ct.csv
04127997,IC-CMA-ES,IC-CMA-ES,CN,XAJ-CN,test,selected_restart,True,0.268061615104673,S3,0.7433547557895857,9.0,9.0,15,5479.0,True,0.4309095714454996,6.89528101222245,0.22183270010409453,r1_basin_level_performance_rebuilt.csv + r1_basin_level_ct.csv
04127997,IC-CMA-ES,IC-CMA-ES,TGD,XAJ-TGD,test,selected_restart,True,0.268061615104673,S3,0.7132555996493528,2.0,2.0,15,5479.0,True,0.38847391166261835,3.710463500512154,0.22995476823198296,r1_basin_level_performance_rebuilt.csv + r1_basin_level_ct.csv
04127997,dPL-MLP,dPL-MLP,Base,XAJ-Base,test,median_across_seeds,True,0.268061615104673,S3,0.5873373196665739,-3.0,3.0,15,5479.0,True,0.020693093446600974,9.358500284417785,0.29100090083110614,r1_basin_level_performance_rebuilt.csv + r1_basin_level_ct.csv
04127997,dPL-MLP,dPL-MLP,CN,XAJ-CN,test,median_across_seeds,True,0.268061615104673,S3,0.575264984057376,8.0,8.0,15,5479.0,True,-0.6361848553981315,28.780188589536696,0.376141376001331,r1_basin_level_performance_rebuilt.csv + r1_basin_level_ct.csv
04127997,dPL-MLP,dPL-MLP,TGD,XAJ-TGD,test,median_across_seeds,True,0.268061615104673,S3,0.6516102323503103,3.0,3.0,15,5479.0,True,0.033550640118267694,16.137936234376777,0.2890842800710751,r1_basin_level_performance_rebuilt.csv + r1_basin_level_ct.csv
04161580,IC-CMA-ES,IC-CMA-ES,Base,XAJ-Base,test,selected_restart,True,0.157673147023086,S3,0.7114617041803746,-2.0,2.0,15,5479.0,True,0.4394146025842215,3.9863318716720046,0.5056676348716317,r1_basin_level_performance_rebuilt.csv + r1_basin_level_ct.csv
04161580,IC-CMA-ES,IC-CMA-ES,CN,XAJ-CN,test,selected_restart,True,0.157673147023086,S3,0.723893293126012,5.0,5.0,15,5479.0,True,0.5033844483683669,8.147528000149022,0.47594243148487486,r1_basin_level_performance_rebuilt.csv + r1_basin_level_ct.csv
04161580,IC-CMA-ES,IC-CMA-ES,TGD,XAJ-TGD,test,selected_restart,True,0.157673147023086,S3,0.7050495338478064,6.0,6.0,15,5479.0,True,0.41246427952061204,9.640231484472384,0.5176800217446399,r1_basin_level_performance_rebuilt.csv + r1_basin_level_ct.csv
04161580,dPL-MLP,dPL-MLP,Base,XAJ-Base,test,median_across_seeds,True,0.157673147023086,S3,0.7176840469525239,-4.0,4.0,15,5479.0,True,0.4682749648952823,10.902161599677486,0.49247911935791877,r1_basin_level_performance_rebuilt.csv + r1_basin_level_ct.csv
04161580,dPL-MLP,dPL-MLP,CN,XAJ-CN,test,median_across_seeds,True,0.157673147023086,S3,0.7261487219331739,12.0,12.0,15,5479.0,True,0.4599358532534834,9.66965180162909,0.4963259021033745,r1_basin_level_performance_rebuilt.csv + r1_basin_level_ct.csv
04161580,dPL-MLP,dPL-MLP,TGD,XAJ-TGD,test,median_across_seeds,True,0.157673147023086,S3,0.6865345602026441,2.0,2.0,15,5479.0,True,0.3858867686578501,10.70727191728509,0.5292592956966987,r1_basin_level_performance_rebuilt.csv + r1_basin_level_ct.csv
04185000,IC-CMA-ES,IC-CMA-ES,Base,XAJ-Base,test,selected_restart,True,0.125203448992686,S2,0.7946025427075089,-2.0,2.0,15,5479.0,True,0.6275194411570033,6.813348639245699,0.8616481982187716,r1_basin_level_performance_rebuilt.csv + r1_basin_level_ct.csv
04185000,IC-CMA-ES,IC-CMA-ES,CN,XAJ-CN,test,selected_restart,True,0.125203448992686,S2,0.8352304716192949,2.0,2.0,15,5479.0,True,0.7195359156781864,4.900423220270034,0.7476817948381783,r1_basin_level_performance_rebuilt.csv + r1_basin_level_ct.csv
04185000,IC-CMA-ES,IC-CMA-ES,TGD,XAJ-TGD,test,selected_restart,True,0.125203448992686,S2,0.7821589206850603,-2.0,2.0,15,5479.0,True,0.6479664554983532,6.67912147596049,0.837664678902806,r1_basin_level_performance_rebuilt.csv + r1_basin_level_ct.csv
04185000,dPL-MLP,dPL-MLP,Base,XAJ-Base,test,median_across_seeds,True,0.125203448992686,S2,0.8328412139986912,-1.0,1.0,15,5479.0,True,0.6716430195719856,4.341328597726164,0.8090051862144506,r1_basin_level_performance_rebuilt.csv + r1_basin_level_ct.csv
04185000,dPL-MLP,dPL-MLP,CN,XAJ-CN,test,median_across_seeds,True,0.125203448992686,S2,0.8201949975534155,3.0,3.0,15,5479.0,True,0.6769455401690341,2.913182792443509,0.8024464305568374,r1_basin_level_performance_rebuilt.csv + r1_basin_level_ct.csv
04185000,dPL-MLP,dPL-MLP,TGD,XAJ-TGD,test,median_across_seeds,True,0.125203448992686,S2,0.8292001644194741,0.0,0.0,15,5479.0,True,0.6730577783997906,1.8381235852327666,0.8072604650583164,r1_basin_level_performance_rebuilt.csv + r1_basin_level_ct.csv
04196800,IC-CMA-ES,IC-CMA-ES,Base,XAJ-Base,test,selected_restart,True,0.099311648741759,S2,0.8067434246304144,-5.0,5.0,15,5479.0,True,0.6904933845510726,-1.1656157476042943,1.1534686620595862,r1_basin_level_performance_rebuilt.csv + r1_basin_level_ct.csv
04196800,IC-CMA-ES,IC-CMA-ES,CN,XAJ-CN,test,selected_restart,True,0.099311648741759,S2,0.8606883436668616,-1.0,1.0,15,5479.0,True,0.7651192692126456,-2.7080281724547017,1.0048344742135658,r1_basin_level_performance_rebuilt.csv + r1_basin_level_ct.csv
04196800,IC-CMA-ES,IC-CMA-ES,TGD,XAJ-TGD,test,selected_restart,True,0.099311648741759,S2,0.818764122372766,-10.0,10.0,15,5479.0,True,0.7247685360636202,-1.9246775311637183,1.0877269073394926,r1_basin_level_performance_rebuilt.csv + r1_basin_level_ct.csv
04196800,dPL-MLP,dPL-MLP,Base,XAJ-Base,test,median_across_seeds,True,0.099311648741759,S2,0.7826266635173376,-4.0,4.0,15,5479.0,True,0.6917253415144444,-4.2002888463736525,1.1511707457023561,r1_basin_level_performance_rebuilt.csv + r1_basin_level_ct.csv
04196800,dPL-MLP,dPL-MLP,CN,XAJ-CN,test,median_across_seeds,True,0.099311648741759,S2,0.8320391253192969,0.0,0.0,15,5479.0,True,0.7627051575318133,-4.671852095594813,1.0099851338547212,r1_basin_level_performance_rebuilt.csv + r1_basin_level_ct.csv
04196800,dPL-MLP,dPL-MLP,TGD,XAJ-TGD,test,median_across_seeds,True,0.099311648741759,S2,0.7867148921766198,-1.0,1.0,15,5479.0,True,0.7281267095302888,-5.225271315255887,1.0810707165658482,r1_basin_level_performance_rebuilt.csv + r1_basin_level_ct.csv
04197100,IC-CMA-ES,IC-CMA-ES,Base,XAJ-Base,test,selected_restart,True,0.111863760810241,S2,0.722935909368092,-6.0,6.0,15,5479.0,True,0.6322791138638394,-8.81379327210526,1.345473423588842,r1_basin_level_performance_rebuilt.csv + r1_basin_level_ct.csv
04197100,IC-CMA-ES,IC-CMA-ES,CN,XAJ-CN,test,selected_restart,True,0.111863760810241,S2,0.7790765090988734,-3.0,3.0,15,5479.0,True,0.726472223866691,-9.722343631923483,1.1604239725349526,r1_basin_level_performance_rebuilt.csv + r1_basin_level_ct.csv
04197100,IC-CMA-ES,IC-CMA-ES,TGD,XAJ-TGD,test,selected_restart,True,0.111863760810241,S2,0.7300506148644618,-6.0,6.0,15,5479.0,True,0.5998347371598443,-9.050458955393795,1.403575141384612,r1_basin_level_performance_rebuilt.csv + r1_basin_level_ct.csv
04197100,dPL-MLP,dPL-MLP,Base,XAJ-Base,test,median_across_seeds,True,0.111863760810241,S2,0.7327371248927935,-5.0,5.0,15,5479.0,True,0.6288823529234953,-7.031937185336802,1.3516734328544757,r1_basin_level_performance_rebuilt.csv + r1_basin_level_ct.csv
04197100,dPL-MLP,dPL-MLP,CN,XAJ-CN,test,median_across_seeds,True,0.111863760810241,S2,0.7852888895857078,0.0,0.0,15,5479.0,True,0.7179417435143292,-9.726875132002636,1.1783800555047539,r1_basin_level_performance_rebuilt.csv + r1_basin_level_ct.csv
04197100,dPL-MLP,dPL-MLP,TGD,XAJ-TGD,test,median_across_seeds,True,0.111863760810241,S2,0.733801431813486,-12.0,12.0,15,5479.0,True,0.654219044293425,-8.75443643892896,1.3047175672787923,r1_basin_level_performance_rebuilt.csv + r1_basin_level_ct.csv
04197170,IC-CMA-ES,IC-CMA-ES,Base,XAJ-Base,test,selected_restart,True,0.10758495614117,S2,0.7702035418399764,-26.0,26.0,15,5479.0,True,0.5886298349046293,-5.566683002542476,1.8183002162959259,r1_basin_level_performance_rebuilt.csv + r1_basin_level_ct.csv
04197170,IC-CMA-ES,IC-CMA-ES,CN,XAJ-CN,test,selected_restart,True,0.10758495614117,S2,0.8254084589564168,-5.0,5.0,15,5479.0,True,0.702311729897719,-5.8178641958607855,1.5467853712399369,r1_basin_level_performance_rebuilt.csv + r1_basin_level_ct.csv
04197170,IC-CMA-ES,IC-CMA-ES,TGD,XAJ-TGD,test,selected_restart,True,0.10758495614117,S2,0.7951404009233304,-20.0,20.0,15,5479.0,True,0.6706811203250176,-5.779807890114284,1.6268874521435264,r1_basin_level_performance_rebuilt.csv + r1_basin_level_ct.csv
04197170,dPL-MLP,dPL-MLP,Base,XAJ-Base,test,median_across_seeds,True,0.10758495614117,S2,0.7321676501901777,-17.0,17.0,15,5479.0,True,0.6464752935742535,-7.9623789198490185,1.6856176886059513,r1_basin_level_performance_rebuilt.csv + r1_basin_level_ct.csv
04197170,dPL-MLP,dPL-MLP,CN,XAJ-CN,test,median_across_seeds,True,0.10758495614117,S2,0.7923203582413688,-5.0,5.0,15,5479.0,True,0.7126365925649887,-8.164412827861796,1.5197247180359787,r1_basin_level_performance_rebuilt.csv + r1_basin_level_ct.csv
04197170,dPL-MLP,dPL-MLP,TGD,XAJ-TGD,test,median_across_seeds,True,0.10758495614117,S2,0.7675616875285204,-20.0,20.0,15,5479.0,True,0.6748344089319346,-7.353321889741281,1.6165959487676629,r1_basin_level_performance_rebuilt.csv + r1_basin_level_ct.csv
04213000,IC-CMA-ES,IC-CMA-ES,Base,XAJ-Base,test,selected_restart,True,0.162227338465539,S3,0.709953491440767,-6.0,6.0,15,5479.0,True,0.49747633024360094,-4.493044274464501,2.113710229317596,r1_basin_level_performance_rebuilt.csv + r1_basin_level_ct.csv
04213000,IC-CMA-ES,IC-CMA-ES,CN,XAJ-CN,test,selected_restart,True,0.162227338465539,S3,0.8245371487436692,-1.0,1.0,15,5479.0,True,0.6631411042227269,-4.794565463854194,1.7305780788335736,r1_basin_level_performance_rebuilt.csv + r1_basin_level_ct.csv
04213000,IC-CMA-ES,IC-CMA-ES,TGD,XAJ-TGD,test,selected_restart,True,0.162227338465539,S3,0.7651259478030159,-5.0,5.0,15,5479.0,True,0.5992207394097837,-4.461954415051384,1.8876427645317753,r1_basin_level_performance_rebuilt.csv + r1_basin_level_ct.csv
04213000,dPL-MLP,dPL-MLP,Base,XAJ-Base,test,median_across_seeds,True,0.162227338465539,S3,0.6764775437332522,-15.0,15.0,15,5479.0,True,0.5208051643289283,-6.20932584224764,2.064064442558009,r1_basin_level_performance_rebuilt.csv + r1_basin_level_ct.csv
04213000,dPL-MLP,dPL-MLP,CN,XAJ-CN,test,median_across_seeds,True,0.162227338465539,S3,0.8023064472513627,1.0,1.0,15,5479.0,True,0.6276843640158165,-5.681182693808944,1.8193775254281852,r1_basin_level_performance_rebuilt.csv + r1_basin_level_ct.csv
04213000,dPL-MLP,dPL-MLP,TGD,XAJ-TGD,test,median_across_seeds,True,0.162227338465539,S3,0.7357657240935851,-5.0,5.0,15,5479.0,True,0.621563266426103,-4.967817734096526,1.8342723964422405,r1_basin_level_performance_rebuilt.csv + r1_basin_level_ct.csv
04213075,IC-CMA-ES,IC-CMA-ES,Base,XAJ-Base,test,selected_restart,True,0.160655070848624,S3,0.5559640970307482,-1.0,1.0,15,5479.0,True,0.03606091383388532,2.5847932120051254,2.642240824349542,r1_basin_level_performance_rebuilt.csv + r1_basin_level_ct.csv
04213075,IC-CMA-ES,IC-CMA-ES,CN,XAJ-CN,test,selected_restart,True,0.160655070848624,S3,0.5748552982022043,18.0,18.0,15,5479.0,True,0.06524955369040908,-0.3225626366018099,2.601929012713167,r1_basin_level_performance_rebuilt.csv + r1_basin_level_ct.csv
04213075,IC-CMA-ES,IC-CMA-ES,TGD,XAJ-TGD,test,selected_restart,True,0.160655070848624,S3,0.5920551132176707,6.0,6.0,15,5479.0,True,0.12534187262912533,0.5254569141148665,2.5169046963661494,r1_basin_level_performance_rebuilt.csv + r1_basin_level_ct.csv
04213075,dPL-MLP,dPL-MLP,Base,XAJ-Base,test,median_across_seeds,True,0.160655070848624,S3,0.561502017772384,-14.0,14.0,15,5479.0,True,0.2314411909309173,-10.435815023366281,2.3593162311900864,r1_basin_level_performance_rebuilt.csv + r1_basin_level_ct.csv
04213075,dPL-MLP,dPL-MLP,CN,XAJ-CN,test,median_across_seeds,True,0.160655070848624,S3,0.6264499070457202,10.0,10.0,15,5479.0,True,0.30056211080663,-11.762335760495116,2.25072368155423,r1_basin_level_performance_rebuilt.csv + r1_basin_level_ct.csv
04213075,dPL-MLP,dPL-MLP,TGD,XAJ-TGD,test,median_across_seeds,True,0.160655070848624,S3,0.5950732123454094,-8.0,8.0,15,5479.0,True,0.30285019390102697,-12.252631198118493,2.2470392504698475,r1_basin_level_performance_rebuilt.csv + r1_basin_level_ct.csv
04216418,IC-CMA-ES,IC-CMA-ES,Base,XAJ-Base,test,selected_restart,True,0.225393876789264,S3,0.5978400477641788,-24.0,24.0,15,5479.0,True,0.19109545291298546,8.497426688948568,2.1839467428544217,r1_basin_level_performance_rebuilt.csv + r1_basin_level_ct.csv
04216418,IC-CMA-ES,IC-CMA-ES,CN,XAJ-CN,test,selected_restart,True,0.225393876789264,S3,0.7923519927486895,6.0,6.0,15,5479.0,True,0.6038699265050358,5.7492906740359215,1.5283130182676936,r1_basin_level_performance_rebuilt.csv + r1_basin_level_ct.csv
04216418,IC-CMA-ES,IC-CMA-ES,TGD,XAJ-TGD,test,selected_restart,True,0.225393876789264,S3,0.6292206911711395,-4.0,4.0,15,5479.0,True,0.21796834587367708,5.001905246401144,2.147363522075852,r1_basin_level_performance_rebuilt.csv + r1_basin_level_ct.csv
04216418,dPL-MLP,dPL-MLP,Base,XAJ-Base,test,median_across_seeds,True,0.225393876789264,S3,0.6115587129950808,-20.0,20.0,15,5479.0,True,0.22770821560407806,6.026840756107094,2.1339493772979887,r1_basin_level_performance_rebuilt.csv + r1_basin_level_ct.csv
04216418,dPL-MLP,dPL-MLP,CN,XAJ-CN,test,median_across_seeds,True,0.225393876789264,S3,0.7785876902642989,8.0,8.0,15,5479.0,True,0.561069286715824,4.815509267496034,1.608760485716945,r1_basin_level_performance_rebuilt.csv + r1_basin_level_ct.csv
04216418,dPL-MLP,dPL-MLP,TGD,XAJ-TGD,test,median_across_seeds,True,0.225393876789264,S3,0.6647798116084267,-16.0,16.0,15,5479.0,True,0.3377115858181481,5.154810951734799,1.976136701384415,r1_basin_level_performance_rebuilt.csv + r1_basin_level_ct.csv
04221000,IC-CMA-ES,IC-CMA-ES,Base,XAJ-Base,test,selected_restart,True,0.207214753166224,S3,0.7054884242774311,-13.0,13.0,15,5479.0,True,0.4089922005671389,-0.9110955312077887,1.5684558027637012,r1_basin_level_performance_rebuilt.csv + r1_basin_level_ct.csv
04221000,IC-CMA-ES,IC-CMA-ES,CN,XAJ-CN,test,selected_restart,True,0.207214753166224,S3,0.8521368485232149,5.0,5.0,15,5479.0,True,0.7063793899774382,-2.0228597140225557,1.1055259659514591,r1_basin_level_performance_rebuilt.csv + r1_basin_level_ct.csv
04221000,IC-CMA-ES,IC-CMA-ES,TGD,XAJ-TGD,test,selected_restart,True,0.207214753166224,S3,0.7265191582634021,-7.0,7.0,15,5479.0,True,0.48530887138038736,-1.7453568605995626,1.4636897128539057,r1_basin_level_performance_rebuilt.csv + r1_basin_level_ct.csv
04221000,dPL-MLP,dPL-MLP,Base,XAJ-Base,test,median_across_seeds,True,0.207214753166224,S3,0.7049081486632447,-11.0,11.0,15,5479.0,True,0.43018761919306503,0.8885961086772657,1.5400741092269925,r1_basin_level_performance_rebuilt.csv + r1_basin_level_ct.csv
04221000,dPL-MLP,dPL-MLP,CN,XAJ-CN,test,median_across_seeds,True,0.207214753166224,S3,0.8289800198535628,8.0,8.0,15,5479.0,True,0.653018961361642,-0.509140573314532,1.2017899019443603,r1_basin_level_performance_rebuilt.csv + r1_basin_level_ct.csv
04221000,dPL-MLP,dPL-MLP,TGD,XAJ-TGD,test,median_across_seeds,True,0.207214753166224,S3,0.751248283615312,-11.0,11.0,15,5479.0,True,0.506869878897411,-1.0197456662711801,1.4327039047072325,r1_basin_level_performance_rebuilt.csv + r1_basin_level_ct.csv
04224775,IC-CMA-ES,IC-CMA-ES,Base,XAJ-Base,test,selected_restart,True,0.204650190587357,S3,0.583210247735007,-5.0,5.0,15,5479.0,True,0.2783573464802741,13.427920976000568,1.606718085313555,r1_basin_level_performance_rebuilt.csv + r1_basin_level_ct.csv
04224775,IC-CMA-ES,IC-CMA-ES,CN,XAJ-CN,test,selected_restart,True,0.204650190587357,S3,0.7775650704112469,7.0,7.0,15,5479.0,True,0.6149328735789732,11.863786760595604,1.1736721700924622,r1_basin_level_performance_rebuilt.csv + r1_basin_level_ct.csv
04224775,IC-CMA-ES,IC-CMA-ES,TGD,XAJ-TGD,test,selected_restart,True,0.204650190587357,S3,0.6449110531653957,0.0,0.0,15,5479.0,True,0.3476475934182851,12.919676450981243,1.5276354191876649,r1_basin_level_performance_rebuilt.csv + r1_basin_level_ct.csv
04224775,dPL-MLP,dPL-MLP,Base,XAJ-Base,test,median_across_seeds,True,0.204650190587357,S3,0.5668554650338823,-5.0,5.0,15,5479.0,True,0.33204036309171925,11.400985318283716,1.5458013945227829,r1_basin_level_performance_rebuilt.csv + r1_basin_level_ct.csv
04224775,dPL-MLP,dPL-MLP,CN,XAJ-CN,test,median_across_seeds,True,0.204650190587357,S3,0.7893822155169281,11.0,11.0,15,5479.0,True,0.6266834001390211,9.975896246469262,1.1556258171598768,r1_basin_level_performance_rebuilt.csv + r1_basin_level_ct.csv
04224775,dPL-MLP,dPL-MLP,TGD,XAJ-TGD,test,median_across_seeds,True,0.204650190587357,S3,0.6283485514539462,-8.0,8.0,15,5479.0,True,0.4203218653145001,7.77002730804359,1.4400316730500873,r1_basin_level_performance_rebuilt.csv + r1_basin_level_ct.csv
04233000,IC-CMA-ES,IC-CMA-ES,Base,XAJ-Base,test,selected_restart,True,0.169532329377697,S3,0.6209082241161198,-15.0,15.0,15,5479.0,True,0.2702220208060315,-7.536788053951197,1.5263775952998941,r1_basin_level_performance_rebuilt.csv + r1_basin_level_ct.csv
04233000,IC-CMA-ES,IC-CMA-ES,CN,XAJ-CN,test,selected_restart,True,0.169532329377697,S3,0.7417479663653943,6.0,6.0,15,5479.0,True,0.5177309250374762,-8.353662982340381,1.2408272212736786,r1_basin_level_performance_rebuilt.csv + r1_basin_level_ct.csv
04233000,IC-CMA-ES,IC-CMA-ES,TGD,XAJ-TGD,test,selected_restart,True,0.169532329377697,S3,0.6773221855738711,-1.0,1.0,15,5479.0,True,0.4610119116661625,-8.766747910539296,1.3117654532155036,r1_basin_level_performance_rebuilt.csv + r1_basin_level_ct.csv
04233000,dPL-MLP,dPL-MLP,Base,XAJ-Base,test,median_across_seeds,True,0.169532329377697,S3,0.5962722299149426,-14.0,14.0,15,5479.0,True,0.31558947230662027,-13.313870474516628,1.4781719134941396,r1_basin_level_performance_rebuilt.csv + r1_basin_level_ct.csv
04233000,dPL-MLP,dPL-MLP,CN,XAJ-CN,test,median_across_seeds,True,0.169532329377697,S3,0.7238667161143146,6.0,6.0,15,5479.0,True,0.5614019120090724,-13.081441922462892,1.183313917443607,r1_basin_level_performance_rebuilt.csv + r1_basin_level_ct.csv
04233000,dPL-MLP,dPL-MLP,TGD,XAJ-TGD,test,median_across_seeds,True,0.169532329377697,S3,0.6298240011205115,-4.0,4.0,15,5479.0,True,0.45181907275610655,-13.998446972553676,1.3229047200109223,r1_basin_level_performance_rebuilt.csv + r1_basin_level_ct.csv
04256000,IC-CMA-ES,IC-CMA-ES,Base,XAJ-Base,test,selected_restart,True,0.279703584506989,S3,0.6231528453093305,-37.0,37.0,15,5479.0,True,0.205879252017521,4.980706207982554,2.3772961397623287,r1_basin_level_performance_rebuilt.csv + r1_basin_level_ct.csv
04256000,IC-CMA-ES,IC-CMA-ES,CN,XAJ-CN,test,selected_restart,True,0.279703584506989,S3,0.851466686254193,9.0,9.0,15,5479.0,True,0.7078993735907277,2.774746813972176,1.4418041054939532,r1_basin_level_performance_rebuilt.csv + r1_basin_level_ct.csv
04256000,IC-CMA-ES,IC-CMA-ES,TGD,XAJ-TGD,test,selected_restart,True,0.279703584506989,S3,0.7248931474666745,6.0,6.0,15,5479.0,True,0.43680695736803965,3.498519019015759,2.002021117938866,r1_basin_level_performance_rebuilt.csv + r1_basin_level_ct.csv
04256000,dPL-MLP,dPL-MLP,Base,XAJ-Base,test,median_across_seeds,True,0.279703584506989,S3,0.6287231330992951,-30.0,30.0,15,5479.0,True,0.2381900602850633,4.352469441953838,2.328430776795534,r1_basin_level_performance_rebuilt.csv + r1_basin_level_ct.csv
04256000,dPL-MLP,dPL-MLP,CN,XAJ-CN,test,median_across_seeds,True,0.279703584506989,S3,0.8334545116177593,10.0,10.0,15,5479.0,True,0.675719168120819,1.2486608202439846,1.5191499822468528,r1_basin_level_performance_rebuilt.csv + r1_basin_level_ct.csv
04256000,dPL-MLP,dPL-MLP,TGD,XAJ-TGD,test,median_across_seeds,True,0.279703584506989,S3,0.7220448328256646,6.0,6.0,15,5479.0,True,0.45254184650735063,2.074468657749635,1.973856053075965,r1_basin_level_performance_rebuilt.csv + r1_basin_level_ct.csv
04296000,IC-CMA-ES,IC-CMA-ES,Base,XAJ-Base,test,selected_restart,True,0.273317826422307,S3,0.5145776545782559,-33.0,33.0,15,5479.0,True,0.1446391541320471,-3.6679591283513666,2.0862062414304376,r1_basin_level_performance_rebuilt.csv + r1_basin_level_ct.csv
04296000,IC-CMA-ES,IC-CMA-ES,CN,XAJ-CN,test,selected_restart,True,0.273317826422307,S3,0.8442748049522206,5.0,5.0,15,5479.0,True,0.734407347013982,-7.874346944255424,1.1624936402752617,r1_basin_level_performance_rebuilt.csv + r1_basin_level_ct.csv
04296000,IC-CMA-ES,IC-CMA-ES,TGD,XAJ-TGD,test,selected_restart,True,0.273317826422307,S3,0.7421339967292724,1.0,1.0,15,5479.0,True,0.5527814856506668,-7.226998746221734,1.5084900307710334,r1_basin_level_performance_rebuilt.csv + r1_basin_level_ct.csv
04296000,dPL-MLP,dPL-MLP,Base,XAJ-Base,test,median_across_seeds,True,0.273317826422307,S3,0.4916528421220736,-32.0,32.0,15,5479.0,True,0.23298698343946422,-7.144807969447733,1.9755313419768543,r1_basin_level_performance_rebuilt.csv + r1_basin_level_ct.csv
04296000,dPL-MLP,dPL-MLP,CN,XAJ-CN,test,median_across_seeds,True,0.273317826422307,S3,0.8321521223956285,11.0,11.0,15,5479.0,True,0.7127839419649605,-6.3444843701624265,1.208890363736412,r1_basin_level_performance_rebuilt.csv + r1_basin_level_ct.csv
04296000,dPL-MLP,dPL-MLP,TGD,XAJ-TGD,test,median_across_seeds,True,0.273317826422307,S3,0.7452386233134878,0.0,0.0,15,5479.0,True,0.5487760371907278,-4.867230209634411,1.5152302597058904,r1_basin_level_performance_rebuilt.csv + r1_basin_level_ct.csv
05057200,IC-CMA-ES,IC-CMA-ES,Base,XAJ-Base,test,selected_restart,True,0.141789208175196,S2,-0.05903744986195214,27.0,27.0,15,5479.0,True,0.0897737730255811,-49.60685185069074,0.23852909195805794,r1_basin_level_performance_rebuilt.csv + r1_basin_level_ct.csv
05057200,IC-CMA-ES,IC-CMA-ES,CN,XAJ-CN,test,selected_restart,True,0.141789208175196,S2,0.256599391407332,2.0,2.0,15,5479.0,True,0.4327616350247623,-46.76137913025519,0.1882996360780688,r1_basin_level_performance_rebuilt.csv + r1_basin_level_ct.csv
05057200,IC-CMA-ES,IC-CMA-ES,TGD,XAJ-TGD,test,selected_restart,True,0.141789208175196,S2,-0.06901304113106677,34.0,34.0,15,5479.0,True,0.021562597256266858,-38.09052171371229,0.24730517565731808,r1_basin_level_performance_rebuilt.csv + r1_basin_level_ct.csv
05057200,dPL-MLP,dPL-MLP,Base,XAJ-Base,test,median_across_seeds,True,0.141789208175196,S2,-0.26189526396461726,29.0,29.0,15,5479.0,True,0.01902960814489041,-61.055943597662434,0.24762508187603408,r1_basin_level_performance_rebuilt.csv + r1_basin_level_ct.csv
05057200,dPL-MLP,dPL-MLP,CN,XAJ-CN,test,median_across_seeds,True,0.141789208175196,S2,-0.15709497533438221,32.0,32.0,15,5479.0,True,0.15014451907521165,-72.22946758231487,0.23048317198532206,r1_basin_level_performance_rebuilt.csv + r1_basin_level_ct.csv
05057200,dPL-MLP,dPL-MLP,TGD,XAJ-TGD,test,median_across_seeds,True,0.141789208175196,S2,-0.16412509179091184,40.0,40.0,15,5479.0,True,0.094912723111516,-62.49834823616434,0.23785479577715687,r1_basin_level_performance_rebuilt.csv + r1_basin_level_ct.csv
05120500,IC-CMA-ES,IC-CMA-ES,Base,XAJ-Base,test,selected_restart,True,0.19176626992326,S3,-1.4944651060134073,32.0,32.0,15,5479.0,True,-10.072979707639963,65.01355755552554,0.4348220367502981,r1_basin_level_performance_rebuilt.csv + r1_basin_level_ct.csv
05120500,IC-CMA-ES,IC-CMA-ES,CN,XAJ-CN,test,selected_restart,True,0.19176626992326,S3,-4.68606761141445,4.0,4.0,15,5479.0,True,-37.236606582909744,104.5395971378053,0.8080141482131146,r1_basin_level_performance_rebuilt.csv + r1_basin_level_ct.csv
05120500,IC-CMA-ES,IC-CMA-ES,TGD,XAJ-TGD,test,selected_restart,True,0.19176626992326,S3,-1.5289533161656088,23.0,23.0,15,5479.0,True,-6.780386996058865,118.18788476678402,0.36448519600300205,r1_basin_level_performance_rebuilt.csv + r1_basin_level_ct.csv
05120500,dPL-MLP,dPL-MLP,Base,XAJ-Base,test,median_across_seeds,True,0.19176626992326,S3,0.12650621697230924,19.0,19.0,15,5479.0,True,-1.0542954428717723,14.845113028306923,0.18728834214437295,r1_basin_level_performance_rebuilt.csv + r1_basin_level_ct.csv
05120500,dPL-MLP,dPL-MLP,CN,XAJ-CN,test,median_across_seeds,True,0.19176626992326,S3,0.2780213747287438,36.0,36.0,15,5479.0,True,-0.8433438918045288,-14.570026152493247,0.17741178931604787,r1_basin_level_performance_rebuilt.csv + r1_basin_level_ct.csv
05120500,dPL-MLP,dPL-MLP,TGD,XAJ-TGD,test,median_across_seeds,True,0.19176626992326,S3,-1.0795442912231148,20.0,20.0,15,5479.0,True,-5.3400416376188495,68.20398426131956,0.3290223114228015,r1_basin_level_performance_rebuilt.csv + r1_basin_level_ct.csv
05291000,IC-CMA-ES,IC-CMA-ES,Base,XAJ-Base,test,selected_restart,True,0.148874500915531,S2,0.3965239207839165,9.0,9.0,15,5479.0,True,-0.07534458461163118,15.978636986759986,0.8724080492622741,r1_basin_level_performance_rebuilt.csv + r1_basin_level_ct.csv
05291000,IC-CMA-ES,IC-CMA-ES,CN,XAJ-CN,test,selected_restart,True,0.148874500915531,S2,0.7806554146371402,19.0,19.0,15,5479.0,True,0.5584492121889422,4.331890997030443,0.5590313581214453,r1_basin_level_performance_rebuilt.csv + r1_basin_level_ct.csv
05291000,IC-CMA-ES,IC-CMA-ES,TGD,XAJ-TGD,test,selected_restart,True,0.148874500915531,S2,0.435229273839307,19.0,19.0,15,5479.0,True,0.14650402470694646,11.771666340771592,0.7772246688659233,r1_basin_level_performance_rebuilt.csv + r1_basin_level_ct.csv
05291000,dPL-MLP,dPL-MLP,Base,XAJ-Base,test,median_across_seeds,True,0.148874500915531,S2,0.40620149155394825,3.0,3.0,15,5479.0,True,0.003252948647723408,5.234642250291587,0.8399207636027359,r1_basin_level_performance_rebuilt.csv + r1_basin_level_ct.csv
05291000,dPL-MLP,dPL-MLP,CN,XAJ-CN,test,median_across_seeds,True,0.148874500915531,S2,0.6858191604600417,7.0,7.0,15,5479.0,True,0.3414353498083341,6.263060589720085,0.6827238041758913,r1_basin_level_performance_rebuilt.csv + r1_basin_level_ct.csv
05291000,dPL-MLP,dPL-MLP,TGD,XAJ-TGD,test,median_across_seeds,True,0.148874500915531,S2,0.405641287824969,1.0,1.0,15,5479.0,True,0.11679090448133633,1.236857322118175,0.7906378551525237,r1_basin_level_performance_rebuilt.csv + r1_basin_level_ct.csv
05362000,IC-CMA-ES,IC-CMA-ES,Base,XAJ-Base,test,selected_restart,True,0.174430982504896,S3,0.5159951668798008,-15.0,15.0,15,5479.0,True,0.09947235602872306,21.905801151031973,1.6394980478418073,r1_basin_level_performance_rebuilt.csv + r1_basin_level_ct.csv
05362000,IC-CMA-ES,IC-CMA-ES,CN,XAJ-CN,test,selected_restart,True,0.174430982504896,S3,0.726458145150457,4.0,4.0,15,5479.0,True,0.7309993179378564,19.7580489037172,0.8960640832005207,r1_basin_level_performance_rebuilt.csv + r1_basin_level_ct.csv
05362000,IC-CMA-ES,IC-CMA-ES,TGD,XAJ-TGD,test,selected_restart,True,0.174430982504896,S3,0.6993107438992379,5.0,5.0,15,5479.0,True,0.5227147459626948,19.53407870549103,1.1935796007420687,r1_basin_level_performance_rebuilt.csv + r1_basin_level_ct.csv
05362000,dPL-MLP,dPL-MLP,Base,XAJ-Base,test,median_across_seeds,True,0.174430982504896,S3,0.5190594682581828,-1.0,1.0,15,5479.0,True,0.15529190204723586,22.90800931648047,1.5878727954969956,r1_basin_level_performance_rebuilt.csv + r1_basin_level_ct.csv
05362000,dPL-MLP,dPL-MLP,CN,XAJ-CN,test,median_across_seeds,True,0.174430982504896,S3,0.6923453114171851,3.0,3.0,15,5479.0,True,0.6973072411505916,22.399003407696085,0.9505246746160241,r1_basin_level_performance_rebuilt.csv + r1_basin_level_ct.csv
05362000,dPL-MLP,dPL-MLP,TGD,XAJ-TGD,test,median_across_seeds,True,0.174430982504896,S3,0.6819885730536164,5.0,5.0,15,5479.0,True,0.5165686415123749,21.90428285660697,1.2012400085400026,r1_basin_level_performance_rebuilt.csv + r1_basin_level_ct.csv
05393500,IC-CMA-ES,IC-CMA-ES,Base,XAJ-Base,test,selected_restart,True,0.19616986570515,S3,0.5087816985951579,-15.0,15.0,15,5479.0,True,0.2207267119874433,8.736572532710841,1.8076635429532053,r1_basin_level_performance_rebuilt.csv + r1_basin_level_ct.csv
05393500,IC-CMA-ES,IC-CMA-ES,CN,XAJ-CN,test,selected_restart,True,0.19616986570515,S3,0.8515021977699405,3.0,3.0,15,5479.0,True,0.7634029947966048,8.805973314059827,0.9960412529665622,r1_basin_level_performance_rebuilt.csv + r1_basin_level_ct.csv
05393500,IC-CMA-ES,IC-CMA-ES,TGD,XAJ-TGD,test,selected_restart,True,0.19616986570515,S3,0.740208548742828,2.0,2.0,15,5479.0,True,0.5505050745409246,9.625248326417626,1.372887974579292,r1_basin_level_performance_rebuilt.csv + r1_basin_level_ct.csv
05393500,dPL-MLP,dPL-MLP,Base,XAJ-Base,test,median_across_seeds,True,0.19616986570515,S3,0.5114864123276495,-11.0,11.0,15,5479.0,True,0.20596213545011832,11.739690318292011,1.824707725324093,r1_basin_level_performance_rebuilt.csv + r1_basin_level_ct.csv
05393500,dPL-MLP,dPL-MLP,CN,XAJ-CN,test,median_across_seeds,True,0.19616986570515,S3,0.8378389346655268,3.0,3.0,15,5479.0,True,0.7403802033208173,9.809768533231766,1.0433778363574966,r1_basin_level_performance_rebuilt.csv + r1_basin_level_ct.csv
05393500,dPL-MLP,dPL-MLP,TGD,XAJ-TGD,test,median_across_seeds,True,0.19616986570515,S3,0.7212133452933889,3.0,3.0,15,5479.0,True,0.5394823736808054,10.948486633948164,1.389619286737481,r1_basin_level_performance_rebuilt.csv + r1_basin_level_ct.csv
05399500,IC-CMA-ES,IC-CMA-ES,Base,XAJ-Base,test,selected_restart,True,0.156958255923397,S3,0.5808081207911422,0.0,0.0,15,5479.0,True,0.2600768720977714,5.761187949706045,1.9216600368240413,r1_basin_level_performance_rebuilt.csv + r1_basin_level_ct.csv
05399500,IC-CMA-ES,IC-CMA-ES,CN,XAJ-CN,test,selected_restart,True,0.156958255923397,S3,0.7740230749767101,2.0,2.0,15,5479.0,True,0.6072237766594755,11.67088394113254,1.4000896732944705,r1_basin_level_performance_rebuilt.csv + r1_basin_level_ct.csv
05399500,IC-CMA-ES,IC-CMA-ES,TGD,XAJ-TGD,test,selected_restart,True,0.156958255923397,S3,0.6000515407748448,0.0,0.0,15,5479.0,True,0.2787558556207008,5.4763573976918165,1.8972493273136029,r1_basin_level_performance_rebuilt.csv + r1_basin_level_ct.csv
05399500,dPL-MLP,dPL-MLP,Base,XAJ-Base,test,median_across_seeds,True,0.156958255923397,S3,0.532084784050683,0.0,0.0,15,5479.0,True,0.28662188512314024,15.758223103601038,1.8868750780153973,r1_basin_level_performance_rebuilt.csv + r1_basin_level_ct.csv
05399500,dPL-MLP,dPL-MLP,CN,XAJ-CN,test,median_across_seeds,True,0.156958255923397,S3,0.7666422374690278,2.0,2.0,15,5479.0,True,0.6442577095686792,11.225629189327638,1.3324502598476922,r1_basin_level_performance_rebuilt.csv + r1_basin_level_ct.csv
05399500,dPL-MLP,dPL-MLP,TGD,XAJ-TGD,test,median_across_seeds,True,0.156958255923397,S3,0.6986075784203742,2.0,2.0,15,5479.0,True,0.5032229124730083,15.581664051620015,1.5745774804782848,r1_basin_level_performance_rebuilt.csv + r1_basin_level_ct.csv
05408000,IC-CMA-ES,IC-CMA-ES,Base,XAJ-Base,test,selected_restart,True,0.140156645371,S2,0.802241344126189,16.0,16.0,15,5479.0,True,0.6478399229148226,-3.6914866186588173,0.5365435263589863,r1_basin_level_performance_rebuilt.csv + r1_basin_level_ct.csv
05408000,IC-CMA-ES,IC-CMA-ES,CN,XAJ-CN,test,selected_restart,True,0.140156645371,S2,0.7593529468496382,15.0,15.0,15,5479.0,True,0.6379948429729263,-2.6423518889338675,0.5439917054933077,r1_basin_level_performance_rebuilt.csv + r1_basin_level_ct.csv
05408000,IC-CMA-ES,IC-CMA-ES,TGD,XAJ-TGD,test,selected_restart,True,0.140156645371,S2,0.7877338732162511,12.0,12.0,15,5479.0,True,0.6622256300726559,-4.58760107536946,0.525470385930492,r1_basin_level_performance_rebuilt.csv + r1_basin_level_ct.csv
05408000,dPL-MLP,dPL-MLP,Base,XAJ-Base,test,median_across_seeds,True,0.140156645371,S2,0.7560424585589774,12.0,12.0,15,5479.0,True,0.6385453260682903,-3.657750834826088,0.5435779376760548,r1_basin_level_performance_rebuilt.csv + r1_basin_level_ct.csv
05408000,dPL-MLP,dPL-MLP,CN,XAJ-CN,test,median_across_seeds,True,0.140156645371,S2,0.6827251513758834,9.0,9.0,15,5479.0,True,0.6009864710845008,11.25993564346347,0.5711217631349944,r1_basin_level_performance_rebuilt.csv + r1_basin_level_ct.csv
05408000,dPL-MLP,dPL-MLP,TGD,XAJ-TGD,test,median_across_seeds,True,0.140156645371,S2,0.6815991937713055,9.0,9.0,15,5479.0,True,0.5856358109844463,0.8403584346633427,0.5820040497429686,r1_basin_level_performance_rebuilt.csv + r1_basin_level_ct.csv
05413500,IC-CMA-ES,IC-CMA-ES,Base,XAJ-Base,test,selected_restart,True,0.124159245932601,S2,0.6679480426024921,12.0,12.0,15,5479.0,True,0.429278083411886,-0.34300795289935204,0.6877281671115058,r1_basin_level_performance_rebuilt.csv + r1_basin_level_ct.csv
05413500,IC-CMA-ES,IC-CMA-ES,CN,XAJ-CN,test,selected_restart,True,0.124159245932601,S2,0.6393543177089004,10.0,10.0,15,5479.0,True,0.4004352077033342,-0.03907890985109286,0.7048920263314935,r1_basin_level_performance_rebuilt.csv + r1_basin_level_ct.csv
05413500,IC-CMA-ES,IC-CMA-ES,TGD,XAJ-TGD,test,selected_restart,True,0.124159245932601,S2,0.585981611178995,14.0,14.0,15,5479.0,True,0.3310243195605722,-0.7878767681541528,0.7445771457901339,r1_basin_level_performance_rebuilt.csv + r1_basin_level_ct.csv
05413500,dPL-MLP,dPL-MLP,Base,XAJ-Base,test,median_across_seeds,True,0.124159245932601,S2,0.729129752798428,11.0,11.0,15,5479.0,True,0.6547137860511854,-8.907011906664899,0.5349265530165468,r1_basin_level_performance_rebuilt.csv + r1_basin_level_ct.csv
05413500,dPL-MLP,dPL-MLP,CN,XAJ-CN,test,median_across_seeds,True,0.124159245932601,S2,0.7380335396005447,7.0,7.0,15,5479.0,True,0.6321079275051327,4.155406661274421,0.5521597579396318,r1_basin_level_performance_rebuilt.csv + r1_basin_level_ct.csv
05413500,dPL-MLP,dPL-MLP,TGD,XAJ-TGD,test,median_across_seeds,True,0.124159245932601,S2,0.7250964373957907,14.0,14.0,15,5479.0,True,0.6565943810936055,-9.217413172259468,0.5334678302394336,r1_basin_level_performance_rebuilt.csv + r1_basin_level_ct.csv
05414000,IC-CMA-ES,IC-CMA-ES,Base,XAJ-Base,test,selected_restart,True,0.123542293769616,S2,0.4442249331022342,9.0,9.0,15,5479.0,True,-0.20873561030097743,6.9974374161566555,1.2137941046127845,r1_basin_level_performance_rebuilt.csv + r1_basin_level_ct.csv
05414000,IC-CMA-ES,IC-CMA-ES,CN,XAJ-CN,test,selected_restart,True,0.123542293769616,S2,0.4760761776216049,10.0,10.0,15,5479.0,True,-0.13186877698548027,6.697088123577209,1.174565946041483,r1_basin_level_performance_rebuilt.csv + r1_basin_level_ct.csv
05414000,IC-CMA-ES,IC-CMA-ES,TGD,XAJ-TGD,test,selected_restart,True,0.123542293769616,S2,0.35876518398863455,16.0,16.0,15,5479.0,True,-0.3994328621809937,8.285455180393512,1.306036755388481,r1_basin_level_performance_rebuilt.csv + r1_basin_level_ct.csv
05414000,dPL-MLP,dPL-MLP,Base,XAJ-Base,test,median_across_seeds,True,0.123542293769616,S2,0.6065050726086146,12.0,12.0,15,5479.0,True,0.4812894145196238,-3.1469724219048847,0.7951369228389077,r1_basin_level_performance_rebuilt.csv + r1_basin_level_ct.csv
05414000,dPL-MLP,dPL-MLP,CN,XAJ-CN,test,median_across_seeds,True,0.123542293769616,S2,0.6196822947083754,8.0,8.0,15,5479.0,True,0.4718086939933912,4.897271798151845,0.8023705675167805,r1_basin_level_performance_rebuilt.csv + r1_basin_level_ct.csv
05414000,dPL-MLP,dPL-MLP,TGD,XAJ-TGD,test,median_across_seeds,True,0.123542293769616,S2,0.6249858964046888,15.0,15.0,15,5479.0,True,0.4912810872942023,-5.107243012011208,0.7874415141544241,r1_basin_level_performance_rebuilt.csv + r1_basin_level_ct.csv
05444000,IC-CMA-ES,IC-CMA-ES,Base,XAJ-Base,test,selected_restart,True,0.113352332875094,S2,0.6887279398198167,2.0,2.0,15,5479.0,True,0.3730824930873142,2.561966146281099,1.062645705526258,r1_basin_level_performance_rebuilt.csv + r1_basin_level_ct.csv
05444000,IC-CMA-ES,IC-CMA-ES,CN,XAJ-CN,test,selected_restart,True,0.113352332875094,S2,0.6980375316192058,8.0,8.0,15,5479.0,True,0.38345169585016803,2.7531235382723596,1.0538209941069425,r1_basin_level_performance_rebuilt.csv + r1_basin_level_ct.csv
05444000,IC-CMA-ES,IC-CMA-ES,TGD,XAJ-TGD,test,selected_restart,True,0.113352332875094,S2,0.6574304661071257,1.0,1.0,15,5479.0,True,0.30286092971862055,0.6261344711467777,1.1205803535359184,r1_basin_level_performance_rebuilt.csv + r1_basin_level_ct.csv
05444000,dPL-MLP,dPL-MLP,Base,XAJ-Base,test,median_across_seeds,True,0.113352332875094,S2,0.7013025371653121,5.0,5.0,15,5479.0,True,0.5092725947406012,-2.042993015703325,0.9401636345366006,r1_basin_level_performance_rebuilt.csv + r1_basin_level_ct.csv
05444000,dPL-MLP,dPL-MLP,CN,XAJ-CN,test,median_across_seeds,True,0.113352332875094,S2,0.6344585308432373,10.0,10.0,15,5479.0,True,0.4519440956519093,0.955847256377669,0.9935637156743808,r1_basin_level_performance_rebuilt.csv + r1_basin_level_ct.csv
05444000,dPL-MLP,dPL-MLP,TGD,XAJ-TGD,test,median_across_seeds,True,0.113352332875094,S2,0.7173417430428976,6.0,6.0,15,5479.0,True,0.5185940875056174,-3.093625754763121,0.9311914987218808,r1_basin_level_performance_rebuilt.csv + r1_basin_level_ct.csv
05454000,IC-CMA-ES,IC-CMA-ES,Base,XAJ-Base,test,selected_restart,True,0.102381239516297,S2,0.6286578780700418,-3.0,3.0,15,5479.0,True,0.251862810477272,-1.6082274887827455,1.6383215467649017,r1_basin_level_performance_rebuilt.csv + r1_basin_level_ct.csv
05454000,IC-CMA-ES,IC-CMA-ES,CN,XAJ-CN,test,selected_restart,True,0.102381239516297,S2,0.6056295955849506,1.0,1.0,15,5479.0,True,0.28011598065648635,-2.2709319314559626,1.6070884782251968,r1_basin_level_performance_rebuilt.csv + r1_basin_level_ct.csv
05454000,IC-CMA-ES,IC-CMA-ES,TGD,XAJ-TGD,test,selected_restart,True,0.102381239516297,S2,0.6601765097601133,2.0,2.0,15,5479.0,True,0.2967291381500641,-4.128373817063072,1.5884364089332048,r1_basin_level_performance_rebuilt.csv + r1_basin_level_ct.csv
05454000,dPL-MLP,dPL-MLP,Base,XAJ-Base,test,median_across_seeds,True,0.102381239516297,S2,0.6872922296610313,1.0,1.0,15,5479.0,True,0.45751180991271145,-16.543671020234566,1.395094623911106,r1_basin_level_performance_rebuilt.csv + r1_basin_level_ct.csv
05454000,dPL-MLP,dPL-MLP,CN,XAJ-CN,test,median_across_seeds,True,0.102381239516297,S2,0.6761955106837542,6.0,6.0,15,5479.0,True,0.46840707701337236,-18.074984958738685,1.3810141117817776,r1_basin_level_performance_rebuilt.csv + r1_basin_level_ct.csv
05454000,dPL-MLP,dPL-MLP,TGD,XAJ-TGD,test,median_across_seeds,True,0.102381239516297,S2,0.6950853149616525,2.0,2.0,15,5479.0,True,0.49354990105710006,-17.14527554771237,1.3479595230200827,r1_basin_level_performance_rebuilt.csv + r1_basin_level_ct.csv
05458000,IC-CMA-ES,IC-CMA-ES,Base,XAJ-Base,test,selected_restart,True,0.122540965691067,S2,0.766747933842114,14.0,14.0,15,5479.0,True,0.5223923052720825,0.4747779025036816,1.2283888206692952,r1_basin_level_performance_rebuilt.csv + r1_basin_level_ct.csv
05458000,IC-CMA-ES,IC-CMA-ES,CN,XAJ-CN,test,selected_restart,True,0.122540965691067,S2,0.8210382658601257,14.0,14.0,15,5479.0,True,0.6362452231100741,1.04052666010066,1.0720241041340528,r1_basin_level_performance_rebuilt.csv + r1_basin_level_ct.csv
05458000,IC-CMA-ES,IC-CMA-ES,TGD,XAJ-TGD,test,selected_restart,True,0.122540965691067,S2,0.7522465916283249,18.0,18.0,15,5479.0,True,0.4873481094651918,-0.7501002630042494,1.2726573189996782,r1_basin_level_performance_rebuilt.csv + r1_basin_level_ct.csv
05458000,dPL-MLP,dPL-MLP,Base,XAJ-Base,test,median_across_seeds,True,0.122540965691067,S2,0.6997768007404603,17.0,17.0,15,5479.0,True,0.5797208589219507,-10.922136686190116,1.1523094295981928,r1_basin_level_performance_rebuilt.csv + r1_basin_level_ct.csv
05458000,dPL-MLP,dPL-MLP,CN,XAJ-CN,test,median_across_seeds,True,0.122540965691067,S2,0.7639641818737385,19.0,19.0,15,5479.0,True,0.6864986899942491,-10.494506412869722,0.9952217937022092,r1_basin_level_performance_rebuilt.csv + r1_basin_level_ct.csv
05458000,dPL-MLP,dPL-MLP,TGD,XAJ-TGD,test,median_across_seeds,True,0.122540965691067,S2,0.7209844703246165,10.0,10.0,15,5479.0,True,0.5911004247252616,-6.960646521527269,1.1366022921575822,r1_basin_level_performance_rebuilt.csv + r1_basin_level_ct.csv
05466500,IC-CMA-ES,IC-CMA-ES,Base,XAJ-Base,test,selected_restart,True,0.107102802145215,S2,0.8246970646021092,3.0,3.0,15,5479.0,True,0.6693679533516677,-6.485117996716707,0.7968756125406417,r1_basin_level_performance_rebuilt.csv + r1_basin_level_ct.csv
05466500,IC-CMA-ES,IC-CMA-ES,CN,XAJ-CN,test,selected_restart,True,0.107102802145215,S2,0.8238166708824586,5.0,5.0,15,5479.0,True,0.6699941179572547,-6.841722210346827,0.7961206769896848,r1_basin_level_performance_rebuilt.csv + r1_basin_level_ct.csv
05466500,IC-CMA-ES,IC-CMA-ES,TGD,XAJ-TGD,test,selected_restart,True,0.107102802145215,S2,0.8229186282131662,4.0,4.0,15,5479.0,True,0.6661186350502405,-6.771967848732766,0.8007817250185093,r1_basin_level_performance_rebuilt.csv + r1_basin_level_ct.csv
05466500,dPL-MLP,dPL-MLP,Base,XAJ-Base,test,median_across_seeds,True,0.107102802145215,S2,0.7659923689745963,4.0,4.0,15,5479.0,True,0.6313895730782852,-14.552109046023267,0.8413987669199507,r1_basin_level_performance_rebuilt.csv + r1_basin_level_ct.csv
05466500,dPL-MLP,dPL-MLP,CN,XAJ-CN,test,median_across_seeds,True,0.107102802145215,S2,0.7460680508521319,5.0,5.0,15,5479.0,True,0.5545170743538005,-13.098892032358277,0.9249826672491341,r1_basin_level_performance_rebuilt.csv + r1_basin_level_ct.csv
05466500,dPL-MLP,dPL-MLP,TGD,XAJ-TGD,test,median_across_seeds,True,0.107102802145215,S2,0.7679324251491912,5.0,5.0,15,5479.0,True,0.6201369818316338,-14.186598057072512,0.8541449361834934,r1_basin_level_performance_rebuilt.csv + r1_basin_level_ct.csv
05487980,IC-CMA-ES,IC-CMA-ES,Base,XAJ-Base,test,selected_restart,True,0.0964519167641938,S2,0.7151759095979315,2.0,2.0,15,5479.0,True,0.5284391149528296,13.808015461929289,1.5395615219058985,r1_basin_level_performance_rebuilt.csv + r1_basin_level_ct.csv
05487980,IC-CMA-ES,IC-CMA-ES,CN,XAJ-CN,test,selected_restart,True,0.0964519167641938,S2,0.7084811768530879,3.0,3.0,15,5479.0,True,0.6044438717843537,14.082435850372335,1.4100425550693574,r1_basin_level_performance_rebuilt.csv + r1_basin_level_ct.csv
05487980,IC-CMA-ES,IC-CMA-ES,TGD,XAJ-TGD,test,selected_restart,True,0.0964519167641938,S2,0.7308956239506418,3.0,3.0,15,5479.0,True,0.5962742782730281,14.599166619222546,1.4245292497699298,r1_basin_level_performance_rebuilt.csv + r1_basin_level_ct.csv
05487980,dPL-MLP,dPL-MLP,Base,XAJ-Base,test,median_across_seeds,True,0.0964519167641938,S2,0.7896827218995378,3.0,3.0,15,5479.0,True,0.6188988214154849,7.825085835800494,1.3840389335020487,r1_basin_level_performance_rebuilt.csv + r1_basin_level_ct.csv
05487980,dPL-MLP,dPL-MLP,CN,XAJ-CN,test,median_across_seeds,True,0.0964519167641938,S2,0.802024716954329,4.0,4.0,15,5479.0,True,0.6598086193728945,9.393088535154758,1.3076448691917493,r1_basin_level_performance_rebuilt.csv + r1_basin_level_ct.csv
05487980,dPL-MLP,dPL-MLP,TGD,XAJ-TGD,test,median_across_seeds,True,0.0964519167641938,S2,0.7833245725041974,4.0,4.0,15,5479.0,True,0.6457673188461532,12.3375744697014,1.334358339873385,r1_basin_level_performance_rebuilt.csv + r1_basin_level_ct.csv
05488200,IC-CMA-ES,IC-CMA-ES,Base,XAJ-Base,test,selected_restart,True,0.10182137585369,S2,0.7307994235833202,5.0,5.0,15,5479.0,True,0.4436387492913866,-2.155624701297161,2.0696833749106127,r1_basin_level_performance_rebuilt.csv + r1_basin_level_ct.csv
05488200,IC-CMA-ES,IC-CMA-ES,CN,XAJ-CN,test,selected_restart,True,0.10182137585369,S2,0.7612623793422397,5.0,5.0,15,5479.0,True,0.5147391224356599,-2.8561831143017695,1.93291658917363,r1_basin_level_performance_rebuilt.csv + r1_basin_level_ct.csv
05488200,IC-CMA-ES,IC-CMA-ES,TGD,XAJ-TGD,test,selected_restart,True,0.10182137585369,S2,0.7491995346636882,2.0,2.0,15,5479.0,True,0.5028242542435217,-3.0873514391674894,1.9565026509456755,r1_basin_level_performance_rebuilt.csv + r1_basin_level_ct.csv
05488200,dPL-MLP,dPL-MLP,Base,XAJ-Base,test,median_across_seeds,True,0.10182137585369,S2,0.6345060808050849,9.0,9.0,15,5479.0,True,0.5481426962820592,-15.423264740607252,1.8652030932349846,r1_basin_level_performance_rebuilt.csv + r1_basin_level_ct.csv
05488200,dPL-MLP,dPL-MLP,CN,XAJ-CN,test,median_across_seeds,True,0.10182137585369,S2,0.7068458287327204,10.0,10.0,15,5479.0,True,0.6137940850608603,-14.810304701935024,1.7243877708352726,r1_basin_level_performance_rebuilt.csv + r1_basin_level_ct.csv
05488200,dPL-MLP,dPL-MLP,TGD,XAJ-TGD,test,median_across_seeds,True,0.10182137585369,S2,0.6364521020709695,8.0,8.0,15,5479.0,True,0.568700552994734,-16.769462643818855,1.8222792267306864,r1_basin_level_performance_rebuilt.csv + r1_basin_level_ct.csv
05489000,IC-CMA-ES,IC-CMA-ES,Base,XAJ-Base,test,selected_restart,True,0.0977424681708028,S2,0.6299070198920692,7.0,7.0,15,5479.0,True,0.3197631488988505,10.880672929271991,2.1035347673990556,r1_basin_level_performance_rebuilt.csv + r1_basin_level_ct.csv
05489000,IC-CMA-ES,IC-CMA-ES,CN,XAJ-CN,test,selected_restart,True,0.0977424681708028,S2,0.6426604537406913,1.0,1.0,15,5479.0,True,0.3698279728861231,9.735559316117433,2.0246463610651513,r1_basin_level_performance_rebuilt.csv + r1_basin_level_ct.csv
05489000,IC-CMA-ES,IC-CMA-ES,TGD,XAJ-TGD,test,selected_restart,True,0.0977424681708028,S2,0.6507719222520527,7.0,7.0,15,5479.0,True,0.37472735782713174,11.473530084703373,2.0167605163645748,r1_basin_level_performance_rebuilt.csv + r1_basin_level_ct.csv
05489000,dPL-MLP,dPL-MLP,Base,XAJ-Base,test,median_across_seeds,True,0.0977424681708028,S2,0.7746609058121224,3.0,3.0,15,5479.0,True,0.5503792726895427,-0.8185185867786455,1.710183761965241,r1_basin_level_performance_rebuilt.csv + r1_basin_level_ct.csv
05489000,dPL-MLP,dPL-MLP,CN,XAJ-CN,test,median_across_seeds,True,0.0977424681708028,S2,0.7764346265296004,8.0,8.0,15,5479.0,True,0.5451995768977901,3.7993827050986937,1.7200063357175759,r1_basin_level_performance_rebuilt.csv + r1_basin_level_ct.csv
05489000,dPL-MLP,dPL-MLP,TGD,XAJ-TGD,test,median_across_seeds,True,0.0977424681708028,S2,0.7901134755758518,7.0,7.0,15,5479.0,True,0.576550044572158,1.410768683602908,1.6596658672842204,r1_basin_level_performance_rebuilt.csv + r1_basin_level_ct.csv
05495000,IC-CMA-ES,IC-CMA-ES,Base,XAJ-Base,test,selected_restart,True,0.0965623589589288,S2,0.8338512562577651,1.0,1.0,15,5479.0,True,0.7366000765711953,8.650176474899176,1.2985267228159414,r1_basin_level_performance_rebuilt.csv + r1_basin_level_ct.csv
05495000,IC-CMA-ES,IC-CMA-ES,CN,XAJ-CN,test,selected_restart,True,0.0965623589589288,S2,0.8275815078244505,2.0,2.0,15,5479.0,True,0.723774846623545,8.890912473525379,1.329764335916344,r1_basin_level_performance_rebuilt.csv + r1_basin_level_ct.csv
05495000,IC-CMA-ES,IC-CMA-ES,TGD,XAJ-TGD,test,selected_restart,True,0.0965623589589288,S2,0.8389508496860686,0.0,0.0,15,5479.0,True,0.753769328530547,9.912067487593337,1.2554925617959691,r1_basin_level_performance_rebuilt.csv + r1_basin_level_ct.csv
05495000,dPL-MLP,dPL-MLP,Base,XAJ-Base,test,median_across_seeds,True,0.0965623589589288,S2,0.879744137544222,0.0,0.0,15,5479.0,True,0.7734868742870582,3.225701287395686,1.2041754141255834,r1_basin_level_performance_rebuilt.csv + r1_basin_level_ct.csv
05495000,dPL-MLP,dPL-MLP,CN,XAJ-CN,test,median_across_seeds,True,0.0965623589589288,S2,0.8599722057614545,1.0,1.0,15,5479.0,True,0.7370394841901168,5.648953120472227,1.2974431600529337,r1_basin_level_performance_rebuilt.csv + r1_basin_level_ct.csv
05495000,dPL-MLP,dPL-MLP,TGD,XAJ-TGD,test,median_across_seeds,True,0.0965623589589288,S2,0.8737773337891164,1.0,1.0,15,5479.0,True,0.7767459126292497,4.6207396595569605,1.1954812768091234,r1_basin_level_performance_rebuilt.csv + r1_basin_level_ct.csv
05495500,IC-CMA-ES,IC-CMA-ES,Base,XAJ-Base,test,selected_restart,True,0.0758324970984556,S2,0.8198844643939984,1.0,1.0,15,5479.0,True,0.6889092100764562,2.169220660070085,1.5367386188663898,r1_basin_level_performance_rebuilt.csv + r1_basin_level_ct.csv
05495500,IC-CMA-ES,IC-CMA-ES,CN,XAJ-CN,test,selected_restart,True,0.0758324970984556,S2,0.8387952642720143,2.0,2.0,15,5479.0,True,0.7134094281646417,3.0689437587234694,1.4749842335768555,r1_basin_level_performance_rebuilt.csv + r1_basin_level_ct.csv
05495500,IC-CMA-ES,IC-CMA-ES,TGD,XAJ-TGD,test,selected_restart,True,0.0758324970984556,S2,0.8423628245147585,1.0,1.0,15,5479.0,True,0.7215391101779884,2.479419674083667,1.4539133752791833,r1_basin_level_performance_rebuilt.csv + r1_basin_level_ct.csv
05495500,dPL-MLP,dPL-MLP,Base,XAJ-Base,test,median_across_seeds,True,0.0758324970984556,S2,0.7929626490350911,0.0,0.0,15,5479.0,True,0.7096492929970108,-0.6135811605087761,1.4846287706593493,r1_basin_level_performance_rebuilt.csv + r1_basin_level_ct.csv
05495500,dPL-MLP,dPL-MLP,CN,XAJ-CN,test,median_across_seeds,True,0.0758324970984556,S2,0.7960109018712682,1.0,1.0,15,5479.0,True,0.7267188559362049,1.6076913381370797,1.440327531290903,r1_basin_level_performance_rebuilt.csv + r1_basin_level_ct.csv
05495500,dPL-MLP,dPL-MLP,TGD,XAJ-TGD,test,median_across_seeds,True,0.0758324970984556,S2,0.8212484136505995,1.0,1.0,15,5479.0,True,0.7305299312076446,2.6461138413128173,1.4302491396087018,r1_basin_level_performance_rebuilt.csv + r1_basin_level_ct.csv
05501000,IC-CMA-ES,IC-CMA-ES,Base,XAJ-Base,test,selected_restart,True,0.0805965933083467,S2,0.6611423350347496,-1.0,1.0,15,5479.0,True,0.6496357175938106,23.892687378484165,1.6442120721564444,r1_basin_level_performance_rebuilt.csv + r1_basin_level_ct.csv
05501000,IC-CMA-ES,IC-CMA-ES,CN,XAJ-CN,test,selected_restart,True,0.0805965933083467,S2,0.6415628907132223,1.0,1.0,15,5479.0,True,0.6131836504145557,24.481339195754277,1.727628383985075,r1_basin_level_performance_rebuilt.csv + r1_basin_level_ct.csv
05501000,IC-CMA-ES,IC-CMA-ES,TGD,XAJ-TGD,test,selected_restart,True,0.0805965933083467,S2,0.6673372236039332,1.0,1.0,15,5479.0,True,0.6520747622870289,21.97142259402427,1.6384790241240548,r1_basin_level_performance_rebuilt.csv + r1_basin_level_ct.csv
05501000,dPL-MLP,dPL-MLP,Base,XAJ-Base,test,median_across_seeds,True,0.0805965933083467,S2,0.7492726037454747,2.0,2.0,15,5479.0,True,0.6893562025369098,17.297712467445457,1.5482078418645837,r1_basin_level_performance_rebuilt.csv + r1_basin_level_ct.csv
05501000,dPL-MLP,dPL-MLP,CN,XAJ-CN,test,median_across_seeds,True,0.0805965933083467,S2,0.6854025556689907,1.0,1.0,15,5479.0,True,0.609350515692728,20.820419686274917,1.7361672002456947,r1_basin_level_performance_rebuilt.csv + r1_basin_level_ct.csv
05501000,dPL-MLP,dPL-MLP,TGD,XAJ-TGD,test,median_across_seeds,True,0.0805965933083467,S2,0.7141080136401885,1.0,1.0,15,5479.0,True,0.6719398968589005,18.428250830855397,1.5910162967194192,r1_basin_level_performance_rebuilt.csv + r1_basin_level_ct.csv
05503800,IC-CMA-ES,IC-CMA-ES,Base,XAJ-Base,test,selected_restart,True,0.0832843857982754,S2,0.703628211219066,-3.0,3.0,15,5479.0,True,0.5971843845275242,21.6828763977166,2.0698402043362996,r1_basin_level_performance_rebuilt.csv + r1_basin_level_ct.csv
05503800,IC-CMA-ES,IC-CMA-ES,CN,XAJ-CN,test,selected_restart,True,0.0832843857982754,S2,0.6768080937230903,0.0,0.0,15,5479.0,True,0.5431484961285599,23.232782524972887,2.2043025285021085,r1_basin_level_performance_rebuilt.csv + r1_basin_level_ct.csv
05503800,IC-CMA-ES,IC-CMA-ES,TGD,XAJ-TGD,test,selected_restart,True,0.0832843857982754,S2,0.7009586796506841,-1.0,1.0,15,5479.0,True,0.6239409709793682,23.541212403228556,1.9999156530492705,r1_basin_level_performance_rebuilt.csv + r1_basin_level_ct.csv
05503800,dPL-MLP,dPL-MLP,Base,XAJ-Base,test,median_across_seeds,True,0.0832843857982754,S2,0.7283235204533636,-1.0,1.0,15,5479.0,True,0.5774606007460644,18.144139280972134,2.1199092733615066,r1_basin_level_performance_rebuilt.csv + r1_basin_level_ct.csv
05503800,dPL-MLP,dPL-MLP,CN,XAJ-CN,test,median_across_seeds,True,0.0832843857982754,S2,0.7039694011730881,-1.0,1.0,15,5479.0,True,0.522830042086703,18.327990041878508,2.252787439106648,r1_basin_level_performance_rebuilt.csv + r1_basin_level_ct.csv
05503800,dPL-MLP,dPL-MLP,TGD,XAJ-TGD,test,median_across_seeds,True,0.0832843857982754,S2,0.742658768622282,-1.0,1.0,15,5479.0,True,0.5832782757268365,16.873897111773818,2.1052648531646616,r1_basin_level_performance_rebuilt.csv + r1_basin_level_ct.csv
05507600,IC-CMA-ES,IC-CMA-ES,Base,XAJ-Base,test,selected_restart,True,0.0742633892998097,S2,0.7410814818125281,0.0,0.0,15,5479.0,True,0.6847301652460722,-9.835899604883343,2.1401129077160737,r1_basin_level_performance_rebuilt.csv + r1_basin_level_ct.csv
05507600,IC-CMA-ES,IC-CMA-ES,CN,XAJ-CN,test,selected_restart,True,0.0742633892998097,S2,0.7343215148344323,0.0,0.0,15,5479.0,True,0.6652462268257509,-10.25955618198057,2.205251962587946,r1_basin_level_performance_rebuilt.csv + r1_basin_level_ct.csv
05507600,IC-CMA-ES,IC-CMA-ES,TGD,XAJ-TGD,test,selected_restart,True,0.0742633892998097,S2,0.7999680310459673,0.0,0.0,15,5479.0,True,0.7333366501568672,-8.22677658845536,1.968235868782566,r1_basin_level_performance_rebuilt.csv + r1_basin_level_ct.csv
05507600,dPL-MLP,dPL-MLP,Base,XAJ-Base,test,median_across_seeds,True,0.0742633892998097,S2,0.7193482737268216,0.0,0.0,15,5479.0,True,0.6878862762215194,-9.50164442708954,2.1293738159927083,r1_basin_level_performance_rebuilt.csv + r1_basin_level_ct.csv
05507600,dPL-MLP,dPL-MLP,CN,XAJ-CN,test,median_across_seeds,True,0.0742633892998097,S2,0.6922535702940693,0.0,0.0,15,5479.0,True,0.6717757068349418,-10.164724167866275,2.1836389771378175,r1_basin_level_performance_rebuilt.csv + r1_basin_level_ct.csv
05507600,dPL-MLP,dPL-MLP,TGD,XAJ-TGD,test,median_across_seeds,True,0.0742633892998097,S2,0.7270426031141608,0.0,0.0,15,5479.0,True,0.7009375858552357,-10.219269463730495,2.0843775850769912,r1_basin_level_performance_rebuilt.csv + r1_basin_level_ct.csv
05508805,IC-CMA-ES,IC-CMA-ES,Base,XAJ-Base,test,selected_restart,True,0.075793058486455,S2,0.8242106280028423,0.0,0.0,15,5479.0,True,0.7036170761878255,6.118459141112493,1.5796972129276872,r1_basin_level_performance_rebuilt.csv + r1_basin_level_ct.csv
05508805,IC-CMA-ES,IC-CMA-ES,CN,XAJ-CN,test,selected_restart,True,0.075793058486455,S2,0.8136204560122228,0.0,0.0,15,5479.0,True,0.6574434999804952,7.91075100140167,1.6982959317112807,r1_basin_level_performance_rebuilt.csv + r1_basin_level_ct.csv
05508805,IC-CMA-ES,IC-CMA-ES,TGD,XAJ-TGD,test,selected_restart,True,0.075793058486455,S2,0.841497023058122,0.0,0.0,15,5479.0,True,0.7106617641470396,6.7295584316508625,1.5608104981071609,r1_basin_level_performance_rebuilt.csv + r1_basin_level_ct.csv
05508805,dPL-MLP,dPL-MLP,Base,XAJ-Base,test,median_across_seeds,True,0.075793058486455,S2,0.8375422211504298,1.0,1.0,15,5479.0,True,0.6963739535015809,6.143419011098191,1.598883332481023,r1_basin_level_performance_rebuilt.csv + r1_basin_level_ct.csv
05508805,dPL-MLP,dPL-MLP,CN,XAJ-CN,test,median_across_seeds,True,0.075793058486455,S2,0.8215251519788775,1.0,1.0,15,5479.0,True,0.6622398763974136,5.243768204198761,1.6863644966776787,r1_basin_level_performance_rebuilt.csv + r1_basin_level_ct.csv
05508805,dPL-MLP,dPL-MLP,TGD,XAJ-TGD,test,median_across_seeds,True,0.075793058486455,S2,0.8257934942224003,0.0,0.0,15,5479.0,True,0.7022834418409301,8.388725345398244,1.5832473058747822,r1_basin_level_performance_rebuilt.csv + r1_basin_level_ct.csv
05525500,IC-CMA-ES,IC-CMA-ES,Base,XAJ-Base,test,selected_restart,True,0.0775662992910571,S2,0.8475860182682985,-3.0,3.0,15,5479.0,True,0.7626617503693897,7.17921548294311,0.9507514486102463,r1_basin_level_performance_rebuilt.csv + r1_basin_level_ct.csv
05525500,IC-CMA-ES,IC-CMA-ES,CN,XAJ-CN,test,selected_restart,True,0.0775662992910571,S2,0.8514412957868331,1.0,1.0,15,5479.0,True,0.7684887137592613,4.0695392785263715,0.9390078267058697,r1_basin_level_performance_rebuilt.csv + r1_basin_level_ct.csv
05525500,IC-CMA-ES,IC-CMA-ES,TGD,XAJ-TGD,test,selected_restart,True,0.0775662992910571,S2,0.8367736144793199,-6.0,6.0,15,5479.0,True,0.7155502290904305,5.786827039096675,1.0408446695283624,r1_basin_level_performance_rebuilt.csv + r1_basin_level_ct.csv
05525500,dPL-MLP,dPL-MLP,Base,XAJ-Base,test,median_across_seeds,True,0.0775662992910571,S2,0.8508911996196422,-3.0,3.0,15,5479.0,True,0.7606480190598695,4.663572529503527,0.954776324526875,r1_basin_level_performance_rebuilt.csv + r1_basin_level_ct.csv
05525500,dPL-MLP,dPL-MLP,CN,XAJ-CN,test,median_across_seeds,True,0.0775662992910571,S2,0.8515237035040976,4.0,4.0,15,5479.0,True,0.7738814418955507,5.200170917070289,0.928006956861966,r1_basin_level_performance_rebuilt.csv + r1_basin_level_ct.csv
05525500,dPL-MLP,dPL-MLP,TGD,XAJ-TGD,test,median_across_seeds,True,0.0775662992910571,S2,0.8712372103374153,-4.0,4.0,15,5479.0,True,0.7717688814896312,3.8837325109528513,0.9323319291419895,r1_basin_level_performance_rebuilt.csv + r1_basin_level_ct.csv
05556500,IC-CMA-ES,IC-CMA-ES,Base,XAJ-Base,test,selected_restart,True,0.106987814559373,S2,0.7949864537413945,0.0,0.0,15,5479.0,True,0.6862924018423395,-1.2452392450306942,1.0427378435570753,r1_basin_level_performance_rebuilt.csv + r1_basin_level_ct.csv
05556500,IC-CMA-ES,IC-CMA-ES,CN,XAJ-CN,test,selected_restart,True,0.106987814559373,S2,0.7964054588618136,2.0,2.0,15,5479.0,True,0.6502076128909292,-1.945844307942329,1.1010772594659608,r1_basin_level_performance_rebuilt.csv + r1_basin_level_ct.csv
05556500,IC-CMA-ES,IC-CMA-ES,TGD,XAJ-TGD,test,selected_restart,True,0.106987814559373,S2,0.7696709627499757,-2.0,2.0,15,5479.0,True,0.6632085824969742,-1.1640879398924922,1.0804212676840454,r1_basin_level_performance_rebuilt.csv + r1_basin_level_ct.csv
05556500,dPL-MLP,dPL-MLP,Base,XAJ-Base,test,median_across_seeds,True,0.106987814559373,S2,0.6742711303623841,1.0,1.0,15,5479.0,True,0.6861690293097178,-12.170373548474688,1.0429428633967452,r1_basin_level_performance_rebuilt.csv + r1_basin_level_ct.csv
05556500,dPL-MLP,dPL-MLP,CN,XAJ-CN,test,median_across_seeds,True,0.106987814559373,S2,0.6513054271013291,6.0,6.0,15,5479.0,True,0.5740178576269916,-13.55734371102486,1.2150896268249776,r1_basin_level_performance_rebuilt.csv + r1_basin_level_ct.csv
05556500,dPL-MLP,dPL-MLP,TGD,XAJ-TGD,test,median_across_seeds,True,0.106987814559373,S2,0.6844066292157227,2.0,2.0,15,5479.0,True,0.674944573136768,-12.447876270208337,1.0614299239909013,r1_basin_level_performance_rebuilt.csv + r1_basin_level_ct.csv
05584500,IC-CMA-ES,IC-CMA-ES,Base,XAJ-Base,test,selected_restart,True,0.0864765586667042,S2,0.7585430475679321,0.0,0.0,15,5479.0,True,0.7292620358074586,-17.479211692841975,0.9995795831215711,r1_basin_level_performance_rebuilt.csv + r1_basin_level_ct.csv
05584500,IC-CMA-ES,IC-CMA-ES,CN,XAJ-CN,test,selected_restart,True,0.0864765586667042,S2,0.7629484286330575,0.0,0.0,15,5479.0,True,0.7220663782846042,-16.167948898151003,1.012775859029721,r1_basin_level_performance_rebuilt.csv + r1_basin_level_ct.csv
05584500,IC-CMA-ES,IC-CMA-ES,TGD,XAJ-TGD,test,selected_restart,True,0.0864765586667042,S2,0.7712111277194349,0.0,0.0,15,5479.0,True,0.7306202401613839,-16.555321283735342,0.997069147742448,r1_basin_level_performance_rebuilt.csv + r1_basin_level_ct.csv
05584500,dPL-MLP,dPL-MLP,Base,XAJ-Base,test,median_across_seeds,True,0.0864765586667042,S2,0.7022738114121092,0.0,0.0,15,5479.0,True,0.7107701439443979,-22.840228180139093,1.0331523268323723,r1_basin_level_performance_rebuilt.csv + r1_basin_level_ct.csv
05584500,dPL-MLP,dPL-MLP,CN,XAJ-CN,test,median_across_seeds,True,0.0864765586667042,S2,0.7214111982260767,0.0,0.0,15,5479.0,True,0.7477543674373619,-20.920882668568435,0.9648385007797273,r1_basin_level_performance_rebuilt.csv + r1_basin_level_ct.csv
05584500,dPL-MLP,dPL-MLP,TGD,XAJ-TGD,test,median_across_seeds,True,0.0864765586667042,S2,0.6850553987788943,0.0,0.0,15,5479.0,True,0.7204278076820354,-23.829945170531083,1.0157569053692448,r1_basin_level_performance_rebuilt.csv + r1_basin_level_ct.csv
05591550,IC-CMA-ES,IC-CMA-ES,Base,XAJ-Base,test,selected_restart,True,0.0692516054963585,S2,0.643316521161316,1.0,1.0,15,5479.0,True,0.6961089061824878,-17.71330370225216,1.389167414436557,r1_basin_level_performance_rebuilt.csv + r1_basin_level_ct.csv
05591550,IC-CMA-ES,IC-CMA-ES,CN,XAJ-CN,test,selected_restart,True,0.0692516054963585,S2,0.6470130299412504,1.0,1.0,15,5479.0,True,0.7025720465422194,-17.13336735851402,1.3743156523840547,r1_basin_level_performance_rebuilt.csv + r1_basin_level_ct.csv
05591550,IC-CMA-ES,IC-CMA-ES,TGD,XAJ-TGD,test,selected_restart,True,0.0692516054963585,S2,0.6572096172129027,0.0,0.0,15,5479.0,True,0.6892040429006212,-18.799184812467335,1.4048607588352164,r1_basin_level_performance_rebuilt.csv + r1_basin_level_ct.csv
05591550,dPL-MLP,dPL-MLP,Base,XAJ-Base,test,median_across_seeds,True,0.0692516054963585,S2,0.6803250490650343,2.0,2.0,15,5479.0,True,0.7159047490135871,-10.889203788360323,1.3431595007715067,r1_basin_level_performance_rebuilt.csv + r1_basin_level_ct.csv
05591550,dPL-MLP,dPL-MLP,CN,XAJ-CN,test,median_across_seeds,True,0.0692516054963585,S2,0.6840408446109782,3.0,3.0,15,5479.0,True,0.7033978613636143,-9.54974666502127,1.3724064183886533,r1_basin_level_performance_rebuilt.csv + r1_basin_level_ct.csv
05591550,dPL-MLP,dPL-MLP,TGD,XAJ-TGD,test,median_across_seeds,True,0.0692516054963585,S2,0.6726147129384544,1.0,1.0,15,5479.0,True,0.704780578429688,-11.166536323543678,1.3692036994218377,r1_basin_level_performance_rebuilt.csv + r1_basin_level_ct.csv
05592050,IC-CMA-ES,IC-CMA-ES,Base,XAJ-Base,test,selected_restart,True,0.0740889287495313,S2,0.6998894197554625,-4.0,4.0,15,5479.0,True,0.5505635311390269,13.549831807123137,1.665803754020237,r1_basin_level_performance_rebuilt.csv + r1_basin_level_ct.csv
05592050,IC-CMA-ES,IC-CMA-ES,CN,XAJ-CN,test,selected_restart,True,0.0740889287495313,S2,0.6898454805659842,0.0,0.0,15,5479.0,True,0.5963755737805331,15.518684865974091,1.5786229124037194,r1_basin_level_performance_rebuilt.csv + r1_basin_level_ct.csv
05592050,IC-CMA-ES,IC-CMA-ES,TGD,XAJ-TGD,test,selected_restart,True,0.0740889287495313,S2,0.6807996454954357,-1.0,1.0,15,5479.0,True,0.5546049567502476,13.826737108814212,1.6582972150145703,r1_basin_level_performance_rebuilt.csv + r1_basin_level_ct.csv
05592050,dPL-MLP,dPL-MLP,Base,XAJ-Base,test,median_across_seeds,True,0.0740889287495313,S2,0.8134760696070741,-1.0,1.0,15,5479.0,True,0.6475049424035834,-3.4994190733680686,1.475251950923266,r1_basin_level_performance_rebuilt.csv + r1_basin_level_ct.csv
05592050,dPL-MLP,dPL-MLP,CN,XAJ-CN,test,median_across_seeds,True,0.0740889287495313,S2,0.7828894350365421,-1.0,1.0,15,5479.0,True,0.6203557364290682,0.7024205415310206,1.531010265420111,r1_basin_level_performance_rebuilt.csv + r1_basin_level_ct.csv
05592050,dPL-MLP,dPL-MLP,TGD,XAJ-TGD,test,median_across_seeds,True,0.0740889287495313,S2,0.8069691878098734,-1.0,1.0,15,5479.0,True,0.6398178745044223,-1.5329406347189076,1.491251041226289,r1_basin_level_performance_rebuilt.csv + r1_basin_level_ct.csv
05592575,IC-CMA-ES,IC-CMA-ES,Base,XAJ-Base,test,selected_restart,True,0.0638801924050215,S2,0.6522245321618674,-6.0,6.0,15,5479.0,True,0.5369865843470021,21.269218708985253,2.2007281022717535,r1_basin_level_performance_rebuilt.csv + r1_basin_level_ct.csv
05592575,IC-CMA-ES,IC-CMA-ES,CN,XAJ-CN,test,selected_restart,True,0.0638801924050215,S2,0.6179370987141485,0.0,0.0,15,5479.0,True,0.5719026814920307,26.73984441472699,2.116122747062659,r1_basin_level_performance_rebuilt.csv + r1_basin_level_ct.csv
05592575,IC-CMA-ES,IC-CMA-ES,TGD,XAJ-TGD,test,selected_restart,True,0.0638801924050215,S2,0.6056893881632277,0.0,0.0,15,5479.0,True,0.569796783220019,28.188979194239575,2.1213211821745603,r1_basin_level_performance_rebuilt.csv + r1_basin_level_ct.csv
05592575,dPL-MLP,dPL-MLP,Base,XAJ-Base,test,median_across_seeds,True,0.0638801924050215,S2,0.8022604091406207,0.0,0.0,15,5479.0,True,0.6595457388440364,9.467705905368732,1.8871177039203915,r1_basin_level_performance_rebuilt.csv + r1_basin_level_ct.csv
05592575,dPL-MLP,dPL-MLP,CN,XAJ-CN,test,median_across_seeds,True,0.0638801924050215,S2,0.7079797225482383,0.0,0.0,15,5479.0,True,0.6348964204678912,19.843097995680463,1.9542388704279239,r1_basin_level_performance_rebuilt.csv + r1_basin_level_ct.csv
05592575,dPL-MLP,dPL-MLP,TGD,XAJ-TGD,test,median_across_seeds,True,0.0638801924050215,S2,0.7399664321772356,0.0,0.0,15,5479.0,True,0.662441392249602,18.26664230463424,1.8790753495856793,r1_basin_level_performance_rebuilt.csv + r1_basin_level_ct.csv
05593575,IC-CMA-ES,IC-CMA-ES,Base,XAJ-Base,test,selected_restart,True,0.0547473552431735,S2,0.8846486502403914,-7.0,7.0,15,5479.0,True,0.7755376111003442,2.894926192074759,1.5079953446823582,r1_basin_level_performance_rebuilt.csv + r1_basin_level_ct.csv
05593575,IC-CMA-ES,IC-CMA-ES,CN,XAJ-CN,test,selected_restart,True,0.0547473552431735,S2,0.8111169883844527,-1.0,1.0,15,5479.0,True,0.6452820120294789,0.5751324575702167,1.8957009017402995,r1_basin_level_performance_rebuilt.csv + r1_basin_level_ct.csv
05593575,IC-CMA-ES,IC-CMA-ES,TGD,XAJ-TGD,test,selected_restart,True,0.0547473552431735,S2,0.8472070011313622,-2.0,2.0,15,5479.0,True,0.7308495803608668,2.6625912081754675,1.6512990882795484,r1_basin_level_performance_rebuilt.csv + r1_basin_level_ct.csv
05593575,dPL-MLP,dPL-MLP,Base,XAJ-Base,test,median_across_seeds,True,0.0547473552431735,S2,0.8735395761617777,0.0,0.0,15,5479.0,True,0.760417437976419,3.1388111367904776,1.5579582412954118,r1_basin_level_performance_rebuilt.csv + r1_basin_level_ct.csv
05593575,dPL-MLP,dPL-MLP,CN,XAJ-CN,test,median_across_seeds,True,0.0547473552431735,S2,0.8705824644234712,-1.0,1.0,15,5479.0,True,0.7398901511818166,3.2781503828790752,1.6233292303519289,r1_basin_level_performance_rebuilt.csv + r1_basin_level_ct.csv
05593575,dPL-MLP,dPL-MLP,TGD,XAJ-TGD,test,median_across_seeds,True,0.0547473552431735,S2,0.8380172157138158,-1.0,1.0,15,5479.0,True,0.6942783800346641,2.4186353640936886,1.7599133535559577,r1_basin_level_performance_rebuilt.csv + r1_basin_level_ct.csv
05593900,IC-CMA-ES,IC-CMA-ES,Base,XAJ-Base,test,selected_restart,True,0.0734339258739105,S2,0.8124839851897465,-2.0,2.0,15,5479.0,True,0.6588015705016391,-5.043958922342692,1.9807745795765481,r1_basin_level_performance_rebuilt.csv + r1_basin_level_ct.csv
05593900,IC-CMA-ES,IC-CMA-ES,CN,XAJ-CN,test,selected_restart,True,0.0734339258739105,S2,0.8221834972233614,-1.0,1.0,15,5479.0,True,0.6640358435483218,-3.781938036134091,1.9655224781592597,r1_basin_level_performance_rebuilt.csv + r1_basin_level_ct.csv
05593900,IC-CMA-ES,IC-CMA-ES,TGD,XAJ-TGD,test,selected_restart,True,0.0734339258739105,S2,0.8256975433552931,-1.0,1.0,15,5479.0,True,0.6674430526284871,-4.68294664879522,1.9555303227958754,r1_basin_level_performance_rebuilt.csv + r1_basin_level_ct.csv
05593900,dPL-MLP,dPL-MLP,Base,XAJ-Base,test,median_across_seeds,True,0.0734339258739105,S2,0.77868381437029,0.0,0.0,15,5479.0,True,0.6840890030003355,-10.86120927114587,1.9059605802135442,r1_basin_level_performance_rebuilt.csv + r1_basin_level_ct.csv
05593900,dPL-MLP,dPL-MLP,CN,XAJ-CN,test,median_across_seeds,True,0.0734339258739105,S2,0.775354582770882,0.0,0.0,15,5479.0,True,0.6811465118542053,-9.321304027360757,1.914816355043108,r1_basin_level_performance_rebuilt.csv + r1_basin_level_ct.csv
05593900,dPL-MLP,dPL-MLP,TGD,XAJ-TGD,test,median_across_seeds,True,0.0734339258739105,S2,0.7620648216842657,0.0,0.0,15,5479.0,True,0.6855149816600135,-12.047568798230406,1.9016540934319663,r1_basin_level_performance_rebuilt.csv + r1_basin_level_ct.csv
05595730,IC-CMA-ES,IC-CMA-ES,Base,XAJ-Base,test,selected_restart,True,0.05667164669358,S2,0.7748577402312362,-1.0,1.0,15,5479.0,True,0.7178012347031358,16.90452477136069,2.019068453347384,r1_basin_level_performance_rebuilt.csv + r1_basin_level_ct.csv
05595730,IC-CMA-ES,IC-CMA-ES,CN,XAJ-CN,test,selected_restart,True,0.05667164669358,S2,0.7352583839568088,-6.0,6.0,15,5479.0,True,0.6090951780646834,16.72064027298652,2.3763423204033525,r1_basin_level_performance_rebuilt.csv + r1_basin_level_ct.csv
05595730,IC-CMA-ES,IC-CMA-ES,TGD,XAJ-TGD,test,selected_restart,True,0.05667164669358,S2,0.7749278386360539,-1.0,1.0,15,5479.0,True,0.717863809784236,16.899351210452416,2.0188445856477144,r1_basin_level_performance_rebuilt.csv + r1_basin_level_ct.csv
05595730,dPL-MLP,dPL-MLP,Base,XAJ-Base,test,median_across_seeds,True,0.05667164669358,S2,0.8375685950719711,0.0,0.0,15,5479.0,True,0.7626322198619868,10.994326816322546,1.8517586106208206,r1_basin_level_performance_rebuilt.csv + r1_basin_level_ct.csv
05595730,dPL-MLP,dPL-MLP,CN,XAJ-CN,test,median_across_seeds,True,0.05667164669358,S2,0.8341135440727405,0.0,0.0,15,5479.0,True,0.7527149116947319,10.99702597800482,1.8900463425261311,r1_basin_level_performance_rebuilt.csv + r1_basin_level_ct.csv
05595730,dPL-MLP,dPL-MLP,TGD,XAJ-TGD,test,median_across_seeds,True,0.05667164669358,S2,0.8410888999638384,0.0,0.0,15,5479.0,True,0.7651815475651342,10.112688649155778,1.841787831892477,r1_basin_level_performance_rebuilt.csv + r1_basin_level_ct.csv
06221400,IC-CMA-ES,IC-CMA-ES,Base,XAJ-Base,test,selected_restart,True,0.714826752405444,S5,-0.05614017434923624,-84.0,84.0,15,5479.0,True,0.031947940142034725,-36.5847539143758,2.00927291877837,r1_basin_level_performance_rebuilt.csv + r1_basin_level_ct.csv
06221400,IC-CMA-ES,IC-CMA-ES,CN,XAJ-CN,test,selected_restart,True,0.714826752405444,S5,0.6823813655548969,-18.0,18.0,15,5479.0,True,0.6352228927139004,-20.64608473270938,1.2333983457733126,r1_basin_level_performance_rebuilt.csv + r1_basin_level_ct.csv
06221400,IC-CMA-ES,IC-CMA-ES,TGD,XAJ-TGD,test,selected_restart,True,0.714826752405444,S5,0.35256214000741126,-34.0,34.0,15,5479.0,True,0.40434808937999467,-32.746322966881564,1.5761075291629598,r1_basin_level_performance_rebuilt.csv + r1_basin_level_ct.csv
06221400,dPL-MLP,dPL-MLP,Base,XAJ-Base,test,median_across_seeds,True,0.714826752405444,S5,-0.10527389294529033,-60.0,60.0,15,5479.0,True,-0.03052646791021485,-52.658316776908705,2.0730947385842295,r1_basin_level_performance_rebuilt.csv + r1_basin_level_ct.csv
06221400,dPL-MLP,dPL-MLP,CN,XAJ-CN,test,median_across_seeds,True,0.714826752405444,S5,0.48061692513296694,-12.0,12.0,15,5479.0,True,0.5701391359722161,-39.667096695828256,1.3389166053676593,r1_basin_level_performance_rebuilt.csv + r1_basin_level_ct.csv
06221400,dPL-MLP,dPL-MLP,TGD,XAJ-TGD,test,median_across_seeds,True,0.714826752405444,S5,0.2796147908776403,-28.0,28.0,15,5479.0,True,0.35852863982773464,-45.79053254422747,1.6356041721194055,r1_basin_level_performance_rebuilt.csv + r1_basin_level_ct.csv
06224000,IC-CMA-ES,IC-CMA-ES,Base,XAJ-Base,test,selected_restart,True,0.693901350936104,S5,0.01989746740955234,-66.0,66.0,15,5479.0,True,-0.24484083554975755,-23.21331320365241,2.2884649559750083,r1_basin_level_performance_rebuilt.csv + r1_basin_level_ct.csv
06224000,IC-CMA-ES,IC-CMA-ES,CN,XAJ-CN,test,selected_restart,True,0.693901350936104,S5,0.7394552563122193,-19.0,19.0,15,5479.0,True,0.5709301542278711,-13.218425267250378,1.3435423183535953,r1_basin_level_performance_rebuilt.csv + r1_basin_level_ct.csv
06224000,IC-CMA-ES,IC-CMA-ES,TGD,XAJ-TGD,test,selected_restart,True,0.693901350936104,S5,0.4340886608050647,-30.0,30.0,15,5479.0,True,0.4308011947617907,-27.586898660111544,1.5474596835379457,r1_basin_level_performance_rebuilt.csv + r1_basin_level_ct.csv
06224000,dPL-MLP,dPL-MLP,Base,XAJ-Base,test,median_across_seeds,True,0.693901350936104,S5,-0.04625197747687304,-47.0,47.0,15,5479.0,True,0.054010993301846444,-50.55669391478044,1.9949425702353252,r1_basin_level_performance_rebuilt.csv + r1_basin_level_ct.csv
06224000,dPL-MLP,dPL-MLP,CN,XAJ-CN,test,median_across_seeds,True,0.693901350936104,S5,0.5650979714517643,-17.0,17.0,15,5479.0,True,0.5581827929225287,-33.30006116066984,1.3633540923650638,r1_basin_level_performance_rebuilt.csv + r1_basin_level_ct.csv
06224000,dPL-MLP,dPL-MLP,TGD,XAJ-TGD,test,median_across_seeds,True,0.693901350936104,S5,0.3365200319696757,-24.0,24.0,15,5479.0,True,0.45313757382803055,-44.064403238846,1.5167932788206215,r1_basin_level_performance_rebuilt.csv + r1_basin_level_ct.csv
06278300,IC-CMA-ES,IC-CMA-ES,Base,XAJ-Base,test,selected_restart,True,0.732862235334757,S5,0.10597876452119825,-36.0,36.0,15,5479.0,True,0.19732877621268619,-3.189144763467188,2.667945321472125,r1_basin_level_performance_rebuilt.csv + r1_basin_level_ct.csv
06278300,IC-CMA-ES,IC-CMA-ES,CN,XAJ-CN,test,selected_restart,True,0.732862235334757,S5,0.8053961678138035,1.0,1.0,15,5479.0,True,0.7166405045810457,13.339526915455854,1.5851740827646228,r1_basin_level_performance_rebuilt.csv + r1_basin_level_ct.csv
06278300,IC-CMA-ES,IC-CMA-ES,TGD,XAJ-TGD,test,selected_restart,True,0.732862235334757,S5,0.5488315081222259,-10.0,10.0,15,5479.0,True,0.3104921667296967,4.57541258052306,2.4727355922623904,r1_basin_level_performance_rebuilt.csv + r1_basin_level_ct.csv
06278300,dPL-MLP,dPL-MLP,Base,XAJ-Base,test,median_across_seeds,True,0.732862235334757,S5,0.07273672718292545,-39.0,39.0,15,5479.0,True,0.1690218507366824,-7.262545834324238,2.71458146789937,r1_basin_level_performance_rebuilt.csv + r1_basin_level_ct.csv
06278300,dPL-MLP,dPL-MLP,CN,XAJ-CN,test,median_across_seeds,True,0.732862235334757,S5,0.768602423024602,2.0,2.0,15,5479.0,True,0.6633986570827202,2.898270951857385,1.7276907180166718,r1_basin_level_performance_rebuilt.csv + r1_basin_level_ct.csv
06278300,dPL-MLP,dPL-MLP,TGD,XAJ-TGD,test,median_across_seeds,True,0.732862235334757,S5,0.5239564437474252,-10.0,10.0,15,5479.0,True,0.5898479120749813,-4.108899946342753,1.9071310687060814,r1_basin_level_performance_rebuilt.csv + r1_basin_level_ct.csv
06280300,IC-CMA-ES,IC-CMA-ES,Base,XAJ-Base,test,selected_restart,True,0.666773488915146,S5,0.08683731346350154,-49.0,49.0,15,5479.0,True,0.07971951515327758,-1.2224010943142423,1.7395406700035003,r1_basin_level_performance_rebuilt.csv + r1_basin_level_ct.csv
06280300,IC-CMA-ES,IC-CMA-ES,CN,XAJ-CN,test,selected_restart,True,0.666773488915146,S5,0.8563557214182203,-9.0,9.0,15,5479.0,True,0.7430207750857534,6.346427862536406,0.9192285151487571,r1_basin_level_performance_rebuilt.csv + r1_basin_level_ct.csv
06280300,IC-CMA-ES,IC-CMA-ES,TGD,XAJ-TGD,test,selected_restart,True,0.666773488915146,S5,0.7017757006623768,-22.0,22.0,15,5479.0,True,0.48571496034689776,2.170034410955142,1.3003983989069385,r1_basin_level_performance_rebuilt.csv + r1_basin_level_ct.csv
06280300,dPL-MLP,dPL-MLP,Base,XAJ-Base,test,median_across_seeds,True,0.666773488915146,S5,0.07527901405996784,-50.0,50.0,15,5479.0,True,0.052041867739095804,-8.225938535426108,1.7655054351480495,r1_basin_level_performance_rebuilt.csv + r1_basin_level_ct.csv
06280300,dPL-MLP,dPL-MLP,CN,XAJ-CN,test,median_across_seeds,True,0.666773488915146,S5,0.8402101123647315,-12.0,12.0,15,5479.0,True,0.7277580183653111,7.910740097088613,0.946132648836409,r1_basin_level_performance_rebuilt.csv + r1_basin_level_ct.csv
06280300,dPL-MLP,dPL-MLP,TGD,XAJ-TGD,test,median_across_seeds,True,0.666773488915146,S5,0.7096366395210001,-24.0,24.0,15,5479.0,True,0.5970725050868739,-0.7448963274171935,1.1510334173200858,r1_basin_level_performance_rebuilt.csv + r1_basin_level_ct.csv
06289000,IC-CMA-ES,IC-CMA-ES,Base,XAJ-Base,test,selected_restart,True,0.583642806430044,S5,0.5436527990085717,-15.0,15.0,15,5479.0,True,0.44889862901313804,2.9365011063804998,0.6497935401233764,r1_basin_level_performance_rebuilt.csv + r1_basin_level_ct.csv
06289000,IC-CMA-ES,IC-CMA-ES,CN,XAJ-CN,test,selected_restart,True,0.583642806430044,S5,0.8545644962548522,2.0,2.0,15,5479.0,True,0.7098069322339904,-0.6626736085860777,0.4715233028915564,r1_basin_level_performance_rebuilt.csv + r1_basin_level_ct.csv
06289000,IC-CMA-ES,IC-CMA-ES,TGD,XAJ-TGD,test,selected_restart,True,0.583642806430044,S5,0.8310380168442212,3.0,3.0,15,5479.0,True,0.6572588920056961,1.0818256612167658,0.5124396689898821,r1_basin_level_performance_rebuilt.csv + r1_basin_level_ct.csv
06289000,dPL-MLP,dPL-MLP,Base,XAJ-Base,test,median_across_seeds,True,0.583642806430044,S5,0.4973886658607828,-17.0,17.0,15,5479.0,True,0.42986243760336884,6.549471735468479,0.66092087796,r1_basin_level_performance_rebuilt.csv + r1_basin_level_ct.csv
06289000,dPL-MLP,dPL-MLP,CN,XAJ-CN,test,median_across_seeds,True,0.583642806430044,S5,0.8042983000560417,-2.0,2.0,15,5479.0,True,0.6896656804964145,12.231029367237106,0.4876121819270944,r1_basin_level_performance_rebuilt.csv + r1_basin_level_ct.csv
06289000,dPL-MLP,dPL-MLP,TGD,XAJ-TGD,test,median_across_seeds,True,0.583642806430044,S5,0.7709981200260376,4.0,4.0,15,5479.0,True,0.6537541242843348,5.782644448260618,0.515053032256778,r1_basin_level_performance_rebuilt.csv + r1_basin_level_ct.csv
06291500,IC-CMA-ES,IC-CMA-ES,Base,XAJ-Base,test,selected_restart,True,0.404772816694431,S4,0.5602495682048935,-20.5,20.5,14,5114.0,True,0.3863076349874678,17.500816211760014,0.5328430007505993,r1_basin_level_performance_rebuilt.csv + r1_basin_level_ct.csv
06291500,IC-CMA-ES,IC-CMA-ES,CN,XAJ-CN,test,selected_restart,True,0.404772816694431,S4,0.6757421177559497,-8.0,8.0,14,5114.0,True,0.4509393369635841,14.208086747435123,0.5040041011550327,r1_basin_level_performance_rebuilt.csv + r1_basin_level_ct.csv
06291500,IC-CMA-ES,IC-CMA-ES,TGD,XAJ-TGD,test,selected_restart,True,0.404772816694431,S4,0.6991666416176557,-9.0,9.0,14,5114.0,True,0.45274849784003757,15.533856999806725,0.5031730665164548,r1_basin_level_performance_rebuilt.csv + r1_basin_level_ct.csv
06291500,dPL-MLP,dPL-MLP,Base,XAJ-Base,test,median_across_seeds,True,0.404772816694431,S4,0.5329072444521366,-18.5,18.5,14,5114.0,True,0.37395679122328596,18.216471638136323,0.5381781477743429,r1_basin_level_performance_rebuilt.csv + r1_basin_level_ct.csv
06291500,dPL-MLP,dPL-MLP,CN,XAJ-CN,test,median_across_seeds,True,0.404772816694431,S4,0.7121501278949125,-8.0,8.0,14,5114.0,True,0.5193095712862642,17.27192542412581,0.4715813731097999,r1_basin_level_performance_rebuilt.csv + r1_basin_level_ct.csv
06291500,dPL-MLP,dPL-MLP,TGD,XAJ-TGD,test,median_across_seeds,True,0.404772816694431,S4,0.6831886932222228,-10.0,10.0,14,5114.0,True,0.45510272550793296,18.31245259463685,0.5020895969491206,r1_basin_level_performance_rebuilt.csv + r1_basin_level_ct.csv
06311000,IC-CMA-ES,IC-CMA-ES,Base,XAJ-Base,test,selected_restart,True,0.57382796016244,S5,0.4906900700450353,-13.0,13.0,15,5479.0,True,0.3853482707225435,-5.095753434320785,0.9612196547745913,r1_basin_level_performance_rebuilt.csv + r1_basin_level_ct.csv
06311000,IC-CMA-ES,IC-CMA-ES,CN,XAJ-CN,test,selected_restart,True,0.57382796016244,S5,0.8614834021663,5.0,5.0,15,5479.0,True,0.7581758349876623,-4.973121889444479,0.6029175658384744,r1_basin_level_performance_rebuilt.csv + r1_basin_level_ct.csv
06311000,IC-CMA-ES,IC-CMA-ES,TGD,XAJ-TGD,test,selected_restart,True,0.57382796016244,S5,0.8485225846575593,-1.0,1.0,15,5479.0,True,0.7706813007996456,-5.2788694525004,0.587121282629206,r1_basin_level_performance_rebuilt.csv + r1_basin_level_ct.csv
06311000,dPL-MLP,dPL-MLP,Base,XAJ-Base,test,median_across_seeds,True,0.57382796016244,S5,0.4558574170684976,-9.0,9.0,15,5479.0,True,0.41028502168420855,-10.038443859933269,0.9415191721809347,r1_basin_level_performance_rebuilt.csv + r1_basin_level_ct.csv
06311000,dPL-MLP,dPL-MLP,CN,XAJ-CN,test,median_across_seeds,True,0.57382796016244,S5,0.772001978354258,10.0,10.0,15,5479.0,True,0.6258486053991987,3.1232783581543915,0.7499490733287015,r1_basin_level_performance_rebuilt.csv + r1_basin_level_ct.csv
06311000,dPL-MLP,dPL-MLP,TGD,XAJ-TGD,test,median_across_seeds,True,0.57382796016244,S5,0.8284255377063838,0.0,0.0,15,5479.0,True,0.7537564723798509,0.8582572719984024,0.6084018146317016,r1_basin_level_performance_rebuilt.csv + r1_basin_level_ct.csv
06332515,IC-CMA-ES,IC-CMA-ES,Base,XAJ-Base,test,selected_restart,True,0.173914615394175,S3,0.016301111704261406,43.0,43.0,15,5479.0,True,-0.16110107390639228,23.735895908988702,0.309135634053228,r1_basin_level_performance_rebuilt.csv + r1_basin_level_ct.csv
06332515,IC-CMA-ES,IC-CMA-ES,CN,XAJ-CN,test,selected_restart,True,0.173914615394175,S3,0.28783242386370733,44.0,44.0,15,5479.0,True,-0.129937073848011,33.76387430781163,0.30495881040189343,r1_basin_level_performance_rebuilt.csv + r1_basin_level_ct.csv
06332515,IC-CMA-ES,IC-CMA-ES,TGD,XAJ-TGD,test,selected_restart,True,0.173914615394175,S3,-0.0012975287217935616,45.0,45.0,15,5479.0,True,-0.15393969265115404,32.1242630433836,0.3081808238507286,r1_basin_level_performance_rebuilt.csv + r1_basin_level_ct.csv
06332515,dPL-MLP,dPL-MLP,Base,XAJ-Base,test,median_across_seeds,True,0.173914615394175,S3,-0.06677164357290377,45.0,45.0,15,5479.0,True,-0.05482917785704444,-22.530247438685414,0.2946491027130812,r1_basin_level_performance_rebuilt.csv + r1_basin_level_ct.csv
06332515,dPL-MLP,dPL-MLP,CN,XAJ-CN,test,median_across_seeds,True,0.173914615394175,S3,0.09468196889753855,60.0,60.0,15,5479.0,True,0.09406594895809828,-19.167456398272357,0.27306267948132207,r1_basin_level_performance_rebuilt.csv + r1_basin_level_ct.csv
06332515,dPL-MLP,dPL-MLP,TGD,XAJ-TGD,test,median_across_seeds,True,0.173914615394175,S3,-0.04742838619198886,61.0,61.0,15,5479.0,True,-0.02325122087598719,-20.245785984538873,0.2902052009473829,r1_basin_level_performance_rebuilt.csv + r1_basin_level_ct.csv
06339100,IC-CMA-ES,IC-CMA-ES,Base,XAJ-Base,test,selected_restart,True,0.160349274004295,S3,0.028933201593512647,28.0,28.0,15,5479.0,True,-0.033711543997304805,5.452149088956451,0.45868958066095067,r1_basin_level_performance_rebuilt.csv + r1_basin_level_ct.csv
06339100,IC-CMA-ES,IC-CMA-ES,CN,XAJ-CN,test,selected_restart,True,0.160349274004295,S3,0.2723270521603771,11.0,11.0,15,5479.0,True,0.2083767945009959,-7.785586845060957,0.4014010000732666,r1_basin_level_performance_rebuilt.csv + r1_basin_level_ct.csv
06339100,IC-CMA-ES,IC-CMA-ES,TGD,XAJ-TGD,test,selected_restart,True,0.160349274004295,S3,0.10896747416740848,25.0,25.0,15,5479.0,True,-0.133287256432973,11.190455553267212,0.48027413062135155,r1_basin_level_performance_rebuilt.csv + r1_basin_level_ct.csv
06339100,dPL-MLP,dPL-MLP,Base,XAJ-Base,test,median_across_seeds,True,0.160349274004295,S3,-0.03129193800686081,56.0,56.0,15,5479.0,True,0.023144768475644062,-8.921912192282596,0.44589673801453295,r1_basin_level_performance_rebuilt.csv + r1_basin_level_ct.csv
06339100,dPL-MLP,dPL-MLP,CN,XAJ-CN,test,median_across_seeds,True,0.160349274004295,S3,0.09695985152021269,59.0,59.0,15,5479.0,True,0.11433651579556137,-4.884172318279677,0.4245741623728622,r1_basin_level_performance_rebuilt.csv + r1_basin_level_ct.csv
06339100,dPL-MLP,dPL-MLP,TGD,XAJ-TGD,test,median_across_seeds,True,0.160349274004295,S3,-0.030290851244578088,60.0,60.0,15,5479.0,True,0.00868352545182094,-11.979144709428587,0.4491851124054004,r1_basin_level_performance_rebuilt.csv + r1_basin_level_ct.csv
06344600,IC-CMA-ES,IC-CMA-ES,Base,XAJ-Base,test,selected_restart,True,0.162624033289867,S3,0.05666784845580852,51.0,51.0,15,5479.0,True,-0.46957528835362305,38.84624426358327,0.5246821826227189,r1_basin_level_performance_rebuilt.csv + r1_basin_level_ct.csv
06344600,IC-CMA-ES,IC-CMA-ES,CN,XAJ-CN,test,selected_restart,True,0.162624033289867,S3,0.18861948200581335,28.0,28.0,15,5479.0,True,-0.26710859835770395,45.620271991605264,0.48720003995207717,r1_basin_level_performance_rebuilt.csv + r1_basin_level_ct.csv
06344600,IC-CMA-ES,IC-CMA-ES,TGD,XAJ-TGD,test,selected_restart,True,0.162624033289867,S3,0.02988930103762788,52.0,52.0,15,5479.0,True,-0.42879517166309755,46.27458806150083,0.5173511076165509,r1_basin_level_performance_rebuilt.csv + r1_basin_level_ct.csv
06344600,dPL-MLP,dPL-MLP,Base,XAJ-Base,test,median_across_seeds,True,0.162624033289867,S3,-0.07393385896161253,52.0,52.0,15,5479.0,True,0.017377486887588223,-22.737281720584516,0.42903601618062537,r1_basin_level_performance_rebuilt.csv + r1_basin_level_ct.csv
06344600,dPL-MLP,dPL-MLP,CN,XAJ-CN,test,median_across_seeds,True,0.162624033289867,S3,0.0038639929503039294,52.0,52.0,15,5479.0,True,0.057158756981447234,-22.735832886602584,0.42026157341048226,r1_basin_level_performance_rebuilt.csv + r1_basin_level_ct.csv
06344600,dPL-MLP,dPL-MLP,TGD,XAJ-TGD,test,median_across_seeds,True,0.162624033289867,S3,-0.0858397024633224,55.0,55.0,15,5479.0,True,-0.008499178496706339,-23.874833971212087,0.4346484854484524,r1_basin_level_performance_rebuilt.csv + r1_basin_level_ct.csv
06350000,IC-CMA-ES,IC-CMA-ES,Base,XAJ-Base,test,selected_restart,True,0.164913327830338,S3,-0.03245651909794334,28.0,28.0,15,5479.0,True,-0.2735406242996632,26.486577443998375,0.44263709734686707,r1_basin_level_performance_rebuilt.csv + r1_basin_level_ct.csv
06350000,IC-CMA-ES,IC-CMA-ES,CN,XAJ-CN,test,selected_restart,True,0.164913327830338,S3,0.2849350909421082,17.0,17.0,15,5479.0,True,0.1739852502788941,26.985381490648333,0.3564801147657872,r1_basin_level_performance_rebuilt.csv + r1_basin_level_ct.csv
06350000,IC-CMA-ES,IC-CMA-ES,TGD,XAJ-TGD,test,selected_restart,True,0.164913327830338,S3,0.19796141788772048,64.0,64.0,15,5479.0,True,-0.191462765534814,24.38118798816233,0.42813589939982144,r1_basin_level_performance_rebuilt.csv + r1_basin_level_ct.csv
06350000,dPL-MLP,dPL-MLP,Base,XAJ-Base,test,median_across_seeds,True,0.164913327830338,S3,-0.1919978523800676,26.0,26.0,15,5479.0,True,-0.0065123376944913325,-15.359843482243573,0.3935056380339206,r1_basin_level_performance_rebuilt.csv + r1_basin_level_ct.csv
06350000,dPL-MLP,dPL-MLP,CN,XAJ-CN,test,median_across_seeds,True,0.164913327830338,S3,-0.10629679960286254,57.0,57.0,15,5479.0,True,0.09589138072127323,-38.55535699048426,0.3729509455703528,r1_basin_level_performance_rebuilt.csv + r1_basin_level_ct.csv
06350000,dPL-MLP,dPL-MLP,TGD,XAJ-TGD,test,median_across_seeds,True,0.164913327830338,S3,-0.12351008209419256,64.0,64.0,15,5479.0,True,0.04196121939153141,-30.918715856390502,0.3839131185198895,r1_basin_level_performance_rebuilt.csv + r1_basin_level_ct.csv
06352000,IC-CMA-ES,IC-CMA-ES,Base,XAJ-Base,test,selected_restart,True,0.168403955596369,S3,-0.052655772274020185,27.0,27.0,15,5479.0,True,-0.08044811500810267,-10.092408512930335,0.4535661956939787,r1_basin_level_performance_rebuilt.csv + r1_basin_level_ct.csv
06352000,IC-CMA-ES,IC-CMA-ES,CN,XAJ-CN,test,selected_restart,True,0.168403955596369,S3,0.42644310791116846,16.0,16.0,15,5479.0,True,0.2658330186206863,3.7887093137517134,0.3738833672005753,r1_basin_level_performance_rebuilt.csv + r1_basin_level_ct.csv
06352000,IC-CMA-ES,IC-CMA-ES,TGD,XAJ-TGD,test,selected_restart,True,0.168403955596369,S3,0.13981795962651022,32.0,32.0,15,5479.0,True,0.030580376897721306,-6.516090475471786,0.4296300245643093,r1_basin_level_performance_rebuilt.csv + r1_basin_level_ct.csv
06352000,dPL-MLP,dPL-MLP,Base,XAJ-Base,test,median_across_seeds,True,0.168403955596369,S3,-0.24183451763568353,19.0,19.0,15,5479.0,True,0.0076236350546363685,-32.523508298038735,0.4346872753058265,r1_basin_level_performance_rebuilt.csv + r1_basin_level_ct.csv
06352000,dPL-MLP,dPL-MLP,CN,XAJ-CN,test,median_across_seeds,True,0.168403955596369,S3,-0.17496482086223675,50.0,50.0,15,5479.0,True,0.07905659685932753,-49.12668899528826,0.41875035834480756,r1_basin_level_performance_rebuilt.csv + r1_basin_level_ct.csv
06352000,dPL-MLP,dPL-MLP,TGD,XAJ-TGD,test,median_across_seeds,True,0.168403955596369,S3,-0.22500640323854215,61.0,61.0,15,5479.0,True,0.055196439409562315,-49.57117659002176,0.42414024379805676,r1_basin_level_performance_rebuilt.csv + r1_basin_level_ct.csv
06404000,IC-CMA-ES,IC-CMA-ES,Base,XAJ-Base,test,selected_restart,True,0.191294358675479,S3,0.7473499063878755,-1.0,1.0,15,5479.0,True,0.5666150599119217,13.615946482230804,0.27610996222064094,r1_basin_level_performance_rebuilt.csv + r1_basin_level_ct.csv
06404000,IC-CMA-ES,IC-CMA-ES,CN,XAJ-CN,test,selected_restart,True,0.191294358675479,S3,0.760571706590821,9.0,9.0,15,5479.0,True,0.6046376033181816,11.57112553203365,0.263719867610338,r1_basin_level_performance_rebuilt.csv + r1_basin_level_ct.csv
06404000,IC-CMA-ES,IC-CMA-ES,TGD,XAJ-TGD,test,selected_restart,True,0.191294358675479,S3,0.7980875570760763,5.0,5.0,15,5479.0,True,0.6305272498663108,8.70823885651323,0.25493905713669823,r1_basin_level_performance_rebuilt.csv + r1_basin_level_ct.csv
06404000,dPL-MLP,dPL-MLP,Base,XAJ-Base,test,median_across_seeds,True,0.191294358675479,S3,0.6946549699923987,6.0,6.0,15,5479.0,True,0.4578650690200077,7.8202753511349,0.3088153391764239,r1_basin_level_performance_rebuilt.csv + r1_basin_level_ct.csv
06404000,dPL-MLP,dPL-MLP,CN,XAJ-CN,test,median_across_seeds,True,0.191294358675479,S3,0.6656810564430349,13.0,13.0,15,5479.0,True,0.6314061881073288,16.51536372961515,0.2546356394848543,r1_basin_level_performance_rebuilt.csv + r1_basin_level_ct.csv
06404000,dPL-MLP,dPL-MLP,TGD,XAJ-TGD,test,median_across_seeds,True,0.191294358675479,S3,0.6325428010950718,13.0,13.0,15,5479.0,True,0.23929805643627677,8.130030256499142,0.3658073536198144,r1_basin_level_performance_rebuilt.csv + r1_basin_level_ct.csv
06406000,IC-CMA-ES,IC-CMA-ES,Base,XAJ-Base,test,selected_restart,True,0.167832878351021,S3,0.5841120209975592,13.0,13.0,15,5479.0,True,0.32628216043995606,-26.103734940588804,0.17529018618295134,r1_basin_level_performance_rebuilt.csv + r1_basin_level_ct.csv
06406000,IC-CMA-ES,IC-CMA-ES,CN,XAJ-CN,test,selected_restart,True,0.167832878351021,S3,0.5166503514026599,14.0,14.0,15,5479.0,True,0.39153451833019115,-35.74136998130274,0.16658525252058204,r1_basin_level_performance_rebuilt.csv + r1_basin_level_ct.csv
06406000,IC-CMA-ES,IC-CMA-ES,TGD,XAJ-TGD,test,selected_restart,True,0.167832878351021,S3,0.5047904566065942,10.0,10.0,15,5479.0,True,0.3971267516771445,-33.2519351417283,0.16581796661400708,r1_basin_level_performance_rebuilt.csv + r1_basin_level_ct.csv
06406000,dPL-MLP,dPL-MLP,Base,XAJ-Base,test,median_across_seeds,True,0.167832878351021,S3,0.5343389663845537,11.0,11.0,15,5479.0,True,0.0574290148117661,-19.28926811458232,0.20733642794677912,r1_basin_level_performance_rebuilt.csv + r1_basin_level_ct.csv
06406000,dPL-MLP,dPL-MLP,CN,XAJ-CN,test,median_across_seeds,True,0.167832878351021,S3,0.49365886833802075,15.0,15.0,15,5479.0,True,0.11058287863968208,-17.981485109339115,0.20140549778590655,r1_basin_level_performance_rebuilt.csv + r1_basin_level_ct.csv
06406000,dPL-MLP,dPL-MLP,TGD,XAJ-TGD,test,median_across_seeds,True,0.167832878351021,S3,0.47818783982024815,20.0,20.0,15,5479.0,True,-0.02657422374831797,-29.639408331688095,0.21637832588344133,r1_basin_level_performance_rebuilt.csv + r1_basin_level_ct.csv
06409000,IC-CMA-ES,IC-CMA-ES,Base,XAJ-Base,test,selected_restart,True,0.343337176611808,S4,0.42504155701416646,12.0,12.0,15,5479.0,True,0.14427627164424417,-11.551526199684881,0.11569817520048874,r1_basin_level_performance_rebuilt.csv + r1_basin_level_ct.csv
06409000,IC-CMA-ES,IC-CMA-ES,CN,XAJ-CN,test,selected_restart,True,0.343337176611808,S4,0.31672847429158046,6.0,6.0,15,5479.0,True,-0.4472466063183651,1.7422171221057765,0.15046344177325408,r1_basin_level_performance_rebuilt.csv + r1_basin_level_ct.csv
06409000,IC-CMA-ES,IC-CMA-ES,TGD,XAJ-TGD,test,selected_restart,True,0.343337176611808,S4,0.4099750457329321,12.0,12.0,15,5479.0,True,-0.33168097745892156,36.898457222364264,0.14433106623855374,r1_basin_level_performance_rebuilt.csv + r1_basin_level_ct.csv
06409000,dPL-MLP,dPL-MLP,Base,XAJ-Base,test,median_across_seeds,True,0.343337176611808,S4,0.6656658893371405,10.0,10.0,15,5479.0,True,0.4427681073889409,-16.24547960828352,0.09336362473971273,r1_basin_level_performance_rebuilt.csv + r1_basin_level_ct.csv
06409000,dPL-MLP,dPL-MLP,CN,XAJ-CN,test,median_across_seeds,True,0.343337176611808,S4,0.4650152649215338,7.0,7.0,15,5479.0,True,0.4671804762039753,-6.560171589031876,0.09129558734145347,r1_basin_level_performance_rebuilt.csv + r1_basin_level_ct.csv
06409000,dPL-MLP,dPL-MLP,TGD,XAJ-TGD,test,median_across_seeds,True,0.343337176611808,S4,0.24799588640903525,4.0,4.0,15,5479.0,True,-0.31970001744740584,38.47485417208966,0.1436803354104062,r1_basin_level_performance_rebuilt.csv + r1_basin_level_ct.csv
06431500,IC-CMA-ES,IC-CMA-ES,Base,XAJ-Base,test,selected_restart,True,0.36993144167527,S4,0.6639688648171829,-5.0,5.0,15,5479.0,True,0.3022829261882699,-7.946212930123105,0.16215281334846282,r1_basin_level_performance_rebuilt.csv + r1_basin_level_ct.csv
06431500,IC-CMA-ES,IC-CMA-ES,CN,XAJ-CN,test,selected_restart,True,0.36993144167527,S4,0.5912068786513345,8.0,8.0,15,5479.0,True,0.06173266648690057,-19.404636537685064,0.18803907704500725,r1_basin_level_performance_rebuilt.csv + r1_basin_level_ct.csv
06431500,IC-CMA-ES,IC-CMA-ES,TGD,XAJ-TGD,test,selected_restart,True,0.36993144167527,S4,0.3489337185235942,-4.0,4.0,15,5479.0,True,-0.31207026447647457,8.25257376495406,0.22236342733906028,r1_basin_level_performance_rebuilt.csv + r1_basin_level_ct.csv
06431500,dPL-MLP,dPL-MLP,Base,XAJ-Base,test,median_across_seeds,True,0.36993144167527,S4,0.7197067611897678,-1.0,1.0,15,5479.0,True,0.5014507463794693,9.77051738291636,0.13706887488246164,r1_basin_level_performance_rebuilt.csv + r1_basin_level_ct.csv
06431500,dPL-MLP,dPL-MLP,CN,XAJ-CN,test,median_across_seeds,True,0.36993144167527,S4,0.45960657370443414,3.0,3.0,15,5479.0,True,-0.5367370407919316,44.51536538316546,0.2406492942885449,r1_basin_level_performance_rebuilt.csv + r1_basin_level_ct.csv
06431500,dPL-MLP,dPL-MLP,TGD,XAJ-TGD,test,median_across_seeds,True,0.36993144167527,S4,0.4815730417681824,0.0,0.0,15,5479.0,True,0.0008257956284800638,30.02423147219011,0.1940463237699314,r1_basin_level_performance_rebuilt.csv + r1_basin_level_ct.csv
06440200,IC-CMA-ES,IC-CMA-ES,Base,XAJ-Base,test,selected_restart,True,0.140805850137048,S2,0.16763945863468943,-1.0,1.0,15,5479.0,True,-0.7533884701594986,45.34665528889219,0.5707995037301985,r1_basin_level_performance_rebuilt.csv + r1_basin_level_ct.csv
06440200,IC-CMA-ES,IC-CMA-ES,CN,XAJ-CN,test,selected_restart,True,0.140805850137048,S2,0.22103949723044647,3.0,3.0,15,5479.0,True,-0.6513779809446127,40.10382386818037,0.5539464179802326,r1_basin_level_performance_rebuilt.csv + r1_basin_level_ct.csv
06440200,IC-CMA-ES,IC-CMA-ES,TGD,XAJ-TGD,test,selected_restart,True,0.140805850137048,S2,0.3389412197634366,0.0,0.0,15,5479.0,True,-0.4087720057701445,28.29706003634119,0.5116404475486674,r1_basin_level_performance_rebuilt.csv + r1_basin_level_ct.csv
06440200,dPL-MLP,dPL-MLP,Base,XAJ-Base,test,median_across_seeds,True,0.140805850137048,S2,0.3737277322310808,0.0,0.0,15,5479.0,True,-0.2858652080404833,28.912327857496045,0.4888124248698249,r1_basin_level_performance_rebuilt.csv + r1_basin_level_ct.csv
06440200,dPL-MLP,dPL-MLP,CN,XAJ-CN,test,median_across_seeds,True,0.140805850137048,S2,0.3636887217161464,7.0,7.0,15,5479.0,True,0.2997579779459145,0.7398966456058965,0.36071865122937735,r1_basin_level_performance_rebuilt.csv + r1_basin_level_ct.csv
06440200,dPL-MLP,dPL-MLP,TGD,XAJ-TGD,test,median_across_seeds,True,0.140805850137048,S2,0.2920405387712981,5.0,5.0,15,5479.0,True,0.20914619716267668,-11.070355773998113,0.3833474840538068,r1_basin_level_performance_rebuilt.csv + r1_basin_level_ct.csv
06447500,IC-CMA-ES,IC-CMA-ES,Base,XAJ-Base,test,selected_restart,True,0.155649176414783,S3,-0.43377873132070177,42.0,42.0,15,5479.0,True,-2.9656640673879338,47.363005181594374,0.20892098913269244,r1_basin_level_performance_rebuilt.csv + r1_basin_level_ct.csv
06447500,IC-CMA-ES,IC-CMA-ES,CN,XAJ-CN,test,selected_restart,True,0.155649176414783,S3,0.5018483398316551,40.0,40.0,15,5479.0,True,-0.09049342838594199,14.420246845505236,0.10955586661772085,r1_basin_level_performance_rebuilt.csv + r1_basin_level_ct.csv
06447500,IC-CMA-ES,IC-CMA-ES,TGD,XAJ-TGD,test,selected_restart,True,0.155649176414783,S3,-0.733805562064137,45.0,45.0,15,5479.0,True,-4.180559969286717,53.18818771626615,0.23878798177463104,r1_basin_level_performance_rebuilt.csv + r1_basin_level_ct.csv
06447500,dPL-MLP,dPL-MLP,Base,XAJ-Base,test,median_across_seeds,True,0.155649176414783,S3,0.22837685505660343,36.0,36.0,15,5479.0,True,-0.0013209915464102995,-24.8310231813088,0.10498101625849794,r1_basin_level_performance_rebuilt.csv + r1_basin_level_ct.csv
06447500,dPL-MLP,dPL-MLP,CN,XAJ-CN,test,median_across_seeds,True,0.155649176414783,S3,0.25063451226799616,40.0,40.0,15,5479.0,True,0.042194204373123156,-37.93797284288386,0.10267455813618259,r1_basin_level_performance_rebuilt.csv + r1_basin_level_ct.csv
06447500,dPL-MLP,dPL-MLP,TGD,XAJ-TGD,test,median_across_seeds,True,0.155649176414783,S3,0.2936742833956645,37.0,37.0,15,5479.0,True,0.12234107609245937,-27.07210449202109,0.09828494494805687,r1_basin_level_performance_rebuilt.csv + r1_basin_level_ct.csv
06470800,IC-CMA-ES,IC-CMA-ES,Base,XAJ-Base,test,selected_restart,True,0.14718946482151,S2,0.26876617009699844,-7.0,7.0,15,5479.0,True,-0.004156056982083545,-18.30301569013119,0.25419573453156247,r1_basin_level_performance_rebuilt.csv + r1_basin_level_ct.csv
06470800,IC-CMA-ES,IC-CMA-ES,CN,XAJ-CN,test,selected_restart,True,0.14718946482151,S2,0.4789421528113559,1.0,1.0,15,5479.0,True,0.5817341631610276,-34.52342950594828,0.16405665389949176,r1_basin_level_performance_rebuilt.csv + r1_basin_level_ct.csv
06470800,IC-CMA-ES,IC-CMA-ES,TGD,XAJ-TGD,test,selected_restart,True,0.14718946482151,S2,0.3258401759493742,-9.0,9.0,15,5479.0,True,-0.22122146156514555,-6.989005034203562,0.2803269594853038,r1_basin_level_performance_rebuilt.csv + r1_basin_level_ct.csv
06470800,dPL-MLP,dPL-MLP,Base,XAJ-Base,test,median_across_seeds,True,0.14718946482151,S2,-0.025596381893319142,-3.0,3.0,15,5479.0,True,0.07104115051936088,-35.27311197140508,0.24449269669575333,r1_basin_level_performance_rebuilt.csv + r1_basin_level_ct.csv
06470800,dPL-MLP,dPL-MLP,CN,XAJ-CN,test,median_across_seeds,True,0.14718946482151,S2,0.11627979271109568,12.0,12.0,15,5479.0,True,0.3027492282649683,-43.73288289234637,0.21181765435828373,r1_basin_level_performance_rebuilt.csv + r1_basin_level_ct.csv
06470800,dPL-MLP,dPL-MLP,TGD,XAJ-TGD,test,median_across_seeds,True,0.14718946482151,S2,0.08073008760683398,16.0,16.0,15,5479.0,True,0.19981136936371946,-40.767462190812395,0.22691533197770059,r1_basin_level_performance_rebuilt.csv + r1_basin_level_ct.csv
06477500,IC-CMA-ES,IC-CMA-ES,Base,XAJ-Base,test,selected_restart,True,0.132381124658994,S2,0.3488335545105442,-1.0,1.0,15,5479.0,True,-0.24688198464206623,37.170893138063136,0.40836522804678865,r1_basin_level_performance_rebuilt.csv + r1_basin_level_ct.csv
06477500,IC-CMA-ES,IC-CMA-ES,CN,XAJ-CN,test,selected_restart,True,0.132381124658994,S2,0.14427965135651766,0.0,0.0,15,5479.0,True,-0.7236018926156618,36.75312784027968,0.4801252665206956,r1_basin_level_performance_rebuilt.csv + r1_basin_level_ct.csv
06477500,IC-CMA-ES,IC-CMA-ES,TGD,XAJ-TGD,test,selected_restart,True,0.132381124658994,S2,0.36580799956682575,-2.0,2.0,15,5479.0,True,-0.2077848756880185,36.356842755898974,0.40191190775619395,r1_basin_level_performance_rebuilt.csv + r1_basin_level_ct.csv
06477500,dPL-MLP,dPL-MLP,Base,XAJ-Base,test,median_across_seeds,True,0.132381124658994,S2,0.3970272740373454,1.0,1.0,15,5479.0,True,0.302433860802504,-4.104338141165997,0.30544201472130345,r1_basin_level_performance_rebuilt.csv + r1_basin_level_ct.csv
06477500,dPL-MLP,dPL-MLP,CN,XAJ-CN,test,median_across_seeds,True,0.132381124658994,S2,0.552760057510883,12.0,12.0,15,5479.0,True,0.3724163047587926,21.046158142255454,0.2897156168698247,r1_basin_level_performance_rebuilt.csv + r1_basin_level_ct.csv
06477500,dPL-MLP,dPL-MLP,TGD,XAJ-TGD,test,median_across_seeds,True,0.132381124658994,S2,0.3488313296706479,11.0,11.0,15,5479.0,True,0.3436387853496832,-19.22893475370363,0.29628354692916825,r1_basin_level_performance_rebuilt.csv + r1_basin_level_ct.csv
06479215,IC-CMA-ES,IC-CMA-ES,Base,XAJ-Base,test,selected_restart,True,0.164751422321796,S3,0.227587068805418,23.0,23.0,15,5479.0,True,-0.3941979820868784,28.08478514001992,0.8720078729994422,r1_basin_level_performance_rebuilt.csv + r1_basin_level_ct.csv
06479215,IC-CMA-ES,IC-CMA-ES,CN,XAJ-CN,test,selected_restart,True,0.164751422321796,S3,0.23604457972287007,4.0,4.0,15,5479.0,True,-0.45515544907192185,38.80737773221888,0.8908670086603554,r1_basin_level_performance_rebuilt.csv + r1_basin_level_ct.csv
06479215,IC-CMA-ES,IC-CMA-ES,TGD,XAJ-TGD,test,selected_restart,True,0.164751422321796,S3,0.1501901538603453,14.0,14.0,15,5479.0,True,-0.5787072251108738,54.71820966510098,0.9279166753551796,r1_basin_level_performance_rebuilt.csv + r1_basin_level_ct.csv
06479215,dPL-MLP,dPL-MLP,Base,XAJ-Base,test,median_across_seeds,True,0.164751422321796,S3,0.2200101491505374,15.0,15.0,15,5479.0,True,-0.1732507204140663,-10.687200091501088,0.79993296791145,r1_basin_level_performance_rebuilt.csv + r1_basin_level_ct.csv
06479215,dPL-MLP,dPL-MLP,CN,XAJ-CN,test,median_across_seeds,True,0.164751422321796,S3,0.5723719718790581,25.0,25.0,15,5479.0,True,0.4004988870430496,-17.03952058781528,0.571811885144,r1_basin_level_performance_rebuilt.csv + r1_basin_level_ct.csv
06479215,dPL-MLP,dPL-MLP,TGD,XAJ-TGD,test,median_across_seeds,True,0.164751422321796,S3,0.23037279958077372,23.0,23.0,15,5479.0,True,-0.006631697548122428,-13.228997856333894,0.7409578132389794,r1_basin_level_performance_rebuilt.csv + r1_basin_level_ct.csv
06601000,IC-CMA-ES,IC-CMA-ES,Base,XAJ-Base,test,selected_restart,True,0.105879368005318,S2,0.42819425850191584,16.0,16.0,15,5479.0,True,0.2790453249124727,-25.672129376655917,0.6195105639703936,r1_basin_level_performance_rebuilt.csv + r1_basin_level_ct.csv
06601000,IC-CMA-ES,IC-CMA-ES,CN,XAJ-CN,test,selected_restart,True,0.105879368005318,S2,0.4970079668407311,18.0,18.0,15,5479.0,True,0.19049503512521915,-16.878608807582992,0.656454294156232,r1_basin_level_performance_rebuilt.csv + r1_basin_level_ct.csv
06601000,IC-CMA-ES,IC-CMA-ES,TGD,XAJ-TGD,test,selected_restart,True,0.105879368005318,S2,0.4715529970857333,26.0,26.0,15,5479.0,True,0.2830770017736889,-27.218651036354533,0.6177759417306835,r1_basin_level_performance_rebuilt.csv + r1_basin_level_ct.csv
06601000,dPL-MLP,dPL-MLP,Base,XAJ-Base,test,median_across_seeds,True,0.105879368005318,S2,0.16716376780376674,4.0,4.0,15,5479.0,True,0.25295552992807246,-37.91384529418831,0.6306203233096872,r1_basin_level_performance_rebuilt.csv + r1_basin_level_ct.csv
06601000,dPL-MLP,dPL-MLP,CN,XAJ-CN,test,median_across_seeds,True,0.105879368005318,S2,0.20913723365558268,10.0,10.0,15,5479.0,True,0.2801718140164712,-36.53216724766278,0.6190263832423829,r1_basin_level_performance_rebuilt.csv + r1_basin_level_ct.csv
06601000,dPL-MLP,dPL-MLP,TGD,XAJ-TGD,test,median_across_seeds,True,0.105879368005318,S2,0.20752782686923454,7.0,7.0,15,5479.0,True,0.27784769148503174,-32.099669835933085,0.6200249088489171,r1_basin_level_performance_rebuilt.csv + r1_basin_level_ct.csv
06614800,IC-CMA-ES,IC-CMA-ES,Base,XAJ-Base,test,selected_restart,True,0.760476738091987,S5,-0.09115495019389974,-90.0,90.0,15,5479.0,True,-0.8669236182856195,0.07981123525287856,4.664707980854676,r1_basin_level_performance_rebuilt.csv + r1_basin_level_ct.csv
06614800,IC-CMA-ES,IC-CMA-ES,CN,XAJ-CN,test,selected_restart,True,0.760476738091987,S5,0.8893625394954877,1.0,1.0,15,5479.0,True,0.8200811863405055,-4.693120049790258,1.4481030749591686,r1_basin_level_performance_rebuilt.csv + r1_basin_level_ct.csv
06614800,IC-CMA-ES,IC-CMA-ES,TGD,XAJ-TGD,test,selected_restart,True,0.760476738091987,S5,0.5667104952342243,-21.0,21.0,15,5479.0,True,0.3621999582769223,4.157591582503707,2.726487167615065,r1_basin_level_performance_rebuilt.csv + r1_basin_level_ct.csv
06614800,dPL-MLP,dPL-MLP,Base,XAJ-Base,test,median_across_seeds,True,0.760476738091987,S5,-0.08073312059812676,-65.0,65.0,15,5479.0,True,0.04157303442152527,-3.6942184145393346,3.34226359448052,r1_basin_level_performance_rebuilt.csv + r1_basin_level_ct.csv
06614800,dPL-MLP,dPL-MLP,CN,XAJ-CN,test,median_across_seeds,True,0.760476738091987,S5,0.8215697406229434,-1.0,1.0,15,5479.0,True,0.7449225715380189,-7.665762439025651,1.724237957110766,r1_basin_level_performance_rebuilt.csv + r1_basin_level_ct.csv
06614800,dPL-MLP,dPL-MLP,TGD,XAJ-TGD,test,median_across_seeds,True,0.760476738091987,S5,0.5627422664717336,-22.0,22.0,15,5479.0,True,0.4568215847881918,8.31812923825171,2.516126305229595,r1_basin_level_performance_rebuilt.csv + r1_basin_level_ct.csv
06622700,IC-CMA-ES,IC-CMA-ES,Base,XAJ-Base,test,selected_restart,True,0.717691988588396,S5,0.08060019073789915,-53.0,53.0,15,5479.0,True,0.1278490930960171,7.495031306405632,2.525991704049864,r1_basin_level_performance_rebuilt.csv + r1_basin_level_ct.csv
06622700,IC-CMA-ES,IC-CMA-ES,CN,XAJ-CN,test,selected_restart,True,0.717691988588396,S5,0.875711582582262,8.0,8.0,15,5479.0,True,0.8435759808964994,8.276129795125723,1.069763612979565,r1_basin_level_performance_rebuilt.csv + r1_basin_level_ct.csv
06622700,IC-CMA-ES,IC-CMA-ES,TGD,XAJ-TGD,test,selected_restart,True,0.717691988588396,S5,0.6491744355462237,-11.0,11.0,15,5479.0,True,0.5832489345566887,14.076717695112105,1.746121504378631,r1_basin_level_performance_rebuilt.csv + r1_basin_level_ct.csv
06622700,dPL-MLP,dPL-MLP,Base,XAJ-Base,test,median_across_seeds,True,0.717691988588396,S5,0.07635055932279222,-47.0,47.0,15,5479.0,True,0.1371663943628627,-5.367812667484711,2.51246272555679,r1_basin_level_performance_rebuilt.csv + r1_basin_level_ct.csv
06622700,dPL-MLP,dPL-MLP,CN,XAJ-CN,test,median_across_seeds,True,0.717691988588396,S5,0.823115292869829,4.0,4.0,15,5479.0,True,0.7968738686166772,2.083762930267711,1.2190429303049486,r1_basin_level_performance_rebuilt.csv + r1_basin_level_ct.csv
06622700,dPL-MLP,dPL-MLP,TGD,XAJ-TGD,test,median_across_seeds,True,0.717691988588396,S5,0.6607235571952311,-10.0,10.0,15,5479.0,True,0.600448715488223,5.837944534041022,1.7097096664514162,r1_basin_level_performance_rebuilt.csv + r1_basin_level_ct.csv
06623800,IC-CMA-ES,IC-CMA-ES,Base,XAJ-Base,test,selected_restart,True,0.753935609059572,S5,0.015494251355584243,-59.0,59.0,15,5479.0,True,0.04048954099645863,12.400225492318208,2.770061014406322,r1_basin_level_performance_rebuilt.csv + r1_basin_level_ct.csv
06623800,IC-CMA-ES,IC-CMA-ES,CN,XAJ-CN,test,selected_restart,True,0.753935609059572,S5,0.9242663731466418,4.0,4.0,15,5479.0,True,0.916873266844089,6.016079250143552,0.8153326522596367,r1_basin_level_performance_rebuilt.csv + r1_basin_level_ct.csv
06623800,IC-CMA-ES,IC-CMA-ES,TGD,XAJ-TGD,test,selected_restart,True,0.753935609059572,S5,0.6338061083877424,-16.0,16.0,15,5479.0,True,0.4760745972765724,12.65201529642064,2.0469121624421134,r1_basin_level_performance_rebuilt.csv + r1_basin_level_ct.csv
06623800,dPL-MLP,dPL-MLP,Base,XAJ-Base,test,median_across_seeds,True,0.753935609059572,S5,0.007093982055894954,-60.0,60.0,15,5479.0,True,-0.04694975704128401,8.695822815787134,2.8935260646014895,r1_basin_level_performance_rebuilt.csv + r1_basin_level_ct.csv
06623800,dPL-MLP,dPL-MLP,CN,XAJ-CN,test,median_across_seeds,True,0.753935609059572,S5,0.8909225501771407,1.0,1.0,15,5479.0,True,0.8586374379333884,3.971262257403222,1.063240919739888,r1_basin_level_performance_rebuilt.csv + r1_basin_level_ct.csv
06623800,dPL-MLP,dPL-MLP,TGD,XAJ-TGD,test,median_across_seeds,True,0.753935609059572,S5,0.618922001692443,-15.0,15.0,15,5479.0,True,0.5315258218838457,10.02702367960118,1.935562981984593,r1_basin_level_performance_rebuilt.csv + r1_basin_level_ct.csv
06632400,IC-CMA-ES,IC-CMA-ES,Base,XAJ-Base,test,selected_restart,True,0.744511869620645,S5,0.08426583878358995,-50.0,50.0,15,5479.0,True,0.12094371038475682,19.487827873459665,2.3260191537459343,r1_basin_level_performance_rebuilt.csv + r1_basin_level_ct.csv
06632400,IC-CMA-ES,IC-CMA-ES,CN,XAJ-CN,test,selected_restart,True,0.744511869620645,S5,0.8037405811160516,9.0,9.0,15,5479.0,True,0.7714013452375756,12.223058743157774,1.1861559152954995,r1_basin_level_performance_rebuilt.csv + r1_basin_level_ct.csv
06632400,IC-CMA-ES,IC-CMA-ES,TGD,XAJ-TGD,test,selected_restart,True,0.744511869620645,S5,0.7042306474110884,-10.0,10.0,15,5479.0,True,0.6486091354904964,17.66178041686706,1.4706190149427525,r1_basin_level_performance_rebuilt.csv + r1_basin_level_ct.csv
06632400,dPL-MLP,dPL-MLP,Base,XAJ-Base,test,median_across_seeds,True,0.744511869620645,S5,0.09065001344763157,-46.0,46.0,15,5479.0,True,0.13124354378535885,11.541378110140464,2.3123521101343356,r1_basin_level_performance_rebuilt.csv + r1_basin_level_ct.csv
06632400,dPL-MLP,dPL-MLP,CN,XAJ-CN,test,median_across_seeds,True,0.744511869620645,S5,0.8249411054857089,7.0,7.0,15,5479.0,True,0.7957881741220675,14.394216421028355,1.1211026729386655,r1_basin_level_performance_rebuilt.csv + r1_basin_level_ct.csv
06632400,dPL-MLP,dPL-MLP,TGD,XAJ-TGD,test,median_across_seeds,True,0.744511869620645,S5,0.6871544640675435,-10.0,10.0,15,5479.0,True,0.652630018128075,19.346984626664025,1.462180833502921,r1_basin_level_performance_rebuilt.csv + r1_basin_level_ct.csv
06746095,IC-CMA-ES,IC-CMA-ES,Base,XAJ-Base,test,selected_restart,True,0.728744289492069,S5,-0.17162246943142256,-97.0,97.0,15,5479.0,True,-0.6237389166748122,-19.556118455526327,7.353562109681669,r1_basin_level_performance_rebuilt.csv + r1_basin_level_ct.csv
06746095,IC-CMA-ES,IC-CMA-ES,CN,XAJ-CN,test,selected_restart,True,0.728744289492069,S5,0.7009106701285025,-3.0,3.0,15,5479.0,True,0.7185712455565041,-21.491823252721183,3.06142693833226,r1_basin_level_performance_rebuilt.csv + r1_basin_level_ct.csv
06746095,IC-CMA-ES,IC-CMA-ES,TGD,XAJ-TGD,test,selected_restart,True,0.728744289492069,S5,0.2140707357584376,-23.0,23.0,15,5479.0,True,0.2790917682985413,-32.04975152748617,4.899814711838731,r1_basin_level_performance_rebuilt.csv + r1_basin_level_ct.csv
06746095,dPL-MLP,dPL-MLP,Base,XAJ-Base,test,median_across_seeds,True,0.728744289492069,S5,-0.24105075976664248,-60.0,60.0,15,5479.0,True,-0.01555924493026728,-49.04802707769754,5.815570127695402,r1_basin_level_performance_rebuilt.csv + r1_basin_level_ct.csv
06746095,dPL-MLP,dPL-MLP,CN,XAJ-CN,test,median_across_seeds,True,0.728744289492069,S5,0.3809817615921802,-7.0,7.0,15,5479.0,True,0.5312126456105006,-38.15530533810884,3.951187225745379,r1_basin_level_performance_rebuilt.csv + r1_basin_level_ct.csv
06746095,dPL-MLP,dPL-MLP,TGD,XAJ-TGD,test,median_across_seeds,True,0.728744289492069,S5,0.18162803832181051,-23.0,23.0,15,5479.0,True,0.31090928763161185,-42.41306263923913,4.790467116038853,r1_basin_level_performance_rebuilt.csv + r1_basin_level_ct.csv
06803510,IC-CMA-ES,IC-CMA-ES,Base,XAJ-Base,test,selected_restart,True,0.0940475934983777,S2,0.1664584385385477,-3.0,3.0,15,5479.0,True,-0.4164280265999438,21.634863625151457,1.25446927501087,r1_basin_level_performance_rebuilt.csv + r1_basin_level_ct.csv
06803510,IC-CMA-ES,IC-CMA-ES,CN,XAJ-CN,test,selected_restart,True,0.0940475934983777,S2,-0.00519054174991096,7.0,7.0,15,5479.0,True,-0.7572756603225264,26.06927961293435,1.397277674429456,r1_basin_level_performance_rebuilt.csv + r1_basin_level_ct.csv
06803510,IC-CMA-ES,IC-CMA-ES,TGD,XAJ-TGD,test,selected_restart,True,0.0940475934983777,S2,0.052167032363443444,0.0,0.0,15,5479.0,True,-0.6892306608251837,19.582405975975558,1.3699579940230018,r1_basin_level_performance_rebuilt.csv + r1_basin_level_ct.csv
06803510,dPL-MLP,dPL-MLP,Base,XAJ-Base,test,median_across_seeds,True,0.0940475934983777,S2,0.4928019313157196,1.0,1.0,15,5479.0,True,0.6312398195864148,47.43349679726879,0.6400807739253875,r1_basin_level_performance_rebuilt.csv + r1_basin_level_ct.csv
06803510,dPL-MLP,dPL-MLP,CN,XAJ-CN,test,median_across_seeds,True,0.0940475934983777,S2,0.5945161280430772,1.0,1.0,15,5479.0,True,0.6463909364581987,36.96940172606205,0.6267934756045163,r1_basin_level_performance_rebuilt.csv + r1_basin_level_ct.csv
06803510,dPL-MLP,dPL-MLP,TGD,XAJ-TGD,test,median_across_seeds,True,0.0940475934983777,S2,0.6456207300862649,1.0,1.0,15,5479.0,True,0.6648081415474605,31.224933166923,0.6102524108777536,r1_basin_level_performance_rebuilt.csv + r1_basin_level_ct.csv
06803530,IC-CMA-ES,IC-CMA-ES,Base,XAJ-Base,test,selected_restart,True,0.0991958577666237,S2,0.4852344271647304,-1.0,1.0,15,5479.0,True,0.11103391919346817,16.22319929617011,1.116541079919619,r1_basin_level_performance_rebuilt.csv + r1_basin_level_ct.csv
06803530,IC-CMA-ES,IC-CMA-ES,CN,XAJ-CN,test,selected_restart,True,0.0991958577666237,S2,0.6473429279426424,2.0,2.0,15,5479.0,True,0.3752109588030198,2.8410058132254328,0.9360494939098112,r1_basin_level_performance_rebuilt.csv + r1_basin_level_ct.csv
06803530,IC-CMA-ES,IC-CMA-ES,TGD,XAJ-TGD,test,selected_restart,True,0.0991958577666237,S2,0.5776829542747719,-1.0,1.0,15,5479.0,True,0.10081675131074319,9.679798815398843,1.1229391283482677,r1_basin_level_performance_rebuilt.csv + r1_basin_level_ct.csv
06803530,dPL-MLP,dPL-MLP,Base,XAJ-Base,test,median_across_seeds,True,0.0991958577666237,S2,0.7330044642929732,0.0,0.0,15,5479.0,True,0.6369459721056212,17.221820644793752,0.7135390417307839,r1_basin_level_performance_rebuilt.csv + r1_basin_level_ct.csv
06803530,dPL-MLP,dPL-MLP,CN,XAJ-CN,test,median_across_seeds,True,0.0991958577666237,S2,0.7518965653990661,0.0,0.0,15,5479.0,True,0.6376422087959954,8.088062807269834,0.712854528643755,r1_basin_level_performance_rebuilt.csv + r1_basin_level_ct.csv
06803530,dPL-MLP,dPL-MLP,TGD,XAJ-TGD,test,median_across_seeds,True,0.0991958577666237,S2,0.7218961641340471,0.0,0.0,15,5479.0,True,0.6152970980488588,4.3205961450632815,0.7345051450502176,r1_basin_level_performance_rebuilt.csv + r1_basin_level_ct.csv
06814000,IC-CMA-ES,IC-CMA-ES,Base,XAJ-Base,test,selected_restart,True,0.0902842088456011,S2,0.8141574654715784,0.0,0.0,15,5479.0,True,0.7009460781614697,3.3767839463695206,0.8053055704200931,r1_basin_level_performance_rebuilt.csv + r1_basin_level_ct.csv
06814000,IC-CMA-ES,IC-CMA-ES,CN,XAJ-CN,test,selected_restart,True,0.0902842088456011,S2,0.7854497630361807,2.0,2.0,15,5479.0,True,0.646986153840001,11.081020563882824,0.8749471524369673,r1_basin_level_performance_rebuilt.csv + r1_basin_level_ct.csv
06814000,IC-CMA-ES,IC-CMA-ES,TGD,XAJ-TGD,test,selected_restart,True,0.0902842088456011,S2,0.8550897192492722,0.0,0.0,15,5479.0,True,0.747488935462431,3.8837120961936495,0.7399905241881837,r1_basin_level_performance_rebuilt.csv + r1_basin_level_ct.csv
06814000,dPL-MLP,dPL-MLP,Base,XAJ-Base,test,median_across_seeds,True,0.0902842088456011,S2,0.8219212966431378,1.0,1.0,15,5479.0,True,0.7245854514456327,2.407162787663962,0.7728218474890706,r1_basin_level_performance_rebuilt.csv + r1_basin_level_ct.csv
06814000,dPL-MLP,dPL-MLP,CN,XAJ-CN,test,median_across_seeds,True,0.0902842088456011,S2,0.8136404718474537,3.0,3.0,15,5479.0,True,0.7027829118202515,1.493028838125359,0.802828607810258,r1_basin_level_performance_rebuilt.csv + r1_basin_level_ct.csv
06814000,dPL-MLP,dPL-MLP,TGD,XAJ-TGD,test,median_across_seeds,True,0.0902842088456011,S2,0.8006688897059933,2.0,2.0,15,5479.0,True,0.7307954222928854,0.044273695227055196,0.7640594867341116,r1_basin_level_performance_rebuilt.csv + r1_basin_level_ct.csv
06847900,IC-CMA-ES,IC-CMA-ES,Base,XAJ-Base,test,selected_restart,True,0.102382584534704,S2,0.2635934282032171,0.0,0.0,15,5479.0,True,0.10111945023685698,-0.6516308085988024,0.08472732985000836,r1_basin_level_performance_rebuilt.csv + r1_basin_level_ct.csv
06847900,IC-CMA-ES,IC-CMA-ES,CN,XAJ-CN,test,selected_restart,True,0.102382584534704,S2,0.334916651289929,-7.0,7.0,15,5479.0,True,-0.20804454530298444,33.00422966514274,0.0982231827961926,r1_basin_level_performance_rebuilt.csv + r1_basin_level_ct.csv
06847900,IC-CMA-ES,IC-CMA-ES,TGD,XAJ-TGD,test,selected_restart,True,0.102382584534704,S2,0.34515358567072485,0.0,0.0,15,5479.0,True,0.11759441870618992,-4.344815012314725,0.08394728437228673,r1_basin_level_performance_rebuilt.csv + r1_basin_level_ct.csv
06847900,dPL-MLP,dPL-MLP,Base,XAJ-Base,test,median_across_seeds,True,0.102382584534704,S2,0.05611153261974522,3.0,3.0,15,5479.0,True,-0.12242094242464274,65.38686686879286,0.09467829078452848,r1_basin_level_performance_rebuilt.csv + r1_basin_level_ct.csv
06847900,dPL-MLP,dPL-MLP,CN,XAJ-CN,test,median_across_seeds,True,0.102382584534704,S2,-0.08435376545782636,12.0,12.0,15,5479.0,True,-0.327779588375233,89.08278723119635,0.10297588248141297,r1_basin_level_performance_rebuilt.csv + r1_basin_level_ct.csv
06847900,dPL-MLP,dPL-MLP,TGD,XAJ-TGD,test,median_across_seeds,True,0.102382584534704,S2,-0.15020453387342503,53.0,53.0,15,5479.0,True,-0.3532346065872023,96.91781175688735,0.10395827779015973,r1_basin_level_performance_rebuilt.csv + r1_basin_level_ct.csv
06853800,IC-CMA-ES,IC-CMA-ES,Base,XAJ-Base,test,selected_restart,True,0.104135741933305,S2,0.49058645564062975,-21.0,21.0,15,5479.0,True,0.1730591898975713,32.49144788245076,0.3594929677874276,r1_basin_level_performance_rebuilt.csv + r1_basin_level_ct.csv
06853800,IC-CMA-ES,IC-CMA-ES,CN,XAJ-CN,test,selected_restart,True,0.104135741933305,S2,0.5614788759126454,-9.0,9.0,15,5479.0,True,0.28053853053562394,25.340026056659894,0.3353180693417737,r1_basin_level_performance_rebuilt.csv + r1_basin_level_ct.csv
06853800,IC-CMA-ES,IC-CMA-ES,TGD,XAJ-TGD,test,selected_restart,True,0.104135741933305,S2,0.5271224593840543,-1.0,1.0,15,5479.0,True,0.1257873221241108,23.995634230531497,0.36962533993599006,r1_basin_level_performance_rebuilt.csv + r1_basin_level_ct.csv
06853800,dPL-MLP,dPL-MLP,Base,XAJ-Base,test,median_across_seeds,True,0.104135741933305,S2,0.516983305888695,-8.0,8.0,15,5479.0,True,0.4417804559190639,8.83818314738312,0.2953627382453111,r1_basin_level_performance_rebuilt.csv + r1_basin_level_ct.csv
06853800,dPL-MLP,dPL-MLP,CN,XAJ-CN,test,median_across_seeds,True,0.104135741933305,S2,0.5359058882089713,-6.0,6.0,15,5479.0,True,0.4320966787707875,6.940699319388634,0.29791364216743516,r1_basin_level_performance_rebuilt.csv + r1_basin_level_ct.csv
06853800,dPL-MLP,dPL-MLP,TGD,XAJ-TGD,test,median_across_seeds,True,0.104135741933305,S2,0.45518307608876585,-1.0,1.0,15,5479.0,True,0.3490213421269539,23.62716872021175,0.31896024927308314,r1_basin_level_performance_rebuilt.csv + r1_basin_level_ct.csv
06876700,IC-CMA-ES,IC-CMA-ES,Base,XAJ-Base,test,selected_restart,True,0.0796113854216262,S2,0.5225715321622433,0.0,0.0,15,5479.0,True,0.0395109034143154,14.174303613501655,0.3585368641036506,r1_basin_level_performance_rebuilt.csv + r1_basin_level_ct.csv
06876700,IC-CMA-ES,IC-CMA-ES,CN,XAJ-CN,test,selected_restart,True,0.0796113854216262,S2,0.551736192668749,3.0,3.0,15,5479.0,True,0.04868428096683575,3.8659879371402144,0.35682061097931445,r1_basin_level_performance_rebuilt.csv + r1_basin_level_ct.csv
06876700,IC-CMA-ES,IC-CMA-ES,TGD,XAJ-TGD,test,selected_restart,True,0.0796113854216262,S2,0.44722274795185335,2.0,2.0,15,5479.0,True,-0.20617362469355172,18.69336269475517,0.4017838813580682,r1_basin_level_performance_rebuilt.csv + r1_basin_level_ct.csv
06876700,dPL-MLP,dPL-MLP,Base,XAJ-Base,test,median_across_seeds,True,0.0796113854216262,S2,0.6245586711718529,-1.0,1.0,15,5479.0,True,0.3873649299999271,2.5022721083116157,0.28634428730744305,r1_basin_level_performance_rebuilt.csv + r1_basin_level_ct.csv
06876700,dPL-MLP,dPL-MLP,CN,XAJ-CN,test,median_across_seeds,True,0.0796113854216262,S2,0.6282058245368232,-1.0,1.0,15,5479.0,True,0.36313997967854006,6.648184944026965,0.2919507459772748,r1_basin_level_performance_rebuilt.csv + r1_basin_level_ct.csv
06876700,dPL-MLP,dPL-MLP,TGD,XAJ-TGD,test,median_across_seeds,True,0.0796113854216262,S2,0.4893249923393006,1.0,1.0,15,5479.0,True,0.3913847082505577,-20.048135892560023,0.28540332347736846,r1_basin_level_performance_rebuilt.csv + r1_basin_level_ct.csv
06878000,IC-CMA-ES,IC-CMA-ES,Base,XAJ-Base,test,selected_restart,True,0.0727867121382812,S2,0.541775462974355,-3.0,3.0,15,5479.0,True,0.6075627845364189,-20.33416503813152,0.6431187903932409,r1_basin_level_performance_rebuilt.csv + r1_basin_level_ct.csv
06878000,IC-CMA-ES,IC-CMA-ES,CN,XAJ-CN,test,selected_restart,True,0.0727867121382812,S2,0.6383620027899575,-1.0,1.0,15,5479.0,True,0.6109096440168176,-9.945744408755022,0.6403705328386912,r1_basin_level_performance_rebuilt.csv + r1_basin_level_ct.csv
06878000,IC-CMA-ES,IC-CMA-ES,TGD,XAJ-TGD,test,selected_restart,True,0.0727867121382812,S2,0.6435411841699678,0.0,0.0,15,5479.0,True,0.6229313688520293,-10.428787572236997,0.6304001506043532,r1_basin_level_performance_rebuilt.csv + r1_basin_level_ct.csv
06878000,dPL-MLP,dPL-MLP,Base,XAJ-Base,test,median_across_seeds,True,0.0727867121382812,S2,0.6081428201572816,0.0,0.0,15,5479.0,True,0.6188097501643033,-9.238819702222754,0.6338361396444051,r1_basin_level_performance_rebuilt.csv + r1_basin_level_ct.csv
06878000,dPL-MLP,dPL-MLP,CN,XAJ-CN,test,median_across_seeds,True,0.0727867121382812,S2,0.4908818382130049,1.0,1.0,15,5479.0,True,0.5816926672822522,-22.970231872317836,0.6639782369848526,r1_basin_level_performance_rebuilt.csv + r1_basin_level_ct.csv
06878000,dPL-MLP,dPL-MLP,TGD,XAJ-TGD,test,median_across_seeds,True,0.0727867121382812,S2,0.4994497213149385,1.0,1.0,15,5479.0,True,0.5907642351339375,-21.528528346607377,0.6567391353352944,r1_basin_level_performance_rebuilt.csv + r1_basin_level_ct.csv
06879650,IC-CMA-ES,IC-CMA-ES,Base,XAJ-Base,test,selected_restart,True,0.0672497335190048,S2,0.3404587240560851,-2.0,2.0,15,5479.0,True,-0.34045504162658524,31.421244361182833,2.0204815703729806,r1_basin_level_performance_rebuilt.csv + r1_basin_level_ct.csv
06879650,IC-CMA-ES,IC-CMA-ES,CN,XAJ-CN,test,selected_restart,True,0.0672497335190048,S2,0.356019827417969,0.0,0.0,15,5479.0,True,-0.354739523271832,27.220771895349387,2.031218614019093,r1_basin_level_performance_rebuilt.csv + r1_basin_level_ct.csv
06879650,IC-CMA-ES,IC-CMA-ES,TGD,XAJ-TGD,test,selected_restart,True,0.0672497335190048,S2,0.3572646585460032,2.0,2.0,15,5479.0,True,-0.3728895118676019,25.42744838486561,2.044779868857762,r1_basin_level_performance_rebuilt.csv + r1_basin_level_ct.csv
06879650,dPL-MLP,dPL-MLP,Base,XAJ-Base,test,median_across_seeds,True,0.0672497335190048,S2,0.3890327992075867,6.0,6.0,15,5479.0,True,0.19641864110952845,-11.534370770771375,1.5643851833401208,r1_basin_level_performance_rebuilt.csv + r1_basin_level_ct.csv
06879650,dPL-MLP,dPL-MLP,CN,XAJ-CN,test,median_across_seeds,True,0.0672497335190048,S2,0.37582339446574964,6.0,6.0,15,5479.0,True,0.22211948186790298,-11.872604763926402,1.5391651256684435,r1_basin_level_performance_rebuilt.csv + r1_basin_level_ct.csv
06879650,dPL-MLP,dPL-MLP,TGD,XAJ-TGD,test,median_across_seeds,True,0.0672497335190048,S2,0.3885480144405242,6.0,6.0,15,5479.0,True,0.2246990555797308,-14.952909588087373,1.5366109500067677,r1_basin_level_performance_rebuilt.csv + r1_basin_level_ct.csv
06885500,IC-CMA-ES,IC-CMA-ES,Base,XAJ-Base,test,selected_restart,True,0.0842987262187572,S2,0.6577716310055169,-4.0,4.0,15,5479.0,True,0.7052797428449208,-12.173596104776196,0.8839037137536738,r1_basin_level_performance_rebuilt.csv + r1_basin_level_ct.csv
06885500,IC-CMA-ES,IC-CMA-ES,CN,XAJ-CN,test,selected_restart,True,0.0842987262187572,S2,0.6885453400920227,-4.0,4.0,15,5479.0,True,0.6794508061008587,-10.27062513106745,0.9218225109681549,r1_basin_level_performance_rebuilt.csv + r1_basin_level_ct.csv
06885500,IC-CMA-ES,IC-CMA-ES,TGD,XAJ-TGD,test,selected_restart,True,0.0842987262187572,S2,0.6193493046276252,11.0,11.0,15,5479.0,True,0.6920842270830897,-9.615608072323354,0.9034745698021371,r1_basin_level_performance_rebuilt.csv + r1_basin_level_ct.csv
06885500,dPL-MLP,dPL-MLP,Base,XAJ-Base,test,median_across_seeds,True,0.0842987262187572,S2,0.5408786029696655,8.0,8.0,15,5479.0,True,0.6453383054679458,-17.968344114713286,0.9696323740039089,r1_basin_level_performance_rebuilt.csv + r1_basin_level_ct.csv
06885500,dPL-MLP,dPL-MLP,CN,XAJ-CN,test,median_across_seeds,True,0.0842987262187572,S2,0.6298216119171889,17.0,17.0,15,5479.0,True,0.6642095132333159,-13.525097077182227,0.9434831729147813,r1_basin_level_performance_rebuilt.csv + r1_basin_level_ct.csv
06885500,dPL-MLP,dPL-MLP,TGD,XAJ-TGD,test,median_across_seeds,True,0.0842987262187572,S2,0.5370308018720747,11.0,11.0,15,5479.0,True,0.6451892275062123,-19.812618659125643,0.9698361394983209,r1_basin_level_performance_rebuilt.csv + r1_basin_level_ct.csv
06888500,IC-CMA-ES,IC-CMA-ES,Base,XAJ-Base,test,selected_restart,True,0.0703719655848806,S2,0.5266977442698031,4.0,4.0,15,5479.0,True,0.3873292161667018,24.39389059667947,1.5128157694251323,r1_basin_level_performance_rebuilt.csv + r1_basin_level_ct.csv
06888500,IC-CMA-ES,IC-CMA-ES,CN,XAJ-CN,test,selected_restart,True,0.0703719655848806,S2,0.5240041958998439,4.0,4.0,15,5479.0,True,0.33100628324568404,24.32843715490993,1.5808238405220985,r1_basin_level_performance_rebuilt.csv + r1_basin_level_ct.csv
06888500,IC-CMA-ES,IC-CMA-ES,TGD,XAJ-TGD,test,selected_restart,True,0.0703719655848806,S2,0.5495615293236167,3.0,3.0,15,5479.0,True,0.35597297966118213,22.603804164440565,1.5510453706668168,r1_basin_level_performance_rebuilt.csv + r1_basin_level_ct.csv
06888500,dPL-MLP,dPL-MLP,Base,XAJ-Base,test,median_across_seeds,True,0.0703719655848806,S2,0.6294327350243476,1.0,1.0,15,5479.0,True,0.4943326407856534,23.495337639245047,1.3743739595373643,r1_basin_level_performance_rebuilt.csv + r1_basin_level_ct.csv
06888500,dPL-MLP,dPL-MLP,CN,XAJ-CN,test,median_across_seeds,True,0.0703719655848806,S2,0.6414781804118697,6.0,6.0,15,5479.0,True,0.4682834994601174,23.481580020482912,1.4093294472523348,r1_basin_level_performance_rebuilt.csv + r1_basin_level_ct.csv
06888500,dPL-MLP,dPL-MLP,TGD,XAJ-TGD,test,median_across_seeds,True,0.0703719655848806,S2,0.6698111505519689,5.0,5.0,15,5479.0,True,0.4654435543825931,20.089760834680472,1.4130881120005587,r1_basin_level_performance_rebuilt.csv + r1_basin_level_ct.csv
06889200,IC-CMA-ES,IC-CMA-ES,Base,XAJ-Base,test,selected_restart,True,0.0716152496141078,S2,0.5659031360757258,0.0,0.0,15,5479.0,True,0.5082598847458073,-3.687083397119319,2.179913992568473,r1_basin_level_performance_rebuilt.csv + r1_basin_level_ct.csv
06889200,IC-CMA-ES,IC-CMA-ES,CN,XAJ-CN,test,selected_restart,True,0.0716152496141078,S2,0.5715645101147537,1.0,1.0,15,5479.0,True,0.49740493119762996,-4.795039568014487,2.2038429941119824,r1_basin_level_performance_rebuilt.csv + r1_basin_level_ct.csv
06889200,IC-CMA-ES,IC-CMA-ES,TGD,XAJ-TGD,test,selected_restart,True,0.0716152496141078,S2,0.5895983608534394,1.0,1.0,15,5479.0,True,0.5234498621432679,-4.208326052092407,2.1459808368269058,r1_basin_level_performance_rebuilt.csv + r1_basin_level_ct.csv
06889200,dPL-MLP,dPL-MLP,Base,XAJ-Base,test,median_across_seeds,True,0.0716152496141078,S2,0.49982688690343535,1.0,1.0,15,5479.0,True,0.48658427019090245,-11.969361668411873,2.2274405666232364,r1_basin_level_performance_rebuilt.csv + r1_basin_level_ct.csv
06889200,dPL-MLP,dPL-MLP,CN,XAJ-CN,test,median_across_seeds,True,0.0716152496141078,S2,0.44702779104299706,3.0,3.0,15,5479.0,True,0.45751487438757144,-14.603871459123734,2.2896307923634653,r1_basin_level_performance_rebuilt.csv + r1_basin_level_ct.csv
06889200,dPL-MLP,dPL-MLP,TGD,XAJ-TGD,test,median_across_seeds,True,0.0716152496141078,S2,0.49277500950952835,1.0,1.0,15,5479.0,True,0.4840088969035182,-12.112342279453928,2.233020172783521,r1_basin_level_performance_rebuilt.csv + r1_basin_level_ct.csv
06889500,IC-CMA-ES,IC-CMA-ES,Base,XAJ-Base,test,selected_restart,True,0.069599735811632,S2,0.7600618047358115,0.0,0.0,15,5479.0,True,0.7133723997951202,8.831380920662198,1.3909431511188337,r1_basin_level_performance_rebuilt.csv + r1_basin_level_ct.csv
06889500,IC-CMA-ES,IC-CMA-ES,CN,XAJ-CN,test,selected_restart,True,0.069599735811632,S2,0.7395065972218885,0.0,0.0,15,5479.0,True,0.6768067592960086,8.871421869348154,1.477003455293501,r1_basin_level_performance_rebuilt.csv + r1_basin_level_ct.csv
06889500,IC-CMA-ES,IC-CMA-ES,TGD,XAJ-TGD,test,selected_restart,True,0.069599735811632,S2,0.7334501403338372,0.0,0.0,15,5479.0,True,0.6733208142856794,8.529113676780408,1.4849475317901142,r1_basin_level_performance_rebuilt.csv + r1_basin_level_ct.csv
06889500,dPL-MLP,dPL-MLP,Base,XAJ-Base,test,median_across_seeds,True,0.069599735811632,S2,0.6864617606563075,0.0,0.0,15,5479.0,True,0.6657261117612537,5.215071368620513,1.5021095358801058,r1_basin_level_performance_rebuilt.csv + r1_basin_level_ct.csv
06889500,dPL-MLP,dPL-MLP,CN,XAJ-CN,test,median_across_seeds,True,0.069599735811632,S2,0.6408592078678541,0.0,0.0,15,5479.0,True,0.6108096141327093,1.381618006895139,1.6208074652730655,r1_basin_level_performance_rebuilt.csv + r1_basin_level_ct.csv
06889500,dPL-MLP,dPL-MLP,TGD,XAJ-TGD,test,median_across_seeds,True,0.069599735811632,S2,0.6655068554040775,0.0,0.0,15,5479.0,True,0.6556011116753554,5.5279130617240995,1.5246889299738233,r1_basin_level_performance_rebuilt.csv + r1_basin_level_ct.csv
06892000,IC-CMA-ES,IC-CMA-ES,Base,XAJ-Base,test,selected_restart,True,0.0715178249456991,S2,0.7819689054087906,1.0,1.0,15,5479.0,True,0.7605778016497433,-4.5185478454869275,1.1246075468053836,r1_basin_level_performance_rebuilt.csv + r1_basin_level_ct.csv
06892000,IC-CMA-ES,IC-CMA-ES,CN,XAJ-CN,test,selected_restart,True,0.0715178249456991,S2,0.7821583106653884,-2.0,2.0,15,5479.0,True,0.7553697210675738,-1.3492243531729289,1.136773371245491,r1_basin_level_performance_rebuilt.csv + r1_basin_level_ct.csv
06892000,IC-CMA-ES,IC-CMA-ES,TGD,XAJ-TGD,test,selected_restart,True,0.0715178249456991,S2,0.7972258182260972,1.0,1.0,15,5479.0,True,0.7667812207828882,-4.546010731738454,1.109942664552445,r1_basin_level_performance_rebuilt.csv + r1_basin_level_ct.csv
06892000,dPL-MLP,dPL-MLP,Base,XAJ-Base,test,median_across_seeds,True,0.0715178249456991,S2,0.7420719826010193,0.0,0.0,15,5479.0,True,0.7821309704916022,-11.794860721852222,1.0727944941165992,r1_basin_level_performance_rebuilt.csv + r1_basin_level_ct.csv
06892000,dPL-MLP,dPL-MLP,CN,XAJ-CN,test,median_across_seeds,True,0.0715178249456991,S2,0.730740347829985,0.0,0.0,15,5479.0,True,0.7645547368690446,-11.694700665420525,1.1152282580384127,r1_basin_level_performance_rebuilt.csv + r1_basin_level_ct.csv
06892000,dPL-MLP,dPL-MLP,TGD,XAJ-TGD,test,median_across_seeds,True,0.0715178249456991,S2,0.7415017112928095,0.0,0.0,15,5479.0,True,0.7895486346686909,-11.377434139384684,1.054373932705793,r1_basin_level_performance_rebuilt.csv + r1_basin_level_ct.csv
06903400,IC-CMA-ES,IC-CMA-ES,Base,XAJ-Base,test,selected_restart,True,0.0979262678501136,S2,0.653591827628025,4.0,4.0,15,5479.0,True,0.33802684612560274,7.922332844062179,1.8707733365820052,r1_basin_level_performance_rebuilt.csv + r1_basin_level_ct.csv
06903400,IC-CMA-ES,IC-CMA-ES,CN,XAJ-CN,test,selected_restart,True,0.0979262678501136,S2,0.6456711853672392,5.0,5.0,15,5479.0,True,0.4024010773295277,8.155952274265026,1.7774847600623902,r1_basin_level_performance_rebuilt.csv + r1_basin_level_ct.csv
06903400,IC-CMA-ES,IC-CMA-ES,TGD,XAJ-TGD,test,selected_restart,True,0.0979262678501136,S2,0.6724494496134649,5.0,5.0,15,5479.0,True,0.38767372332014405,7.673953567279335,1.7992538109212175,r1_basin_level_performance_rebuilt.csv + r1_basin_level_ct.csv
06903400,dPL-MLP,dPL-MLP,Base,XAJ-Base,test,median_across_seeds,True,0.0979262678501136,S2,0.7890682712699006,7.0,7.0,15,5479.0,True,0.570224709384623,1.928215729215948,1.507376374650342,r1_basin_level_performance_rebuilt.csv + r1_basin_level_ct.csv
06903400,dPL-MLP,dPL-MLP,CN,XAJ-CN,test,median_across_seeds,True,0.0979262678501136,S2,0.8005061323750524,7.0,7.0,15,5479.0,True,0.6211951955899636,4.320640004275787,1.4151703542709777,r1_basin_level_performance_rebuilt.csv + r1_basin_level_ct.csv
06903400,dPL-MLP,dPL-MLP,TGD,XAJ-TGD,test,median_across_seeds,True,0.0979262678501136,S2,0.8106088032273071,7.0,7.0,15,5479.0,True,0.6211755513693249,-1.2211206197410513,1.4152070480482892,r1_basin_level_performance_rebuilt.csv + r1_basin_level_ct.csv
06906800,IC-CMA-ES,IC-CMA-ES,Base,XAJ-Base,test,selected_restart,True,0.0604504736826071,S2,0.6927747945987651,0.0,0.0,15,5479.0,True,0.6292144431439879,20.106871368041993,1.905053553110983,r1_basin_level_performance_rebuilt.csv + r1_basin_level_ct.csv
06906800,IC-CMA-ES,IC-CMA-ES,CN,XAJ-CN,test,selected_restart,True,0.0604504736826071,S2,0.7462509573735363,13.0,13.0,15,5479.0,True,0.6410006378795978,17.15827203331427,1.874530981760956,r1_basin_level_performance_rebuilt.csv + r1_basin_level_ct.csv
06906800,IC-CMA-ES,IC-CMA-ES,TGD,XAJ-TGD,test,selected_restart,True,0.0604504736826071,S2,0.7404077836924678,0.0,0.0,15,5479.0,True,0.649172794167237,16.556794929506385,1.853072523250636,r1_basin_level_performance_rebuilt.csv + r1_basin_level_ct.csv
06906800,dPL-MLP,dPL-MLP,Base,XAJ-Base,test,median_across_seeds,True,0.0604504736826071,S2,0.701442649247177,0.0,0.0,15,5479.0,True,0.6314119940667517,19.051145493456055,1.899399781579978,r1_basin_level_performance_rebuilt.csv + r1_basin_level_ct.csv
06906800,dPL-MLP,dPL-MLP,CN,XAJ-CN,test,median_across_seeds,True,0.0604504736826071,S2,0.6931731525163987,0.0,0.0,15,5479.0,True,0.6012692871410814,21.5253908102046,1.9755390961863237,r1_basin_level_performance_rebuilt.csv + r1_basin_level_ct.csv
06906800,dPL-MLP,dPL-MLP,TGD,XAJ-TGD,test,median_across_seeds,True,0.0604504736826071,S2,0.674132944284713,0.0,0.0,15,5479.0,True,0.6109083783965457,23.133936906772977,1.9515142364399363,r1_basin_level_performance_rebuilt.csv + r1_basin_level_ct.csv
06910800,IC-CMA-ES,IC-CMA-ES,Base,XAJ-Base,test,selected_restart,True,0.0613066358092003,S2,0.6034818130447148,5.0,5.0,15,5479.0,True,0.5126519590211711,10.092301417049091,1.8362068513519407,r1_basin_level_performance_rebuilt.csv + r1_basin_level_ct.csv
06910800,IC-CMA-ES,IC-CMA-ES,CN,XAJ-CN,test,selected_restart,True,0.0613066358092003,S2,0.5765272199151219,3.0,3.0,15,5479.0,True,0.4475395444165443,4.564335784110559,1.9550262355841939,r1_basin_level_performance_rebuilt.csv + r1_basin_level_ct.csv
06910800,IC-CMA-ES,IC-CMA-ES,TGD,XAJ-TGD,test,selected_restart,True,0.0613066358092003,S2,0.6464782057597164,0.0,0.0,15,5479.0,True,0.5592059486812309,12.722075414746422,1.7463040196100825,r1_basin_level_performance_rebuilt.csv + r1_basin_level_ct.csv
06910800,dPL-MLP,dPL-MLP,Base,XAJ-Base,test,median_across_seeds,True,0.0613066358092003,S2,0.836920486054112,5.0,5.0,15,5479.0,True,0.7283969615280155,-1.1947992699705485,1.3707848731897914,r1_basin_level_performance_rebuilt.csv + r1_basin_level_ct.csv
06910800,dPL-MLP,dPL-MLP,CN,XAJ-CN,test,median_across_seeds,True,0.0613066358092003,S2,0.8330340004744557,5.0,5.0,15,5479.0,True,0.7089428741489596,-1.8772591440402113,1.4190284719936226,r1_basin_level_performance_rebuilt.csv + r1_basin_level_ct.csv
06910800,dPL-MLP,dPL-MLP,TGD,XAJ-TGD,test,median_across_seeds,True,0.0613066358092003,S2,0.8358314669027055,5.0,5.0,15,5479.0,True,0.7307442747316899,-5.272928748264998,1.3648485556739374,r1_basin_level_performance_rebuilt.csv + r1_basin_level_ct.csv
06911900,IC-CMA-ES,IC-CMA-ES,Base,XAJ-Base,test,selected_restart,True,0.0618531603753962,S2,0.7666105446817605,1.0,1.0,15,5479.0,True,0.6343900781679674,3.3727572138715867,1.7704677380460017,r1_basin_level_performance_rebuilt.csv + r1_basin_level_ct.csv
06911900,IC-CMA-ES,IC-CMA-ES,CN,XAJ-CN,test,selected_restart,True,0.0618531603753962,S2,0.7490873652406573,3.0,3.0,15,5479.0,True,0.6055810005165185,4.106156464787166,1.838899286862389,r1_basin_level_performance_rebuilt.csv + r1_basin_level_ct.csv
06911900,IC-CMA-ES,IC-CMA-ES,TGD,XAJ-TGD,test,selected_restart,True,0.0618531603753962,S2,0.7821492105326475,1.0,1.0,15,5479.0,True,0.6635136160467932,3.208521613741188,1.6984891555447126,r1_basin_level_performance_rebuilt.csv + r1_basin_level_ct.csv
06911900,dPL-MLP,dPL-MLP,Base,XAJ-Base,test,median_across_seeds,True,0.0618531603753962,S2,0.8637902241732229,3.0,3.0,15,5479.0,True,0.7403999183422034,-1.6131680689097667,1.4918715883658944,r1_basin_level_performance_rebuilt.csv + r1_basin_level_ct.csv
06911900,dPL-MLP,dPL-MLP,CN,XAJ-CN,test,median_across_seeds,True,0.0618531603753962,S2,0.8551448805018925,3.0,3.0,15,5479.0,True,0.7141153961991096,-2.3013778251367185,1.5655769351249693,r1_basin_level_performance_rebuilt.csv + r1_basin_level_ct.csv
06911900,dPL-MLP,dPL-MLP,TGD,XAJ-TGD,test,median_across_seeds,True,0.0618531603753962,S2,0.8611251498418274,3.0,3.0,15,5479.0,True,0.7301073876259678,-3.452508956634678,1.5211587129145006,r1_basin_level_performance_rebuilt.csv + r1_basin_level_ct.csv
06917000,IC-CMA-ES,IC-CMA-ES,Base,XAJ-Base,test,selected_restart,True,0.05107020470328,S2,0.8411970214519433,0.0,0.0,15,5479.0,True,0.6852147898541705,-0.7172636818760656,1.8894945688510092,r1_basin_level_performance_rebuilt.csv + r1_basin_level_ct.csv
06917000,IC-CMA-ES,IC-CMA-ES,CN,XAJ-CN,test,selected_restart,True,0.05107020470328,S2,0.8332483388640363,0.0,0.0,15,5479.0,True,0.6685215010826032,0.8852442130253202,1.9389480356610567,r1_basin_level_performance_rebuilt.csv + r1_basin_level_ct.csv
06917000,IC-CMA-ES,IC-CMA-ES,TGD,XAJ-TGD,test,selected_restart,True,0.05107020470328,S2,0.8448896988210368,-1.0,1.0,15,5479.0,True,0.697012817011869,0.9771036238994055,1.8537476646951254,r1_basin_level_performance_rebuilt.csv + r1_basin_level_ct.csv
06917000,dPL-MLP,dPL-MLP,Base,XAJ-Base,test,median_across_seeds,True,0.05107020470328,S2,0.833861416469644,1.0,1.0,15,5479.0,True,0.7692182857774801,-2.4270564603575564,1.6178534737299886,r1_basin_level_performance_rebuilt.csv + r1_basin_level_ct.csv
06917000,dPL-MLP,dPL-MLP,CN,XAJ-CN,test,median_across_seeds,True,0.05107020470328,S2,0.8293288701063172,1.0,1.0,15,5479.0,True,0.7580319156695048,-1.368410243626345,1.6565995206708863,r1_basin_level_performance_rebuilt.csv + r1_basin_level_ct.csv
06917000,dPL-MLP,dPL-MLP,TGD,XAJ-TGD,test,median_across_seeds,True,0.05107020470328,S2,0.8393004875248042,1.0,1.0,15,5479.0,True,0.7614976591013938,-1.3074818822862195,1.6446928759848514,r1_basin_level_performance_rebuilt.csv + r1_basin_level_ct.csv
06918460,IC-CMA-ES,IC-CMA-ES,Base,XAJ-Base,test,selected_restart,True,0.0498588468679264,S1,0.6081206393651,1.0,1.0,15,5479.0,True,0.4268009267287508,17.22026899997815,1.3132587811070713,r1_basin_level_performance_rebuilt.csv + r1_basin_level_ct.csv
06918460,IC-CMA-ES,IC-CMA-ES,CN,XAJ-CN,test,selected_restart,True,0.0498588468679264,S1,0.6172120833195278,6.0,6.0,15,5479.0,True,0.4475337045206551,16.279598246163015,1.2892895648136227,r1_basin_level_performance_rebuilt.csv + r1_basin_level_ct.csv
06918460,IC-CMA-ES,IC-CMA-ES,TGD,XAJ-TGD,test,selected_restart,True,0.0498588468679264,S1,0.6058375644980986,3.0,3.0,15,5479.0,True,0.43923386551879195,17.20580685420625,1.2989381211474837,r1_basin_level_performance_rebuilt.csv + r1_basin_level_ct.csv
06918460,dPL-MLP,dPL-MLP,Base,XAJ-Base,test,median_across_seeds,True,0.0498588468679264,S1,0.6207428268706938,3.0,3.0,15,5479.0,True,0.4510301635711319,14.262065138293847,1.285203249176759,r1_basin_level_performance_rebuilt.csv + r1_basin_level_ct.csv
06918460,dPL-MLP,dPL-MLP,CN,XAJ-CN,test,median_across_seeds,True,0.0498588468679264,S1,0.531396716729218,9.0,9.0,15,5479.0,True,0.3357681600744258,16.463081241713745,1.4137005222426586,r1_basin_level_performance_rebuilt.csv + r1_basin_level_ct.csv
06918460,dPL-MLP,dPL-MLP,TGD,XAJ-TGD,test,median_across_seeds,True,0.0498588468679264,S1,0.6034418813750353,6.0,6.0,15,5479.0,True,0.4295566539612714,16.355681415973837,1.3100981486822703,r1_basin_level_performance_rebuilt.csv + r1_basin_level_ct.csv
06919500,IC-CMA-ES,IC-CMA-ES,Base,XAJ-Base,test,selected_restart,True,0.0494466083766876,S1,0.8472738014345126,2.0,2.0,15,5479.0,True,0.7832115998045999,10.748503854986101,1.0742171354490566,r1_basin_level_performance_rebuilt.csv + r1_basin_level_ct.csv
06919500,IC-CMA-ES,IC-CMA-ES,CN,XAJ-CN,test,selected_restart,True,0.0494466083766876,S1,0.8453065667508276,4.0,4.0,15,5479.0,True,0.7873153037102096,10.599252485913176,1.064001343251652,r1_basin_level_performance_rebuilt.csv + r1_basin_level_ct.csv
06919500,IC-CMA-ES,IC-CMA-ES,TGD,XAJ-TGD,test,selected_restart,True,0.0494466083766876,S1,0.8487037882545124,9.0,9.0,15,5479.0,True,0.7905902796006178,10.37178517776885,1.0557776741102032,r1_basin_level_performance_rebuilt.csv + r1_basin_level_ct.csv
06919500,dPL-MLP,dPL-MLP,Base,XAJ-Base,test,median_across_seeds,True,0.0494466083766876,S1,0.811247149065765,1.0,1.0,15,5479.0,True,0.7629293096937362,13.140086071435618,1.1233445630575611,r1_basin_level_performance_rebuilt.csv + r1_basin_level_ct.csv
06919500,dPL-MLP,dPL-MLP,CN,XAJ-CN,test,median_across_seeds,True,0.0494466083766876,S1,0.7823753222866707,1.0,1.0,15,5479.0,True,0.759687923920533,15.719443218608497,1.1309980423894004,r1_basin_level_performance_rebuilt.csv + r1_basin_level_ct.csv
06919500,dPL-MLP,dPL-MLP,TGD,XAJ-TGD,test,median_across_seeds,True,0.0494466083766876,S1,0.7744533819497773,1.0,1.0,15,5479.0,True,0.7649320023306885,16.26196446917511,1.1185896832751472,r1_basin_level_performance_rebuilt.csv + r1_basin_level_ct.csv
06921070,IC-CMA-ES,IC-CMA-ES,Base,XAJ-Base,test,selected_restart,True,0.0601238372834516,S2,0.6354717139881503,-1.0,1.0,15,5479.0,True,0.6241813670514278,25.837191901730336,1.6496584658127909,r1_basin_level_performance_rebuilt.csv + r1_basin_level_ct.csv
06921070,IC-CMA-ES,IC-CMA-ES,CN,XAJ-CN,test,selected_restart,True,0.0601238372834516,S2,0.49857980901030496,6.0,6.0,15,5479.0,True,0.47816511727503175,34.42866335929388,1.9438888972100798,r1_basin_level_performance_rebuilt.csv + r1_basin_level_ct.csv
06921070,IC-CMA-ES,IC-CMA-ES,TGD,XAJ-TGD,test,selected_restart,True,0.0601238372834516,S2,0.5565789967846206,2.0,2.0,15,5479.0,True,0.5410706448122025,26.927231056713417,1.8229627937326214,r1_basin_level_performance_rebuilt.csv + r1_basin_level_ct.csv
06921070,dPL-MLP,dPL-MLP,Base,XAJ-Base,test,median_across_seeds,True,0.0601238372834516,S2,0.6664598013704524,0.0,0.0,15,5479.0,True,0.6331426338776589,24.474132511503935,1.629872032915818,r1_basin_level_performance_rebuilt.csv + r1_basin_level_ct.csv
06921070,dPL-MLP,dPL-MLP,CN,XAJ-CN,test,median_across_seeds,True,0.0601238372834516,S2,0.5931712389407795,2.0,2.0,15,5479.0,True,0.5803362268819503,25.989576006447464,1.7432337534598796,r1_basin_level_performance_rebuilt.csv + r1_basin_level_ct.csv
06921070,dPL-MLP,dPL-MLP,TGD,XAJ-TGD,test,median_across_seeds,True,0.0601238372834516,S2,0.6442630019483433,1.0,1.0,15,5479.0,True,0.6366034129610951,23.889321835527465,1.6221660502765562,r1_basin_level_performance_rebuilt.csv + r1_basin_level_ct.csv
06921200,IC-CMA-ES,IC-CMA-ES,Base,XAJ-Base,test,selected_restart,True,0.0572554270612204,S2,0.4130652584026845,0.0,0.0,15,5479.0,True,0.2711134056279991,39.794135227204215,2.433762737684137,r1_basin_level_performance_rebuilt.csv + r1_basin_level_ct.csv
06921200,IC-CMA-ES,IC-CMA-ES,CN,XAJ-CN,test,selected_restart,True,0.0572554270612204,S2,0.46752443840856683,1.0,1.0,15,5479.0,True,0.34753743122559133,34.82698207922189,2.30264006496687,r1_basin_level_performance_rebuilt.csv + r1_basin_level_ct.csv
06921200,IC-CMA-ES,IC-CMA-ES,TGD,XAJ-TGD,test,selected_restart,True,0.0572554270612204,S2,0.3845008104096367,0.0,0.0,15,5479.0,True,0.22337982194976114,40.42190544529478,2.512190628578108,r1_basin_level_performance_rebuilt.csv + r1_basin_level_ct.csv
06921200,dPL-MLP,dPL-MLP,Base,XAJ-Base,test,median_across_seeds,True,0.0572554270612204,S2,0.5642385380169738,1.0,1.0,15,5479.0,True,0.45720228159992393,31.110502640952312,2.100231959269202,r1_basin_level_performance_rebuilt.csv + r1_basin_level_ct.csv
06921200,dPL-MLP,dPL-MLP,CN,XAJ-CN,test,median_across_seeds,True,0.0572554270612204,S2,0.4605901053566087,2.0,2.0,15,5479.0,True,0.34440639512550864,37.408127506283186,2.308158404862754,r1_basin_level_performance_rebuilt.csv + r1_basin_level_ct.csv
06921200,dPL-MLP,dPL-MLP,TGD,XAJ-TGD,test,median_across_seeds,True,0.0572554270612204,S2,0.5569660372179809,1.0,1.0,15,5479.0,True,0.4402842232812618,32.09695232738715,2.1327111053778047,r1_basin_level_performance_rebuilt.csv + r1_basin_level_ct.csv
07057500,IC-CMA-ES,IC-CMA-ES,Base,XAJ-Base,test,selected_restart,True,0.0564394367095807,S2,0.6809141371302389,-3.0,3.0,15,5479.0,True,0.6277251139316871,15.50606968161959,0.9837860033477323,r1_basin_level_performance_rebuilt.csv + r1_basin_level_ct.csv
07057500,IC-CMA-ES,IC-CMA-ES,CN,XAJ-CN,test,selected_restart,True,0.0564394367095807,S2,0.6953166721596222,-1.0,1.0,15,5479.0,True,0.6522519136448071,16.161548847284603,0.9508262085479083,r1_basin_level_performance_rebuilt.csv + r1_basin_level_ct.csv
07057500,IC-CMA-ES,IC-CMA-ES,TGD,XAJ-TGD,test,selected_restart,True,0.0564394367095807,S2,0.6792219240559312,1.0,1.0,15,5479.0,True,0.6336237616866542,16.039488730462597,0.9759609012119945,r1_basin_level_performance_rebuilt.csv + r1_basin_level_ct.csv
07057500,dPL-MLP,dPL-MLP,Base,XAJ-Base,test,median_across_seeds,True,0.0564394367095807,S2,0.836057178388287,5.0,5.0,15,5479.0,True,0.7822863644302875,12.028146806512812,0.7523355513964262,r1_basin_level_performance_rebuilt.csv + r1_basin_level_ct.csv
07057500,dPL-MLP,dPL-MLP,CN,XAJ-CN,test,median_across_seeds,True,0.0564394367095807,S2,0.8284304080496929,6.0,6.0,15,5479.0,True,0.7737092305035328,10.523890723808654,0.7670120543064132,r1_basin_level_performance_rebuilt.csv + r1_basin_level_ct.csv
07057500,dPL-MLP,dPL-MLP,TGD,XAJ-TGD,test,median_across_seeds,True,0.0564394367095807,S2,0.8358071706581375,5.0,5.0,15,5479.0,True,0.7964138422084839,12.53904474698377,0.7275165758486646,r1_basin_level_performance_rebuilt.csv + r1_basin_level_ct.csv
07060710,IC-CMA-ES,IC-CMA-ES,Base,XAJ-Base,test,selected_restart,True,0.0509984831292569,S2,0.7006411263234535,-24.0,24.0,15,5479.0,True,0.4954903615388465,4.501867832093085,2.550592032226312,r1_basin_level_performance_rebuilt.csv + r1_basin_level_ct.csv
07060710,IC-CMA-ES,IC-CMA-ES,CN,XAJ-CN,test,selected_restart,True,0.0509984831292569,S2,0.7159358439238848,-11.0,11.0,15,5479.0,True,0.533666265519374,0.8381879211345661,2.452193187110232,r1_basin_level_performance_rebuilt.csv + r1_basin_level_ct.csv
07060710,IC-CMA-ES,IC-CMA-ES,TGD,XAJ-TGD,test,selected_restart,True,0.0509984831292569,S2,0.7327256613574703,-9.0,9.0,15,5479.0,True,0.5413838131772375,-0.5991833912136822,2.431817359548324,r1_basin_level_performance_rebuilt.csv + r1_basin_level_ct.csv
07060710,dPL-MLP,dPL-MLP,Base,XAJ-Base,test,median_across_seeds,True,0.0509984831292569,S2,0.5984249513945781,-4.0,4.0,15,5479.0,True,0.5286213288482873,4.592357442737843,2.465421782290874,r1_basin_level_performance_rebuilt.csv + r1_basin_level_ct.csv
07060710,dPL-MLP,dPL-MLP,CN,XAJ-CN,test,median_across_seeds,True,0.0509984831292569,S2,0.6471296437533334,-6.0,6.0,15,5479.0,True,0.5436380595000949,9.208092264788387,2.425833414312576,r1_basin_level_performance_rebuilt.csv + r1_basin_level_ct.csv
07060710,dPL-MLP,dPL-MLP,TGD,XAJ-TGD,test,median_across_seeds,True,0.0509984831292569,S2,0.6162681783444817,0.0,0.0,15,5479.0,True,0.5401441609453543,6.709536024620903,2.4351017763551996,r1_basin_level_performance_rebuilt.csv + r1_basin_level_ct.csv
07066000,IC-CMA-ES,IC-CMA-ES,Base,XAJ-Base,test,selected_restart,True,0.0562313137196695,S2,0.7481374638412626,-7.0,7.0,15,5479.0,True,0.6015154165908563,-0.6144934392923659,1.2312816940170737,r1_basin_level_performance_rebuilt.csv + r1_basin_level_ct.csv
07066000,IC-CMA-ES,IC-CMA-ES,CN,XAJ-CN,test,selected_restart,True,0.0562313137196695,S2,0.7456984940275286,-7.0,7.0,15,5479.0,True,0.5903333925146443,-1.1227701025927457,1.2484378968118777,r1_basin_level_performance_rebuilt.csv + r1_basin_level_ct.csv
07066000,IC-CMA-ES,IC-CMA-ES,TGD,XAJ-TGD,test,selected_restart,True,0.0562313137196695,S2,0.75423023116866,-6.0,6.0,15,5479.0,True,0.6299265297121481,0.5216929016892189,1.1865762104924371,r1_basin_level_performance_rebuilt.csv + r1_basin_level_ct.csv
07066000,dPL-MLP,dPL-MLP,Base,XAJ-Base,test,median_across_seeds,True,0.0562313137196695,S2,0.8384726231431292,-1.0,1.0,15,5479.0,True,0.6779960764241297,-1.6816370939708394,1.1068333653817974,r1_basin_level_performance_rebuilt.csv + r1_basin_level_ct.csv
07066000,dPL-MLP,dPL-MLP,CN,XAJ-CN,test,median_across_seeds,True,0.0562313137196695,S2,0.8296920061974598,0.0,0.0,15,5479.0,True,0.6691007330069532,2.984079815824394,1.1220173258418835,r1_basin_level_performance_rebuilt.csv + r1_basin_level_ct.csv
07066000,dPL-MLP,dPL-MLP,TGD,XAJ-TGD,test,median_across_seeds,True,0.0562313137196695,S2,0.8224371474051708,-2.0,2.0,15,5479.0,True,0.6668583659244927,0.09843626666601722,1.1258126299119842,r1_basin_level_performance_rebuilt.csv + r1_basin_level_ct.csv
07083000,IC-CMA-ES,IC-CMA-ES,Base,XAJ-Base,test,selected_restart,True,0.710599947836907,S5,-0.03772507249548718,-71.0,71.0,15,5479.0,True,-0.7743043247502395,4.167241538924206,2.3223562199173866,r1_basin_level_performance_rebuilt.csv + r1_basin_level_ct.csv
07083000,IC-CMA-ES,IC-CMA-ES,CN,XAJ-CN,test,selected_restart,True,0.710599947836907,S5,0.9159468709439125,-1.0,1.0,15,5479.0,True,0.8397614168119274,-0.5673462275319464,0.6979082438916241,r1_basin_level_performance_rebuilt.csv + r1_basin_level_ct.csv
07083000,IC-CMA-ES,IC-CMA-ES,TGD,XAJ-TGD,test,selected_restart,True,0.710599947836907,S5,0.7467228138235567,-17.0,17.0,15,5479.0,True,0.5096653207048336,-4.887621422112187,1.22084656410041,r1_basin_level_performance_rebuilt.csv + r1_basin_level_ct.csv
07083000,dPL-MLP,dPL-MLP,Base,XAJ-Base,test,median_across_seeds,True,0.710599947836907,S5,0.0005781385248558868,-60.0,60.0,15,5479.0,True,-0.02493421138187868,-0.3440145890078265,1.7650734202415586,r1_basin_level_performance_rebuilt.csv + r1_basin_level_ct.csv
07083000,dPL-MLP,dPL-MLP,CN,XAJ-CN,test,median_across_seeds,True,0.710599947836907,S5,0.8575193750011664,-5.0,5.0,15,5479.0,True,0.8438689330998146,10.833632566185875,0.6889051698665831,r1_basin_level_performance_rebuilt.csv + r1_basin_level_ct.csv
07083000,dPL-MLP,dPL-MLP,TGD,XAJ-TGD,test,median_across_seeds,True,0.710599947836907,S5,0.73797377147686,-19.0,19.0,15,5479.0,True,0.5324569977968852,1.191513784163729,1.1921353353353388,r1_basin_level_performance_rebuilt.csv + r1_basin_level_ct.csv
07142300,IC-CMA-ES,IC-CMA-ES,Base,XAJ-Base,test,selected_restart,True,0.0867916780002227,S2,-0.08840444677692805,-19.0,19.0,15,5479.0,True,-1.9416614976321038,30.373876291470367,0.07802426727922682,r1_basin_level_performance_rebuilt.csv + r1_basin_level_ct.csv
07142300,IC-CMA-ES,IC-CMA-ES,CN,XAJ-CN,test,selected_restart,True,0.0867916780002227,S2,-0.306796692938643,-4.0,4.0,15,5479.0,True,-2.4911579648502826,39.464242363718355,0.08499983853628881,r1_basin_level_performance_rebuilt.csv + r1_basin_level_ct.csv
07142300,IC-CMA-ES,IC-CMA-ES,TGD,XAJ-TGD,test,selected_restart,True,0.0867916780002227,S2,-0.29226349335106994,-3.0,3.0,15,5479.0,True,-2.355941351711466,33.42591165436204,0.08333751227036837,r1_basin_level_performance_rebuilt.csv + r1_basin_level_ct.csv
07142300,dPL-MLP,dPL-MLP,Base,XAJ-Base,test,median_across_seeds,True,0.0867916780002227,S2,-0.4237401532914873,3.0,3.0,15,5479.0,True,-2.6934485914401907,65.58280870163492,0.08742776577279733,r1_basin_level_performance_rebuilt.csv + r1_basin_level_ct.csv
07142300,dPL-MLP,dPL-MLP,CN,XAJ-CN,test,median_across_seeds,True,0.0867916780002227,S2,-0.3889560963581751,23.0,23.0,15,5479.0,True,-2.5804045543143617,59.457530680246514,0.08607943371433632,r1_basin_level_performance_rebuilt.csv + r1_basin_level_ct.csv
07142300,dPL-MLP,dPL-MLP,TGD,XAJ-TGD,test,median_across_seeds,True,0.0867916780002227,S2,-0.34862877752276433,26.0,26.0,15,5479.0,True,-2.5965588436146714,59.44403048118077,0.08627340440785,r1_basin_level_performance_rebuilt.csv + r1_basin_level_ct.csv
07145700,IC-CMA-ES,IC-CMA-ES,Base,XAJ-Base,test,selected_restart,True,0.0617611519704068,S2,0.7007604982443495,0.0,0.0,15,5479.0,True,0.6202381050210573,21.326325995172052,1.53551005393978,r1_basin_level_performance_rebuilt.csv + r1_basin_level_ct.csv
07145700,IC-CMA-ES,IC-CMA-ES,CN,XAJ-CN,test,selected_restart,True,0.0617611519704068,S2,0.7407520508216959,-1.0,1.0,15,5479.0,True,0.594921976505375,10.626312196284642,1.5858653587930707,r1_basin_level_performance_rebuilt.csv + r1_basin_level_ct.csv
07145700,IC-CMA-ES,IC-CMA-ES,TGD,XAJ-TGD,test,selected_restart,True,0.0617611519704068,S2,0.6949388900371486,-1.0,1.0,15,5479.0,True,0.5578523156618045,17.11539421471214,1.6568402975516483,r1_basin_level_performance_rebuilt.csv + r1_basin_level_ct.csv
07145700,dPL-MLP,dPL-MLP,Base,XAJ-Base,test,median_across_seeds,True,0.0617611519704068,S2,0.7967929374526092,0.0,0.0,15,5479.0,True,0.6601119741145041,10.236279139475927,1.4526630967018823,r1_basin_level_performance_rebuilt.csv + r1_basin_level_ct.csv
07145700,dPL-MLP,dPL-MLP,CN,XAJ-CN,test,median_across_seeds,True,0.0617611519704068,S2,0.7327356389783531,0.0,0.0,15,5479.0,True,0.6062323988030704,18.28065425893968,1.5635686764303383,r1_basin_level_performance_rebuilt.csv + r1_basin_level_ct.csv
07145700,dPL-MLP,dPL-MLP,TGD,XAJ-TGD,test,median_across_seeds,True,0.0617611519704068,S2,0.7349845138900069,0.0,0.0,15,5479.0,True,0.5846229403581092,16.99489548677618,1.6058989914306891,r1_basin_level_performance_rebuilt.csv + r1_basin_level_ct.csv
07167500,IC-CMA-ES,IC-CMA-ES,Base,XAJ-Base,test,selected_restart,True,0.0520689190916616,S2,0.8194623491698997,3.0,3.0,15,5479.0,True,0.6358012015804991,2.1731328823349756,2.9665041049746566,r1_basin_level_performance_rebuilt.csv + r1_basin_level_ct.csv
07167500,IC-CMA-ES,IC-CMA-ES,CN,XAJ-CN,test,selected_restart,True,0.0520689190916616,S2,0.8247289161731295,5.0,5.0,15,5479.0,True,0.6442304002197665,0.5607409695557777,2.9319740146576194,r1_basin_level_performance_rebuilt.csv + r1_basin_level_ct.csv
07167500,IC-CMA-ES,IC-CMA-ES,TGD,XAJ-TGD,test,selected_restart,True,0.0520689190916616,S2,0.8150958743500533,5.0,5.0,15,5479.0,True,0.6585529377170778,-4.909478930227698,2.8723502075780187,r1_basin_level_performance_rebuilt.csv + r1_basin_level_ct.csv
07167500,dPL-MLP,dPL-MLP,Base,XAJ-Base,test,median_across_seeds,True,0.0520689190916616,S2,0.7245192547314039,5.0,5.0,15,5479.0,True,0.66616372020017,-14.074650142451285,2.8401577680045915,r1_basin_level_performance_rebuilt.csv + r1_basin_level_ct.csv
07167500,dPL-MLP,dPL-MLP,CN,XAJ-CN,test,median_across_seeds,True,0.0520689190916616,S2,0.7375085337740034,5.0,5.0,15,5479.0,True,0.6728944413844866,-13.19485322185093,2.811380715445089,r1_basin_level_performance_rebuilt.csv + r1_basin_level_ct.csv
07167500,dPL-MLP,dPL-MLP,TGD,XAJ-TGD,test,median_across_seeds,True,0.0520689190916616,S2,0.7319567132515405,5.0,5.0,15,5479.0,True,0.6761307949883208,-15.118726271005418,2.7974383669627803,r1_basin_level_performance_rebuilt.csv + r1_basin_level_ct.csv
07180500,IC-CMA-ES,IC-CMA-ES,Base,XAJ-Base,test,selected_restart,True,0.0557846206828486,S2,0.8255942432920651,2.0,2.0,15,5479.0,True,0.6485751304022296,-2.3878416539258485,1.7795019506577496,r1_basin_level_performance_rebuilt.csv + r1_basin_level_ct.csv
07180500,IC-CMA-ES,IC-CMA-ES,CN,XAJ-CN,test,selected_restart,True,0.0557846206828486,S2,0.8200447787327758,11.0,11.0,15,5479.0,True,0.6393105487893165,-3.135532957123281,1.802805783965774,r1_basin_level_performance_rebuilt.csv + r1_basin_level_ct.csv
07180500,IC-CMA-ES,IC-CMA-ES,TGD,XAJ-TGD,test,selected_restart,True,0.0557846206828486,S2,0.8175993750364495,3.0,3.0,15,5479.0,True,0.6384593097147412,-0.34398968247557626,1.804931871034735,r1_basin_level_performance_rebuilt.csv + r1_basin_level_ct.csv
07180500,dPL-MLP,dPL-MLP,Base,XAJ-Base,test,median_across_seeds,True,0.0557846206828486,S2,0.8305816929297327,15.0,15.0,15,5479.0,True,0.6683460783115575,1.379652345236038,1.7287205344324528,r1_basin_level_performance_rebuilt.csv + r1_basin_level_ct.csv
07180500,dPL-MLP,dPL-MLP,CN,XAJ-CN,test,median_across_seeds,True,0.0557846206828486,S2,0.83055587702848,15.0,15.0,15,5479.0,True,0.6573879675620922,3.460049847361726,1.7570476030151465,r1_basin_level_performance_rebuilt.csv + r1_basin_level_ct.csv
07180500,dPL-MLP,dPL-MLP,TGD,XAJ-TGD,test,median_across_seeds,True,0.0557846206828486,S2,0.828294785668162,15.0,15.0,15,5479.0,True,0.6598439186359066,3.581351340503186,1.7507387410960855,r1_basin_level_performance_rebuilt.csv + r1_basin_level_ct.csv
07184000,IC-CMA-ES,IC-CMA-ES,Base,XAJ-Base,test,selected_restart,True,0.0453576175844397,S1,0.6688002009796303,1.0,1.0,15,5479.0,True,0.3674865213532216,13.929550694496657,2.9470631346382277,r1_basin_level_performance_rebuilt.csv + r1_basin_level_ct.csv
07184000,IC-CMA-ES,IC-CMA-ES,CN,XAJ-CN,test,selected_restart,True,0.0453576175844397,S1,0.6633364657269023,1.0,1.0,15,5479.0,True,0.361506942642305,14.671351745806382,2.9609606590726534,r1_basin_level_performance_rebuilt.csv + r1_basin_level_ct.csv
07184000,IC-CMA-ES,IC-CMA-ES,TGD,XAJ-TGD,test,selected_restart,True,0.0453576175844397,S1,0.6787985735792814,1.0,1.0,15,5479.0,True,0.3897775927407865,13.484742832435707,2.8946670854759615,r1_basin_level_performance_rebuilt.csv + r1_basin_level_ct.csv
07184000,dPL-MLP,dPL-MLP,Base,XAJ-Base,test,median_across_seeds,True,0.0453576175844397,S1,0.7638318206579853,1.0,1.0,15,5479.0,True,0.714978571130372,3.536020907005122,1.9783052520334927,r1_basin_level_performance_rebuilt.csv + r1_basin_level_ct.csv
07184000,dPL-MLP,dPL-MLP,CN,XAJ-CN,test,median_across_seeds,True,0.0453576175844397,S1,0.7648882336512883,1.0,1.0,15,5479.0,True,0.7131233333425717,6.601509186014075,1.9847333187747036,r1_basin_level_performance_rebuilt.csv + r1_basin_level_ct.csv
07184000,dPL-MLP,dPL-MLP,TGD,XAJ-TGD,test,median_across_seeds,True,0.0453576175844397,S1,0.7608496600358964,1.0,1.0,15,5479.0,True,0.7007439714259738,4.2921698014538014,2.02710386430424,r1_basin_level_performance_rebuilt.csv + r1_basin_level_ct.csv
07195800,IC-CMA-ES,IC-CMA-ES,Base,XAJ-Base,test,selected_restart,True,0.0482364215180522,S1,0.7238352918702642,1.0,1.0,15,5479.0,True,0.43165287706298194,1.3275959021446821,1.6052236592555036,r1_basin_level_performance_rebuilt.csv + r1_basin_level_ct.csv
07195800,IC-CMA-ES,IC-CMA-ES,CN,XAJ-CN,test,selected_restart,True,0.0482364215180522,S1,0.7160593380208389,3.0,3.0,15,5479.0,True,0.4185812200533985,5.018278485151846,1.6235783330152211,r1_basin_level_performance_rebuilt.csv + r1_basin_level_ct.csv
07195800,IC-CMA-ES,IC-CMA-ES,TGD,XAJ-TGD,test,selected_restart,True,0.0482364215180522,S1,0.7253285293762768,2.0,2.0,15,5479.0,True,0.4312910928305047,0.38918163707765957,1.6057344845913843,r1_basin_level_performance_rebuilt.csv + r1_basin_level_ct.csv
07195800,dPL-MLP,dPL-MLP,Base,XAJ-Base,test,median_across_seeds,True,0.0482364215180522,S1,0.7097481730273628,0.0,0.0,15,5479.0,True,0.4970993780528954,-0.7806048134270611,1.5099751691045162,r1_basin_level_performance_rebuilt.csv + r1_basin_level_ct.csv
07195800,dPL-MLP,dPL-MLP,CN,XAJ-CN,test,median_across_seeds,True,0.0482364215180522,S1,0.7022102785103876,-1.0,1.0,15,5479.0,True,0.5135491132227881,6.24375589623988,1.4850744246807475,r1_basin_level_performance_rebuilt.csv + r1_basin_level_ct.csv
07195800,dPL-MLP,dPL-MLP,TGD,XAJ-TGD,test,median_across_seeds,True,0.0482364215180522,S1,0.7221390993978294,0.0,0.0,15,5479.0,True,0.49695068511326523,1.0404330742729866,1.5101983802551195,r1_basin_level_performance_rebuilt.csv + r1_basin_level_ct.csv
07196900,IC-CMA-ES,IC-CMA-ES,Base,XAJ-Base,test,selected_restart,True,0.0460986315040519,S1,0.7003978393792791,-2.0,2.0,15,5479.0,True,0.3914282258334869,7.695287159463197,2.91818419771735,r1_basin_level_performance_rebuilt.csv + r1_basin_level_ct.csv
07196900,IC-CMA-ES,IC-CMA-ES,CN,XAJ-CN,test,selected_restart,True,0.0460986315040519,S1,0.7027264707922567,1.0,1.0,15,5479.0,True,0.38365958153354274,4.772631925786506,2.936750984178223,r1_basin_level_performance_rebuilt.csv + r1_basin_level_ct.csv
07196900,IC-CMA-ES,IC-CMA-ES,TGD,XAJ-TGD,test,selected_restart,True,0.0460986315040519,S1,0.7012004434183795,1.0,1.0,15,5479.0,True,0.3814558767741346,5.292116941466141,2.9419964275890926,r1_basin_level_performance_rebuilt.csv + r1_basin_level_ct.csv
07196900,dPL-MLP,dPL-MLP,Base,XAJ-Base,test,median_across_seeds,True,0.0460986315040519,S1,0.7059079738414418,1.0,1.0,15,5479.0,True,0.46597833700410196,3.288926611534998,2.733607994874822,r1_basin_level_performance_rebuilt.csv + r1_basin_level_ct.csv
07196900,dPL-MLP,dPL-MLP,CN,XAJ-CN,test,median_across_seeds,True,0.0460986315040519,S1,0.7206293239380435,1.0,1.0,15,5479.0,True,0.4535054963594316,5.9582424561097405,2.7653473993575965,r1_basin_level_performance_rebuilt.csv + r1_basin_level_ct.csv
07196900,dPL-MLP,dPL-MLP,TGD,XAJ-TGD,test,median_across_seeds,True,0.0460986315040519,S1,0.7145600007078301,1.0,1.0,15,5479.0,True,0.4676657025232789,-0.6685749605760887,2.7292858431688876,r1_basin_level_performance_rebuilt.csv + r1_basin_level_ct.csv
07197000,IC-CMA-ES,IC-CMA-ES,Base,XAJ-Base,test,selected_restart,True,0.0408010944755726,S1,0.8441806759394066,-2.0,2.0,15,5479.0,True,0.7365776820182921,8.288397593518827,1.3475536255533949,r1_basin_level_performance_rebuilt.csv + r1_basin_level_ct.csv
07197000,IC-CMA-ES,IC-CMA-ES,CN,XAJ-CN,test,selected_restart,True,0.0408010944755726,S1,0.8219687350481889,0.0,0.0,15,5479.0,True,0.7138287827737144,9.906700162369937,1.404535591027034,r1_basin_level_performance_rebuilt.csv + r1_basin_level_ct.csv
07197000,IC-CMA-ES,IC-CMA-ES,TGD,XAJ-TGD,test,selected_restart,True,0.0408010944755726,S1,0.8113885172791769,0.0,0.0,15,5479.0,True,0.7268246653106429,10.294631312856747,1.3722729897173591,r1_basin_level_performance_rebuilt.csv + r1_basin_level_ct.csv
07197000,dPL-MLP,dPL-MLP,Base,XAJ-Base,test,median_across_seeds,True,0.0408010944755726,S1,0.8447958469071531,0.0,0.0,15,5479.0,True,0.7683075465074867,10.935117458890106,1.2637923367226416,r1_basin_level_performance_rebuilt.csv + r1_basin_level_ct.csv
07197000,dPL-MLP,dPL-MLP,CN,XAJ-CN,test,median_across_seeds,True,0.0408010944755726,S1,0.8164941380180686,0.0,0.0,15,5479.0,True,0.7204979765804533,13.02335327426569,1.3880728236105517,r1_basin_level_performance_rebuilt.csv + r1_basin_level_ct.csv
07197000,dPL-MLP,dPL-MLP,TGD,XAJ-TGD,test,median_across_seeds,True,0.0408010944755726,S1,0.8201053987275928,0.0,0.0,15,5479.0,True,0.7564054829255639,13.079782924554621,1.2958464035509818,r1_basin_level_performance_rebuilt.csv + r1_basin_level_ct.csv
07208500,IC-CMA-ES,IC-CMA-ES,Base,XAJ-Base,test,selected_restart,True,0.333134983679482,S4,-0.00043311944371171585,-12.0,12.0,15,5479.0,True,-1.8723024969104611,15.937086044589712,0.49876350353292503,r1_basin_level_performance_rebuilt.csv + r1_basin_level_ct.csv
07208500,IC-CMA-ES,IC-CMA-ES,CN,XAJ-CN,test,selected_restart,True,0.333134983679482,S4,0.45342601670002847,7.0,7.0,15,5479.0,True,-0.22291431941410567,-6.754215960676548,0.3254449929605589,r1_basin_level_performance_rebuilt.csv + r1_basin_level_ct.csv
07208500,IC-CMA-ES,IC-CMA-ES,TGD,XAJ-TGD,test,selected_restart,True,0.333134983679482,S4,0.236024601423799,22.0,22.0,15,5479.0,True,-0.48142130263240457,15.951183400905888,0.35819446596503257,r1_basin_level_performance_rebuilt.csv + r1_basin_level_ct.csv
07208500,dPL-MLP,dPL-MLP,Base,XAJ-Base,test,median_across_seeds,True,0.333134983679482,S4,0.2439946639224274,-18.0,18.0,15,5479.0,True,0.1003183894376174,-27.072126852048353,0.2791412383889515,r1_basin_level_performance_rebuilt.csv + r1_basin_level_ct.csv
07208500,dPL-MLP,dPL-MLP,CN,XAJ-CN,test,median_across_seeds,True,0.333134983679482,S4,0.43089025141432546,12.0,12.0,15,5479.0,True,-0.30019037935936277,-14.421962505583602,0.33556994224797965,r1_basin_level_performance_rebuilt.csv + r1_basin_level_ct.csv
07208500,dPL-MLP,dPL-MLP,TGD,XAJ-TGD,test,median_across_seeds,True,0.333134983679482,S4,0.31288204413021625,15.0,15.0,15,5479.0,True,-0.4368319439885373,-7.013799305479786,0.35276262566045463,r1_basin_level_performance_rebuilt.csv + r1_basin_level_ct.csv
07261000,IC-CMA-ES,IC-CMA-ES,Base,XAJ-Base,test,selected_restart,True,0.0378060990134872,S1,0.7322724941471965,0.0,0.0,15,5479.0,True,0.7427746614821515,20.266338058761995,1.6840333139226118,r1_basin_level_performance_rebuilt.csv + r1_basin_level_ct.csv
07261000,IC-CMA-ES,IC-CMA-ES,CN,XAJ-CN,test,selected_restart,True,0.0378060990134872,S1,0.7329131284350188,0.0,0.0,15,5479.0,True,0.7330235592735429,20.57232576565932,1.7156562403358078,r1_basin_level_performance_rebuilt.csv + r1_basin_level_ct.csv
07261000,IC-CMA-ES,IC-CMA-ES,TGD,XAJ-TGD,test,selected_restart,True,0.0378060990134872,S1,0.7341294858299884,0.0,0.0,15,5479.0,True,0.7453884943120687,20.290057067652718,1.675455191130703,r1_basin_level_performance_rebuilt.csv + r1_basin_level_ct.csv
07261000,dPL-MLP,dPL-MLP,Base,XAJ-Base,test,median_across_seeds,True,0.0378060990134872,S1,0.8041510125119045,0.0,0.0,15,5479.0,True,0.7537193255826381,14.554837322900697,1.6478169731165417,r1_basin_level_performance_rebuilt.csv + r1_basin_level_ct.csv
07261000,dPL-MLP,dPL-MLP,CN,XAJ-CN,test,median_across_seeds,True,0.0378060990134872,S1,0.7859043807048883,0.0,0.0,15,5479.0,True,0.7305817453423293,16.398597382118602,1.7234842303330529,r1_basin_level_performance_rebuilt.csv + r1_basin_level_ct.csv
07261000,dPL-MLP,dPL-MLP,TGD,XAJ-TGD,test,median_across_seeds,True,0.0378060990134872,S1,0.7951799340440121,0.0,0.0,15,5479.0,True,0.7431885966363729,14.555507125793781,1.6826777685077605,r1_basin_level_performance_rebuilt.csv + r1_basin_level_ct.csv
07263295,IC-CMA-ES,IC-CMA-ES,Base,XAJ-Base,test,selected_restart,True,0.0310455107281904,S1,0.7929467707921832,-3.0,3.0,15,5479.0,True,0.70825796557924,8.186644489832073,2.4835247961393794,r1_basin_level_performance_rebuilt.csv + r1_basin_level_ct.csv
07263295,IC-CMA-ES,IC-CMA-ES,CN,XAJ-CN,test,selected_restart,True,0.0310455107281904,S1,0.803017400211617,-1.0,1.0,15,5479.0,True,0.7237588740286935,1.3325355256012028,2.4166467056101615,r1_basin_level_performance_rebuilt.csv + r1_basin_level_ct.csv
07263295,IC-CMA-ES,IC-CMA-ES,TGD,XAJ-TGD,test,selected_restart,True,0.0310455107281904,S1,0.7923311134796212,-4.0,4.0,15,5479.0,True,0.7263457977885128,7.983115205279273,2.4053044660667755,r1_basin_level_performance_rebuilt.csv + r1_basin_level_ct.csv
07263295,dPL-MLP,dPL-MLP,Base,XAJ-Base,test,median_across_seeds,True,0.0310455107281904,S1,0.8475406733414306,-3.0,3.0,15,5479.0,True,0.7643150094915342,1.3747965455744346,2.232209538929461,r1_basin_level_performance_rebuilt.csv + r1_basin_level_ct.csv
07263295,dPL-MLP,dPL-MLP,CN,XAJ-CN,test,median_across_seeds,True,0.0310455107281904,S1,0.8272288000555353,-1.0,1.0,15,5479.0,True,0.7684176530915925,3.4544091855865893,2.212695855144262,r1_basin_level_performance_rebuilt.csv + r1_basin_level_ct.csv
07263295,dPL-MLP,dPL-MLP,TGD,XAJ-TGD,test,median_across_seeds,True,0.0310455107281904,S1,0.8357215601510957,-3.0,3.0,15,5479.0,True,0.7746657774136794,4.828504347289656,2.1826423341865446,r1_basin_level_performance_rebuilt.csv + r1_basin_level_ct.csv
07291000,IC-CMA-ES,IC-CMA-ES,Base,XAJ-Base,test,selected_restart,True,0.003569389743915,S1,0.7313733974438628,-7.0,7.0,15,5479.0,True,0.615364890370937,14.747805585356584,2.888458265697959,r1_basin_level_performance_rebuilt.csv + r1_basin_level_ct.csv
07291000,IC-CMA-ES,IC-CMA-ES,CN,XAJ-CN,test,selected_restart,True,0.003569389743915,S1,0.730869665859611,-7.0,7.0,15,5479.0,True,0.6092193168591484,15.096590635156263,2.9114422408788103,r1_basin_level_performance_rebuilt.csv + r1_basin_level_ct.csv
07291000,IC-CMA-ES,IC-CMA-ES,TGD,XAJ-TGD,test,selected_restart,True,0.003569389743915,S1,0.7230015681838493,-13.0,13.0,15,5479.0,True,0.5950619403500677,16.07807232823334,2.9637115562704497,r1_basin_level_performance_rebuilt.csv + r1_basin_level_ct.csv
07291000,dPL-MLP,dPL-MLP,Base,XAJ-Base,test,median_across_seeds,True,0.003569389743915,S1,0.7046780478710083,0.0,0.0,15,5479.0,True,0.5978506709142639,16.010092996329114,2.953488669252743,r1_basin_level_performance_rebuilt.csv + r1_basin_level_ct.csv
07291000,dPL-MLP,dPL-MLP,CN,XAJ-CN,test,median_across_seeds,True,0.003569389743915,S1,0.6822492640302484,0.0,0.0,15,5479.0,True,0.5928404689485118,17.437092059788476,2.971829829405672,r1_basin_level_performance_rebuilt.csv + r1_basin_level_ct.csv
07291000,dPL-MLP,dPL-MLP,TGD,XAJ-TGD,test,median_across_seeds,True,0.003569389743915,S1,0.7025522025034132,0.0,0.0,15,5479.0,True,0.6113191384379253,15.605714906448343,2.903609530318625,r1_basin_level_performance_rebuilt.csv + r1_basin_level_ct.csv
07299670,IC-CMA-ES,IC-CMA-ES,Base,XAJ-Base,test,selected_restart,True,0.02913235345217,S1,0.34982280120204345,-35.0,35.0,15,5479.0,True,0.25009564684080743,-27.09382460444665,0.330234217384302,r1_basin_level_performance_rebuilt.csv + r1_basin_level_ct.csv
07299670,IC-CMA-ES,IC-CMA-ES,CN,XAJ-CN,test,selected_restart,True,0.02913235345217,S1,0.3978900253107307,-36.0,36.0,15,5479.0,True,0.2313663486628741,-27.058276267927393,0.33433268082587647,r1_basin_level_performance_rebuilt.csv + r1_basin_level_ct.csv
07299670,IC-CMA-ES,IC-CMA-ES,TGD,XAJ-TGD,test,selected_restart,True,0.02913235345217,S1,0.35117246675808655,-11.0,11.0,15,5479.0,True,0.06868958445779683,-23.435199654691957,0.3680157143841655,r1_basin_level_performance_rebuilt.csv + r1_basin_level_ct.csv
07299670,dPL-MLP,dPL-MLP,Base,XAJ-Base,test,median_across_seeds,True,0.02913235345217,S1,0.16291045648838753,-1.0,1.0,15,5479.0,True,0.2031330458688103,-48.773272574253994,0.3404176286759656,r1_basin_level_performance_rebuilt.csv + r1_basin_level_ct.csv
07299670,dPL-MLP,dPL-MLP,CN,XAJ-CN,test,median_across_seeds,True,0.02913235345217,S1,0.1775666356707598,-23.0,23.0,15,5479.0,True,0.20544783590533788,-45.844885666592,0.3399228356502916,r1_basin_level_performance_rebuilt.csv + r1_basin_level_ct.csv
07299670,dPL-MLP,dPL-MLP,TGD,XAJ-TGD,test,median_across_seeds,True,0.02913235345217,S1,0.15289312362124596,-1.0,1.0,15,5479.0,True,0.1825093560054396,-50.703779896941526,0.3447946583840251,r1_basin_level_performance_rebuilt.csv + r1_basin_level_ct.csv
07301410,IC-CMA-ES,IC-CMA-ES,Base,XAJ-Base,test,selected_restart,True,0.0754167591358171,S2,0.3329761898066228,1.0,1.0,15,5479.0,True,-0.21627624363023346,43.72069591762764,0.0854316888190921,r1_basin_level_performance_rebuilt.csv + r1_basin_level_ct.csv
07301410,IC-CMA-ES,IC-CMA-ES,CN,XAJ-CN,test,selected_restart,True,0.0754167591358171,S2,0.32397730433640803,1.0,1.0,15,5479.0,True,-0.20819432683769312,45.44598847344919,0.08514737733562512,r1_basin_level_performance_rebuilt.csv + r1_basin_level_ct.csv
07301410,IC-CMA-ES,IC-CMA-ES,TGD,XAJ-TGD,test,selected_restart,True,0.0754167591358171,S2,0.2933549249581321,1.0,1.0,15,5479.0,True,-0.2846965195066866,47.37834402224153,0.08780174621212239,r1_basin_level_performance_rebuilt.csv + r1_basin_level_ct.csv
07301410,dPL-MLP,dPL-MLP,Base,XAJ-Base,test,median_across_seeds,True,0.0754167591358171,S2,0.5987193617190167,10.0,10.0,15,5479.0,True,0.15638009126201013,-6.733744010971648,0.07115022693588646,r1_basin_level_performance_rebuilt.csv + r1_basin_level_ct.csv
07301410,dPL-MLP,dPL-MLP,CN,XAJ-CN,test,median_across_seeds,True,0.0754167591358171,S2,0.5419898860975801,9.0,9.0,15,5479.0,True,0.05622754154109988,-10.002136153580796,0.0752552025941,r1_basin_level_performance_rebuilt.csv + r1_basin_level_ct.csv
07301410,dPL-MLP,dPL-MLP,TGD,XAJ-TGD,test,median_across_seeds,True,0.0754167591358171,S2,0.4652238658576515,20.0,20.0,15,5479.0,True,-0.18559283194683096,-6.461037573574892,0.08434719839048875,r1_basin_level_performance_rebuilt.csv + r1_basin_level_ct.csv
07315200,IC-CMA-ES,IC-CMA-ES,Base,XAJ-Base,test,selected_restart,True,0.0162560388991893,S1,0.19897939331757353,-9.0,9.0,15,5479.0,True,-0.009687518750399082,65.56350715143755,0.8508347664396815,r1_basin_level_performance_rebuilt.csv + r1_basin_level_ct.csv
07315200,IC-CMA-ES,IC-CMA-ES,CN,XAJ-CN,test,selected_restart,True,0.0162560388991893,S1,0.3581931497303992,-25.0,25.0,15,5479.0,True,-0.01722025948020578,41.38877432834615,0.8540026813692406,r1_basin_level_performance_rebuilt.csv + r1_basin_level_ct.csv
07315200,IC-CMA-ES,IC-CMA-ES,TGD,XAJ-TGD,test,selected_restart,True,0.0162560388991893,S1,0.20451537899295957,-20.0,20.0,15,5479.0,True,0.04432110050878435,65.42356838660479,0.8277662826006522,r1_basin_level_performance_rebuilt.csv + r1_basin_level_ct.csv
07315200,dPL-MLP,dPL-MLP,Base,XAJ-Base,test,median_across_seeds,True,0.0162560388991893,S1,0.3184788029227056,-4.0,4.0,15,5479.0,True,0.17476259002576355,55.57486250228084,0.7692033860393032,r1_basin_level_performance_rebuilt.csv + r1_basin_level_ct.csv
07315200,dPL-MLP,dPL-MLP,CN,XAJ-CN,test,median_across_seeds,True,0.0162560388991893,S1,0.2933113674882736,-3.0,3.0,15,5479.0,True,0.13076653642807823,57.24413677161314,0.7894414987920113,r1_basin_level_performance_rebuilt.csv + r1_basin_level_ct.csv
07315200,dPL-MLP,dPL-MLP,TGD,XAJ-TGD,test,median_across_seeds,True,0.0162560388991893,S1,0.29134410444676395,-4.0,4.0,15,5479.0,True,0.17537907831562316,58.162858493506235,0.7689160181435305,r1_basin_level_performance_rebuilt.csv + r1_basin_level_ct.csv
07315700,IC-CMA-ES,IC-CMA-ES,Base,XAJ-Base,test,selected_restart,True,0.0208161228801737,S1,0.4269429622393729,-2.0,2.0,15,5479.0,True,0.28625842498376797,42.04135634816721,1.0604041724722333,r1_basin_level_performance_rebuilt.csv + r1_basin_level_ct.csv
07315700,IC-CMA-ES,IC-CMA-ES,CN,XAJ-CN,test,selected_restart,True,0.0208161228801737,S1,0.4463549938936203,-2.0,2.0,15,5479.0,True,0.30574557651800616,43.20891404850256,1.0458279836920727,r1_basin_level_performance_rebuilt.csv + r1_basin_level_ct.csv
07315700,IC-CMA-ES,IC-CMA-ES,TGD,XAJ-TGD,test,selected_restart,True,0.0208161228801737,S1,0.26739032684844244,-2.0,2.0,15,5479.0,True,0.13927863287859632,55.927785473363166,1.1644805060518972,r1_basin_level_performance_rebuilt.csv + r1_basin_level_ct.csv
07315700,dPL-MLP,dPL-MLP,Base,XAJ-Base,test,median_across_seeds,True,0.0208161228801737,S1,0.2988543093845545,-10.0,10.0,15,5479.0,True,0.34685554812995134,59.51938486576862,1.0143913834565113,r1_basin_level_performance_rebuilt.csv + r1_basin_level_ct.csv
07315700,dPL-MLP,dPL-MLP,CN,XAJ-CN,test,median_across_seeds,True,0.0208161228801737,S1,0.22994290078475532,-9.0,9.0,15,5479.0,True,0.24808604618209806,65.26523842465049,1.0883911523418313,r1_basin_level_performance_rebuilt.csv + r1_basin_level_ct.csv
07315700,dPL-MLP,dPL-MLP,TGD,XAJ-TGD,test,median_across_seeds,True,0.0208161228801737,S1,0.2444268242318739,-6.0,6.0,15,5479.0,True,0.296977066524985,64.46004759350892,1.0524117220158409,r1_basin_level_performance_rebuilt.csv + r1_basin_level_ct.csv
07335700,IC-CMA-ES,IC-CMA-ES,Base,XAJ-Base,test,selected_restart,True,0.0430162960741129,S1,0.5730641351665449,3.0,3.0,15,5479.0,True,0.2542429965518278,25.139006651476343,5.028205352669476,r1_basin_level_performance_rebuilt.csv + r1_basin_level_ct.csv
07335700,IC-CMA-ES,IC-CMA-ES,CN,XAJ-CN,test,selected_restart,True,0.0430162960741129,S1,0.5893436910475782,3.0,3.0,15,5479.0,True,0.27535770951192196,23.117172361291537,4.956512135048388,r1_basin_level_performance_rebuilt.csv + r1_basin_level_ct.csv
07335700,IC-CMA-ES,IC-CMA-ES,TGD,XAJ-TGD,test,selected_restart,True,0.0430162960741129,S1,0.5719778857570423,2.0,2.0,15,5479.0,True,0.2566103974850571,25.474520553145496,5.020218005496592,r1_basin_level_performance_rebuilt.csv + r1_basin_level_ct.csv
07335700,dPL-MLP,dPL-MLP,Base,XAJ-Base,test,median_across_seeds,True,0.0430162960741129,S1,0.6228703618826945,3.0,3.0,15,5479.0,True,0.33024382168728406,20.455165857714384,4.765107470791878,r1_basin_level_performance_rebuilt.csv + r1_basin_level_ct.csv
07335700,dPL-MLP,dPL-MLP,CN,XAJ-CN,test,median_across_seeds,True,0.0430162960741129,S1,0.617740726658189,3.0,3.0,15,5479.0,True,0.3582713159490565,22.55433032392119,4.664338513010119,r1_basin_level_performance_rebuilt.csv + r1_basin_level_ct.csv
07335700,dPL-MLP,dPL-MLP,TGD,XAJ-TGD,test,median_across_seeds,True,0.0430162960741129,S1,0.6185382365393972,3.0,3.0,15,5479.0,True,0.3423212001896798,20.973150166741128,4.72194861916073,r1_basin_level_performance_rebuilt.csv + r1_basin_level_ct.csv
07340300,IC-CMA-ES,IC-CMA-ES,Base,XAJ-Base,test,selected_restart,True,0.0385678054509223,S1,0.7599733359182488,-1.0,1.0,15,5479.0,True,0.6492087799807303,13.766028058969406,2.655648301841703,r1_basin_level_performance_rebuilt.csv + r1_basin_level_ct.csv
07340300,IC-CMA-ES,IC-CMA-ES,CN,XAJ-CN,test,selected_restart,True,0.0385678054509223,S1,0.7636892235840178,0.0,0.0,15,5479.0,True,0.6525776942264854,14.302866355391057,2.6428654341075224,r1_basin_level_performance_rebuilt.csv + r1_basin_level_ct.csv
07340300,IC-CMA-ES,IC-CMA-ES,TGD,XAJ-TGD,test,selected_restart,True,0.0385678054509223,S1,0.7702009526206397,-1.0,1.0,15,5479.0,True,0.6618491234895834,13.685904806340528,2.607362772602477,r1_basin_level_performance_rebuilt.csv + r1_basin_level_ct.csv
07340300,dPL-MLP,dPL-MLP,Base,XAJ-Base,test,median_across_seeds,True,0.0385678054509223,S1,0.7981512381104522,0.0,0.0,15,5479.0,True,0.6774704630446673,11.798644218654102,2.5464253451297605,r1_basin_level_performance_rebuilt.csv + r1_basin_level_ct.csv
07340300,dPL-MLP,dPL-MLP,CN,XAJ-CN,test,median_across_seeds,True,0.0385678054509223,S1,0.8084168124349619,3.0,3.0,15,5479.0,True,0.6819001061976318,10.81800518786754,2.5288784977944267,r1_basin_level_performance_rebuilt.csv + r1_basin_level_ct.csv
07340300,dPL-MLP,dPL-MLP,TGD,XAJ-TGD,test,median_across_seeds,True,0.0385678054509223,S1,0.8031191069004462,1.0,1.0,15,5479.0,True,0.6809809162263634,11.796222431491245,2.532529619615248,r1_basin_level_performance_rebuilt.csv + r1_basin_level_ct.csv
07346045,IC-CMA-ES,IC-CMA-ES,Base,XAJ-Base,test,selected_restart,True,0.0168897938562348,S1,0.8138749324330501,1.0,1.0,15,5479.0,True,0.7740955843901309,12.470994169553789,0.7712222311268556,r1_basin_level_performance_rebuilt.csv + r1_basin_level_ct.csv
07346045,IC-CMA-ES,IC-CMA-ES,CN,XAJ-CN,test,selected_restart,True,0.0168897938562348,S1,0.8053036174622983,1.0,1.0,15,5479.0,True,0.7433591773291008,13.079548070518282,0.8220155808187088,r1_basin_level_performance_rebuilt.csv + r1_basin_level_ct.csv
07346045,IC-CMA-ES,IC-CMA-ES,TGD,XAJ-TGD,test,selected_restart,True,0.0168897938562348,S1,0.8087629748066851,1.0,1.0,15,5479.0,True,0.7702996549682505,13.086441246897456,0.7776747599460043,r1_basin_level_performance_rebuilt.csv + r1_basin_level_ct.csv
07346045,dPL-MLP,dPL-MLP,Base,XAJ-Base,test,median_across_seeds,True,0.0168897938562348,S1,0.7890706062975396,1.0,1.0,15,5479.0,True,0.7313722821142445,15.443829044828403,0.8409934073448891,r1_basin_level_performance_rebuilt.csv + r1_basin_level_ct.csv
07346045,dPL-MLP,dPL-MLP,CN,XAJ-CN,test,median_across_seeds,True,0.0168897938562348,S1,0.7941367963592136,1.0,1.0,15,5479.0,True,0.7237801609012056,15.530903136540735,0.8527949383850802,r1_basin_level_performance_rebuilt.csv + r1_basin_level_ct.csv
07346045,dPL-MLP,dPL-MLP,TGD,XAJ-TGD,test,median_across_seeds,True,0.0168897938562348,S1,0.7863296307086933,1.0,1.0,15,5479.0,True,0.7371586437451516,15.782883808315013,0.8318864104041827,r1_basin_level_performance_rebuilt.csv + r1_basin_level_ct.csv
07359610,IC-CMA-ES,IC-CMA-ES,Base,XAJ-Base,test,selected_restart,True,0.0301790248613661,S1,0.7457789117011882,-11.0,11.0,15,5479.0,True,0.6002014167952698,1.078666797679013,2.9590732863769067,r1_basin_level_performance_rebuilt.csv + r1_basin_level_ct.csv
07359610,IC-CMA-ES,IC-CMA-ES,CN,XAJ-CN,test,selected_restart,True,0.0301790248613661,S1,0.7582731161003589,-12.0,12.0,15,5479.0,True,0.6279727066579325,5.702150950273696,2.8544503755428274,r1_basin_level_performance_rebuilt.csv + r1_basin_level_ct.csv
07359610,IC-CMA-ES,IC-CMA-ES,TGD,XAJ-TGD,test,selected_restart,True,0.0301790248613661,S1,0.7663941697457128,-13.0,13.0,15,5479.0,True,0.6291017662939369,2.2761894029703607,2.8501156214573795,r1_basin_level_performance_rebuilt.csv + r1_basin_level_ct.csv
07359610,dPL-MLP,dPL-MLP,Base,XAJ-Base,test,median_across_seeds,True,0.0301790248613661,S1,0.8643996158520928,-15.0,15.0,15,5479.0,True,0.7317899810109955,-0.4156940772884894,2.423665017409675,r1_basin_level_performance_rebuilt.csv + r1_basin_level_ct.csv
07359610,dPL-MLP,dPL-MLP,CN,XAJ-CN,test,median_across_seeds,True,0.0301790248613661,S1,0.8629728950945637,-4.0,4.0,15,5479.0,True,0.7510795339043662,-0.6194373383052986,2.3348844815448757,r1_basin_level_performance_rebuilt.csv + r1_basin_level_ct.csv
07359610,dPL-MLP,dPL-MLP,TGD,XAJ-TGD,test,median_across_seeds,True,0.0301790248613661,S1,0.8692239161130877,-1.0,1.0,15,5479.0,True,0.7481167515428118,0.0682022881354981,2.348738889699436,r1_basin_level_performance_rebuilt.csv + r1_basin_level_ct.csv
07362100,IC-CMA-ES,IC-CMA-ES,Base,XAJ-Base,test,selected_restart,True,0.0183234657917035,S1,0.7329075195081108,-3.0,3.0,15,5479.0,True,0.6089041819004015,18.613554249789352,1.9137440336323246,r1_basin_level_performance_rebuilt.csv + r1_basin_level_ct.csv
07362100,IC-CMA-ES,IC-CMA-ES,CN,XAJ-CN,test,selected_restart,True,0.0183234657917035,S1,0.7677320925470524,-3.0,3.0,15,5479.0,True,0.6574102616779885,16.04879009342961,1.7911396126292713,r1_basin_level_performance_rebuilt.csv + r1_basin_level_ct.csv
07362100,IC-CMA-ES,IC-CMA-ES,TGD,XAJ-TGD,test,selected_restart,True,0.0183234657917035,S1,0.7487654954655084,-3.0,3.0,15,5479.0,True,0.6546921854207901,18.533101315326036,1.7982309454383583,r1_basin_level_performance_rebuilt.csv + r1_basin_level_ct.csv
07362100,dPL-MLP,dPL-MLP,Base,XAJ-Base,test,median_across_seeds,True,0.0183234657917035,S1,0.7689049135659561,-1.0,1.0,15,5479.0,True,0.7127002343704372,13.138168044733629,1.6402494450994438,r1_basin_level_performance_rebuilt.csv + r1_basin_level_ct.csv
07362100,dPL-MLP,dPL-MLP,CN,XAJ-CN,test,median_across_seeds,True,0.0183234657917035,S1,0.7646975292713286,-1.0,1.0,15,5479.0,True,0.7076529207602287,13.46716368985628,1.6545947549761657,r1_basin_level_performance_rebuilt.csv + r1_basin_level_ct.csv
07362100,dPL-MLP,dPL-MLP,TGD,XAJ-TGD,test,median_across_seeds,True,0.0183234657917035,S1,0.7633156496069968,-1.0,1.0,15,5479.0,True,0.6959167619451703,10.410032790032696,1.687479494851306,r1_basin_level_performance_rebuilt.csv + r1_basin_level_ct.csv
07362587,IC-CMA-ES,IC-CMA-ES,Base,XAJ-Base,test,selected_restart,True,0.0366380668861851,S1,0.6658562223408973,-3.0,3.0,15,5479.0,True,0.4893547797048968,20.06178265424049,4.281645984411327,r1_basin_level_performance_rebuilt.csv + r1_basin_level_ct.csv
07362587,IC-CMA-ES,IC-CMA-ES,CN,XAJ-CN,test,selected_restart,True,0.0366380668861851,S1,0.6781621662148345,0.0,0.0,15,5479.0,True,0.44643033376267494,15.649918761719954,4.4579712420026265,r1_basin_level_performance_rebuilt.csv + r1_basin_level_ct.csv
07362587,IC-CMA-ES,IC-CMA-ES,TGD,XAJ-TGD,test,selected_restart,True,0.0366380668861851,S1,0.674750254271931,-3.0,3.0,15,5479.0,True,0.4816665342952221,17.70250261431358,4.313757677285856,r1_basin_level_performance_rebuilt.csv + r1_basin_level_ct.csv
07362587,dPL-MLP,dPL-MLP,Base,XAJ-Base,test,median_across_seeds,True,0.0366380668861851,S1,0.816908381915089,-3.0,3.0,15,5479.0,True,0.6648296718282474,6.646420458727643,3.4688370786367306,r1_basin_level_performance_rebuilt.csv + r1_basin_level_ct.csv
07362587,dPL-MLP,dPL-MLP,CN,XAJ-CN,test,median_across_seeds,True,0.0366380668861851,S1,0.7856448940035466,-3.0,3.0,15,5479.0,True,0.6610218925767869,10.843913198218276,3.488485689521601,r1_basin_level_performance_rebuilt.csv + r1_basin_level_ct.csv
07362587,dPL-MLP,dPL-MLP,TGD,XAJ-TGD,test,median_across_seeds,True,0.0366380668861851,S1,0.8028387350594298,-3.0,3.0,15,5479.0,True,0.6638520286706586,8.651958536226065,3.4738924418038515,r1_basin_level_performance_rebuilt.csv + r1_basin_level_ct.csv
07375000,IC-CMA-ES,IC-CMA-ES,Base,XAJ-Base,test,selected_restart,True,0.0005081655254214,S1,0.6698270549372154,-7.0,7.0,15,5479.0,True,0.4564451342755892,13.447001218377935,2.437536616181042,r1_basin_level_performance_rebuilt.csv + r1_basin_level_ct.csv
07375000,IC-CMA-ES,IC-CMA-ES,CN,XAJ-CN,test,selected_restart,True,0.0005081655254214,S1,0.6688240037200471,-2.0,2.0,15,5479.0,True,0.44790951882433017,12.048219199253381,2.456600772614209,r1_basin_level_performance_rebuilt.csv + r1_basin_level_ct.csv
07375000,IC-CMA-ES,IC-CMA-ES,TGD,XAJ-TGD,test,selected_restart,True,0.0005081655254214,S1,0.6717910007643144,-3.0,3.0,15,5479.0,True,0.4504518745599192,12.935635241034852,2.450937969129794,r1_basin_level_performance_rebuilt.csv + r1_basin_level_ct.csv
07375000,dPL-MLP,dPL-MLP,Base,XAJ-Base,test,median_across_seeds,True,0.0005081655254214,S1,0.7498126056664507,0.0,0.0,15,5479.0,True,0.6768815878928782,3.1836354260894573,1.8793614203518334,r1_basin_level_performance_rebuilt.csv + r1_basin_level_ct.csv
07375000,dPL-MLP,dPL-MLP,CN,XAJ-CN,test,median_across_seeds,True,0.0005081655254214,S1,0.7479907087957498,0.0,0.0,15,5479.0,True,0.6794363836315054,3.8688499376511003,1.8719169157458764,r1_basin_level_performance_rebuilt.csv + r1_basin_level_ct.csv
07375000,dPL-MLP,dPL-MLP,TGD,XAJ-TGD,test,median_across_seeds,True,0.0005081655254214,S1,0.7448671848785455,0.0,0.0,15,5479.0,True,0.6763758572266028,3.84279913901098,1.880831592056045,r1_basin_level_performance_rebuilt.csv + r1_basin_level_ct.csv
08013000,IC-CMA-ES,IC-CMA-ES,Base,XAJ-Base,test,selected_restart,True,0.0032863361803717,S1,0.49440969832917625,-9.0,9.0,15,5479.0,True,0.4323545492960912,38.18426975640381,2.2198866501933314,r1_basin_level_performance_rebuilt.csv + r1_basin_level_ct.csv
08013000,IC-CMA-ES,IC-CMA-ES,CN,XAJ-CN,test,selected_restart,True,0.0032863361803717,S1,0.49492472039365387,-10.0,10.0,15,5479.0,True,0.4365814031724107,38.19823611744628,2.2116062445170734,r1_basin_level_performance_rebuilt.csv + r1_basin_level_ct.csv
08013000,IC-CMA-ES,IC-CMA-ES,TGD,XAJ-TGD,test,selected_restart,True,0.0032863361803717,S1,0.449375072222156,-8.0,8.0,15,5479.0,True,0.30292087306356286,38.75153159506264,2.4599895257695152,r1_basin_level_performance_rebuilt.csv + r1_basin_level_ct.csv
08013000,dPL-MLP,dPL-MLP,Base,XAJ-Base,test,median_across_seeds,True,0.0032863361803717,S1,0.5746049831971265,-7.0,7.0,15,5479.0,True,0.6133856756136846,35.75358081934379,1.8320241282413203,r1_basin_level_performance_rebuilt.csv + r1_basin_level_ct.csv
08013000,dPL-MLP,dPL-MLP,CN,XAJ-CN,test,median_across_seeds,True,0.0032863361803717,S1,0.5895885637129741,-7.0,7.0,15,5479.0,True,0.5988599668011221,33.63952473430812,1.866122811445718,r1_basin_level_performance_rebuilt.csv + r1_basin_level_ct.csv
08013000,dPL-MLP,dPL-MLP,TGD,XAJ-TGD,test,median_across_seeds,True,0.0032863361803717,S1,0.5738356388597705,-9.0,9.0,15,5479.0,True,0.6000012986754198,35.0595285571681,1.863466154900648,r1_basin_level_performance_rebuilt.csv + r1_basin_level_ct.csv
08014500,IC-CMA-ES,IC-CMA-ES,Base,XAJ-Base,test,selected_restart,True,0.0022457658116513,S1,0.5856723844190876,-6.0,6.0,15,5479.0,True,0.6133948500424291,29.95087156516758,1.5817204032550716,r1_basin_level_performance_rebuilt.csv + r1_basin_level_ct.csv
08014500,IC-CMA-ES,IC-CMA-ES,CN,XAJ-CN,test,selected_restart,True,0.0022457658116513,S1,0.6099845110595897,-3.0,3.0,15,5479.0,True,0.6243185241729133,29.638500787048137,1.559214231118515,r1_basin_level_performance_rebuilt.csv + r1_basin_level_ct.csv
08014500,IC-CMA-ES,IC-CMA-ES,TGD,XAJ-TGD,test,selected_restart,True,0.0022457658116513,S1,0.6171047773306978,-8.0,8.0,15,5479.0,True,0.6256336110875247,28.543271418399993,1.5564827950790756,r1_basin_level_performance_rebuilt.csv + r1_basin_level_ct.csv
08014500,dPL-MLP,dPL-MLP,Base,XAJ-Base,test,median_across_seeds,True,0.0022457658116513,S1,0.6669720319384145,-2.0,2.0,15,5479.0,True,0.7017164285645954,28.299562507376795,1.3893464845380912,r1_basin_level_performance_rebuilt.csv + r1_basin_level_ct.csv
08014500,dPL-MLP,dPL-MLP,CN,XAJ-CN,test,median_across_seeds,True,0.0022457658116513,S1,0.6462718760299151,-2.0,2.0,15,5479.0,True,0.6833174467766867,29.205748510812143,1.4315547693404551,r1_basin_level_performance_rebuilt.csv + r1_basin_level_ct.csv
08014500,dPL-MLP,dPL-MLP,TGD,XAJ-TGD,test,median_across_seeds,True,0.0022457658116513,S1,0.6588389633452214,-2.0,2.0,15,5479.0,True,0.6662588691867691,27.17486724876837,1.4696054906549518,r1_basin_level_performance_rebuilt.csv + r1_basin_level_ct.csv
08023080,IC-CMA-ES,IC-CMA-ES,Base,XAJ-Base,test,selected_restart,True,0.0072046599774758,S1,0.8351748464251176,-11.0,11.0,15,5479.0,True,0.7415312166778864,9.581036742210902,1.9484964430917397,r1_basin_level_performance_rebuilt.csv + r1_basin_level_ct.csv
08023080,IC-CMA-ES,IC-CMA-ES,CN,XAJ-CN,test,selected_restart,True,0.0072046599774758,S1,0.8264833271826255,-11.0,11.0,15,5479.0,True,0.7279134082445635,10.108785758247723,1.9991672948095753,r1_basin_level_performance_rebuilt.csv + r1_basin_level_ct.csv
08023080,IC-CMA-ES,IC-CMA-ES,TGD,XAJ-TGD,test,selected_restart,True,0.0072046599774758,S1,0.8335478212117884,-12.0,12.0,15,5479.0,True,0.7409808712420496,9.18466404187506,1.950569760985833,r1_basin_level_performance_rebuilt.csv + r1_basin_level_ct.csv
08023080,dPL-MLP,dPL-MLP,Base,XAJ-Base,test,median_across_seeds,True,0.0072046599774758,S1,0.8453852193429043,-3.0,3.0,15,5479.0,True,0.7534500169308596,8.669379949103941,1.903040612573371,r1_basin_level_performance_rebuilt.csv + r1_basin_level_ct.csv
08023080,dPL-MLP,dPL-MLP,CN,XAJ-CN,test,median_across_seeds,True,0.0072046599774758,S1,0.825323625213074,-3.0,3.0,15,5479.0,True,0.7429239432952515,11.959409421155396,1.9432397379177417,r1_basin_level_performance_rebuilt.csv + r1_basin_level_ct.csv
08023080,dPL-MLP,dPL-MLP,TGD,XAJ-TGD,test,median_across_seeds,True,0.0072046599774758,S1,0.826105245962378,-3.0,3.0,15,5479.0,True,0.7401203460324958,11.232240035968134,1.9538072104011737,r1_basin_level_performance_rebuilt.csv + r1_basin_level_ct.csv
08050800,IC-CMA-ES,IC-CMA-ES,Base,XAJ-Base,test,selected_restart,True,0.0196728968786143,S1,-0.3282182523511208,-8.0,8.0,15,5479.0,True,0.13356342698098145,124.67875572544726,2.629390889011158,r1_basin_level_performance_rebuilt.csv + r1_basin_level_ct.csv
08050800,IC-CMA-ES,IC-CMA-ES,CN,XAJ-CN,test,selected_restart,True,0.0196728968786143,S1,-0.1371815270823613,-10.0,10.0,15,5479.0,True,0.2859796842848149,108.31367834415444,2.3869430106273666,r1_basin_level_performance_rebuilt.csv + r1_basin_level_ct.csv
08050800,IC-CMA-ES,IC-CMA-ES,TGD,XAJ-TGD,test,selected_restart,True,0.0196728968786143,S1,-0.1618345294510104,-8.0,8.0,15,5479.0,True,0.2790371310936406,110.30605974551273,2.3985192859841398,r1_basin_level_performance_rebuilt.csv + r1_basin_level_ct.csv
08050800,dPL-MLP,dPL-MLP,Base,XAJ-Base,test,median_across_seeds,True,0.0196728968786143,S1,-0.006875527843272833,-1.0,1.0,15,5479.0,True,0.2776970468834232,94.47405713759632,2.4007473657836806,r1_basin_level_performance_rebuilt.csv + r1_basin_level_ct.csv
08050800,dPL-MLP,dPL-MLP,CN,XAJ-CN,test,median_across_seeds,True,0.0196728968786143,S1,-0.2575151161832361,-4.0,4.0,15,5479.0,True,0.21732819102644396,121.14325289109249,2.4990595866525456,r1_basin_level_performance_rebuilt.csv + r1_basin_level_ct.csv
08050800,dPL-MLP,dPL-MLP,TGD,XAJ-TGD,test,median_across_seeds,True,0.0196728968786143,S1,-0.06697212118339624,-8.0,8.0,15,5479.0,True,0.3231442460475207,102.72080688105198,2.323993068364905,r1_basin_level_performance_rebuilt.csv + r1_basin_level_ct.csv
08066200,IC-CMA-ES,IC-CMA-ES,Base,XAJ-Base,test,selected_restart,True,0.0023206818433828,S1,0.5509333022221197,-15.0,15.0,15,5479.0,True,0.2412390085335333,16.215333876018587,3.3018703818524893,r1_basin_level_performance_rebuilt.csv + r1_basin_level_ct.csv
08066200,IC-CMA-ES,IC-CMA-ES,CN,XAJ-CN,test,selected_restart,True,0.0023206818433828,S1,0.531206273199792,-17.0,17.0,15,5479.0,True,0.24411960893178075,17.207944661138544,3.2955967240161694,r1_basin_level_performance_rebuilt.csv + r1_basin_level_ct.csv
08066200,IC-CMA-ES,IC-CMA-ES,TGD,XAJ-TGD,test,selected_restart,True,0.0023206818433828,S1,0.5619308255006414,-16.0,16.0,15,5479.0,True,0.31371293475747575,19.481442696244905,3.14022256298521,r1_basin_level_performance_rebuilt.csv + r1_basin_level_ct.csv
08066200,dPL-MLP,dPL-MLP,Base,XAJ-Base,test,median_across_seeds,True,0.0023206818433828,S1,0.7919393067831192,-5.0,5.0,15,5479.0,True,0.6770777131198296,2.423211572240866,2.1540537332168577,r1_basin_level_performance_rebuilt.csv + r1_basin_level_ct.csv
08066200,dPL-MLP,dPL-MLP,CN,XAJ-CN,test,median_across_seeds,True,0.0023206818433828,S1,0.8199411928351463,-5.0,5.0,15,5479.0,True,0.6684310616498437,2.7226631111763986,2.1827019794216014,r1_basin_level_performance_rebuilt.csv + r1_basin_level_ct.csv
08066200,dPL-MLP,dPL-MLP,TGD,XAJ-TGD,test,median_across_seeds,True,0.0023206818433828,S1,0.8153370815139188,-5.0,5.0,15,5479.0,True,0.674507084049836,1.128791421415627,2.162610431100769,r1_basin_level_performance_rebuilt.csv + r1_basin_level_ct.csv
08066300,IC-CMA-ES,IC-CMA-ES,Base,XAJ-Base,test,selected_restart,True,0.0017530511421341,S1,0.39490598045440106,-13.0,13.0,15,5479.0,True,0.059849201946512665,34.596787369459044,1.9206173234606299,r1_basin_level_performance_rebuilt.csv + r1_basin_level_ct.csv
08066300,IC-CMA-ES,IC-CMA-ES,CN,XAJ-CN,test,selected_restart,True,0.0017530511421341,S1,0.326463531178839,-17.0,17.0,15,5479.0,True,-0.06497966136465871,38.66228813464241,2.044149896211906,r1_basin_level_performance_rebuilt.csv + r1_basin_level_ct.csv
08066300,IC-CMA-ES,IC-CMA-ES,TGD,XAJ-TGD,test,selected_restart,True,0.0017530511421341,S1,0.32390525371321366,-17.0,17.0,15,5479.0,True,-0.04330746583291334,39.08097544963529,2.023243900696954,r1_basin_level_performance_rebuilt.csv + r1_basin_level_ct.csv
08066300,dPL-MLP,dPL-MLP,Base,XAJ-Base,test,median_across_seeds,True,0.0017530511421341,S1,0.4595293827577046,-14.0,14.0,15,5479.0,True,0.31816539208792616,38.23771665087389,1.63561695076009,r1_basin_level_performance_rebuilt.csv + r1_basin_level_ct.csv
08066300,dPL-MLP,dPL-MLP,CN,XAJ-CN,test,median_across_seeds,True,0.0017530511421341,S1,0.4215709103779399,-15.0,15.0,15,5479.0,True,0.2767874469075905,39.61411734260768,1.6845156886984027,r1_basin_level_performance_rebuilt.csv + r1_basin_level_ct.csv
08066300,dPL-MLP,dPL-MLP,TGD,XAJ-TGD,test,median_across_seeds,True,0.0017530511421341,S1,0.4611029932161508,-14.0,14.0,15,5479.0,True,0.3224391834001865,38.61172180823712,1.6304828069304795,r1_basin_level_performance_rebuilt.csv + r1_basin_level_ct.csv
08070000,IC-CMA-ES,IC-CMA-ES,Base,XAJ-Base,test,selected_restart,True,0.0023807368074233,S1,0.5500795516735162,-6.0,6.0,15,5479.0,True,0.3361509494482635,30.372496404834177,2.074770269812232,r1_basin_level_performance_rebuilt.csv + r1_basin_level_ct.csv
08070000,IC-CMA-ES,IC-CMA-ES,CN,XAJ-CN,test,selected_restart,True,0.0023807368074233,S1,0.5308355500891273,-8.0,8.0,15,5479.0,True,0.28999230398604536,31.09043718722614,2.145689495525235,r1_basin_level_performance_rebuilt.csv + r1_basin_level_ct.csv
08070000,IC-CMA-ES,IC-CMA-ES,TGD,XAJ-TGD,test,selected_restart,True,0.0023807368074233,S1,0.5654576079560927,-4.0,4.0,15,5479.0,True,0.3700488894617192,30.235692684708788,2.021104504069958,r1_basin_level_performance_rebuilt.csv + r1_basin_level_ct.csv
08070000,dPL-MLP,dPL-MLP,Base,XAJ-Base,test,median_across_seeds,True,0.0023807368074233,S1,0.7005246479126563,1.0,1.0,15,5479.0,True,0.7371688318942158,24.481352433972496,1.3054906915937534,r1_basin_level_performance_rebuilt.csv + r1_basin_level_ct.csv
08070000,dPL-MLP,dPL-MLP,CN,XAJ-CN,test,median_across_seeds,True,0.0023807368074233,S1,0.6915871438843759,0.0,0.0,15,5479.0,True,0.7291924912603889,26.6984049192204,1.3251520048089016,r1_basin_level_performance_rebuilt.csv + r1_basin_level_ct.csv
08070000,dPL-MLP,dPL-MLP,TGD,XAJ-TGD,test,median_across_seeds,True,0.0023807368074233,S1,0.7195135622784656,0.0,0.0,15,5479.0,True,0.7326194116316886,22.491930326337204,1.316740774604517,r1_basin_level_performance_rebuilt.csv + r1_basin_level_ct.csv
08070200,IC-CMA-ES,IC-CMA-ES,Base,XAJ-Base,test,selected_restart,True,0.0024550978464837,S1,0.5961410563190896,-4.0,4.0,15,5479.0,True,0.46180446724468227,22.980158435523055,1.5969045015697443,r1_basin_level_performance_rebuilt.csv + r1_basin_level_ct.csv
08070200,IC-CMA-ES,IC-CMA-ES,CN,XAJ-CN,test,selected_restart,True,0.0024550978464837,S1,0.6481218021384723,-13.0,13.0,15,5479.0,True,0.518416775758928,19.999374836586167,1.510582940814098,r1_basin_level_performance_rebuilt.csv + r1_basin_level_ct.csv
08070200,IC-CMA-ES,IC-CMA-ES,TGD,XAJ-TGD,test,selected_restart,True,0.0024550978464837,S1,0.594496565932912,-4.0,4.0,15,5479.0,True,0.45401021359990346,22.833244752730312,1.608426279020157,r1_basin_level_performance_rebuilt.csv + r1_basin_level_ct.csv
08070200,dPL-MLP,dPL-MLP,Base,XAJ-Base,test,median_across_seeds,True,0.0024550978464837,S1,0.7705751752213575,0.0,0.0,15,5479.0,True,0.7498494063742787,18.461908102476006,1.0887036269514316,r1_basin_level_performance_rebuilt.csv + r1_basin_level_ct.csv
08070200,dPL-MLP,dPL-MLP,CN,XAJ-CN,test,median_across_seeds,True,0.0024550978464837,S1,0.7532270999519277,-1.0,1.0,15,5479.0,True,0.7433185245274783,20.875227186833676,1.1028238871924405,r1_basin_level_performance_rebuilt.csv + r1_basin_level_ct.csv
08070200,dPL-MLP,dPL-MLP,TGD,XAJ-TGD,test,median_across_seeds,True,0.0024550978464837,S1,0.7824716654746025,-1.0,1.0,15,5479.0,True,0.7432256222348196,16.545605319678145,1.1030234450266763,r1_basin_level_performance_rebuilt.csv + r1_basin_level_ct.csv
08082700,IC-CMA-ES,IC-CMA-ES,Base,XAJ-Base,test,selected_restart,True,0.0128021384845558,S1,0.26985466892918464,-47.0,47.0,15,5479.0,True,0.19893231358432917,16.170512325530524,1.0027891923084267,r1_basin_level_performance_rebuilt.csv + r1_basin_level_ct.csv
08082700,IC-CMA-ES,IC-CMA-ES,CN,XAJ-CN,test,selected_restart,True,0.0128021384845558,S1,0.31548250939306943,-40.0,40.0,15,5479.0,True,0.22507120954803783,24.340248332120844,0.9862929664521743,r1_basin_level_performance_rebuilt.csv + r1_basin_level_ct.csv
08082700,IC-CMA-ES,IC-CMA-ES,TGD,XAJ-TGD,test,selected_restart,True,0.0128021384845558,S1,0.2697553295606461,-47.0,47.0,15,5479.0,True,0.19883769644367122,16.164338672797548,1.0028484121759504,r1_basin_level_performance_rebuilt.csv + r1_basin_level_ct.csv
08082700,dPL-MLP,dPL-MLP,Base,XAJ-Base,test,median_across_seeds,True,0.0128021384845558,S1,0.4461794078649375,-38.0,38.0,15,5479.0,True,0.5395546878096348,-8.799934529947386,0.7602633689628554,r1_basin_level_performance_rebuilt.csv + r1_basin_level_ct.csv
08082700,dPL-MLP,dPL-MLP,CN,XAJ-CN,test,median_across_seeds,True,0.0128021384845558,S1,0.46814318141656597,-39.0,39.0,15,5479.0,True,0.5305162441840696,-0.2769472256029729,0.7676890093070645,r1_basin_level_performance_rebuilt.csv + r1_basin_level_ct.csv
08082700,dPL-MLP,dPL-MLP,TGD,XAJ-TGD,test,median_across_seeds,True,0.0128021384845558,S1,0.45865251658229456,-29.0,29.0,15,5479.0,True,0.5273084822203342,-1.033759403403696,0.7703071739374193,r1_basin_level_performance_rebuilt.csv + r1_basin_level_ct.csv
08086212,IC-CMA-ES,IC-CMA-ES,Base,XAJ-Base,test,selected_restart,True,0.0131862313964449,S1,0.4879227938538607,-8.0,8.0,15,5479.0,True,0.4562366882807469,-5.186769439683194,0.5098799097705655,r1_basin_level_performance_rebuilt.csv + r1_basin_level_ct.csv
08086212,IC-CMA-ES,IC-CMA-ES,CN,XAJ-CN,test,selected_restart,True,0.0131862313964449,S1,0.5189180835733799,-19.0,19.0,15,5479.0,True,0.43440325665090906,18.413000885391106,0.5200156324813928,r1_basin_level_performance_rebuilt.csv + r1_basin_level_ct.csv
08086212,IC-CMA-ES,IC-CMA-ES,TGD,XAJ-TGD,test,selected_restart,True,0.0131862313964449,S1,0.6236486596064197,-1.0,1.0,15,5479.0,True,0.3649996533194946,16.785351856549752,0.5509978833429334,r1_basin_level_performance_rebuilt.csv + r1_basin_level_ct.csv
08086212,dPL-MLP,dPL-MLP,Base,XAJ-Base,test,median_across_seeds,True,0.0131862313964449,S1,0.45285546420499967,-3.0,3.0,15,5479.0,True,0.4231241303675536,-4.292599243159323,0.5251751109327905,r1_basin_level_performance_rebuilt.csv + r1_basin_level_ct.csv
08086212,dPL-MLP,dPL-MLP,CN,XAJ-CN,test,median_across_seeds,True,0.0131862313964449,S1,0.46679733669735934,-2.0,2.0,15,5479.0,True,0.443485080475844,-0.5777729779710346,0.5158237746746626,r1_basin_level_performance_rebuilt.csv + r1_basin_level_ct.csv
08086212,dPL-MLP,dPL-MLP,TGD,XAJ-TGD,test,median_across_seeds,True,0.0131862313964449,S1,0.48416928585676744,-1.0,1.0,15,5479.0,True,0.4498473178197485,3.2751549889568192,0.5128667767872368,r1_basin_level_performance_rebuilt.csv + r1_basin_level_ct.csv
08086290,IC-CMA-ES,IC-CMA-ES,Base,XAJ-Base,test,selected_restart,True,0.0128799846435909,S1,0.4221112907014072,-1.0,1.0,15,5479.0,True,0.51442620520522,-26.203531809674722,0.6226540067809576,r1_basin_level_performance_rebuilt.csv + r1_basin_level_ct.csv
08086290,IC-CMA-ES,IC-CMA-ES,CN,XAJ-CN,test,selected_restart,True,0.0128799846435909,S1,0.3937380329062977,-17.0,17.0,15,5479.0,True,0.4910222891903194,-20.465300647729595,0.6374829133336232,r1_basin_level_performance_rebuilt.csv + r1_basin_level_ct.csv
08086290,IC-CMA-ES,IC-CMA-ES,TGD,XAJ-TGD,test,selected_restart,True,0.0128799846435909,S1,0.35168131067580144,-48.0,48.0,15,5479.0,True,0.380920684762065,-18.166233391693368,0.70305987636077,r1_basin_level_performance_rebuilt.csv + r1_basin_level_ct.csv
08086290,dPL-MLP,dPL-MLP,Base,XAJ-Base,test,median_across_seeds,True,0.0128799846435909,S1,0.5881063827407242,-1.0,1.0,15,5479.0,True,0.4236653583721538,-17.848329648673754,0.6783542165912378,r1_basin_level_performance_rebuilt.csv + r1_basin_level_ct.csv
08086290,dPL-MLP,dPL-MLP,CN,XAJ-CN,test,median_across_seeds,True,0.0128799846435909,S1,0.5474046390700729,-1.0,1.0,15,5479.0,True,0.4157376156664291,-20.582338196494582,0.6830038158341046,r1_basin_level_performance_rebuilt.csv + r1_basin_level_ct.csv
08086290,dPL-MLP,dPL-MLP,TGD,XAJ-TGD,test,median_across_seeds,True,0.0128799846435909,S1,0.6214842689168301,-1.0,1.0,15,5479.0,True,0.3870521707686526,-13.584142868151242,0.6995695895459231,r1_basin_level_performance_rebuilt.csv + r1_basin_level_ct.csv
08101000,IC-CMA-ES,IC-CMA-ES,Base,XAJ-Base,test,selected_restart,True,0.0091795525039557,S1,0.6769717766856261,-10.0,10.0,15,5479.0,True,0.4894601928194262,1.010248779830792,1.080430464130718,r1_basin_level_performance_rebuilt.csv + r1_basin_level_ct.csv
08101000,IC-CMA-ES,IC-CMA-ES,CN,XAJ-CN,test,selected_restart,True,0.0091795525039557,S1,0.729907352054787,-10.0,10.0,15,5479.0,True,0.5698069739430611,15.92440623211593,0.9917762384723964,r1_basin_level_performance_rebuilt.csv + r1_basin_level_ct.csv
08101000,IC-CMA-ES,IC-CMA-ES,TGD,XAJ-TGD,test,selected_restart,True,0.0091795525039557,S1,0.7649231035443733,-7.0,7.0,15,5479.0,True,0.5830855132772167,11.716005561907277,0.9763499518588279,r1_basin_level_performance_rebuilt.csv + r1_basin_level_ct.csv
08101000,dPL-MLP,dPL-MLP,Base,XAJ-Base,test,median_across_seeds,True,0.0091795525039557,S1,0.8517100499815617,-4.0,4.0,15,5479.0,True,0.7151430369382087,3.5424930369051775,0.807040697854241,r1_basin_level_performance_rebuilt.csv + r1_basin_level_ct.csv
08101000,dPL-MLP,dPL-MLP,CN,XAJ-CN,test,median_across_seeds,True,0.0091795525039557,S1,0.8476108171926868,-4.0,4.0,15,5479.0,True,0.7121238308199848,0.2430969827792574,0.8113063470462689,r1_basin_level_performance_rebuilt.csv + r1_basin_level_ct.csv
08101000,dPL-MLP,dPL-MLP,TGD,XAJ-TGD,test,median_across_seeds,True,0.0091795525039557,S1,0.8171328018155177,-2.0,2.0,15,5479.0,True,0.6775443427298613,3.528700453274608,0.8586516653042301,r1_basin_level_performance_rebuilt.csv + r1_basin_level_ct.csv
08103900,IC-CMA-ES,IC-CMA-ES,Base,XAJ-Base,test,selected_restart,True,0.0092842421517583,S1,0.642088051031211,-2.0,2.0,15,5479.0,True,0.4281405396939745,6.309505709257375,1.2444264962016554,r1_basin_level_performance_rebuilt.csv + r1_basin_level_ct.csv
08103900,IC-CMA-ES,IC-CMA-ES,CN,XAJ-CN,test,selected_restart,True,0.0092842421517583,S1,0.6628964736929904,1.0,1.0,15,5479.0,True,0.48872699402622877,6.016939825382564,1.1766600980352901,r1_basin_level_performance_rebuilt.csv + r1_basin_level_ct.csv
08103900,IC-CMA-ES,IC-CMA-ES,TGD,XAJ-TGD,test,selected_restart,True,0.0092842421517583,S1,0.648649592323854,-2.0,2.0,15,5479.0,True,0.44577204704583695,6.150237454317001,1.2250922921938543,r1_basin_level_performance_rebuilt.csv + r1_basin_level_ct.csv
08103900,dPL-MLP,dPL-MLP,Base,XAJ-Base,test,median_across_seeds,True,0.0092842421517583,S1,0.6182079962984184,0.0,0.0,15,5479.0,True,0.41521205714582565,-13.62447464755178,1.2584147479372865,r1_basin_level_performance_rebuilt.csv + r1_basin_level_ct.csv
08103900,dPL-MLP,dPL-MLP,CN,XAJ-CN,test,median_across_seeds,True,0.0092842421517583,S1,0.6245704162258141,1.0,1.0,15,5479.0,True,0.4275875731508385,-13.022836690862144,1.2450280075850397,r1_basin_level_performance_rebuilt.csv + r1_basin_level_ct.csv
08103900,dPL-MLP,dPL-MLP,TGD,XAJ-TGD,test,median_across_seeds,True,0.0092842421517583,S1,0.6436595764470235,1.0,1.0,15,5479.0,True,0.4052655054669575,-11.369585990945339,1.26907169717682,r1_basin_level_performance_rebuilt.csv + r1_basin_level_ct.csv
08104900,IC-CMA-ES,IC-CMA-ES,Base,XAJ-Base,test,selected_restart,True,0.0093596117977168,S1,0.5788596346432555,-21.0,21.0,15,5479.0,True,0.3728641082121893,21.781054527894167,1.9567899867599785,r1_basin_level_performance_rebuilt.csv + r1_basin_level_ct.csv
08104900,IC-CMA-ES,IC-CMA-ES,CN,XAJ-CN,test,selected_restart,True,0.0093596117977168,S1,0.539511180909922,-21.0,21.0,15,5479.0,True,0.19920476782445495,15.581352889522774,2.2111801568742235,r1_basin_level_performance_rebuilt.csv + r1_basin_level_ct.csv
08104900,IC-CMA-ES,IC-CMA-ES,TGD,XAJ-TGD,test,selected_restart,True,0.0093596117977168,S1,0.5322347321645898,-24.0,24.0,15,5479.0,True,0.21912970084037897,19.522029115527268,2.1834982150487416,r1_basin_level_performance_rebuilt.csv + r1_basin_level_ct.csv
08104900,dPL-MLP,dPL-MLP,Base,XAJ-Base,test,median_across_seeds,True,0.0093596117977168,S1,0.5366752587956907,-18.0,18.0,15,5479.0,True,0.3623313070232983,28.94370682304089,1.973153792950342,r1_basin_level_performance_rebuilt.csv + r1_basin_level_ct.csv
08104900,dPL-MLP,dPL-MLP,CN,XAJ-CN,test,median_across_seeds,True,0.0093596117977168,S1,0.530522269630529,-20.0,20.0,15,5479.0,True,0.3553245052865962,30.94621841830896,1.9839648345148386,r1_basin_level_performance_rebuilt.csv + r1_basin_level_ct.csv
08104900,dPL-MLP,dPL-MLP,TGD,XAJ-TGD,test,median_across_seeds,True,0.0093596117977168,S1,0.5876611212706835,-19.0,19.0,15,5479.0,True,0.4315482932933573,23.47156786359611,1.8629885098237993,r1_basin_level_performance_rebuilt.csv + r1_basin_level_ct.csv
08109700,IC-CMA-ES,IC-CMA-ES,Base,XAJ-Base,test,selected_restart,True,0.0051361625387599,S1,0.7822764372312412,-3.0,3.0,15,5479.0,True,0.6006294850729255,-1.072608323988054,0.7200252646068837,r1_basin_level_performance_rebuilt.csv + r1_basin_level_ct.csv
08109700,IC-CMA-ES,IC-CMA-ES,CN,XAJ-CN,test,selected_restart,True,0.0051361625387599,S1,0.7034052953514157,-13.0,13.0,15,5479.0,True,0.517431134430375,-4.308475606562717,0.791478980387857,r1_basin_level_performance_rebuilt.csv + r1_basin_level_ct.csv
08109700,IC-CMA-ES,IC-CMA-ES,TGD,XAJ-TGD,test,selected_restart,True,0.0051361625387599,S1,0.7793261993869108,-3.0,3.0,15,5479.0,True,0.590001675439774,-3.4156723472765753,0.7295428027492675,r1_basin_level_performance_rebuilt.csv + r1_basin_level_ct.csv
08109700,dPL-MLP,dPL-MLP,Base,XAJ-Base,test,median_across_seeds,True,0.0051361625387599,S1,0.7481962908893169,0.0,0.0,15,5479.0,True,0.4958401021550566,5.064238551097566,0.8089913634375636,r1_basin_level_performance_rebuilt.csv + r1_basin_level_ct.csv
08109700,dPL-MLP,dPL-MLP,CN,XAJ-CN,test,median_across_seeds,True,0.0051361625387599,S1,0.7352285152814275,0.0,0.0,15,5479.0,True,0.49396297156281543,8.201066204237502,0.8104960165649967,r1_basin_level_performance_rebuilt.csv + r1_basin_level_ct.csv
08109700,dPL-MLP,dPL-MLP,TGD,XAJ-TGD,test,median_across_seeds,True,0.0051361625387599,S1,0.74809514954312,0.0,0.0,15,5479.0,True,0.5119397739806926,6.037240648362401,0.7959695328619341,r1_basin_level_performance_rebuilt.csv + r1_basin_level_ct.csv
08150800,IC-CMA-ES,IC-CMA-ES,Base,XAJ-Base,test,selected_restart,True,0.0082340595135767,S1,0.30118397045888956,1.0,1.0,15,5479.0,True,0.3238266101474486,-20.65922865789355,0.7125021208671823,r1_basin_level_performance_rebuilt.csv + r1_basin_level_ct.csv
08150800,IC-CMA-ES,IC-CMA-ES,CN,XAJ-CN,test,selected_restart,True,0.0082340595135767,S1,0.21050713977917979,2.0,2.0,15,5479.0,True,0.2964621874221366,-29.96065442121101,0.7267764491026341,r1_basin_level_performance_rebuilt.csv + r1_basin_level_ct.csv
08150800,IC-CMA-ES,IC-CMA-ES,TGD,XAJ-TGD,test,selected_restart,True,0.0082340595135767,S1,0.20898992913357695,3.0,3.0,15,5479.0,True,0.29830878574965414,-30.445726810415813,0.7258220256524962,r1_basin_level_performance_rebuilt.csv + r1_basin_level_ct.csv
08150800,dPL-MLP,dPL-MLP,Base,XAJ-Base,test,median_across_seeds,True,0.0082340595135767,S1,0.15830308147139438,0.0,0.0,15,5479.0,True,0.26454809814290015,-31.81426642464721,0.7430777567423628,r1_basin_level_performance_rebuilt.csv + r1_basin_level_ct.csv
08150800,dPL-MLP,dPL-MLP,CN,XAJ-CN,test,median_across_seeds,True,0.0082340595135767,S1,0.17813145581150946,3.0,3.0,15,5479.0,True,0.26350035504604863,-27.506542222368395,0.7436068719016001,r1_basin_level_performance_rebuilt.csv + r1_basin_level_ct.csv
08150800,dPL-MLP,dPL-MLP,TGD,XAJ-TGD,test,median_across_seeds,True,0.0082340595135767,S1,0.14615516182016675,2.0,2.0,15,5479.0,True,0.262394289877077,-35.733927345172766,0.7441650317739509,r1_basin_level_performance_rebuilt.csv + r1_basin_level_ct.csv
08158700,IC-CMA-ES,IC-CMA-ES,Base,XAJ-Base,test,selected_restart,True,0.0064753537654614,S1,0.317474071894437,-2.0,2.0,14,5479.0,True,0.06612836811066991,39.89177348024467,1.3558478172093387,r1_basin_level_performance_rebuilt.csv + r1_basin_level_ct.csv
08158700,IC-CMA-ES,IC-CMA-ES,CN,XAJ-CN,test,selected_restart,True,0.0064753537654614,S1,0.13603454997726683,-11.0,11.0,14,5479.0,True,-0.364879092192373,41.84192613898059,1.6391339489607255,r1_basin_level_performance_rebuilt.csv + r1_basin_level_ct.csv
08158700,IC-CMA-ES,IC-CMA-ES,TGD,XAJ-TGD,test,selected_restart,True,0.0064753537654614,S1,0.3334830650423578,-2.5,2.5,14,5479.0,True,0.08879632808987281,40.08907668428518,1.3392914160582352,r1_basin_level_performance_rebuilt.csv + r1_basin_level_ct.csv
08158700,dPL-MLP,dPL-MLP,Base,XAJ-Base,test,median_across_seeds,True,0.0064753537654614,S1,0.2762548376921752,-0.5,0.5,14,5479.0,True,-0.0029750898146196914,43.44463684074909,1.405116805847571,r1_basin_level_performance_rebuilt.csv + r1_basin_level_ct.csv
08158700,dPL-MLP,dPL-MLP,CN,XAJ-CN,test,median_across_seeds,True,0.0064753537654614,S1,0.23891843666685264,-0.5,0.5,14,5479.0,True,-0.033523015317213245,47.25045858390001,1.426354349790051,r1_basin_level_performance_rebuilt.csv + r1_basin_level_ct.csv
08158700,dPL-MLP,dPL-MLP,TGD,XAJ-TGD,test,median_across_seeds,True,0.0064753537654614,S1,0.2535531308940916,-0.5,0.5,14,5479.0,True,-0.018816117061728033,43.01657394554916,1.4161695693864114,r1_basin_level_performance_rebuilt.csv + r1_basin_level_ct.csv
08158810,IC-CMA-ES,IC-CMA-ES,Base,XAJ-Base,test,selected_restart,True,0.0058462589398929,S1,0.5584766681154959,-6.0,6.0,15,5479.0,True,0.06937566230155012,9.385677188548648,2.0947659508901104,r1_basin_level_performance_rebuilt.csv + r1_basin_level_ct.csv
08158810,IC-CMA-ES,IC-CMA-ES,CN,XAJ-CN,test,selected_restart,True,0.0058462589398929,S1,0.5335268910486772,-4.0,4.0,15,5479.0,True,0.04293960066076219,12.085844330072213,2.1243104054618627,r1_basin_level_performance_rebuilt.csv + r1_basin_level_ct.csv
08158810,IC-CMA-ES,IC-CMA-ES,TGD,XAJ-TGD,test,selected_restart,True,0.0058462589398929,S1,0.4873098112382157,-14.0,14.0,15,5479.0,True,-0.06482170315492497,6.854647558470816,2.24071566450831,r1_basin_level_performance_rebuilt.csv + r1_basin_level_ct.csv
08158810,dPL-MLP,dPL-MLP,Base,XAJ-Base,test,median_across_seeds,True,0.0058462589398929,S1,0.5684261752965296,-1.0,1.0,15,5479.0,True,0.12842384079255875,3.7699510815511936,2.027220429433019,r1_basin_level_performance_rebuilt.csv + r1_basin_level_ct.csv
08158810,dPL-MLP,dPL-MLP,CN,XAJ-CN,test,median_across_seeds,True,0.0058462589398929,S1,0.5563846436997582,-2.0,2.0,15,5479.0,True,0.07539939315463706,12.652575239222305,2.0879754603435705,r1_basin_level_performance_rebuilt.csv + r1_basin_level_ct.csv
08158810,dPL-MLP,dPL-MLP,TGD,XAJ-TGD,test,median_across_seeds,True,0.0058462589398929,S1,0.5590242213251335,-1.0,1.0,15,5479.0,True,0.051369287655361306,5.961455872424197,2.1149343630693087,r1_basin_level_performance_rebuilt.csv + r1_basin_level_ct.csv
08164300,IC-CMA-ES,IC-CMA-ES,Base,XAJ-Base,test,selected_restart,True,0.0021354784821483,S1,0.7409641688600099,-1.0,1.0,15,5479.0,True,0.5282978255922959,1.2486158171556399,1.6790634838277925,r1_basin_level_performance_rebuilt.csv + r1_basin_level_ct.csv
08164300,IC-CMA-ES,IC-CMA-ES,CN,XAJ-CN,test,selected_restart,True,0.0021354784821483,S1,0.7354824360215881,-5.0,5.0,15,5479.0,True,0.505585078244242,-2.574953518073337,1.7190122136974932,r1_basin_level_performance_rebuilt.csv + r1_basin_level_ct.csv
08164300,IC-CMA-ES,IC-CMA-ES,TGD,XAJ-TGD,test,selected_restart,True,0.0021354784821483,S1,0.7337693005137141,-1.0,1.0,15,5479.0,True,0.5388374936086515,3.8124718394719217,1.6601990960191404,r1_basin_level_performance_rebuilt.csv + r1_basin_level_ct.csv
08164300,dPL-MLP,dPL-MLP,Base,XAJ-Base,test,median_across_seeds,True,0.0021354784821483,S1,0.7938870175685366,-1.0,1.0,15,5479.0,True,0.6644225872776197,-1.1943181733406818,1.4162161358825083,r1_basin_level_performance_rebuilt.csv + r1_basin_level_ct.csv
08164300,dPL-MLP,dPL-MLP,CN,XAJ-CN,test,median_across_seeds,True,0.0021354784821483,S1,0.7937505480207718,-1.0,1.0,15,5479.0,True,0.6414756428721385,-7.3574936616818505,1.463836293098144,r1_basin_level_performance_rebuilt.csv + r1_basin_level_ct.csv
08164300,dPL-MLP,dPL-MLP,TGD,XAJ-TGD,test,median_across_seeds,True,0.0021354784821483,S1,0.819630148029427,-4.0,4.0,15,5479.0,True,0.6637307468185583,-5.596494483524351,1.417675249498941,r1_basin_level_performance_rebuilt.csv + r1_basin_level_ct.csv
08164600,IC-CMA-ES,IC-CMA-ES,Base,XAJ-Base,test,selected_restart,True,0.0008978831137086,S1,0.7333359314658683,-2.0,2.0,15,5479.0,True,0.653417424433998,19.20906894857866,1.99443093170536,r1_basin_level_performance_rebuilt.csv + r1_basin_level_ct.csv
08164600,IC-CMA-ES,IC-CMA-ES,CN,XAJ-CN,test,selected_restart,True,0.0008978831137086,S1,0.7477652356057056,-2.0,2.0,15,5479.0,True,0.6564391909006564,17.33546690587099,1.985717426113379,r1_basin_level_performance_rebuilt.csv + r1_basin_level_ct.csv
08164600,IC-CMA-ES,IC-CMA-ES,TGD,XAJ-TGD,test,selected_restart,True,0.0008978831137086,S1,0.7253666322270832,-1.0,1.0,15,5479.0,True,0.6305516179619188,19.83281222694607,2.0591715207785612,r1_basin_level_performance_rebuilt.csv + r1_basin_level_ct.csv
08164600,dPL-MLP,dPL-MLP,Base,XAJ-Base,test,median_across_seeds,True,0.0008978831137086,S1,0.7947036339914793,-1.0,1.0,15,5479.0,True,0.6488462198624197,7.41618240778231,2.0075404867682853,r1_basin_level_performance_rebuilt.csv + r1_basin_level_ct.csv
08164600,dPL-MLP,dPL-MLP,CN,XAJ-CN,test,median_across_seeds,True,0.0008978831137086,S1,0.7843770745974725,-1.0,1.0,15,5479.0,True,0.652555484400257,12.980059303113528,1.9969094353697352,r1_basin_level_performance_rebuilt.csv + r1_basin_level_ct.csv
08164600,dPL-MLP,dPL-MLP,TGD,XAJ-TGD,test,median_across_seeds,True,0.0008978831137086,S1,0.7705488761869304,0.0,0.0,15,5479.0,True,0.646829853933965,14.711677502548799,2.013296002100358,r1_basin_level_performance_rebuilt.csv + r1_basin_level_ct.csv
08165300,IC-CMA-ES,IC-CMA-ES,Base,XAJ-Base,test,selected_restart,True,0.0056160383836324,S1,-0.5701295639858572,31.0,31.0,15,5479.0,True,-2.8043115985583387,60.616259469290945,1.792922930232967,r1_basin_level_performance_rebuilt.csv + r1_basin_level_ct.csv
08165300,IC-CMA-ES,IC-CMA-ES,CN,XAJ-CN,test,selected_restart,True,0.0056160383836324,S1,-0.3663923740989845,27.0,27.0,15,5479.0,True,-2.4929296527991562,38.67115436045177,1.7179815696528826,r1_basin_level_performance_rebuilt.csv + r1_basin_level_ct.csv
08165300,IC-CMA-ES,IC-CMA-ES,TGD,XAJ-TGD,test,selected_restart,True,0.0056160383836324,S1,-0.3225467878178594,24.0,24.0,15,5479.0,True,-2.243573791392993,56.78179203725952,1.6555239662085754,r1_basin_level_performance_rebuilt.csv + r1_basin_level_ct.csv
08165300,dPL-MLP,dPL-MLP,Base,XAJ-Base,test,median_across_seeds,True,0.0056160383836324,S1,0.21136478391752456,18.0,18.0,15,5479.0,True,0.24152918346175534,13.359876783353798,0.8005583994893073,r1_basin_level_performance_rebuilt.csv + r1_basin_level_ct.csv
08165300,dPL-MLP,dPL-MLP,CN,XAJ-CN,test,median_across_seeds,True,0.0056160383836324,S1,0.3051939878726412,19.0,19.0,15,5479.0,True,0.30886136264260977,29.10752750782806,0.7641984757342821,r1_basin_level_performance_rebuilt.csv + r1_basin_level_ct.csv
08165300,dPL-MLP,dPL-MLP,TGD,XAJ-TGD,test,median_across_seeds,True,0.0056160383836324,S1,0.25593775190969414,22.0,22.0,15,5479.0,True,0.3122792333351029,37.01047409140583,0.7623065479635692,r1_basin_level_performance_rebuilt.csv + r1_basin_level_ct.csv
08171300,IC-CMA-ES,IC-CMA-ES,Base,XAJ-Base,test,selected_restart,True,0.0043200262623378,S1,0.5739514550623154,-13.0,13.0,15,5479.0,True,0.4268466468133254,28.000461476423265,1.4213117145916714,r1_basin_level_performance_rebuilt.csv + r1_basin_level_ct.csv
08171300,IC-CMA-ES,IC-CMA-ES,CN,XAJ-CN,test,selected_restart,True,0.0043200262623378,S1,0.5979213696737813,-13.0,13.0,15,5479.0,True,0.43389500908335155,25.96997150250836,1.412545378730994,r1_basin_level_performance_rebuilt.csv + r1_basin_level_ct.csv
08171300,IC-CMA-ES,IC-CMA-ES,TGD,XAJ-TGD,test,selected_restart,True,0.0043200262623378,S1,0.40627882430861906,-7.0,7.0,15,5479.0,True,0.23546281204775044,32.923393571183155,1.6415466312105507,r1_basin_level_performance_rebuilt.csv + r1_basin_level_ct.csv
08171300,dPL-MLP,dPL-MLP,Base,XAJ-Base,test,median_across_seeds,True,0.0043200262623378,S1,0.6797525014465675,-1.0,1.0,15,5479.0,True,0.5790159166844315,24.393316521910855,1.2181106909841504,r1_basin_level_performance_rebuilt.csv + r1_basin_level_ct.csv
08171300,dPL-MLP,dPL-MLP,CN,XAJ-CN,test,median_across_seeds,True,0.0043200262623378,S1,0.6193515631102171,-1.0,1.0,15,5479.0,True,0.5471188818180048,29.775615328840395,1.2634149856569576,r1_basin_level_performance_rebuilt.csv + r1_basin_level_ct.csv
08171300,dPL-MLP,dPL-MLP,TGD,XAJ-TGD,test,median_across_seeds,True,0.0043200262623378,S1,0.657584194517052,-1.0,1.0,15,5479.0,True,0.5564146584486295,27.071375239229308,1.250381414931273,r1_basin_level_performance_rebuilt.csv + r1_basin_level_ct.csv
08175000,IC-CMA-ES,IC-CMA-ES,Base,XAJ-Base,test,selected_restart,True,0.0022293177664445,S1,0.7076456041756652,1.0,1.0,15,5479.0,True,0.5045256467186936,16.578753698728896,1.0600512125112307,r1_basin_level_performance_rebuilt.csv + r1_basin_level_ct.csv
08175000,IC-CMA-ES,IC-CMA-ES,CN,XAJ-CN,test,selected_restart,True,0.0022293177664445,S1,0.6126033986892984,0.0,0.0,15,5479.0,True,0.4568732957344026,27.784907290122337,1.1098565147952415,r1_basin_level_performance_rebuilt.csv + r1_basin_level_ct.csv
08175000,IC-CMA-ES,IC-CMA-ES,TGD,XAJ-TGD,test,selected_restart,True,0.0022293177664445,S1,0.6462993600007462,1.0,1.0,15,5479.0,True,0.43520094440925494,22.819836630262177,1.1317831876581406,r1_basin_level_performance_rebuilt.csv + r1_basin_level_ct.csv
08175000,dPL-MLP,dPL-MLP,Base,XAJ-Base,test,median_across_seeds,True,0.0022293177664445,S1,0.6372026272472533,0.0,0.0,15,5479.0,True,0.47908861911859146,26.05145810657225,1.0869215023379954,r1_basin_level_performance_rebuilt.csv + r1_basin_level_ct.csv
08175000,dPL-MLP,dPL-MLP,CN,XAJ-CN,test,median_across_seeds,True,0.0022293177664445,S1,0.6656888833660967,2.0,2.0,15,5479.0,True,0.4991454431842598,21.43016313414646,1.0657910577376963,r1_basin_level_performance_rebuilt.csv + r1_basin_level_ct.csv
08175000,dPL-MLP,dPL-MLP,TGD,XAJ-TGD,test,median_across_seeds,True,0.0022293177664445,S1,0.6576679697672372,2.0,2.0,15,5479.0,True,0.475126592725448,20.652540500152494,1.0910472080166222,r1_basin_level_performance_rebuilt.csv + r1_basin_level_ct.csv
08176900,IC-CMA-ES,IC-CMA-ES,Base,XAJ-Base,test,selected_restart,True,0.0018005933498891,S1,0.7034115896432664,-18.0,18.0,15,5479.0,True,0.441738829469562,12.594833158710216,1.3651181534194947,r1_basin_level_performance_rebuilt.csv + r1_basin_level_ct.csv
08176900,IC-CMA-ES,IC-CMA-ES,CN,XAJ-CN,test,selected_restart,True,0.0018005933498891,S1,0.7046137251385781,-27.0,27.0,15,5479.0,True,0.4984401668353138,8.28316082382728,1.2939363267060129,r1_basin_level_performance_rebuilt.csv + r1_basin_level_ct.csv
08176900,IC-CMA-ES,IC-CMA-ES,TGD,XAJ-TGD,test,selected_restart,True,0.0018005933498891,S1,0.6979376974685128,-16.0,16.0,15,5479.0,True,0.46413782021886874,15.759282755775216,1.3374516295693688,r1_basin_level_performance_rebuilt.csv + r1_basin_level_ct.csv
08176900,dPL-MLP,dPL-MLP,Base,XAJ-Base,test,median_across_seeds,True,0.0018005933498891,S1,0.5032923085328633,-1.0,1.0,15,5479.0,True,0.5064379505745775,-2.6277324545176772,1.2835784304165163,r1_basin_level_performance_rebuilt.csv + r1_basin_level_ct.csv
08176900,dPL-MLP,dPL-MLP,CN,XAJ-CN,test,median_across_seeds,True,0.0018005933498891,S1,0.5141016835323151,-1.0,1.0,15,5479.0,True,0.509557172961589,6.600940059786476,1.2795160106887289,r1_basin_level_performance_rebuilt.csv + r1_basin_level_ct.csv
08176900,dPL-MLP,dPL-MLP,TGD,XAJ-TGD,test,median_across_seeds,True,0.0018005933498891,S1,0.5319975876385319,-1.0,1.0,15,5479.0,True,0.515847896001161,-2.082383863308937,1.2712835951087371,r1_basin_level_performance_rebuilt.csv + r1_basin_level_ct.csv
08178880,IC-CMA-ES,IC-CMA-ES,Base,XAJ-Base,test,selected_restart,True,0.0030449353276083,S1,0.41097290058297986,-6.0,6.0,15,5479.0,True,0.5425852130397664,21.08534508696856,3.1325622180672097,r1_basin_level_performance_rebuilt.csv + r1_basin_level_ct.csv
08178880,IC-CMA-ES,IC-CMA-ES,CN,XAJ-CN,test,selected_restart,True,0.0030449353276083,S1,0.46495428014522777,0.0,0.0,15,5479.0,True,0.5809595957956752,12.909751483388645,2.9982825389023007,r1_basin_level_performance_rebuilt.csv + r1_basin_level_ct.csv
08178880,IC-CMA-ES,IC-CMA-ES,TGD,XAJ-TGD,test,selected_restart,True,0.0030449353276083,S1,0.41197687880326916,4.0,4.0,15,5479.0,True,0.5081506899933261,12.507532315907932,3.2483337078196786,r1_basin_level_performance_rebuilt.csv + r1_basin_level_ct.csv
08178880,dPL-MLP,dPL-MLP,Base,XAJ-Base,test,median_across_seeds,True,0.0030449353276083,S1,0.4139446201899034,-8.0,8.0,15,5479.0,True,0.5396098333971743,8.501391248046259,3.142734007632035,r1_basin_level_performance_rebuilt.csv + r1_basin_level_ct.csv
08178880,dPL-MLP,dPL-MLP,CN,XAJ-CN,test,median_across_seeds,True,0.0030449353276083,S1,0.4134558992224068,-4.0,4.0,15,5479.0,True,0.5359542347003676,10.29813137559315,3.1551863359168233,r1_basin_level_performance_rebuilt.csv + r1_basin_level_ct.csv
08178880,dPL-MLP,dPL-MLP,TGD,XAJ-TGD,test,median_across_seeds,True,0.0030449353276083,S1,0.4032782525608516,-1.0,1.0,15,5479.0,True,0.5336710850740123,14.813141050739933,3.162938721535563,r1_basin_level_performance_rebuilt.csv + r1_basin_level_ct.csv
08189500,IC-CMA-ES,IC-CMA-ES,Base,XAJ-Base,test,selected_restart,True,0.0016287321026845,S1,0.33801673294242907,0.0,0.0,15,5479.0,True,0.23429874518212557,34.911867553963816,1.109643617359658,r1_basin_level_performance_rebuilt.csv + r1_basin_level_ct.csv
08189500,IC-CMA-ES,IC-CMA-ES,CN,XAJ-CN,test,selected_restart,True,0.0016287321026845,S1,0.5743417900237506,0.0,0.0,15,5479.0,True,0.5753108522388091,25.440730936417566,0.8263983126525444,r1_basin_level_performance_rebuilt.csv + r1_basin_level_ct.csv
08189500,IC-CMA-ES,IC-CMA-ES,TGD,XAJ-TGD,test,selected_restart,True,0.0016287321026845,S1,0.633656345730371,0.0,0.0,15,5479.0,True,0.6057508065916295,22.97655984830273,0.7962313018412864,r1_basin_level_performance_rebuilt.csv + r1_basin_level_ct.csv
08189500,dPL-MLP,dPL-MLP,Base,XAJ-Base,test,median_across_seeds,True,0.0016287321026845,S1,0.562529674804193,1.0,1.0,15,5479.0,True,0.5985390073064893,-6.773284925993654,0.8034808255426177,r1_basin_level_performance_rebuilt.csv + r1_basin_level_ct.csv
08189500,dPL-MLP,dPL-MLP,CN,XAJ-CN,test,median_across_seeds,True,0.0016287321026845,S1,0.5694203208743759,1.0,1.0,15,5479.0,True,0.5977080661637831,-0.3104722338181773,0.8043119152034491,r1_basin_level_performance_rebuilt.csv + r1_basin_level_ct.csv
08189500,dPL-MLP,dPL-MLP,TGD,XAJ-TGD,test,median_across_seeds,True,0.0016287321026845,S1,0.560303666887275,1.0,1.0,15,5479.0,True,0.6103729486038805,-8.77396578854805,0.791550068788803,r1_basin_level_performance_rebuilt.csv + r1_basin_level_ct.csv
08190000,IC-CMA-ES,IC-CMA-ES,Base,XAJ-Base,test,selected_restart,True,0.0037075564040486,S1,0.6977920333288117,-23.0,23.0,15,5479.0,True,0.44453598706508224,10.01258520614246,0.8951991599401297,r1_basin_level_performance_rebuilt.csv + r1_basin_level_ct.csv
08190000,IC-CMA-ES,IC-CMA-ES,CN,XAJ-CN,test,selected_restart,True,0.0037075564040486,S1,0.6803967865998359,-21.0,21.0,15,5479.0,True,0.38441849689448127,10.527774676026327,0.9423982764372871,r1_basin_level_performance_rebuilt.csv + r1_basin_level_ct.csv
08190000,IC-CMA-ES,IC-CMA-ES,TGD,XAJ-TGD,test,selected_restart,True,0.0037075564040486,S1,0.6521009997723226,-2.0,2.0,15,5479.0,True,0.3773975305730689,18.017677762267216,0.9477572640197934,r1_basin_level_performance_rebuilt.csv + r1_basin_level_ct.csv
08190000,dPL-MLP,dPL-MLP,Base,XAJ-Base,test,median_across_seeds,True,0.0037075564040486,S1,0.4562664577970381,0.0,0.0,15,5479.0,True,0.4351261881210968,3.7523588417044054,0.902749845394621,r1_basin_level_performance_rebuilt.csv + r1_basin_level_ct.csv
08190000,dPL-MLP,dPL-MLP,CN,XAJ-CN,test,median_across_seeds,True,0.0037075564040486,S1,0.44833984967075213,1.0,1.0,15,5479.0,True,0.454837987249628,0.5750292783350958,0.8868588320433818,r1_basin_level_performance_rebuilt.csv + r1_basin_level_ct.csv
08190000,dPL-MLP,dPL-MLP,TGD,XAJ-TGD,test,median_across_seeds,True,0.0037075564040486,S1,0.4569178931416569,1.0,1.0,15,5479.0,True,0.41792925335421693,-0.9308993019707942,0.9163884123763982,r1_basin_level_performance_rebuilt.csv + r1_basin_level_ct.csv
08190500,IC-CMA-ES,IC-CMA-ES,Base,XAJ-Base,test,selected_restart,True,0.0044907633248583,S1,-0.7824972535759878,0.0,0.0,15,5479.0,True,-1.595545428048685,151.80571501906596,1.4472247195567816,r1_basin_level_performance_rebuilt.csv + r1_basin_level_ct.csv
08190500,IC-CMA-ES,IC-CMA-ES,CN,XAJ-CN,test,selected_restart,True,0.0044907633248583,S1,0.36373024544084576,0.0,0.0,15,5479.0,True,0.3118102047504311,44.1234730226436,0.7452050150892088,r1_basin_level_performance_rebuilt.csv + r1_basin_level_ct.csv
08190500,IC-CMA-ES,IC-CMA-ES,TGD,XAJ-TGD,test,selected_restart,True,0.0044907633248583,S1,0.42622338390126,0.0,0.0,15,5479.0,True,0.3435693982324365,30.686299147886977,0.7278067250584298,r1_basin_level_performance_rebuilt.csv + r1_basin_level_ct.csv
08190500,dPL-MLP,dPL-MLP,Base,XAJ-Base,test,median_across_seeds,True,0.0044907633248583,S1,-0.013144412003536221,3.0,3.0,15,5479.0,True,0.17231323770357398,-41.84044131866741,0.8172494921775636,r1_basin_level_performance_rebuilt.csv + r1_basin_level_ct.csv
08190500,dPL-MLP,dPL-MLP,CN,XAJ-CN,test,median_across_seeds,True,0.0044907633248583,S1,-0.01469705566807411,4.0,4.0,15,5479.0,True,0.17411714926803312,-42.48569606321262,0.8163584244335373,r1_basin_level_performance_rebuilt.csv + r1_basin_level_ct.csv
08190500,dPL-MLP,dPL-MLP,TGD,XAJ-TGD,test,median_across_seeds,True,0.0044907633248583,S1,-0.02047988791326194,2.0,2.0,15,5479.0,True,0.15899753400226846,-39.58503484578614,0.8237971579899003,r1_basin_level_performance_rebuilt.csv + r1_basin_level_ct.csv
08194200,IC-CMA-ES,IC-CMA-ES,Base,XAJ-Base,test,selected_restart,True,0.0005535601264272,S1,0.30956005471344383,-7.0,7.0,15,5479.0,True,0.2548438526057143,-17.267368096895577,0.763129296764691,r1_basin_level_performance_rebuilt.csv + r1_basin_level_ct.csv
08194200,IC-CMA-ES,IC-CMA-ES,CN,XAJ-CN,test,selected_restart,True,0.0005535601264272,S1,0.215265529864773,-65.0,65.0,15,5479.0,True,0.23222475285022848,-18.73654235234793,0.7746250469608587,r1_basin_level_performance_rebuilt.csv + r1_basin_level_ct.csv
08194200,IC-CMA-ES,IC-CMA-ES,TGD,XAJ-TGD,test,selected_restart,True,0.0005535601264272,S1,0.2809338150635381,-10.0,10.0,15,5479.0,True,0.23970357846725798,-14.123557056157242,0.7708430399472502,r1_basin_level_performance_rebuilt.csv + r1_basin_level_ct.csv
08194200,dPL-MLP,dPL-MLP,Base,XAJ-Base,test,median_across_seeds,True,0.0005535601264272,S1,-0.10022847961714332,-65.0,65.0,15,5479.0,True,0.16784606200046326,-57.795963658987795,0.8064479060751379,r1_basin_level_performance_rebuilt.csv + r1_basin_level_ct.csv
08194200,dPL-MLP,dPL-MLP,CN,XAJ-CN,test,median_across_seeds,True,0.0005535601264272,S1,-0.08472101037217339,-65.0,65.0,15,5479.0,True,0.1803338229068958,-58.558878145888364,0.8003740319554132,r1_basin_level_performance_rebuilt.csv + r1_basin_level_ct.csv
08194200,dPL-MLP,dPL-MLP,TGD,XAJ-TGD,test,median_across_seeds,True,0.0005535601264272,S1,-0.064829638713219,-65.0,65.0,15,5479.0,True,0.18936898684253445,-56.60027224733539,0.7959505546989861,r1_basin_level_performance_rebuilt.csv + r1_basin_level_ct.csv
08195000,IC-CMA-ES,IC-CMA-ES,Base,XAJ-Base,test,selected_restart,True,0.0043576302166992,S1,0.36991097820921326,-11.0,11.0,15,5479.0,True,0.28361410577177204,53.24705799284644,1.3024379741897376,r1_basin_level_performance_rebuilt.csv + r1_basin_level_ct.csv
08195000,IC-CMA-ES,IC-CMA-ES,CN,XAJ-CN,test,selected_restart,True,0.0043576302166992,S1,0.33950369047422735,-18.0,18.0,15,5479.0,True,0.32562123975784485,56.80933011906374,1.2636752481412798,r1_basin_level_performance_rebuilt.csv + r1_basin_level_ct.csv
08195000,IC-CMA-ES,IC-CMA-ES,TGD,XAJ-TGD,test,selected_restart,True,0.0043576302166992,S1,0.30617335156720316,-18.0,18.0,15,5479.0,True,0.2834660216494326,61.000694639089005,1.3025725807054678,r1_basin_level_performance_rebuilt.csv + r1_basin_level_ct.csv
08195000,dPL-MLP,dPL-MLP,Base,XAJ-Base,test,median_across_seeds,True,0.0043576302166992,S1,0.47215144754064775,-4.0,4.0,15,5479.0,True,0.4397795749242369,32.80444296855316,1.1517626914814116,r1_basin_level_performance_rebuilt.csv + r1_basin_level_ct.csv
08195000,dPL-MLP,dPL-MLP,CN,XAJ-CN,test,median_across_seeds,True,0.0043576302166992,S1,0.4695989008872431,-5.0,5.0,15,5479.0,True,0.43946221446632694,31.201453685793556,1.1520888775385985,r1_basin_level_performance_rebuilt.csv + r1_basin_level_ct.csv
08195000,dPL-MLP,dPL-MLP,TGD,XAJ-TGD,test,median_across_seeds,True,0.0043576302166992,S1,0.44499201233537167,0.0,0.0,15,5479.0,True,0.4410661495658136,36.996869349026085,1.1504393905469712,r1_basin_level_performance_rebuilt.csv + r1_basin_level_ct.csv
08196000,IC-CMA-ES,IC-CMA-ES,Base,XAJ-Base,test,selected_restart,True,0.0023896281867178,S1,0.436170963122992,2.0,2.0,15,5479.0,True,0.1992841585353583,36.769618686185716,1.5796902317684676,r1_basin_level_performance_rebuilt.csv + r1_basin_level_ct.csv
08196000,IC-CMA-ES,IC-CMA-ES,CN,XAJ-CN,test,selected_restart,True,0.0023896281867178,S1,0.38874683012332134,0.0,0.0,15,5479.0,True,0.21661460316755454,39.91831380575101,1.562501554370432,r1_basin_level_performance_rebuilt.csv + r1_basin_level_ct.csv
08196000,IC-CMA-ES,IC-CMA-ES,TGD,XAJ-TGD,test,selected_restart,True,0.0023896281867178,S1,0.26476834350816036,-13.0,13.0,15,5479.0,True,-0.17781282880100635,52.74211173388132,1.9158912873988028,r1_basin_level_performance_rebuilt.csv + r1_basin_level_ct.csv
08196000,dPL-MLP,dPL-MLP,Base,XAJ-Base,test,median_across_seeds,True,0.0023896281867178,S1,0.3064711808954621,1.0,1.0,15,5479.0,True,0.2731206065050428,9.181275261105997,1.5050949577808392,r1_basin_level_performance_rebuilt.csv + r1_basin_level_ct.csv
08196000,dPL-MLP,dPL-MLP,CN,XAJ-CN,test,median_across_seeds,True,0.0023896281867178,S1,0.32168918972474836,2.0,2.0,15,5479.0,True,0.26350642859669027,8.053603184984617,1.51501594084752,r1_basin_level_performance_rebuilt.csv + r1_basin_level_ct.csv
08196000,dPL-MLP,dPL-MLP,TGD,XAJ-TGD,test,median_across_seeds,True,0.0023896281867178,S1,0.32642445405820253,1.0,1.0,15,5479.0,True,0.26993246423792705,14.55320389044986,1.508392070625085,r1_basin_level_performance_rebuilt.csv + r1_basin_level_ct.csv
08198500,IC-CMA-ES,IC-CMA-ES,Base,XAJ-Base,test,selected_restart,True,0.0030982528891208,S1,0.37438922140392994,1.0,1.0,15,5479.0,True,0.47324887013386996,36.51265260894035,1.5080045416030656,r1_basin_level_performance_rebuilt.csv + r1_basin_level_ct.csv
08198500,IC-CMA-ES,IC-CMA-ES,CN,XAJ-CN,test,selected_restart,True,0.0030982528891208,S1,0.36216232371852,1.0,1.0,15,5479.0,True,0.4801957885779503,39.41928182492028,1.4980275775649172,r1_basin_level_performance_rebuilt.csv + r1_basin_level_ct.csv
08198500,IC-CMA-ES,IC-CMA-ES,TGD,XAJ-TGD,test,selected_restart,True,0.0030982528891208,S1,0.3791345278894631,1.0,1.0,15,5479.0,True,0.5023232019964331,39.99079481088226,1.465796257943135,r1_basin_level_performance_rebuilt.csv + r1_basin_level_ct.csv
08198500,dPL-MLP,dPL-MLP,Base,XAJ-Base,test,median_across_seeds,True,0.0030982528891208,S1,0.35740506936749217,0.0,0.0,15,5479.0,True,0.4072696654860424,6.213118801512553,1.5996629587513533,r1_basin_level_performance_rebuilt.csv + r1_basin_level_ct.csv
08198500,dPL-MLP,dPL-MLP,CN,XAJ-CN,test,median_across_seeds,True,0.0030982528891208,S1,0.4499557146452029,0.0,0.0,15,5479.0,True,0.4174061050733593,2.7482709010722686,1.5859258434522383,r1_basin_level_performance_rebuilt.csv + r1_basin_level_ct.csv
08198500,dPL-MLP,dPL-MLP,TGD,XAJ-TGD,test,median_across_seeds,True,0.0030982528891208,S1,0.4015776957646403,1.0,1.0,15,5479.0,True,0.37885757321626357,2.489448839886179,1.6375535423202505,r1_basin_level_performance_rebuilt.csv + r1_basin_level_ct.csv
08200000,IC-CMA-ES,IC-CMA-ES,Base,XAJ-Base,test,selected_restart,True,0.0026284470487446,S1,0.4876316927421799,0.0,0.0,15,5479.0,True,0.6006144840339651,30.891911662330113,3.0491339107881417,r1_basin_level_performance_rebuilt.csv + r1_basin_level_ct.csv
08200000,IC-CMA-ES,IC-CMA-ES,CN,XAJ-CN,test,selected_restart,True,0.0026284470487446,S1,0.4681551866160327,0.0,0.0,15,5479.0,True,0.5816795629253276,29.036472801657776,3.120576860924496,r1_basin_level_performance_rebuilt.csv + r1_basin_level_ct.csv
08200000,IC-CMA-ES,IC-CMA-ES,TGD,XAJ-TGD,test,selected_restart,True,0.0026284470487446,S1,0.47569202993280824,-5.0,5.0,15,5479.0,True,0.5030290186426012,16.186879502724427,3.401307195805593,r1_basin_level_performance_rebuilt.csv + r1_basin_level_ct.csv
08200000,dPL-MLP,dPL-MLP,Base,XAJ-Base,test,median_across_seeds,True,0.0026284470487446,S1,0.44704746711478915,-5.0,5.0,15,5479.0,True,0.568958896395408,15.350540669715517,3.167668205867829,r1_basin_level_performance_rebuilt.csv + r1_basin_level_ct.csv
08200000,dPL-MLP,dPL-MLP,CN,XAJ-CN,test,median_across_seeds,True,0.0026284470487446,S1,0.44007148162671494,-4.0,4.0,15,5479.0,True,0.5642448617112881,18.780444302536537,3.1849425359569725,r1_basin_level_performance_rebuilt.csv + r1_basin_level_ct.csv
08200000,dPL-MLP,dPL-MLP,TGD,XAJ-TGD,test,median_across_seeds,True,0.0026284470487446,S1,0.4353259785820909,-6.0,6.0,15,5479.0,True,0.5541857857587794,11.899081124067214,3.2214937880486203,r1_basin_level_performance_rebuilt.csv + r1_basin_level_ct.csv
08202700,IC-CMA-ES,IC-CMA-ES,Base,XAJ-Base,test,selected_restart,True,0.002762016493395,S1,0.4046409806385247,0.0,0.0,10,5479.0,True,0.0074131437716299375,7.0803192925229546,1.7559969239493285,r1_basin_level_performance_rebuilt.csv + r1_basin_level_ct.csv
08202700,IC-CMA-ES,IC-CMA-ES,CN,XAJ-CN,test,selected_restart,True,0.002762016493395,S1,0.41380294901941417,0.0,0.0,10,5479.0,True,-0.022851948327403893,19.03209976712187,1.7825670691310023,r1_basin_level_performance_rebuilt.csv + r1_basin_level_ct.csv
08202700,IC-CMA-ES,IC-CMA-ES,TGD,XAJ-TGD,test,selected_restart,True,0.002762016493395,S1,0.3123524619383097,0.0,0.0,10,5479.0,True,0.2853678668778139,-10.653110608067202,1.489981104604779,r1_basin_level_performance_rebuilt.csv + r1_basin_level_ct.csv
08202700,dPL-MLP,dPL-MLP,Base,XAJ-Base,test,median_across_seeds,True,0.002762016493395,S1,-0.11797704459169789,-21.5,21.5,10,5479.0,True,0.1233663893826964,-53.202324511141526,1.6502454715075978,r1_basin_level_performance_rebuilt.csv + r1_basin_level_ct.csv
08202700,dPL-MLP,dPL-MLP,CN,XAJ-CN,test,median_across_seeds,True,0.002762016493395,S1,-0.11676134305721364,-28.5,28.5,10,5479.0,True,0.12442879880654056,-52.97935536724562,1.649245185962515,r1_basin_level_performance_rebuilt.csv + r1_basin_level_ct.csv
08202700,dPL-MLP,dPL-MLP,TGD,XAJ-TGD,test,median_across_seeds,True,0.002762016493395,S1,-0.12705142497792155,-19.0,19.0,10,5479.0,True,0.12728777759723608,-55.519735090037486,1.6465503666455334,r1_basin_level_performance_rebuilt.csv + r1_basin_level_ct.csv
08267500,IC-CMA-ES,IC-CMA-ES,Base,XAJ-Base,test,selected_restart,True,0.471388008193727,S4,0.07977419332382985,-38.0,38.0,15,5479.0,True,-0.6621037559642338,-7.43612933451655,1.2381288473144043,r1_basin_level_performance_rebuilt.csv + r1_basin_level_ct.csv
08267500,IC-CMA-ES,IC-CMA-ES,CN,XAJ-CN,test,selected_restart,True,0.471388008193727,S4,0.75907073105336,2.0,2.0,15,5479.0,True,0.5688827496712021,7.14950831828952,0.6305717022094176,r1_basin_level_performance_rebuilt.csv + r1_basin_level_ct.csv
08267500,IC-CMA-ES,IC-CMA-ES,TGD,XAJ-TGD,test,selected_restart,True,0.471388008193727,S4,0.5692560595475396,-5.0,5.0,15,5479.0,True,0.30009582201300533,5.93932134288507,0.8034448474523164,r1_basin_level_performance_rebuilt.csv + r1_basin_level_ct.csv
08267500,dPL-MLP,dPL-MLP,Base,XAJ-Base,test,median_across_seeds,True,0.471388008193727,S4,0.02049579434436999,-36.0,36.0,15,5479.0,True,-0.15709610636996763,-33.17425273684349,1.033050359172522,r1_basin_level_performance_rebuilt.csv + r1_basin_level_ct.csv
08267500,dPL-MLP,dPL-MLP,CN,XAJ-CN,test,median_across_seeds,True,0.471388008193727,S4,0.6500205435034907,1.0,1.0,15,5479.0,True,0.52273049154999,-0.6624580745194024,0.66346592312176,r1_basin_level_performance_rebuilt.csv + r1_basin_level_ct.csv
08267500,dPL-MLP,dPL-MLP,TGD,XAJ-TGD,test,median_across_seeds,True,0.471388008193727,S4,0.5301977821010144,-4.0,4.0,15,5479.0,True,0.39915665265386613,-19.04588782367924,0.7444189249293599,r1_basin_level_performance_rebuilt.csv + r1_basin_level_ct.csv
08269000,IC-CMA-ES,IC-CMA-ES,Base,XAJ-Base,test,selected_restart,True,0.401645682298287,S4,0.24738686856813252,-25.0,25.0,15,5479.0,True,0.03177749900604121,-7.9324965940135055,0.5096143886553245,r1_basin_level_performance_rebuilt.csv + r1_basin_level_ct.csv
08269000,IC-CMA-ES,IC-CMA-ES,CN,XAJ-CN,test,selected_restart,True,0.401645682298287,S4,0.6762210615786008,0.0,0.0,15,5479.0,True,0.4042868546598485,12.908779350655644,0.3997354711217479,r1_basin_level_performance_rebuilt.csv + r1_basin_level_ct.csv
08269000,IC-CMA-ES,IC-CMA-ES,TGD,XAJ-TGD,test,selected_restart,True,0.401645682298287,S4,0.6843856593823494,6.0,6.0,15,5479.0,True,0.36151280221998483,-9.3328985083659,0.4138378344358242,r1_basin_level_performance_rebuilt.csv + r1_basin_level_ct.csv
08269000,dPL-MLP,dPL-MLP,Base,XAJ-Base,test,median_across_seeds,True,0.401645682298287,S4,0.17808495586203765,-25.0,25.0,15,5479.0,True,0.17832318212588938,-12.448664302886744,0.46946650605360835,r1_basin_level_performance_rebuilt.csv + r1_basin_level_ct.csv
08269000,dPL-MLP,dPL-MLP,CN,XAJ-CN,test,median_across_seeds,True,0.401645682298287,S4,0.6846402802782544,2.0,2.0,15,5479.0,True,0.4620737003703711,-5.812309986559697,0.3798529336288774,r1_basin_level_performance_rebuilt.csv + r1_basin_level_ct.csv
08269000,dPL-MLP,dPL-MLP,TGD,XAJ-TGD,test,median_across_seeds,True,0.401645682298287,S4,0.5156111505074505,6.0,6.0,15,5479.0,True,0.37915158935799764,-31.884093448868533,0.4080814773553915,r1_basin_level_performance_rebuilt.csv + r1_basin_level_ct.csv
08271000,IC-CMA-ES,IC-CMA-ES,Base,XAJ-Base,test,selected_restart,True,0.48400245009705,S4,0.02582335013485748,-38.0,38.0,15,5479.0,True,-0.9426281719968337,14.57914305532239,1.6179774613091227,r1_basin_level_performance_rebuilt.csv + r1_basin_level_ct.csv
08271000,IC-CMA-ES,IC-CMA-ES,CN,XAJ-CN,test,selected_restart,True,0.48400245009705,S4,0.7804240103096245,5.0,5.0,15,5479.0,True,0.5917368949778912,8.456310413446795,0.7417331570903558,r1_basin_level_performance_rebuilt.csv + r1_basin_level_ct.csv
08271000,IC-CMA-ES,IC-CMA-ES,TGD,XAJ-TGD,test,selected_restart,True,0.48400245009705,S4,0.5217156933452565,-5.0,5.0,15,5479.0,True,0.2117626187822148,-2.9142033288207068,1.0306379731221418,r1_basin_level_performance_rebuilt.csv + r1_basin_level_ct.csv
08271000,dPL-MLP,dPL-MLP,Base,XAJ-Base,test,median_across_seeds,True,0.48400245009705,S4,-0.025549176101669957,-32.0,32.0,15,5479.0,True,-0.16806673231048475,-42.922280872779865,1.2546178256633802,r1_basin_level_performance_rebuilt.csv + r1_basin_level_ct.csv
08271000,dPL-MLP,dPL-MLP,CN,XAJ-CN,test,median_across_seeds,True,0.48400245009705,S4,0.664199073898345,3.0,3.0,15,5479.0,True,0.5236216992918994,-7.316803155407109,0.801223376319413,r1_basin_level_performance_rebuilt.csv + r1_basin_level_ct.csv
08271000,dPL-MLP,dPL-MLP,TGD,XAJ-TGD,test,median_across_seeds,True,0.48400245009705,S4,0.43607362466012045,-7.0,7.0,15,5479.0,True,0.2986292471619658,-32.89320700247126,0.9721906773170905,r1_basin_level_performance_rebuilt.csv + r1_basin_level_ct.csv
08324000,IC-CMA-ES,IC-CMA-ES,Base,XAJ-Base,test,selected_restart,True,0.365429081915842,S4,0.49336922844212117,-18.0,18.0,15,5479.0,True,0.04759011735701291,-0.2795282262519993,0.16910304039639515,r1_basin_level_performance_rebuilt.csv + r1_basin_level_ct.csv
08324000,IC-CMA-ES,IC-CMA-ES,CN,XAJ-CN,test,selected_restart,True,0.365429081915842,S4,0.5445532697606554,-3.0,3.0,15,5479.0,True,0.24060989280806055,1.544944288345382,0.15099825800228545,r1_basin_level_performance_rebuilt.csv + r1_basin_level_ct.csv
08324000,IC-CMA-ES,IC-CMA-ES,TGD,XAJ-TGD,test,selected_restart,True,0.365429081915842,S4,0.6482503241915442,-1.0,1.0,15,5479.0,True,0.30545907273726236,-5.818713653253164,0.14440704820520228,r1_basin_level_performance_rebuilt.csv + r1_basin_level_ct.csv
08324000,dPL-MLP,dPL-MLP,Base,XAJ-Base,test,median_across_seeds,True,0.365429081915842,S4,0.5036669179022186,-26.0,26.0,15,5479.0,True,0.10595429076880325,18.774610012420645,0.16383977055550678,r1_basin_level_performance_rebuilt.csv + r1_basin_level_ct.csv
08324000,dPL-MLP,dPL-MLP,CN,XAJ-CN,test,median_across_seeds,True,0.365429081915842,S4,0.6674239450371562,-6.0,6.0,15,5479.0,True,0.33816534492904216,-1.2570743236264987,0.14096594967464146,r1_basin_level_performance_rebuilt.csv + r1_basin_level_ct.csv
08324000,dPL-MLP,dPL-MLP,TGD,XAJ-TGD,test,median_across_seeds,True,0.365429081915842,S4,0.6889864267012136,3.0,3.0,15,5479.0,True,0.4855019491012872,-18.717985283007657,0.12428861153403675,r1_basin_level_performance_rebuilt.csv + r1_basin_level_ct.csv
08377900,IC-CMA-ES,IC-CMA-ES,Base,XAJ-Base,test,selected_restart,True,0.466213354634129,S4,0.17686326106582528,-43.0,43.0,15,5479.0,True,-0.17775157169075917,7.784602291456414,1.0370698233766673,r1_basin_level_performance_rebuilt.csv + r1_basin_level_ct.csv
08377900,IC-CMA-ES,IC-CMA-ES,CN,XAJ-CN,test,selected_restart,True,0.466213354634129,S4,0.9009139900540903,1.0,1.0,15,5479.0,True,0.80740880150284,2.5106564678383725,0.41937194036730246,r1_basin_level_performance_rebuilt.csv + r1_basin_level_ct.csv
08377900,IC-CMA-ES,IC-CMA-ES,TGD,XAJ-TGD,test,selected_restart,True,0.466213354634129,S4,0.6591982937864815,-10.0,10.0,15,5479.0,True,0.47535142594520574,-6.509249138185894,0.6921741874222953,r1_basin_level_performance_rebuilt.csv + r1_basin_level_ct.csv
08377900,dPL-MLP,dPL-MLP,Base,XAJ-Base,test,median_across_seeds,True,0.466213354634129,S4,0.14896495289246336,-40.0,40.0,15,5479.0,True,-0.006804363470005459,-0.7266259245991475,0.9588566745065267,r1_basin_level_performance_rebuilt.csv + r1_basin_level_ct.csv
08377900,dPL-MLP,dPL-MLP,CN,XAJ-CN,test,median_across_seeds,True,0.466213354634129,S4,0.6483678371394539,1.0,1.0,15,5479.0,True,0.6207565954110876,-11.327731186684703,0.5884914662372984,r1_basin_level_performance_rebuilt.csv + r1_basin_level_ct.csv
08377900,dPL-MLP,dPL-MLP,TGD,XAJ-TGD,test,median_across_seeds,True,0.466213354634129,S4,0.6229552917042309,-10.0,10.0,15,5479.0,True,0.4427081362327594,-3.667312705954518,0.7133825837221536,r1_basin_level_performance_rebuilt.csv + r1_basin_level_ct.csv
08378500,IC-CMA-ES,IC-CMA-ES,Base,XAJ-Base,test,selected_restart,True,0.449989328985624,S4,0.21141442029982205,-40.0,40.0,15,5479.0,True,-0.16176161748912188,12.695769918423844,0.8367521204142666,r1_basin_level_performance_rebuilt.csv + r1_basin_level_ct.csv
08378500,IC-CMA-ES,IC-CMA-ES,CN,XAJ-CN,test,selected_restart,True,0.449989328985624,S4,0.729647718064406,0.0,0.0,15,5479.0,True,0.606623971593075,14.262019209086677,0.48690278113352947,r1_basin_level_performance_rebuilt.csv + r1_basin_level_ct.csv
08378500,IC-CMA-ES,IC-CMA-ES,TGD,XAJ-TGD,test,selected_restart,True,0.449989328985624,S4,0.7356391365357031,-8.0,8.0,15,5479.0,True,0.524811282301085,1.5106058712894974,0.535144874137103,r1_basin_level_performance_rebuilt.csv + r1_basin_level_ct.csv
08378500,dPL-MLP,dPL-MLP,Base,XAJ-Base,test,median_across_seeds,True,0.449989328985624,S4,0.18584182735372012,-40.0,40.0,15,5479.0,True,0.07059614401557968,-4.070024808688561,0.7484116591241128,r1_basin_level_performance_rebuilt.csv + r1_basin_level_ct.csv
08378500,dPL-MLP,dPL-MLP,CN,XAJ-CN,test,median_across_seeds,True,0.449989328985624,S4,0.5651687080268587,-1.0,1.0,15,5479.0,True,0.5728165290589549,-16.301727761208962,0.507394236332786,r1_basin_level_performance_rebuilt.csv + r1_basin_level_ct.csv
08378500,dPL-MLP,dPL-MLP,TGD,XAJ-TGD,test,median_across_seeds,True,0.449989328985624,S4,0.604377239915753,-8.0,8.0,15,5479.0,True,0.40737414507716807,-5.340569987920715,0.5976247939441287,r1_basin_level_performance_rebuilt.csv + r1_basin_level_ct.csv
08380500,IC-CMA-ES,IC-CMA-ES,Base,XAJ-Base,test,selected_restart,True,0.291104431145414,S3,0.3569430593630335,-36.0,36.0,15,5479.0,True,-0.30911003923020375,-12.991225270223046,0.5176407747744276,r1_basin_level_performance_rebuilt.csv + r1_basin_level_ct.csv
08380500,IC-CMA-ES,IC-CMA-ES,CN,XAJ-CN,test,selected_restart,True,0.291104431145414,S3,0.6177875093757565,14.0,14.0,15,5479.0,True,0.4176408416975187,-10.466199692199769,0.3452517246551089,r1_basin_level_performance_rebuilt.csv + r1_basin_level_ct.csv
08380500,IC-CMA-ES,IC-CMA-ES,TGD,XAJ-TGD,test,selected_restart,True,0.291104431145414,S3,0.47857357434804615,-3.0,3.0,15,5479.0,True,-0.09726493305426587,-14.787939881920945,0.47391030447248045,r1_basin_level_performance_rebuilt.csv + r1_basin_level_ct.csv
08380500,dPL-MLP,dPL-MLP,Base,XAJ-Base,test,median_across_seeds,True,0.291104431145414,S3,0.3871121773957785,-35.0,35.0,15,5479.0,True,0.24584523303497696,-13.594193395335259,0.3928896987832801,r1_basin_level_performance_rebuilt.csv + r1_basin_level_ct.csv
08380500,dPL-MLP,dPL-MLP,CN,XAJ-CN,test,median_across_seeds,True,0.291104431145414,S3,0.4872251223483306,1.0,1.0,15,5479.0,True,0.44919076948413383,-18.854873048713124,0.3357693165418971,r1_basin_level_performance_rebuilt.csv + r1_basin_level_ct.csv
08380500,dPL-MLP,dPL-MLP,TGD,XAJ-TGD,test,median_across_seeds,True,0.291104431145414,S3,0.5427762274649913,-4.0,4.0,15,5479.0,True,0.3513972902398269,-14.939465075280774,0.36435923473620935,r1_basin_level_performance_rebuilt.csv + r1_basin_level_ct.csv
09035800,IC-CMA-ES,IC-CMA-ES,Base,XAJ-Base,test,selected_restart,True,0.703715181667891,S5,0.10007745357348807,-59.0,59.0,15,5479.0,True,-0.07127384777549706,15.139358449929135,1.4206531505635291,r1_basin_level_performance_rebuilt.csv + r1_basin_level_ct.csv
09035800,IC-CMA-ES,IC-CMA-ES,CN,XAJ-CN,test,selected_restart,True,0.703715181667891,S5,0.7606714399938537,0.0,0.0,15,5479.0,True,0.7458916774491182,8.315195424708845,0.6919062473988192,r1_basin_level_performance_rebuilt.csv + r1_basin_level_ct.csv
09035800,IC-CMA-ES,IC-CMA-ES,TGD,XAJ-TGD,test,selected_restart,True,0.703715181667891,S5,0.7270904159415701,-11.0,11.0,15,5479.0,True,0.47830564627063943,9.72841529383637,0.9913930625673398,r1_basin_level_performance_rebuilt.csv + r1_basin_level_ct.csv
09035800,dPL-MLP,dPL-MLP,Base,XAJ-Base,test,median_across_seeds,True,0.703715181667891,S5,0.09374108987565555,-59.0,59.0,15,5479.0,True,-0.12613204281922052,18.232280561985743,1.456573704364667,r1_basin_level_performance_rebuilt.csv + r1_basin_level_ct.csv
09035800,dPL-MLP,dPL-MLP,CN,XAJ-CN,test,median_across_seeds,True,0.703715181667891,S5,0.6610286521751976,-4.0,4.0,15,5479.0,True,0.758047031571824,31.918906045624468,0.6751546834903926,r1_basin_level_performance_rebuilt.csv + r1_basin_level_ct.csv
09035800,dPL-MLP,dPL-MLP,TGD,XAJ-TGD,test,median_across_seeds,True,0.703715181667891,S5,0.6894453037910255,-10.0,10.0,15,5479.0,True,0.5069702568918816,22.009635380878,0.9637721385922793,r1_basin_level_performance_rebuilt.csv + r1_basin_level_ct.csv
09035900,IC-CMA-ES,IC-CMA-ES,Base,XAJ-Base,test,selected_restart,True,0.689823885415144,S5,0.07872308241556181,-55.0,55.0,15,5479.0,True,0.05916025280261883,-5.07817304543938,1.6096875031140225,r1_basin_level_performance_rebuilt.csv + r1_basin_level_ct.csv
09035900,IC-CMA-ES,IC-CMA-ES,CN,XAJ-CN,test,selected_restart,True,0.689823885415144,S5,0.8981205833478443,-4.0,4.0,15,5479.0,True,0.8827270967726508,-8.454238050467827,0.5683064465984097,r1_basin_level_performance_rebuilt.csv + r1_basin_level_ct.csv
09035900,IC-CMA-ES,IC-CMA-ES,TGD,XAJ-TGD,test,selected_restart,True,0.689823885415144,S5,0.7954089589712886,-14.0,14.0,15,5479.0,True,0.6544848704951971,-6.081497030026236,0.9754775496800078,r1_basin_level_performance_rebuilt.csv + r1_basin_level_ct.csv
09035900,dPL-MLP,dPL-MLP,Base,XAJ-Base,test,median_across_seeds,True,0.689823885415144,S5,0.07740108535572143,-54.0,54.0,15,5479.0,True,0.02581026927858132,-4.472923515541944,1.637968395167519,r1_basin_level_performance_rebuilt.csv + r1_basin_level_ct.csv
09035900,dPL-MLP,dPL-MLP,CN,XAJ-CN,test,median_across_seeds,True,0.689823885415144,S5,0.8386223983209442,-7.0,7.0,15,5479.0,True,0.8363897841020943,13.356841409418571,0.6712571937499873,r1_basin_level_performance_rebuilt.csv + r1_basin_level_ct.csv
09035900,dPL-MLP,dPL-MLP,TGD,XAJ-TGD,test,median_across_seeds,True,0.689823885415144,S5,0.7992164675543825,-13.0,13.0,15,5479.0,True,0.6560004547946288,3.8006120917230715,0.9733357573972865,r1_basin_level_performance_rebuilt.csv + r1_basin_level_ct.csv
09047700,IC-CMA-ES,IC-CMA-ES,Base,XAJ-Base,test,selected_restart,True,0.626945100722261,S5,0.1861254965219652,-33.0,33.0,15,5479.0,True,-0.04580351700901453,11.711215791448812,0.9517179026378089,r1_basin_level_performance_rebuilt.csv + r1_basin_level_ct.csv
09047700,IC-CMA-ES,IC-CMA-ES,CN,XAJ-CN,test,selected_restart,True,0.626945100722261,S5,0.8564413143047357,4.0,4.0,15,5479.0,True,0.7806617028265769,5.635244437333525,0.4358533853658333,r1_basin_level_performance_rebuilt.csv + r1_basin_level_ct.csv
09047700,IC-CMA-ES,IC-CMA-ES,TGD,XAJ-TGD,test,selected_restart,True,0.626945100722261,S5,0.7941251414445998,2.0,2.0,15,5479.0,True,0.6725109107559892,10.544293144601644,0.5325760196881949,r1_basin_level_performance_rebuilt.csv + r1_basin_level_ct.csv
09047700,dPL-MLP,dPL-MLP,Base,XAJ-Base,test,median_across_seeds,True,0.626945100722261,S5,0.19566024580516117,-31.0,31.0,15,5479.0,True,0.007088031851552268,16.379983146672437,0.927339080766433,r1_basin_level_performance_rebuilt.csv + r1_basin_level_ct.csv
09047700,dPL-MLP,dPL-MLP,CN,XAJ-CN,test,median_across_seeds,True,0.626945100722261,S5,0.7099579168302328,0.0,0.0,15,5479.0,True,0.7680167693939141,21.08163609023762,0.4482409045893381,r1_basin_level_performance_rebuilt.csv + r1_basin_level_ct.csv
09047700,dPL-MLP,dPL-MLP,TGD,XAJ-TGD,test,median_across_seeds,True,0.626945100722261,S5,0.7711683399793552,5.0,5.0,15,5479.0,True,0.693352572308735,13.97595124223552,0.5153506792733675,r1_basin_level_performance_rebuilt.csv + r1_basin_level_ct.csv
09065500,IC-CMA-ES,IC-CMA-ES,Base,XAJ-Base,test,selected_restart,True,0.715530725661926,S5,-0.0728346168872871,-60.0,60.0,15,5479.0,True,0.07023432094793058,-8.672928945286927,3.289890798249889,r1_basin_level_performance_rebuilt.csv + r1_basin_level_ct.csv
09065500,IC-CMA-ES,IC-CMA-ES,CN,XAJ-CN,test,selected_restart,True,0.715530725661926,S5,0.8983124410849306,0.0,0.0,15,5479.0,True,0.8449752302582969,4.5091934608618365,1.3433688531309436,r1_basin_level_performance_rebuilt.csv + r1_basin_level_ct.csv
09065500,IC-CMA-ES,IC-CMA-ES,TGD,XAJ-TGD,test,selected_restart,True,0.715530725661926,S5,0.5071658088733492,-24.0,24.0,15,5479.0,True,0.4624696567593142,-6.625267338307426,2.5014753041571884,r1_basin_level_performance_rebuilt.csv + r1_basin_level_ct.csv
09065500,dPL-MLP,dPL-MLP,Base,XAJ-Base,test,median_across_seeds,True,0.715530725661926,S5,-0.09425263182787913,-58.0,58.0,15,5479.0,True,0.016079480946056823,-21.8999860801532,3.3843458370923347,r1_basin_level_performance_rebuilt.csv + r1_basin_level_ct.csv
09065500,dPL-MLP,dPL-MLP,CN,XAJ-CN,test,median_across_seeds,True,0.715530725661926,S5,0.8000956749343688,-6.0,6.0,15,5479.0,True,0.7772749532781972,-3.9406983589164604,1.6101979024186899,r1_basin_level_performance_rebuilt.csv + r1_basin_level_ct.csv
09065500,dPL-MLP,dPL-MLP,TGD,XAJ-TGD,test,median_across_seeds,True,0.715530725661926,S5,0.4878754080934674,-23.0,23.0,15,5479.0,True,0.4838799870496222,-13.641268869568577,2.4511510605222555,r1_basin_level_performance_rebuilt.csv + r1_basin_level_ct.csv
09066000,IC-CMA-ES,IC-CMA-ES,Base,XAJ-Base,test,selected_restart,True,0.682272756610747,S5,0.009287079174553736,-46.0,46.0,15,5479.0,True,0.09207616794527873,8.031113587371431,2.243923376704282,r1_basin_level_performance_rebuilt.csv + r1_basin_level_ct.csv
09066000,IC-CMA-ES,IC-CMA-ES,CN,XAJ-CN,test,selected_restart,True,0.682272756610747,S5,0.8836112487227732,-1.0,1.0,15,5479.0,True,0.8487919203273778,8.904547159901849,0.9157371094074148,r1_basin_level_performance_rebuilt.csv + r1_basin_level_ct.csv
09066000,IC-CMA-ES,IC-CMA-ES,TGD,XAJ-TGD,test,selected_restart,True,0.682272756610747,S5,0.6658609080465121,-16.0,16.0,15,5479.0,True,0.5737893268652701,9.48732615668774,1.5374304399004992,r1_basin_level_performance_rebuilt.csv + r1_basin_level_ct.csv
09066000,dPL-MLP,dPL-MLP,Base,XAJ-Base,test,median_across_seeds,True,0.682272756610747,S5,0.010493995480173157,-46.0,46.0,15,5479.0,True,0.07620588587941057,-1.2687309236725655,2.263450026520048,r1_basin_level_performance_rebuilt.csv + r1_basin_level_ct.csv
09066000,dPL-MLP,dPL-MLP,CN,XAJ-CN,test,median_across_seeds,True,0.682272756610747,S5,0.8911571105255766,-1.0,1.0,15,5479.0,True,0.8383748354505836,3.2146592074871863,0.9467554307406301,r1_basin_level_performance_rebuilt.csv + r1_basin_level_ct.csv
09066000,dPL-MLP,dPL-MLP,TGD,XAJ-TGD,test,median_across_seeds,True,0.682272756610747,S5,0.6774028406993107,-14.0,14.0,15,5479.0,True,0.6056531840552908,2.5355337990161217,1.4788444106809757,r1_basin_level_performance_rebuilt.csv + r1_basin_level_ct.csv
09066200,IC-CMA-ES,IC-CMA-ES,Base,XAJ-Base,test,selected_restart,True,0.712216418137875,S5,-0.07685450635576929,-64.0,64.0,15,5479.0,True,0.06377203256038999,-3.616466543918732,3.142885798103675,r1_basin_level_performance_rebuilt.csv + r1_basin_level_ct.csv
09066200,IC-CMA-ES,IC-CMA-ES,CN,XAJ-CN,test,selected_restart,True,0.712216418137875,S5,0.8620549942874175,-2.0,2.0,15,5479.0,True,0.7804220952392549,8.375085593022938,1.5220611945724538,r1_basin_level_performance_rebuilt.csv + r1_basin_level_ct.csv
09066200,IC-CMA-ES,IC-CMA-ES,TGD,XAJ-TGD,test,selected_restart,True,0.712216418137875,S5,0.5575531928434787,-19.0,19.0,15,5479.0,True,0.48315735861523035,1.476732375318429,2.3351617266991687,r1_basin_level_performance_rebuilt.csv + r1_basin_level_ct.csv
09066200,dPL-MLP,dPL-MLP,Base,XAJ-Base,test,median_across_seeds,True,0.712216418137875,S5,-0.04802039890090759,-53.0,53.0,15,5479.0,True,0.04094581431543787,-12.010087893700106,3.1809684954225874,r1_basin_level_performance_rebuilt.csv + r1_basin_level_ct.csv
09066200,dPL-MLP,dPL-MLP,CN,XAJ-CN,test,median_across_seeds,True,0.712216418137875,S5,0.8331046166506098,-5.0,5.0,15,5479.0,True,0.7556709595997492,4.175363950593714,1.6055555640123584,r1_basin_level_performance_rebuilt.csv + r1_basin_level_ct.csv
09066200,dPL-MLP,dPL-MLP,TGD,XAJ-TGD,test,median_across_seeds,True,0.712216418137875,S5,0.548276957136772,-18.0,18.0,15,5479.0,True,0.5109895061228953,-4.448017310104766,2.2714170674377554,r1_basin_level_performance_rebuilt.csv + r1_basin_level_ct.csv
09066300,IC-CMA-ES,IC-CMA-ES,Base,XAJ-Base,test,selected_restart,True,0.688317497264152,S5,0.046234059984097686,-50.0,50.0,15,5479.0,True,0.05794551676951931,20.937408425180195,1.7348287760823489,r1_basin_level_performance_rebuilt.csv + r1_basin_level_ct.csv
09066300,IC-CMA-ES,IC-CMA-ES,CN,XAJ-CN,test,selected_restart,True,0.688317497264152,S5,0.8567332690702932,-3.0,3.0,15,5479.0,True,0.8410011838909838,11.98742678448877,0.712714430661032,r1_basin_level_performance_rebuilt.csv + r1_basin_level_ct.csv
09066300,IC-CMA-ES,IC-CMA-ES,TGD,XAJ-TGD,test,selected_restart,True,0.688317497264152,S5,0.6324507094128078,-13.0,13.0,15,5479.0,True,0.4751164953818485,18.285316427058568,1.2949412612693438,r1_basin_level_performance_rebuilt.csv + r1_basin_level_ct.csv
09066300,dPL-MLP,dPL-MLP,Base,XAJ-Base,test,median_across_seeds,True,0.688317497264152,S5,0.05215205606702844,-48.0,48.0,15,5479.0,True,-0.006422035182437558,17.25251310957863,1.7931171957176257,r1_basin_level_performance_rebuilt.csv + r1_basin_level_ct.csv
09066300,dPL-MLP,dPL-MLP,CN,XAJ-CN,test,median_across_seeds,True,0.688317497264152,S5,0.8354618521780299,-6.0,6.0,15,5479.0,True,0.7738929759441888,12.17912381051762,0.8499152736727086,r1_basin_level_performance_rebuilt.csv + r1_basin_level_ct.csv
09066300,dPL-MLP,dPL-MLP,TGD,XAJ-TGD,test,median_across_seeds,True,0.688317497264152,S5,0.6181976190837922,-14.0,14.0,15,5479.0,True,0.4677023125534565,21.276000114832673,1.3040549639504049,r1_basin_level_performance_rebuilt.csv + r1_basin_level_ct.csv
09081600,IC-CMA-ES,IC-CMA-ES,Base,XAJ-Base,test,selected_restart,True,0.66474212387336,S5,-0.031387026663079354,-64.0,64.0,15,5479.0,True,0.06567903851462653,6.377903193161112,2.2091218639627352,r1_basin_level_performance_rebuilt.csv + r1_basin_level_ct.csv
09081600,IC-CMA-ES,IC-CMA-ES,CN,XAJ-CN,test,selected_restart,True,0.66474212387336,S5,0.842949849779439,0.0,0.0,15,5479.0,True,0.8205564442139517,10.864012896467242,0.9681341974714509,r1_basin_level_performance_rebuilt.csv + r1_basin_level_ct.csv
09081600,IC-CMA-ES,IC-CMA-ES,TGD,XAJ-TGD,test,selected_restart,True,0.66474212387336,S5,0.6608181058570526,-27.0,27.0,15,5479.0,True,0.47016929926297635,1.4087713881827921,1.6635665819503116,r1_basin_level_performance_rebuilt.csv + r1_basin_level_ct.csv
09081600,dPL-MLP,dPL-MLP,Base,XAJ-Base,test,median_across_seeds,True,0.66474212387336,S5,0.015209594851611441,-65.0,65.0,15,5479.0,True,-0.1925089619552276,-7.891406455807277,2.495757894536258,r1_basin_level_performance_rebuilt.csv + r1_basin_level_ct.csv
09081600,dPL-MLP,dPL-MLP,CN,XAJ-CN,test,median_across_seeds,True,0.66474212387336,S5,0.8984833420095739,-1.0,1.0,15,5479.0,True,0.8273130948546847,5.490570271894882,0.9497325678120216,r1_basin_level_performance_rebuilt.csv + r1_basin_level_ct.csv
09081600,dPL-MLP,dPL-MLP,TGD,XAJ-TGD,test,median_across_seeds,True,0.66474212387336,S5,0.6555888516263009,-26.0,26.0,15,5479.0,True,0.46261683338064663,-3.1109433056537954,1.6753812735828917,r1_basin_level_performance_rebuilt.csv + r1_basin_level_ct.csv
09107000,IC-CMA-ES,IC-CMA-ES,Base,XAJ-Base,test,selected_restart,True,0.672583021372504,S5,0.19042306814875598,-45.0,45.0,15,5479.0,True,0.03744663111367408,-4.008647198547043,0.955505867960396,r1_basin_level_performance_rebuilt.csv + r1_basin_level_ct.csv
09107000,IC-CMA-ES,IC-CMA-ES,CN,XAJ-CN,test,selected_restart,True,0.672583021372504,S5,0.8139064905789488,0.0,0.0,15,5479.0,True,0.8585314882065291,-13.77210605516015,0.3663117434459714,r1_basin_level_performance_rebuilt.csv + r1_basin_level_ct.csv
09107000,IC-CMA-ES,IC-CMA-ES,TGD,XAJ-TGD,test,selected_restart,True,0.672583021372504,S5,0.8539284069676557,0.0,0.0,15,5479.0,True,0.8293136637324109,-8.833891773637601,0.4023651216252275,r1_basin_level_performance_rebuilt.csv + r1_basin_level_ct.csv
09107000,dPL-MLP,dPL-MLP,Base,XAJ-Base,test,median_across_seeds,True,0.672583021372504,S5,0.18258353921659032,-43.0,43.0,15,5479.0,True,0.06719136091694189,-2.5641019424639784,0.9406265417457538,r1_basin_level_performance_rebuilt.csv + r1_basin_level_ct.csv
09107000,dPL-MLP,dPL-MLP,CN,XAJ-CN,test,median_across_seeds,True,0.672583021372504,S5,0.8215272440355537,-3.0,3.0,15,5479.0,True,0.8446201527498888,12.971287974360802,0.3839001611289161,r1_basin_level_performance_rebuilt.csv + r1_basin_level_ct.csv
09107000,dPL-MLP,dPL-MLP,TGD,XAJ-TGD,test,median_across_seeds,True,0.672583021372504,S5,0.8922826090418793,1.0,1.0,15,5479.0,True,0.8294177436972099,0.3300879542313991,0.4022424271711725,r1_basin_level_performance_rebuilt.csv + r1_basin_level_ct.csv
09210500,IC-CMA-ES,IC-CMA-ES,Base,XAJ-Base,test,selected_restart,True,0.65472507476901,S5,0.441930370940107,-21.0,21.0,15,5479.0,True,0.1593409059498171,-9.910177877918343,0.47597611423190006,r1_basin_level_performance_rebuilt.csv + r1_basin_level_ct.csv
09210500,IC-CMA-ES,IC-CMA-ES,CN,XAJ-CN,test,selected_restart,True,0.65472507476901,S5,0.8726846333886433,2.0,2.0,15,5479.0,True,0.7862498823820765,-2.606378677822015,0.24000947262944203,r1_basin_level_performance_rebuilt.csv + r1_basin_level_ct.csv
09210500,IC-CMA-ES,IC-CMA-ES,TGD,XAJ-TGD,test,selected_restart,True,0.65472507476901,S5,0.8371450440762072,1.0,1.0,15,5479.0,True,0.7809853975742156,-7.464428151037865,0.24294711003728953,r1_basin_level_performance_rebuilt.csv + r1_basin_level_ct.csv
09210500,dPL-MLP,dPL-MLP,Base,XAJ-Base,test,median_across_seeds,True,0.65472507476901,S5,0.4656394053132611,-20.0,20.0,15,5479.0,True,0.192945304713404,0.9019704043277541,0.466365790254349,r1_basin_level_performance_rebuilt.csv + r1_basin_level_ct.csv
09210500,dPL-MLP,dPL-MLP,CN,XAJ-CN,test,median_across_seeds,True,0.65472507476901,S5,0.7961433170044034,2.0,2.0,15,5479.0,True,0.7868041457142365,-14.065891014862594,0.23969809315358712,r1_basin_level_performance_rebuilt.csv + r1_basin_level_ct.csv
09210500,dPL-MLP,dPL-MLP,TGD,XAJ-TGD,test,median_across_seeds,True,0.65472507476901,S5,0.8385537984158341,6.0,6.0,15,5479.0,True,0.7806112606496355,3.7440350473922597,0.2431545315929853,r1_basin_level_performance_rebuilt.csv + r1_basin_level_ct.csv
09223000,IC-CMA-ES,IC-CMA-ES,Base,XAJ-Base,test,selected_restart,True,0.698323179997837,S5,0.24314150371495158,-37.0,37.0,15,5479.0,True,0.11851524990897988,9.505040583766945,1.0524317408283956,r1_basin_level_performance_rebuilt.csv + r1_basin_level_ct.csv
09223000,IC-CMA-ES,IC-CMA-ES,CN,XAJ-CN,test,selected_restart,True,0.698323179997837,S5,0.7328901605791862,0.0,0.0,15,5479.0,True,0.8106573473776577,9.062927511595626,0.48776514681502614,r1_basin_level_performance_rebuilt.csv + r1_basin_level_ct.csv
09223000,IC-CMA-ES,IC-CMA-ES,TGD,XAJ-TGD,test,selected_restart,True,0.698323179997837,S5,0.8568760699470488,2.0,2.0,15,5479.0,True,0.7877514143411875,7.143396124539714,0.5164269981477986,r1_basin_level_performance_rebuilt.csv + r1_basin_level_ct.csv
09223000,dPL-MLP,dPL-MLP,Base,XAJ-Base,test,median_across_seeds,True,0.698323179997837,S5,0.24463317598315382,-33.0,33.0,15,5479.0,True,0.10352858824426703,15.360672687739346,1.0613405524141266,r1_basin_level_performance_rebuilt.csv + r1_basin_level_ct.csv
09223000,dPL-MLP,dPL-MLP,CN,XAJ-CN,test,median_across_seeds,True,0.698323179997837,S5,0.9159602222294115,-1.0,1.0,15,5479.0,True,0.8703924871764498,4.509232851695442,0.4035539702548292,r1_basin_level_performance_rebuilt.csv + r1_basin_level_ct.csv
09223000,dPL-MLP,dPL-MLP,TGD,XAJ-TGD,test,median_across_seeds,True,0.698323179997837,S5,0.8072099464231979,-1.0,1.0,15,5479.0,True,0.8322847919799358,16.832886936334294,0.4590634948770647,r1_basin_level_performance_rebuilt.csv + r1_basin_level_ct.csv
09306242,IC-CMA-ES,IC-CMA-ES,Base,XAJ-Base,test,selected_restart,True,0.35800746386243,S4,-0.15671837615665063,-25.0,25.0,15,5479.0,True,-0.25408061933460147,102.04004458091767,0.08199070373314764,r1_basin_level_performance_rebuilt.csv + r1_basin_level_ct.csv
09306242,IC-CMA-ES,IC-CMA-ES,CN,XAJ-CN,test,selected_restart,True,0.35800746386243,S4,0.2760554973803391,-1.0,1.0,15,5479.0,True,-0.06808422038794038,50.181355993949005,0.0756666723953052,r1_basin_level_performance_rebuilt.csv + r1_basin_level_ct.csv
09306242,IC-CMA-ES,IC-CMA-ES,TGD,XAJ-TGD,test,selected_restart,True,0.35800746386243,S4,-0.3842614194413998,1.0,1.0,15,5479.0,True,-1.2079698112573478,74.46686176038638,0.10879237342072741,r1_basin_level_performance_rebuilt.csv + r1_basin_level_ct.csv
09306242,dPL-MLP,dPL-MLP,Base,XAJ-Base,test,median_across_seeds,True,0.35800746386243,S4,0.39113767121674736,-26.0,26.0,15,5479.0,True,0.3420285670368035,13.157765396011156,0.05938891691355418,r1_basin_level_performance_rebuilt.csv + r1_basin_level_ct.csv
09306242,dPL-MLP,dPL-MLP,CN,XAJ-CN,test,median_across_seeds,True,0.35800746386243,S4,0.5411685055366444,-1.0,1.0,15,5479.0,True,0.32736193379761824,33.09317618079034,0.06004717864248015,r1_basin_level_performance_rebuilt.csv + r1_basin_level_ct.csv
09306242,dPL-MLP,dPL-MLP,TGD,XAJ-TGD,test,median_across_seeds,True,0.35800746386243,S4,-0.6734015409438296,0.0,0.0,15,5479.0,True,-1.2188014238652087,117.43950115999931,0.10905889770914921,r1_basin_level_performance_rebuilt.csv + r1_basin_level_ct.csv
09312600,IC-CMA-ES,IC-CMA-ES,Base,XAJ-Base,test,selected_restart,True,0.604725963590861,S5,0.33794921966552494,-9.0,9.0,15,5479.0,True,0.1755146523290797,13.63981817390603,0.572707016992431,r1_basin_level_performance_rebuilt.csv + r1_basin_level_ct.csv
09312600,IC-CMA-ES,IC-CMA-ES,CN,XAJ-CN,test,selected_restart,True,0.604725963590861,S5,0.5654328914471853,-7.0,7.0,15,5479.0,True,0.49291705242668404,-1.1356615285956133,0.44913876071592507,r1_basin_level_performance_rebuilt.csv + r1_basin_level_ct.csv
09312600,IC-CMA-ES,IC-CMA-ES,TGD,XAJ-TGD,test,selected_restart,True,0.604725963590861,S5,0.8014282190054003,-6.0,6.0,15,5479.0,True,0.6322858485900973,4.697323052761702,0.38246896908225037,r1_basin_level_performance_rebuilt.csv + r1_basin_level_ct.csv
09312600,dPL-MLP,dPL-MLP,Base,XAJ-Base,test,median_across_seeds,True,0.604725963590861,S5,0.2954242771142368,-18.0,18.0,15,5479.0,True,0.208493598138755,14.23681521267932,0.5611361514252465,r1_basin_level_performance_rebuilt.csv + r1_basin_level_ct.csv
09312600,dPL-MLP,dPL-MLP,CN,XAJ-CN,test,median_across_seeds,True,0.604725963590861,S5,0.7516231862140517,0.0,0.0,15,5479.0,True,0.7259194109680781,11.607180309379823,0.3302023598904681,r1_basin_level_performance_rebuilt.csv + r1_basin_level_ct.csv
09312600,dPL-MLP,dPL-MLP,TGD,XAJ-TGD,test,median_across_seeds,True,0.604725963590861,S5,0.7462940642741747,-4.0,4.0,15,5479.0,True,0.6951484600409935,21.212126866865944,0.3482452727957885,r1_basin_level_performance_rebuilt.csv + r1_basin_level_ct.csv
09352900,IC-CMA-ES,IC-CMA-ES,Base,XAJ-Base,test,selected_restart,True,0.633893898746821,S5,0.05399888592584157,-72.0,72.0,15,5479.0,True,-0.6542086608499444,-1.231791001046338,3.1685290125009002,r1_basin_level_performance_rebuilt.csv + r1_basin_level_ct.csv
09352900,IC-CMA-ES,IC-CMA-ES,CN,XAJ-CN,test,selected_restart,True,0.633893898746821,S5,0.8364988434637219,1.0,1.0,15,5479.0,True,0.7880298674137453,-6.687736364878465,1.1342267318034638,r1_basin_level_performance_rebuilt.csv + r1_basin_level_ct.csv
09352900,IC-CMA-ES,IC-CMA-ES,TGD,XAJ-TGD,test,selected_restart,True,0.633893898746821,S5,0.6130757874942874,-14.0,14.0,15,5479.0,True,0.37687786716383376,-11.179024277369175,1.9446844055392682,r1_basin_level_performance_rebuilt.csv + r1_basin_level_ct.csv
09352900,dPL-MLP,dPL-MLP,Base,XAJ-Base,test,median_across_seeds,True,0.633893898746821,S5,0.015744264162273702,-68.0,68.0,15,5479.0,True,-0.49302002097731523,-18.726085046525945,3.0102000504499857,r1_basin_level_performance_rebuilt.csv + r1_basin_level_ct.csv
09352900,dPL-MLP,dPL-MLP,CN,XAJ-CN,test,median_across_seeds,True,0.633893898746821,S5,0.8421645388290843,3.0,3.0,15,5479.0,True,0.7943223824021308,-6.6701866115897905,1.1172646538467261,r1_basin_level_performance_rebuilt.csv + r1_basin_level_ct.csv
09352900,dPL-MLP,dPL-MLP,TGD,XAJ-TGD,test,median_across_seeds,True,0.633893898746821,S5,0.5695199033955503,-18.0,18.0,15,5479.0,True,0.4705098897870078,-14.896060089159779,1.7926333400111811,r1_basin_level_performance_rebuilt.csv + r1_basin_level_ct.csv
09378170,IC-CMA-ES,IC-CMA-ES,Base,XAJ-Base,test,selected_restart,True,0.504005221672301,S5,0.11601457975437113,-19.0,19.0,15,5479.0,True,-0.42536701178268865,50.741483026235166,0.6948507794748774,r1_basin_level_performance_rebuilt.csv + r1_basin_level_ct.csv
09378170,IC-CMA-ES,IC-CMA-ES,CN,XAJ-CN,test,selected_restart,True,0.504005221672301,S5,0.6014920675488907,-4.0,4.0,15,5479.0,True,0.7652157876817246,36.548606379361104,0.2820087882071887,r1_basin_level_performance_rebuilt.csv + r1_basin_level_ct.csv
09378170,IC-CMA-ES,IC-CMA-ES,TGD,XAJ-TGD,test,selected_restart,True,0.504005221672301,S5,0.6024766300223832,-3.0,3.0,15,5479.0,True,0.42205556292104374,26.325261105846046,0.4424571741139004,r1_basin_level_performance_rebuilt.csv + r1_basin_level_ct.csv
09378170,dPL-MLP,dPL-MLP,Base,XAJ-Base,test,median_across_seeds,True,0.504005221672301,S5,0.14290971886788617,-30.0,30.0,15,5479.0,True,-0.46994753022602676,-3.6098890595526463,0.7056333748924313,r1_basin_level_performance_rebuilt.csv + r1_basin_level_ct.csv
09378170,dPL-MLP,dPL-MLP,CN,XAJ-CN,test,median_across_seeds,True,0.504005221672301,S5,0.596087229231536,-5.0,5.0,15,5479.0,True,0.429411100142302,26.975689988007037,0.4396325671800237,r1_basin_level_performance_rebuilt.csv + r1_basin_level_ct.csv
09378170,dPL-MLP,dPL-MLP,TGD,XAJ-TGD,test,median_across_seeds,True,0.504005221672301,S5,0.5804754728002257,-9.0,9.0,15,5479.0,True,0.37917438107471657,15.67410715477592,0.4585777851606563,r1_basin_level_performance_rebuilt.csv + r1_basin_level_ct.csv
09386900,IC-CMA-ES,IC-CMA-ES,Base,XAJ-Base,test,selected_restart,True,0.307507544080434,S4,0.09514272057247708,-17.0,17.0,15,5479.0,True,0.03213148293745638,37.94310744997801,0.2905231974014564,r1_basin_level_performance_rebuilt.csv + r1_basin_level_ct.csv
09386900,IC-CMA-ES,IC-CMA-ES,CN,XAJ-CN,test,selected_restart,True,0.307507544080434,S4,0.4342200135914893,1.0,1.0,15,5479.0,True,0.4365792225117694,28.533904288799032,0.22166088499908165,r1_basin_level_performance_rebuilt.csv + r1_basin_level_ct.csv
09386900,IC-CMA-ES,IC-CMA-ES,TGD,XAJ-TGD,test,selected_restart,True,0.307507544080434,S4,0.34424658542056297,6.0,6.0,15,5479.0,True,0.05910333968480752,-5.228195053561822,0.286446550761696,r1_basin_level_performance_rebuilt.csv + r1_basin_level_ct.csv
09386900,dPL-MLP,dPL-MLP,Base,XAJ-Base,test,median_across_seeds,True,0.307507544080434,S4,-0.010770348754205239,-14.0,14.0,15,5479.0,True,0.08428940728928902,0.4441188179401869,0.2825867226037614,r1_basin_level_performance_rebuilt.csv + r1_basin_level_ct.csv
09386900,dPL-MLP,dPL-MLP,CN,XAJ-CN,test,median_across_seeds,True,0.307507544080434,S4,0.32026364441838295,-1.0,1.0,15,5479.0,True,0.3266084881381879,20.861104132300646,0.24232959275080712,r1_basin_level_performance_rebuilt.csv + r1_basin_level_ct.csv
09386900,dPL-MLP,dPL-MLP,TGD,XAJ-TGD,test,median_across_seeds,True,0.307507544080434,S4,0.281640134922468,4.0,4.0,15,5479.0,True,0.15610852279793375,3.3946497216382694,0.27127884889900356,r1_basin_level_performance_rebuilt.csv + r1_basin_level_ct.csv
09404450,IC-CMA-ES,IC-CMA-ES,Base,XAJ-Base,test,selected_restart,True,0.423599939585063,S4,-0.3668213316969178,16.0,16.0,15,5479.0,True,-2.271530150595426,18.172071285088716,0.34179885971775037,r1_basin_level_performance_rebuilt.csv + r1_basin_level_ct.csv
09404450,IC-CMA-ES,IC-CMA-ES,CN,XAJ-CN,test,selected_restart,True,0.423599939585063,S4,-0.29943604806957724,26.0,26.0,15,5479.0,True,-1.872665719882213,31.854446670696895,0.32028580548670366,r1_basin_level_performance_rebuilt.csv + r1_basin_level_ct.csv
09404450,IC-CMA-ES,IC-CMA-ES,TGD,XAJ-TGD,test,selected_restart,True,0.423599939585063,S4,0.40562838185401795,32.0,32.0,15,5479.0,True,0.09050566350360967,23.796485602897093,0.18021674669797988,r1_basin_level_performance_rebuilt.csv + r1_basin_level_ct.csv
09404450,dPL-MLP,dPL-MLP,Base,XAJ-Base,test,median_across_seeds,True,0.423599939585063,S4,0.45635477330122,0.0,0.0,15,5479.0,True,-0.08938242823384801,0.9854062129266775,0.19723561057815547,r1_basin_level_performance_rebuilt.csv + r1_basin_level_ct.csv
09404450,dPL-MLP,dPL-MLP,CN,XAJ-CN,test,median_across_seeds,True,0.423599939585063,S4,0.42560429027693947,24.0,24.0,15,5479.0,True,-0.06717305652957517,35.0335456727521,0.19521472436756018,r1_basin_level_performance_rebuilt.csv + r1_basin_level_ct.csv
09404450,dPL-MLP,dPL-MLP,TGD,XAJ-TGD,test,median_across_seeds,True,0.423599939585063,S4,0.3562249046965147,17.0,17.0,15,5479.0,True,-0.026228434083372276,37.75518076823502,0.19143315975865344,r1_basin_level_performance_rebuilt.csv + r1_basin_level_ct.csv
09430600,IC-CMA-ES,IC-CMA-ES,Base,XAJ-Base,test,selected_restart,True,0.21287165392999,S3,0.251760349209463,-4.0,4.0,15,5479.0,True,0.19252373071786166,-10.040787820501517,1.6258349764875402,r1_basin_level_performance_rebuilt.csv + r1_basin_level_ct.csv
09430600,IC-CMA-ES,IC-CMA-ES,CN,XAJ-CN,test,selected_restart,True,0.21287165392999,S3,0.2978898339486826,-8.0,8.0,15,5479.0,True,0.23745860817609965,5.66311482256217,1.5799498053907746,r1_basin_level_performance_rebuilt.csv + r1_basin_level_ct.csv
09430600,IC-CMA-ES,IC-CMA-ES,TGD,XAJ-TGD,test,selected_restart,True,0.21287165392999,S3,0.25159941829247023,-1.0,1.0,15,5479.0,True,0.20523628099144964,-12.969750094387566,1.6129859892360834,r1_basin_level_performance_rebuilt.csv + r1_basin_level_ct.csv
09430600,dPL-MLP,dPL-MLP,Base,XAJ-Base,test,median_across_seeds,True,0.21287165392999,S3,0.15014449223659943,-1.0,1.0,15,5479.0,True,0.2157616372020229,-21.0013853961827,1.6022696995758252,r1_basin_level_performance_rebuilt.csv + r1_basin_level_ct.csv
09430600,dPL-MLP,dPL-MLP,CN,XAJ-CN,test,median_across_seeds,True,0.21287165392999,S3,0.2235896675385507,4.0,4.0,15,5479.0,True,0.29468036755120997,-20.48855481355367,1.5195135060586378,r1_basin_level_performance_rebuilt.csv + r1_basin_level_ct.csv
09430600,dPL-MLP,dPL-MLP,TGD,XAJ-TGD,test,median_across_seeds,True,0.21287165392999,S3,0.17003996584755632,-1.0,1.0,15,5479.0,True,0.2296779142329175,-21.510123854225686,1.5879899632068528,r1_basin_level_performance_rebuilt.csv + r1_basin_level_ct.csv
09447800,IC-CMA-ES,IC-CMA-ES,Base,XAJ-Base,test,selected_restart,True,0.0394826699276366,S1,-1.1436977291204729,-38.0,38.0,15,5479.0,True,-6.9020423139438805,51.13490012507339,0.2078003805184946,r1_basin_level_performance_rebuilt.csv + r1_basin_level_ct.csv
09447800,IC-CMA-ES,IC-CMA-ES,CN,XAJ-CN,test,selected_restart,True,0.0394826699276366,S1,-0.9983252240799108,-15.0,15.0,15,5479.0,True,-5.68733802290873,64.04173472445184,0.19116276385913222,r1_basin_level_performance_rebuilt.csv + r1_basin_level_ct.csv
09447800,IC-CMA-ES,IC-CMA-ES,TGD,XAJ-TGD,test,selected_restart,True,0.0394826699276366,S1,-1.1369507017161289,-29.0,29.0,15,5479.0,True,-6.476274606209034,71.10820355047932,0.20212465211207484,r1_basin_level_performance_rebuilt.csv + r1_basin_level_ct.csv
09447800,dPL-MLP,dPL-MLP,Base,XAJ-Base,test,median_across_seeds,True,0.0394826699276366,S1,-0.05127684121877918,-3.0,3.0,15,5479.0,True,-1.9123931381120522,28.331575110059294,0.12615418510406065,r1_basin_level_performance_rebuilt.csv + r1_basin_level_ct.csv
09447800,dPL-MLP,dPL-MLP,CN,XAJ-CN,test,median_across_seeds,True,0.0394826699276366,S1,-0.03961080727399269,-4.0,4.0,15,5479.0,True,-1.8160146304414648,32.1741603924441,0.12404924245013775,r1_basin_level_performance_rebuilt.csv + r1_basin_level_ct.csv
09447800,dPL-MLP,dPL-MLP,TGD,XAJ-TGD,test,median_across_seeds,True,0.0394826699276366,S1,-0.11689450752596353,-15.0,15.0,15,5479.0,True,-2.0397369636378286,35.79577298844327,0.12888271177221244,r1_basin_level_performance_rebuilt.csv + r1_basin_level_ct.csv
09484600,IC-CMA-ES,IC-CMA-ES,Base,XAJ-Base,test,selected_restart,True,0.0101482581857307,S1,0.04214121800526205,-58.0,58.0,15,5479.0,True,0.13993021408865336,-54.26605455442161,0.06286863434436402,r1_basin_level_performance_rebuilt.csv + r1_basin_level_ct.csv
09484600,IC-CMA-ES,IC-CMA-ES,CN,XAJ-CN,test,selected_restart,True,0.0101482581857307,S1,0.039805616763849194,-60.0,60.0,15,5479.0,True,0.14399004579712504,-54.82747890011623,0.06272007780083992,r1_basin_level_performance_rebuilt.csv + r1_basin_level_ct.csv
09484600,IC-CMA-ES,IC-CMA-ES,TGD,XAJ-TGD,test,selected_restart,True,0.0101482581857307,S1,0.03585484101759262,-66.0,66.0,15,5479.0,True,0.1476573657995781,-56.81909962830064,0.06258558083549436,r1_basin_level_performance_rebuilt.csv + r1_basin_level_ct.csv
09484600,dPL-MLP,dPL-MLP,Base,XAJ-Base,test,median_across_seeds,True,0.0101482581857307,S1,0.04148125720169027,-58.0,58.0,15,5479.0,True,0.14785960959238087,-55.048381349272475,0.06257815524414798,r1_basin_level_performance_rebuilt.csv + r1_basin_level_ct.csv
09484600,dPL-MLP,dPL-MLP,CN,XAJ-CN,test,median_across_seeds,True,0.0101482581857307,S1,0.05030258276026289,-29.0,29.0,15,5479.0,True,0.1513639375459338,-54.20818876240909,0.06244935000173261,r1_basin_level_performance_rebuilt.csv + r1_basin_level_ct.csv
09484600,dPL-MLP,dPL-MLP,TGD,XAJ-TGD,test,median_across_seeds,True,0.0101482581857307,S1,0.08533402842304916,-11.0,11.0,15,5479.0,True,0.1933385263678633,-52.95349428717144,0.06088535444485345,r1_basin_level_performance_rebuilt.csv + r1_basin_level_ct.csv
09492400,IC-CMA-ES,IC-CMA-ES,Base,XAJ-Base,test,selected_restart,True,0.271766261706385,S3,0.32184790003138286,-34.0,34.0,15,5479.0,True,-0.051679963221598735,-19.935681187588486,0.6483631273992623,r1_basin_level_performance_rebuilt.csv + r1_basin_level_ct.csv
09492400,IC-CMA-ES,IC-CMA-ES,CN,XAJ-CN,test,selected_restart,True,0.271766261706385,S3,0.4035960599334296,0.0,0.0,15,5479.0,True,-0.036270333090386186,-31.00752442033298,0.6435955626019981,r1_basin_level_performance_rebuilt.csv + r1_basin_level_ct.csv
09492400,IC-CMA-ES,IC-CMA-ES,TGD,XAJ-TGD,test,selected_restart,True,0.271766261706385,S3,0.47199878830169706,-9.0,9.0,15,5479.0,True,0.2772752217669603,-29.581625114903417,0.5374808320616197,r1_basin_level_performance_rebuilt.csv + r1_basin_level_ct.csv
09492400,dPL-MLP,dPL-MLP,Base,XAJ-Base,test,median_across_seeds,True,0.271766261706385,S3,0.38510109565959605,-36.0,36.0,15,5479.0,True,-0.04372693240564929,-11.879837035772747,0.6459069441026267,r1_basin_level_performance_rebuilt.csv + r1_basin_level_ct.csv
09492400,dPL-MLP,dPL-MLP,CN,XAJ-CN,test,median_across_seeds,True,0.271766261706385,S3,0.4017199342651878,-6.0,6.0,15,5479.0,True,-0.2997045442678603,-16.353391617566988,0.7207735270225217,r1_basin_level_performance_rebuilt.csv + r1_basin_level_ct.csv
09492400,dPL-MLP,dPL-MLP,TGD,XAJ-TGD,test,median_across_seeds,True,0.271766261706385,S3,0.5298818128227156,-15.0,15.0,15,5479.0,True,0.19074324834328138,-6.987415732575603,0.5687477273286973,r1_basin_level_performance_rebuilt.csv + r1_basin_level_ct.csv
09494000,IC-CMA-ES,IC-CMA-ES,Base,XAJ-Base,test,selected_restart,True,0.235554110470522,S3,0.5263377945820441,-26.0,26.0,15,5479.0,True,0.2170139630439637,-13.478841510683393,0.2816218472216733,r1_basin_level_performance_rebuilt.csv + r1_basin_level_ct.csv
09494000,IC-CMA-ES,IC-CMA-ES,CN,XAJ-CN,test,selected_restart,True,0.235554110470522,S3,0.5753002825999747,-9.0,9.0,15,5479.0,True,0.08040203264832069,-8.401612117134675,0.305202674799693,r1_basin_level_performance_rebuilt.csv + r1_basin_level_ct.csv
09494000,IC-CMA-ES,IC-CMA-ES,TGD,XAJ-TGD,test,selected_restart,True,0.235554110470522,S3,0.6149388243133789,0.0,0.0,15,5479.0,True,0.20224030293984652,1.19677476010401,0.2842663021666669,r1_basin_level_performance_rebuilt.csv + r1_basin_level_ct.csv
09494000,dPL-MLP,dPL-MLP,Base,XAJ-Base,test,median_across_seeds,True,0.235554110470522,S3,0.5843961977604859,-27.0,27.0,15,5479.0,True,0.2400845916869987,2.339485372686862,0.27744184213068196,r1_basin_level_performance_rebuilt.csv + r1_basin_level_ct.csv
09494000,dPL-MLP,dPL-MLP,CN,XAJ-CN,test,median_across_seeds,True,0.235554110470522,S3,0.5503201367724724,-13.0,13.0,15,5479.0,True,0.11090352377900181,-2.7013015312942312,0.3000984681901736,r1_basin_level_performance_rebuilt.csv + r1_basin_level_ct.csv
09494000,dPL-MLP,dPL-MLP,TGD,XAJ-TGD,test,median_across_seeds,True,0.235554110470522,S3,0.5793693931616994,-5.0,5.0,15,5479.0,True,0.23694096282354582,-4.930955165082111,0.2780151125424843,r1_basin_level_performance_rebuilt.csv + r1_basin_level_ct.csv
09497980,IC-CMA-ES,IC-CMA-ES,Base,XAJ-Base,test,selected_restart,True,0.0796650506390503,S2,0.6354170989102141,-18.0,18.0,15,5479.0,True,0.7090179880264257,33.55293090285959,0.3522796158875121,r1_basin_level_performance_rebuilt.csv + r1_basin_level_ct.csv
09497980,IC-CMA-ES,IC-CMA-ES,CN,XAJ-CN,test,selected_restart,True,0.0796650506390503,S2,0.6815015920607793,-9.0,9.0,15,5479.0,True,0.7252924649144993,26.41870341738958,0.3422864671462568,r1_basin_level_performance_rebuilt.csv + r1_basin_level_ct.csv
09497980,IC-CMA-ES,IC-CMA-ES,TGD,XAJ-TGD,test,selected_restart,True,0.0796650506390503,S2,0.6385322767883279,-14.0,14.0,15,5479.0,True,0.6806980680011934,31.924194585937496,0.36902451325674046,r1_basin_level_performance_rebuilt.csv + r1_basin_level_ct.csv
09497980,dPL-MLP,dPL-MLP,Base,XAJ-Base,test,median_across_seeds,True,0.0796650506390503,S2,0.6611650010023509,-18.0,18.0,15,5479.0,True,0.7178705052735646,29.034428681079962,0.3468795430702321,r1_basin_level_performance_rebuilt.csv + r1_basin_level_ct.csv
09497980,dPL-MLP,dPL-MLP,CN,XAJ-CN,test,median_across_seeds,True,0.0796650506390503,S2,0.7129135897522512,-20.0,20.0,15,5479.0,True,0.7058768563330085,21.29469898800818,0.35417592962841155,r1_basin_level_performance_rebuilt.csv + r1_basin_level_ct.csv
09497980,dPL-MLP,dPL-MLP,TGD,XAJ-TGD,test,median_across_seeds,True,0.0796650506390503,S2,0.6275205042537824,-17.0,17.0,15,5479.0,True,0.6721550842224984,33.49658303369455,0.3739285878541112,r1_basin_level_performance_rebuilt.csv + r1_basin_level_ct.csv
09505350,IC-CMA-ES,IC-CMA-ES,Base,XAJ-Base,test,selected_restart,True,0.198936492502152,S3,0.115475058990268,-12.0,12.0,15,5479.0,True,-0.7452577032869581,47.358159776343705,1.215154460658183,r1_basin_level_performance_rebuilt.csv + r1_basin_level_ct.csv
09505350,IC-CMA-ES,IC-CMA-ES,CN,XAJ-CN,test,selected_restart,True,0.198936492502152,S3,0.3183776910919801,-4.0,4.0,15,5479.0,True,-0.14838005564398338,31.341627902538022,0.9856994729410323,r1_basin_level_performance_rebuilt.csv + r1_basin_level_ct.csv
09505350,IC-CMA-ES,IC-CMA-ES,TGD,XAJ-TGD,test,selected_restart,True,0.198936492502152,S3,0.13133788159070214,-2.0,2.0,15,5479.0,True,-0.5677370788152549,47.901380997574385,1.1516972204277725,r1_basin_level_performance_rebuilt.csv + r1_basin_level_ct.csv
09505350,dPL-MLP,dPL-MLP,Base,XAJ-Base,test,median_across_seeds,True,0.198936492502152,S3,0.17334830646681532,-12.0,12.0,15,5479.0,True,-0.7220593089149765,37.59831520476674,1.2070513776490457,r1_basin_level_performance_rebuilt.csv + r1_basin_level_ct.csv
09505350,dPL-MLP,dPL-MLP,CN,XAJ-CN,test,median_across_seeds,True,0.198936492502152,S3,0.38570043698527234,-6.0,6.0,15,5479.0,True,0.0170081306241453,38.70092547799179,0.9119618407330157,r1_basin_level_performance_rebuilt.csv + r1_basin_level_ct.csv
09505350,dPL-MLP,dPL-MLP,TGD,XAJ-TGD,test,median_across_seeds,True,0.198936492502152,S3,0.29480216330292675,-9.0,9.0,15,5479.0,True,-0.2252689369228511,44.14458238513197,1.0181632452771767,r1_basin_level_performance_rebuilt.csv + r1_basin_level_ct.csv
09505800,IC-CMA-ES,IC-CMA-ES,Base,XAJ-Base,test,selected_restart,True,0.284069099376475,S3,-0.24440768390280065,-18.0,18.0,15,5479.0,True,-2.0631878342075645,50.93559145609297,1.292985393490635,r1_basin_level_performance_rebuilt.csv + r1_basin_level_ct.csv
09505800,IC-CMA-ES,IC-CMA-ES,CN,XAJ-CN,test,selected_restart,True,0.284069099376475,S3,0.06673039958917537,-3.0,3.0,15,5479.0,True,-0.8495152031053221,45.02408613925872,1.0046985080551458,r1_basin_level_performance_rebuilt.csv + r1_basin_level_ct.csv
09505800,IC-CMA-ES,IC-CMA-ES,TGD,XAJ-TGD,test,selected_restart,True,0.284069099376475,S3,-0.10095977964847047,-15.0,15.0,15,5479.0,True,-1.244146468781206,57.703148501736855,1.1067063551943335,r1_basin_level_performance_rebuilt.csv + r1_basin_level_ct.csv
09505800,dPL-MLP,dPL-MLP,Base,XAJ-Base,test,median_across_seeds,True,0.284069099376475,S3,0.18666859963554194,-14.0,14.0,15,5479.0,True,-0.5726399850309654,42.899939484293384,0.926448881539843,r1_basin_level_performance_rebuilt.csv + r1_basin_level_ct.csv
09505800,dPL-MLP,dPL-MLP,CN,XAJ-CN,test,median_across_seeds,True,0.284069099376475,S3,0.3203036150150095,-7.0,7.0,15,5479.0,True,-0.12745606065641701,38.55310342673422,0.7844343759177123,r1_basin_level_performance_rebuilt.csv + r1_basin_level_ct.csv
09505800,dPL-MLP,dPL-MLP,TGD,XAJ-TGD,test,median_across_seeds,True,0.284069099376475,S3,0.36592729736789686,-12.0,12.0,15,5479.0,True,-0.04386399809226016,40.093858486102086,0.7547945649272455,r1_basin_level_performance_rebuilt.csv + r1_basin_level_ct.csv
09508300,IC-CMA-ES,IC-CMA-ES,Base,XAJ-Base,test,selected_restart,True,0.0401188085303456,S1,0.8322938273276822,-17.0,17.0,15,5479.0,True,0.6764108549743532,3.35281211136166,1.4261076316505716,r1_basin_level_performance_rebuilt.csv + r1_basin_level_ct.csv
09508300,IC-CMA-ES,IC-CMA-ES,CN,XAJ-CN,test,selected_restart,True,0.0401188085303456,S1,0.6657048933627248,2.0,2.0,15,5479.0,True,0.5807077870788129,-2.2010286143630386,1.6233558488408277,r1_basin_level_performance_rebuilt.csv + r1_basin_level_ct.csv
09508300,IC-CMA-ES,IC-CMA-ES,TGD,XAJ-TGD,test,selected_restart,True,0.0401188085303456,S1,0.827064296764678,-9.0,9.0,15,5479.0,True,0.680079033055917,2.3700914786409117,1.4180014781861043,r1_basin_level_performance_rebuilt.csv + r1_basin_level_ct.csv
09508300,dPL-MLP,dPL-MLP,Base,XAJ-Base,test,median_across_seeds,True,0.0401188085303456,S1,0.6749052758615416,-2.0,2.0,15,5479.0,True,0.6914182862904448,-6.897744994268634,1.392645002316613,r1_basin_level_performance_rebuilt.csv + r1_basin_level_ct.csv
09508300,dPL-MLP,dPL-MLP,CN,XAJ-CN,test,median_across_seeds,True,0.0401188085303456,S1,0.6682023429931163,-2.0,2.0,15,5479.0,True,0.6821454908237489,-6.463563846414345,1.4134144275954514,r1_basin_level_performance_rebuilt.csv + r1_basin_level_ct.csv
09508300,dPL-MLP,dPL-MLP,TGD,XAJ-TGD,test,median_across_seeds,True,0.0401188085303456,S1,0.6694960119176259,-1.0,1.0,15,5479.0,True,0.7105635088965836,-6.6000210922041935,1.3487516032987183,r1_basin_level_performance_rebuilt.csv + r1_basin_level_ct.csv
09510200,IC-CMA-ES,IC-CMA-ES,Base,XAJ-Base,test,selected_restart,True,0.0061243701078094,S1,0.7487342977656084,-24.0,24.0,15,5479.0,True,0.6471141278515697,-1.7957853534854276,0.5289152122449734,r1_basin_level_performance_rebuilt.csv + r1_basin_level_ct.csv
09510200,IC-CMA-ES,IC-CMA-ES,CN,XAJ-CN,test,selected_restart,True,0.0061243701078094,S1,0.7949082523993914,-20.0,20.0,15,5479.0,True,0.6922080428531631,2.724794136678958,0.4939665671293959,r1_basin_level_performance_rebuilt.csv + r1_basin_level_ct.csv
09510200,IC-CMA-ES,IC-CMA-ES,TGD,XAJ-TGD,test,selected_restart,True,0.0061243701078094,S1,0.7648690336236353,-23.0,23.0,15,5479.0,True,0.6656805045395138,-0.5893000480574386,0.5148133182158114,r1_basin_level_performance_rebuilt.csv + r1_basin_level_ct.csv
09510200,dPL-MLP,dPL-MLP,Base,XAJ-Base,test,median_across_seeds,True,0.0061243701078094,S1,0.37306542831368394,-21.0,21.0,15,5479.0,True,0.6107691155317103,-37.06332097017877,0.5554852977297079,r1_basin_level_performance_rebuilt.csv + r1_basin_level_ct.csv
09510200,dPL-MLP,dPL-MLP,CN,XAJ-CN,test,median_across_seeds,True,0.0061243701078094,S1,0.3989743035996358,-21.0,21.0,15,5479.0,True,0.6099576029960938,-34.86065380892466,0.5560640654792263,r1_basin_level_performance_rebuilt.csv + r1_basin_level_ct.csv
09510200,dPL-MLP,dPL-MLP,TGD,XAJ-TGD,test,median_across_seeds,True,0.0061243701078094,S1,0.4065962757613232,-21.0,21.0,15,5479.0,True,0.6199196846565135,-33.8778728089734,0.5489169114718386,r1_basin_level_performance_rebuilt.csv + r1_basin_level_ct.csv
09512280,IC-CMA-ES,IC-CMA-ES,Base,XAJ-Base,test,selected_restart,True,0.0046420695661842,S1,0.39819563806908587,-1.0,1.0,15,5479.0,True,0.32924250625359497,51.128235234520815,0.8322839155895696,r1_basin_level_performance_rebuilt.csv + r1_basin_level_ct.csv
09512280,IC-CMA-ES,IC-CMA-ES,CN,XAJ-CN,test,selected_restart,True,0.0046420695661842,S1,0.39832381213326584,-1.0,1.0,15,5479.0,True,0.3295422371931027,51.15050133400555,0.8320979399450747,r1_basin_level_performance_rebuilt.csv + r1_basin_level_ct.csv
09512280,IC-CMA-ES,IC-CMA-ES,TGD,XAJ-TGD,test,selected_restart,True,0.0046420695661842,S1,0.43292361741963603,-1.0,1.0,15,5479.0,True,0.40509981864195344,49.083342462998395,0.7838099741940148,r1_basin_level_performance_rebuilt.csv + r1_basin_level_ct.csv
09512280,dPL-MLP,dPL-MLP,Base,XAJ-Base,test,median_across_seeds,True,0.0046420695661842,S1,0.3598663184945302,1.0,1.0,15,5479.0,True,0.18961536552518177,0.6057490089218346,0.9148172264052066,r1_basin_level_performance_rebuilt.csv + r1_basin_level_ct.csv
09512280,dPL-MLP,dPL-MLP,CN,XAJ-CN,test,median_across_seeds,True,0.0046420695661842,S1,0.37477485606562944,0.0,0.0,15,5479.0,True,0.1894726342773374,8.124282223501702,0.9148977852224908,r1_basin_level_performance_rebuilt.csv + r1_basin_level_ct.csv
09512280,dPL-MLP,dPL-MLP,TGD,XAJ-TGD,test,median_across_seeds,True,0.0046420695661842,S1,0.37519530199050366,0.0,0.0,15,5479.0,True,0.19412490220252976,6.9592592329931335,0.9122683398480699,r1_basin_level_performance_rebuilt.csv + r1_basin_level_ct.csv
09513780,IC-CMA-ES,IC-CMA-ES,Base,XAJ-Base,test,selected_restart,True,0.0042560892003911,S1,0.5845486569894831,-13.0,13.0,15,5479.0,True,0.2290468094667748,20.652245845769276,1.2927140144090274,r1_basin_level_performance_rebuilt.csv + r1_basin_level_ct.csv
09513780,IC-CMA-ES,IC-CMA-ES,CN,XAJ-CN,test,selected_restart,True,0.0042560892003911,S1,0.5894026911015713,-13.0,13.0,15,5479.0,True,0.24198888367170357,20.64390009954477,1.2818176264921881,r1_basin_level_performance_rebuilt.csv + r1_basin_level_ct.csv
09513780,IC-CMA-ES,IC-CMA-ES,TGD,XAJ-TGD,test,selected_restart,True,0.0042560892003911,S1,0.5955262205694822,-8.0,8.0,15,5479.0,True,0.24986461902670798,19.86844285348911,1.2751411967365864,r1_basin_level_performance_rebuilt.csv + r1_basin_level_ct.csv
09513780,dPL-MLP,dPL-MLP,Base,XAJ-Base,test,median_across_seeds,True,0.0042560892003911,S1,0.40923185407123575,0.0,0.0,15,5479.0,True,0.31680844102770267,-14.112985708437854,1.2169134689502061,r1_basin_level_performance_rebuilt.csv + r1_basin_level_ct.csv
09513780,dPL-MLP,dPL-MLP,CN,XAJ-CN,test,median_across_seeds,True,0.0042560892003911,S1,0.4225532609813645,0.0,0.0,15,5479.0,True,0.3290122552597422,-12.867293652005527,1.205995663142578,r1_basin_level_performance_rebuilt.csv + r1_basin_level_ct.csv
09513780,dPL-MLP,dPL-MLP,TGD,XAJ-TGD,test,median_across_seeds,True,0.0042560892003911,S1,0.4071612338889663,-1.0,1.0,15,5479.0,True,0.3722390744896523,-14.485236276651348,1.1665022799236122,r1_basin_level_performance_rebuilt.csv + r1_basin_level_ct.csv
10234500,IC-CMA-ES,IC-CMA-ES,Base,XAJ-Base,test,selected_restart,True,0.632069679226265,S5,0.43428075157649615,-28.0,28.0,15,5479.0,True,0.17349309232929466,12.021305822534895,0.5968125606499103,r1_basin_level_performance_rebuilt.csv + r1_basin_level_ct.csv
10234500,IC-CMA-ES,IC-CMA-ES,CN,XAJ-CN,test,selected_restart,True,0.632069679226265,S5,0.7773831069120658,7.0,7.0,15,5479.0,True,0.6147887347425167,8.751029241269043,0.4074405042608614,r1_basin_level_performance_rebuilt.csv + r1_basin_level_ct.csv
10234500,IC-CMA-ES,IC-CMA-ES,TGD,XAJ-TGD,test,selected_restart,True,0.632069679226265,S5,0.7859319269756069,-1.0,1.0,15,5479.0,True,0.5844770150646287,5.847516880779727,0.4231674330755296,r1_basin_level_performance_rebuilt.csv + r1_basin_level_ct.csv
10234500,dPL-MLP,dPL-MLP,Base,XAJ-Base,test,median_across_seeds,True,0.632069679226265,S5,0.40858900700894873,-28.0,28.0,15,5479.0,True,0.10004406245326292,13.989965193730477,0.6227666311538778,r1_basin_level_performance_rebuilt.csv + r1_basin_level_ct.csv
10234500,dPL-MLP,dPL-MLP,CN,XAJ-CN,test,median_across_seeds,True,0.632069679226265,S5,0.8329243482129838,-2.0,2.0,15,5479.0,True,0.7143840148209524,8.005836399021632,0.3508374664093419,r1_basin_level_performance_rebuilt.csv + r1_basin_level_ct.csv
10234500,dPL-MLP,dPL-MLP,TGD,XAJ-TGD,test,median_across_seeds,True,0.632069679226265,S5,0.7763156713311432,1.0,1.0,15,5479.0,True,0.6237910626254652,12.75023905792854,0.40265144808914943,r1_basin_level_performance_rebuilt.csv + r1_basin_level_ct.csv
10244950,IC-CMA-ES,IC-CMA-ES,Base,XAJ-Base,test,selected_restart,True,0.656356436998628,S5,0.7091911075573577,-7.0,7.0,15,5479.0,True,0.5323405683203764,0.6542834307421764,0.31633325224611575,r1_basin_level_performance_rebuilt.csv + r1_basin_level_ct.csv
10244950,IC-CMA-ES,IC-CMA-ES,CN,XAJ-CN,test,selected_restart,True,0.656356436998628,S5,0.6833285264759932,19.0,19.0,15,5479.0,True,0.6269104824117453,0.7575899986948808,0.2825442810374589,r1_basin_level_performance_rebuilt.csv + r1_basin_level_ct.csv
10244950,IC-CMA-ES,IC-CMA-ES,TGD,XAJ-TGD,test,selected_restart,True,0.656356436998628,S5,0.6281693674646626,19.0,19.0,15,5479.0,True,0.5482260142400734,-3.194627133910622,0.31091423572697524,r1_basin_level_performance_rebuilt.csv + r1_basin_level_ct.csv
10244950,dPL-MLP,dPL-MLP,Base,XAJ-Base,test,median_across_seeds,True,0.656356436998628,S5,0.540409124637965,-3.0,3.0,15,5479.0,True,0.490957639287534,-20.7948905613313,0.33003269040639527,r1_basin_level_performance_rebuilt.csv + r1_basin_level_ct.csv
10244950,dPL-MLP,dPL-MLP,CN,XAJ-CN,test,median_across_seeds,True,0.656356436998628,S5,0.7987348084171759,5.0,5.0,15,5479.0,True,0.718909994854366,-13.543608854117222,0.24524643292089987,r1_basin_level_performance_rebuilt.csv + r1_basin_level_ct.csv
10244950,dPL-MLP,dPL-MLP,TGD,XAJ-TGD,test,median_across_seeds,True,0.656356436998628,S5,0.6701719572714899,0.0,0.0,15,5479.0,True,0.6358274933997738,-17.077437506677295,0.27914739238596775,r1_basin_level_performance_rebuilt.csv + r1_basin_level_ct.csv
10259000,IC-CMA-ES,IC-CMA-ES,Base,XAJ-Base,test,selected_restart,True,0.0335249004621377,S1,0.6267011845280108,22.0,22.0,15,5479.0,True,0.6857247644773169,34.376035292858546,0.30918155211414283,r1_basin_level_performance_rebuilt.csv + r1_basin_level_ct.csv
10259000,IC-CMA-ES,IC-CMA-ES,CN,XAJ-CN,test,selected_restart,True,0.0335249004621377,S1,0.6981317856559109,23.0,23.0,15,5479.0,True,0.757840214402049,27.879325398003232,0.2713997882579081,r1_basin_level_performance_rebuilt.csv + r1_basin_level_ct.csv
10259000,IC-CMA-ES,IC-CMA-ES,TGD,XAJ-TGD,test,selected_restart,True,0.0335249004621377,S1,0.7550047847577386,1.0,1.0,15,5479.0,True,0.729395420894004,17.463110715319836,0.2868970373077885,r1_basin_level_performance_rebuilt.csv + r1_basin_level_ct.csv
10259000,dPL-MLP,dPL-MLP,Base,XAJ-Base,test,median_across_seeds,True,0.0335249004621377,S1,0.7940239059611033,13.0,13.0,15,5479.0,True,0.703731879673088,12.999514439242482,0.300193271532613,r1_basin_level_performance_rebuilt.csv + r1_basin_level_ct.csv
10259000,dPL-MLP,dPL-MLP,CN,XAJ-CN,test,median_across_seeds,True,0.0335249004621377,S1,0.7661364994776315,18.0,18.0,15,5479.0,True,0.7994828199725497,18.916007792611325,0.2469643618093235,r1_basin_level_performance_rebuilt.csv + r1_basin_level_ct.csv
10259000,dPL-MLP,dPL-MLP,TGD,XAJ-TGD,test,median_across_seeds,True,0.0335249004621377,S1,0.664569360599704,18.0,18.0,15,5479.0,True,0.6939685596141396,14.770827737427716,0.30509951407987257,r1_basin_level_performance_rebuilt.csv + r1_basin_level_ct.csv
10336645,IC-CMA-ES,IC-CMA-ES,Base,XAJ-Base,test,selected_restart,True,0.665304872565722,S5,0.41561831144043926,-45.0,45.0,15,5479.0,True,0.11932350596369856,-0.16757403673726506,3.821369974107205,r1_basin_level_performance_rebuilt.csv + r1_basin_level_ct.csv
10336645,IC-CMA-ES,IC-CMA-ES,CN,XAJ-CN,test,selected_restart,True,0.665304872565722,S5,0.8387860705894665,-3.0,3.0,15,5479.0,True,0.7556661610029862,-3.5307135258678475,2.0128095939847417,r1_basin_level_performance_rebuilt.csv + r1_basin_level_ct.csv
10336645,IC-CMA-ES,IC-CMA-ES,TGD,XAJ-TGD,test,selected_restart,True,0.665304872565722,S5,0.4861111425983651,-21.0,21.0,15,5479.0,True,0.29563604891281925,2.992879501848394,3.4175072528549557,r1_basin_level_performance_rebuilt.csv + r1_basin_level_ct.csv
10336645,dPL-MLP,dPL-MLP,Base,XAJ-Base,test,median_across_seeds,True,0.665304872565722,S5,0.37807118044286847,-43.0,43.0,15,5479.0,True,0.21989538560065347,8.708782450837953,3.5965599834346222,r1_basin_level_performance_rebuilt.csv + r1_basin_level_ct.csv
10336645,dPL-MLP,dPL-MLP,CN,XAJ-CN,test,median_across_seeds,True,0.665304872565722,S5,0.8245537195015269,-6.0,6.0,15,5479.0,True,0.694927000505156,6.5614503730774985,2.249120740624822,r1_basin_level_performance_rebuilt.csv + r1_basin_level_ct.csv
10336645,dPL-MLP,dPL-MLP,TGD,XAJ-TGD,test,median_across_seeds,True,0.665304872565722,S5,0.4891585359037792,-23.0,23.0,15,5479.0,True,0.2996428851715305,11.36319746772988,3.4077729943387816,r1_basin_level_performance_rebuilt.csv + r1_basin_level_ct.csv
10336660,IC-CMA-ES,IC-CMA-ES,Base,XAJ-Base,test,selected_restart,True,0.668727842270536,S5,0.4388926090602474,-55.0,55.0,15,5479.0,True,0.2415865373728997,4.171854493180698,5.046615766310588,r1_basin_level_performance_rebuilt.csv + r1_basin_level_ct.csv
10336660,IC-CMA-ES,IC-CMA-ES,CN,XAJ-CN,test,selected_restart,True,0.668727842270536,S5,0.8142773690888364,-6.0,6.0,15,5479.0,True,0.7511571473735019,4.6140161956667995,2.8907451721570574,r1_basin_level_performance_rebuilt.csv + r1_basin_level_ct.csv
10336660,IC-CMA-ES,IC-CMA-ES,TGD,XAJ-TGD,test,selected_restart,True,0.668727842270536,S5,0.33651218121655124,-32.0,32.0,15,5479.0,True,0.1871177106690618,3.6078056086130585,5.22469633800103,r1_basin_level_performance_rebuilt.csv + r1_basin_level_ct.csv
10336660,dPL-MLP,dPL-MLP,Base,XAJ-Base,test,median_across_seeds,True,0.668727842270536,S5,0.35490314754849117,-50.0,50.0,15,5479.0,True,0.32450881808169085,-1.1742296747311973,4.76274210028251,r1_basin_level_performance_rebuilt.csv + r1_basin_level_ct.csv
10336660,dPL-MLP,dPL-MLP,CN,XAJ-CN,test,median_across_seeds,True,0.668727842270536,S5,0.7331506044516617,-10.0,10.0,15,5479.0,True,0.7577778879071815,-4.286450892322218,2.8520301789563236,r1_basin_level_performance_rebuilt.csv + r1_basin_level_ct.csv
10336660,dPL-MLP,dPL-MLP,TGD,XAJ-TGD,test,median_across_seeds,True,0.668727842270536,S5,0.33651778060237303,-35.0,35.0,15,5479.0,True,0.21963503025355557,-1.3926010074092245,5.119129383847767,r1_basin_level_performance_rebuilt.csv + r1_basin_level_ct.csv
10343500,IC-CMA-ES,IC-CMA-ES,Base,XAJ-Base,test,selected_restart,True,0.714981248450698,S5,0.4985743177876456,-27.0,27.0,15,5479.0,True,0.3765334162856473,4.301232007164547,1.674968641188256,r1_basin_level_performance_rebuilt.csv + r1_basin_level_ct.csv
10343500,IC-CMA-ES,IC-CMA-ES,CN,XAJ-CN,test,selected_restart,True,0.714981248450698,S5,0.7665464427702418,-9.0,9.0,15,5479.0,True,0.7583438915555673,2.829825372918669,1.0427950924534357,r1_basin_level_performance_rebuilt.csv + r1_basin_level_ct.csv
10343500,IC-CMA-ES,IC-CMA-ES,TGD,XAJ-TGD,test,selected_restart,True,0.714981248450698,S5,0.47554359065617824,-10.0,10.0,15,5479.0,True,0.2559214365243391,1.0735723557665031,1.829824703059368,r1_basin_level_performance_rebuilt.csv + r1_basin_level_ct.csv
10343500,dPL-MLP,dPL-MLP,Base,XAJ-Base,test,median_across_seeds,True,0.714981248450698,S5,0.40172853587405355,-31.0,31.0,15,5479.0,True,0.3411174245400328,8.015681093195582,1.721884835210589,r1_basin_level_performance_rebuilt.csv + r1_basin_level_ct.csv
10343500,dPL-MLP,dPL-MLP,CN,XAJ-CN,test,median_across_seeds,True,0.714981248450698,S5,0.7351750129406674,-10.0,10.0,15,5479.0,True,0.7436720786968956,6.8564301028154215,1.0739845844710263,r1_basin_level_performance_rebuilt.csv + r1_basin_level_ct.csv
10343500,dPL-MLP,dPL-MLP,TGD,XAJ-TGD,test,median_across_seeds,True,0.714981248450698,S5,0.43252433854492744,-8.0,8.0,15,5479.0,True,0.28021862974488176,12.632822378358918,1.7997011361793704,r1_basin_level_performance_rebuilt.csv + r1_basin_level_ct.csv
11124500,IC-CMA-ES,IC-CMA-ES,Base,XAJ-Base,test,selected_restart,True,0.0230381055615776,S1,0.7322287880029195,0.0,0.0,15,5479.0,True,0.6437215192318437,17.888123134175885,0.8309676390619345,r1_basin_level_performance_rebuilt.csv + r1_basin_level_ct.csv
11124500,IC-CMA-ES,IC-CMA-ES,CN,XAJ-CN,test,selected_restart,True,0.0230381055615776,S1,0.8036119347641544,-2.0,2.0,15,5479.0,True,0.684491360057296,12.009834041253923,0.7819787357153128,r1_basin_level_performance_rebuilt.csv + r1_basin_level_ct.csv
11124500,IC-CMA-ES,IC-CMA-ES,TGD,XAJ-TGD,test,selected_restart,True,0.0230381055615776,S1,0.7288813477184348,-1.0,1.0,15,5479.0,True,0.6070516759590732,17.10935094523894,0.8726840442919261,r1_basin_level_performance_rebuilt.csv + r1_basin_level_ct.csv
11124500,dPL-MLP,dPL-MLP,Base,XAJ-Base,test,median_across_seeds,True,0.0230381055615776,S1,0.5769304349392889,0.0,0.0,15,5479.0,True,0.4913728203377401,19.12582708848044,0.9928624755918865,r1_basin_level_performance_rebuilt.csv + r1_basin_level_ct.csv
11124500,dPL-MLP,dPL-MLP,CN,XAJ-CN,test,median_across_seeds,True,0.0230381055615776,S1,0.6092031643237602,0.0,0.0,15,5479.0,True,0.42518925470779545,5.312383022104731,1.0554842430246498,r1_basin_level_performance_rebuilt.csv + r1_basin_level_ct.csv
11124500,dPL-MLP,dPL-MLP,TGD,XAJ-TGD,test,median_across_seeds,True,0.0230381055615776,S1,0.596968455937567,0.0,0.0,15,5479.0,True,0.46568352027837223,3.968494344211933,1.0176269496378187,r1_basin_level_performance_rebuilt.csv + r1_basin_level_ct.csv
11141280,IC-CMA-ES,IC-CMA-ES,Base,XAJ-Base,test,selected_restart,True,0.0007877803924076,S1,0.8434259502752964,0.0,0.0,15,5479.0,True,0.7013503696611157,0.007142354682834451,0.6137798473158672,r1_basin_level_performance_rebuilt.csv + r1_basin_level_ct.csv
11141280,IC-CMA-ES,IC-CMA-ES,CN,XAJ-CN,test,selected_restart,True,0.0007877803924076,S1,0.8133521877004387,3.0,3.0,15,5479.0,True,0.7083919883525525,-2.2871122264547745,0.6065007746077876,r1_basin_level_performance_rebuilt.csv + r1_basin_level_ct.csv
11141280,IC-CMA-ES,IC-CMA-ES,TGD,XAJ-TGD,test,selected_restart,True,0.0007877803924076,S1,0.8171249947904949,4.0,4.0,15,5479.0,True,0.7091599732646463,-2.45916798651642,0.6057016015669423,r1_basin_level_performance_rebuilt.csv + r1_basin_level_ct.csv
11141280,dPL-MLP,dPL-MLP,Base,XAJ-Base,test,median_across_seeds,True,0.0007877803924076,S1,0.534266881552301,6.0,6.0,15,5479.0,True,0.6370488076052057,-17.16780432603796,0.6766370086290673,r1_basin_level_performance_rebuilt.csv + r1_basin_level_ct.csv
11141280,dPL-MLP,dPL-MLP,CN,XAJ-CN,test,median_across_seeds,True,0.0007877803924076,S1,0.45686413236224,5.0,5.0,15,5479.0,True,0.6050580057951357,-24.88731799006605,0.7058270390449793,r1_basin_level_performance_rebuilt.csv + r1_basin_level_ct.csv
11141280,dPL-MLP,dPL-MLP,TGD,XAJ-TGD,test,median_across_seeds,True,0.0007877803924076,S1,0.532690945330909,4.0,4.0,15,5479.0,True,0.6325805058299023,-17.948794957802306,0.680789316027916,r1_basin_level_performance_rebuilt.csv + r1_basin_level_ct.csv
11143000,IC-CMA-ES,IC-CMA-ES,Base,XAJ-Base,test,selected_restart,True,0.0254379399486261,S1,0.8736268650047639,-9.0,9.0,15,5479.0,True,0.7595399807276108,0.20384679015629692,2.2351876158104607,r1_basin_level_performance_rebuilt.csv + r1_basin_level_ct.csv
11143000,IC-CMA-ES,IC-CMA-ES,CN,XAJ-CN,test,selected_restart,True,0.0254379399486261,S1,0.8694532758433935,-9.0,9.0,15,5479.0,True,0.7471583963759816,-0.891193373789383,2.292011602801869,r1_basin_level_performance_rebuilt.csv + r1_basin_level_ct.csv
11143000,IC-CMA-ES,IC-CMA-ES,TGD,XAJ-TGD,test,selected_restart,True,0.0254379399486261,S1,0.8706546766921308,-10.0,10.0,15,5479.0,True,0.7536850571375049,-0.601570449687649,2.2622360740875624,r1_basin_level_performance_rebuilt.csv + r1_basin_level_ct.csv
11143000,dPL-MLP,dPL-MLP,Base,XAJ-Base,test,median_across_seeds,True,0.0254379399486261,S1,0.6176599311363973,-1.0,1.0,15,5479.0,True,0.7395240158839781,-21.2940683847029,2.3263571376318337,r1_basin_level_performance_rebuilt.csv + r1_basin_level_ct.csv
11143000,dPL-MLP,dPL-MLP,CN,XAJ-CN,test,median_across_seeds,True,0.0254379399486261,S1,0.616972339649472,0.0,0.0,15,5479.0,True,0.7322903528209896,-19.329875231616757,2.3584384933955067,r1_basin_level_performance_rebuilt.csv + r1_basin_level_ct.csv
11143000,dPL-MLP,dPL-MLP,TGD,XAJ-TGD,test,median_across_seeds,True,0.0254379399486261,S1,0.6469563390470228,-1.0,1.0,15,5479.0,True,0.7382026521568611,-20.390168000760617,2.3322503399205323,r1_basin_level_performance_rebuilt.csv + r1_basin_level_ct.csv
11148900,IC-CMA-ES,IC-CMA-ES,Base,XAJ-Base,test,selected_restart,True,0.003526794606684,S1,0.8223018999345092,-3.0,3.0,15,5479.0,True,0.7101942677878399,9.861242998588637,2.108580055990996,r1_basin_level_performance_rebuilt.csv + r1_basin_level_ct.csv
11148900,IC-CMA-ES,IC-CMA-ES,CN,XAJ-CN,test,selected_restart,True,0.003526794606684,S1,0.8089452339162057,0.0,0.0,15,5479.0,True,0.7295873509937612,13.460920928496806,2.036808084204999,r1_basin_level_performance_rebuilt.csv + r1_basin_level_ct.csv
11148900,IC-CMA-ES,IC-CMA-ES,TGD,XAJ-TGD,test,selected_restart,True,0.003526794606684,S1,0.8182173876421214,0.0,0.0,15,5479.0,True,0.7274974087361592,12.118298894135707,2.044663889051017,r1_basin_level_performance_rebuilt.csv + r1_basin_level_ct.csv
11148900,dPL-MLP,dPL-MLP,Base,XAJ-Base,test,median_across_seeds,True,0.003526794606684,S1,0.8611488596548019,1.0,1.0,15,5479.0,True,0.7739350912740544,-1.720146773370587,1.862315189635466,r1_basin_level_performance_rebuilt.csv + r1_basin_level_ct.csv
11148900,dPL-MLP,dPL-MLP,CN,XAJ-CN,test,median_across_seeds,True,0.003526794606684,S1,0.8564675611666619,1.0,1.0,15,5479.0,True,0.7598787575065384,0.4667233096414313,1.9193399354874923,r1_basin_level_performance_rebuilt.csv + r1_basin_level_ct.csv
11148900,dPL-MLP,dPL-MLP,TGD,XAJ-TGD,test,median_across_seeds,True,0.003526794606684,S1,0.8415035828157428,1.0,1.0,15,5479.0,True,0.768857824368232,0.3973291247013487,1.883112243884719,r1_basin_level_performance_rebuilt.csv + r1_basin_level_ct.csv
11151300,IC-CMA-ES,IC-CMA-ES,Base,XAJ-Base,test,selected_restart,True,0.0038403901400884,S1,0.7116725394370025,-6.0,6.0,15,5479.0,True,0.6571238502617929,-12.496173495627865,0.19173150487948276,r1_basin_level_performance_rebuilt.csv + r1_basin_level_ct.csv
11151300,IC-CMA-ES,IC-CMA-ES,CN,XAJ-CN,test,selected_restart,True,0.0038403901400884,S1,0.6223287107076699,-2.0,2.0,15,5479.0,True,0.6468118583017577,-17.538437974467737,0.1945933073134865,r1_basin_level_performance_rebuilt.csv + r1_basin_level_ct.csv
11151300,IC-CMA-ES,IC-CMA-ES,TGD,XAJ-TGD,test,selected_restart,True,0.0038403901400884,S1,0.7165599705204391,-6.0,6.0,15,5479.0,True,0.6547376831149145,-12.611467147025555,0.19239750367197675,r1_basin_level_performance_rebuilt.csv + r1_basin_level_ct.csv
11151300,dPL-MLP,dPL-MLP,Base,XAJ-Base,test,median_across_seeds,True,0.0038403901400884,S1,0.571615719835495,-3.0,3.0,15,5479.0,True,0.6171596129364083,-16.440776722958542,0.20259732921796195,r1_basin_level_performance_rebuilt.csv + r1_basin_level_ct.csv
11151300,dPL-MLP,dPL-MLP,CN,XAJ-CN,test,median_across_seeds,True,0.0038403901400884,S1,0.5680358758726956,-6.0,6.0,15,5479.0,True,0.6142684963130837,-19.57372156709042,0.20336087305363848,r1_basin_level_performance_rebuilt.csv + r1_basin_level_ct.csv
11151300,dPL-MLP,dPL-MLP,TGD,XAJ-TGD,test,median_across_seeds,True,0.0038403901400884,S1,0.5503504988499326,-4.0,4.0,15,5479.0,True,0.6129244875454545,-20.068857577905053,0.2037148513075219,r1_basin_level_performance_rebuilt.csv + r1_basin_level_ct.csv
11176400,IC-CMA-ES,IC-CMA-ES,Base,XAJ-Base,test,selected_restart,True,0.016307003804813,S1,0.3434043552499453,-1.0,1.0,15,5479.0,True,0.2765877819096352,39.3315970278348,0.9758973295790229,r1_basin_level_performance_rebuilt.csv + r1_basin_level_ct.csv
11176400,IC-CMA-ES,IC-CMA-ES,CN,XAJ-CN,test,selected_restart,True,0.016307003804813,S1,0.28749040031676354,-1.0,1.0,15,5479.0,True,0.16134337687469325,41.04330043193378,1.0507594400166111,r1_basin_level_performance_rebuilt.csv + r1_basin_level_ct.csv
11176400,IC-CMA-ES,IC-CMA-ES,TGD,XAJ-TGD,test,selected_restart,True,0.016307003804813,S1,0.43056276141538596,-1.0,1.0,15,5479.0,True,0.3735399104845343,31.406719768403775,0.9081506831082894,r1_basin_level_performance_rebuilt.csv + r1_basin_level_ct.csv
11176400,dPL-MLP,dPL-MLP,Base,XAJ-Base,test,median_across_seeds,True,0.016307003804813,S1,0.6757784383970779,1.0,1.0,15,5479.0,True,0.5100540449103095,11.165590872489924,0.8031289816963194,r1_basin_level_performance_rebuilt.csv + r1_basin_level_ct.csv
11176400,dPL-MLP,dPL-MLP,CN,XAJ-CN,test,median_across_seeds,True,0.016307003804813,S1,0.6522640911772094,1.0,1.0,15,5479.0,True,0.559261901942172,17.55963896903336,0.7617307827018285,r1_basin_level_performance_rebuilt.csv + r1_basin_level_ct.csv
11176400,dPL-MLP,dPL-MLP,TGD,XAJ-TGD,test,median_across_seeds,True,0.016307003804813,S1,0.6082005218321332,1.0,1.0,15,5479.0,True,0.5386568571874906,26.504819843232674,0.7793333201790279,r1_basin_level_performance_rebuilt.csv + r1_basin_level_ct.csv
11230500,IC-CMA-ES,IC-CMA-ES,Base,XAJ-Base,test,selected_restart,True,0.902963679881608,S5,-0.0014971001819099605,-76.0,76.0,15,5479.0,True,-1.506337858410935,8.466634538121102,4.312518185447516,r1_basin_level_performance_rebuilt.csv + r1_basin_level_ct.csv
11230500,IC-CMA-ES,IC-CMA-ES,CN,XAJ-CN,test,selected_restart,True,0.902963679881608,S5,0.5280883067227702,7.0,7.0,15,5479.0,True,0.3841162882499568,10.571299964638337,2.1377676048075815,r1_basin_level_performance_rebuilt.csv + r1_basin_level_ct.csv
11230500,IC-CMA-ES,IC-CMA-ES,TGD,XAJ-TGD,test,selected_restart,True,0.902963679881608,S5,0.4591201917074742,-15.0,15.0,15,5479.0,True,-0.24706949118987298,3.108480180405213,3.041980737374027,r1_basin_level_performance_rebuilt.csv + r1_basin_level_ct.csv
11230500,dPL-MLP,dPL-MLP,Base,XAJ-Base,test,median_across_seeds,True,0.902963679881608,S5,0.09782401986066702,-59.0,59.0,15,5479.0,True,0.045919475988552616,-1.9516542300589506,2.6607474072217236,r1_basin_level_performance_rebuilt.csv + r1_basin_level_ct.csv
11230500,dPL-MLP,dPL-MLP,CN,XAJ-CN,test,median_across_seeds,True,0.902963679881608,S5,0.5793720607870757,4.0,4.0,15,5479.0,True,0.4502252000388661,-3.413631510306961,2.019777579236308,r1_basin_level_performance_rebuilt.csv + r1_basin_level_ct.csv
11230500,dPL-MLP,dPL-MLP,TGD,XAJ-TGD,test,median_across_seeds,True,0.902963679881608,S5,0.6368844852998559,-27.0,27.0,15,5479.0,True,0.23796524708203926,-7.542530348773373,2.3779270178931364,r1_basin_level_performance_rebuilt.csv + r1_basin_level_ct.csv
11237500,IC-CMA-ES,IC-CMA-ES,Base,XAJ-Base,test,selected_restart,True,0.749856960685691,S5,0.23566690547299884,-44.0,44.0,15,5479.0,True,0.0356865200847456,10.90037036411036,4.167848154164285,r1_basin_level_performance_rebuilt.csv + r1_basin_level_ct.csv
11237500,IC-CMA-ES,IC-CMA-ES,CN,XAJ-CN,test,selected_restart,True,0.749856960685691,S5,0.7638343483583485,5.0,5.0,15,5479.0,True,0.6202451693206968,8.462389751884523,2.6154981834412037,r1_basin_level_performance_rebuilt.csv + r1_basin_level_ct.csv
11237500,IC-CMA-ES,IC-CMA-ES,TGD,XAJ-TGD,test,selected_restart,True,0.749856960685691,S5,0.5806705373993214,-16.0,16.0,15,5479.0,True,0.36165364250894005,7.767264495781733,3.391024765137524,r1_basin_level_performance_rebuilt.csv + r1_basin_level_ct.csv
11237500,dPL-MLP,dPL-MLP,Base,XAJ-Base,test,median_across_seeds,True,0.749856960685691,S5,0.21395698341818492,-42.0,42.0,15,5479.0,True,0.1434628419347227,2.576801221722493,3.9280397436253645,r1_basin_level_performance_rebuilt.csv + r1_basin_level_ct.csv
11237500,dPL-MLP,dPL-MLP,CN,XAJ-CN,test,median_across_seeds,True,0.749856960685691,S5,0.8130298351548899,-4.0,4.0,15,5479.0,True,0.7426796677323819,-4.611254329101032,2.152979134890111,r1_basin_level_performance_rebuilt.csv + r1_basin_level_ct.csv
11237500,dPL-MLP,dPL-MLP,TGD,XAJ-TGD,test,median_across_seeds,True,0.749856960685691,S5,0.5561662031023363,-16.0,16.0,15,5479.0,True,0.4791367409500388,2.46584153553056,3.0631243748335124,r1_basin_level_performance_rebuilt.csv + r1_basin_level_ct.csv
11264500,IC-CMA-ES,IC-CMA-ES,Base,XAJ-Base,test,selected_restart,True,0.90632692590849,S5,0.2658200636716791,-52.0,52.0,15,5479.0,True,0.06606778203132235,6.552854510128326,3.1639026010673326,r1_basin_level_performance_rebuilt.csv + r1_basin_level_ct.csv
11264500,IC-CMA-ES,IC-CMA-ES,CN,XAJ-CN,test,selected_restart,True,0.90632692590849,S5,0.8489663700740109,2.0,2.0,15,5479.0,True,0.7723258596912755,8.60683530345305,1.5621483679366814,r1_basin_level_performance_rebuilt.csv + r1_basin_level_ct.csv
11264500,IC-CMA-ES,IC-CMA-ES,TGD,XAJ-TGD,test,selected_restart,True,0.90632692590849,S5,0.655535863469322,-25.0,25.0,15,5479.0,True,0.5532249046915848,8.48638628304444,2.188315340284442,r1_basin_level_performance_rebuilt.csv + r1_basin_level_ct.csv
11264500,dPL-MLP,dPL-MLP,Base,XAJ-Base,test,median_across_seeds,True,0.90632692590849,S5,0.2248453387776318,-52.0,52.0,15,5479.0,True,0.12367028970691263,3.6721888936178493,3.0647792222614023,r1_basin_level_performance_rebuilt.csv + r1_basin_level_ct.csv
11264500,dPL-MLP,dPL-MLP,CN,XAJ-CN,test,median_across_seeds,True,0.90632692590849,S5,0.8638659927037501,3.0,3.0,15,5479.0,True,0.7704899568045516,4.439438408845998,1.568434093423053,r1_basin_level_performance_rebuilt.csv + r1_basin_level_ct.csv
11264500,dPL-MLP,dPL-MLP,TGD,XAJ-TGD,test,median_across_seeds,True,0.90632692590849,S5,0.6646478403099992,-30.0,30.0,15,5479.0,True,0.5473597610147329,5.2215877923613645,2.2026323147040614,r1_basin_level_performance_rebuilt.csv + r1_basin_level_ct.csv
11266500,IC-CMA-ES,IC-CMA-ES,Base,XAJ-Base,test,selected_restart,True,0.885217452223562,S5,0.33009448047266177,-48.0,48.0,15,5479.0,True,0.15294165628582934,7.912493971470462,3.029912725693254,r1_basin_level_performance_rebuilt.csv + r1_basin_level_ct.csv
11266500,IC-CMA-ES,IC-CMA-ES,CN,XAJ-CN,test,selected_restart,True,0.885217452223562,S5,0.8628964889777184,4.0,4.0,15,5479.0,True,0.775654376267958,7.2373058532779595,1.5593092598784724,r1_basin_level_performance_rebuilt.csv + r1_basin_level_ct.csv
11266500,IC-CMA-ES,IC-CMA-ES,TGD,XAJ-TGD,test,selected_restart,True,0.885217452223562,S5,0.6682135540732641,-23.0,23.0,15,5479.0,True,0.5447490834961937,5.9194872795823015,2.221257315888595,r1_basin_level_performance_rebuilt.csv + r1_basin_level_ct.csv
11266500,dPL-MLP,dPL-MLP,Base,XAJ-Base,test,median_across_seeds,True,0.885217452223562,S5,0.27543322641690327,-48.0,48.0,15,5479.0,True,0.16066579610067366,3.0048667213944436,3.0160665324966365,r1_basin_level_performance_rebuilt.csv + r1_basin_level_ct.csv
11266500,dPL-MLP,dPL-MLP,CN,XAJ-CN,test,median_across_seeds,True,0.885217452223562,S5,0.8860601677653932,2.0,2.0,15,5479.0,True,0.7920751731465647,2.6509959780983876,1.5011587812256826,r1_basin_level_performance_rebuilt.csv + r1_basin_level_ct.csv
11266500,dPL-MLP,dPL-MLP,TGD,XAJ-TGD,test,median_across_seeds,True,0.885217452223562,S5,0.6692146295057397,-26.0,26.0,15,5479.0,True,0.5344759685406679,3.6832636088127075,2.246179759233153,r1_basin_level_performance_rebuilt.csv + r1_basin_level_ct.csv
11284400,IC-CMA-ES,IC-CMA-ES,Base,XAJ-Base,test,selected_restart,True,0.0365047230850116,S1,0.8104307734888607,-8.0,8.0,15,5479.0,True,0.6928608957207332,-1.117829433438467,1.5187792291270126,r1_basin_level_performance_rebuilt.csv + r1_basin_level_ct.csv
11284400,IC-CMA-ES,IC-CMA-ES,CN,XAJ-CN,test,selected_restart,True,0.0365047230850116,S1,0.8346380188878126,-3.0,3.0,15,5479.0,True,0.7165931297179403,0.016879334511295894,1.4589226923666134,r1_basin_level_performance_rebuilt.csv + r1_basin_level_ct.csv
11284400,IC-CMA-ES,IC-CMA-ES,TGD,XAJ-TGD,test,selected_restart,True,0.0365047230850116,S1,0.7969107077036839,-8.0,8.0,15,5479.0,True,0.6886417632660766,-4.795754557581875,1.5291752911561112,r1_basin_level_performance_rebuilt.csv + r1_basin_level_ct.csv
11284400,dPL-MLP,dPL-MLP,Base,XAJ-Base,test,median_across_seeds,True,0.0365047230850116,S1,0.7860608020656394,0.0,0.0,15,5479.0,True,0.646696038676722,2.695909070544532,1.6289259643825291,r1_basin_level_performance_rebuilt.csv + r1_basin_level_ct.csv
11284400,dPL-MLP,dPL-MLP,CN,XAJ-CN,test,median_across_seeds,True,0.0365047230850116,S1,0.8192288916870711,0.0,0.0,15,5479.0,True,0.7068200713312999,3.0319145829738363,1.483864380156137,r1_basin_level_performance_rebuilt.csv + r1_basin_level_ct.csv
11284400,dPL-MLP,dPL-MLP,TGD,XAJ-TGD,test,median_across_seeds,True,0.0365047230850116,S1,0.8111804953424158,0.0,0.0,15,5479.0,True,0.6825487551909633,7.293729308068609,1.544065109681856,r1_basin_level_performance_rebuilt.csv + r1_basin_level_ct.csv
11381500,IC-CMA-ES,IC-CMA-ES,Base,XAJ-Base,test,selected_restart,True,0.165026130486202,S3,0.7364987869419566,-3.0,3.0,15,5479.0,True,0.7818125476582632,-10.651591572678303,1.441573818436937,r1_basin_level_performance_rebuilt.csv + r1_basin_level_ct.csv
11381500,IC-CMA-ES,IC-CMA-ES,CN,XAJ-CN,test,selected_restart,True,0.165026130486202,S3,0.7175226497603184,6.0,6.0,15,5479.0,True,0.7594077034235982,-11.755925949077504,1.5137803356699078,r1_basin_level_performance_rebuilt.csv + r1_basin_level_ct.csv
11381500,IC-CMA-ES,IC-CMA-ES,TGD,XAJ-TGD,test,selected_restart,True,0.165026130486202,S3,0.7358837813629996,-3.0,3.0,15,5479.0,True,0.7833194498651458,-10.437498163756022,1.4365871097697231,r1_basin_level_performance_rebuilt.csv + r1_basin_level_ct.csv
11381500,dPL-MLP,dPL-MLP,Base,XAJ-Base,test,median_across_seeds,True,0.165026130486202,S3,0.7706493509623045,-2.0,2.0,15,5479.0,True,0.8085489928320162,-6.122319814398154,1.3503639279085184,r1_basin_level_performance_rebuilt.csv + r1_basin_level_ct.csv
11381500,dPL-MLP,dPL-MLP,CN,XAJ-CN,test,median_across_seeds,True,0.165026130486202,S3,0.762954262682279,-2.0,2.0,15,5479.0,True,0.7781493716081673,-4.278532069301811,1.4536248278327042,r1_basin_level_performance_rebuilt.csv + r1_basin_level_ct.csv
11381500,dPL-MLP,dPL-MLP,TGD,XAJ-TGD,test,median_across_seeds,True,0.165026130486202,S3,0.7338153615535514,-3.0,3.0,15,5479.0,True,0.7851456972204057,-5.537498469654004,1.430520310353574,r1_basin_level_performance_rebuilt.csv + r1_basin_level_ct.csv
11451100,IC-CMA-ES,IC-CMA-ES,Base,XAJ-Base,test,selected_restart,True,0.123536359034925,S2,0.6858793503826621,-8.0,8.0,15,5479.0,True,0.6033201862652784,24.130681078913078,3.198963151163194,r1_basin_level_performance_rebuilt.csv + r1_basin_level_ct.csv
11451100,IC-CMA-ES,IC-CMA-ES,CN,XAJ-CN,test,selected_restart,True,0.123536359034925,S2,0.6873532180855604,-7.0,7.0,15,5479.0,True,0.578460243458142,23.01386058472372,3.297679597734581,r1_basin_level_performance_rebuilt.csv + r1_basin_level_ct.csv
11451100,IC-CMA-ES,IC-CMA-ES,TGD,XAJ-TGD,test,selected_restart,True,0.123536359034925,S2,0.6913481321379111,-8.0,8.0,15,5479.0,True,0.6122229990840785,23.441126026140832,3.162861762785419,r1_basin_level_performance_rebuilt.csv + r1_basin_level_ct.csv
11451100,dPL-MLP,dPL-MLP,Base,XAJ-Base,test,median_across_seeds,True,0.123536359034925,S2,0.8208682753192906,-1.0,1.0,15,5479.0,True,0.7107786386567309,1.7040458150164113,2.731519908252496,r1_basin_level_performance_rebuilt.csv + r1_basin_level_ct.csv
11451100,dPL-MLP,dPL-MLP,CN,XAJ-CN,test,median_across_seeds,True,0.123536359034925,S2,0.8153330606690343,0.0,0.0,15,5479.0,True,0.6891265089137115,4.2600100220222235,2.831920336971673,r1_basin_level_performance_rebuilt.csv + r1_basin_level_ct.csv
11451100,dPL-MLP,dPL-MLP,TGD,XAJ-TGD,test,median_across_seeds,True,0.123536359034925,S2,0.8150484020356762,-1.0,1.0,15,5479.0,True,0.7279995518445572,1.4872486224200423,2.6489514398613294,r1_basin_level_performance_rebuilt.csv + r1_basin_level_ct.csv
11468500,IC-CMA-ES,IC-CMA-ES,Base,XAJ-Base,test,selected_restart,True,0.000524205133848,S1,0.8220295270073236,-6.0,6.0,15,5479.0,True,0.8283468327525156,10.5561457026809,1.9355720176354638,r1_basin_level_performance_rebuilt.csv + r1_basin_level_ct.csv
11468500,IC-CMA-ES,IC-CMA-ES,CN,XAJ-CN,test,selected_restart,True,0.000524205133848,S1,0.8305818119491721,-10.0,10.0,15,5479.0,True,0.8256179433854384,9.672301546019094,1.9508969150976725,r1_basin_level_performance_rebuilt.csv + r1_basin_level_ct.csv
11468500,IC-CMA-ES,IC-CMA-ES,TGD,XAJ-TGD,test,selected_restart,True,0.000524205133848,S1,0.8248212026994028,-5.0,5.0,15,5479.0,True,0.8324668992905491,10.673963065867206,1.9122018656948798,r1_basin_level_performance_rebuilt.csv + r1_basin_level_ct.csv
11468500,dPL-MLP,dPL-MLP,Base,XAJ-Base,test,median_across_seeds,True,0.000524205133848,S1,0.9054440798913475,-3.0,3.0,15,5479.0,True,0.8755851339940962,6.935221999642478,1.6478571564184143,r1_basin_level_performance_rebuilt.csv + r1_basin_level_ct.csv
11468500,dPL-MLP,dPL-MLP,CN,XAJ-CN,test,median_across_seeds,True,0.000524205133848,S1,0.9181541758215491,-3.0,3.0,15,5479.0,True,0.8781440772775413,3.4726265375059002,1.6308226914444484,r1_basin_level_performance_rebuilt.csv + r1_basin_level_ct.csv
11468500,dPL-MLP,dPL-MLP,TGD,XAJ-TGD,test,median_across_seeds,True,0.000524205133848,S1,0.8894690417537969,-3.0,3.0,15,5479.0,True,0.8674105990382653,7.101110036969484,1.7011312730160009,r1_basin_level_performance_rebuilt.csv + r1_basin_level_ct.csv
11473900,IC-CMA-ES,IC-CMA-ES,Base,XAJ-Base,test,selected_restart,True,0.262478357358648,S3,0.8247257683140411,-9.0,9.0,15,5479.0,True,0.751162451048008,-4.81356661933817,2.1329843453573196,r1_basin_level_performance_rebuilt.csv + r1_basin_level_ct.csv
11473900,IC-CMA-ES,IC-CMA-ES,CN,XAJ-CN,test,selected_restart,True,0.262478357358648,S3,0.7648803578201602,-3.0,3.0,15,5479.0,True,0.7374288583859212,-10.646981027165467,2.1910546337704706,r1_basin_level_performance_rebuilt.csv + r1_basin_level_ct.csv
11473900,IC-CMA-ES,IC-CMA-ES,TGD,XAJ-TGD,test,selected_restart,True,0.262478357358648,S3,0.8480666723254752,-7.0,7.0,15,5479.0,True,0.7615747062896925,-1.5071756842334956,2.087881632548619,r1_basin_level_performance_rebuilt.csv + r1_basin_level_ct.csv
11473900,dPL-MLP,dPL-MLP,Base,XAJ-Base,test,median_across_seeds,True,0.262478357358648,S3,0.7802821347164345,-1.0,1.0,15,5479.0,True,0.7425354186446784,-2.548691076554195,2.169643886767044,r1_basin_level_performance_rebuilt.csv + r1_basin_level_ct.csv
11473900,dPL-MLP,dPL-MLP,CN,XAJ-CN,test,median_across_seeds,True,0.262478357358648,S3,0.7613137270753165,11.0,11.0,15,5479.0,True,0.7048624631693021,-5.3445163852238435,2.322961087008351,r1_basin_level_performance_rebuilt.csv + r1_basin_level_ct.csv
11473900,dPL-MLP,dPL-MLP,TGD,XAJ-TGD,test,median_across_seeds,True,0.262478357358648,S3,0.837396722794679,-1.0,1.0,15,5479.0,True,0.7653616650502684,1.0223654740671542,2.071234133909282,r1_basin_level_performance_rebuilt.csv + r1_basin_level_ct.csv
11475560,IC-CMA-ES,IC-CMA-ES,Base,XAJ-Base,test,selected_restart,True,0.138629337971597,S2,0.6910816454710089,-2.0,2.0,15,5479.0,True,0.7659754345999998,-12.105819140342865,4.5453521882865076,r1_basin_level_performance_rebuilt.csv + r1_basin_level_ct.csv
11475560,IC-CMA-ES,IC-CMA-ES,CN,XAJ-CN,test,selected_restart,True,0.138629337971597,S2,0.6577752801577184,-1.0,1.0,15,5479.0,True,0.7222155519978444,-13.046552932391561,4.952115661956121,r1_basin_level_performance_rebuilt.csv + r1_basin_level_ct.csv
11475560,IC-CMA-ES,IC-CMA-ES,TGD,XAJ-TGD,test,selected_restart,True,0.138629337971597,S2,0.6928585694720866,-4.0,4.0,15,5479.0,True,0.7699672315849959,-12.47912514987308,4.506420031796802,r1_basin_level_performance_rebuilt.csv + r1_basin_level_ct.csv
11475560,dPL-MLP,dPL-MLP,Base,XAJ-Base,test,median_across_seeds,True,0.138629337971597,S2,0.6298367011321375,-1.0,1.0,15,5479.0,True,0.7425426094243586,-12.416903729905552,4.767486778174713,r1_basin_level_performance_rebuilt.csv + r1_basin_level_ct.csv
11475560,dPL-MLP,dPL-MLP,CN,XAJ-CN,test,median_across_seeds,True,0.138629337971597,S2,0.5982795825140097,0.0,0.0,15,5479.0,True,0.6993577084141487,-9.842247673450355,5.151833896529107,r1_basin_level_performance_rebuilt.csv + r1_basin_level_ct.csv
11475560,dPL-MLP,dPL-MLP,TGD,XAJ-TGD,test,median_across_seeds,True,0.138629337971597,S2,0.6250764805982981,-1.0,1.0,15,5479.0,True,0.7422050007061362,-13.326025717552374,4.770611601637178,r1_basin_level_performance_rebuilt.csv + r1_basin_level_ct.csv
11476600,IC-CMA-ES,IC-CMA-ES,Base,XAJ-Base,test,selected_restart,True,0.0120106292964887,S1,0.8227577662781735,-8.0,8.0,15,5479.0,True,0.6419132647871435,-1.6198942212797054,4.876252036393412,r1_basin_level_performance_rebuilt.csv + r1_basin_level_ct.csv
11476600,IC-CMA-ES,IC-CMA-ES,CN,XAJ-CN,test,selected_restart,True,0.0120106292964887,S1,0.8222370268466208,-8.0,8.0,15,5479.0,True,0.6453062213003443,-3.1869475311809476,4.853095231079259,r1_basin_level_performance_rebuilt.csv + r1_basin_level_ct.csv
11476600,IC-CMA-ES,IC-CMA-ES,TGD,XAJ-TGD,test,selected_restart,True,0.0120106292964887,S1,0.8262088093141096,-8.0,8.0,15,5479.0,True,0.6492098121197418,-1.5365498304021525,4.826315919638024,r1_basin_level_performance_rebuilt.csv + r1_basin_level_ct.csv
11476600,dPL-MLP,dPL-MLP,Base,XAJ-Base,test,median_across_seeds,True,0.0120106292964887,S1,0.7445872813977831,-4.0,4.0,15,5479.0,True,0.7626582967543796,-14.612720665606847,3.9698953202762524,r1_basin_level_performance_rebuilt.csv + r1_basin_level_ct.csv
11476600,dPL-MLP,dPL-MLP,CN,XAJ-CN,test,median_across_seeds,True,0.0120106292964887,S1,0.7397951436245398,-4.0,4.0,15,5479.0,True,0.7639025579131012,-15.16105807729893,3.9594755806337765,r1_basin_level_performance_rebuilt.csv + r1_basin_level_ct.csv
11476600,dPL-MLP,dPL-MLP,TGD,XAJ-TGD,test,median_across_seeds,True,0.0120106292964887,S1,0.7306925624703549,-4.0,4.0,15,5479.0,True,0.7679432244894364,-14.087040209931763,3.9254473302751753,r1_basin_level_performance_rebuilt.csv + r1_basin_level_ct.csv
11478500,IC-CMA-ES,IC-CMA-ES,Base,XAJ-Base,test,selected_restart,True,0.157314421019928,S3,0.6726051114122011,-6.0,6.0,15,5479.0,True,0.8085686762575415,-23.955457426789003,3.3593847770175,r1_basin_level_performance_rebuilt.csv + r1_basin_level_ct.csv
11478500,IC-CMA-ES,IC-CMA-ES,CN,XAJ-CN,test,selected_restart,True,0.157314421019928,S3,0.6578780088290812,0.0,0.0,15,5479.0,True,0.8004405841032967,-24.895229504448213,3.4299624115137046,r1_basin_level_performance_rebuilt.csv + r1_basin_level_ct.csv
11478500,IC-CMA-ES,IC-CMA-ES,TGD,XAJ-TGD,test,selected_restart,True,0.157314421019928,S3,0.6730599563096298,-6.0,6.0,15,5479.0,True,0.8115477801502907,-24.001597047610865,3.33314247084045,r1_basin_level_performance_rebuilt.csv + r1_basin_level_ct.csv
11478500,dPL-MLP,dPL-MLP,Base,XAJ-Base,test,median_across_seeds,True,0.157314421019928,S3,0.6525058518269431,-3.0,3.0,15,5479.0,True,0.7913234481206335,-22.84193451817502,3.5074385794125416,r1_basin_level_performance_rebuilt.csv + r1_basin_level_ct.csv
11478500,dPL-MLP,dPL-MLP,CN,XAJ-CN,test,median_across_seeds,True,0.157314421019928,S3,0.6211017440448345,1.0,1.0,15,5479.0,True,0.7740860159661139,-25.819191520188113,3.6494280510067827,r1_basin_level_performance_rebuilt.csv + r1_basin_level_ct.csv
11478500,dPL-MLP,dPL-MLP,TGD,XAJ-TGD,test,median_across_seeds,True,0.157314421019928,S3,0.6419735751018004,-3.0,3.0,15,5479.0,True,0.7937425204302849,-22.621662310229752,3.487049415444439,r1_basin_level_performance_rebuilt.csv + r1_basin_level_ct.csv
11480390,IC-CMA-ES,IC-CMA-ES,Base,XAJ-Base,test,selected_restart,True,0.299512506046178,S3,0.5891449341373525,-5.0,5.0,15,5479.0,True,0.7558370692993093,-25.589596754122567,2.946172870047633,r1_basin_level_performance_rebuilt.csv + r1_basin_level_ct.csv
11480390,IC-CMA-ES,IC-CMA-ES,CN,XAJ-CN,test,selected_restart,True,0.299512506046178,S3,0.4927571834110529,4.0,4.0,15,5479.0,True,0.6067371275695164,-32.03233593576833,3.739037620970645,r1_basin_level_performance_rebuilt.csv + r1_basin_level_ct.csv
11480390,IC-CMA-ES,IC-CMA-ES,TGD,XAJ-TGD,test,selected_restart,True,0.299512506046178,S3,0.5791497516837787,0.0,0.0,15,5479.0,True,0.7535830078643819,-25.855851836488117,2.9597408556169005,r1_basin_level_performance_rebuilt.csv + r1_basin_level_ct.csv
11480390,dPL-MLP,dPL-MLP,Base,XAJ-Base,test,median_across_seeds,True,0.299512506046178,S3,0.6221832347247462,-1.0,1.0,15,5479.0,True,0.7480201332486025,-20.372106428167292,2.992962547799516,r1_basin_level_performance_rebuilt.csv + r1_basin_level_ct.csv
11480390,dPL-MLP,dPL-MLP,CN,XAJ-CN,test,median_across_seeds,True,0.299512506046178,S3,0.4777794252822608,7.0,7.0,15,5479.0,True,0.569808096979031,-29.18308296341812,3.9106547604885353,r1_basin_level_performance_rebuilt.csv + r1_basin_level_ct.csv
11480390,dPL-MLP,dPL-MLP,TGD,XAJ-TGD,test,median_across_seeds,True,0.299512506046178,S3,0.6437642063643709,-1.0,1.0,15,5479.0,True,0.7560043885904411,-20.192536941949133,2.9451632244887866,r1_basin_level_performance_rebuilt.csv + r1_basin_level_ct.csv
11481200,IC-CMA-ES,IC-CMA-ES,Base,XAJ-Base,test,selected_restart,True,0.0016368255310898,S1,0.8484625360777174,-10.0,10.0,15,5479.0,True,0.8200895013290336,-8.046340050926878,2.8150189959000396,r1_basin_level_performance_rebuilt.csv + r1_basin_level_ct.csv
11481200,IC-CMA-ES,IC-CMA-ES,CN,XAJ-CN,test,selected_restart,True,0.0016368255310898,S1,0.853883246098572,-10.0,10.0,15,5479.0,True,0.8219275682406615,-7.399381108862581,2.8006021695580254,r1_basin_level_performance_rebuilt.csv + r1_basin_level_ct.csv
11481200,IC-CMA-ES,IC-CMA-ES,TGD,XAJ-TGD,test,selected_restart,True,0.0016368255310898,S1,0.8461143468796846,-10.0,10.0,15,5479.0,True,0.8212237157649912,-8.385903835204983,2.806131567707323,r1_basin_level_performance_rebuilt.csv + r1_basin_level_ct.csv
11481200,dPL-MLP,dPL-MLP,Base,XAJ-Base,test,median_across_seeds,True,0.0016368255310898,S1,0.7600107554865626,-5.0,5.0,15,5479.0,True,0.7983858666565032,-14.311721168156074,2.9799814648863214,r1_basin_level_performance_rebuilt.csv + r1_basin_level_ct.csv
11481200,dPL-MLP,dPL-MLP,CN,XAJ-CN,test,median_across_seeds,True,0.0016368255310898,S1,0.7545520020327238,-7.0,7.0,15,5479.0,True,0.8012393901629372,-14.711712041918238,2.9588178936728156,r1_basin_level_performance_rebuilt.csv + r1_basin_level_ct.csv
11481200,dPL-MLP,dPL-MLP,TGD,XAJ-TGD,test,median_across_seeds,True,0.0016368255310898,S1,0.7419588141687601,-7.0,7.0,15,5479.0,True,0.7849099756706817,-14.93359154343406,3.0779616932650526,r1_basin_level_performance_rebuilt.csv + r1_basin_level_ct.csv
11482500,IC-CMA-ES,IC-CMA-ES,Base,XAJ-Base,test,selected_restart,True,0.0131812044990649,S1,0.7778221031157725,-6.0,6.0,15,5479.0,True,0.8313401824509306,-15.318617508868874,2.5131733500804536,r1_basin_level_performance_rebuilt.csv + r1_basin_level_ct.csv
11482500,IC-CMA-ES,IC-CMA-ES,CN,XAJ-CN,test,selected_restart,True,0.0131812044990649,S1,0.7749660120606313,-6.0,6.0,15,5479.0,True,0.8328568138231508,-15.487415811071479,2.5018482906624295,r1_basin_level_performance_rebuilt.csv + r1_basin_level_ct.csv
11482500,IC-CMA-ES,IC-CMA-ES,TGD,XAJ-TGD,test,selected_restart,True,0.0131812044990649,S1,0.7788803272466728,-6.0,6.0,15,5479.0,True,0.8318149036184288,-15.317404002599648,2.509633985156616,r1_basin_level_performance_rebuilt.csv + r1_basin_level_ct.csv
11482500,dPL-MLP,dPL-MLP,Base,XAJ-Base,test,median_across_seeds,True,0.0131812044990649,S1,0.7315905692579485,-4.0,4.0,15,5479.0,True,0.8160558849388205,-18.088414240333364,2.624578589476168,r1_basin_level_performance_rebuilt.csv + r1_basin_level_ct.csv
11482500,dPL-MLP,dPL-MLP,CN,XAJ-CN,test,median_across_seeds,True,0.0131812044990649,S1,0.7265101822488143,-5.0,5.0,15,5479.0,True,0.8135370720572048,-19.39065675344911,2.64248713985422,r1_basin_level_performance_rebuilt.csv + r1_basin_level_ct.csv
11482500,dPL-MLP,dPL-MLP,TGD,XAJ-TGD,test,median_across_seeds,True,0.0131812044990649,S1,0.7255267130428603,-4.0,4.0,15,5479.0,True,0.8158305508685499,-18.746704177627954,2.626185669883574,r1_basin_level_performance_rebuilt.csv + r1_basin_level_ct.csv
11522500,IC-CMA-ES,IC-CMA-ES,Base,XAJ-Base,test,selected_restart,True,0.249129777057898,S3,0.7549563973302129,-19.0,19.0,15,5479.0,True,0.6738114191984939,-5.127567363483523,1.8842036689113404,r1_basin_level_performance_rebuilt.csv + r1_basin_level_ct.csv
11522500,IC-CMA-ES,IC-CMA-ES,CN,XAJ-CN,test,selected_restart,True,0.249129777057898,S3,0.727984384392858,0.0,0.0,15,5479.0,True,0.7613203497769997,-5.819258610174518,1.6117629372427473,r1_basin_level_performance_rebuilt.csv + r1_basin_level_ct.csv
11522500,IC-CMA-ES,IC-CMA-ES,TGD,XAJ-TGD,test,selected_restart,True,0.249129777057898,S3,0.7534475624543557,-16.0,16.0,15,5479.0,True,0.7040857425228537,-5.5899191485096145,1.7946361586254673,r1_basin_level_performance_rebuilt.csv + r1_basin_level_ct.csv
11522500,dPL-MLP,dPL-MLP,Base,XAJ-Base,test,median_across_seeds,True,0.249129777057898,S3,0.7259496531360068,-20.0,20.0,15,5479.0,True,0.6590268016253129,-7.467680998470332,1.9264315851393488,r1_basin_level_performance_rebuilt.csv + r1_basin_level_ct.csv
11522500,dPL-MLP,dPL-MLP,CN,XAJ-CN,test,median_across_seeds,True,0.249129777057898,S3,0.7429063083562141,-7.0,7.0,15,5479.0,True,0.759841103788931,-6.297369441925504,1.6167497703831113,r1_basin_level_performance_rebuilt.csv + r1_basin_level_ct.csv
11522500,dPL-MLP,dPL-MLP,TGD,XAJ-TGD,test,median_across_seeds,True,0.249129777057898,S3,0.7248305539204666,-16.0,16.0,15,5479.0,True,0.6786466341111111,-7.358302301566438,1.8701864025380075,r1_basin_level_performance_rebuilt.csv + r1_basin_level_ct.csv
11523200,IC-CMA-ES,IC-CMA-ES,Base,XAJ-Base,test,selected_restart,True,0.431707151976883,S4,0.5111175082087098,-44.0,44.0,15,5479.0,True,0.02613127316127728,-1.7844743626499393,4.159716148128752,r1_basin_level_performance_rebuilt.csv + r1_basin_level_ct.csv
11523200,IC-CMA-ES,IC-CMA-ES,CN,XAJ-CN,test,selected_restart,True,0.431707151976883,S4,0.7449909336223335,-15.0,15.0,15,5479.0,True,0.6186265162211684,-10.82964402711574,2.6030872993060066,r1_basin_level_performance_rebuilt.csv + r1_basin_level_ct.csv
11523200,IC-CMA-ES,IC-CMA-ES,TGD,XAJ-TGD,test,selected_restart,True,0.431707151976883,S4,0.528800884678155,-40.0,40.0,15,5479.0,True,0.18720908716570117,-8.158008932066167,3.800168956846792,r1_basin_level_performance_rebuilt.csv + r1_basin_level_ct.csv
11523200,dPL-MLP,dPL-MLP,Base,XAJ-Base,test,median_across_seeds,True,0.431707151976883,S4,0.4827913111769925,-44.0,44.0,15,5479.0,True,0.17256608191868983,-12.563835109748105,3.8342475252217794,r1_basin_level_performance_rebuilt.csv + r1_basin_level_ct.csv
11523200,dPL-MLP,dPL-MLP,CN,XAJ-CN,test,median_across_seeds,True,0.431707151976883,S4,0.7104428693475687,-21.0,21.0,15,5479.0,True,0.6235041825081233,-15.228982386448376,2.5863873303682796,r1_basin_level_performance_rebuilt.csv + r1_basin_level_ct.csv
11523200,dPL-MLP,dPL-MLP,TGD,XAJ-TGD,test,median_across_seeds,True,0.431707151976883,S4,0.5070721836050269,-29.0,29.0,15,5479.0,True,0.3181078790610241,-16.01564340746115,3.4807379022113807,r1_basin_level_performance_rebuilt.csv + r1_basin_level_ct.csv
11528700,IC-CMA-ES,IC-CMA-ES,Base,XAJ-Base,test,selected_restart,True,0.271305322327506,S3,0.5647262208723113,-1.0,1.0,15,5479.0,True,0.7496416710437361,-28.897600335215742,1.6199827556338733,r1_basin_level_performance_rebuilt.csv + r1_basin_level_ct.csv
11528700,IC-CMA-ES,IC-CMA-ES,CN,XAJ-CN,test,selected_restart,True,0.271305322327506,S3,0.5150509436244236,3.0,3.0,15,5479.0,True,0.6996495783430654,-34.09575953119825,1.7743671663769802,r1_basin_level_performance_rebuilt.csv + r1_basin_level_ct.csv
11528700,IC-CMA-ES,IC-CMA-ES,TGD,XAJ-TGD,test,selected_restart,True,0.271305322327506,S3,0.5645775743923431,0.0,0.0,15,5479.0,True,0.7566033359032985,-29.247620466637933,1.597300693994225,r1_basin_level_performance_rebuilt.csv + r1_basin_level_ct.csv
11528700,dPL-MLP,dPL-MLP,Base,XAJ-Base,test,median_across_seeds,True,0.271305322327506,S3,0.6178995684240453,1.0,1.0,15,5479.0,True,0.7212415235210979,-23.382661914681727,1.7093988626246566,r1_basin_level_performance_rebuilt.csv + r1_basin_level_ct.csv
11528700,dPL-MLP,dPL-MLP,CN,XAJ-CN,test,median_across_seeds,True,0.271305322327506,S3,0.43255534110469496,6.0,6.0,15,5479.0,True,0.6297254039660694,-32.04036563191718,1.9701138672094205,r1_basin_level_performance_rebuilt.csv + r1_basin_level_ct.csv
11528700,dPL-MLP,dPL-MLP,TGD,XAJ-TGD,test,median_across_seeds,True,0.271305322327506,S3,0.647590956083888,2.0,2.0,15,5479.0,True,0.7427179559499546,-22.306545572948185,1.642230479337425,r1_basin_level_performance_rebuilt.csv + r1_basin_level_ct.csv
11532500,IC-CMA-ES,IC-CMA-ES,Base,XAJ-Base,test,selected_restart,True,0.0485353765496996,S1,0.8819464590578111,-17.0,17.0,15,5479.0,True,0.807103277397917,-6.5924792062597515,4.2520746505230855,r1_basin_level_performance_rebuilt.csv + r1_basin_level_ct.csv
11532500,IC-CMA-ES,IC-CMA-ES,CN,XAJ-CN,test,selected_restart,True,0.0485353765496996,S1,0.8854575533702124,-17.0,17.0,15,5479.0,True,0.8243531529573868,-6.904203996300374,4.057500997471348,r1_basin_level_performance_rebuilt.csv + r1_basin_level_ct.csv
11532500,IC-CMA-ES,IC-CMA-ES,TGD,XAJ-TGD,test,selected_restart,True,0.0485353765496996,S1,0.8813685390459949,-17.0,17.0,15,5479.0,True,0.7994324199797443,-5.777336825867402,4.335795829712617,r1_basin_level_performance_rebuilt.csv + r1_basin_level_ct.csv
11532500,dPL-MLP,dPL-MLP,Base,XAJ-Base,test,median_across_seeds,True,0.0485353765496996,S1,0.8310034445294798,-16.0,16.0,15,5479.0,True,0.847689159139847,-13.490332805389352,3.7783646027646376,r1_basin_level_performance_rebuilt.csv + r1_basin_level_ct.csv
11532500,dPL-MLP,dPL-MLP,CN,XAJ-CN,test,median_across_seeds,True,0.0485353765496996,S1,0.8557083903164089,-15.0,15.0,15,5479.0,True,0.849465811926448,-9.271906059300633,3.7562633107187344,r1_basin_level_performance_rebuilt.csv + r1_basin_level_ct.csv
11532500,dPL-MLP,dPL-MLP,TGD,XAJ-TGD,test,median_across_seeds,True,0.0485353765496996,S1,0.8186502377471931,-15.0,15.0,15,5479.0,True,0.8215722970472777,-12.073168733606154,4.089494216370338,r1_basin_level_performance_rebuilt.csv + r1_basin_level_ct.csv
12010000,IC-CMA-ES,IC-CMA-ES,Base,XAJ-Base,test,selected_restart,True,0.0236362361738051,S1,0.8209394309457468,-1.0,1.0,15,5479.0,True,0.7464047286541169,0.8128250837127344,5.745814476587775,r1_basin_level_performance_rebuilt.csv + r1_basin_level_ct.csv
12010000,IC-CMA-ES,IC-CMA-ES,CN,XAJ-CN,test,selected_restart,True,0.0236362361738051,S1,0.8289771873934584,0.0,0.0,15,5479.0,True,0.7621344929038192,1.131163948209521,5.564764096986236,r1_basin_level_performance_rebuilt.csv + r1_basin_level_ct.csv
12010000,IC-CMA-ES,IC-CMA-ES,TGD,XAJ-TGD,test,selected_restart,True,0.0236362361738051,S1,0.8297383985013461,0.0,0.0,15,5479.0,True,0.7463975688566669,0.6156220632563352,5.745895587282886,r1_basin_level_performance_rebuilt.csv + r1_basin_level_ct.csv
12010000,dPL-MLP,dPL-MLP,Base,XAJ-Base,test,median_across_seeds,True,0.0236362361738051,S1,0.803852645317936,-1.0,1.0,15,5479.0,True,0.7989647476587696,-3.624737448452651,5.1158421201713695,r1_basin_level_performance_rebuilt.csv + r1_basin_level_ct.csv
12010000,dPL-MLP,dPL-MLP,CN,XAJ-CN,test,median_across_seeds,True,0.0236362361738051,S1,0.8055058238765359,0.0,0.0,15,5479.0,True,0.7981787321415801,-1.0196556959643521,5.125833423721408,r1_basin_level_performance_rebuilt.csv + r1_basin_level_ct.csv
12010000,dPL-MLP,dPL-MLP,TGD,XAJ-TGD,test,median_across_seeds,True,0.0236362361738051,S1,0.8157653076328957,0.0,0.0,15,5479.0,True,0.7807627834063492,-2.397263861168399,5.3424216714059085,r1_basin_level_performance_rebuilt.csv + r1_basin_level_ct.csv
12013500,IC-CMA-ES,IC-CMA-ES,Base,XAJ-Base,test,selected_restart,True,0.0174156764185481,S1,0.9253671275161756,-3.0,3.0,15,5479.0,True,0.9000541946004833,-2.071666447250748,2.450835964047095,r1_basin_level_performance_rebuilt.csv + r1_basin_level_ct.csv
12013500,IC-CMA-ES,IC-CMA-ES,CN,XAJ-CN,test,selected_restart,True,0.0174156764185481,S1,0.9240592710140388,-3.0,3.0,15,5479.0,True,0.8972169215702824,-2.0431463626764113,2.485379827638489,r1_basin_level_performance_rebuilt.csv + r1_basin_level_ct.csv
12013500,IC-CMA-ES,IC-CMA-ES,TGD,XAJ-TGD,test,selected_restart,True,0.0174156764185481,S1,0.9283878457139889,-3.0,3.0,15,5479.0,True,0.9034556349121523,-1.9462426570988227,2.4087705013373797,r1_basin_level_performance_rebuilt.csv + r1_basin_level_ct.csv
12013500,dPL-MLP,dPL-MLP,Base,XAJ-Base,test,median_across_seeds,True,0.0174156764185481,S1,0.9026724693393846,-2.0,2.0,15,5479.0,True,0.8964048085849579,-2.302781901510903,2.4951792905260275,r1_basin_level_performance_rebuilt.csv + r1_basin_level_ct.csv
12013500,dPL-MLP,dPL-MLP,CN,XAJ-CN,test,median_across_seeds,True,0.0174156764185481,S1,0.9115155814777361,-2.0,2.0,15,5479.0,True,0.8970931028762811,-0.5717104504075495,2.486876396263188,r1_basin_level_performance_rebuilt.csv + r1_basin_level_ct.csv
12013500,dPL-MLP,dPL-MLP,TGD,XAJ-TGD,test,median_across_seeds,True,0.0174156764185481,S1,0.9208042798895976,-2.0,2.0,15,5479.0,True,0.9008847817965364,-0.5490352219810285,2.4406310342507402,r1_basin_level_performance_rebuilt.csv + r1_basin_level_ct.csv
12020000,IC-CMA-ES,IC-CMA-ES,Base,XAJ-Base,test,selected_restart,True,0.043553396693619,S1,0.6588610515838718,-4.0,4.0,15,5479.0,True,0.590673789655944,2.1359904975843227,7.097501799022429,r1_basin_level_performance_rebuilt.csv + r1_basin_level_ct.csv
12020000,IC-CMA-ES,IC-CMA-ES,CN,XAJ-CN,test,selected_restart,True,0.043553396693619,S1,0.6719696202753118,-3.0,3.0,15,5479.0,True,0.6120212138624965,2.5300987536364277,6.909947121058947,r1_basin_level_performance_rebuilt.csv + r1_basin_level_ct.csv
12020000,IC-CMA-ES,IC-CMA-ES,TGD,XAJ-TGD,test,selected_restart,True,0.043553396693619,S1,0.6597606384564844,-4.0,4.0,15,5479.0,True,0.5911665534094653,3.292569780810338,7.093228379987961,r1_basin_level_performance_rebuilt.csv + r1_basin_level_ct.csv
12020000,dPL-MLP,dPL-MLP,Base,XAJ-Base,test,median_across_seeds,True,0.043553396693619,S1,0.6302030034743656,-2.0,2.0,15,5479.0,True,0.5960156142608708,2.2422385697690617,7.051037489586957,r1_basin_level_performance_rebuilt.csv + r1_basin_level_ct.csv
12020000,dPL-MLP,dPL-MLP,CN,XAJ-CN,test,median_across_seeds,True,0.043553396693619,S1,0.6275924332289755,0.0,0.0,15,5479.0,True,0.599959111618855,4.647344321259474,7.016538708894868,r1_basin_level_performance_rebuilt.csv + r1_basin_level_ct.csv
12020000,dPL-MLP,dPL-MLP,TGD,XAJ-TGD,test,median_across_seeds,True,0.043553396693619,S1,0.6397367965408339,-1.0,1.0,15,5479.0,True,0.5942937633874128,5.44685602784101,7.066047879100469,r1_basin_level_performance_rebuilt.csv + r1_basin_level_ct.csv
12025700,IC-CMA-ES,IC-CMA-ES,Base,XAJ-Base,test,selected_restart,True,0.0905767573548292,S2,0.7309759625758758,-12.0,12.0,15,5479.0,True,0.791085345261934,-14.018485293063133,3.3912731353378436,r1_basin_level_performance_rebuilt.csv + r1_basin_level_ct.csv
12025700,IC-CMA-ES,IC-CMA-ES,CN,XAJ-CN,test,selected_restart,True,0.0905767573548292,S2,0.753777418932106,-5.0,5.0,15,5479.0,True,0.8187177438419132,-13.063513580335336,3.1590461143302804,r1_basin_level_performance_rebuilt.csv + r1_basin_level_ct.csv
12025700,IC-CMA-ES,IC-CMA-ES,TGD,XAJ-TGD,test,selected_restart,True,0.0905767573548292,S2,0.7307758906526497,-11.0,11.0,15,5479.0,True,0.7910015308402122,-13.997468459466248,3.3919533391620043,r1_basin_level_performance_rebuilt.csv + r1_basin_level_ct.csv
12025700,dPL-MLP,dPL-MLP,Base,XAJ-Base,test,median_across_seeds,True,0.0905767573548292,S2,0.6591375610758203,-6.0,6.0,15,5479.0,True,0.7853554760877364,-19.273271499823426,3.437464512624987,r1_basin_level_performance_rebuilt.csv + r1_basin_level_ct.csv
12025700,dPL-MLP,dPL-MLP,CN,XAJ-CN,test,median_across_seeds,True,0.0905767573548292,S2,0.6848921808201329,0.0,0.0,15,5479.0,True,0.7872768178979865,-16.32831987460535,3.4220450869151047,r1_basin_level_performance_rebuilt.csv + r1_basin_level_ct.csv
12025700,dPL-MLP,dPL-MLP,TGD,XAJ-TGD,test,median_across_seeds,True,0.0905767573548292,S2,0.6390855334421053,-5.0,5.0,15,5479.0,True,0.751184663263858,-17.75346935704253,3.7009812933930264,r1_basin_level_performance_rebuilt.csv + r1_basin_level_ct.csv
12035000,IC-CMA-ES,IC-CMA-ES,Base,XAJ-Base,test,selected_restart,True,0.0220218880896681,S1,0.8419949538475313,-5.0,5.0,15,5479.0,True,0.8765598367202381,-11.013506322527737,3.47352883267451,r1_basin_level_performance_rebuilt.csv + r1_basin_level_ct.csv
12035000,IC-CMA-ES,IC-CMA-ES,CN,XAJ-CN,test,selected_restart,True,0.0220218880896681,S1,0.8466711556587535,-5.0,5.0,15,5479.0,True,0.8929134179051335,-10.866393016941242,3.23526748530333,r1_basin_level_performance_rebuilt.csv + r1_basin_level_ct.csv
12035000,IC-CMA-ES,IC-CMA-ES,TGD,XAJ-TGD,test,selected_restart,True,0.0220218880896681,S1,0.84890181148117,-6.0,6.0,15,5479.0,True,0.8904111993670126,-11.012835223917074,3.2728473626105337,r1_basin_level_performance_rebuilt.csv + r1_basin_level_ct.csv
12035000,dPL-MLP,dPL-MLP,Base,XAJ-Base,test,median_across_seeds,True,0.0220218880896681,S1,0.7791391122090231,-4.0,4.0,15,5479.0,True,0.8795690056955612,-14.242059683271652,3.430929549795614,r1_basin_level_performance_rebuilt.csv + r1_basin_level_ct.csv
12035000,dPL-MLP,dPL-MLP,CN,XAJ-CN,test,median_across_seeds,True,0.0220218880896681,S1,0.7948815027030934,-4.0,4.0,15,5479.0,True,0.8928696856963801,-13.402202910224425,3.2359280300149433,r1_basin_level_performance_rebuilt.csv + r1_basin_level_ct.csv
12035000,dPL-MLP,dPL-MLP,TGD,XAJ-TGD,test,median_across_seeds,True,0.0220218880896681,S1,0.7955745631217318,-5.0,5.0,15,5479.0,True,0.8842664302417662,-13.713595046015541,3.3633521319083486,r1_basin_level_performance_rebuilt.csv + r1_basin_level_ct.csv
12040500,IC-CMA-ES,IC-CMA-ES,Base,XAJ-Base,test,selected_restart,True,0.0670917839751389,S2,0.654367547787852,-7.0,7.0,15,5479.0,True,0.7304053764444873,-24.303131463292317,7.322614989561541,r1_basin_level_performance_rebuilt.csv + r1_basin_level_ct.csv
12040500,IC-CMA-ES,IC-CMA-ES,CN,XAJ-CN,test,selected_restart,True,0.0670917839751389,S2,0.6666402124287807,-4.0,4.0,15,5479.0,True,0.7480534230530705,-23.92594897538089,7.07888436212476,r1_basin_level_performance_rebuilt.csv + r1_basin_level_ct.csv
12040500,IC-CMA-ES,IC-CMA-ES,TGD,XAJ-TGD,test,selected_restart,True,0.0670917839751389,S2,0.663582289650842,-5.0,5.0,15,5479.0,True,0.7386977575977524,-23.383849764649185,7.209118348247743,r1_basin_level_performance_rebuilt.csv + r1_basin_level_ct.csv
12040500,dPL-MLP,dPL-MLP,Base,XAJ-Base,test,median_across_seeds,True,0.0670917839751389,S2,0.5953151164698715,-7.0,7.0,15,5479.0,True,0.743288509101083,-27.644588116283824,7.145510163623312,r1_basin_level_performance_rebuilt.csv + r1_basin_level_ct.csv
12040500,dPL-MLP,dPL-MLP,CN,XAJ-CN,test,median_across_seeds,True,0.0670917839751389,S2,0.6351561251825878,-2.0,2.0,15,5479.0,True,0.7444591613093805,-24.99102493242397,7.129199118463465,r1_basin_level_performance_rebuilt.csv + r1_basin_level_ct.csv
12040500,dPL-MLP,dPL-MLP,TGD,XAJ-TGD,test,median_across_seeds,True,0.0670917839751389,S2,0.6074513115718604,-5.0,5.0,15,5479.0,True,0.7386734795623668,-26.7337918948625,7.209453246187214,r1_basin_level_performance_rebuilt.csv + r1_basin_level_ct.csv
12041200,IC-CMA-ES,IC-CMA-ES,Base,XAJ-Base,test,selected_restart,True,0.179574104744132,S3,0.6121187966084741,-14.0,14.0,15,5479.0,True,0.6516535033898692,-28.15086868074708,6.476144873782318,r1_basin_level_performance_rebuilt.csv + r1_basin_level_ct.csv
12041200,IC-CMA-ES,IC-CMA-ES,CN,XAJ-CN,test,selected_restart,True,0.179574104744132,S3,0.6169176685147892,-3.0,3.0,15,5479.0,True,0.6268351213568054,-30.269387899466174,6.7028764302306705,r1_basin_level_performance_rebuilt.csv + r1_basin_level_ct.csv
12041200,IC-CMA-ES,IC-CMA-ES,TGD,XAJ-TGD,test,selected_restart,True,0.179574104744132,S3,0.5997005560911568,-12.0,12.0,15,5479.0,True,0.6475462428250693,-29.530708850947395,6.514212239902882,r1_basin_level_performance_rebuilt.csv + r1_basin_level_ct.csv
12041200,dPL-MLP,dPL-MLP,Base,XAJ-Base,test,median_across_seeds,True,0.179574104744132,S3,0.5235021002586677,-2.0,2.0,15,5479.0,True,0.6070134974635726,-32.41445706538449,6.878593566469461,r1_basin_level_performance_rebuilt.csv + r1_basin_level_ct.csv
12041200,dPL-MLP,dPL-MLP,CN,XAJ-CN,test,median_across_seeds,True,0.179574104744132,S3,0.5592818933640655,7.0,7.0,15,5479.0,True,0.6118035255470651,-31.579192728729772,6.8365441910407325,r1_basin_level_performance_rebuilt.csv + r1_basin_level_ct.csv
12041200,dPL-MLP,dPL-MLP,TGD,XAJ-TGD,test,median_across_seeds,True,0.179574104744132,S3,0.5283007304808434,-2.0,2.0,15,5479.0,True,0.6272630179709031,-31.816001977117093,6.699032337489846,r1_basin_level_performance_rebuilt.csv + r1_basin_level_ct.csv
12048000,IC-CMA-ES,IC-CMA-ES,Base,XAJ-Base,test,selected_restart,True,0.498197653251076,S4,0.29792832968869065,-44.0,44.0,15,5479.0,True,0.10121755970919177,-46.525949926841385,2.054956548702877,r1_basin_level_performance_rebuilt.csv + r1_basin_level_ct.csv
12048000,IC-CMA-ES,IC-CMA-ES,CN,XAJ-CN,test,selected_restart,True,0.498197653251076,S4,0.38721651032723525,2.0,2.0,15,5479.0,True,0.20143245034966561,-46.84673326812574,1.937006968085505,r1_basin_level_performance_rebuilt.csv + r1_basin_level_ct.csv
12048000,IC-CMA-ES,IC-CMA-ES,TGD,XAJ-TGD,test,selected_restart,True,0.498197653251076,S4,0.31994263182342486,-38.0,38.0,15,5479.0,True,0.03754474116460116,-44.11726066723334,2.1265011835364525,r1_basin_level_performance_rebuilt.csv + r1_basin_level_ct.csv
12048000,dPL-MLP,dPL-MLP,Base,XAJ-Base,test,median_across_seeds,True,0.498197653251076,S4,0.2858844411041134,-22.0,22.0,15,5479.0,True,0.16415422109600897,22.100136041708836,1.9817023785258279,r1_basin_level_performance_rebuilt.csv + r1_basin_level_ct.csv
12048000,dPL-MLP,dPL-MLP,CN,XAJ-CN,test,median_across_seeds,True,0.498197653251076,S4,0.45067058911859736,-1.0,1.0,15,5479.0,True,0.40526136932040435,-19.513236412194903,1.671623346967847,r1_basin_level_performance_rebuilt.csv + r1_basin_level_ct.csv
12048000,dPL-MLP,dPL-MLP,TGD,XAJ-TGD,test,median_across_seeds,True,0.498197653251076,S4,0.373605818213949,-30.0,30.0,15,5479.0,True,0.22351934168922882,-19.32247994857736,1.9100321390312556,r1_basin_level_performance_rebuilt.csv + r1_basin_level_ct.csv
12054000,IC-CMA-ES,IC-CMA-ES,Base,XAJ-Base,test,selected_restart,True,0.379149578248129,S4,0.6952910865633766,-19.0,19.0,15,5479.0,True,0.5639674668588306,-19.418829077728333,4.790235780366853,r1_basin_level_performance_rebuilt.csv + r1_basin_level_ct.csv
12054000,IC-CMA-ES,IC-CMA-ES,CN,XAJ-CN,test,selected_restart,True,0.379149578248129,S4,0.6901725368720633,13.0,13.0,15,5479.0,True,0.6766481057113922,-22.124286391823706,4.125106335833451,r1_basin_level_performance_rebuilt.csv + r1_basin_level_ct.csv
12054000,IC-CMA-ES,IC-CMA-ES,TGD,XAJ-TGD,test,selected_restart,True,0.379149578248129,S4,0.6962131532697233,-21.0,21.0,15,5479.0,True,0.54422975682533,-18.454273746905876,4.897454692595206,r1_basin_level_performance_rebuilt.csv + r1_basin_level_ct.csv
12054000,dPL-MLP,dPL-MLP,Base,XAJ-Base,test,median_across_seeds,True,0.379149578248129,S4,0.6650131995126349,-22.0,22.0,15,5479.0,True,0.5331593774136886,-20.24270582483321,4.95657592587995,r1_basin_level_performance_rebuilt.csv + r1_basin_level_ct.csv
12054000,dPL-MLP,dPL-MLP,CN,XAJ-CN,test,median_across_seeds,True,0.379149578248129,S4,0.6489262765698576,12.0,12.0,15,5479.0,True,0.6670369832731072,-22.50519183139692,4.185963549231283,r1_basin_level_performance_rebuilt.csv + r1_basin_level_ct.csv
12054000,dPL-MLP,dPL-MLP,TGD,XAJ-TGD,test,median_across_seeds,True,0.379149578248129,S4,0.6827712275351789,-21.0,21.0,15,5479.0,True,0.5629493317992321,-20.51289561767075,4.795825114799059,r1_basin_level_performance_rebuilt.csv + r1_basin_level_ct.csv
12056500,IC-CMA-ES,IC-CMA-ES,Base,XAJ-Base,test,selected_restart,True,0.338574932035289,S4,0.6071734241068606,-18.0,18.0,15,5479.0,True,0.5501409229485557,-27.94998655775644,7.641958515034065,r1_basin_level_performance_rebuilt.csv + r1_basin_level_ct.csv
12056500,IC-CMA-ES,IC-CMA-ES,CN,XAJ-CN,test,selected_restart,True,0.338574932035289,S4,0.5838810616220638,-2.0,2.0,15,5479.0,True,0.5833653065153144,-30.1361025005082,7.354347508983807,r1_basin_level_performance_rebuilt.csv + r1_basin_level_ct.csv
12056500,IC-CMA-ES,IC-CMA-ES,TGD,XAJ-TGD,test,selected_restart,True,0.338574932035289,S4,0.6058376735530328,-18.0,18.0,15,5479.0,True,0.5482768642827227,-27.837981696658726,7.657774949089258,r1_basin_level_performance_rebuilt.csv + r1_basin_level_ct.csv
12056500,dPL-MLP,dPL-MLP,Base,XAJ-Base,test,median_across_seeds,True,0.338574932035289,S4,0.5498446176165157,-14.0,14.0,15,5479.0,True,0.5476028431155344,-32.527132388368955,7.663485945551976,r1_basin_level_performance_rebuilt.csv + r1_basin_level_ct.csv
12056500,dPL-MLP,dPL-MLP,CN,XAJ-CN,test,median_across_seeds,True,0.338574932035289,S4,0.5457562521069962,7.0,7.0,15,5479.0,True,0.5972846101364981,-31.698804623195123,7.230453627301625,r1_basin_level_performance_rebuilt.csv + r1_basin_level_ct.csv
12056500,dPL-MLP,dPL-MLP,TGD,XAJ-TGD,test,median_across_seeds,True,0.338574932035289,S4,0.5535406205440088,-13.0,13.0,15,5479.0,True,0.5679247507076984,-31.812100995966738,7.48938448026234,r1_basin_level_performance_rebuilt.csv + r1_basin_level_ct.csv
12073500,IC-CMA-ES,IC-CMA-ES,Base,XAJ-Base,test,selected_restart,True,0.0156016658711511,S1,0.79282600697022,-5.0,5.0,15,5479.0,True,0.7688954304586754,13.012370472205939,1.2170492357283946,r1_basin_level_performance_rebuilt.csv + r1_basin_level_ct.csv
12073500,IC-CMA-ES,IC-CMA-ES,CN,XAJ-CN,test,selected_restart,True,0.0156016658711511,S1,0.7727479033759999,-4.0,4.0,15,5479.0,True,0.7526038053858726,11.505610338373648,1.259216451887648,r1_basin_level_performance_rebuilt.csv + r1_basin_level_ct.csv
12073500,IC-CMA-ES,IC-CMA-ES,TGD,XAJ-TGD,test,selected_restart,True,0.0156016658711511,S1,0.7724325986127822,-2.0,2.0,15,5479.0,True,0.7487782448901796,10.41791518597984,1.268914921273081,r1_basin_level_performance_rebuilt.csv + r1_basin_level_ct.csv
12073500,dPL-MLP,dPL-MLP,Base,XAJ-Base,test,median_across_seeds,True,0.0156016658711511,S1,0.6245359042850719,0.0,0.0,15,5479.0,True,0.6635440764061606,21.655255772985317,1.4684797802825718,r1_basin_level_performance_rebuilt.csv + r1_basin_level_ct.csv
12073500,dPL-MLP,dPL-MLP,CN,XAJ-CN,test,median_across_seeds,True,0.0156016658711511,S1,0.6503986009500737,0.0,0.0,15,5479.0,True,0.7026908496239883,24.986565558130813,1.3804097545381604,r1_basin_level_performance_rebuilt.csv + r1_basin_level_ct.csv
12073500,dPL-MLP,dPL-MLP,TGD,XAJ-TGD,test,median_across_seeds,True,0.0156016658711511,S1,0.7282394463958427,1.0,1.0,15,5479.0,True,0.731106253586754,18.870157393233757,1.3127868949066843,r1_basin_level_performance_rebuilt.csv + r1_basin_level_ct.csv
12082500,IC-CMA-ES,IC-CMA-ES,Base,XAJ-Base,test,selected_restart,True,0.39878651405721,S4,0.7330288051758596,-31.0,31.0,15,5479.0,True,0.5531332786850458,-1.5435729847419855,3.498939876770115,r1_basin_level_performance_rebuilt.csv + r1_basin_level_ct.csv
12082500,IC-CMA-ES,IC-CMA-ES,CN,XAJ-CN,test,selected_restart,True,0.39878651405721,S4,0.8458725983213614,-1.0,1.0,15,5479.0,True,0.6989930531024218,-3.5080121976025196,2.8716779440550217,r1_basin_level_performance_rebuilt.csv + r1_basin_level_ct.csv
12082500,IC-CMA-ES,IC-CMA-ES,TGD,XAJ-TGD,test,selected_restart,True,0.39878651405721,S4,0.7558019689499242,-30.0,30.0,15,5479.0,True,0.5658061231654414,-1.8261907164579987,3.4489692354636,r1_basin_level_performance_rebuilt.csv + r1_basin_level_ct.csv
12082500,dPL-MLP,dPL-MLP,Base,XAJ-Base,test,median_across_seeds,True,0.39878651405721,S4,0.7277621693633671,-32.0,32.0,15,5479.0,True,0.5638214749173962,2.993670792480513,3.456842661406158,r1_basin_level_performance_rebuilt.csv + r1_basin_level_ct.csv
12082500,dPL-MLP,dPL-MLP,CN,XAJ-CN,test,median_across_seeds,True,0.39878651405721,S4,0.8430670991638277,0.0,0.0,15,5479.0,True,0.7213632398442469,-0.32890254763201165,2.7629096233852475,r1_basin_level_performance_rebuilt.csv + r1_basin_level_ct.csv
12082500,dPL-MLP,dPL-MLP,TGD,XAJ-TGD,test,median_across_seeds,True,0.39878651405721,S4,0.7519578569505887,-32.0,32.0,15,5479.0,True,0.5757020812895319,1.9765450877410398,3.409438994338094,r1_basin_level_performance_rebuilt.csv + r1_basin_level_ct.csv
12092000,IC-CMA-ES,IC-CMA-ES,Base,XAJ-Base,test,selected_restart,True,0.513670726431351,S5,0.6246675435303086,-35.0,35.0,15,5479.0,True,0.4653842868297582,-8.322016069127992,3.338891539904447,r1_basin_level_performance_rebuilt.csv + r1_basin_level_ct.csv
12092000,IC-CMA-ES,IC-CMA-ES,CN,XAJ-CN,test,selected_restart,True,0.513670726431351,S5,0.7911499326866431,-14.0,14.0,15,5479.0,True,0.6076773799240246,-7.253036203345542,2.8602442853622354,r1_basin_level_performance_rebuilt.csv + r1_basin_level_ct.csv
12092000,IC-CMA-ES,IC-CMA-ES,TGD,XAJ-TGD,test,selected_restart,True,0.513670726431351,S5,0.653305981657845,-42.0,42.0,15,5479.0,True,0.4794336059709875,-8.975683693836631,3.2947276165351385,r1_basin_level_performance_rebuilt.csv + r1_basin_level_ct.csv
12092000,dPL-MLP,dPL-MLP,Base,XAJ-Base,test,median_across_seeds,True,0.513670726431351,S5,0.5958146730199664,-35.0,35.0,15,5479.0,True,0.442792539690654,11.470989013593353,3.408708890685803,r1_basin_level_performance_rebuilt.csv + r1_basin_level_ct.csv
12092000,dPL-MLP,dPL-MLP,CN,XAJ-CN,test,median_across_seeds,True,0.513670726431351,S5,0.7705724455943221,-11.0,11.0,15,5479.0,True,0.6400523084626617,8.26548961953647,2.7396882583430497,r1_basin_level_performance_rebuilt.csv + r1_basin_level_ct.csv
12092000,dPL-MLP,dPL-MLP,TGD,XAJ-TGD,test,median_across_seeds,True,0.513670726431351,S5,0.636369697901275,-35.0,35.0,15,5479.0,True,0.4479683348646788,11.755025282463953,3.392840527650035,r1_basin_level_performance_rebuilt.csv + r1_basin_level_ct.csv
12114500,IC-CMA-ES,IC-CMA-ES,Base,XAJ-Base,test,selected_restart,True,0.40651703888364,S4,0.6803312376908639,-53.0,53.0,15,5479.0,True,0.3351669952075017,3.009687710491897,5.446451109186319,r1_basin_level_performance_rebuilt.csv + r1_basin_level_ct.csv
12114500,IC-CMA-ES,IC-CMA-ES,CN,XAJ-CN,test,selected_restart,True,0.40651703888364,S4,0.8731160411169655,5.0,5.0,15,5479.0,True,0.7864659726990192,0.2618792441920846,3.0866747503931355,r1_basin_level_performance_rebuilt.csv + r1_basin_level_ct.csv
12114500,IC-CMA-ES,IC-CMA-ES,TGD,XAJ-TGD,test,selected_restart,True,0.40651703888364,S4,0.7022445020326691,-49.0,49.0,15,5479.0,True,0.3747289865787353,2.2956153912282593,5.281915776156329,r1_basin_level_performance_rebuilt.csv + r1_basin_level_ct.csv
12114500,dPL-MLP,dPL-MLP,Base,XAJ-Base,test,median_across_seeds,True,0.40651703888364,S4,0.678574324504285,-53.0,53.0,15,5479.0,True,0.3553969071554456,2.3145217134445053,5.362947139401209,r1_basin_level_performance_rebuilt.csv + r1_basin_level_ct.csv
12114500,dPL-MLP,dPL-MLP,CN,XAJ-CN,test,median_across_seeds,True,0.40651703888364,S4,0.8962839057207983,4.0,4.0,15,5479.0,True,0.7920082604274504,0.39252497023373356,3.0463539897609526,r1_basin_level_performance_rebuilt.csv + r1_basin_level_ct.csv
12114500,dPL-MLP,dPL-MLP,TGD,XAJ-TGD,test,median_across_seeds,True,0.40651703888364,S4,0.7125373700852125,-52.0,52.0,15,5479.0,True,0.4024029276963633,1.663770481642994,5.1637065592044324,r1_basin_level_performance_rebuilt.csv + r1_basin_level_ct.csv
12115000,IC-CMA-ES,IC-CMA-ES,Base,XAJ-Base,test,selected_restart,True,0.338944352402744,S4,0.7347896446205648,-46.0,46.0,15,5479.0,True,0.45130116397564923,2.2943132489228204,5.168430734267932,r1_basin_level_performance_rebuilt.csv + r1_basin_level_ct.csv
12115000,IC-CMA-ES,IC-CMA-ES,CN,XAJ-CN,test,selected_restart,True,0.338944352402744,S4,0.8704904491637224,1.0,1.0,15,5479.0,True,0.7715503129312365,-0.2726674964951175,3.3349318592833788,r1_basin_level_performance_rebuilt.csv + r1_basin_level_ct.csv
12115000,IC-CMA-ES,IC-CMA-ES,TGD,XAJ-TGD,test,selected_restart,True,0.338944352402744,S4,0.7536905777178684,-41.0,41.0,15,5479.0,True,0.4918896383002568,1.4453050391948974,4.9735983079601445,r1_basin_level_performance_rebuilt.csv + r1_basin_level_ct.csv
12115000,dPL-MLP,dPL-MLP,Base,XAJ-Base,test,median_across_seeds,True,0.338944352402744,S4,0.7452973505878597,-41.0,41.0,15,5479.0,True,0.5020971700631589,0.10774218969783847,4.923387041630303,r1_basin_level_performance_rebuilt.csv + r1_basin_level_ct.csv
12115000,dPL-MLP,dPL-MLP,CN,XAJ-CN,test,median_across_seeds,True,0.338944352402744,S4,0.8911355238360805,1.0,1.0,15,5479.0,True,0.7947572937691296,-1.9868508550039978,3.161007651719342,r1_basin_level_performance_rebuilt.csv + r1_basin_level_ct.csv
12115000,dPL-MLP,dPL-MLP,TGD,XAJ-TGD,test,median_across_seeds,True,0.338944352402744,S4,0.7786904837911821,-37.0,37.0,15,5479.0,True,0.5511609563165976,0.9306471243545642,4.674519707660786,r1_basin_level_performance_rebuilt.csv + r1_basin_level_ct.csv
12117000,IC-CMA-ES,IC-CMA-ES,Base,XAJ-Base,test,selected_restart,True,0.12519943348901,S2,0.9008068239621736,-8.0,8.0,15,5479.0,True,0.8136675434194292,-3.2541479839082355,2.143072906114791,r1_basin_level_performance_rebuilt.csv + r1_basin_level_ct.csv
12117000,IC-CMA-ES,IC-CMA-ES,CN,XAJ-CN,test,selected_restart,True,0.12519943348901,S2,0.917141008884694,-4.0,4.0,15,5479.0,True,0.8502187982194129,-3.2756443431631626,1.921415750023761,r1_basin_level_performance_rebuilt.csv + r1_basin_level_ct.csv
12117000,IC-CMA-ES,IC-CMA-ES,TGD,XAJ-TGD,test,selected_restart,True,0.12519943348901,S2,0.9057104268580641,-7.0,7.0,15,5479.0,True,0.8223799439512581,-3.397006975775824,2.0923710007595986,r1_basin_level_performance_rebuilt.csv + r1_basin_level_ct.csv
12117000,dPL-MLP,dPL-MLP,Base,XAJ-Base,test,median_across_seeds,True,0.12519943348901,S2,0.8987917477949512,-10.0,10.0,15,5479.0,True,0.8260641618926724,-3.3592336257690802,2.070557178171851,r1_basin_level_performance_rebuilt.csv + r1_basin_level_ct.csv
12117000,dPL-MLP,dPL-MLP,CN,XAJ-CN,test,median_across_seeds,True,0.12519943348901,S2,0.9082726881831198,-4.0,4.0,15,5479.0,True,0.8439112040996095,-4.547315784553501,1.961455935673633,r1_basin_level_performance_rebuilt.csv + r1_basin_level_ct.csv
12117000,dPL-MLP,dPL-MLP,TGD,XAJ-TGD,test,median_across_seeds,True,0.12519943348901,S2,0.8941321844996373,-7.0,7.0,15,5479.0,True,0.8159936979369414,-4.630129655211024,2.1296539475619536,r1_basin_level_performance_rebuilt.csv + r1_basin_level_ct.csv
12143600,IC-CMA-ES,IC-CMA-ES,Base,XAJ-Base,test,selected_restart,True,0.311622046373118,S4,0.7281239963427015,-43.0,43.0,15,5479.0,True,0.5248183446911896,-0.7987605690781465,5.699649853160609,r1_basin_level_performance_rebuilt.csv + r1_basin_level_ct.csv
12143600,IC-CMA-ES,IC-CMA-ES,CN,XAJ-CN,test,selected_restart,True,0.311622046373118,S4,0.868720313733308,-1.0,1.0,15,5479.0,True,0.7787408364810952,-2.6281185936901355,3.889277906065476,r1_basin_level_performance_rebuilt.csv + r1_basin_level_ct.csv
12143600,IC-CMA-ES,IC-CMA-ES,TGD,XAJ-TGD,test,selected_restart,True,0.311622046373118,S4,0.7734455262699607,-38.0,38.0,15,5479.0,True,0.5922988541389334,-2.0504650649105645,5.279457637604486,r1_basin_level_performance_rebuilt.csv + r1_basin_level_ct.csv
12143600,dPL-MLP,dPL-MLP,Base,XAJ-Base,test,median_across_seeds,True,0.311622046373118,S4,0.7231935026009233,-43.0,43.0,15,5479.0,True,0.5328310741795956,-0.21096750000154024,5.651390499581059,r1_basin_level_performance_rebuilt.csv + r1_basin_level_ct.csv
12143600,dPL-MLP,dPL-MLP,CN,XAJ-CN,test,median_across_seeds,True,0.311622046373118,S4,0.8497237349461311,1.0,1.0,15,5479.0,True,0.7870962188206215,-2.4013024863710637,3.8151360583638017,r1_basin_level_performance_rebuilt.csv + r1_basin_level_ct.csv
12143600,dPL-MLP,dPL-MLP,TGD,XAJ-TGD,test,median_across_seeds,True,0.311622046373118,S4,0.7662195973872098,-40.0,40.0,15,5479.0,True,0.5862157991214397,-1.4254683605074991,5.318697561483356,r1_basin_level_performance_rebuilt.csv + r1_basin_level_ct.csv
12144000,IC-CMA-ES,IC-CMA-ES,Base,XAJ-Base,test,selected_restart,True,0.220551545924003,S3,0.7815887238209246,-36.0,36.0,15,5479.0,True,0.6076541927830448,-2.5251292365954794,4.1762913051043915,r1_basin_level_performance_rebuilt.csv + r1_basin_level_ct.csv
12144000,IC-CMA-ES,IC-CMA-ES,CN,XAJ-CN,test,selected_restart,True,0.220551545924003,S3,0.8865750082077298,-9.0,9.0,15,5479.0,True,0.816649817888832,-3.8115879547750295,2.854939759557917,r1_basin_level_performance_rebuilt.csv + r1_basin_level_ct.csv
12144000,IC-CMA-ES,IC-CMA-ES,TGD,XAJ-TGD,test,selected_restart,True,0.220551545924003,S3,0.8140967739957142,-28.0,28.0,15,5479.0,True,0.6522951782391335,-3.5830671945442463,3.931530350627616,r1_basin_level_performance_rebuilt.csv + r1_basin_level_ct.csv
12144000,dPL-MLP,dPL-MLP,Base,XAJ-Base,test,median_across_seeds,True,0.220551545924003,S3,0.7656909113878245,-38.0,38.0,15,5479.0,True,0.60503424738502,-5.479864004241945,4.190211996495394,r1_basin_level_performance_rebuilt.csv + r1_basin_level_ct.csv
12144000,dPL-MLP,dPL-MLP,CN,XAJ-CN,test,median_across_seeds,True,0.220551545924003,S3,0.8537622167332484,-12.0,12.0,15,5479.0,True,0.8177729050008554,-6.350816532900708,2.84618255212131,r1_basin_level_performance_rebuilt.csv + r1_basin_level_ct.csv
12144000,dPL-MLP,dPL-MLP,TGD,XAJ-TGD,test,median_across_seeds,True,0.220551545924003,S3,0.7996931956177913,-34.0,34.0,15,5479.0,True,0.6414079706722505,-6.669730789924914,3.9926072590862933,r1_basin_level_performance_rebuilt.csv + r1_basin_level_ct.csv
12145500,IC-CMA-ES,IC-CMA-ES,Base,XAJ-Base,test,selected_restart,True,0.0448546378807159,S1,0.9435064058325984,-5.0,5.0,15,5479.0,True,0.8896588296604779,0.6016017491926308,1.957956399892012,r1_basin_level_performance_rebuilt.csv + r1_basin_level_ct.csv
12145500,IC-CMA-ES,IC-CMA-ES,CN,XAJ-CN,test,selected_restart,True,0.0448546378807159,S1,0.9388899824680892,-4.0,4.0,15,5479.0,True,0.8894542882906346,0.5960508731794718,1.9597703087851388,r1_basin_level_performance_rebuilt.csv + r1_basin_level_ct.csv
12145500,IC-CMA-ES,IC-CMA-ES,TGD,XAJ-TGD,test,selected_restart,True,0.0448546378807159,S1,0.9459514301168731,-5.0,5.0,15,5479.0,True,0.8958269804704438,0.7712421679372344,1.902443860470869,r1_basin_level_performance_rebuilt.csv + r1_basin_level_ct.csv
12145500,dPL-MLP,dPL-MLP,Base,XAJ-Base,test,median_across_seeds,True,0.0448546378807159,S1,0.919981850248868,-3.0,3.0,15,5479.0,True,0.9029786501597068,-2.084268136042844,1.8359797208042106,r1_basin_level_performance_rebuilt.csv + r1_basin_level_ct.csv
12145500,dPL-MLP,dPL-MLP,CN,XAJ-CN,test,median_across_seeds,True,0.0448546378807159,S1,0.9312494704095766,-1.0,1.0,15,5479.0,True,0.9062144159292299,-2.0035675455151774,1.8051041610743646,r1_basin_level_performance_rebuilt.csv + r1_basin_level_ct.csv
12145500,dPL-MLP,dPL-MLP,TGD,XAJ-TGD,test,median_across_seeds,True,0.0448546378807159,S1,0.9150353761132247,-2.0,2.0,15,5479.0,True,0.9036701625576284,-1.325267445223706,1.8294251166420825,r1_basin_level_performance_rebuilt.csv + r1_basin_level_ct.csv
12147500,IC-CMA-ES,IC-CMA-ES,Base,XAJ-Base,test,selected_restart,True,0.159041201436992,S3,0.6703970426016104,-21.0,21.0,15,5479.0,True,0.4131355427827623,-2.4133286262942466,6.917083409013069,r1_basin_level_performance_rebuilt.csv + r1_basin_level_ct.csv
12147500,IC-CMA-ES,IC-CMA-ES,CN,XAJ-CN,test,selected_restart,True,0.159041201436992,S3,0.6973530995222492,-14.0,14.0,15,5479.0,True,0.5280619961025236,-2.5718034510923564,6.202925775258816,r1_basin_level_performance_rebuilt.csv + r1_basin_level_ct.csv
12147500,IC-CMA-ES,IC-CMA-ES,TGD,XAJ-TGD,test,selected_restart,True,0.159041201436992,S3,0.6684482684440256,-20.0,20.0,15,5479.0,True,0.4465727008678153,-2.5217435308869534,6.71713996383696,r1_basin_level_performance_rebuilt.csv + r1_basin_level_ct.csv
12147500,dPL-MLP,dPL-MLP,Base,XAJ-Base,test,median_across_seeds,True,0.159041201436992,S3,0.6812399466822651,-29.0,29.0,15,5479.0,True,0.44677454366378366,-8.02154789295765,6.715914933958293,r1_basin_level_performance_rebuilt.csv + r1_basin_level_ct.csv
12147500,dPL-MLP,dPL-MLP,CN,XAJ-CN,test,median_across_seeds,True,0.159041201436992,S3,0.6974113757621236,-5.0,5.0,15,5479.0,True,0.5235878855323477,-4.257886100118748,6.232259193908828,r1_basin_level_performance_rebuilt.csv + r1_basin_level_ct.csv
12147500,dPL-MLP,dPL-MLP,TGD,XAJ-TGD,test,median_across_seeds,True,0.159041201436992,S3,0.7355168629390703,-28.0,28.0,15,5479.0,True,0.5490117147972875,-7.31445349912878,6.063686493224795,r1_basin_level_performance_rebuilt.csv + r1_basin_level_ct.csv
12167000,IC-CMA-ES,IC-CMA-ES,Base,XAJ-Base,test,selected_restart,True,0.131187744738816,S2,0.7686921672135584,-26.0,26.0,15,5479.0,True,0.5383745267325375,-6.162252238717848,5.630230885556933,r1_basin_level_performance_rebuilt.csv + r1_basin_level_ct.csv
12167000,IC-CMA-ES,IC-CMA-ES,CN,XAJ-CN,test,selected_restart,True,0.131187744738816,S2,0.8017121895885855,-21.0,21.0,15,5479.0,True,0.6157859524547638,-6.334407403219024,5.136507677501744,r1_basin_level_performance_rebuilt.csv + r1_basin_level_ct.csv
12167000,IC-CMA-ES,IC-CMA-ES,TGD,XAJ-TGD,test,selected_restart,True,0.131187744738816,S2,0.7646692295448546,-26.0,26.0,15,5479.0,True,0.5317839308472634,-6.353997927232636,5.67027966287057,r1_basin_level_performance_rebuilt.csv + r1_basin_level_ct.csv
12167000,dPL-MLP,dPL-MLP,Base,XAJ-Base,test,median_across_seeds,True,0.131187744738816,S2,0.7720145674104242,-25.0,25.0,15,5479.0,True,0.6106495777636751,-12.792983454567905,5.17072745314156,r1_basin_level_performance_rebuilt.csv + r1_basin_level_ct.csv
12167000,dPL-MLP,dPL-MLP,CN,XAJ-CN,test,median_across_seeds,True,0.131187744738816,S2,0.8081537325986237,-8.0,8.0,15,5479.0,True,0.6489897706552755,-8.431791832710264,4.909544586277672,r1_basin_level_performance_rebuilt.csv + r1_basin_level_ct.csv
12167000,dPL-MLP,dPL-MLP,TGD,XAJ-TGD,test,median_across_seeds,True,0.131187744738816,S2,0.7441895757684718,-26.0,26.0,15,5479.0,True,0.5925508089615572,-11.655682650194548,5.289541780376176,r1_basin_level_performance_rebuilt.csv + r1_basin_level_ct.csv
12175500,IC-CMA-ES,IC-CMA-ES,Base,XAJ-Base,test,selected_restart,True,0.690360443229126,S5,0.2720032447073826,-100.0,100.0,15,5479.0,True,-0.29105703924867155,-14.283014364063636,6.016208515419454,r1_basin_level_performance_rebuilt.csv + r1_basin_level_ct.csv
12175500,IC-CMA-ES,IC-CMA-ES,CN,XAJ-CN,test,selected_restart,True,0.690360443229126,S5,0.7771588549150465,-7.0,7.0,15,5479.0,True,0.6737886320010471,-15.937186534690909,3.0241248076128158,r1_basin_level_performance_rebuilt.csv + r1_basin_level_ct.csv
12175500,IC-CMA-ES,IC-CMA-ES,TGD,XAJ-TGD,test,selected_restart,True,0.690360443229126,S5,0.15143861532875968,-48.0,48.0,15,5479.0,True,-0.3234730006585329,-16.56665084680036,6.091268004052871,r1_basin_level_performance_rebuilt.csv + r1_basin_level_ct.csv
12175500,dPL-MLP,dPL-MLP,Base,XAJ-Base,test,median_across_seeds,True,0.690360443229126,S5,0.2460349050542936,-108.0,108.0,15,5479.0,True,-0.4852677071149125,-16.8187733211358,6.452864332006186,r1_basin_level_performance_rebuilt.csv + r1_basin_level_ct.csv
12175500,dPL-MLP,dPL-MLP,CN,XAJ-CN,test,median_across_seeds,True,0.690360443229126,S5,0.7626441662250022,-7.0,7.0,15,5479.0,True,0.6447805995657071,-17.802814428376376,3.155720299721984,r1_basin_level_performance_rebuilt.csv + r1_basin_level_ct.csv
12175500,dPL-MLP,dPL-MLP,TGD,XAJ-TGD,test,median_across_seeds,True,0.690360443229126,S5,0.15412984720284761,-46.0,46.0,15,5479.0,True,-0.1968145926755045,-17.06617899086016,5.792467463218316,r1_basin_level_performance_rebuilt.csv + r1_basin_level_ct.csv
12178100,IC-CMA-ES,IC-CMA-ES,Base,XAJ-Base,test,selected_restart,True,0.52956688772688,S5,0.5601636005889086,-65.0,65.0,15,5479.0,True,0.18461335961758085,-8.618104394591908,5.677285058535977,r1_basin_level_performance_rebuilt.csv + r1_basin_level_ct.csv
12178100,IC-CMA-ES,IC-CMA-ES,CN,XAJ-CN,test,selected_restart,True,0.52956688772688,S5,0.8016012757682419,3.0,3.0,15,5479.0,True,0.6568171841951735,-11.256449137411181,3.683169212755005,r1_basin_level_performance_rebuilt.csv + r1_basin_level_ct.csv
12178100,IC-CMA-ES,IC-CMA-ES,TGD,XAJ-TGD,test,selected_restart,True,0.52956688772688,S5,0.5900964057318112,-61.0,61.0,15,5479.0,True,0.2536315775641247,-8.927683526828819,5.431696976547361,r1_basin_level_performance_rebuilt.csv + r1_basin_level_ct.csv
12178100,dPL-MLP,dPL-MLP,Base,XAJ-Base,test,median_across_seeds,True,0.52956688772688,S5,0.5325915647488761,-70.0,70.0,15,5479.0,True,0.11771764738903512,-14.115373723194427,5.9055819624493155,r1_basin_level_performance_rebuilt.csv + r1_basin_level_ct.csv
12178100,dPL-MLP,dPL-MLP,CN,XAJ-CN,test,median_across_seeds,True,0.52956688772688,S5,0.7931570409541019,7.0,7.0,15,5479.0,True,0.6634451701279239,-13.375365534111031,3.6474287652945607,r1_basin_level_performance_rebuilt.csv + r1_basin_level_ct.csv
12178100,dPL-MLP,dPL-MLP,TGD,XAJ-TGD,test,median_across_seeds,True,0.52956688772688,S5,0.5683078308788858,-72.0,72.0,15,5479.0,True,0.13803752537784264,-12.454408838786893,5.837179986232436,r1_basin_level_performance_rebuilt.csv + r1_basin_level_ct.csv
12186000,IC-CMA-ES,IC-CMA-ES,Base,XAJ-Base,test,selected_restart,True,0.435652191884185,S4,0.5343517700728648,-66.0,66.0,15,5479.0,True,0.2219132371604855,-8.79687755082656,6.799644409890549,r1_basin_level_performance_rebuilt.csv + r1_basin_level_ct.csv
12186000,IC-CMA-ES,IC-CMA-ES,CN,XAJ-CN,test,selected_restart,True,0.435652191884185,S4,0.7152079493235104,1.0,1.0,15,5479.0,True,0.5342094987052728,-11.084218140906087,5.26099031316293,r1_basin_level_performance_rebuilt.csv + r1_basin_level_ct.csv
12186000,IC-CMA-ES,IC-CMA-ES,TGD,XAJ-TGD,test,selected_restart,True,0.435652191884185,S4,0.5659177018948496,-58.0,58.0,15,5479.0,True,0.2826395340182397,-7.919614542922901,6.528913392725851,r1_basin_level_performance_rebuilt.csv + r1_basin_level_ct.csv
12186000,dPL-MLP,dPL-MLP,Base,XAJ-Base,test,median_across_seeds,True,0.435652191884185,S4,0.5247908021392005,-64.0,64.0,15,5479.0,True,0.22723759336269522,-13.140379621421431,6.776339890459647,r1_basin_level_performance_rebuilt.csv + r1_basin_level_ct.csv
12186000,dPL-MLP,dPL-MLP,CN,XAJ-CN,test,median_across_seeds,True,0.435652191884185,S4,0.7006911053281955,3.0,3.0,15,5479.0,True,0.5612413004191155,-11.768437093110961,5.106049944667414,r1_basin_level_performance_rebuilt.csv + r1_basin_level_ct.csv
12186000,dPL-MLP,dPL-MLP,TGD,XAJ-TGD,test,median_across_seeds,True,0.435652191884185,S4,0.5572056375369614,-61.0,61.0,15,5479.0,True,0.27955819720979136,-11.47084176448248,6.54292045402668,r1_basin_level_performance_rebuilt.csv + r1_basin_level_ct.csv
12189500,IC-CMA-ES,IC-CMA-ES,Base,XAJ-Base,test,selected_restart,True,0.457875714546575,S4,0.6419219639906153,-43.0,43.0,15,5479.0,True,0.33126351272508137,-3.9609839258977635,4.2686238533848835,r1_basin_level_performance_rebuilt.csv + r1_basin_level_ct.csv
12189500,IC-CMA-ES,IC-CMA-ES,CN,XAJ-CN,test,selected_restart,True,0.457875714546575,S4,0.8054779778735723,7.0,7.0,15,5479.0,True,0.6243062919673952,-6.694592452100028,3.1994648109698405,r1_basin_level_performance_rebuilt.csv + r1_basin_level_ct.csv
12189500,IC-CMA-ES,IC-CMA-ES,TGD,XAJ-TGD,test,selected_restart,True,0.457875714546575,S4,0.6509222035282061,-44.0,44.0,15,5479.0,True,0.34881209042959216,-4.462151713467872,4.212244204011384,r1_basin_level_performance_rebuilt.csv + r1_basin_level_ct.csv
12189500,dPL-MLP,dPL-MLP,Base,XAJ-Base,test,median_across_seeds,True,0.457875714546575,S4,0.6309110971897699,-47.0,47.0,15,5479.0,True,0.2968545020327076,-9.728262644238894,4.377064812001925,r1_basin_level_performance_rebuilt.csv + r1_basin_level_ct.csv
12189500,dPL-MLP,dPL-MLP,CN,XAJ-CN,test,median_across_seeds,True,0.457875714546575,S4,0.7921189953745887,5.0,5.0,15,5479.0,True,0.6199733081848291,-9.186366537375076,3.217862092513541,r1_basin_level_performance_rebuilt.csv + r1_basin_level_ct.csv
12189500,dPL-MLP,dPL-MLP,TGD,XAJ-TGD,test,median_across_seeds,True,0.457875714546575,S4,0.6597557502249614,-46.0,46.0,15,5479.0,True,0.3492559770406567,-8.118250601764736,4.210808306999732,r1_basin_level_performance_rebuilt.csv + r1_basin_level_ct.csv
12375900,IC-CMA-ES,IC-CMA-ES,Base,XAJ-Base,test,selected_restart,True,0.606515526539202,S5,0.0982969117037582,-82.0,82.0,15,5479.0,True,-0.8321699120645594,5.913215830392472,4.146968952383871,r1_basin_level_performance_rebuilt.csv + r1_basin_level_ct.csv
12375900,IC-CMA-ES,IC-CMA-ES,CN,XAJ-CN,test,selected_restart,True,0.606515526539202,S5,0.85299464581125,-3.0,3.0,15,5479.0,True,0.7700321459522853,8.096456112511119,1.4692018845929786,r1_basin_level_performance_rebuilt.csv + r1_basin_level_ct.csv
12375900,IC-CMA-ES,IC-CMA-ES,TGD,XAJ-TGD,test,selected_restart,True,0.606515526539202,S5,0.5718419725084105,-28.0,28.0,15,5479.0,True,0.3277194115272448,7.447782053370792,2.512020598211895,r1_basin_level_performance_rebuilt.csv + r1_basin_level_ct.csv
12375900,dPL-MLP,dPL-MLP,Base,XAJ-Base,test,median_across_seeds,True,0.606515526539202,S5,0.08301497650066192,-61.0,61.0,15,5479.0,True,-0.1822715251946727,-2.09436574731062,3.331244622893896,r1_basin_level_performance_rebuilt.csv + r1_basin_level_ct.csv
12375900,dPL-MLP,dPL-MLP,CN,XAJ-CN,test,median_across_seeds,True,0.606515526539202,S5,0.8667490315358367,-6.0,6.0,15,5479.0,True,0.781131610415783,5.777437901625749,1.433307692340068,r1_basin_level_performance_rebuilt.csv + r1_basin_level_ct.csv
12375900,dPL-MLP,dPL-MLP,TGD,XAJ-TGD,test,median_across_seeds,True,0.606515526539202,S5,0.5661436695280816,-25.0,25.0,15,5479.0,True,0.4482930003952983,3.3910044264188923,2.275632656227476,r1_basin_level_performance_rebuilt.csv + r1_basin_level_ct.csv
12377150,IC-CMA-ES,IC-CMA-ES,Base,XAJ-Base,test,selected_restart,True,0.719886653780668,S5,-0.05523064125735533,-119.0,119.0,15,5479.0,True,-1.0368683372954783,-7.097830379768139,6.910661857037939,r1_basin_level_performance_rebuilt.csv + r1_basin_level_ct.csv
12377150,IC-CMA-ES,IC-CMA-ES,CN,XAJ-CN,test,selected_restart,True,0.719886653780668,S5,0.8693781661387111,-5.0,5.0,15,5479.0,True,0.8002300724406651,-5.078003642075688,2.164229042341403,r1_basin_level_performance_rebuilt.csv + r1_basin_level_ct.csv
12377150,IC-CMA-ES,IC-CMA-ES,TGD,XAJ-TGD,test,selected_restart,True,0.719886653780668,S5,0.3769538773752723,-36.0,36.0,15,5479.0,True,0.19630294514134028,-13.295606665518369,4.3409456964466,r1_basin_level_performance_rebuilt.csv + r1_basin_level_ct.csv
12377150,dPL-MLP,dPL-MLP,Base,XAJ-Base,test,median_across_seeds,True,0.719886653780668,S5,-0.08357497487484844,-110.0,110.0,15,5479.0,True,-0.7085275400435636,-16.77251969297781,6.329204911331993,r1_basin_level_performance_rebuilt.csv + r1_basin_level_ct.csv
12377150,dPL-MLP,dPL-MLP,CN,XAJ-CN,test,median_across_seeds,True,0.719886653780668,S5,0.8017992236988274,-6.0,6.0,15,5479.0,True,0.813508421928945,-12.218668754317196,2.091066173048376,r1_basin_level_performance_rebuilt.csv + r1_basin_level_ct.csv
12377150,dPL-MLP,dPL-MLP,TGD,XAJ-TGD,test,median_across_seeds,True,0.719886653780668,S5,0.37460085088216977,-32.0,32.0,15,5479.0,True,0.2954451107184698,-15.83788968499925,4.06439193678537,r1_basin_level_performance_rebuilt.csv + r1_basin_level_ct.csv
12381400,IC-CMA-ES,IC-CMA-ES,Base,XAJ-Base,test,selected_restart,True,0.594005153419735,S5,0.06619322367407332,-54.0,54.0,15,5479.0,True,-0.16180542074043536,5.3513894275438565,1.6486194540541441,r1_basin_level_performance_rebuilt.csv + r1_basin_level_ct.csv
12381400,IC-CMA-ES,IC-CMA-ES,CN,XAJ-CN,test,selected_restart,True,0.594005153419735,S5,0.7930282607285511,-6.0,6.0,15,5479.0,True,0.8530543053738737,-11.098252495809783,0.586316551256392,r1_basin_level_performance_rebuilt.csv + r1_basin_level_ct.csv
12381400,IC-CMA-ES,IC-CMA-ES,TGD,XAJ-TGD,test,selected_restart,True,0.594005153419735,S5,0.6984766466593635,-14.0,14.0,15,5479.0,True,0.479763267650294,0.8359839523707087,1.1031999351842403,r1_basin_level_performance_rebuilt.csv + r1_basin_level_ct.csv
12381400,dPL-MLP,dPL-MLP,Base,XAJ-Base,test,median_across_seeds,True,0.594005153419735,S5,0.06540101962519063,-53.0,53.0,15,5479.0,True,-0.23403265978151389,0.5799311162343866,1.6990925982992338,r1_basin_level_performance_rebuilt.csv + r1_basin_level_ct.csv
12381400,dPL-MLP,dPL-MLP,CN,XAJ-CN,test,median_across_seeds,True,0.594005153419735,S5,0.7487229482096838,-13.0,13.0,15,5479.0,True,0.8012993625145306,7.492547241014678,0.6817942767841897,r1_basin_level_performance_rebuilt.csv + r1_basin_level_ct.csv
12381400,dPL-MLP,dPL-MLP,TGD,XAJ-TGD,test,median_across_seeds,True,0.594005153419735,S5,0.6693737740293304,-15.0,15.0,15,5479.0,True,0.5288481442358222,0.9858411695561612,1.0498667320077706,r1_basin_level_performance_rebuilt.csv + r1_basin_level_ct.csv
12383500,IC-CMA-ES,IC-CMA-ES,Base,XAJ-Base,test,selected_restart,True,0.612621722100952,S5,0.016916340658024387,-60.0,60.0,15,5479.0,True,-0.12568660329882375,-1.3246855339809316,1.3567848733469958,r1_basin_level_performance_rebuilt.csv + r1_basin_level_ct.csv
12383500,IC-CMA-ES,IC-CMA-ES,CN,XAJ-CN,test,selected_restart,True,0.612621722100952,S5,0.7913630537394765,-6.0,6.0,15,5479.0,True,0.7139880357947943,-5.604187448021483,0.6839027412525576,r1_basin_level_performance_rebuilt.csv + r1_basin_level_ct.csv
12383500,IC-CMA-ES,IC-CMA-ES,TGD,XAJ-TGD,test,selected_restart,True,0.612621722100952,S5,0.6167586167002269,-17.0,17.0,15,5479.0,True,0.4387590266496677,-2.7239944248749253,0.9580251908263012,r1_basin_level_performance_rebuilt.csv + r1_basin_level_ct.csv
12383500,dPL-MLP,dPL-MLP,Base,XAJ-Base,test,median_across_seeds,True,0.612621722100952,S5,0.030585357811214853,-60.0,60.0,15,5479.0,True,-0.25870753081216313,-3.0861324422353253,1.4347117645674663,r1_basin_level_performance_rebuilt.csv + r1_basin_level_ct.csv
12383500,dPL-MLP,dPL-MLP,CN,XAJ-CN,test,median_across_seeds,True,0.612621722100952,S5,0.5593887802196493,-20.0,20.0,15,5479.0,True,0.616207392325548,27.935136352195293,0.7922286551944087,r1_basin_level_performance_rebuilt.csv + r1_basin_level_ct.csv
12383500,dPL-MLP,dPL-MLP,TGD,XAJ-TGD,test,median_across_seeds,True,0.612621722100952,S5,0.5379654379620022,-20.0,20.0,15,5479.0,True,0.43260322289107067,0.10923529996415825,0.9632647692084638,r1_basin_level_performance_rebuilt.csv + r1_basin_level_ct.csv
12390700,IC-CMA-ES,IC-CMA-ES,Base,XAJ-Base,test,selected_restart,True,0.519487009712609,S5,0.3247430541683425,-39.0,39.0,15,5479.0,True,0.09023463801366838,-13.435429717743785,1.4764720563267886,r1_basin_level_performance_rebuilt.csv + r1_basin_level_ct.csv
12390700,IC-CMA-ES,IC-CMA-ES,CN,XAJ-CN,test,selected_restart,True,0.519487009712609,S5,0.7851224621318942,1.0,1.0,15,5479.0,True,0.7855551942174961,-13.632135306424333,0.7168335092908008,r1_basin_level_performance_rebuilt.csv + r1_basin_level_ct.csv
12390700,IC-CMA-ES,IC-CMA-ES,TGD,XAJ-TGD,test,selected_restart,True,0.519487009712609,S5,0.6917014773591248,-2.0,2.0,15,5479.0,True,0.5985108189843181,-12.638817695323912,0.9808383915838942,r1_basin_level_performance_rebuilt.csv + r1_basin_level_ct.csv
12390700,dPL-MLP,dPL-MLP,Base,XAJ-Base,test,median_across_seeds,True,0.519487009712609,S5,0.35525307591862687,-43.0,43.0,15,5479.0,True,-0.004460208567226731,-5.012989082212299,1.5514111256467893,r1_basin_level_performance_rebuilt.csv + r1_basin_level_ct.csv
12390700,dPL-MLP,dPL-MLP,CN,XAJ-CN,test,median_across_seeds,True,0.519487009712609,S5,0.7922963120215318,-1.0,1.0,15,5479.0,True,0.77624302579697,-4.239695845238869,0.7322322004489462,r1_basin_level_performance_rebuilt.csv + r1_basin_level_ct.csv
12390700,dPL-MLP,dPL-MLP,TGD,XAJ-TGD,test,median_across_seeds,True,0.519487009712609,S5,0.7097109274537092,-3.0,3.0,15,5479.0,True,0.6089292429711235,-7.943524331363759,0.9680286347406155,r1_basin_level_performance_rebuilt.csv + r1_basin_level_ct.csv
12411000,IC-CMA-ES,IC-CMA-ES,Base,XAJ-Base,test,selected_restart,True,0.464485512558355,S4,0.31002268647713804,-46.0,46.0,15,5479.0,True,0.05614891739912875,-3.867605239469505,2.834748136316409,r1_basin_level_performance_rebuilt.csv + r1_basin_level_ct.csv
12411000,IC-CMA-ES,IC-CMA-ES,CN,XAJ-CN,test,selected_restart,True,0.464485512558355,S4,0.796683081010212,-4.0,4.0,15,5479.0,True,0.7483366493725778,-6.284754450942769,1.463769610689514,r1_basin_level_performance_rebuilt.csv + r1_basin_level_ct.csv
12411000,IC-CMA-ES,IC-CMA-ES,TGD,XAJ-TGD,test,selected_restart,True,0.464485512558355,S4,0.6593920214489324,-7.0,7.0,15,5479.0,True,0.5182938974302133,-5.531772536589076,2.0251342253901985,r1_basin_level_performance_rebuilt.csv + r1_basin_level_ct.csv
12411000,dPL-MLP,dPL-MLP,Base,XAJ-Base,test,median_across_seeds,True,0.464485512558355,S4,0.2925258511090082,-46.0,46.0,15,5479.0,True,0.011719742971232572,-4.951996992668637,2.900699893789454,r1_basin_level_performance_rebuilt.csv + r1_basin_level_ct.csv
12411000,dPL-MLP,dPL-MLP,CN,XAJ-CN,test,median_across_seeds,True,0.464485512558355,S4,0.7879817203348456,-2.0,2.0,15,5479.0,True,0.7312332100605264,-0.4256984092438222,1.5126921091328007,r1_basin_level_performance_rebuilt.csv + r1_basin_level_ct.csv
12411000,dPL-MLP,dPL-MLP,TGD,XAJ-TGD,test,median_across_seeds,True,0.464485512558355,S4,0.6584793317915056,-3.0,3.0,15,5479.0,True,0.5308212982935747,-5.156345629972156,1.9986276155578435,r1_basin_level_performance_rebuilt.csv + r1_basin_level_ct.csv
12447390,IC-CMA-ES,IC-CMA-ES,Base,XAJ-Base,test,selected_restart,True,0.777311497508566,S5,-0.08143787077881193,-106.0,106.0,15,5479.0,True,-0.7579907787203441,-20.37701628121505,3.366575351986221,r1_basin_level_performance_rebuilt.csv + r1_basin_level_ct.csv
12447390,IC-CMA-ES,IC-CMA-ES,CN,XAJ-CN,test,selected_restart,True,0.777311497508566,S5,0.6733263529383816,5.0,5.0,15,5479.0,True,0.7679971130093914,-22.59936336424939,1.2230007903482478,r1_basin_level_performance_rebuilt.csv + r1_basin_level_ct.csv
12447390,IC-CMA-ES,IC-CMA-ES,TGD,XAJ-TGD,test,selected_restart,True,0.777311497508566,S5,0.5517646554584688,-3.0,3.0,15,5479.0,True,0.5853167236501973,-23.740954936086702,1.6350773545028168,r1_basin_level_performance_rebuilt.csv + r1_basin_level_ct.csv
12447390,dPL-MLP,dPL-MLP,Base,XAJ-Base,test,median_across_seeds,True,0.777311497508566,S5,-0.056093210107935,-77.0,77.0,15,5479.0,True,-0.5597931490322103,-25.368286973675076,3.171126357252336,r1_basin_level_performance_rebuilt.csv + r1_basin_level_ct.csv
12447390,dPL-MLP,dPL-MLP,CN,XAJ-CN,test,median_across_seeds,True,0.777311497508566,S5,0.6602768420559706,4.0,4.0,15,5479.0,True,0.7916147178440157,-21.585504967296796,1.1590804060893314,r1_basin_level_performance_rebuilt.csv + r1_basin_level_ct.csv
12447390,dPL-MLP,dPL-MLP,TGD,XAJ-TGD,test,median_across_seeds,True,0.777311497508566,S5,0.5626845079993474,-7.0,7.0,15,5479.0,True,0.605712046864799,-22.026947028739347,1.5943614944443574,r1_basin_level_performance_rebuilt.csv + r1_basin_level_ct.csv
12451000,IC-CMA-ES,IC-CMA-ES,Base,XAJ-Base,test,selected_restart,True,0.716767081202258,S5,0.05257132258230701,-86.0,86.0,15,5479.0,True,-0.5694115524776653,-8.997867409851244,5.977719766688417,r1_basin_level_performance_rebuilt.csv + r1_basin_level_ct.csv
12451000,IC-CMA-ES,IC-CMA-ES,CN,XAJ-CN,test,selected_restart,True,0.716767081202258,S5,0.842549090527862,-7.0,7.0,15,5479.0,True,0.8065298357323334,-7.324095696746342,2.098814854307559,r1_basin_level_performance_rebuilt.csv + r1_basin_level_ct.csv
12451000,IC-CMA-ES,IC-CMA-ES,TGD,XAJ-TGD,test,selected_restart,True,0.716767081202258,S5,0.43698300101127074,-37.0,37.0,15,5479.0,True,0.07335997103254566,-11.37143082964398,4.5932772214213795,r1_basin_level_performance_rebuilt.csv + r1_basin_level_ct.csv
12451000,dPL-MLP,dPL-MLP,Base,XAJ-Base,test,median_across_seeds,True,0.716767081202258,S5,0.05984712519536617,-93.0,93.0,15,5479.0,True,-0.6762108749233484,-10.45785129697504,6.177766026282346,r1_basin_level_performance_rebuilt.csv + r1_basin_level_ct.csv
12451000,dPL-MLP,dPL-MLP,CN,XAJ-CN,test,median_across_seeds,True,0.716767081202258,S5,0.8454401880870949,-5.0,5.0,15,5479.0,True,0.7984336322305419,-11.14753109318689,2.1422796580651706,r1_basin_level_performance_rebuilt.csv + r1_basin_level_ct.csv
12451000,dPL-MLP,dPL-MLP,TGD,XAJ-TGD,test,median_across_seeds,True,0.716767081202258,S5,0.47919243511610754,-34.0,34.0,15,5479.0,True,0.21761117401360464,-13.182859018240773,4.220641342542133,r1_basin_level_performance_rebuilt.csv + r1_basin_level_ct.csv
12488500,IC-CMA-ES,IC-CMA-ES,Base,XAJ-Base,test,selected_restart,True,0.641918995401996,S5,0.27842353397672825,-61.0,61.0,15,5479.0,True,-0.406184343476758,0.9254525078303938,3.9301606125029203,r1_basin_level_performance_rebuilt.csv + r1_basin_level_ct.csv
12488500,IC-CMA-ES,IC-CMA-ES,CN,XAJ-CN,test,selected_restart,True,0.641918995401996,S5,0.8444600405994995,-2.0,2.0,15,5479.0,True,0.8424513994688315,-6.686149304390987,1.3155169394251653,r1_basin_level_performance_rebuilt.csv + r1_basin_level_ct.csv
12488500,IC-CMA-ES,IC-CMA-ES,TGD,XAJ-TGD,test,selected_restart,True,0.641918995401996,S5,0.6125309248563102,-11.0,11.0,15,5479.0,True,0.322301428573316,-2.296183516522661,2.728396318743266,r1_basin_level_performance_rebuilt.csv + r1_basin_level_ct.csv
12488500,dPL-MLP,dPL-MLP,Base,XAJ-Base,test,median_across_seeds,True,0.641918995401996,S5,0.27962879608784896,-61.0,61.0,15,5479.0,True,-0.25959110800385155,3.955132652024841,3.7196661528049364,r1_basin_level_performance_rebuilt.csv + r1_basin_level_ct.csv
12488500,dPL-MLP,dPL-MLP,CN,XAJ-CN,test,median_across_seeds,True,0.641918995401996,S5,0.766013686424758,-3.0,3.0,15,5479.0,True,0.8003177533177354,13.780220338176541,1.4810130898136518,r1_basin_level_performance_rebuilt.csv + r1_basin_level_ct.csv
12488500,dPL-MLP,dPL-MLP,TGD,XAJ-TGD,test,median_across_seeds,True,0.641918995401996,S5,0.593427809898661,-7.0,7.0,15,5479.0,True,0.32039649601837306,0.4978770538412197,2.7322282316192257,r1_basin_level_performance_rebuilt.csv + r1_basin_level_ct.csv
13011500,IC-CMA-ES,IC-CMA-ES,Base,XAJ-Base,test,selected_restart,True,0.658713268212353,S5,-0.05520360471067254,-51.0,51.0,15,5479.0,True,0.03316626879596907,-11.4810589407512,3.3598242109835343,r1_basin_level_performance_rebuilt.csv + r1_basin_level_ct.csv
13011500,IC-CMA-ES,IC-CMA-ES,CN,XAJ-CN,test,selected_restart,True,0.658713268212353,S5,0.738509579850857,-4.0,4.0,15,5479.0,True,0.8247292277134635,-13.76925606467093,1.4305248569153117,r1_basin_level_performance_rebuilt.csv + r1_basin_level_ct.csv
13011500,IC-CMA-ES,IC-CMA-ES,TGD,XAJ-TGD,test,selected_restart,True,0.658713268212353,S5,0.5800741693327396,-15.0,15.0,15,5479.0,True,0.5931176064234227,-16.346104392629567,2.1795915084008315,r1_basin_level_performance_rebuilt.csv + r1_basin_level_ct.csv
13011500,dPL-MLP,dPL-MLP,Base,XAJ-Base,test,median_across_seeds,True,0.658713268212353,S5,-0.062160566542999174,-50.0,50.0,15,5479.0,True,0.0017018077969709333,-14.159622171478098,3.4140572598441596,r1_basin_level_performance_rebuilt.csv + r1_basin_level_ct.csv
13011500,dPL-MLP,dPL-MLP,CN,XAJ-CN,test,median_across_seeds,True,0.658713268212353,S5,0.6866898288431638,-4.0,4.0,15,5479.0,True,0.7957767229316964,-14.639729764235604,1.5441634863593718,r1_basin_level_performance_rebuilt.csv + r1_basin_level_ct.csv
13011500,dPL-MLP,dPL-MLP,TGD,XAJ-TGD,test,median_across_seeds,True,0.658713268212353,S5,0.5767788874845206,-13.0,13.0,15,5479.0,True,0.615453914377984,-13.879389768646316,2.1189214426058673,r1_basin_level_performance_rebuilt.csv + r1_basin_level_ct.csv
13011900,IC-CMA-ES,IC-CMA-ES,Base,XAJ-Base,test,selected_restart,True,0.704607069419076,S5,0.00954995305013251,-60.0,60.0,15,5479.0,True,0.00755938444156945,-2.3852851002082027,2.2987978976740044,r1_basin_level_performance_rebuilt.csv + r1_basin_level_ct.csv
13011900,IC-CMA-ES,IC-CMA-ES,CN,XAJ-CN,test,selected_restart,True,0.704607069419076,S5,0.8178254335515862,-9.0,9.0,15,5479.0,True,0.7881138764614051,-6.817087320960954,1.0621840713039021,r1_basin_level_performance_rebuilt.csv + r1_basin_level_ct.csv
13011900,IC-CMA-ES,IC-CMA-ES,TGD,XAJ-TGD,test,selected_restart,True,0.704607069419076,S5,0.719058957689767,-16.0,16.0,15,5479.0,True,0.6120740147136902,-5.174686407550959,1.4372190415874813,r1_basin_level_performance_rebuilt.csv + r1_basin_level_ct.csv
13011900,dPL-MLP,dPL-MLP,Base,XAJ-Base,test,median_across_seeds,True,0.704607069419076,S5,0.009736017610551762,-61.0,61.0,15,5479.0,True,-0.033797996352904036,-3.903479946239688,2.346207234636752,r1_basin_level_performance_rebuilt.csv + r1_basin_level_ct.csv
13011900,dPL-MLP,dPL-MLP,CN,XAJ-CN,test,median_across_seeds,True,0.704607069419076,S5,0.8664387063087793,-8.0,8.0,15,5479.0,True,0.8086457503575397,1.2824232598853444,1.009409952316588,r1_basin_level_performance_rebuilt.csv + r1_basin_level_ct.csv
13011900,dPL-MLP,dPL-MLP,TGD,XAJ-TGD,test,median_across_seeds,True,0.704607069419076,S5,0.7191194504893583,-18.0,18.0,15,5479.0,True,0.6049460357713521,-3.789279327036303,1.4503630889576107,r1_basin_level_performance_rebuilt.csv + r1_basin_level_ct.csv
13018300,IC-CMA-ES,IC-CMA-ES,Base,XAJ-Base,test,selected_restart,True,0.65711853695655,S5,0.0985216529343319,-51.0,51.0,15,5479.0,True,-0.23964846891967584,3.7174832705030396,1.5262020588998682,r1_basin_level_performance_rebuilt.csv + r1_basin_level_ct.csv
13018300,IC-CMA-ES,IC-CMA-ES,CN,XAJ-CN,test,selected_restart,True,0.65711853695655,S5,0.9240355052947985,-3.0,3.0,15,5479.0,True,0.8584164687216413,2.6893965226026513,0.5157855024202105,r1_basin_level_performance_rebuilt.csv + r1_basin_level_ct.csv
13018300,IC-CMA-ES,IC-CMA-ES,TGD,XAJ-TGD,test,selected_restart,True,0.65711853695655,S5,0.7990317944160067,-6.0,6.0,15,5479.0,True,0.6504096209042924,2.008985917419404,0.8104803632348373,r1_basin_level_performance_rebuilt.csv + r1_basin_level_ct.csv
13018300,dPL-MLP,dPL-MLP,Base,XAJ-Base,test,median_across_seeds,True,0.65711853695655,S5,0.08724645488913307,-48.0,48.0,15,5479.0,True,-0.3443506274311019,9.971276318747623,1.589348140102141,r1_basin_level_performance_rebuilt.csv + r1_basin_level_ct.csv
13018300,dPL-MLP,dPL-MLP,CN,XAJ-CN,test,median_across_seeds,True,0.65711853695655,S5,0.8341661510736076,-3.0,3.0,15,5479.0,True,0.8441179283114163,13.403479312443993,0.5412038101288654,r1_basin_level_performance_rebuilt.csv + r1_basin_level_ct.csv
13018300,dPL-MLP,dPL-MLP,TGD,XAJ-TGD,test,median_across_seeds,True,0.65711853695655,S5,0.7606188877420836,-7.0,7.0,15,5479.0,True,0.6557027716523922,9.420074455357813,0.8043212155283017,r1_basin_level_performance_rebuilt.csv + r1_basin_level_ct.csv
13023000,IC-CMA-ES,IC-CMA-ES,Base,XAJ-Base,test,selected_restart,True,0.646858624758436,S5,0.22254563809922923,-46.0,46.0,15,5479.0,True,0.0028326131461670068,6.3892141487729095,1.4449953192359508,r1_basin_level_performance_rebuilt.csv + r1_basin_level_ct.csv
13023000,IC-CMA-ES,IC-CMA-ES,CN,XAJ-CN,test,selected_restart,True,0.646858624758436,S5,0.8763908040759097,-2.0,2.0,15,5479.0,True,0.9133120718871591,8.024961999204056,0.4260511273750636,r1_basin_level_performance_rebuilt.csv + r1_basin_level_ct.csv
13023000,IC-CMA-ES,IC-CMA-ES,TGD,XAJ-TGD,test,selected_restart,True,0.646858624758436,S5,0.8774330739804749,-4.0,4.0,15,5479.0,True,0.8074523439901666,7.841830069870638,0.6349675412527576,r1_basin_level_performance_rebuilt.csv + r1_basin_level_ct.csv
13023000,dPL-MLP,dPL-MLP,Base,XAJ-Base,test,median_across_seeds,True,0.646858624758436,S5,0.21432207373958734,-48.0,48.0,15,5479.0,True,-0.07996556138683064,5.081459789119305,1.503790581909352,r1_basin_level_performance_rebuilt.csv + r1_basin_level_ct.csv
13023000,dPL-MLP,dPL-MLP,CN,XAJ-CN,test,median_across_seeds,True,0.646858624758436,S5,0.8692532780575893,0.0,0.0,15,5479.0,True,0.9037352200018636,11.388432286073025,0.44896875527547736,r1_basin_level_performance_rebuilt.csv + r1_basin_level_ct.csv
13023000,dPL-MLP,dPL-MLP,TGD,XAJ-TGD,test,median_across_seeds,True,0.646858624758436,S5,0.8849869593121812,-4.0,4.0,15,5479.0,True,0.8216486226892323,7.290962580099144,0.6111117596970668,r1_basin_level_performance_rebuilt.csv + r1_basin_level_ct.csv
13161500,IC-CMA-ES,IC-CMA-ES,Base,XAJ-Base,test,selected_restart,True,0.518679342368851,S5,0.580652923280746,4.0,4.0,15,5479.0,True,0.3548291044068965,27.273270904369983,0.3179450782955806,r1_basin_level_performance_rebuilt.csv + r1_basin_level_ct.csv
13161500,IC-CMA-ES,IC-CMA-ES,CN,XAJ-CN,test,selected_restart,True,0.518679342368851,S5,0.6686694588253268,-1.0,1.0,15,5479.0,True,0.7619651502603517,30.142401843423784,0.19312344295717457,r1_basin_level_performance_rebuilt.csv + r1_basin_level_ct.csv
13161500,IC-CMA-ES,IC-CMA-ES,TGD,XAJ-TGD,test,selected_restart,True,0.518679342368851,S5,0.662344520771479,-1.0,1.0,15,5479.0,True,0.7338163527049093,28.247453414788605,0.20422335595107238,r1_basin_level_performance_rebuilt.csv + r1_basin_level_ct.csv
13161500,dPL-MLP,dPL-MLP,Base,XAJ-Base,test,median_across_seeds,True,0.518679342368851,S5,0.45826094128995876,-12.0,12.0,15,5479.0,True,0.13177813021472295,39.609255590922,0.36883326524623494,r1_basin_level_performance_rebuilt.csv + r1_basin_level_ct.csv
13161500,dPL-MLP,dPL-MLP,CN,XAJ-CN,test,median_across_seeds,True,0.518679342368851,S5,0.8468228882899926,1.0,1.0,15,5479.0,True,0.8031911375047414,10.194879115639742,0.1756050691447644,r1_basin_level_performance_rebuilt.csv + r1_basin_level_ct.csv
13161500,dPL-MLP,dPL-MLP,TGD,XAJ-TGD,test,median_across_seeds,True,0.518679342368851,S5,0.6575155137197473,-1.0,1.0,15,5479.0,True,0.7419236321014666,30.996399946008836,0.20108924417924623,r1_basin_level_performance_rebuilt.csv + r1_basin_level_ct.csv
13235000,IC-CMA-ES,IC-CMA-ES,Base,XAJ-Base,test,selected_restart,True,0.677895075896552,S5,0.16320496187493772,-52.0,52.0,15,5479.0,True,-0.02007953416509034,-7.742120475059839,2.03012521083126,r1_basin_level_performance_rebuilt.csv + r1_basin_level_ct.csv
13235000,IC-CMA-ES,IC-CMA-ES,CN,XAJ-CN,test,selected_restart,True,0.677895075896552,S5,0.7743131205330231,-10.0,10.0,15,5479.0,True,0.7995117958497928,-8.957695390056555,0.9000159791832706,r1_basin_level_performance_rebuilt.csv + r1_basin_level_ct.csv
13235000,IC-CMA-ES,IC-CMA-ES,TGD,XAJ-TGD,test,selected_restart,True,0.677895075896552,S5,0.7330151656204231,-12.0,12.0,15,5479.0,True,0.6183371965420612,-11.000275490439773,1.2417830434890804,r1_basin_level_performance_rebuilt.csv + r1_basin_level_ct.csv
13235000,dPL-MLP,dPL-MLP,Base,XAJ-Base,test,median_across_seeds,True,0.677895075896552,S5,0.15975180419949975,-55.0,55.0,15,5479.0,True,-0.16239893268318673,-11.311672490456859,2.1671222371608914,r1_basin_level_performance_rebuilt.csv + r1_basin_level_ct.csv
13235000,dPL-MLP,dPL-MLP,CN,XAJ-CN,test,median_across_seeds,True,0.677895075896552,S5,0.8162365578900272,-4.0,4.0,15,5479.0,True,0.7992587462352898,-3.1282906036716756,0.9005837853508021,r1_basin_level_performance_rebuilt.csv + r1_basin_level_ct.csv
13235000,dPL-MLP,dPL-MLP,TGD,XAJ-TGD,test,median_across_seeds,True,0.677895075896552,S5,0.709677403549354,-9.0,9.0,15,5479.0,True,0.6420299083061984,-9.637378051378203,1.2026220954087923,r1_basin_level_performance_rebuilt.csv + r1_basin_level_ct.csv
13240000,IC-CMA-ES,IC-CMA-ES,Base,XAJ-Base,test,selected_restart,True,0.726533471798391,S5,-0.0269157358136074,-55.0,55.0,15,5479.0,True,0.08045585735750771,-14.377070617574983,4.6993716054082615,r1_basin_level_performance_rebuilt.csv + r1_basin_level_ct.csv
13240000,IC-CMA-ES,IC-CMA-ES,CN,XAJ-CN,test,selected_restart,True,0.726533471798391,S5,0.7342702779866096,-5.0,5.0,15,5479.0,True,0.8144909467476494,-14.240249193852037,2.1107463735245737,r1_basin_level_performance_rebuilt.csv + r1_basin_level_ct.csv
13240000,IC-CMA-ES,IC-CMA-ES,TGD,XAJ-TGD,test,selected_restart,True,0.726533471798391,S5,0.5475429561702719,-22.0,22.0,15,5479.0,True,0.4514821855407257,-14.190577208297912,3.6295172577518664,r1_basin_level_performance_rebuilt.csv + r1_basin_level_ct.csv
13240000,dPL-MLP,dPL-MLP,Base,XAJ-Base,test,median_across_seeds,True,0.726533471798391,S5,-0.008557793743073194,-60.0,60.0,15,5479.0,True,-0.002713054009017668,-16.568245176918786,4.90729122086715,r1_basin_level_performance_rebuilt.csv + r1_basin_level_ct.csv
13240000,dPL-MLP,dPL-MLP,CN,XAJ-CN,test,median_across_seeds,True,0.726533471798391,S5,0.7795430342605283,-2.0,2.0,15,5479.0,True,0.8217569503191338,-13.548378170326812,2.0689967066916757,r1_basin_level_performance_rebuilt.csv + r1_basin_level_ct.csv
13240000,dPL-MLP,dPL-MLP,TGD,XAJ-TGD,test,median_across_seeds,True,0.726533471798391,S5,0.5221305351317591,-25.0,25.0,15,5479.0,True,0.4528605546825104,-17.005965086253777,3.6249540865101286,r1_basin_level_performance_rebuilt.csv + r1_basin_level_ct.csv
13313000,IC-CMA-ES,IC-CMA-ES,Base,XAJ-Base,test,selected_restart,True,0.744536050209931,S5,0.08002596820328411,-56.0,56.0,15,5479.0,True,-0.007511879670732524,-7.769318364988566,2.5233424631368764,r1_basin_level_performance_rebuilt.csv + r1_basin_level_ct.csv
13313000,IC-CMA-ES,IC-CMA-ES,CN,XAJ-CN,test,selected_restart,True,0.744536050209931,S5,0.7456119345253716,-11.0,11.0,15,5479.0,True,0.747203871817461,-10.057278773738764,1.263968693533367,r1_basin_level_performance_rebuilt.csv + r1_basin_level_ct.csv
13313000,IC-CMA-ES,IC-CMA-ES,TGD,XAJ-TGD,test,selected_restart,True,0.744536050209931,S5,0.7060677589631209,-8.0,8.0,15,5479.0,True,0.5512162823557547,-11.461876369415616,1.684106896148837,r1_basin_level_performance_rebuilt.csv + r1_basin_level_ct.csv
13313000,dPL-MLP,dPL-MLP,Base,XAJ-Base,test,median_across_seeds,True,0.744536050209931,S5,0.0983005388235858,-57.0,57.0,15,5479.0,True,-0.1584063476620876,-0.18470096309284562,2.7057120301742885,r1_basin_level_performance_rebuilt.csv + r1_basin_level_ct.csv
13313000,dPL-MLP,dPL-MLP,CN,XAJ-CN,test,median_across_seeds,True,0.744536050209931,S5,0.7679164528702818,-10.0,10.0,15,5479.0,True,0.7993674519292348,14.845258658775874,1.1260347744514274,r1_basin_level_performance_rebuilt.csv + r1_basin_level_ct.csv
13313000,dPL-MLP,dPL-MLP,TGD,XAJ-TGD,test,median_across_seeds,True,0.744536050209931,S5,0.714496147833587,-17.0,17.0,15,5479.0,True,0.5167966645504778,5.0576152372046135,1.7474955159600898,r1_basin_level_performance_rebuilt.csv + r1_basin_level_ct.csv
13331500,IC-CMA-ES,IC-CMA-ES,Base,XAJ-Base,test,selected_restart,True,0.55788094452843,S5,0.24620904743198813,-48.0,48.0,15,5479.0,True,0.09008409933850359,0.5760847654932805,2.2568767542871506,r1_basin_level_performance_rebuilt.csv + r1_basin_level_ct.csv
13331500,IC-CMA-ES,IC-CMA-ES,CN,XAJ-CN,test,selected_restart,True,0.55788094452843,S5,0.7981628174802592,-7.0,7.0,15,5479.0,True,0.7943928548922427,-7.975959677662308,1.0728186571230454,r1_basin_level_performance_rebuilt.csv + r1_basin_level_ct.csv
13331500,IC-CMA-ES,IC-CMA-ES,TGD,XAJ-TGD,test,selected_restart,True,0.55788094452843,S5,0.6573205476865678,-17.0,17.0,15,5479.0,True,0.5062075345285888,-6.140979916330101,1.6625681088408575,r1_basin_level_performance_rebuilt.csv + r1_basin_level_ct.csv
13331500,dPL-MLP,dPL-MLP,Base,XAJ-Base,test,median_across_seeds,True,0.55788094452843,S5,0.23921783880690484,-53.0,53.0,15,5479.0,True,0.048883475421511724,-2.0176644440842377,2.307406330154065,r1_basin_level_performance_rebuilt.csv + r1_basin_level_ct.csv
13331500,dPL-MLP,dPL-MLP,CN,XAJ-CN,test,median_across_seeds,True,0.55788094452843,S5,0.8285679422413715,-5.0,5.0,15,5479.0,True,0.8124499225696018,-1.0285106532280874,1.0246271044424264,r1_basin_level_performance_rebuilt.csv + r1_basin_level_ct.csv
13331500,dPL-MLP,dPL-MLP,TGD,XAJ-TGD,test,median_across_seeds,True,0.55788094452843,S5,0.6641571518281372,-18.0,18.0,15,5479.0,True,0.5084396792523906,-2.993587536464064,1.6588061072779017,r1_basin_level_performance_rebuilt.csv + r1_basin_level_ct.csv
14020000,IC-CMA-ES,IC-CMA-ES,Base,XAJ-Base,test,selected_restart,True,0.355358222004398,S4,0.566972059646377,-24.0,24.0,15,5479.0,True,0.3258170404590909,-12.84508119340623,1.7602279022573062,r1_basin_level_performance_rebuilt.csv + r1_basin_level_ct.csv
14020000,IC-CMA-ES,IC-CMA-ES,CN,XAJ-CN,test,selected_restart,True,0.355358222004398,S4,0.75196061956737,-5.0,5.0,15,5479.0,True,0.7281746930084863,-10.923579853304558,1.117699248463061,r1_basin_level_performance_rebuilt.csv + r1_basin_level_ct.csv
14020000,IC-CMA-ES,IC-CMA-ES,TGD,XAJ-TGD,test,selected_restart,True,0.355358222004398,S4,0.6217631713058543,-6.0,6.0,15,5479.0,True,0.4292724868051735,-11.99670903233611,1.6195502218394753,r1_basin_level_performance_rebuilt.csv + r1_basin_level_ct.csv
14020000,dPL-MLP,dPL-MLP,Base,XAJ-Base,test,median_across_seeds,True,0.355358222004398,S4,0.5707165355332465,-32.0,32.0,15,5479.0,True,0.31023965168550316,-9.526989109753478,1.780447317812429,r1_basin_level_performance_rebuilt.csv + r1_basin_level_ct.csv
14020000,dPL-MLP,dPL-MLP,CN,XAJ-CN,test,median_across_seeds,True,0.355358222004398,S4,0.7806455958811509,-4.0,4.0,15,5479.0,True,0.7587694859188343,1.7594617370385273,1.052921845963909,r1_basin_level_performance_rebuilt.csv + r1_basin_level_ct.csv
14020000,dPL-MLP,dPL-MLP,TGD,XAJ-TGD,test,median_across_seeds,True,0.355358222004398,S4,0.6503529793130736,0.0,0.0,15,5479.0,True,0.45261671860122876,-6.205808508864011,1.586082523035264,r1_basin_level_performance_rebuilt.csv + r1_basin_level_ct.csv
14096850,IC-CMA-ES,IC-CMA-ES,Base,XAJ-Base,test,selected_restart,True,0.244750228496234,S3,0.15536669618780208,-9.0,9.0,15,5479.0,True,-0.41946047708953893,30.30520434534769,0.9607782738166734,r1_basin_level_performance_rebuilt.csv + r1_basin_level_ct.csv
14096850,IC-CMA-ES,IC-CMA-ES,CN,XAJ-CN,test,selected_restart,True,0.244750228496234,S3,0.45734850505561997,-1.0,1.0,15,5479.0,True,0.40835332855372186,25.19707548327421,0.6202870783903126,r1_basin_level_performance_rebuilt.csv + r1_basin_level_ct.csv
14096850,IC-CMA-ES,IC-CMA-ES,TGD,XAJ-TGD,test,selected_restart,True,0.244750228496234,S3,0.4845214144025496,-2.0,2.0,15,5479.0,True,0.48962058281162213,34.112393328924185,0.5761135598412267,r1_basin_level_performance_rebuilt.csv + r1_basin_level_ct.csv
14096850,dPL-MLP,dPL-MLP,Base,XAJ-Base,test,median_across_seeds,True,0.244750228496234,S3,0.5697550394717205,4.0,4.0,15,5479.0,True,0.4644685507739308,25.803477423667644,0.5901385855077422,r1_basin_level_performance_rebuilt.csv + r1_basin_level_ct.csv
14096850,dPL-MLP,dPL-MLP,CN,XAJ-CN,test,median_across_seeds,True,0.244750228496234,S3,0.26214819038446713,3.0,3.0,15,5479.0,True,0.2868598979197309,66.7112287703342,0.6810028835502732,r1_basin_level_performance_rebuilt.csv + r1_basin_level_ct.csv
14096850,dPL-MLP,dPL-MLP,TGD,XAJ-TGD,test,median_across_seeds,True,0.244750228496234,S3,0.34262994319544815,6.0,6.0,15,5479.0,True,0.20204234296114731,27.677614473529772,0.7203630772849274,r1_basin_level_performance_rebuilt.csv + r1_basin_level_ct.csv
14137000,IC-CMA-ES,IC-CMA-ES,Base,XAJ-Base,test,selected_restart,True,0.324496374801996,S4,0.8054044040423558,-14.0,14.0,15,5479.0,True,0.6200325684143214,3.9752642482394025,3.276782848166903,r1_basin_level_performance_rebuilt.csv + r1_basin_level_ct.csv
14137000,IC-CMA-ES,IC-CMA-ES,CN,XAJ-CN,test,selected_restart,True,0.324496374801996,S4,0.8437628582715332,0.0,0.0,15,5479.0,True,0.6881615233217513,2.8317862608292295,2.968515529481253,r1_basin_level_performance_rebuilt.csv + r1_basin_level_ct.csv
14137000,IC-CMA-ES,IC-CMA-ES,TGD,XAJ-TGD,test,selected_restart,True,0.324496374801996,S4,0.8195241170318063,-12.0,12.0,15,5479.0,True,0.6621393496188135,3.8772536935339432,3.089891872211675,r1_basin_level_performance_rebuilt.csv + r1_basin_level_ct.csv
14137000,dPL-MLP,dPL-MLP,Base,XAJ-Base,test,median_across_seeds,True,0.324496374801996,S4,0.8197426306392883,-12.0,12.0,15,5479.0,True,0.6597946515329696,7.100667625500465,3.1005950088935665,r1_basin_level_performance_rebuilt.csv + r1_basin_level_ct.csv
14137000,dPL-MLP,dPL-MLP,CN,XAJ-CN,test,median_across_seeds,True,0.324496374801996,S4,0.8340761509998985,5.0,5.0,15,5479.0,True,0.7015564864436441,6.62795974988151,2.9040597477428425,r1_basin_level_performance_rebuilt.csv + r1_basin_level_ct.csv
14137000,dPL-MLP,dPL-MLP,TGD,XAJ-TGD,test,median_across_seeds,True,0.324496374801996,S4,0.8313074235857945,-10.0,10.0,15,5479.0,True,0.6788062481575262,6.851398524601118,3.012714788635853,r1_basin_level_performance_rebuilt.csv + r1_basin_level_ct.csv
14138800,IC-CMA-ES,IC-CMA-ES,Base,XAJ-Base,test,selected_restart,True,0.317266212149897,S4,0.7864084310902071,-20.0,20.0,15,5479.0,True,0.603579347759907,2.0548201911566704,6.710182341873256,r1_basin_level_performance_rebuilt.csv + r1_basin_level_ct.csv
14138800,IC-CMA-ES,IC-CMA-ES,CN,XAJ-CN,test,selected_restart,True,0.317266212149897,S4,0.8247858018936329,5.0,5.0,15,5479.0,True,0.7020144582429031,-0.03404770556375471,5.817732952699074,r1_basin_level_performance_rebuilt.csv + r1_basin_level_ct.csv
14138800,IC-CMA-ES,IC-CMA-ES,TGD,XAJ-TGD,test,selected_restart,True,0.317266212149897,S4,0.8113211011412512,-22.0,22.0,15,5479.0,True,0.6416051359670604,1.4767013675899328,6.380240868512494,r1_basin_level_performance_rebuilt.csv + r1_basin_level_ct.csv
14138800,dPL-MLP,dPL-MLP,Base,XAJ-Base,test,median_across_seeds,True,0.317266212149897,S4,0.7774335776745507,-14.0,14.0,15,5479.0,True,0.6177249942907536,3.1786700205182754,6.589373692196658,r1_basin_level_performance_rebuilt.csv + r1_basin_level_ct.csv
14138800,dPL-MLP,dPL-MLP,CN,XAJ-CN,test,median_across_seeds,True,0.317266212149897,S4,0.8104820951746036,9.0,9.0,15,5479.0,True,0.7045777323546443,2.366593536137475,5.792656816291609,r1_basin_level_performance_rebuilt.csv + r1_basin_level_ct.csv
14138800,dPL-MLP,dPL-MLP,TGD,XAJ-TGD,test,median_across_seeds,True,0.317266212149897,S4,0.8004947460141567,-13.0,13.0,15,5479.0,True,0.6469696535405023,2.181365073780251,6.332310549265358,r1_basin_level_performance_rebuilt.csv + r1_basin_level_ct.csv
14138870,IC-CMA-ES,IC-CMA-ES,Base,XAJ-Base,test,selected_restart,True,0.229049355466927,S3,0.7416783491115768,-12.0,12.0,15,5479.0,True,0.6252187462942427,13.113915900417595,4.933721592841733,r1_basin_level_performance_rebuilt.csv + r1_basin_level_ct.csv
14138870,IC-CMA-ES,IC-CMA-ES,CN,XAJ-CN,test,selected_restart,True,0.229049355466927,S3,0.7805801797652436,-2.0,2.0,15,5479.0,True,0.7017107216152668,12.57664733509602,4.401538761628278,r1_basin_level_performance_rebuilt.csv + r1_basin_level_ct.csv
14138870,IC-CMA-ES,IC-CMA-ES,TGD,XAJ-TGD,test,selected_restart,True,0.229049355466927,S3,0.7505031413313853,-12.0,12.0,15,5479.0,True,0.6613637259763456,12.687745315246227,4.689779754950357,r1_basin_level_performance_rebuilt.csv + r1_basin_level_ct.csv
14138870,dPL-MLP,dPL-MLP,Base,XAJ-Base,test,median_across_seeds,True,0.229049355466927,S3,0.7097814965187825,-7.0,7.0,15,5479.0,True,0.6376569836544248,21.210026665687543,4.851160647911907,r1_basin_level_performance_rebuilt.csv + r1_basin_level_ct.csv
14138870,dPL-MLP,dPL-MLP,CN,XAJ-CN,test,median_across_seeds,True,0.229049355466927,S3,0.7394005184242964,5.0,5.0,15,5479.0,True,0.6964669002041791,19.029877252492952,4.440058963905424,r1_basin_level_performance_rebuilt.csv + r1_basin_level_ct.csv
14138870,dPL-MLP,dPL-MLP,TGD,XAJ-TGD,test,median_across_seeds,True,0.229049355466927,S3,0.7080687466004416,-8.0,8.0,15,5479.0,True,0.6662850955941779,21.25405267171939,4.655576966172205,r1_basin_level_performance_rebuilt.csv + r1_basin_level_ct.csv
14138900,IC-CMA-ES,IC-CMA-ES,Base,XAJ-Base,test,selected_restart,True,0.221358389006793,S3,0.8481715292652589,-11.0,11.0,15,5479.0,True,0.6935968936818238,0.14339944903027743,6.074772029875803,r1_basin_level_performance_rebuilt.csv + r1_basin_level_ct.csv
14138900,IC-CMA-ES,IC-CMA-ES,CN,XAJ-CN,test,selected_restart,True,0.221358389006793,S3,0.8641888290649937,-1.0,1.0,15,5479.0,True,0.7399843007956391,-0.3384969609042077,5.5960706397735915,r1_basin_level_performance_rebuilt.csv + r1_basin_level_ct.csv
14138900,IC-CMA-ES,IC-CMA-ES,TGD,XAJ-TGD,test,selected_restart,True,0.221358389006793,S3,0.8609639612334045,-10.0,10.0,15,5479.0,True,0.7191954728210833,0.1637768617664296,5.81547851200817,r1_basin_level_performance_rebuilt.csv + r1_basin_level_ct.csv
14138900,dPL-MLP,dPL-MLP,Base,XAJ-Base,test,median_across_seeds,True,0.221358389006793,S3,0.8431800375893403,-8.0,8.0,15,5479.0,True,0.7293969192817267,-4.27364788700836,5.7088649714693345,r1_basin_level_performance_rebuilt.csv + r1_basin_level_ct.csv
14138900,dPL-MLP,dPL-MLP,CN,XAJ-CN,test,median_across_seeds,True,0.221358389006793,S3,0.8518443485347822,2.0,2.0,15,5479.0,True,0.7629511272722821,-4.285706509588104,5.343211312318212,r1_basin_level_performance_rebuilt.csv + r1_basin_level_ct.csv
14138900,dPL-MLP,dPL-MLP,TGD,XAJ-TGD,test,median_across_seeds,True,0.221358389006793,S3,0.852241897470362,-9.0,9.0,15,5479.0,True,0.7493771114972622,-4.536971173457852,5.494064683922481,r1_basin_level_performance_rebuilt.csv + r1_basin_level_ct.csv
14139800,IC-CMA-ES,IC-CMA-ES,Base,XAJ-Base,test,selected_restart,True,0.183197955663698,S3,0.862597486093303,-11.0,11.0,15,5479.0,True,0.754055422235198,2.3580439052897337,4.7372716356047295,r1_basin_level_performance_rebuilt.csv + r1_basin_level_ct.csv
14139800,IC-CMA-ES,IC-CMA-ES,CN,XAJ-CN,test,selected_restart,True,0.183197955663698,S3,0.8708689541554498,-5.0,5.0,15,5479.0,True,0.7956322296095041,3.1222921818554235,4.31833037645868,r1_basin_level_performance_rebuilt.csv + r1_basin_level_ct.csv
14139800,IC-CMA-ES,IC-CMA-ES,TGD,XAJ-TGD,test,selected_restart,True,0.183197955663698,S3,0.8750276435879241,-12.0,12.0,15,5479.0,True,0.7714480341984221,2.2484014448416447,4.566696423270998,r1_basin_level_performance_rebuilt.csv + r1_basin_level_ct.csv
14139800,dPL-MLP,dPL-MLP,Base,XAJ-Base,test,median_across_seeds,True,0.183197955663698,S3,0.8535876018118902,-9.0,9.0,15,5479.0,True,0.7624902231937531,0.743760464409769,4.655329308952752,r1_basin_level_performance_rebuilt.csv + r1_basin_level_ct.csv
14139800,dPL-MLP,dPL-MLP,CN,XAJ-CN,test,median_across_seeds,True,0.183197955663698,S3,0.8730033603039027,-3.0,3.0,15,5479.0,True,0.796974620800788,-0.07012554434862674,4.304124517907267,r1_basin_level_performance_rebuilt.csv + r1_basin_level_ct.csv
14139800,dPL-MLP,dPL-MLP,TGD,XAJ-TGD,test,median_across_seeds,True,0.183197955663698,S3,0.8744929333799448,-9.0,9.0,15,5479.0,True,0.7721053305958462,-0.3084896440557697,4.5601249760600515,r1_basin_level_performance_rebuilt.csv + r1_basin_level_ct.csv
14141500,IC-CMA-ES,IC-CMA-ES,Base,XAJ-Base,test,selected_restart,True,0.142882264769743,S2,0.825144302435776,-15.0,15.0,15,5479.0,True,0.6955354534734488,7.491293913013934,3.9626808415066046,r1_basin_level_performance_rebuilt.csv + r1_basin_level_ct.csv
14141500,IC-CMA-ES,IC-CMA-ES,CN,XAJ-CN,test,selected_restart,True,0.142882264769743,S2,0.8646338090655906,-3.0,3.0,15,5479.0,True,0.7884875689231046,7.633933271282546,3.302848699493382,r1_basin_level_performance_rebuilt.csv + r1_basin_level_ct.csv
14141500,IC-CMA-ES,IC-CMA-ES,TGD,XAJ-TGD,test,selected_restart,True,0.142882264769743,S2,0.8437583631621929,-8.0,8.0,15,5479.0,True,0.7439019207068924,7.731653948406387,3.634326089068786,r1_basin_level_performance_rebuilt.csv + r1_basin_level_ct.csv
14141500,dPL-MLP,dPL-MLP,Base,XAJ-Base,test,median_across_seeds,True,0.142882264769743,S2,0.8322421767612176,-9.0,9.0,15,5479.0,True,0.7370350843133665,9.983697157568983,3.682727932316507,r1_basin_level_performance_rebuilt.csv + r1_basin_level_ct.csv
14141500,dPL-MLP,dPL-MLP,CN,XAJ-CN,test,median_across_seeds,True,0.142882264769743,S2,0.8566562742542352,-3.0,3.0,15,5479.0,True,0.7930533709479537,8.691638605654948,3.2670058288368082,r1_basin_level_performance_rebuilt.csv + r1_basin_level_ct.csv
14141500,dPL-MLP,dPL-MLP,TGD,XAJ-TGD,test,median_across_seeds,True,0.142882264769743,S2,0.8436271200879811,-4.0,4.0,15,5479.0,True,0.7559279523633214,8.199743866345147,3.547968483617141,r1_basin_level_performance_rebuilt.csv + r1_basin_level_ct.csv
14154500,IC-CMA-ES,IC-CMA-ES,Base,XAJ-Base,test,selected_restart,True,0.135550710091939,S2,0.8881459313071054,-15.0,15.0,15,5479.0,True,0.7878434197878085,1.6089612747901232,1.971503690397031,r1_basin_level_performance_rebuilt.csv + r1_basin_level_ct.csv
14154500,IC-CMA-ES,IC-CMA-ES,CN,XAJ-CN,test,selected_restart,True,0.135550710091939,S2,0.9177672458808671,-7.0,7.0,15,5479.0,True,0.8441425889540624,2.2963468397694253,1.689791301348122,r1_basin_level_performance_rebuilt.csv + r1_basin_level_ct.csv
14154500,IC-CMA-ES,IC-CMA-ES,TGD,XAJ-TGD,test,selected_restart,True,0.135550710091939,S2,0.8983586841752216,-13.0,13.0,15,5479.0,True,0.8097972657976125,2.1227535953317087,1.866713718201685,r1_basin_level_performance_rebuilt.csv + r1_basin_level_ct.csv
14154500,dPL-MLP,dPL-MLP,Base,XAJ-Base,test,median_across_seeds,True,0.135550710091939,S2,0.8910538428550517,-12.0,12.0,15,5479.0,True,0.7839086148106533,1.137838149023221,1.9897021439428666,r1_basin_level_performance_rebuilt.csv + r1_basin_level_ct.csv
14154500,dPL-MLP,dPL-MLP,CN,XAJ-CN,test,median_across_seeds,True,0.135550710091939,S2,0.9143134542348178,-8.0,8.0,15,5479.0,True,0.8357263401661879,2.384746338046873,1.7348155553117164,r1_basin_level_performance_rebuilt.csv + r1_basin_level_ct.csv
14154500,dPL-MLP,dPL-MLP,TGD,XAJ-TGD,test,median_across_seeds,True,0.135550710091939,S2,0.8998444453644665,-11.0,11.0,15,5479.0,True,0.8021977285191265,0.9565662508707301,1.9036406868134803,r1_basin_level_performance_rebuilt.csv + r1_basin_level_ct.csv
14158790,IC-CMA-ES,IC-CMA-ES,Base,XAJ-Base,test,selected_restart,True,0.365056630377127,S4,0.7197743235847069,-26.0,26.0,15,5479.0,True,0.43650867829921025,-0.9541841482144914,5.66709560606809,r1_basin_level_performance_rebuilt.csv + r1_basin_level_ct.csv
14158790,IC-CMA-ES,IC-CMA-ES,CN,XAJ-CN,test,selected_restart,True,0.365056630377127,S4,0.8575709150450577,0.0,0.0,15,5479.0,True,0.726002516188372,-1.567890504511858,3.9517568136070005,r1_basin_level_performance_rebuilt.csv + r1_basin_level_ct.csv
14158790,IC-CMA-ES,IC-CMA-ES,TGD,XAJ-TGD,test,selected_restart,True,0.365056630377127,S4,0.7434661739693431,-25.0,25.0,15,5479.0,True,0.48792714052394837,-1.413266109873621,5.402351062023179,r1_basin_level_performance_rebuilt.csv + r1_basin_level_ct.csv
14158790,dPL-MLP,dPL-MLP,Base,XAJ-Base,test,median_across_seeds,True,0.365056630377127,S4,0.7151088864497719,-26.0,26.0,15,5479.0,True,0.470789586190945,-4.7061476337404375,5.492007407082506,r1_basin_level_performance_rebuilt.csv + r1_basin_level_ct.csv
14158790,dPL-MLP,dPL-MLP,CN,XAJ-CN,test,median_across_seeds,True,0.365056630377127,S4,0.8457823662631198,0.0,0.0,15,5479.0,True,0.7274910526572451,-4.271311759754604,3.941007909978778,r1_basin_level_performance_rebuilt.csv + r1_basin_level_ct.csv
14158790,dPL-MLP,dPL-MLP,TGD,XAJ-TGD,test,median_across_seeds,True,0.365056630377127,S4,0.7356829868978555,-26.0,26.0,15,5479.0,True,0.5118506939685151,-4.771162277569209,5.274645315881036,r1_basin_level_performance_rebuilt.csv + r1_basin_level_ct.csv
14166500,IC-CMA-ES,IC-CMA-ES,Base,XAJ-Base,test,selected_restart,True,0.0106763012784076,S1,0.8583279457878885,-3.0,3.0,15,5479.0,True,0.886501763883983,11.770768953398994,1.4845988863968105,r1_basin_level_performance_rebuilt.csv + r1_basin_level_ct.csv
14166500,IC-CMA-ES,IC-CMA-ES,CN,XAJ-CN,test,selected_restart,True,0.0106763012784076,S1,0.858824090279236,-1.0,1.0,15,5479.0,True,0.8872039296501674,11.876424111862747,1.4799994677950046,r1_basin_level_performance_rebuilt.csv + r1_basin_level_ct.csv
14166500,IC-CMA-ES,IC-CMA-ES,TGD,XAJ-TGD,test,selected_restart,True,0.0106763012784076,S1,0.8431912672106987,-2.0,2.0,15,5479.0,True,0.8868083599890533,13.650562090358234,1.4825923351932284,r1_basin_level_performance_rebuilt.csv + r1_basin_level_ct.csv
14166500,dPL-MLP,dPL-MLP,Base,XAJ-Base,test,median_across_seeds,True,0.0106763012784076,S1,0.8475652672674266,-1.0,1.0,15,5479.0,True,0.8711429130428239,13.283288520020935,1.5818624935734673,r1_basin_level_performance_rebuilt.csv + r1_basin_level_ct.csv
14166500,dPL-MLP,dPL-MLP,CN,XAJ-CN,test,median_across_seeds,True,0.0106763012784076,S1,0.8351038759250108,-2.0,2.0,15,5479.0,True,0.8794843822389277,13.673427302457558,1.5298055775996235,r1_basin_level_performance_rebuilt.csv + r1_basin_level_ct.csv
14166500,dPL-MLP,dPL-MLP,TGD,XAJ-TGD,test,median_across_seeds,True,0.0106763012784076,S1,0.8366114704223333,-1.0,1.0,15,5479.0,True,0.8763279905829953,13.611439122545116,1.5497094558641467,r1_basin_level_performance_rebuilt.csv + r1_basin_level_ct.csv
14182500,IC-CMA-ES,IC-CMA-ES,Base,XAJ-Base,test,selected_restart,True,0.146759311242181,S2,0.7891042299351837,-12.0,12.0,15,5479.0,True,0.6894561964017913,-4.368208435912144,5.26843254748025,r1_basin_level_performance_rebuilt.csv + r1_basin_level_ct.csv
14182500,IC-CMA-ES,IC-CMA-ES,CN,XAJ-CN,test,selected_restart,True,0.146759311242181,S2,0.833219669577592,-5.0,5.0,15,5479.0,True,0.7752219264586828,-3.6810414221208303,4.482259150114206,r1_basin_level_performance_rebuilt.csv + r1_basin_level_ct.csv
14182500,IC-CMA-ES,IC-CMA-ES,TGD,XAJ-TGD,test,selected_restart,True,0.146759311242181,S2,0.788711312730793,-11.0,11.0,15,5479.0,True,0.6989947752271334,-3.8443600350965816,5.186889632392498,r1_basin_level_performance_rebuilt.csv + r1_basin_level_ct.csv
14182500,dPL-MLP,dPL-MLP,Base,XAJ-Base,test,median_across_seeds,True,0.146759311242181,S2,0.7492258381244588,-11.0,11.0,15,5479.0,True,0.7014787352252906,-10.85161902726352,5.1654436308241545,r1_basin_level_performance_rebuilt.csv + r1_basin_level_ct.csv
14182500,dPL-MLP,dPL-MLP,CN,XAJ-CN,test,median_across_seeds,True,0.146759311242181,S2,0.7655838336251743,-2.0,2.0,15,5479.0,True,0.7575190652280576,-5.891677128022414,4.65541915158163,r1_basin_level_performance_rebuilt.csv + r1_basin_level_ct.csv
14182500,dPL-MLP,dPL-MLP,TGD,XAJ-TGD,test,median_across_seeds,True,0.146759311242181,S2,0.7467245411862895,-12.0,12.0,15,5479.0,True,0.7058418895371645,-9.670872870454579,5.127555899571073,r1_basin_level_performance_rebuilt.csv + r1_basin_level_ct.csv
14185000,IC-CMA-ES,IC-CMA-ES,Base,XAJ-Base,test,selected_restart,True,0.178107252284554,S3,0.8911124172264241,-12.0,12.0,15,5479.0,True,0.781212205447453,0.49208301808911065,2.9499110490851344,r1_basin_level_performance_rebuilt.csv + r1_basin_level_ct.csv
14185000,IC-CMA-ES,IC-CMA-ES,CN,XAJ-CN,test,selected_restart,True,0.178107252284554,S3,0.9231524075757678,0.0,0.0,15,5479.0,True,0.8558479112639483,0.35566102208524136,2.3944614262017243,r1_basin_level_performance_rebuilt.csv + r1_basin_level_ct.csv
14185000,IC-CMA-ES,IC-CMA-ES,TGD,XAJ-TGD,test,selected_restart,True,0.178107252284554,S3,0.9037540268597362,-10.0,10.0,15,5479.0,True,0.8072908254166609,0.44678437477581046,2.768525773624074,r1_basin_level_performance_rebuilt.csv + r1_basin_level_ct.csv
14185000,dPL-MLP,dPL-MLP,Base,XAJ-Base,test,median_across_seeds,True,0.178107252284554,S3,0.8863551705374508,-18.0,18.0,15,5479.0,True,0.7820913901552897,0.6241182927676368,2.9439780686659955,r1_basin_level_performance_rebuilt.csv + r1_basin_level_ct.csv
14185000,dPL-MLP,dPL-MLP,CN,XAJ-CN,test,median_across_seeds,True,0.178107252284554,S3,0.9168168672099757,-2.0,2.0,15,5479.0,True,0.8563609999547388,-1.1911039746674772,2.390196256443565,r1_basin_level_performance_rebuilt.csv + r1_basin_level_ct.csv
14185000,dPL-MLP,dPL-MLP,TGD,XAJ-TGD,test,median_across_seeds,True,0.178107252284554,S3,0.8959979107727052,-17.0,17.0,15,5479.0,True,0.7992586833053659,-0.23402202811952558,2.825633036248378,r1_basin_level_performance_rebuilt.csv + r1_basin_level_ct.csv
14185900,IC-CMA-ES,IC-CMA-ES,Base,XAJ-Base,test,selected_restart,True,0.187297518505713,S3,0.8489256793576063,-20.0,20.0,15,5479.0,True,0.7089226883289337,-4.635702391961438,4.858722243281937,r1_basin_level_performance_rebuilt.csv + r1_basin_level_ct.csv
14185900,IC-CMA-ES,IC-CMA-ES,CN,XAJ-CN,test,selected_restart,True,0.187297518505713,S3,0.9002330056857157,-5.0,5.0,15,5479.0,True,0.8189472369274138,-4.373873556189185,3.8319556456319144,r1_basin_level_performance_rebuilt.csv + r1_basin_level_ct.csv
14185900,IC-CMA-ES,IC-CMA-ES,TGD,XAJ-TGD,test,selected_restart,True,0.187297518505713,S3,0.8577566477362655,-18.0,18.0,15,5479.0,True,0.7275941529532859,-4.4288071966212055,4.7003057324655195,r1_basin_level_performance_rebuilt.csv + r1_basin_level_ct.csv
14185900,dPL-MLP,dPL-MLP,Base,XAJ-Base,test,median_across_seeds,True,0.187297518505713,S3,0.843195666505127,-18.0,18.0,15,5479.0,True,0.7381496214179057,-7.554630062313894,4.608339836132966,r1_basin_level_performance_rebuilt.csv + r1_basin_level_ct.csv
14185900,dPL-MLP,dPL-MLP,CN,XAJ-CN,test,median_across_seeds,True,0.187297518505713,S3,0.886879704806146,-4.0,4.0,15,5479.0,True,0.8326670876690458,-5.0774591519553,3.6839063381282915,r1_basin_level_performance_rebuilt.csv + r1_basin_level_ct.csv
14185900,dPL-MLP,dPL-MLP,TGD,XAJ-TGD,test,median_across_seeds,True,0.187297518505713,S3,0.8451866235189772,-17.0,17.0,15,5479.0,True,0.7387295034772425,-6.761359766300742,4.603234296980185,r1_basin_level_performance_rebuilt.csv + r1_basin_level_ct.csv
14187000,IC-CMA-ES,IC-CMA-ES,Base,XAJ-Base,test,selected_restart,True,0.0895194173938424,S2,0.9184080137118479,-12.0,12.0,15,5479.0,True,0.8498149391586378,2.8187425688452095,2.1232701562871394,r1_basin_level_performance_rebuilt.csv + r1_basin_level_ct.csv
14187000,IC-CMA-ES,IC-CMA-ES,CN,XAJ-CN,test,selected_restart,True,0.0895194173938424,S2,0.934198761989093,-2.0,2.0,15,5479.0,True,0.88272906376844,2.867494377082369,1.8762343568141413,r1_basin_level_performance_rebuilt.csv + r1_basin_level_ct.csv
14187000,IC-CMA-ES,IC-CMA-ES,TGD,XAJ-TGD,test,selected_restart,True,0.0895194173938424,S2,0.9257079125532013,-10.0,10.0,15,5479.0,True,0.8631575591352368,2.408812934155824,2.0267598586007582,r1_basin_level_performance_rebuilt.csv + r1_basin_level_ct.csv
14187000,dPL-MLP,dPL-MLP,Base,XAJ-Base,test,median_across_seeds,True,0.0895194173938424,S2,0.9270825432960529,-12.0,12.0,15,5479.0,True,0.8576611697216308,-0.955618896645087,2.06706238667541,r1_basin_level_performance_rebuilt.csv + r1_basin_level_ct.csv
14187000,dPL-MLP,dPL-MLP,CN,XAJ-CN,test,median_across_seeds,True,0.0895194173938424,S2,0.943673655164303,-4.0,4.0,15,5479.0,True,0.8876710016542873,0.5159946908853039,1.8362754638685415,r1_basin_level_performance_rebuilt.csv + r1_basin_level_ct.csv
14187000,dPL-MLP,dPL-MLP,TGD,XAJ-TGD,test,median_across_seeds,True,0.0895194173938424,S2,0.9314649542061015,-13.0,13.0,15,5479.0,True,0.8670570395280158,-0.6017956487674491,1.9976737413161465,r1_basin_level_performance_rebuilt.csv + r1_basin_level_ct.csv
14216500,IC-CMA-ES,IC-CMA-ES,Base,XAJ-Base,test,selected_restart,True,0.295816183757834,S3,0.7577917664693696,-27.0,27.0,15,5479.0,True,0.5182350025905844,0.5247779566538487,4.613152735590044,r1_basin_level_performance_rebuilt.csv + r1_basin_level_ct.csv
14216500,IC-CMA-ES,IC-CMA-ES,CN,XAJ-CN,test,selected_restart,True,0.295816183757834,S3,0.8788857166177535,-1.0,1.0,15,5479.0,True,0.7626602213821978,-0.23086505486396797,3.2379152606066888,r1_basin_level_performance_rebuilt.csv + r1_basin_level_ct.csv
14216500,IC-CMA-ES,IC-CMA-ES,TGD,XAJ-TGD,test,selected_restart,True,0.295816183757834,S3,0.7906550788876534,-25.0,25.0,15,5479.0,True,0.586064778723419,-0.21696989569056524,4.276085723301026,r1_basin_level_performance_rebuilt.csv + r1_basin_level_ct.csv
14216500,dPL-MLP,dPL-MLP,Base,XAJ-Base,test,median_across_seeds,True,0.295816183757834,S3,0.7784334745910975,-27.0,27.0,15,5479.0,True,0.5526748555115162,-0.7725899051983193,4.445205751874018,r1_basin_level_performance_rebuilt.csv + r1_basin_level_ct.csv
14216500,dPL-MLP,dPL-MLP,CN,XAJ-CN,test,median_across_seeds,True,0.295816183757834,S3,0.877547025245028,-1.0,1.0,15,5479.0,True,0.7581482150625961,-2.4634127062519355,3.2685479512509366,r1_basin_level_performance_rebuilt.csv + r1_basin_level_ct.csv
14216500,dPL-MLP,dPL-MLP,TGD,XAJ-TGD,test,median_across_seeds,True,0.295816183757834,S3,0.7958562197017386,-24.0,24.0,15,5479.0,True,0.5926464779734195,-1.9605740042193716,4.241953954196517,r1_basin_level_performance_rebuilt.csv + r1_basin_level_ct.csv
14222500,IC-CMA-ES,IC-CMA-ES,Base,XAJ-Base,test,selected_restart,True,0.0900274241194852,S2,0.9087919162526243,-7.0,7.0,15,5479.0,True,0.8304239610805194,3.482824823335213,3.0246825612498287,r1_basin_level_performance_rebuilt.csv + r1_basin_level_ct.csv
14222500,IC-CMA-ES,IC-CMA-ES,CN,XAJ-CN,test,selected_restart,True,0.0900274241194852,S2,0.92923398900121,-4.0,4.0,15,5479.0,True,0.8766844468328051,3.5552946786431456,2.579327490531092,r1_basin_level_performance_rebuilt.csv + r1_basin_level_ct.csv
14222500,IC-CMA-ES,IC-CMA-ES,TGD,XAJ-TGD,test,selected_restart,True,0.0900274241194852,S2,0.9123832330145047,-5.0,5.0,15,5479.0,True,0.8378164127514348,3.4044206335252856,2.9580193473057284,r1_basin_level_performance_rebuilt.csv + r1_basin_level_ct.csv
14222500,dPL-MLP,dPL-MLP,Base,XAJ-Base,test,median_across_seeds,True,0.0900274241194852,S2,0.9110810329921827,-7.0,7.0,15,5479.0,True,0.8263485594276652,1.9162669477555827,3.0608126981508113,r1_basin_level_performance_rebuilt.csv + r1_basin_level_ct.csv
14222500,dPL-MLP,dPL-MLP,CN,XAJ-CN,test,median_across_seeds,True,0.0900274241194852,S2,0.9199502517567661,-3.0,3.0,15,5479.0,True,0.8671560525426814,2.829885166480426,2.6771237398784615,r1_basin_level_performance_rebuilt.csv + r1_basin_level_ct.csv
14222500,dPL-MLP,dPL-MLP,TGD,XAJ-TGD,test,median_across_seeds,True,0.0900274241194852,S2,0.9083724775911802,-8.0,8.0,15,5479.0,True,0.8283622459744585,4.584670389899531,3.0430141416164234,r1_basin_level_performance_rebuilt.csv + r1_basin_level_ct.csv
14236200,IC-CMA-ES,IC-CMA-ES,Base,XAJ-Base,test,selected_restart,True,0.11471395531314,S2,0.8170686852553559,-13.0,13.0,15,5479.0,True,0.6822795202971388,-5.941585210947941,4.2966086640817505,r1_basin_level_performance_rebuilt.csv + r1_basin_level_ct.csv
14236200,IC-CMA-ES,IC-CMA-ES,CN,XAJ-CN,test,selected_restart,True,0.11471395531314,S2,0.8582201385406437,-6.0,6.0,15,5479.0,True,0.751596556998286,-5.542113479360272,3.799111156914511,r1_basin_level_performance_rebuilt.csv + r1_basin_level_ct.csv
14236200,IC-CMA-ES,IC-CMA-ES,TGD,XAJ-TGD,test,selected_restart,True,0.11471395531314,S2,0.8279463464949451,-9.0,9.0,15,5479.0,True,0.6945350873290022,-5.806430928526102,4.212926293780566,r1_basin_level_performance_rebuilt.csv + r1_basin_level_ct.csv
14236200,dPL-MLP,dPL-MLP,Base,XAJ-Base,test,median_across_seeds,True,0.11471395531314,S2,0.7805624482393091,-15.0,15.0,15,5479.0,True,0.7500000465967994,-14.070118608199953,3.811300211166543,r1_basin_level_performance_rebuilt.csv + r1_basin_level_ct.csv
14236200,dPL-MLP,dPL-MLP,CN,XAJ-CN,test,median_across_seeds,True,0.11471395531314,S2,0.8110276484906753,-6.0,6.0,15,5479.0,True,0.7898131168841112,-8.40643322879613,3.4946686182678293,r1_basin_level_performance_rebuilt.csv + r1_basin_level_ct.csv
14236200,dPL-MLP,dPL-MLP,TGD,XAJ-TGD,test,median_across_seeds,True,0.11471395531314,S2,0.7575670586737373,-15.0,15.0,15,5479.0,True,0.7182500257274851,-12.143624935061347,4.046086261701743,r1_basin_level_performance_rebuilt.csv + r1_basin_level_ct.csv
14301000,IC-CMA-ES,IC-CMA-ES,Base,XAJ-Base,test,selected_restart,True,0.0324798903206775,S1,0.9678680189414066,-4.0,4.0,15,5479.0,True,0.9380572872299149,-0.6536393971438983,1.4503357164228792,r1_basin_level_performance_rebuilt.csv + r1_basin_level_ct.csv
14301000,IC-CMA-ES,IC-CMA-ES,CN,XAJ-CN,test,selected_restart,True,0.0324798903206775,S1,0.9701241027488305,-3.0,3.0,15,5479.0,True,0.9447594434925807,-0.7369217157674745,1.3696274580928465,r1_basin_level_performance_rebuilt.csv + r1_basin_level_ct.csv
14301000,IC-CMA-ES,IC-CMA-ES,TGD,XAJ-TGD,test,selected_restart,True,0.0324798903206775,S1,0.9725162609341619,-4.0,4.0,15,5479.0,True,0.9470907417306126,-0.6575220062209318,1.3404149659241635,r1_basin_level_performance_rebuilt.csv + r1_basin_level_ct.csv
14301000,dPL-MLP,dPL-MLP,Base,XAJ-Base,test,median_across_seeds,True,0.0324798903206775,S1,0.9663045340885351,-3.0,3.0,15,5479.0,True,0.9382840699326633,-0.43781603160835375,1.4476783202499417,r1_basin_level_performance_rebuilt.csv + r1_basin_level_ct.csv
14301000,dPL-MLP,dPL-MLP,CN,XAJ-CN,test,median_across_seeds,True,0.0324798903206775,S1,0.9506030506671901,-3.0,3.0,15,5479.0,True,0.9414621639450318,2.849947164025559,1.4099112099062254,r1_basin_level_performance_rebuilt.csv + r1_basin_level_ct.csv
14301000,dPL-MLP,dPL-MLP,TGD,XAJ-TGD,test,median_across_seeds,True,0.0324798903206775,S1,0.9617355946573851,-2.0,2.0,15,5479.0,True,0.9399773820760831,-0.360392555953801,1.427680074470867,r1_basin_level_performance_rebuilt.csv + r1_basin_level_ct.csv
14303200,IC-CMA-ES,IC-CMA-ES,Base,XAJ-Base,test,selected_restart,True,0.088754104072909,S2,0.8700183065731113,-6.0,6.0,15,5479.0,True,0.8440184751680857,-5.790265866437408,3.402388816311173,r1_basin_level_performance_rebuilt.csv + r1_basin_level_ct.csv
14303200,IC-CMA-ES,IC-CMA-ES,CN,XAJ-CN,test,selected_restart,True,0.088754104072909,S2,0.8811386769038,-4.0,4.0,15,5479.0,True,0.8698569946538992,-6.007153213345479,3.107833739188526,r1_basin_level_performance_rebuilt.csv + r1_basin_level_ct.csv
14303200,IC-CMA-ES,IC-CMA-ES,TGD,XAJ-TGD,test,selected_restart,True,0.088754104072909,S2,0.8733847306778297,-5.0,5.0,15,5479.0,True,0.8552063244335116,-5.929736873496645,3.278099697886563,r1_basin_level_performance_rebuilt.csv + r1_basin_level_ct.csv
14303200,dPL-MLP,dPL-MLP,Base,XAJ-Base,test,median_across_seeds,True,0.088754104072909,S2,0.8724596976321666,-5.0,5.0,15,5479.0,True,0.8568403938413359,-4.127947635081662,3.259549711509571,r1_basin_level_performance_rebuilt.csv + r1_basin_level_ct.csv
14303200,dPL-MLP,dPL-MLP,CN,XAJ-CN,test,median_across_seeds,True,0.088754104072909,S2,0.8871371023265443,-5.0,5.0,15,5479.0,True,0.867588068652699,-3.9694190767666604,3.134807820078792,r1_basin_level_performance_rebuilt.csv + r1_basin_level_ct.csv
14303200,dPL-MLP,dPL-MLP,TGD,XAJ-TGD,test,median_across_seeds,True,0.088754104072909,S2,0.8806802310141941,-5.0,5.0,15,5479.0,True,0.8582441507716043,-3.805164130220346,3.243529524165675,r1_basin_level_performance_rebuilt.csv + r1_basin_level_ct.csv
14305500,IC-CMA-ES,IC-CMA-ES,Base,XAJ-Base,test,selected_restart,True,0.0257414277847911,S1,0.853548913851545,-11.0,11.0,15,5479.0,True,0.7901717997177382,-3.1893777595223973,4.896096832364191,r1_basin_level_performance_rebuilt.csv + r1_basin_level_ct.csv
14305500,IC-CMA-ES,IC-CMA-ES,CN,XAJ-CN,test,selected_restart,True,0.0257414277847911,S1,0.8661760053249252,-8.0,8.0,15,5479.0,True,0.8190151774116131,-3.5230792797684685,4.54714861815124,r1_basin_level_performance_rebuilt.csv + r1_basin_level_ct.csv
14305500,IC-CMA-ES,IC-CMA-ES,TGD,XAJ-TGD,test,selected_restart,True,0.0257414277847911,S1,0.8733507482436094,-10.0,10.0,15,5479.0,True,0.8188597299799654,-3.406347992980364,4.549100966565602,r1_basin_level_performance_rebuilt.csv + r1_basin_level_ct.csv
14305500,dPL-MLP,dPL-MLP,Base,XAJ-Base,test,median_across_seeds,True,0.0257414277847911,S1,0.8403264186156977,-11.0,11.0,15,5479.0,True,0.821175809471005,-10.297431338460463,4.519924750349386,r1_basin_level_performance_rebuilt.csv + r1_basin_level_ct.csv
14305500,dPL-MLP,dPL-MLP,CN,XAJ-CN,test,median_across_seeds,True,0.0257414277847911,S1,0.851499167962635,-6.0,6.0,15,5479.0,True,0.8176318688170237,-5.262087758612682,4.564492990459339,r1_basin_level_performance_rebuilt.csv + r1_basin_level_ct.csv
14305500,dPL-MLP,dPL-MLP,TGD,XAJ-TGD,test,median_across_seeds,True,0.0257414277847911,S1,0.8175418331520174,-12.0,12.0,15,5479.0,True,0.8017251433353206,-9.018123286825631,4.759396566171007,r1_basin_level_performance_rebuilt.csv + r1_basin_level_ct.csv
14306340,IC-CMA-ES,IC-CMA-ES,Base,XAJ-Base,test,selected_restart,True,0.0693804146431187,S2,0.7527833993617967,-9.0,9.0,15,5479.0,True,0.7618222482511069,20.420029859768015,3.8273185556166744,r1_basin_level_performance_rebuilt.csv + r1_basin_level_ct.csv
14306340,IC-CMA-ES,IC-CMA-ES,CN,XAJ-CN,test,selected_restart,True,0.0693804146431187,S2,0.7542815121952533,-6.0,6.0,15,5479.0,True,0.7365954060715817,20.559249231789106,4.024905496599264,r1_basin_level_performance_rebuilt.csv + r1_basin_level_ct.csv
14306340,IC-CMA-ES,IC-CMA-ES,TGD,XAJ-TGD,test,selected_restart,True,0.0693804146431187,S2,0.7545594085511131,-5.0,5.0,15,5479.0,True,0.774783837408473,20.886898506892194,3.721720823498994,r1_basin_level_performance_rebuilt.csv + r1_basin_level_ct.csv
14306340,dPL-MLP,dPL-MLP,Base,XAJ-Base,test,median_across_seeds,True,0.0693804146431187,S2,0.747106193847118,-3.0,3.0,15,5479.0,True,0.7767125318358439,21.787311306739852,3.7057506194389105,r1_basin_level_performance_rebuilt.csv + r1_basin_level_ct.csv
14306340,dPL-MLP,dPL-MLP,CN,XAJ-CN,test,median_across_seeds,True,0.0693804146431187,S2,0.7479703115114913,-3.0,3.0,15,5479.0,True,0.7671350016118328,22.074538293620552,3.784392061904309,r1_basin_level_performance_rebuilt.csv + r1_basin_level_ct.csv
14306340,dPL-MLP,dPL-MLP,TGD,XAJ-TGD,test,median_across_seeds,True,0.0693804146431187,S2,0.7260716081693916,-5.0,5.0,15,5479.0,True,0.791984439642669,24.67255981263044,3.5767775151916537,r1_basin_level_performance_rebuilt.csv + r1_basin_level_ct.csv
14306500,IC-CMA-ES,IC-CMA-ES,Base,XAJ-Base,test,selected_restart,True,0.0202982706122534,S1,0.785332074709938,-6.0,6.0,15,5479.0,True,0.8622262302763822,14.22310827291906,2.311969435942616,r1_basin_level_performance_rebuilt.csv + r1_basin_level_ct.csv
14306500,IC-CMA-ES,IC-CMA-ES,CN,XAJ-CN,test,selected_restart,True,0.0202982706122534,S1,0.7789429141228479,-4.0,4.0,15,5479.0,True,0.8512730358614291,14.34960832387229,2.402114330725839,r1_basin_level_performance_rebuilt.csv + r1_basin_level_ct.csv
14306500,IC-CMA-ES,IC-CMA-ES,TGD,XAJ-TGD,test,selected_restart,True,0.0202982706122534,S1,0.7886383443873581,-2.0,2.0,15,5479.0,True,0.8670427254375084,14.372254363369576,2.2711973338319837,r1_basin_level_performance_rebuilt.csv + r1_basin_level_ct.csv
14306500,dPL-MLP,dPL-MLP,Base,XAJ-Base,test,median_across_seeds,True,0.0202982706122534,S1,0.8082659331867615,-5.0,5.0,15,5479.0,True,0.8635968859861258,13.155360923083016,2.3004402634173915,r1_basin_level_performance_rebuilt.csv + r1_basin_level_ct.csv
14306500,dPL-MLP,dPL-MLP,CN,XAJ-CN,test,median_across_seeds,True,0.0202982706122534,S1,0.7541106220393996,-6.0,6.0,15,5479.0,True,0.8189615556135798,15.991311386515688,2.6502340059491076,r1_basin_level_performance_rebuilt.csv + r1_basin_level_ct.csv
14306500,dPL-MLP,dPL-MLP,TGD,XAJ-TGD,test,median_across_seeds,True,0.0202982706122534,S1,0.7890627383901194,-4.0,4.0,15,5479.0,True,0.866427875298625,14.550180373671624,2.2764427605491884,r1_basin_level_performance_rebuilt.csv + r1_basin_level_ct.csv
14308990,IC-CMA-ES,IC-CMA-ES,Base,XAJ-Base,test,selected_restart,True,0.135825515539971,S2,0.8600697155775183,-8.0,8.0,15,5479.0,True,0.7325162155987769,-3.1864751283181993,1.3805937271914988,r1_basin_level_performance_rebuilt.csv + r1_basin_level_ct.csv
14308990,IC-CMA-ES,IC-CMA-ES,CN,XAJ-CN,test,selected_restart,True,0.135825515539971,S2,0.8598857225240718,-15.0,15.0,15,5479.0,True,0.8244525787764392,-10.881947101771333,1.1184443845031056,r1_basin_level_performance_rebuilt.csv + r1_basin_level_ct.csv
14308990,IC-CMA-ES,IC-CMA-ES,TGD,XAJ-TGD,test,selected_restart,True,0.135825515539971,S2,0.8687123780301139,-11.0,11.0,15,5479.0,True,0.7762465877995031,-3.819548256784444,1.2627052895951583,r1_basin_level_performance_rebuilt.csv + r1_basin_level_ct.csv
14308990,dPL-MLP,dPL-MLP,Base,XAJ-Base,test,median_across_seeds,True,0.135825515539971,S2,0.9075026973191944,-3.0,3.0,15,5479.0,True,0.8183587154920169,-0.17890927208241078,1.1376913301003027,r1_basin_level_performance_rebuilt.csv + r1_basin_level_ct.csv
14308990,dPL-MLP,dPL-MLP,CN,XAJ-CN,test,median_across_seeds,True,0.135825515539971,S2,0.8895283280738704,-5.0,5.0,15,5479.0,True,0.7839599893728634,-0.8714915353208725,1.2407499354714344,r1_basin_level_performance_rebuilt.csv + r1_basin_level_ct.csv
14308990,dPL-MLP,dPL-MLP,TGD,XAJ-TGD,test,median_across_seeds,True,0.135825515539971,S2,0.9038510156703821,-2.0,2.0,15,5479.0,True,0.817585857684914,1.3717499303386316,1.1401091183178704,r1_basin_level_performance_rebuilt.csv + r1_basin_level_ct.csv
14309500,IC-CMA-ES,IC-CMA-ES,Base,XAJ-Base,test,selected_restart,True,0.0612553691709827,S2,0.7584649006308114,-10.0,10.0,15,5479.0,True,0.7473161314148946,14.943965760052022,2.629663806124108,r1_basin_level_performance_rebuilt.csv + r1_basin_level_ct.csv
14309500,IC-CMA-ES,IC-CMA-ES,CN,XAJ-CN,test,selected_restart,True,0.0612553691709827,S2,0.7679793843285659,-9.0,9.0,15,5479.0,True,0.7952338651441427,14.589991430410976,2.367230439194944,r1_basin_level_performance_rebuilt.csv + r1_basin_level_ct.csv
14309500,IC-CMA-ES,IC-CMA-ES,TGD,XAJ-TGD,test,selected_restart,True,0.0612553691709827,S2,0.7577430132667364,-10.0,10.0,15,5479.0,True,0.7519059829618657,15.050772953862099,2.6056712178732164,r1_basin_level_performance_rebuilt.csv + r1_basin_level_ct.csv
14309500,dPL-MLP,dPL-MLP,Base,XAJ-Base,test,median_across_seeds,True,0.0612553691709827,S2,0.7563129417267445,-7.0,7.0,15,5479.0,True,0.754341106112329,15.817455153314635,2.5928519303665025,r1_basin_level_performance_rebuilt.csv + r1_basin_level_ct.csv
14309500,dPL-MLP,dPL-MLP,CN,XAJ-CN,test,median_across_seeds,True,0.0612553691709827,S2,0.7688479708339948,-3.0,3.0,15,5479.0,True,0.8064719189957064,18.243027807650858,2.3013541977197147,r1_basin_level_performance_rebuilt.csv + r1_basin_level_ct.csv
14309500,dPL-MLP,dPL-MLP,TGD,XAJ-TGD,test,median_across_seeds,True,0.0612553691709827,S2,0.7636089969778332,-6.0,6.0,15,5479.0,True,0.7668148027124551,16.973442677450088,2.5261664275867246,r1_basin_level_performance_rebuilt.csv + r1_basin_level_ct.csv
14316700,IC-CMA-ES,IC-CMA-ES,Base,XAJ-Base,test,selected_restart,True,0.176336580742005,S3,0.8647193315333889,-8.0,8.0,15,5479.0,True,0.7331695187916994,-0.009749489154781481,2.584259353165289,r1_basin_level_performance_rebuilt.csv + r1_basin_level_ct.csv
14316700,IC-CMA-ES,IC-CMA-ES,CN,XAJ-CN,test,selected_restart,True,0.176336580742005,S3,0.9265883956032488,-4.0,4.0,15,5479.0,True,0.8559726668045728,-0.2115123703778133,1.8986321768701968,r1_basin_level_performance_rebuilt.csv + r1_basin_level_ct.csv
14316700,IC-CMA-ES,IC-CMA-ES,TGD,XAJ-TGD,test,selected_restart,True,0.176336580742005,S3,0.8819396171672254,-6.0,6.0,15,5479.0,True,0.767496610336805,0.06973765142568243,2.4123094685685196,r1_basin_level_performance_rebuilt.csv + r1_basin_level_ct.csv
14316700,dPL-MLP,dPL-MLP,Base,XAJ-Base,test,median_across_seeds,True,0.176336580742005,S3,0.8743274309950176,-8.0,8.0,15,5479.0,True,0.7517329012924279,-2.3893430132688085,2.492745618568551,r1_basin_level_performance_rebuilt.csv + r1_basin_level_ct.csv
14316700,dPL-MLP,dPL-MLP,CN,XAJ-CN,test,median_across_seeds,True,0.176336580742005,S3,0.9222506112286348,-5.0,5.0,15,5479.0,True,0.8528416864553707,-2.2434881628546766,1.9191582095492443,r1_basin_level_performance_rebuilt.csv + r1_basin_level_ct.csv
14316700,dPL-MLP,dPL-MLP,TGD,XAJ-TGD,test,median_across_seeds,True,0.176336580742005,S3,0.8831507541136974,-10.0,10.0,15,5479.0,True,0.7710262953433851,-2.827240530505133,2.3939285407062725,r1_basin_level_performance_rebuilt.csv + r1_basin_level_ct.csv
14325000,IC-CMA-ES,IC-CMA-ES,Base,XAJ-Base,test,selected_restart,True,0.0302033920558714,S1,0.9119249513017844,-8.0,8.0,15,5479.0,True,0.8280931257813655,-2.0176713934044694,3.1550572423767465,r1_basin_level_performance_rebuilt.csv + r1_basin_level_ct.csv
14325000,IC-CMA-ES,IC-CMA-ES,CN,XAJ-CN,test,selected_restart,True,0.0302033920558714,S1,0.9201213657496699,-5.0,5.0,15,5479.0,True,0.8417717303919569,-1.2005429639089338,3.0269319717581387,r1_basin_level_performance_rebuilt.csv + r1_basin_level_ct.csv
14325000,IC-CMA-ES,IC-CMA-ES,TGD,XAJ-TGD,test,selected_restart,True,0.0302033920558714,S1,0.9116858233275809,-6.0,6.0,15,5479.0,True,0.8268854412107334,-1.869105794613985,3.166120340619851,r1_basin_level_performance_rebuilt.csv + r1_basin_level_ct.csv
14325000,dPL-MLP,dPL-MLP,Base,XAJ-Base,test,median_across_seeds,True,0.0302033920558714,S1,0.9033290637996956,-4.0,4.0,15,5479.0,True,0.8284374827500589,-2.5782889622855842,3.151895616089585,r1_basin_level_performance_rebuilt.csv + r1_basin_level_ct.csv
14325000,dPL-MLP,dPL-MLP,CN,XAJ-CN,test,median_across_seeds,True,0.0302033920558714,S1,0.9076009018299219,-4.0,4.0,15,5479.0,True,0.8381407480251359,-1.9856521574802068,3.061465613350217,r1_basin_level_performance_rebuilt.csv + r1_basin_level_ct.csv
14325000,dPL-MLP,dPL-MLP,TGD,XAJ-TGD,test,median_across_seeds,True,0.0302033920558714,S1,0.8989636515537498,-4.0,4.0,15,5479.0,True,0.8209217947018661,-1.2980394519122982,3.2201936399110274,r1_basin_level_performance_rebuilt.csv + r1_basin_level_ct.csv
14362250,IC-CMA-ES,IC-CMA-ES,Base,XAJ-Base,test,selected_restart,True,0.141500009350329,S2,0.6695109294916164,-8.0,8.0,15,5479.0,True,0.6927366967664921,-20.93891302400496,0.569095925802359,r1_basin_level_performance_rebuilt.csv + r1_basin_level_ct.csv
14362250,IC-CMA-ES,IC-CMA-ES,CN,XAJ-CN,test,selected_restart,True,0.141500009350329,S2,0.8307826212817352,-9.0,9.0,15,5479.0,True,0.7848714746539796,9.819085507338263,0.47618874790634774,r1_basin_level_performance_rebuilt.csv + r1_basin_level_ct.csv
14362250,IC-CMA-ES,IC-CMA-ES,TGD,XAJ-TGD,test,selected_restart,True,0.141500009350329,S2,0.7423168932662823,-8.0,8.0,15,5479.0,True,0.6778423818233885,-19.581207969875244,0.582725914059644,r1_basin_level_performance_rebuilt.csv + r1_basin_level_ct.csv
14362250,dPL-MLP,dPL-MLP,Base,XAJ-Base,test,median_across_seeds,True,0.141500009350329,S2,0.30250736057432914,-1.0,1.0,15,5479.0,True,0.19218118095592707,27.733463635881193,0.9227564978305784,r1_basin_level_performance_rebuilt.csv + r1_basin_level_ct.csv
14362250,dPL-MLP,dPL-MLP,CN,XAJ-CN,test,median_across_seeds,True,0.141500009350329,S2,0.5959001724415074,-1.0,1.0,15,5479.0,True,0.5449029834577175,11.664510007358308,0.692599419368123,r1_basin_level_performance_rebuilt.csv + r1_basin_level_ct.csv
14362250,dPL-MLP,dPL-MLP,TGD,XAJ-TGD,test,median_across_seeds,True,0.141500009350329,S2,0.3523091101841469,-1.0,1.0,15,5479.0,True,0.2681820443743186,25.318082029437008,0.8782773026305696,r1_basin_level_performance_rebuilt.csv + r1_basin_level_ct.csv
14400000,IC-CMA-ES,IC-CMA-ES,Base,XAJ-Base,test,selected_restart,True,0.0243303906906382,S1,0.5637235750487353,-8.0,8.0,15,5479.0,True,0.5834845852659156,-30.512646480683717,8.724960301053294,r1_basin_level_performance_rebuilt.csv + r1_basin_level_ct.csv
14400000,IC-CMA-ES,IC-CMA-ES,CN,XAJ-CN,test,selected_restart,True,0.0243303906906382,S1,0.5650653697221809,-9.0,9.0,15,5479.0,True,0.5616990787914685,-30.64783376193067,8.950228271088307,r1_basin_level_performance_rebuilt.csv + r1_basin_level_ct.csv
14400000,IC-CMA-ES,IC-CMA-ES,TGD,XAJ-TGD,test,selected_restart,True,0.0243303906906382,S1,0.5639067414966337,-9.0,9.0,15,5479.0,True,0.5829175569540139,-30.697621698156443,8.730897196441257,r1_basin_level_performance_rebuilt.csv + r1_basin_level_ct.csv
14400000,dPL-MLP,dPL-MLP,Base,XAJ-Base,test,median_across_seeds,True,0.0243303906906382,S1,0.5139405709913831,-9.0,9.0,15,5479.0,True,0.659009231530414,-37.721529027345525,7.894401876095889,r1_basin_level_performance_rebuilt.csv + r1_basin_level_ct.csv
14400000,dPL-MLP,dPL-MLP,CN,XAJ-CN,test,median_across_seeds,True,0.0243303906906382,S1,0.5388763500817808,-9.0,9.0,15,5479.0,True,0.6554359860592085,-33.356593594689905,7.935656835750822,r1_basin_level_performance_rebuilt.csv + r1_basin_level_ct.csv
14400000,dPL-MLP,dPL-MLP,TGD,XAJ-TGD,test,median_across_seeds,True,0.0243303906906382,S1,0.5147835172258183,-10.0,10.0,15,5479.0,True,0.668107681253221,-36.10885981272376,7.788369024375892,r1_basin_level_performance_rebuilt.csv + r1_basin_level_ct.csv
