paradigm,structure,kge_threshold,ct_threshold,denominator_type,numerator,conditional_denominator,conditional_prevalence,conditional_ci_low,conditional_ci_high,all_valid_denominator,joint_prevalence,joint_ci_low,joint_ci_high,n_kge_pass,fraction_kge_pass,n_ct_acceptable,fraction_ct_acceptable,n_timing_large,fraction_timing_large
IC-CMA-ES,Base,0.4,10,structure_specific,146,425,0.34352941176470586,0.30176914803029625,0.3867844557908741,531,0.2749529190207156,0.24105461393596986,0.30983992467043314,425,0.800376647834275,303,0.5706214689265536,228,0.4293785310734463
IC-CMA-ES,Base,0.4,10,common_all_structures_pass,144,415,0.3469879518072289,0.303930608918384,0.39016949152542374,531,0.2711864406779661,nan,nan,415,0.7815442561205274,271,0.653012048192771,144,0.3469879518072289
IC-CMA-ES,Base,0.4,15,structure_specific,93,425,0.2188235294117647,0.18075454369682908,0.2527011009321761,531,0.1751412429378531,0.14491525423728815,0.2015065913370998,425,0.800376647834275,360,0.6779661016949152,171,0.3220338983050847
IC-CMA-ES,Base,0.4,15,common_all_structures_pass,92,415,0.2216867469879518,0.18302632816725853,0.25666754640626377,531,0.17325800376647835,nan,nan,415,0.7815442561205274,323,0.7783132530120482,92,0.2216867469879518
IC-CMA-ES,Base,0.4,20,structure_specific,61,425,0.14352941176470588,0.10927927050882659,0.1788973597740243,531,0.11487758945386065,0.08851224105461393,0.14124293785310735,425,0.800376647834275,399,0.751412429378531,132,0.24858757062146894
IC-CMA-ES,Base,0.4,20,common_all_structures_pass,60,415,0.14457831325301204,0.11080362318017026,0.18083138974406812,531,0.11299435028248588,nan,nan,415,0.7815442561205274,355,0.8554216867469879,60,0.14457831325301204
IC-CMA-ES,Base,0.41,10,structure_specific,144,422,0.3412322274881517,nan,nan,531,0.2711864406779661,nan,nan,422,0.7947269303201506,303,0.5706214689265536,228,0.4293785310734463
IC-CMA-ES,Base,0.41,10,common_all_structures_pass,141,412,0.3422330097087379,nan,nan,531,0.2655367231638418,nan,nan,412,0.775894538606403,271,0.6577669902912622,141,0.3422330097087379
IC-CMA-ES,Base,0.41,15,structure_specific,91,422,0.2156398104265403,nan,nan,531,0.1713747645951036,nan,nan,422,0.7947269303201506,360,0.6779661016949152,171,0.3220338983050847
IC-CMA-ES,Base,0.41,15,common_all_structures_pass,90,412,0.21844660194174756,nan,nan,531,0.1694915254237288,nan,nan,412,0.775894538606403,322,0.7815533980582524,90,0.21844660194174756
IC-CMA-ES,Base,0.41,20,structure_specific,59,422,0.13981042654028436,nan,nan,531,0.1111111111111111,nan,nan,422,0.7947269303201506,399,0.751412429378531,132,0.24858757062146894
IC-CMA-ES,Base,0.41,20,common_all_structures_pass,58,412,0.1407766990291262,nan,nan,531,0.10922787193973635,nan,nan,412,0.775894538606403,354,0.8592233009708737,58,0.1407766990291262
IC-CMA-ES,Base,0.42,10,structure_specific,143,419,0.3412887828162291,nan,nan,531,0.2693032015065913,nan,nan,419,0.7890772128060264,303,0.5706214689265536,228,0.4293785310734463
IC-CMA-ES,Base,0.42,10,common_all_structures_pass,139,409,0.33985330073349634,nan,nan,531,0.2617702448210923,nan,nan,409,0.7702448210922788,270,0.6601466992665037,139,0.33985330073349634
IC-CMA-ES,Base,0.42,15,structure_specific,90,419,0.21479713603818615,nan,nan,531,0.1694915254237288,nan,nan,419,0.7890772128060264,360,0.6779661016949152,171,0.3220338983050847
IC-CMA-ES,Base,0.42,15,common_all_structures_pass,88,409,0.21515892420537897,nan,nan,531,0.1657250470809793,nan,nan,409,0.7702448210922788,321,0.784841075794621,88,0.21515892420537897
IC-CMA-ES,Base,0.42,20,structure_specific,58,419,0.13842482100238662,nan,nan,531,0.10922787193973635,nan,nan,419,0.7890772128060264,399,0.751412429378531,132,0.24858757062146894
IC-CMA-ES,Base,0.42,20,common_all_structures_pass,57,409,0.1393643031784841,nan,nan,531,0.10734463276836158,nan,nan,409,0.7702448210922788,352,0.8606356968215159,57,0.1393643031784841
IC-CMA-ES,Base,0.43,10,structure_specific,139,412,0.33737864077669905,nan,nan,531,0.2617702448210923,nan,nan,412,0.775894538606403,303,0.5706214689265536,228,0.4293785310734463
IC-CMA-ES,Base,0.43,10,common_all_structures_pass,137,406,0.3374384236453202,nan,nan,531,0.2580037664783427,nan,nan,406,0.7645951035781544,269,0.6625615763546798,137,0.3374384236453202
IC-CMA-ES,Base,0.43,15,structure_specific,87,412,0.2111650485436893,nan,nan,531,0.1638418079096045,nan,nan,412,0.775894538606403,360,0.6779661016949152,171,0.3220338983050847
IC-CMA-ES,Base,0.43,15,common_all_structures_pass,86,406,0.21182266009852216,nan,nan,531,0.16195856873822975,nan,nan,406,0.7645951035781544,320,0.7881773399014779,86,0.21182266009852216
IC-CMA-ES,Base,0.43,20,structure_specific,57,412,0.1383495145631068,nan,nan,531,0.10734463276836158,nan,nan,412,0.775894538606403,399,0.751412429378531,132,0.24858757062146894
IC-CMA-ES,Base,0.43,20,common_all_structures_pass,56,406,0.13793103448275862,nan,nan,531,0.10546139359698682,nan,nan,406,0.7645951035781544,350,0.8620689655172413,56,0.13793103448275862
IC-CMA-ES,Base,0.44,10,structure_specific,137,409,0.33496332518337407,nan,nan,531,0.2580037664783427,nan,nan,409,0.7702448210922788,303,0.5706214689265536,228,0.4293785310734463
IC-CMA-ES,Base,0.44,10,common_all_structures_pass,134,403,0.3325062034739454,nan,nan,531,0.2523540489642185,nan,nan,403,0.7589453860640302,269,0.6674937965260546,134,0.3325062034739454
IC-CMA-ES,Base,0.44,15,structure_specific,85,409,0.2078239608801956,nan,nan,531,0.160075329566855,nan,nan,409,0.7702448210922788,360,0.6779661016949152,171,0.3220338983050847
IC-CMA-ES,Base,0.44,15,common_all_structures_pass,84,403,0.20843672456575682,nan,nan,531,0.15819209039548024,nan,nan,403,0.7589453860640302,319,0.7915632754342432,84,0.20843672456575682
IC-CMA-ES,Base,0.44,20,structure_specific,55,409,0.13447432762836187,nan,nan,531,0.10357815442561205,nan,nan,409,0.7702448210922788,399,0.751412429378531,132,0.24858757062146894
IC-CMA-ES,Base,0.44,20,common_all_structures_pass,54,403,0.13399503722084366,nan,nan,531,0.1016949152542373,nan,nan,403,0.7589453860640302,349,0.8660049627791563,54,0.13399503722084366
IC-CMA-ES,Base,0.45,10,structure_specific,135,406,0.33251231527093594,nan,nan,531,0.2542372881355932,nan,nan,406,0.7645951035781544,303,0.5706214689265536,228,0.4293785310734463
IC-CMA-ES,Base,0.45,10,common_all_structures_pass,133,400,0.3325,nan,nan,531,0.2504708097928437,nan,nan,400,0.7532956685499058,267,0.6675,133,0.3325
IC-CMA-ES,Base,0.45,15,structure_specific,83,406,0.2044334975369458,nan,nan,531,0.15630885122410546,nan,nan,406,0.7645951035781544,360,0.6779661016949152,171,0.3220338983050847
IC-CMA-ES,Base,0.45,15,common_all_structures_pass,83,400,0.2075,nan,nan,531,0.15630885122410546,nan,nan,400,0.7532956685499058,317,0.7925,83,0.2075
IC-CMA-ES,Base,0.45,20,structure_specific,53,406,0.13054187192118227,nan,nan,531,0.09981167608286252,nan,nan,406,0.7645951035781544,399,0.751412429378531,132,0.24858757062146894
IC-CMA-ES,Base,0.45,20,common_all_structures_pass,53,400,0.1325,nan,nan,531,0.09981167608286252,nan,nan,400,0.7532956685499058,347,0.8675,53,0.1325
IC-CMA-ES,Base,0.46,10,structure_specific,135,406,0.33251231527093594,nan,nan,531,0.2542372881355932,nan,nan,406,0.7645951035781544,303,0.5706214689265536,228,0.4293785310734463
IC-CMA-ES,Base,0.46,10,common_all_structures_pass,133,399,0.3333333333333333,nan,nan,531,0.2504708097928437,nan,nan,399,0.751412429378531,266,0.6666666666666666,133,0.3333333333333333
IC-CMA-ES,Base,0.46,15,structure_specific,83,406,0.2044334975369458,nan,nan,531,0.15630885122410546,nan,nan,406,0.7645951035781544,360,0.6779661016949152,171,0.3220338983050847
IC-CMA-ES,Base,0.46,15,common_all_structures_pass,83,399,0.20802005012531327,nan,nan,531,0.15630885122410546,nan,nan,399,0.751412429378531,316,0.7919799498746867,83,0.20802005012531327
IC-CMA-ES,Base,0.46,20,structure_specific,53,406,0.13054187192118227,nan,nan,531,0.09981167608286252,nan,nan,406,0.7645951035781544,399,0.751412429378531,132,0.24858757062146894
IC-CMA-ES,Base,0.46,20,common_all_structures_pass,53,399,0.13283208020050125,nan,nan,531,0.09981167608286252,nan,nan,399,0.751412429378531,346,0.8671679197994987,53,0.13283208020050125
IC-CMA-ES,Base,0.47,10,structure_specific,134,405,0.3308641975308642,nan,nan,531,0.2523540489642185,nan,nan,405,0.7627118644067796,303,0.5706214689265536,228,0.4293785310734463
IC-CMA-ES,Base,0.47,10,common_all_structures_pass,132,397,0.33249370277078083,nan,nan,531,0.24858757062146894,nan,nan,397,0.7476459510357816,265,0.6675062972292192,132,0.33249370277078083
IC-CMA-ES,Base,0.47,15,structure_specific,82,405,0.20246913580246914,nan,nan,531,0.1544256120527307,nan,nan,405,0.7627118644067796,360,0.6779661016949152,171,0.3220338983050847
IC-CMA-ES,Base,0.47,15,common_all_structures_pass,82,397,0.20654911838790932,nan,nan,531,0.1544256120527307,nan,nan,397,0.7476459510357816,315,0.7934508816120907,82,0.20654911838790932
IC-CMA-ES,Base,0.47,20,structure_specific,52,405,0.12839506172839507,nan,nan,531,0.09792843691148775,nan,nan,405,0.7627118644067796,399,0.751412429378531,132,0.24858757062146894
IC-CMA-ES,Base,0.47,20,common_all_structures_pass,52,397,0.1309823677581864,nan,nan,531,0.09792843691148775,nan,nan,397,0.7476459510357816,345,0.8690176322418136,52,0.1309823677581864
IC-CMA-ES,Base,0.48,10,structure_specific,131,402,0.32587064676616917,nan,nan,531,0.24670433145009416,nan,nan,402,0.7570621468926554,303,0.5706214689265536,228,0.4293785310734463
IC-CMA-ES,Base,0.48,10,common_all_structures_pass,128,392,0.32653061224489793,nan,nan,531,0.24105461393596986,nan,nan,392,0.7382297551789078,264,0.673469387755102,128,0.32653061224489793
IC-CMA-ES,Base,0.48,15,structure_specific,79,402,0.19651741293532338,nan,nan,531,0.1487758945386064,nan,nan,402,0.7570621468926554,360,0.6779661016949152,171,0.3220338983050847
IC-CMA-ES,Base,0.48,15,common_all_structures_pass,78,392,0.1989795918367347,nan,nan,531,0.14689265536723164,nan,nan,392,0.7382297551789078,314,0.8010204081632653,78,0.1989795918367347
IC-CMA-ES,Base,0.48,20,structure_specific,49,402,0.12189054726368159,nan,nan,531,0.09227871939736347,nan,nan,402,0.7570621468926554,399,0.751412429378531,132,0.24858757062146894
IC-CMA-ES,Base,0.48,20,common_all_structures_pass,48,392,0.12244897959183673,nan,nan,531,0.0903954802259887,nan,nan,392,0.7382297551789078,344,0.8775510204081632,48,0.12244897959183673
IC-CMA-ES,Base,0.49,10,structure_specific,131,398,0.32914572864321606,nan,nan,531,0.24670433145009416,nan,nan,398,0.7495291902071564,303,0.5706214689265536,228,0.4293785310734463
IC-CMA-ES,Base,0.49,10,common_all_structures_pass,128,389,0.32904884318766064,nan,nan,531,0.24105461393596986,nan,nan,389,0.7325800376647834,261,0.6709511568123393,128,0.32904884318766064
IC-CMA-ES,Base,0.49,15,structure_specific,79,398,0.1984924623115578,nan,nan,531,0.1487758945386064,nan,nan,398,0.7495291902071564,360,0.6779661016949152,171,0.3220338983050847
IC-CMA-ES,Base,0.49,15,common_all_structures_pass,78,389,0.20051413881748073,nan,nan,531,0.14689265536723164,nan,nan,389,0.7325800376647834,311,0.7994858611825193,78,0.20051413881748073
IC-CMA-ES,Base,0.49,20,structure_specific,49,398,0.12311557788944724,nan,nan,531,0.09227871939736347,nan,nan,398,0.7495291902071564,399,0.751412429378531,132,0.24858757062146894
IC-CMA-ES,Base,0.49,20,common_all_structures_pass,48,389,0.12339331619537275,nan,nan,531,0.0903954802259887,nan,nan,389,0.7325800376647834,341,0.8766066838046273,48,0.12339331619537275
IC-CMA-ES,Base,0.5,10,structure_specific,126,391,0.32225063938618925,0.27891959798994975,0.3696131912864896,531,0.23728813559322035,0.20240112994350282,0.2730696798493409,391,0.736346516007533,303,0.5706214689265536,228,0.4293785310734463
IC-CMA-ES,Base,0.5,10,common_all_structures_pass,124,382,0.32460732984293195,0.2790029254704898,0.3726067913385827,531,0.2335216572504708,nan,nan,382,0.71939736346516,258,0.675392670157068,124,0.32460732984293195
IC-CMA-ES,Base,0.5,15,structure_specific,76,391,0.19437340153452684,0.1565089285714286,0.23368527797661656,531,0.1431261770244821,0.11487758945386065,0.1713747645951036,391,0.736346516007533,360,0.6779661016949152,171,0.3220338983050847
IC-CMA-ES,Base,0.5,15,common_all_structures_pass,76,382,0.19895287958115182,0.15899467209210544,0.23803475935828877,531,0.1431261770244821,nan,nan,382,0.71939736346516,306,0.8010471204188482,76,0.19895287958115182
IC-CMA-ES,Base,0.5,20,structure_specific,47,391,0.12020460358056266,0.08712265746566539,0.15575034870063134,531,0.08851224105461393,0.06492467043314501,0.11487758945386065,391,0.736346516007533,399,0.751412429378531,132,0.24858757062146894
IC-CMA-ES,Base,0.5,20,common_all_structures_pass,47,382,0.12303664921465969,0.08982655627750995,0.15933991482771967,531,0.08851224105461393,nan,nan,382,0.71939736346516,335,0.8769633507853403,47,0.12303664921465969
IC-CMA-ES,Base,0.51,10,structure_specific,123,387,0.3178294573643411,nan,nan,531,0.23163841807909605,nan,nan,387,0.7288135593220338,303,0.5706214689265536,228,0.4293785310734463
IC-CMA-ES,Base,0.51,10,common_all_structures_pass,120,377,0.3183023872679045,nan,nan,531,0.22598870056497175,nan,nan,377,0.7099811676082862,257,0.6816976127320955,120,0.3183023872679045
IC-CMA-ES,Base,0.51,15,structure_specific,74,387,0.19121447028423771,nan,nan,531,0.1393596986817326,nan,nan,387,0.7288135593220338,360,0.6779661016949152,171,0.3220338983050847
IC-CMA-ES,Base,0.51,15,common_all_structures_pass,74,377,0.1962864721485411,nan,nan,531,0.1393596986817326,nan,nan,377,0.7099811676082862,303,0.8037135278514589,74,0.1962864721485411
IC-CMA-ES,Base,0.51,20,structure_specific,47,387,0.12144702842377261,nan,nan,531,0.08851224105461393,nan,nan,387,0.7288135593220338,399,0.751412429378531,132,0.24858757062146894
IC-CMA-ES,Base,0.51,20,common_all_structures_pass,47,377,0.1246684350132626,nan,nan,531,0.08851224105461393,nan,nan,377,0.7099811676082862,330,0.8753315649867374,47,0.1246684350132626
IC-CMA-ES,Base,0.52,10,structure_specific,119,383,0.31070496083550914,nan,nan,531,0.224105461393597,nan,nan,383,0.7212806026365348,303,0.5706214689265536,228,0.4293785310734463
IC-CMA-ES,Base,0.52,10,common_all_structures_pass,116,372,0.3118279569892473,nan,nan,531,0.2184557438794727,nan,nan,372,0.7005649717514124,256,0.6881720430107527,116,0.3118279569892473
IC-CMA-ES,Base,0.52,15,structure_specific,70,383,0.18276762402088773,nan,nan,531,0.1318267419962335,nan,nan,383,0.7212806026365348,360,0.6779661016949152,171,0.3220338983050847
IC-CMA-ES,Base,0.52,15,common_all_structures_pass,70,372,0.1881720430107527,nan,nan,531,0.1318267419962335,nan,nan,372,0.7005649717514124,302,0.8118279569892473,70,0.1881720430107527
IC-CMA-ES,Base,0.52,20,structure_specific,45,383,0.1174934725848564,nan,nan,531,0.0847457627118644,nan,nan,383,0.7212806026365348,399,0.751412429378531,132,0.24858757062146894
IC-CMA-ES,Base,0.52,20,common_all_structures_pass,45,372,0.12096774193548387,nan,nan,531,0.0847457627118644,nan,nan,372,0.7005649717514124,327,0.8790322580645161,45,0.12096774193548387
IC-CMA-ES,Base,0.53,10,structure_specific,118,379,0.3113456464379947,nan,nan,531,0.2222222222222222,nan,nan,379,0.7137476459510358,303,0.5706214689265536,228,0.4293785310734463
IC-CMA-ES,Base,0.53,10,common_all_structures_pass,115,369,0.3116531165311653,nan,nan,531,0.21657250470809794,nan,nan,369,0.6949152542372882,254,0.6883468834688347,115,0.3116531165311653
IC-CMA-ES,Base,0.53,15,structure_specific,69,379,0.1820580474934037,nan,nan,531,0.12994350282485875,nan,nan,379,0.7137476459510358,360,0.6779661016949152,171,0.3220338983050847
IC-CMA-ES,Base,0.53,15,common_all_structures_pass,69,369,0.18699186991869918,nan,nan,531,0.12994350282485875,nan,nan,369,0.6949152542372882,300,0.8130081300813008,69,0.18699186991869918
IC-CMA-ES,Base,0.53,20,structure_specific,44,379,0.11609498680738786,nan,nan,531,0.08286252354048965,nan,nan,379,0.7137476459510358,399,0.751412429378531,132,0.24858757062146894
IC-CMA-ES,Base,0.53,20,common_all_structures_pass,44,369,0.11924119241192412,nan,nan,531,0.08286252354048965,nan,nan,369,0.6949152542372882,325,0.8807588075880759,44,0.11924119241192412
IC-CMA-ES,Base,0.54,10,structure_specific,116,376,0.30851063829787234,nan,nan,531,0.2184557438794727,nan,nan,376,0.7080979284369114,303,0.5706214689265536,228,0.4293785310734463
IC-CMA-ES,Base,0.54,10,common_all_structures_pass,111,363,0.30578512396694213,nan,nan,531,0.20903954802259886,nan,nan,363,0.6836158192090396,252,0.6942148760330579,111,0.30578512396694213
IC-CMA-ES,Base,0.54,15,structure_specific,67,376,0.17819148936170212,nan,nan,531,0.12617702448210924,nan,nan,376,0.7080979284369114,360,0.6779661016949152,171,0.3220338983050847
IC-CMA-ES,Base,0.54,15,common_all_structures_pass,65,363,0.1790633608815427,nan,nan,531,0.1224105461393597,nan,nan,363,0.6836158192090396,298,0.8209366391184573,65,0.1790633608815427
IC-CMA-ES,Base,0.54,20,structure_specific,43,376,0.11436170212765957,nan,nan,531,0.08097928436911488,nan,nan,376,0.7080979284369114,399,0.751412429378531,132,0.24858757062146894
IC-CMA-ES,Base,0.54,20,common_all_structures_pass,42,363,0.11570247933884298,nan,nan,531,0.07909604519774012,nan,nan,363,0.6836158192090396,321,0.8842975206611571,42,0.11570247933884298
IC-CMA-ES,Base,0.55,10,structure_specific,111,368,0.3016304347826087,nan,nan,531,0.20903954802259886,nan,nan,368,0.6930320150659134,303,0.5706214689265536,228,0.4293785310734463
IC-CMA-ES,Base,0.55,10,common_all_structures_pass,106,356,0.29775280898876405,nan,nan,531,0.19962335216572505,nan,nan,356,0.6704331450094162,250,0.702247191011236,106,0.29775280898876405
IC-CMA-ES,Base,0.55,15,structure_specific,64,368,0.17391304347826086,nan,nan,531,0.12052730696798493,nan,nan,368,0.6930320150659134,360,0.6779661016949152,171,0.3220338983050847
IC-CMA-ES,Base,0.55,15,common_all_structures_pass,62,356,0.17415730337078653,nan,nan,531,0.1167608286252354,nan,nan,356,0.6704331450094162,294,0.8258426966292135,62,0.17415730337078653
IC-CMA-ES,Base,0.55,20,structure_specific,42,368,0.11413043478260869,nan,nan,531,0.07909604519774012,nan,nan,368,0.6930320150659134,399,0.751412429378531,132,0.24858757062146894
IC-CMA-ES,Base,0.55,20,common_all_structures_pass,41,356,0.1151685393258427,nan,nan,531,0.07721280602636535,nan,nan,356,0.6704331450094162,315,0.8848314606741573,41,0.1151685393258427
IC-CMA-ES,Base,0.56,10,structure_specific,110,363,0.30303030303030304,nan,nan,531,0.2071563088512241,nan,nan,363,0.6836158192090396,303,0.5706214689265536,228,0.4293785310734463
IC-CMA-ES,Base,0.56,10,common_all_structures_pass,105,352,0.29829545454545453,nan,nan,531,0.1977401129943503,nan,nan,352,0.6629001883239172,247,0.7017045454545454,105,0.29829545454545453
IC-CMA-ES,Base,0.56,15,structure_specific,63,363,0.17355371900826447,nan,nan,531,0.11864406779661017,nan,nan,363,0.6836158192090396,360,0.6779661016949152,171,0.3220338983050847
IC-CMA-ES,Base,0.56,15,common_all_structures_pass,62,352,0.17613636363636365,nan,nan,531,0.1167608286252354,nan,nan,352,0.6629001883239172,290,0.8238636363636364,62,0.17613636363636365
IC-CMA-ES,Base,0.56,20,structure_specific,42,363,0.11570247933884298,nan,nan,531,0.07909604519774012,nan,nan,363,0.6836158192090396,399,0.751412429378531,132,0.24858757062146894
IC-CMA-ES,Base,0.56,20,common_all_structures_pass,41,352,0.11647727272727272,nan,nan,531,0.07721280602636535,nan,nan,352,0.6629001883239172,311,0.8835227272727273,41,0.11647727272727272
IC-CMA-ES,Base,0.57,10,structure_specific,106,353,0.3002832861189802,nan,nan,531,0.19962335216572505,nan,nan,353,0.664783427495292,303,0.5706214689265536,228,0.4293785310734463
IC-CMA-ES,Base,0.57,10,common_all_structures_pass,101,345,0.2927536231884058,nan,nan,531,0.1902071563088512,nan,nan,345,0.6497175141242938,244,0.7072463768115942,101,0.2927536231884058
IC-CMA-ES,Base,0.57,15,structure_specific,59,353,0.1671388101983003,nan,nan,531,0.1111111111111111,nan,nan,353,0.664783427495292,360,0.6779661016949152,171,0.3220338983050847
IC-CMA-ES,Base,0.57,15,common_all_structures_pass,58,345,0.1681159420289855,nan,nan,531,0.10922787193973635,nan,nan,345,0.6497175141242938,287,0.8318840579710145,58,0.1681159420289855
IC-CMA-ES,Base,0.57,20,structure_specific,38,353,0.10764872521246459,nan,nan,531,0.07156308851224105,nan,nan,353,0.664783427495292,399,0.751412429378531,132,0.24858757062146894
IC-CMA-ES,Base,0.57,20,common_all_structures_pass,37,345,0.1072463768115942,nan,nan,531,0.0696798493408663,nan,nan,345,0.6497175141242938,308,0.8927536231884058,37,0.1072463768115942
IC-CMA-ES,Base,0.58,10,structure_specific,103,348,0.2959770114942529,nan,nan,531,0.19397363465160075,nan,nan,348,0.655367231638418,303,0.5706214689265536,228,0.4293785310734463
IC-CMA-ES,Base,0.58,10,common_all_structures_pass,101,341,0.2961876832844575,nan,nan,531,0.1902071563088512,nan,nan,341,0.6421845574387948,240,0.7038123167155426,101,0.2961876832844575
IC-CMA-ES,Base,0.58,15,structure_specific,58,348,0.16666666666666666,nan,nan,531,0.10922787193973635,nan,nan,348,0.655367231638418,360,0.6779661016949152,171,0.3220338983050847
IC-CMA-ES,Base,0.58,15,common_all_structures_pass,58,341,0.17008797653958943,nan,nan,531,0.10922787193973635,nan,nan,341,0.6421845574387948,283,0.8299120234604106,58,0.17008797653958943
IC-CMA-ES,Base,0.58,20,structure_specific,37,348,0.10632183908045977,nan,nan,531,0.0696798493408663,nan,nan,348,0.655367231638418,399,0.751412429378531,132,0.24858757062146894
IC-CMA-ES,Base,0.58,20,common_all_structures_pass,37,341,0.10850439882697947,nan,nan,531,0.0696798493408663,nan,nan,341,0.6421845574387948,304,0.8914956011730205,37,0.10850439882697947
IC-CMA-ES,Base,0.59,10,structure_specific,101,338,0.2988165680473373,nan,nan,531,0.1902071563088512,nan,nan,338,0.6365348399246704,303,0.5706214689265536,228,0.4293785310734463
IC-CMA-ES,Base,0.59,10,common_all_structures_pass,98,330,0.296969696969697,nan,nan,531,0.18455743879472694,nan,nan,330,0.6214689265536724,232,0.703030303030303,98,0.296969696969697
IC-CMA-ES,Base,0.59,15,structure_specific,58,338,0.17159763313609466,nan,nan,531,0.10922787193973635,nan,nan,338,0.6365348399246704,360,0.6779661016949152,171,0.3220338983050847
IC-CMA-ES,Base,0.59,15,common_all_structures_pass,57,330,0.17272727272727273,nan,nan,531,0.10734463276836158,nan,nan,330,0.6214689265536724,273,0.8272727272727273,57,0.17272727272727273
IC-CMA-ES,Base,0.59,20,structure_specific,37,338,0.10946745562130178,nan,nan,531,0.0696798493408663,nan,nan,338,0.6365348399246704,399,0.751412429378531,132,0.24858757062146894
IC-CMA-ES,Base,0.59,20,common_all_structures_pass,37,330,0.11212121212121212,nan,nan,531,0.0696798493408663,nan,nan,330,0.6214689265536724,293,0.8878787878787879,37,0.11212121212121212
IC-CMA-ES,Base,0.6,10,structure_specific,98,331,0.29607250755287007,0.2461508962304349,0.34796634615384614,531,0.18455743879472694,0.15254237288135594,0.22033898305084745,331,0.623352165725047,303,0.5706214689265536,228,0.4293785310734463
IC-CMA-ES,Base,0.6,10,common_all_structures_pass,94,321,0.29283489096573206,0.24527409459726895,0.3456857869616165,531,0.17702448210922786,nan,nan,321,0.6045197740112994,227,0.7071651090342679,94,0.29283489096573206
IC-CMA-ES,Base,0.6,15,structure_specific,56,331,0.1691842900302115,0.12773315503407817,0.21281897926634766,531,0.10546139359698682,0.08097928436911488,0.1318267419962335,331,0.623352165725047,360,0.6779661016949152,171,0.3220338983050847
IC-CMA-ES,Base,0.6,15,common_all_structures_pass,55,321,0.17133956386292834,0.1291774081774082,0.2168562708102109,531,0.10357815442561205,nan,nan,321,0.6045197740112994,266,0.8286604361370716,55,0.17133956386292834
IC-CMA-ES,Base,0.6,20,structure_specific,36,331,0.10876132930513595,0.07726521164021163,0.14548409794539824,531,0.06779661016949153,0.047080979284369114,0.0903954802259887,331,0.623352165725047,399,0.751412429378531,132,0.24858757062146894
IC-CMA-ES,Base,0.6,20,common_all_structures_pass,36,321,0.11214953271028037,0.0790411690035197,0.1498043186199108,531,0.06779661016949153,nan,nan,321,0.6045197740112994,285,0.8878504672897196,36,0.11214953271028037
IC-CMA-ES,Base,0.61,10,structure_specific,95,325,0.2923076923076923,nan,nan,531,0.17890772128060264,nan,nan,325,0.6120527306967984,303,0.5706214689265536,228,0.4293785310734463
IC-CMA-ES,Base,0.61,10,common_all_structures_pass,92,315,0.2920634920634921,nan,nan,531,0.17325800376647835,nan,nan,315,0.5932203389830508,223,0.707936507936508,92,0.2920634920634921
IC-CMA-ES,Base,0.61,15,structure_specific,53,325,0.16307692307692306,nan,nan,531,0.09981167608286252,nan,nan,325,0.6120527306967984,360,0.6779661016949152,171,0.3220338983050847
IC-CMA-ES,Base,0.61,15,common_all_structures_pass,53,315,0.16825396825396827,nan,nan,531,0.09981167608286252,nan,nan,315,0.5932203389830508,262,0.8317460317460318,53,0.16825396825396827
IC-CMA-ES,Base,0.61,20,structure_specific,34,325,0.10461538461538461,nan,nan,531,0.064030131826742,nan,nan,325,0.6120527306967984,399,0.751412429378531,132,0.24858757062146894
IC-CMA-ES,Base,0.61,20,common_all_structures_pass,34,315,0.10793650793650794,nan,nan,531,0.064030131826742,nan,nan,315,0.5932203389830508,281,0.8920634920634921,34,0.10793650793650794
IC-CMA-ES,Base,0.62,10,structure_specific,92,318,0.2893081761006289,nan,nan,531,0.17325800376647835,nan,nan,318,0.5988700564971752,303,0.5706214689265536,228,0.4293785310734463
IC-CMA-ES,Base,0.62,10,common_all_structures_pass,90,305,0.29508196721311475,nan,nan,531,0.1694915254237288,nan,nan,305,0.5743879472693032,215,0.7049180327868853,90,0.29508196721311475
IC-CMA-ES,Base,0.62,15,structure_specific,51,318,0.16037735849056603,nan,nan,531,0.096045197740113,nan,nan,318,0.5988700564971752,360,0.6779661016949152,171,0.3220338983050847
IC-CMA-ES,Base,0.62,15,common_all_structures_pass,51,305,0.16721311475409836,nan,nan,531,0.096045197740113,nan,nan,305,0.5743879472693032,254,0.8327868852459016,51,0.16721311475409836
IC-CMA-ES,Base,0.62,20,structure_specific,32,318,0.10062893081761007,nan,nan,531,0.060263653483992465,nan,nan,318,0.5988700564971752,399,0.751412429378531,132,0.24858757062146894
IC-CMA-ES,Base,0.62,20,common_all_structures_pass,32,305,0.10491803278688525,nan,nan,531,0.060263653483992465,nan,nan,305,0.5743879472693032,273,0.8950819672131147,32,0.10491803278688525
IC-CMA-ES,Base,0.63,10,structure_specific,86,306,0.28104575163398693,nan,nan,531,0.16195856873822975,nan,nan,306,0.576271186440678,303,0.5706214689265536,228,0.4293785310734463
IC-CMA-ES,Base,0.63,10,common_all_structures_pass,84,295,0.2847457627118644,nan,nan,531,0.15819209039548024,nan,nan,295,0.5555555555555556,211,0.7152542372881356,84,0.2847457627118644
IC-CMA-ES,Base,0.63,15,structure_specific,46,306,0.1503267973856209,nan,nan,531,0.08662900188323917,nan,nan,306,0.576271186440678,360,0.6779661016949152,171,0.3220338983050847
IC-CMA-ES,Base,0.63,15,common_all_structures_pass,45,295,0.15254237288135594,nan,nan,531,0.0847457627118644,nan,nan,295,0.5555555555555556,250,0.847457627118644,45,0.15254237288135594
IC-CMA-ES,Base,0.63,20,structure_specific,28,306,0.0915032679738562,nan,nan,531,0.05273069679849341,nan,nan,306,0.576271186440678,399,0.751412429378531,132,0.24858757062146894
IC-CMA-ES,Base,0.63,20,common_all_structures_pass,27,295,0.09152542372881356,nan,nan,531,0.05084745762711865,nan,nan,295,0.5555555555555556,268,0.9084745762711864,27,0.09152542372881356
IC-CMA-ES,Base,0.64,10,structure_specific,81,297,0.2727272727272727,nan,nan,531,0.15254237288135594,nan,nan,297,0.559322033898305,303,0.5706214689265536,228,0.4293785310734463
IC-CMA-ES,Base,0.64,10,common_all_structures_pass,80,287,0.2787456445993031,nan,nan,531,0.15065913370998116,nan,nan,287,0.5404896421845574,207,0.7212543554006968,80,0.2787456445993031
IC-CMA-ES,Base,0.64,15,structure_specific,42,297,0.1414141414141414,nan,nan,531,0.07909604519774012,nan,nan,297,0.559322033898305,360,0.6779661016949152,171,0.3220338983050847
IC-CMA-ES,Base,0.64,15,common_all_structures_pass,42,287,0.14634146341463414,nan,nan,531,0.07909604519774012,nan,nan,287,0.5404896421845574,245,0.8536585365853658,42,0.14634146341463414
IC-CMA-ES,Base,0.64,20,structure_specific,25,297,0.08417508417508418,nan,nan,531,0.047080979284369114,nan,nan,297,0.559322033898305,399,0.751412429378531,132,0.24858757062146894
IC-CMA-ES,Base,0.64,20,common_all_structures_pass,25,287,0.08710801393728224,nan,nan,531,0.047080979284369114,nan,nan,287,0.5404896421845574,262,0.9128919860627178,25,0.08710801393728224
IC-CMA-ES,Base,0.65,10,structure_specific,75,287,0.2613240418118467,nan,nan,531,0.14124293785310735,nan,nan,287,0.5404896421845574,303,0.5706214689265536,228,0.4293785310734463
IC-CMA-ES,Base,0.65,10,common_all_structures_pass,74,273,0.27106227106227104,nan,nan,531,0.1393596986817326,nan,nan,273,0.5141242937853108,199,0.7289377289377289,74,0.27106227106227104
IC-CMA-ES,Base,0.65,15,structure_specific,39,287,0.13588850174216027,nan,nan,531,0.07344632768361582,nan,nan,287,0.5404896421845574,360,0.6779661016949152,171,0.3220338983050847
IC-CMA-ES,Base,0.65,15,common_all_structures_pass,39,273,0.14285714285714285,nan,nan,531,0.07344632768361582,nan,nan,273,0.5141242937853108,234,0.8571428571428571,39,0.14285714285714285
IC-CMA-ES,Base,0.65,20,structure_specific,23,287,0.08013937282229965,nan,nan,531,0.04331450094161959,nan,nan,287,0.5404896421845574,399,0.751412429378531,132,0.24858757062146894
IC-CMA-ES,Base,0.65,20,common_all_structures_pass,23,273,0.08424908424908426,nan,nan,531,0.04331450094161959,nan,nan,273,0.5141242937853108,250,0.9157509157509157,23,0.08424908424908426
IC-CMA-ES,Base,0.66,10,structure_specific,71,275,0.2581818181818182,nan,nan,531,0.1337099811676083,nan,nan,275,0.5178907721280602,303,0.5706214689265536,228,0.4293785310734463
IC-CMA-ES,Base,0.66,10,common_all_structures_pass,69,261,0.26436781609195403,nan,nan,531,0.12994350282485875,nan,nan,261,0.4915254237288136,192,0.735632183908046,69,0.26436781609195403
IC-CMA-ES,Base,0.66,15,structure_specific,35,275,0.12727272727272726,nan,nan,531,0.06591337099811675,nan,nan,275,0.5178907721280602,360,0.6779661016949152,171,0.3220338983050847
IC-CMA-ES,Base,0.66,15,common_all_structures_pass,34,261,0.13026819923371646,nan,nan,531,0.064030131826742,nan,nan,261,0.4915254237288136,227,0.8697318007662835,34,0.13026819923371646
IC-CMA-ES,Base,0.66,20,structure_specific,21,275,0.07636363636363637,nan,nan,531,0.03954802259887006,nan,nan,275,0.5178907721280602,399,0.751412429378531,132,0.24858757062146894
IC-CMA-ES,Base,0.66,20,common_all_structures_pass,20,261,0.07662835249042145,nan,nan,531,0.03766478342749529,nan,nan,261,0.4915254237288136,241,0.9233716475095786,20,0.07662835249042145
IC-CMA-ES,Base,0.67,10,structure_specific,68,263,0.2585551330798479,nan,nan,531,0.128060263653484,nan,nan,263,0.4952919020715631,303,0.5706214689265536,228,0.4293785310734463
IC-CMA-ES,Base,0.67,10,common_all_structures_pass,65,250,0.26,nan,nan,531,0.1224105461393597,nan,nan,250,0.4708097928436911,185,0.74,65,0.26
IC-CMA-ES,Base,0.67,15,structure_specific,33,263,0.12547528517110265,nan,nan,531,0.062146892655367235,nan,nan,263,0.4952919020715631,360,0.6779661016949152,171,0.3220338983050847
IC-CMA-ES,Base,0.67,15,common_all_structures_pass,30,250,0.12,nan,nan,531,0.05649717514124294,nan,nan,250,0.4708097928436911,220,0.88,30,0.12
IC-CMA-ES,Base,0.67,20,structure_specific,19,263,0.07224334600760456,nan,nan,531,0.035781544256120526,nan,nan,263,0.4952919020715631,399,0.751412429378531,132,0.24858757062146894
IC-CMA-ES,Base,0.67,20,common_all_structures_pass,17,250,0.068,nan,nan,531,0.032015065913371,nan,nan,250,0.4708097928436911,233,0.932,17,0.068
IC-CMA-ES,Base,0.68,10,structure_specific,64,255,0.25098039215686274,nan,nan,531,0.12052730696798493,nan,nan,255,0.480225988700565,303,0.5706214689265536,228,0.4293785310734463
IC-CMA-ES,Base,0.68,10,common_all_structures_pass,62,242,0.256198347107438,nan,nan,531,0.1167608286252354,nan,nan,242,0.455743879472693,180,0.743801652892562,62,0.256198347107438
IC-CMA-ES,Base,0.68,15,structure_specific,31,255,0.12156862745098039,nan,nan,531,0.0583804143126177,nan,nan,255,0.480225988700565,360,0.6779661016949152,171,0.3220338983050847
IC-CMA-ES,Base,0.68,15,common_all_structures_pass,29,242,0.11983471074380166,nan,nan,531,0.054613935969868174,nan,nan,242,0.455743879472693,213,0.8801652892561983,29,0.11983471074380166
IC-CMA-ES,Base,0.68,20,structure_specific,18,255,0.07058823529411765,nan,nan,531,0.03389830508474576,nan,nan,255,0.480225988700565,399,0.751412429378531,132,0.24858757062146894
IC-CMA-ES,Base,0.68,20,common_all_structures_pass,17,242,0.07024793388429752,nan,nan,531,0.032015065913371,nan,nan,242,0.455743879472693,225,0.9297520661157025,17,0.07024793388429752
IC-CMA-ES,Base,0.69,10,structure_specific,61,244,0.25,nan,nan,531,0.11487758945386065,nan,nan,244,0.4595103578154426,303,0.5706214689265536,228,0.4293785310734463
IC-CMA-ES,Base,0.69,10,common_all_structures_pass,59,231,0.2554112554112554,nan,nan,531,0.1111111111111111,nan,nan,231,0.4350282485875706,172,0.7445887445887446,59,0.2554112554112554
IC-CMA-ES,Base,0.69,15,structure_specific,29,244,0.11885245901639344,nan,nan,531,0.054613935969868174,nan,nan,244,0.4595103578154426,360,0.6779661016949152,171,0.3220338983050847
IC-CMA-ES,Base,0.69,15,common_all_structures_pass,27,231,0.11688311688311688,nan,nan,531,0.05084745762711865,nan,nan,231,0.4350282485875706,204,0.8831168831168831,27,0.11688311688311688
IC-CMA-ES,Base,0.69,20,structure_specific,16,244,0.06557377049180328,nan,nan,531,0.030131826741996232,nan,nan,244,0.4595103578154426,399,0.751412429378531,132,0.24858757062146894
IC-CMA-ES,Base,0.69,20,common_all_structures_pass,15,231,0.06493506493506493,nan,nan,531,0.02824858757062147,nan,nan,231,0.4350282485875706,216,0.935064935064935,15,0.06493506493506493
IC-CMA-ES,Base,0.7,10,structure_specific,59,237,0.2489451476793249,0.20114183951393252,0.30770453175516466,531,0.1111111111111111,0.08851224105461393,0.1393596986817326,237,0.4463276836158192,303,0.5706214689265536,228,0.4293785310734463
IC-CMA-ES,Base,0.7,10,common_all_structures_pass,57,223,0.2556053811659193,0.20541666666666666,0.31695846413909684,531,0.10734463276836158,nan,nan,223,0.4199623352165725,166,0.7443946188340808,57,0.2556053811659193
IC-CMA-ES,Base,0.7,15,structure_specific,27,237,0.11392405063291139,0.07630522088353414,0.15494768891912025,531,0.05084745762711865,0.03389830508474576,0.07156308851224105,237,0.4463276836158192,360,0.6779661016949152,171,0.3220338983050847
IC-CMA-ES,Base,0.7,15,common_all_structures_pass,25,223,0.11210762331838565,0.07621076233183857,0.1541721902315754,531,0.047080979284369114,nan,nan,223,0.4199623352165725,198,0.8878923766816144,25,0.11210762331838565
IC-CMA-ES,Base,0.7,20,structure_specific,15,237,0.06329113924050633,0.03586711711711712,0.09599172118863993,531,0.02824858757062147,0.015065913370998116,0.04331450094161959,237,0.4463276836158192,399,0.751412429378531,132,0.24858757062146894
IC-CMA-ES,Base,0.7,20,common_all_structures_pass,15,223,0.06726457399103139,0.03872889305816135,0.10297431204241353,531,0.02824858757062147,nan,nan,223,0.4199623352165725,208,0.9327354260089686,15,0.06726457399103139
IC-CMA-ES,Base,0.71,10,structure_specific,56,221,0.25339366515837103,nan,nan,531,0.10546139359698682,nan,nan,221,0.416195856873823,303,0.5706214689265536,228,0.4293785310734463
IC-CMA-ES,Base,0.71,10,common_all_structures_pass,54,209,0.2583732057416268,nan,nan,531,0.1016949152542373,nan,nan,209,0.3935969868173258,155,0.7416267942583732,54,0.2583732057416268
IC-CMA-ES,Base,0.71,15,structure_specific,25,221,0.11312217194570136,nan,nan,531,0.047080979284369114,nan,nan,221,0.416195856873823,360,0.6779661016949152,171,0.3220338983050847
IC-CMA-ES,Base,0.71,15,common_all_structures_pass,24,209,0.11483253588516747,nan,nan,531,0.04519774011299435,nan,nan,209,0.3935969868173258,185,0.8851674641148325,24,0.11483253588516747
IC-CMA-ES,Base,0.71,20,structure_specific,14,221,0.06334841628959276,nan,nan,531,0.026365348399246705,nan,nan,221,0.416195856873823,399,0.751412429378531,132,0.24858757062146894
IC-CMA-ES,Base,0.71,20,common_all_structures_pass,14,209,0.06698564593301436,nan,nan,531,0.026365348399246705,nan,nan,209,0.3935969868173258,195,0.9330143540669856,14,0.06698564593301436
IC-CMA-ES,Base,0.72,10,structure_specific,54,211,0.2559241706161137,nan,nan,531,0.1016949152542373,nan,nan,211,0.3973634651600753,303,0.5706214689265536,228,0.4293785310734463
IC-CMA-ES,Base,0.72,10,common_all_structures_pass,53,203,0.26108374384236455,nan,nan,531,0.09981167608286252,nan,nan,203,0.3822975517890772,150,0.7389162561576355,53,0.26108374384236455
IC-CMA-ES,Base,0.72,15,structure_specific,24,211,0.11374407582938388,nan,nan,531,0.04519774011299435,nan,nan,211,0.3973634651600753,360,0.6779661016949152,171,0.3220338983050847
IC-CMA-ES,Base,0.72,15,common_all_structures_pass,23,203,0.11330049261083744,nan,nan,531,0.04331450094161959,nan,nan,203,0.3822975517890772,180,0.8866995073891626,23,0.11330049261083744
IC-CMA-ES,Base,0.72,20,structure_specific,13,211,0.061611374407582936,nan,nan,531,0.02448210922787194,nan,nan,211,0.3973634651600753,399,0.751412429378531,132,0.24858757062146894
IC-CMA-ES,Base,0.72,20,common_all_structures_pass,13,203,0.06403940886699508,nan,nan,531,0.02448210922787194,nan,nan,203,0.3822975517890772,190,0.9359605911330049,13,0.06403940886699508
IC-CMA-ES,Base,0.73,10,structure_specific,50,199,0.25125628140703515,nan,nan,531,0.09416195856873823,nan,nan,199,0.3747645951035782,303,0.5706214689265536,228,0.4293785310734463
IC-CMA-ES,Base,0.73,10,common_all_structures_pass,47,188,0.25,nan,nan,531,0.08851224105461393,nan,nan,188,0.3540489642184557,141,0.75,47,0.25
IC-CMA-ES,Base,0.73,15,structure_specific,22,199,0.11055276381909548,nan,nan,531,0.04143126177024482,nan,nan,199,0.3747645951035782,360,0.6779661016949152,171,0.3220338983050847
IC-CMA-ES,Base,0.73,15,common_all_structures_pass,20,188,0.10638297872340426,nan,nan,531,0.03766478342749529,nan,nan,188,0.3540489642184557,168,0.8936170212765957,20,0.10638297872340426
IC-CMA-ES,Base,0.73,20,structure_specific,11,199,0.05527638190954774,nan,nan,531,0.02071563088512241,nan,nan,199,0.3747645951035782,399,0.751412429378531,132,0.24858757062146894
IC-CMA-ES,Base,0.73,20,common_all_structures_pass,11,188,0.05851063829787234,nan,nan,531,0.02071563088512241,nan,nan,188,0.3540489642184557,177,0.9414893617021277,11,0.05851063829787234
IC-CMA-ES,Base,0.74,10,structure_specific,45,181,0.24861878453038674,nan,nan,531,0.0847457627118644,nan,nan,181,0.3408662900188324,303,0.5706214689265536,228,0.4293785310734463
IC-CMA-ES,Base,0.74,10,common_all_structures_pass,41,170,0.2411764705882353,nan,nan,531,0.07721280602636535,nan,nan,170,0.32015065913371,129,0.7588235294117647,41,0.2411764705882353
IC-CMA-ES,Base,0.74,15,structure_specific,19,181,0.10497237569060773,nan,nan,531,0.035781544256120526,nan,nan,181,0.3408662900188324,360,0.6779661016949152,171,0.3220338983050847
IC-CMA-ES,Base,0.74,15,common_all_structures_pass,16,170,0.09411764705882353,nan,nan,531,0.030131826741996232,nan,nan,170,0.32015065913371,154,0.9058823529411765,16,0.09411764705882353
IC-CMA-ES,Base,0.74,20,structure_specific,9,181,0.049723756906077346,nan,nan,531,0.01694915254237288,nan,nan,181,0.3408662900188324,399,0.751412429378531,132,0.24858757062146894
IC-CMA-ES,Base,0.74,20,common_all_structures_pass,8,170,0.047058823529411764,nan,nan,531,0.015065913370998116,nan,nan,170,0.32015065913371,162,0.9529411764705882,8,0.047058823529411764
IC-CMA-ES,Base,0.75,10,structure_specific,40,165,0.24242424242424243,nan,nan,531,0.07532956685499058,nan,nan,165,0.3107344632768362,303,0.5706214689265536,228,0.4293785310734463
IC-CMA-ES,Base,0.75,10,common_all_structures_pass,36,150,0.24,nan,nan,531,0.06779661016949153,nan,nan,150,0.2824858757062147,114,0.76,36,0.24
IC-CMA-ES,Base,0.75,15,structure_specific,17,165,0.10303030303030303,nan,nan,531,0.032015065913371,nan,nan,165,0.3107344632768362,360,0.6779661016949152,171,0.3220338983050847
IC-CMA-ES,Base,0.75,15,common_all_structures_pass,14,150,0.09333333333333334,nan,nan,531,0.026365348399246705,nan,nan,150,0.2824858757062147,136,0.9066666666666666,14,0.09333333333333334
IC-CMA-ES,Base,0.75,20,structure_specific,7,165,0.04242424242424243,nan,nan,531,0.013182674199623353,nan,nan,165,0.3107344632768362,399,0.751412429378531,132,0.24858757062146894
IC-CMA-ES,Base,0.75,20,common_all_structures_pass,6,150,0.04,nan,nan,531,0.011299435028248588,nan,nan,150,0.2824858757062147,144,0.96,6,0.04
IC-CMA-ES,Base,0.76,10,structure_specific,35,154,0.22727272727272727,nan,nan,531,0.06591337099811675,nan,nan,154,0.2900188323917137,303,0.5706214689265536,228,0.4293785310734463
IC-CMA-ES,Base,0.76,10,common_all_structures_pass,31,140,0.22142857142857142,nan,nan,531,0.0583804143126177,nan,nan,140,0.263653483992467,109,0.7785714285714286,31,0.22142857142857142
IC-CMA-ES,Base,0.76,15,structure_specific,14,154,0.09090909090909091,nan,nan,531,0.026365348399246705,nan,nan,154,0.2900188323917137,360,0.6779661016949152,171,0.3220338983050847
IC-CMA-ES,Base,0.76,15,common_all_structures_pass,11,140,0.07857142857142857,nan,nan,531,0.02071563088512241,nan,nan,140,0.263653483992467,129,0.9214285714285714,11,0.07857142857142857
IC-CMA-ES,Base,0.76,20,structure_specific,6,154,0.03896103896103896,nan,nan,531,0.011299435028248588,nan,nan,154,0.2900188323917137,399,0.751412429378531,132,0.24858757062146894
IC-CMA-ES,Base,0.76,20,common_all_structures_pass,5,140,0.03571428571428571,nan,nan,531,0.009416195856873822,nan,nan,140,0.263653483992467,135,0.9642857142857143,5,0.03571428571428571
IC-CMA-ES,Base,0.77,10,structure_specific,32,141,0.22695035460992907,nan,nan,531,0.060263653483992465,nan,nan,141,0.2655367231638418,303,0.5706214689265536,228,0.4293785310734463
IC-CMA-ES,Base,0.77,10,common_all_structures_pass,27,128,0.2109375,nan,nan,531,0.05084745762711865,nan,nan,128,0.24105461393596986,101,0.7890625,27,0.2109375
IC-CMA-ES,Base,0.77,15,structure_specific,13,141,0.09219858156028368,nan,nan,531,0.02448210922787194,nan,nan,141,0.2655367231638418,360,0.6779661016949152,171,0.3220338983050847
IC-CMA-ES,Base,0.77,15,common_all_structures_pass,10,128,0.078125,nan,nan,531,0.018832391713747645,nan,nan,128,0.24105461393596986,118,0.921875,10,0.078125
IC-CMA-ES,Base,0.77,20,structure_specific,5,141,0.03546099290780142,nan,nan,531,0.009416195856873822,nan,nan,141,0.2655367231638418,399,0.751412429378531,132,0.24858757062146894
IC-CMA-ES,Base,0.77,20,common_all_structures_pass,4,128,0.03125,nan,nan,531,0.007532956685499058,nan,nan,128,0.24105461393596986,124,0.96875,4,0.03125
IC-CMA-ES,Base,0.78,10,structure_specific,27,127,0.2125984251968504,nan,nan,531,0.05084745762711865,nan,nan,127,0.2391713747645951,303,0.5706214689265536,228,0.4293785310734463
IC-CMA-ES,Base,0.78,10,common_all_structures_pass,24,112,0.21428571428571427,nan,nan,531,0.04519774011299435,nan,nan,112,0.21092278719397364,88,0.7857142857142857,24,0.21428571428571427
IC-CMA-ES,Base,0.78,15,structure_specific,10,127,0.07874015748031496,nan,nan,531,0.018832391713747645,nan,nan,127,0.2391713747645951,360,0.6779661016949152,171,0.3220338983050847
IC-CMA-ES,Base,0.78,15,common_all_structures_pass,8,112,0.07142857142857142,nan,nan,531,0.015065913370998116,nan,nan,112,0.21092278719397364,104,0.9285714285714286,8,0.07142857142857142
IC-CMA-ES,Base,0.78,20,structure_specific,3,127,0.023622047244094488,nan,nan,531,0.005649717514124294,nan,nan,127,0.2391713747645951,399,0.751412429378531,132,0.24858757062146894
IC-CMA-ES,Base,0.78,20,common_all_structures_pass,3,112,0.026785714285714284,nan,nan,531,0.005649717514124294,nan,nan,112,0.21092278719397364,109,0.9732142857142857,3,0.026785714285714284
IC-CMA-ES,Base,0.79,10,structure_specific,23,113,0.20353982300884957,nan,nan,531,0.04331450094161959,nan,nan,113,0.2128060263653484,303,0.5706214689265536,228,0.4293785310734463
IC-CMA-ES,Base,0.79,10,common_all_structures_pass,21,101,0.2079207920792079,nan,nan,531,0.03954802259887006,nan,nan,101,0.1902071563088512,80,0.7920792079207921,21,0.2079207920792079
IC-CMA-ES,Base,0.79,15,structure_specific,8,113,0.07079646017699115,nan,nan,531,0.015065913370998116,nan,nan,113,0.2128060263653484,360,0.6779661016949152,171,0.3220338983050847
IC-CMA-ES,Base,0.79,15,common_all_structures_pass,6,101,0.0594059405940594,nan,nan,531,0.011299435028248588,nan,nan,101,0.1902071563088512,95,0.9405940594059405,6,0.0594059405940594
IC-CMA-ES,Base,0.79,20,structure_specific,1,113,0.008849557522123894,nan,nan,531,0.0018832391713747645,nan,nan,113,0.2128060263653484,399,0.751412429378531,132,0.24858757062146894
IC-CMA-ES,Base,0.79,20,common_all_structures_pass,1,101,0.009900990099009901,nan,nan,531,0.0018832391713747645,nan,nan,101,0.1902071563088512,100,0.9900990099009901,1,0.009900990099009901
IC-CMA-ES,Base,0.8,10,structure_specific,20,100,0.2,0.1326959544879899,0.28,531,0.03766478342749529,0.02448210922787194,0.054613935969868174,100,0.18832391713747645,303,0.5706214689265536,228,0.4293785310734463
IC-CMA-ES,Base,0.8,10,common_all_structures_pass,18,92,0.1956521739130435,0.12760611205432937,0.28005179648570677,531,0.03389830508474576,nan,nan,92,0.17325800376647835,74,0.8043478260869565,18,0.1956521739130435
IC-CMA-ES,Base,0.8,15,structure_specific,7,100,0.07,0.023529411764705882,0.12070652173913039,531,0.013182674199623353,0.003766478342749529,0.022598870056497175,100,0.18832391713747645,360,0.6779661016949152,171,0.3220338983050847
IC-CMA-ES,Base,0.8,15,common_all_structures_pass,5,92,0.05434782608695652,0.012040668119099492,0.10284166005815489,531,0.009416195856873822,nan,nan,92,0.17325800376647835,87,0.9456521739130435,5,0.05434782608695652
IC-CMA-ES,Base,0.8,20,structure_specific,1,100,0.01,0.0,0.034942791762013724,531,0.0018832391713747645,0.0,0.005649717514124294,100,0.18832391713747645,399,0.751412429378531,132,0.24858757062146894
IC-CMA-ES,Base,0.8,20,common_all_structures_pass,1,92,0.010869565217391304,0.0,0.038287545787545785,531,0.0018832391713747645,nan,nan,92,0.17325800376647835,91,0.9891304347826086,1,0.010869565217391304
IC-CMA-ES,TGD,0.4,10,structure_specific,136,479,0.2839248434237996,0.24116424116424118,0.3204375,531,0.256120527306968,0.2184557438794727,0.2900188323917137,479,0.9020715630885122,365,0.687382297551789,166,0.3126177024482109
IC-CMA-ES,TGD,0.4,10,common_all_structures_pass,100,415,0.24096385542168675,0.19708506703652334,0.28005159705159705,531,0.18832391713747645,nan,nan,415,0.7815442561205274,315,0.7590361445783133,100,0.24096385542168675
IC-CMA-ES,TGD,0.4,15,structure_specific,72,479,0.15031315240083507,0.11857006941752705,0.18118252870673035,531,0.13559322033898305,0.10734463276836158,0.16483050847457623,479,0.9020715630885122,434,0.8173258003766478,97,0.18267419962335216
IC-CMA-ES,TGD,0.4,15,common_all_structures_pass,50,415,0.12048192771084337,0.09199469482388414,0.15301852340461256,531,0.09416195856873823,nan,nan,415,0.7815442561205274,365,0.8795180722891566,50,0.12048192771084337
IC-CMA-ES,TGD,0.4,20,structure_specific,41,479,0.08559498956158663,0.062028362422997946,0.10994868769219766,531,0.07721280602636535,0.05649717514124294,0.09981167608286252,479,0.9020715630885122,469,0.8832391713747646,62,0.1167608286252354
IC-CMA-ES,TGD,0.4,20,common_all_structures_pass,30,415,0.07228915662650602,0.04854368932038835,0.09717635522843376,531,0.05649717514124294,nan,nan,415,0.7815442561205274,385,0.927710843373494,30,0.07228915662650602
IC-CMA-ES,TGD,0.41,10,structure_specific,134,476,0.2815126050420168,nan,nan,531,0.2523540489642185,nan,nan,476,0.896421845574388,365,0.687382297551789,166,0.3126177024482109
IC-CMA-ES,TGD,0.41,10,common_all_structures_pass,100,412,0.24271844660194175,nan,nan,531,0.18832391713747645,nan,nan,412,0.775894538606403,312,0.7572815533980582,100,0.24271844660194175
IC-CMA-ES,TGD,0.41,15,structure_specific,71,476,0.14915966386554622,nan,nan,531,0.1337099811676083,nan,nan,476,0.896421845574388,434,0.8173258003766478,97,0.18267419962335216
IC-CMA-ES,TGD,0.41,15,common_all_structures_pass,50,412,0.12135922330097088,nan,nan,531,0.09416195856873823,nan,nan,412,0.775894538606403,362,0.8786407766990292,50,0.12135922330097088
IC-CMA-ES,TGD,0.41,20,structure_specific,40,476,0.08403361344537816,nan,nan,531,0.07532956685499058,nan,nan,476,0.896421845574388,469,0.8832391713747646,62,0.1167608286252354
IC-CMA-ES,TGD,0.41,20,common_all_structures_pass,30,412,0.07281553398058252,nan,nan,531,0.05649717514124294,nan,nan,412,0.775894538606403,382,0.9271844660194175,30,0.07281553398058252
IC-CMA-ES,TGD,0.42,10,structure_specific,134,475,0.28210526315789475,nan,nan,531,0.2523540489642185,nan,nan,475,0.8945386064030132,365,0.687382297551789,166,0.3126177024482109
IC-CMA-ES,TGD,0.42,10,common_all_structures_pass,98,409,0.2396088019559902,nan,nan,531,0.18455743879472694,nan,nan,409,0.7702448210922788,311,0.7603911980440098,98,0.2396088019559902
IC-CMA-ES,TGD,0.42,15,structure_specific,71,475,0.14947368421052631,nan,nan,531,0.1337099811676083,nan,nan,475,0.8945386064030132,434,0.8173258003766478,97,0.18267419962335216
IC-CMA-ES,TGD,0.42,15,common_all_structures_pass,48,409,0.11735941320293398,nan,nan,531,0.0903954802259887,nan,nan,409,0.7702448210922788,361,0.882640586797066,48,0.11735941320293398
IC-CMA-ES,TGD,0.42,20,structure_specific,40,475,0.08421052631578947,nan,nan,531,0.07532956685499058,nan,nan,475,0.8945386064030132,469,0.8832391713747646,62,0.1167608286252354
IC-CMA-ES,TGD,0.42,20,common_all_structures_pass,29,409,0.07090464547677261,nan,nan,531,0.054613935969868174,nan,nan,409,0.7702448210922788,380,0.9290953545232273,29,0.07090464547677261
IC-CMA-ES,TGD,0.43,10,structure_specific,133,473,0.28118393234672306,nan,nan,531,0.2504708097928437,nan,nan,473,0.8907721280602636,365,0.687382297551789,166,0.3126177024482109
IC-CMA-ES,TGD,0.43,10,common_all_structures_pass,96,406,0.23645320197044334,nan,nan,531,0.1807909604519774,nan,nan,406,0.7645951035781544,310,0.7635467980295566,96,0.23645320197044334
IC-CMA-ES,TGD,0.43,15,structure_specific,70,473,0.14799154334038056,nan,nan,531,0.1318267419962335,nan,nan,473,0.8907721280602636,434,0.8173258003766478,97,0.18267419962335216
IC-CMA-ES,TGD,0.43,15,common_all_structures_pass,46,406,0.11330049261083744,nan,nan,531,0.08662900188323917,nan,nan,406,0.7645951035781544,360,0.8866995073891626,46,0.11330049261083744
IC-CMA-ES,TGD,0.43,20,structure_specific,40,473,0.08456659619450317,nan,nan,531,0.07532956685499058,nan,nan,473,0.8907721280602636,469,0.8832391713747646,62,0.1167608286252354
IC-CMA-ES,TGD,0.43,20,common_all_structures_pass,28,406,0.06896551724137931,nan,nan,531,0.05273069679849341,nan,nan,406,0.7645951035781544,378,0.9310344827586207,28,0.06896551724137931
IC-CMA-ES,TGD,0.44,10,structure_specific,128,466,0.27467811158798283,nan,nan,531,0.24105461393596986,nan,nan,466,0.8775894538606404,365,0.687382297551789,166,0.3126177024482109
IC-CMA-ES,TGD,0.44,10,common_all_structures_pass,94,403,0.23325062034739455,nan,nan,531,0.17702448210922786,nan,nan,403,0.7589453860640302,309,0.7667493796526055,94,0.23325062034739455
IC-CMA-ES,TGD,0.44,15,structure_specific,65,466,0.13948497854077252,nan,nan,531,0.1224105461393597,nan,nan,466,0.8775894538606404,434,0.8173258003766478,97,0.18267419962335216
IC-CMA-ES,TGD,0.44,15,common_all_structures_pass,44,403,0.10918114143920596,nan,nan,531,0.08286252354048965,nan,nan,403,0.7589453860640302,359,0.890818858560794,44,0.10918114143920596
IC-CMA-ES,TGD,0.44,20,structure_specific,36,466,0.07725321888412018,nan,nan,531,0.06779661016949153,nan,nan,466,0.8775894538606404,469,0.8832391713747646,62,0.1167608286252354
IC-CMA-ES,TGD,0.44,20,common_all_structures_pass,26,403,0.06451612903225806,nan,nan,531,0.04896421845574388,nan,nan,403,0.7589453860640302,377,0.9354838709677419,26,0.06451612903225806
IC-CMA-ES,TGD,0.45,10,structure_specific,127,463,0.27429805615550756,nan,nan,531,0.2391713747645951,nan,nan,463,0.871939736346516,365,0.687382297551789,166,0.3126177024482109
IC-CMA-ES,TGD,0.45,10,common_all_structures_pass,94,400,0.235,nan,nan,531,0.17702448210922786,nan,nan,400,0.7532956685499058,306,0.765,94,0.235
IC-CMA-ES,TGD,0.45,15,structure_specific,64,463,0.13822894168466524,nan,nan,531,0.12052730696798493,nan,nan,463,0.871939736346516,434,0.8173258003766478,97,0.18267419962335216
IC-CMA-ES,TGD,0.45,15,common_all_structures_pass,44,400,0.11,nan,nan,531,0.08286252354048965,nan,nan,400,0.7532956685499058,356,0.89,44,0.11
IC-CMA-ES,TGD,0.45,20,structure_specific,36,463,0.07775377969762419,nan,nan,531,0.06779661016949153,nan,nan,463,0.871939736346516,469,0.8832391713747646,62,0.1167608286252354
IC-CMA-ES,TGD,0.45,20,common_all_structures_pass,26,400,0.065,nan,nan,531,0.04896421845574388,nan,nan,400,0.7532956685499058,374,0.935,26,0.065
IC-CMA-ES,TGD,0.46,10,structure_specific,126,461,0.27331887201735355,nan,nan,531,0.23728813559322035,nan,nan,461,0.8681732580037664,365,0.687382297551789,166,0.3126177024482109
IC-CMA-ES,TGD,0.46,10,common_all_structures_pass,94,399,0.23558897243107768,nan,nan,531,0.17702448210922786,nan,nan,399,0.751412429378531,305,0.7644110275689223,94,0.23558897243107768
IC-CMA-ES,TGD,0.46,15,structure_specific,63,461,0.13665943600867678,nan,nan,531,0.11864406779661017,nan,nan,461,0.8681732580037664,434,0.8173258003766478,97,0.18267419962335216
IC-CMA-ES,TGD,0.46,15,common_all_structures_pass,44,399,0.11027568922305764,nan,nan,531,0.08286252354048965,nan,nan,399,0.751412429378531,355,0.8897243107769424,44,0.11027568922305764
IC-CMA-ES,TGD,0.46,20,structure_specific,36,461,0.07809110629067245,nan,nan,531,0.06779661016949153,nan,nan,461,0.8681732580037664,469,0.8832391713747646,62,0.1167608286252354
IC-CMA-ES,TGD,0.46,20,common_all_structures_pass,26,399,0.06516290726817042,nan,nan,531,0.04896421845574388,nan,nan,399,0.751412429378531,373,0.9348370927318296,26,0.06516290726817042
IC-CMA-ES,TGD,0.47,10,structure_specific,126,461,0.27331887201735355,nan,nan,531,0.23728813559322035,nan,nan,461,0.8681732580037664,365,0.687382297551789,166,0.3126177024482109
IC-CMA-ES,TGD,0.47,10,common_all_structures_pass,93,397,0.23425692695214106,nan,nan,531,0.1751412429378531,nan,nan,397,0.7476459510357816,304,0.7657430730478589,93,0.23425692695214106
IC-CMA-ES,TGD,0.47,15,structure_specific,63,461,0.13665943600867678,nan,nan,531,0.11864406779661017,nan,nan,461,0.8681732580037664,434,0.8173258003766478,97,0.18267419962335216
IC-CMA-ES,TGD,0.47,15,common_all_structures_pass,43,397,0.10831234256926953,nan,nan,531,0.08097928436911488,nan,nan,397,0.7476459510357816,354,0.8916876574307305,43,0.10831234256926953
IC-CMA-ES,TGD,0.47,20,structure_specific,36,461,0.07809110629067245,nan,nan,531,0.06779661016949153,nan,nan,461,0.8681732580037664,469,0.8832391713747646,62,0.1167608286252354
IC-CMA-ES,TGD,0.47,20,common_all_structures_pass,25,397,0.06297229219143577,nan,nan,531,0.047080979284369114,nan,nan,397,0.7476459510357816,372,0.9370277078085643,25,0.06297229219143577
IC-CMA-ES,TGD,0.48,10,structure_specific,124,455,0.2725274725274725,nan,nan,531,0.2335216572504708,nan,nan,455,0.8568738229755178,365,0.687382297551789,166,0.3126177024482109
IC-CMA-ES,TGD,0.48,10,common_all_structures_pass,90,392,0.22959183673469388,nan,nan,531,0.1694915254237288,nan,nan,392,0.7382297551789078,302,0.7704081632653061,90,0.22959183673469388
IC-CMA-ES,TGD,0.48,15,structure_specific,62,455,0.13626373626373625,nan,nan,531,0.1167608286252354,nan,nan,455,0.8568738229755178,434,0.8173258003766478,97,0.18267419962335216
IC-CMA-ES,TGD,0.48,15,common_all_structures_pass,42,392,0.10714285714285714,nan,nan,531,0.07909604519774012,nan,nan,392,0.7382297551789078,350,0.8928571428571429,42,0.10714285714285714
IC-CMA-ES,TGD,0.48,20,structure_specific,35,455,0.07692307692307693,nan,nan,531,0.06591337099811675,nan,nan,455,0.8568738229755178,469,0.8832391713747646,62,0.1167608286252354
IC-CMA-ES,TGD,0.48,20,common_all_structures_pass,24,392,0.061224489795918366,nan,nan,531,0.04519774011299435,nan,nan,392,0.7382297551789078,368,0.9387755102040817,24,0.061224489795918366
IC-CMA-ES,TGD,0.49,10,structure_specific,121,451,0.2682926829268293,nan,nan,531,0.2278719397363465,nan,nan,451,0.8493408662900188,365,0.687382297551789,166,0.3126177024482109
IC-CMA-ES,TGD,0.49,10,common_all_structures_pass,89,389,0.22879177377892032,nan,nan,531,0.16760828625235405,nan,nan,389,0.7325800376647834,300,0.7712082262210797,89,0.22879177377892032
IC-CMA-ES,TGD,0.49,15,structure_specific,61,451,0.1352549889135255,nan,nan,531,0.11487758945386065,nan,nan,451,0.8493408662900188,434,0.8173258003766478,97,0.18267419962335216
IC-CMA-ES,TGD,0.49,15,common_all_structures_pass,42,389,0.10796915167095116,nan,nan,531,0.07909604519774012,nan,nan,389,0.7325800376647834,347,0.8920308483290489,42,0.10796915167095116
IC-CMA-ES,TGD,0.49,20,structure_specific,34,451,0.07538802660753881,nan,nan,531,0.064030131826742,nan,nan,451,0.8493408662900188,469,0.8832391713747646,62,0.1167608286252354
IC-CMA-ES,TGD,0.49,20,common_all_structures_pass,24,389,0.061696658097686374,nan,nan,531,0.04519774011299435,nan,nan,389,0.7325800376647834,365,0.9383033419023136,24,0.061696658097686374
IC-CMA-ES,TGD,0.5,10,structure_specific,120,449,0.267260579064588,0.2242152466367713,0.3044464268945441,531,0.22598870056497175,0.18832391713747645,0.26087570621468925,449,0.8455743879472694,365,0.687382297551789,166,0.3126177024482109
IC-CMA-ES,TGD,0.5,10,common_all_structures_pass,88,382,0.23036649214659685,0.18844414054281505,0.2709466686779619,531,0.1657250470809793,nan,nan,382,0.71939736346516,294,0.7696335078534031,88,0.23036649214659685
IC-CMA-ES,TGD,0.5,15,structure_specific,61,449,0.1358574610244989,0.10508630353585048,0.16831218104321566,531,0.11487758945386065,0.08851224105461393,0.1431261770244821,449,0.8455743879472694,434,0.8173258003766478,97,0.18267419962335216
IC-CMA-ES,TGD,0.5,15,common_all_structures_pass,42,382,0.1099476439790576,0.08120283018867924,0.14229168468390557,531,0.07909604519774012,nan,nan,382,0.71939736346516,340,0.8900523560209425,42,0.1099476439790576
IC-CMA-ES,TGD,0.5,20,structure_specific,34,449,0.0757238307349666,0.05107151698954014,0.09822573653607568,531,0.064030131826742,0.04331450094161959,0.0847457627118644,449,0.8455743879472694,469,0.8832391713747646,62,0.1167608286252354
IC-CMA-ES,TGD,0.5,20,common_all_structures_pass,24,382,0.06282722513089005,0.038948224213310303,0.0869048129795282,531,0.04519774011299435,nan,nan,382,0.71939736346516,358,0.93717277486911,24,0.06282722513089005
IC-CMA-ES,TGD,0.51,10,structure_specific,118,447,0.2639821029082774,nan,nan,531,0.2222222222222222,nan,nan,447,0.8418079096045198,365,0.687382297551789,166,0.3126177024482109
IC-CMA-ES,TGD,0.51,10,common_all_structures_pass,85,377,0.22546419098143236,nan,nan,531,0.160075329566855,nan,nan,377,0.7099811676082862,292,0.7745358090185677,85,0.22546419098143236
IC-CMA-ES,TGD,0.51,15,structure_specific,60,447,0.1342281879194631,nan,nan,531,0.11299435028248588,nan,nan,447,0.8418079096045198,434,0.8173258003766478,97,0.18267419962335216
IC-CMA-ES,TGD,0.51,15,common_all_structures_pass,42,377,0.11140583554376658,nan,nan,531,0.07909604519774012,nan,nan,377,0.7099811676082862,335,0.8885941644562334,42,0.11140583554376658
IC-CMA-ES,TGD,0.51,20,structure_specific,33,447,0.0738255033557047,nan,nan,531,0.062146892655367235,nan,nan,447,0.8418079096045198,469,0.8832391713747646,62,0.1167608286252354
IC-CMA-ES,TGD,0.51,20,common_all_structures_pass,24,377,0.0636604774535809,nan,nan,531,0.04519774011299435,nan,nan,377,0.7099811676082862,353,0.9363395225464191,24,0.0636604774535809
IC-CMA-ES,TGD,0.52,10,structure_specific,118,446,0.2645739910313901,nan,nan,531,0.2222222222222222,nan,nan,446,0.839924670433145,365,0.687382297551789,166,0.3126177024482109
IC-CMA-ES,TGD,0.52,10,common_all_structures_pass,84,372,0.22580645161290322,nan,nan,531,0.15819209039548024,nan,nan,372,0.7005649717514124,288,0.7741935483870968,84,0.22580645161290322
IC-CMA-ES,TGD,0.52,15,structure_specific,60,446,0.13452914798206278,nan,nan,531,0.11299435028248588,nan,nan,446,0.839924670433145,434,0.8173258003766478,97,0.18267419962335216
IC-CMA-ES,TGD,0.52,15,common_all_structures_pass,41,372,0.11021505376344086,nan,nan,531,0.07721280602636535,nan,nan,372,0.7005649717514124,331,0.8897849462365591,41,0.11021505376344086
IC-CMA-ES,TGD,0.52,20,structure_specific,33,446,0.07399103139013453,nan,nan,531,0.062146892655367235,nan,nan,446,0.839924670433145,469,0.8832391713747646,62,0.1167608286252354
IC-CMA-ES,TGD,0.52,20,common_all_structures_pass,23,372,0.06182795698924731,nan,nan,531,0.04331450094161959,nan,nan,372,0.7005649717514124,349,0.9381720430107527,23,0.06182795698924731
IC-CMA-ES,TGD,0.53,10,structure_specific,117,442,0.2647058823529412,nan,nan,531,0.22033898305084745,nan,nan,442,0.832391713747646,365,0.687382297551789,166,0.3126177024482109
IC-CMA-ES,TGD,0.53,10,common_all_structures_pass,84,369,0.22764227642276422,nan,nan,531,0.15819209039548024,nan,nan,369,0.6949152542372882,285,0.7723577235772358,84,0.22764227642276422
IC-CMA-ES,TGD,0.53,15,structure_specific,59,442,0.1334841628959276,nan,nan,531,0.1111111111111111,nan,nan,442,0.832391713747646,434,0.8173258003766478,97,0.18267419962335216
IC-CMA-ES,TGD,0.53,15,common_all_structures_pass,41,369,0.1111111111111111,nan,nan,531,0.07721280602636535,nan,nan,369,0.6949152542372882,328,0.8888888888888888,41,0.1111111111111111
IC-CMA-ES,TGD,0.53,20,structure_specific,32,442,0.07239819004524888,nan,nan,531,0.060263653483992465,nan,nan,442,0.832391713747646,469,0.8832391713747646,62,0.1167608286252354
IC-CMA-ES,TGD,0.53,20,common_all_structures_pass,23,369,0.06233062330623306,nan,nan,531,0.04331450094161959,nan,nan,369,0.6949152542372882,346,0.9376693766937669,23,0.06233062330623306
IC-CMA-ES,TGD,0.54,10,structure_specific,115,440,0.26136363636363635,nan,nan,531,0.21657250470809794,nan,nan,440,0.8286252354048964,365,0.687382297551789,166,0.3126177024482109
IC-CMA-ES,TGD,0.54,10,common_all_structures_pass,81,363,0.2231404958677686,nan,nan,531,0.15254237288135594,nan,nan,363,0.6836158192090396,282,0.7768595041322314,81,0.2231404958677686
IC-CMA-ES,TGD,0.54,15,structure_specific,58,440,0.1318181818181818,nan,nan,531,0.10922787193973635,nan,nan,440,0.8286252354048964,434,0.8173258003766478,97,0.18267419962335216
IC-CMA-ES,TGD,0.54,15,common_all_structures_pass,38,363,0.1046831955922865,nan,nan,531,0.07156308851224105,nan,nan,363,0.6836158192090396,325,0.8953168044077136,38,0.1046831955922865
IC-CMA-ES,TGD,0.54,20,structure_specific,31,440,0.07045454545454545,nan,nan,531,0.0583804143126177,nan,nan,440,0.8286252354048964,469,0.8832391713747646,62,0.1167608286252354
IC-CMA-ES,TGD,0.54,20,common_all_structures_pass,21,363,0.05785123966942149,nan,nan,531,0.03954802259887006,nan,nan,363,0.6836158192090396,342,0.9421487603305785,21,0.05785123966942149
IC-CMA-ES,TGD,0.55,10,structure_specific,113,435,0.2597701149425287,nan,nan,531,0.2128060263653484,nan,nan,435,0.8192090395480226,365,0.687382297551789,166,0.3126177024482109
IC-CMA-ES,TGD,0.55,10,common_all_structures_pass,80,356,0.2247191011235955,nan,nan,531,0.15065913370998116,nan,nan,356,0.6704331450094162,276,0.7752808988764045,80,0.2247191011235955
IC-CMA-ES,TGD,0.55,15,structure_specific,57,435,0.1310344827586207,nan,nan,531,0.10734463276836158,nan,nan,435,0.8192090395480226,434,0.8173258003766478,97,0.18267419962335216
IC-CMA-ES,TGD,0.55,15,common_all_structures_pass,38,356,0.10674157303370786,nan,nan,531,0.07156308851224105,nan,nan,356,0.6704331450094162,318,0.8932584269662921,38,0.10674157303370786
IC-CMA-ES,TGD,0.55,20,structure_specific,30,435,0.06896551724137931,nan,nan,531,0.05649717514124294,nan,nan,435,0.8192090395480226,469,0.8832391713747646,62,0.1167608286252354
IC-CMA-ES,TGD,0.55,20,common_all_structures_pass,21,356,0.05898876404494382,nan,nan,531,0.03954802259887006,nan,nan,356,0.6704331450094162,335,0.9410112359550562,21,0.05898876404494382
IC-CMA-ES,TGD,0.56,10,structure_specific,112,431,0.25986078886310904,nan,nan,531,0.21092278719397364,nan,nan,431,0.8116760828625236,365,0.687382297551789,166,0.3126177024482109
IC-CMA-ES,TGD,0.56,10,common_all_structures_pass,80,352,0.22727272727272727,nan,nan,531,0.15065913370998116,nan,nan,352,0.6629001883239172,272,0.7727272727272727,80,0.22727272727272727
IC-CMA-ES,TGD,0.56,15,structure_specific,56,431,0.12993039443155452,nan,nan,531,0.10546139359698682,nan,nan,431,0.8116760828625236,434,0.8173258003766478,97,0.18267419962335216
IC-CMA-ES,TGD,0.56,15,common_all_structures_pass,38,352,0.10795454545454546,nan,nan,531,0.07156308851224105,nan,nan,352,0.6629001883239172,314,0.8920454545454546,38,0.10795454545454546
IC-CMA-ES,TGD,0.56,20,structure_specific,30,431,0.06960556844547564,nan,nan,531,0.05649717514124294,nan,nan,431,0.8116760828625236,469,0.8832391713747646,62,0.1167608286252354
IC-CMA-ES,TGD,0.56,20,common_all_structures_pass,21,352,0.05965909090909091,nan,nan,531,0.03954802259887006,nan,nan,352,0.6629001883239172,331,0.9403409090909091,21,0.05965909090909091
IC-CMA-ES,TGD,0.57,10,structure_specific,108,421,0.25653206650831356,nan,nan,531,0.2033898305084746,nan,nan,421,0.7928436911487758,365,0.687382297551789,166,0.3126177024482109
IC-CMA-ES,TGD,0.57,10,common_all_structures_pass,78,345,0.22608695652173913,nan,nan,531,0.14689265536723164,nan,nan,345,0.6497175141242938,267,0.7739130434782608,78,0.22608695652173913
IC-CMA-ES,TGD,0.57,15,structure_specific,53,421,0.12589073634204276,nan,nan,531,0.09981167608286252,nan,nan,421,0.7928436911487758,434,0.8173258003766478,97,0.18267419962335216
IC-CMA-ES,TGD,0.57,15,common_all_structures_pass,37,345,0.1072463768115942,nan,nan,531,0.0696798493408663,nan,nan,345,0.6497175141242938,308,0.8927536231884058,37,0.1072463768115942
IC-CMA-ES,TGD,0.57,20,structure_specific,28,421,0.0665083135391924,nan,nan,531,0.05273069679849341,nan,nan,421,0.7928436911487758,469,0.8832391713747646,62,0.1167608286252354
IC-CMA-ES,TGD,0.57,20,common_all_structures_pass,20,345,0.057971014492753624,nan,nan,531,0.03766478342749529,nan,nan,345,0.6497175141242938,325,0.9420289855072463,20,0.057971014492753624
IC-CMA-ES,TGD,0.58,10,structure_specific,106,414,0.2560386473429952,nan,nan,531,0.19962335216572505,nan,nan,414,0.7796610169491526,365,0.687382297551789,166,0.3126177024482109
IC-CMA-ES,TGD,0.58,10,common_all_structures_pass,78,341,0.2287390029325513,nan,nan,531,0.14689265536723164,nan,nan,341,0.6421845574387948,263,0.7712609970674487,78,0.2287390029325513
IC-CMA-ES,TGD,0.58,15,structure_specific,51,414,0.12318840579710146,nan,nan,531,0.096045197740113,nan,nan,414,0.7796610169491526,434,0.8173258003766478,97,0.18267419962335216
IC-CMA-ES,TGD,0.58,15,common_all_structures_pass,37,341,0.10850439882697947,nan,nan,531,0.0696798493408663,nan,nan,341,0.6421845574387948,304,0.8914956011730205,37,0.10850439882697947
IC-CMA-ES,TGD,0.58,20,structure_specific,26,414,0.06280193236714976,nan,nan,531,0.04896421845574388,nan,nan,414,0.7796610169491526,469,0.8832391713747646,62,0.1167608286252354
IC-CMA-ES,TGD,0.58,20,common_all_structures_pass,20,341,0.05865102639296188,nan,nan,531,0.03766478342749529,nan,nan,341,0.6421845574387948,321,0.9413489736070382,20,0.05865102639296188
IC-CMA-ES,TGD,0.59,10,structure_specific,101,405,0.24938271604938272,nan,nan,531,0.1902071563088512,nan,nan,405,0.7627118644067796,365,0.687382297551789,166,0.3126177024482109
IC-CMA-ES,TGD,0.59,10,common_all_structures_pass,75,330,0.22727272727272727,nan,nan,531,0.14124293785310735,nan,nan,330,0.6214689265536724,255,0.7727272727272727,75,0.22727272727272727
IC-CMA-ES,TGD,0.59,15,structure_specific,47,405,0.11604938271604938,nan,nan,531,0.08851224105461393,nan,nan,405,0.7627118644067796,434,0.8173258003766478,97,0.18267419962335216
IC-CMA-ES,TGD,0.59,15,common_all_structures_pass,35,330,0.10606060606060606,nan,nan,531,0.06591337099811675,nan,nan,330,0.6214689265536724,295,0.8939393939393939,35,0.10606060606060606
IC-CMA-ES,TGD,0.59,20,structure_specific,25,405,0.06172839506172839,nan,nan,531,0.047080979284369114,nan,nan,405,0.7627118644067796,469,0.8832391713747646,62,0.1167608286252354
IC-CMA-ES,TGD,0.59,20,common_all_structures_pass,20,330,0.06060606060606061,nan,nan,531,0.03766478342749529,nan,nan,330,0.6214689265536724,310,0.9393939393939394,20,0.06060606060606061
IC-CMA-ES,TGD,0.6,10,structure_specific,99,397,0.24937027707808565,0.20295632333767927,0.28944289265476314,531,0.1864406779661017,0.15254237288135594,0.21657250470809794,397,0.7476459510357816,365,0.687382297551789,166,0.3126177024482109
IC-CMA-ES,TGD,0.6,10,common_all_structures_pass,73,321,0.22741433021806853,0.18011635535659154,0.2725935828877005,531,0.1374764595103578,nan,nan,321,0.6045197740112994,248,0.7725856697819314,73,0.22741433021806853
IC-CMA-ES,TGD,0.6,15,structure_specific,46,397,0.11586901763224182,0.08592284065524944,0.14559523809523808,531,0.08662900188323917,0.06492467043314501,0.10922787193973635,397,0.7476459510357816,434,0.8173258003766478,97,0.18267419962335216
IC-CMA-ES,TGD,0.6,15,common_all_structures_pass,35,321,0.10903426791277258,0.07835839229559749,0.14449645748987852,531,0.06591337099811675,nan,nan,321,0.6045197740112994,286,0.8909657320872274,35,0.10903426791277258
IC-CMA-ES,TGD,0.6,20,structure_specific,24,397,0.060453400503778336,0.03878787593749216,0.08230863090791374,531,0.04519774011299435,0.02824858757062147,0.062146892655367235,397,0.7476459510357816,469,0.8832391713747646,62,0.1167608286252354
IC-CMA-ES,TGD,0.6,20,common_all_structures_pass,20,321,0.06230529595015576,0.037935933867217775,0.08976442803842184,531,0.03766478342749529,nan,nan,321,0.6045197740112994,301,0.9376947040498442,20,0.06230529595015576
IC-CMA-ES,TGD,0.61,10,structure_specific,98,387,0.2532299741602067,nan,nan,531,0.18455743879472694,nan,nan,387,0.7288135593220338,365,0.687382297551789,166,0.3126177024482109
IC-CMA-ES,TGD,0.61,10,common_all_structures_pass,72,315,0.22857142857142856,nan,nan,531,0.13559322033898305,nan,nan,315,0.5932203389830508,243,0.7714285714285715,72,0.22857142857142856
IC-CMA-ES,TGD,0.61,15,structure_specific,45,387,0.11627906976744186,nan,nan,531,0.0847457627118644,nan,nan,387,0.7288135593220338,434,0.8173258003766478,97,0.18267419962335216
IC-CMA-ES,TGD,0.61,15,common_all_structures_pass,34,315,0.10793650793650794,nan,nan,531,0.064030131826742,nan,nan,315,0.5932203389830508,281,0.8920634920634921,34,0.10793650793650794
IC-CMA-ES,TGD,0.61,20,structure_specific,24,387,0.06201550387596899,nan,nan,531,0.04519774011299435,nan,nan,387,0.7288135593220338,469,0.8832391713747646,62,0.1167608286252354
IC-CMA-ES,TGD,0.61,20,common_all_structures_pass,19,315,0.06031746031746032,nan,nan,531,0.035781544256120526,nan,nan,315,0.5932203389830508,296,0.9396825396825397,19,0.06031746031746032
IC-CMA-ES,TGD,0.62,10,structure_specific,92,379,0.24274406332453827,nan,nan,531,0.17325800376647835,nan,nan,379,0.7137476459510358,365,0.687382297551789,166,0.3126177024482109
IC-CMA-ES,TGD,0.62,10,common_all_structures_pass,68,305,0.22295081967213115,nan,nan,531,0.128060263653484,nan,nan,305,0.5743879472693032,237,0.7770491803278688,68,0.22295081967213115
IC-CMA-ES,TGD,0.62,15,structure_specific,44,379,0.11609498680738786,nan,nan,531,0.08286252354048965,nan,nan,379,0.7137476459510358,434,0.8173258003766478,97,0.18267419962335216
IC-CMA-ES,TGD,0.62,15,common_all_structures_pass,31,305,0.10163934426229508,nan,nan,531,0.0583804143126177,nan,nan,305,0.5743879472693032,274,0.898360655737705,31,0.10163934426229508
IC-CMA-ES,TGD,0.62,20,structure_specific,24,379,0.0633245382585752,nan,nan,531,0.04519774011299435,nan,nan,379,0.7137476459510358,469,0.8832391713747646,62,0.1167608286252354
IC-CMA-ES,TGD,0.62,20,common_all_structures_pass,17,305,0.05573770491803279,nan,nan,531,0.032015065913371,nan,nan,305,0.5743879472693032,288,0.9442622950819672,17,0.05573770491803279
IC-CMA-ES,TGD,0.63,10,structure_specific,91,374,0.24331550802139038,nan,nan,531,0.1713747645951036,nan,nan,374,0.704331450094162,365,0.687382297551789,166,0.3126177024482109
IC-CMA-ES,TGD,0.63,10,common_all_structures_pass,64,295,0.21694915254237288,nan,nan,531,0.12052730696798493,nan,nan,295,0.5555555555555556,231,0.7830508474576271,64,0.21694915254237288
IC-CMA-ES,TGD,0.63,15,structure_specific,43,374,0.11497326203208556,nan,nan,531,0.08097928436911488,nan,nan,374,0.704331450094162,434,0.8173258003766478,97,0.18267419962335216
IC-CMA-ES,TGD,0.63,15,common_all_structures_pass,27,295,0.09152542372881356,nan,nan,531,0.05084745762711865,nan,nan,295,0.5555555555555556,268,0.9084745762711864,27,0.09152542372881356
IC-CMA-ES,TGD,0.63,20,structure_specific,24,374,0.06417112299465241,nan,nan,531,0.04519774011299435,nan,nan,374,0.704331450094162,469,0.8832391713747646,62,0.1167608286252354
IC-CMA-ES,TGD,0.63,20,common_all_structures_pass,14,295,0.04745762711864407,nan,nan,531,0.026365348399246705,nan,nan,295,0.5555555555555556,281,0.9525423728813559,14,0.04745762711864407
IC-CMA-ES,TGD,0.64,10,structure_specific,86,363,0.2369146005509642,nan,nan,531,0.16195856873822975,nan,nan,363,0.6836158192090396,365,0.687382297551789,166,0.3126177024482109
IC-CMA-ES,TGD,0.64,10,common_all_structures_pass,63,287,0.21951219512195122,nan,nan,531,0.11864406779661017,nan,nan,287,0.5404896421845574,224,0.7804878048780488,63,0.21951219512195122
IC-CMA-ES,TGD,0.64,15,structure_specific,41,363,0.11294765840220386,nan,nan,531,0.07721280602636535,nan,nan,363,0.6836158192090396,434,0.8173258003766478,97,0.18267419962335216
IC-CMA-ES,TGD,0.64,15,common_all_structures_pass,27,287,0.09407665505226481,nan,nan,531,0.05084745762711865,nan,nan,287,0.5404896421845574,260,0.9059233449477352,27,0.09407665505226481
IC-CMA-ES,TGD,0.64,20,structure_specific,23,363,0.06336088154269973,nan,nan,531,0.04331450094161959,nan,nan,363,0.6836158192090396,469,0.8832391713747646,62,0.1167608286252354
IC-CMA-ES,TGD,0.64,20,common_all_structures_pass,14,287,0.04878048780487805,nan,nan,531,0.026365348399246705,nan,nan,287,0.5404896421845574,273,0.9512195121951219,14,0.04878048780487805
IC-CMA-ES,TGD,0.65,10,structure_specific,83,351,0.23646723646723647,nan,nan,531,0.15630885122410546,nan,nan,351,0.6610169491525424,365,0.687382297551789,166,0.3126177024482109
IC-CMA-ES,TGD,0.65,10,common_all_structures_pass,59,273,0.21611721611721613,nan,nan,531,0.1111111111111111,nan,nan,273,0.5141242937853108,214,0.7838827838827839,59,0.21611721611721613
IC-CMA-ES,TGD,0.65,15,structure_specific,40,351,0.11396011396011396,nan,nan,531,0.07532956685499058,nan,nan,351,0.6610169491525424,434,0.8173258003766478,97,0.18267419962335216
IC-CMA-ES,TGD,0.65,15,common_all_structures_pass,25,273,0.09157509157509157,nan,nan,531,0.047080979284369114,nan,nan,273,0.5141242937853108,248,0.9084249084249084,25,0.09157509157509157
IC-CMA-ES,TGD,0.65,20,structure_specific,22,351,0.06267806267806268,nan,nan,531,0.04143126177024482,nan,nan,351,0.6610169491525424,469,0.8832391713747646,62,0.1167608286252354
IC-CMA-ES,TGD,0.65,20,common_all_structures_pass,13,273,0.047619047619047616,nan,nan,531,0.02448210922787194,nan,nan,273,0.5141242937853108,260,0.9523809523809523,13,0.047619047619047616
IC-CMA-ES,TGD,0.66,10,structure_specific,77,336,0.22916666666666666,nan,nan,531,0.14500941619585686,nan,nan,336,0.632768361581921,365,0.687382297551789,166,0.3126177024482109
IC-CMA-ES,TGD,0.66,10,common_all_structures_pass,56,261,0.21455938697318008,nan,nan,531,0.10546139359698682,nan,nan,261,0.4915254237288136,205,0.7854406130268199,56,0.21455938697318008
IC-CMA-ES,TGD,0.66,15,structure_specific,35,336,0.10416666666666667,nan,nan,531,0.06591337099811675,nan,nan,336,0.632768361581921,434,0.8173258003766478,97,0.18267419962335216
IC-CMA-ES,TGD,0.66,15,common_all_structures_pass,24,261,0.09195402298850575,nan,nan,531,0.04519774011299435,nan,nan,261,0.4915254237288136,237,0.9080459770114943,24,0.09195402298850575
IC-CMA-ES,TGD,0.66,20,structure_specific,18,336,0.05357142857142857,nan,nan,531,0.03389830508474576,nan,nan,336,0.632768361581921,469,0.8832391713747646,62,0.1167608286252354
IC-CMA-ES,TGD,0.66,20,common_all_structures_pass,13,261,0.04980842911877394,nan,nan,531,0.02448210922787194,nan,nan,261,0.4915254237288136,248,0.9501915708812261,13,0.04980842911877394
IC-CMA-ES,TGD,0.67,10,structure_specific,72,320,0.225,nan,nan,531,0.13559322033898305,nan,nan,320,0.6026365348399246,365,0.687382297551789,166,0.3126177024482109
IC-CMA-ES,TGD,0.67,10,common_all_structures_pass,54,250,0.216,nan,nan,531,0.1016949152542373,nan,nan,250,0.4708097928436911,196,0.784,54,0.216
IC-CMA-ES,TGD,0.67,15,structure_specific,30,320,0.09375,nan,nan,531,0.05649717514124294,nan,nan,320,0.6026365348399246,434,0.8173258003766478,97,0.18267419962335216
IC-CMA-ES,TGD,0.67,15,common_all_structures_pass,22,250,0.088,nan,nan,531,0.04143126177024482,nan,nan,250,0.4708097928436911,228,0.912,22,0.088
IC-CMA-ES,TGD,0.67,20,structure_specific,14,320,0.04375,nan,nan,531,0.026365348399246705,nan,nan,320,0.6026365348399246,469,0.8832391713747646,62,0.1167608286252354
IC-CMA-ES,TGD,0.67,20,common_all_structures_pass,12,250,0.048,nan,nan,531,0.022598870056497175,nan,nan,250,0.4708097928436911,238,0.952,12,0.048
IC-CMA-ES,TGD,0.68,10,structure_specific,67,303,0.22112211221122113,nan,nan,531,0.12617702448210924,nan,nan,303,0.5706214689265536,365,0.687382297551789,166,0.3126177024482109
IC-CMA-ES,TGD,0.68,10,common_all_structures_pass,53,242,0.2190082644628099,nan,nan,531,0.09981167608286252,nan,nan,242,0.455743879472693,189,0.78099173553719,53,0.2190082644628099
IC-CMA-ES,TGD,0.68,15,structure_specific,28,303,0.0924092409240924,nan,nan,531,0.05273069679849341,nan,nan,303,0.5706214689265536,434,0.8173258003766478,97,0.18267419962335216
IC-CMA-ES,TGD,0.68,15,common_all_structures_pass,22,242,0.09090909090909091,nan,nan,531,0.04143126177024482,nan,nan,242,0.455743879472693,220,0.9090909090909091,22,0.09090909090909091
IC-CMA-ES,TGD,0.68,20,structure_specific,13,303,0.0429042904290429,nan,nan,531,0.02448210922787194,nan,nan,303,0.5706214689265536,469,0.8832391713747646,62,0.1167608286252354
IC-CMA-ES,TGD,0.68,20,common_all_structures_pass,12,242,0.049586776859504134,nan,nan,531,0.022598870056497175,nan,nan,242,0.455743879472693,230,0.9504132231404959,12,0.049586776859504134
IC-CMA-ES,TGD,0.69,10,structure_specific,67,296,0.22635135135135134,nan,nan,531,0.12617702448210924,nan,nan,296,0.5574387947269304,365,0.687382297551789,166,0.3126177024482109
IC-CMA-ES,TGD,0.69,10,common_all_structures_pass,50,231,0.21645021645021645,nan,nan,531,0.09416195856873823,nan,nan,231,0.4350282485875706,181,0.7835497835497836,50,0.21645021645021645
IC-CMA-ES,TGD,0.69,15,structure_specific,28,296,0.0945945945945946,nan,nan,531,0.05273069679849341,nan,nan,296,0.5574387947269304,434,0.8173258003766478,97,0.18267419962335216
IC-CMA-ES,TGD,0.69,15,common_all_structures_pass,20,231,0.08658008658008658,nan,nan,531,0.03766478342749529,nan,nan,231,0.4350282485875706,211,0.9134199134199135,20,0.08658008658008658
IC-CMA-ES,TGD,0.69,20,structure_specific,13,296,0.04391891891891892,nan,nan,531,0.02448210922787194,nan,nan,296,0.5574387947269304,469,0.8832391713747646,62,0.1167608286252354
IC-CMA-ES,TGD,0.69,20,common_all_structures_pass,11,231,0.047619047619047616,nan,nan,531,0.02071563088512241,nan,nan,231,0.4350282485875706,220,0.9523809523809523,11,0.047619047619047616
IC-CMA-ES,TGD,0.7,10,structure_specific,63,280,0.225,0.17654970760233918,0.2716299137104506,531,0.11864406779661017,0.09317325800376648,0.14689265536723164,280,0.527306967984934,365,0.687382297551789,166,0.3126177024482109
IC-CMA-ES,TGD,0.7,10,common_all_structures_pass,48,223,0.21524663677130046,0.1647079726062799,0.2706209763948498,531,0.0903954802259887,nan,nan,223,0.4199623352165725,175,0.7847533632286996,48,0.21524663677130046
IC-CMA-ES,TGD,0.7,15,structure_specific,25,280,0.08928571428571429,0.06039322995844735,0.12433125919978588,531,0.047080979284369114,0.032015065913371,0.064030131826742,280,0.527306967984934,434,0.8173258003766478,97,0.18267419962335216
IC-CMA-ES,TGD,0.7,15,common_all_structures_pass,18,223,0.08071748878923767,0.04686177010943366,0.11777259684361549,531,0.03389830508474576,nan,nan,223,0.4199623352165725,205,0.9192825112107623,18,0.08071748878923767
IC-CMA-ES,TGD,0.7,20,structure_specific,12,280,0.04285714285714286,0.021691782434659763,0.06822896521492483,531,0.022598870056497175,0.011299435028248588,0.035781544256120526,280,0.527306967984934,469,0.8832391713747646,62,0.1167608286252354
IC-CMA-ES,TGD,0.7,20,common_all_structures_pass,10,223,0.04484304932735426,0.018470236825261364,0.07346532649757151,531,0.018832391713747645,nan,nan,223,0.4199623352165725,213,0.9551569506726457,10,0.04484304932735426
IC-CMA-ES,TGD,0.71,10,structure_specific,59,265,0.22264150943396227,nan,nan,531,0.1111111111111111,nan,nan,265,0.4990583804143126,365,0.687382297551789,166,0.3126177024482109
IC-CMA-ES,TGD,0.71,10,common_all_structures_pass,48,209,0.22966507177033493,nan,nan,531,0.0903954802259887,nan,nan,209,0.3935969868173258,161,0.7703349282296651,48,0.22966507177033493
IC-CMA-ES,TGD,0.71,15,structure_specific,23,265,0.08679245283018867,nan,nan,531,0.04331450094161959,nan,nan,265,0.4990583804143126,434,0.8173258003766478,97,0.18267419962335216
IC-CMA-ES,TGD,0.71,15,common_all_structures_pass,18,209,0.0861244019138756,nan,nan,531,0.03389830508474576,nan,nan,209,0.3935969868173258,191,0.9138755980861244,18,0.0861244019138756
IC-CMA-ES,TGD,0.71,20,structure_specific,10,265,0.03773584905660377,nan,nan,531,0.018832391713747645,nan,nan,265,0.4990583804143126,469,0.8832391713747646,62,0.1167608286252354
IC-CMA-ES,TGD,0.71,20,common_all_structures_pass,10,209,0.04784688995215311,nan,nan,531,0.018832391713747645,nan,nan,209,0.3935969868173258,199,0.9521531100478469,10,0.04784688995215311
IC-CMA-ES,TGD,0.72,10,structure_specific,54,252,0.21428571428571427,nan,nan,531,0.1016949152542373,nan,nan,252,0.4745762711864407,365,0.687382297551789,166,0.3126177024482109
IC-CMA-ES,TGD,0.72,10,common_all_structures_pass,46,203,0.22660098522167488,nan,nan,531,0.08662900188323917,nan,nan,203,0.3822975517890772,157,0.7733990147783252,46,0.22660098522167488
IC-CMA-ES,TGD,0.72,15,structure_specific,20,252,0.07936507936507936,nan,nan,531,0.03766478342749529,nan,nan,252,0.4745762711864407,434,0.8173258003766478,97,0.18267419962335216
IC-CMA-ES,TGD,0.72,15,common_all_structures_pass,17,203,0.08374384236453201,nan,nan,531,0.032015065913371,nan,nan,203,0.3822975517890772,186,0.916256157635468,17,0.08374384236453201
IC-CMA-ES,TGD,0.72,20,structure_specific,10,252,0.03968253968253968,nan,nan,531,0.018832391713747645,nan,nan,252,0.4745762711864407,469,0.8832391713747646,62,0.1167608286252354
IC-CMA-ES,TGD,0.72,20,common_all_structures_pass,9,203,0.04433497536945813,nan,nan,531,0.01694915254237288,nan,nan,203,0.3822975517890772,194,0.9556650246305419,9,0.04433497536945813
IC-CMA-ES,TGD,0.73,10,structure_specific,50,233,0.2145922746781116,nan,nan,531,0.09416195856873823,nan,nan,233,0.4387947269303202,365,0.687382297551789,166,0.3126177024482109
IC-CMA-ES,TGD,0.73,10,common_all_structures_pass,41,188,0.21808510638297873,nan,nan,531,0.07721280602636535,nan,nan,188,0.3540489642184557,147,0.7819148936170213,41,0.21808510638297873
IC-CMA-ES,TGD,0.73,15,structure_specific,20,233,0.08583690987124463,nan,nan,531,0.03766478342749529,nan,nan,233,0.4387947269303202,434,0.8173258003766478,97,0.18267419962335216
IC-CMA-ES,TGD,0.73,15,common_all_structures_pass,14,188,0.07446808510638298,nan,nan,531,0.026365348399246705,nan,nan,188,0.3540489642184557,174,0.925531914893617,14,0.07446808510638298
IC-CMA-ES,TGD,0.73,20,structure_specific,10,233,0.04291845493562232,nan,nan,531,0.018832391713747645,nan,nan,233,0.4387947269303202,469,0.8832391713747646,62,0.1167608286252354
IC-CMA-ES,TGD,0.73,20,common_all_structures_pass,8,188,0.0425531914893617,nan,nan,531,0.015065913370998116,nan,nan,188,0.3540489642184557,180,0.9574468085106383,8,0.0425531914893617
IC-CMA-ES,TGD,0.74,10,structure_specific,46,216,0.21296296296296297,nan,nan,531,0.08662900188323917,nan,nan,216,0.4067796610169492,365,0.687382297551789,166,0.3126177024482109
IC-CMA-ES,TGD,0.74,10,common_all_structures_pass,36,170,0.21176470588235294,nan,nan,531,0.06779661016949153,nan,nan,170,0.32015065913371,134,0.788235294117647,36,0.21176470588235294
IC-CMA-ES,TGD,0.74,15,structure_specific,19,216,0.08796296296296297,nan,nan,531,0.035781544256120526,nan,nan,216,0.4067796610169492,434,0.8173258003766478,97,0.18267419962335216
IC-CMA-ES,TGD,0.74,15,common_all_structures_pass,12,170,0.07058823529411765,nan,nan,531,0.022598870056497175,nan,nan,170,0.32015065913371,158,0.9294117647058824,12,0.07058823529411765
IC-CMA-ES,TGD,0.74,20,structure_specific,10,216,0.046296296296296294,nan,nan,531,0.018832391713747645,nan,nan,216,0.4067796610169492,469,0.8832391713747646,62,0.1167608286252354
IC-CMA-ES,TGD,0.74,20,common_all_structures_pass,6,170,0.03529411764705882,nan,nan,531,0.011299435028248588,nan,nan,170,0.32015065913371,164,0.9647058823529412,6,0.03529411764705882
IC-CMA-ES,TGD,0.75,10,structure_specific,42,196,0.21428571428571427,nan,nan,531,0.07909604519774012,nan,nan,196,0.3691148775894539,365,0.687382297551789,166,0.3126177024482109
IC-CMA-ES,TGD,0.75,10,common_all_structures_pass,31,150,0.20666666666666667,nan,nan,531,0.0583804143126177,nan,nan,150,0.2824858757062147,119,0.7933333333333333,31,0.20666666666666667
IC-CMA-ES,TGD,0.75,15,structure_specific,17,196,0.08673469387755102,nan,nan,531,0.032015065913371,nan,nan,196,0.3691148775894539,434,0.8173258003766478,97,0.18267419962335216
IC-CMA-ES,TGD,0.75,15,common_all_structures_pass,10,150,0.06666666666666667,nan,nan,531,0.018832391713747645,nan,nan,150,0.2824858757062147,140,0.9333333333333333,10,0.06666666666666667
IC-CMA-ES,TGD,0.75,20,structure_specific,9,196,0.04591836734693878,nan,nan,531,0.01694915254237288,nan,nan,196,0.3691148775894539,469,0.8832391713747646,62,0.1167608286252354
IC-CMA-ES,TGD,0.75,20,common_all_structures_pass,5,150,0.03333333333333333,nan,nan,531,0.009416195856873822,nan,nan,150,0.2824858757062147,145,0.9666666666666667,5,0.03333333333333333
IC-CMA-ES,TGD,0.76,10,structure_specific,35,180,0.19444444444444445,nan,nan,531,0.06591337099811675,nan,nan,180,0.3389830508474576,365,0.687382297551789,166,0.3126177024482109
IC-CMA-ES,TGD,0.76,10,common_all_structures_pass,27,140,0.19285714285714287,nan,nan,531,0.05084745762711865,nan,nan,140,0.263653483992467,113,0.8071428571428572,27,0.19285714285714287
IC-CMA-ES,TGD,0.76,15,structure_specific,12,180,0.06666666666666667,nan,nan,531,0.022598870056497175,nan,nan,180,0.3389830508474576,434,0.8173258003766478,97,0.18267419962335216
IC-CMA-ES,TGD,0.76,15,common_all_structures_pass,8,140,0.05714285714285714,nan,nan,531,0.015065913370998116,nan,nan,140,0.263653483992467,132,0.9428571428571428,8,0.05714285714285714
IC-CMA-ES,TGD,0.76,20,structure_specific,7,180,0.03888888888888889,nan,nan,531,0.013182674199623353,nan,nan,180,0.3389830508474576,469,0.8832391713747646,62,0.1167608286252354
IC-CMA-ES,TGD,0.76,20,common_all_structures_pass,4,140,0.02857142857142857,nan,nan,531,0.007532956685499058,nan,nan,140,0.263653483992467,136,0.9714285714285714,4,0.02857142857142857
IC-CMA-ES,TGD,0.77,10,structure_specific,31,164,0.18902439024390244,nan,nan,531,0.0583804143126177,nan,nan,164,0.3088512241054614,365,0.687382297551789,166,0.3126177024482109
IC-CMA-ES,TGD,0.77,10,common_all_structures_pass,24,128,0.1875,nan,nan,531,0.04519774011299435,nan,nan,128,0.24105461393596986,104,0.8125,24,0.1875
IC-CMA-ES,TGD,0.77,15,structure_specific,10,164,0.06097560975609756,nan,nan,531,0.018832391713747645,nan,nan,164,0.3088512241054614,434,0.8173258003766478,97,0.18267419962335216
IC-CMA-ES,TGD,0.77,15,common_all_structures_pass,7,128,0.0546875,nan,nan,531,0.013182674199623353,nan,nan,128,0.24105461393596986,121,0.9453125,7,0.0546875
IC-CMA-ES,TGD,0.77,20,structure_specific,5,164,0.03048780487804878,nan,nan,531,0.009416195856873822,nan,nan,164,0.3088512241054614,469,0.8832391713747646,62,0.1167608286252354
IC-CMA-ES,TGD,0.77,20,common_all_structures_pass,3,128,0.0234375,nan,nan,531,0.005649717514124294,nan,nan,128,0.24105461393596986,125,0.9765625,3,0.0234375
IC-CMA-ES,TGD,0.78,10,structure_specific,28,146,0.1917808219178082,nan,nan,531,0.05273069679849341,nan,nan,146,0.2749529190207156,365,0.687382297551789,166,0.3126177024482109
IC-CMA-ES,TGD,0.78,10,common_all_structures_pass,21,112,0.1875,nan,nan,531,0.03954802259887006,nan,nan,112,0.21092278719397364,91,0.8125,21,0.1875
IC-CMA-ES,TGD,0.78,15,structure_specific,9,146,0.06164383561643835,nan,nan,531,0.01694915254237288,nan,nan,146,0.2749529190207156,434,0.8173258003766478,97,0.18267419962335216
IC-CMA-ES,TGD,0.78,15,common_all_structures_pass,5,112,0.044642857142857144,nan,nan,531,0.009416195856873822,nan,nan,112,0.21092278719397364,107,0.9553571428571429,5,0.044642857142857144
IC-CMA-ES,TGD,0.78,20,structure_specific,4,146,0.0273972602739726,nan,nan,531,0.007532956685499058,nan,nan,146,0.2749529190207156,469,0.8832391713747646,62,0.1167608286252354
IC-CMA-ES,TGD,0.78,20,common_all_structures_pass,2,112,0.017857142857142856,nan,nan,531,0.003766478342749529,nan,nan,112,0.21092278719397364,110,0.9821428571428571,2,0.017857142857142856
IC-CMA-ES,TGD,0.79,10,structure_specific,24,133,0.18045112781954886,nan,nan,531,0.04519774011299435,nan,nan,133,0.2504708097928437,365,0.687382297551789,166,0.3126177024482109
IC-CMA-ES,TGD,0.79,10,common_all_structures_pass,18,101,0.1782178217821782,nan,nan,531,0.03389830508474576,nan,nan,101,0.1902071563088512,83,0.8217821782178217,18,0.1782178217821782
IC-CMA-ES,TGD,0.79,15,structure_specific,8,133,0.06015037593984962,nan,nan,531,0.015065913370998116,nan,nan,133,0.2504708097928437,434,0.8173258003766478,97,0.18267419962335216
IC-CMA-ES,TGD,0.79,15,common_all_structures_pass,3,101,0.0297029702970297,nan,nan,531,0.005649717514124294,nan,nan,101,0.1902071563088512,98,0.9702970297029703,3,0.0297029702970297
IC-CMA-ES,TGD,0.79,20,structure_specific,4,133,0.03007518796992481,nan,nan,531,0.007532956685499058,nan,nan,133,0.2504708097928437,469,0.8832391713747646,62,0.1167608286252354
IC-CMA-ES,TGD,0.79,20,common_all_structures_pass,0,101,0.0,nan,nan,531,0.0,nan,nan,101,0.1902071563088512,101,1.0,0,0.0
IC-CMA-ES,TGD,0.8,10,structure_specific,21,114,0.18421052631578946,0.1196157218001169,0.2562153846153846,531,0.03954802259887006,0.02448210922787194,0.0583804143126177,114,0.21468926553672316,365,0.687382297551789,166,0.3126177024482109
IC-CMA-ES,TGD,0.8,10,common_all_structures_pass,18,92,0.1956521739130435,0.122874531835206,0.28304843304843297,531,0.03389830508474576,nan,nan,92,0.17325800376647835,74,0.8043478260869565,18,0.1956521739130435
IC-CMA-ES,TGD,0.8,15,structure_specific,6,114,0.05263157894736842,0.010416666666666666,0.09304690204222912,531,0.011299435028248588,0.0018832391713747645,0.02071563088512241,114,0.21468926553672316,434,0.8173258003766478,97,0.18267419962335216
IC-CMA-ES,TGD,0.8,15,common_all_structures_pass,3,92,0.03260869565217391,0.0,0.07704482300350361,531,0.005649717514124294,nan,nan,92,0.17325800376647835,89,0.967391304347826,3,0.03260869565217391
IC-CMA-ES,TGD,0.8,20,structure_specific,2,114,0.017543859649122806,0.0,0.043478260869565216,531,0.003766478342749529,0.0,0.009416195856873822,114,0.21468926553672316,469,0.8832391713747646,62,0.1167608286252354
IC-CMA-ES,TGD,0.8,20,common_all_structures_pass,0,92,0.0,0.0,0.0,531,0.0,nan,nan,92,0.17325800376647835,92,1.0,0,0.0
IC-CMA-ES,CN,0.4,10,structure_specific,96,487,0.1971252566735113,0.16207702702702703,0.23416886857835914,531,0.1807909604519774,0.1496704331450094,0.21379472693032012,487,0.9171374764595104,416,0.783427495291902,115,0.21657250470809794
IC-CMA-ES,CN,0.4,10,common_all_structures_pass,84,415,0.20240963855421687,0.1656372549019608,0.24157604412923558,531,0.15819209039548024,nan,nan,415,0.7815442561205274,331,0.7975903614457831,84,0.20240963855421687
IC-CMA-ES,CN,0.4,15,structure_specific,34,487,0.06981519507186858,0.05035662659768716,0.09242662473794548,531,0.064030131826742,0.04609227871939737,0.0847457627118644,487,0.9171374764595104,482,0.9077212806026366,49,0.09227871939736347
IC-CMA-ES,CN,0.4,15,common_all_structures_pass,29,415,0.06987951807228916,0.0489836144247909,0.09426541988850924,531,0.054613935969868174,nan,nan,415,0.7815442561205274,386,0.9301204819277108,29,0.06987951807228916
IC-CMA-ES,CN,0.4,20,structure_specific,9,487,0.018480492813141684,0.008078656087765698,0.03125339085673114,531,0.01694915254237288,0.007532956685499058,0.02824858757062147,487,0.9171374764595104,512,0.9642184557438794,19,0.035781544256120526
IC-CMA-ES,CN,0.4,20,common_all_structures_pass,8,415,0.01927710843373494,0.007185208770782417,0.0341722445336903,531,0.015065913370998116,nan,nan,415,0.7815442561205274,407,0.980722891566265,8,0.01927710843373494
IC-CMA-ES,CN,0.41,10,structure_specific,96,486,0.19753086419753085,nan,nan,531,0.1807909604519774,nan,nan,486,0.9152542372881356,416,0.783427495291902,115,0.21657250470809794
IC-CMA-ES,CN,0.41,10,common_all_structures_pass,83,412,0.20145631067961164,nan,nan,531,0.15630885122410546,nan,nan,412,0.775894538606403,329,0.7985436893203883,83,0.20145631067961164
IC-CMA-ES,CN,0.41,15,structure_specific,34,486,0.06995884773662552,nan,nan,531,0.064030131826742,nan,nan,486,0.9152542372881356,482,0.9077212806026366,49,0.09227871939736347
IC-CMA-ES,CN,0.41,15,common_all_structures_pass,29,412,0.0703883495145631,nan,nan,531,0.054613935969868174,nan,nan,412,0.775894538606403,383,0.9296116504854369,29,0.0703883495145631
IC-CMA-ES,CN,0.41,20,structure_specific,9,486,0.018518518518518517,nan,nan,531,0.01694915254237288,nan,nan,486,0.9152542372881356,512,0.9642184557438794,19,0.035781544256120526
IC-CMA-ES,CN,0.41,20,common_all_structures_pass,8,412,0.019417475728155338,nan,nan,531,0.015065913370998116,nan,nan,412,0.775894538606403,404,0.9805825242718447,8,0.019417475728155338
IC-CMA-ES,CN,0.42,10,structure_specific,95,484,0.1962809917355372,nan,nan,531,0.17890772128060264,nan,nan,484,0.911487758945386,416,0.783427495291902,115,0.21657250470809794
IC-CMA-ES,CN,0.42,10,common_all_structures_pass,82,409,0.20048899755501223,nan,nan,531,0.1544256120527307,nan,nan,409,0.7702448210922788,327,0.7995110024449877,82,0.20048899755501223
IC-CMA-ES,CN,0.42,15,structure_specific,33,484,0.06818181818181818,nan,nan,531,0.062146892655367235,nan,nan,484,0.911487758945386,482,0.9077212806026366,49,0.09227871939736347
IC-CMA-ES,CN,0.42,15,common_all_structures_pass,28,409,0.06845965770171149,nan,nan,531,0.05273069679849341,nan,nan,409,0.7702448210922788,381,0.9315403422982885,28,0.06845965770171149
IC-CMA-ES,CN,0.42,20,structure_specific,9,484,0.01859504132231405,nan,nan,531,0.01694915254237288,nan,nan,484,0.911487758945386,512,0.9642184557438794,19,0.035781544256120526
IC-CMA-ES,CN,0.42,20,common_all_structures_pass,8,409,0.019559902200488997,nan,nan,531,0.015065913370998116,nan,nan,409,0.7702448210922788,401,0.980440097799511,8,0.019559902200488997
IC-CMA-ES,CN,0.43,10,structure_specific,94,482,0.1950207468879668,nan,nan,531,0.17702448210922786,nan,nan,482,0.9077212806026366,416,0.783427495291902,115,0.21657250470809794
IC-CMA-ES,CN,0.43,10,common_all_structures_pass,81,406,0.19950738916256158,nan,nan,531,0.15254237288135594,nan,nan,406,0.7645951035781544,325,0.8004926108374384,81,0.19950738916256158
IC-CMA-ES,CN,0.43,15,structure_specific,32,482,0.06639004149377593,nan,nan,531,0.060263653483992465,nan,nan,482,0.9077212806026366,482,0.9077212806026366,49,0.09227871939736347
IC-CMA-ES,CN,0.43,15,common_all_structures_pass,27,406,0.0665024630541872,nan,nan,531,0.05084745762711865,nan,nan,406,0.7645951035781544,379,0.9334975369458128,27,0.0665024630541872
IC-CMA-ES,CN,0.43,20,structure_specific,9,482,0.01867219917012448,nan,nan,531,0.01694915254237288,nan,nan,482,0.9077212806026366,512,0.9642184557438794,19,0.035781544256120526
IC-CMA-ES,CN,0.43,20,common_all_structures_pass,8,406,0.019704433497536946,nan,nan,531,0.015065913370998116,nan,nan,406,0.7645951035781544,398,0.9802955665024631,8,0.019704433497536946
IC-CMA-ES,CN,0.44,10,structure_specific,94,481,0.19542619542619544,nan,nan,531,0.17702448210922786,nan,nan,481,0.9058380414312618,416,0.783427495291902,115,0.21657250470809794
IC-CMA-ES,CN,0.44,10,common_all_structures_pass,79,403,0.19602977667493796,nan,nan,531,0.1487758945386064,nan,nan,403,0.7589453860640302,324,0.8039702233250621,79,0.19602977667493796
IC-CMA-ES,CN,0.44,15,structure_specific,32,481,0.06652806652806653,nan,nan,531,0.060263653483992465,nan,nan,481,0.9058380414312618,482,0.9077212806026366,49,0.09227871939736347
IC-CMA-ES,CN,0.44,15,common_all_structures_pass,26,403,0.06451612903225806,nan,nan,531,0.04896421845574388,nan,nan,403,0.7589453860640302,377,0.9354838709677419,26,0.06451612903225806
IC-CMA-ES,CN,0.44,20,structure_specific,9,481,0.018711018711018712,nan,nan,531,0.01694915254237288,nan,nan,481,0.9058380414312618,512,0.9642184557438794,19,0.035781544256120526
IC-CMA-ES,CN,0.44,20,common_all_structures_pass,7,403,0.017369727047146403,nan,nan,531,0.013182674199623353,nan,nan,403,0.7589453860640302,396,0.9826302729528535,7,0.017369727047146403
IC-CMA-ES,CN,0.45,10,structure_specific,94,480,0.19583333333333333,nan,nan,531,0.17702448210922786,nan,nan,480,0.903954802259887,416,0.783427495291902,115,0.21657250470809794
IC-CMA-ES,CN,0.45,10,common_all_structures_pass,78,400,0.195,nan,nan,531,0.14689265536723164,nan,nan,400,0.7532956685499058,322,0.805,78,0.195
IC-CMA-ES,CN,0.45,15,structure_specific,32,480,0.06666666666666667,nan,nan,531,0.060263653483992465,nan,nan,480,0.903954802259887,482,0.9077212806026366,49,0.09227871939736347
IC-CMA-ES,CN,0.45,15,common_all_structures_pass,26,400,0.065,nan,nan,531,0.04896421845574388,nan,nan,400,0.7532956685499058,374,0.935,26,0.065
IC-CMA-ES,CN,0.45,20,structure_specific,9,480,0.01875,nan,nan,531,0.01694915254237288,nan,nan,480,0.903954802259887,512,0.9642184557438794,19,0.035781544256120526
IC-CMA-ES,CN,0.45,20,common_all_structures_pass,7,400,0.0175,nan,nan,531,0.013182674199623353,nan,nan,400,0.7532956685499058,393,0.9825,7,0.0175
IC-CMA-ES,CN,0.46,10,structure_specific,94,478,0.19665271966527198,nan,nan,531,0.17702448210922786,nan,nan,478,0.9001883239171374,416,0.783427495291902,115,0.21657250470809794
IC-CMA-ES,CN,0.46,10,common_all_structures_pass,78,399,0.19548872180451127,nan,nan,531,0.14689265536723164,nan,nan,399,0.751412429378531,321,0.8045112781954887,78,0.19548872180451127
IC-CMA-ES,CN,0.46,15,structure_specific,32,478,0.06694560669456066,nan,nan,531,0.060263653483992465,nan,nan,478,0.9001883239171374,482,0.9077212806026366,49,0.09227871939736347
IC-CMA-ES,CN,0.46,15,common_all_structures_pass,26,399,0.06516290726817042,nan,nan,531,0.04896421845574388,nan,nan,399,0.751412429378531,373,0.9348370927318296,26,0.06516290726817042
IC-CMA-ES,CN,0.46,20,structure_specific,9,478,0.01882845188284519,nan,nan,531,0.01694915254237288,nan,nan,478,0.9001883239171374,512,0.9642184557438794,19,0.035781544256120526
IC-CMA-ES,CN,0.46,20,common_all_structures_pass,7,399,0.017543859649122806,nan,nan,531,0.013182674199623353,nan,nan,399,0.751412429378531,392,0.9824561403508771,7,0.017543859649122806
IC-CMA-ES,CN,0.47,10,structure_specific,94,475,0.19789473684210526,nan,nan,531,0.17702448210922786,nan,nan,475,0.8945386064030132,416,0.783427495291902,115,0.21657250470809794
IC-CMA-ES,CN,0.47,10,common_all_structures_pass,78,397,0.1964735516372796,nan,nan,531,0.14689265536723164,nan,nan,397,0.7476459510357816,319,0.8035264483627204,78,0.1964735516372796
IC-CMA-ES,CN,0.47,15,structure_specific,32,475,0.06736842105263158,nan,nan,531,0.060263653483992465,nan,nan,475,0.8945386064030132,482,0.9077212806026366,49,0.09227871939736347
IC-CMA-ES,CN,0.47,15,common_all_structures_pass,26,397,0.0654911838790932,nan,nan,531,0.04896421845574388,nan,nan,397,0.7476459510357816,371,0.9345088161209067,26,0.0654911838790932
IC-CMA-ES,CN,0.47,20,structure_specific,9,475,0.018947368421052633,nan,nan,531,0.01694915254237288,nan,nan,475,0.8945386064030132,512,0.9642184557438794,19,0.035781544256120526
IC-CMA-ES,CN,0.47,20,common_all_structures_pass,7,397,0.017632241813602016,nan,nan,531,0.013182674199623353,nan,nan,397,0.7476459510357816,390,0.982367758186398,7,0.017632241813602016
IC-CMA-ES,CN,0.48,10,structure_specific,93,472,0.19703389830508475,nan,nan,531,0.1751412429378531,nan,nan,472,0.8888888888888888,416,0.783427495291902,115,0.21657250470809794
IC-CMA-ES,CN,0.48,10,common_all_structures_pass,76,392,0.19387755102040816,nan,nan,531,0.1431261770244821,nan,nan,392,0.7382297551789078,316,0.8061224489795918,76,0.19387755102040816
IC-CMA-ES,CN,0.48,15,structure_specific,32,472,0.06779661016949153,nan,nan,531,0.060263653483992465,nan,nan,472,0.8888888888888888,482,0.9077212806026366,49,0.09227871939736347
IC-CMA-ES,CN,0.48,15,common_all_structures_pass,26,392,0.0663265306122449,nan,nan,531,0.04896421845574388,nan,nan,392,0.7382297551789078,366,0.9336734693877551,26,0.0663265306122449
IC-CMA-ES,CN,0.48,20,structure_specific,9,472,0.019067796610169493,nan,nan,531,0.01694915254237288,nan,nan,472,0.8888888888888888,512,0.9642184557438794,19,0.035781544256120526
IC-CMA-ES,CN,0.48,20,common_all_structures_pass,7,392,0.017857142857142856,nan,nan,531,0.013182674199623353,nan,nan,392,0.7382297551789078,385,0.9821428571428571,7,0.017857142857142856
IC-CMA-ES,CN,0.49,10,structure_specific,92,471,0.19532908704883228,nan,nan,531,0.17325800376647835,nan,nan,471,0.8870056497175142,416,0.783427495291902,115,0.21657250470809794
IC-CMA-ES,CN,0.49,10,common_all_structures_pass,75,389,0.1928020565552699,nan,nan,531,0.14124293785310735,nan,nan,389,0.7325800376647834,314,0.8071979434447301,75,0.1928020565552699
IC-CMA-ES,CN,0.49,15,structure_specific,32,471,0.06794055201698514,nan,nan,531,0.060263653483992465,nan,nan,471,0.8870056497175142,482,0.9077212806026366,49,0.09227871939736347
IC-CMA-ES,CN,0.49,15,common_all_structures_pass,25,389,0.06426735218508997,nan,nan,531,0.047080979284369114,nan,nan,389,0.7325800376647834,364,0.9357326478149101,25,0.06426735218508997
IC-CMA-ES,CN,0.49,20,structure_specific,9,471,0.01910828025477707,nan,nan,531,0.01694915254237288,nan,nan,471,0.8870056497175142,512,0.9642184557438794,19,0.035781544256120526
IC-CMA-ES,CN,0.49,20,common_all_structures_pass,7,389,0.017994858611825194,nan,nan,531,0.013182674199623353,nan,nan,389,0.7325800376647834,382,0.9820051413881749,7,0.017994858611825194
IC-CMA-ES,CN,0.5,10,structure_specific,90,467,0.19271948608137046,0.15657618507788554,0.23046091900245272,531,0.1694915254237288,0.1374764595103578,0.20160075329566848,467,0.879472693032015,416,0.783427495291902,115,0.21657250470809794
IC-CMA-ES,CN,0.5,10,common_all_structures_pass,74,382,0.193717277486911,0.15626280665805872,0.23243243243243245,531,0.1393596986817326,nan,nan,382,0.71939736346516,308,0.806282722513089,74,0.193717277486911
IC-CMA-ES,CN,0.5,15,structure_specific,31,467,0.06638115631691649,0.04574686728688058,0.08923238135834044,531,0.0583804143126177,0.03954802259887006,0.07721280602636535,467,0.879472693032015,482,0.9077212806026366,49,0.09227871939736347
IC-CMA-ES,CN,0.5,15,common_all_structures_pass,25,382,0.06544502617801047,0.04387933170507238,0.09092517606856602,531,0.047080979284369114,nan,nan,382,0.71939736346516,357,0.9345549738219895,25,0.06544502617801047
IC-CMA-ES,CN,0.5,20,structure_specific,9,467,0.019271948608137045,0.008392572430256423,0.032504507423162514,531,0.01694915254237288,0.007532956685499058,0.02824858757062147,467,0.879472693032015,512,0.9642184557438794,19,0.035781544256120526
IC-CMA-ES,CN,0.5,20,common_all_structures_pass,7,382,0.01832460732984293,0.005544651241552364,0.03225806451612903,531,0.013182674199623353,nan,nan,382,0.71939736346516,375,0.981675392670157,7,0.01832460732984293
IC-CMA-ES,CN,0.51,10,structure_specific,88,465,0.18924731182795698,nan,nan,531,0.1657250470809793,nan,nan,465,0.8757062146892656,416,0.783427495291902,115,0.21657250470809794
IC-CMA-ES,CN,0.51,10,common_all_structures_pass,70,377,0.1856763925729443,nan,nan,531,0.1318267419962335,nan,nan,377,0.7099811676082862,307,0.8143236074270557,70,0.1856763925729443
IC-CMA-ES,CN,0.51,15,structure_specific,30,465,0.06451612903225806,nan,nan,531,0.05649717514124294,nan,nan,465,0.8757062146892656,482,0.9077212806026366,49,0.09227871939736347
IC-CMA-ES,CN,0.51,15,common_all_structures_pass,24,377,0.0636604774535809,nan,nan,531,0.04519774011299435,nan,nan,377,0.7099811676082862,353,0.9363395225464191,24,0.0636604774535809
IC-CMA-ES,CN,0.51,20,structure_specific,8,465,0.017204301075268817,nan,nan,531,0.015065913370998116,nan,nan,465,0.8757062146892656,512,0.9642184557438794,19,0.035781544256120526
IC-CMA-ES,CN,0.51,20,common_all_structures_pass,7,377,0.01856763925729443,nan,nan,531,0.013182674199623353,nan,nan,377,0.7099811676082862,370,0.9814323607427056,7,0.01856763925729443
IC-CMA-ES,CN,0.52,10,structure_specific,85,461,0.1843817787418655,nan,nan,531,0.160075329566855,nan,nan,461,0.8681732580037664,416,0.783427495291902,115,0.21657250470809794
IC-CMA-ES,CN,0.52,10,common_all_structures_pass,69,372,0.18548387096774194,nan,nan,531,0.12994350282485875,nan,nan,372,0.7005649717514124,303,0.8145161290322581,69,0.18548387096774194
IC-CMA-ES,CN,0.52,15,structure_specific,28,461,0.06073752711496746,nan,nan,531,0.05273069679849341,nan,nan,461,0.8681732580037664,482,0.9077212806026366,49,0.09227871939736347
IC-CMA-ES,CN,0.52,15,common_all_structures_pass,23,372,0.06182795698924731,nan,nan,531,0.04331450094161959,nan,nan,372,0.7005649717514124,349,0.9381720430107527,23,0.06182795698924731
IC-CMA-ES,CN,0.52,20,structure_specific,7,461,0.015184381778741865,nan,nan,531,0.013182674199623353,nan,nan,461,0.8681732580037664,512,0.9642184557438794,19,0.035781544256120526
IC-CMA-ES,CN,0.52,20,common_all_structures_pass,7,372,0.01881720430107527,nan,nan,531,0.013182674199623353,nan,nan,372,0.7005649717514124,365,0.9811827956989247,7,0.01881720430107527
IC-CMA-ES,CN,0.53,10,structure_specific,85,459,0.18518518518518517,nan,nan,531,0.160075329566855,nan,nan,459,0.864406779661017,416,0.783427495291902,115,0.21657250470809794
IC-CMA-ES,CN,0.53,10,common_all_structures_pass,69,369,0.18699186991869918,nan,nan,531,0.12994350282485875,nan,nan,369,0.6949152542372882,300,0.8130081300813008,69,0.18699186991869918
IC-CMA-ES,CN,0.53,15,structure_specific,28,459,0.06100217864923747,nan,nan,531,0.05273069679849341,nan,nan,459,0.864406779661017,482,0.9077212806026366,49,0.09227871939736347
IC-CMA-ES,CN,0.53,15,common_all_structures_pass,23,369,0.06233062330623306,nan,nan,531,0.04331450094161959,nan,nan,369,0.6949152542372882,346,0.9376693766937669,23,0.06233062330623306
IC-CMA-ES,CN,0.53,20,structure_specific,7,459,0.015250544662309368,nan,nan,531,0.013182674199623353,nan,nan,459,0.864406779661017,512,0.9642184557438794,19,0.035781544256120526
IC-CMA-ES,CN,0.53,20,common_all_structures_pass,7,369,0.018970189701897018,nan,nan,531,0.013182674199623353,nan,nan,369,0.6949152542372882,362,0.981029810298103,7,0.018970189701897018
IC-CMA-ES,CN,0.54,10,structure_specific,83,455,0.1824175824175824,nan,nan,531,0.15630885122410546,nan,nan,455,0.8568738229755178,416,0.783427495291902,115,0.21657250470809794
IC-CMA-ES,CN,0.54,10,common_all_structures_pass,67,363,0.18457300275482094,nan,nan,531,0.12617702448210924,nan,nan,363,0.6836158192090396,296,0.8154269972451791,67,0.18457300275482094
IC-CMA-ES,CN,0.54,15,structure_specific,26,455,0.05714285714285714,nan,nan,531,0.04896421845574388,nan,nan,455,0.8568738229755178,482,0.9077212806026366,49,0.09227871939736347
IC-CMA-ES,CN,0.54,15,common_all_structures_pass,21,363,0.05785123966942149,nan,nan,531,0.03954802259887006,nan,nan,363,0.6836158192090396,342,0.9421487603305785,21,0.05785123966942149
IC-CMA-ES,CN,0.54,20,structure_specific,6,455,0.013186813186813187,nan,nan,531,0.011299435028248588,nan,nan,455,0.8568738229755178,512,0.9642184557438794,19,0.035781544256120526
IC-CMA-ES,CN,0.54,20,common_all_structures_pass,6,363,0.01652892561983471,nan,nan,531,0.011299435028248588,nan,nan,363,0.6836158192090396,357,0.9834710743801653,6,0.01652892561983471
IC-CMA-ES,CN,0.55,10,structure_specific,83,454,0.1828193832599119,nan,nan,531,0.15630885122410546,nan,nan,454,0.8549905838041432,416,0.783427495291902,115,0.21657250470809794
IC-CMA-ES,CN,0.55,10,common_all_structures_pass,65,356,0.18258426966292135,nan,nan,531,0.1224105461393597,nan,nan,356,0.6704331450094162,291,0.8174157303370787,65,0.18258426966292135
IC-CMA-ES,CN,0.55,15,structure_specific,26,454,0.05726872246696035,nan,nan,531,0.04896421845574388,nan,nan,454,0.8549905838041432,482,0.9077212806026366,49,0.09227871939736347
IC-CMA-ES,CN,0.55,15,common_all_structures_pass,21,356,0.05898876404494382,nan,nan,531,0.03954802259887006,nan,nan,356,0.6704331450094162,335,0.9410112359550562,21,0.05898876404494382
IC-CMA-ES,CN,0.55,20,structure_specific,6,454,0.013215859030837005,nan,nan,531,0.011299435028248588,nan,nan,454,0.8549905838041432,512,0.9642184557438794,19,0.035781544256120526
IC-CMA-ES,CN,0.55,20,common_all_structures_pass,6,356,0.016853932584269662,nan,nan,531,0.011299435028248588,nan,nan,356,0.6704331450094162,350,0.9831460674157303,6,0.016853932584269662
IC-CMA-ES,CN,0.56,10,structure_specific,83,452,0.1836283185840708,nan,nan,531,0.15630885122410546,nan,nan,452,0.8512241054613936,416,0.783427495291902,115,0.21657250470809794
IC-CMA-ES,CN,0.56,10,common_all_structures_pass,64,352,0.18181818181818182,nan,nan,531,0.12052730696798493,nan,nan,352,0.6629001883239172,288,0.8181818181818182,64,0.18181818181818182
IC-CMA-ES,CN,0.56,15,structure_specific,26,452,0.05752212389380531,nan,nan,531,0.04896421845574388,nan,nan,452,0.8512241054613936,482,0.9077212806026366,49,0.09227871939736347
IC-CMA-ES,CN,0.56,15,common_all_structures_pass,20,352,0.056818181818181816,nan,nan,531,0.03766478342749529,nan,nan,352,0.6629001883239172,332,0.9431818181818182,20,0.056818181818181816
IC-CMA-ES,CN,0.56,20,structure_specific,6,452,0.01327433628318584,nan,nan,531,0.011299435028248588,nan,nan,452,0.8512241054613936,512,0.9642184557438794,19,0.035781544256120526
IC-CMA-ES,CN,0.56,20,common_all_structures_pass,6,352,0.017045454545454544,nan,nan,531,0.011299435028248588,nan,nan,352,0.6629001883239172,346,0.9829545454545454,6,0.017045454545454544
IC-CMA-ES,CN,0.57,10,structure_specific,83,447,0.18568232662192394,nan,nan,531,0.15630885122410546,nan,nan,447,0.8418079096045198,416,0.783427495291902,115,0.21657250470809794
IC-CMA-ES,CN,0.57,10,common_all_structures_pass,62,345,0.17971014492753623,nan,nan,531,0.1167608286252354,nan,nan,345,0.6497175141242938,283,0.8202898550724638,62,0.17971014492753623
IC-CMA-ES,CN,0.57,15,structure_specific,26,447,0.058165548098434,nan,nan,531,0.04896421845574388,nan,nan,447,0.8418079096045198,482,0.9077212806026366,49,0.09227871939736347
IC-CMA-ES,CN,0.57,15,common_all_structures_pass,19,345,0.05507246376811594,nan,nan,531,0.035781544256120526,nan,nan,345,0.6497175141242938,326,0.9449275362318841,19,0.05507246376811594
IC-CMA-ES,CN,0.57,20,structure_specific,6,447,0.013422818791946308,nan,nan,531,0.011299435028248588,nan,nan,447,0.8418079096045198,512,0.9642184557438794,19,0.035781544256120526
IC-CMA-ES,CN,0.57,20,common_all_structures_pass,6,345,0.017391304347826087,nan,nan,531,0.011299435028248588,nan,nan,345,0.6497175141242938,339,0.9826086956521739,6,0.017391304347826087
IC-CMA-ES,CN,0.58,10,structure_specific,82,439,0.1867881548974943,nan,nan,531,0.1544256120527307,nan,nan,439,0.8267419962335216,416,0.783427495291902,115,0.21657250470809794
IC-CMA-ES,CN,0.58,10,common_all_structures_pass,62,341,0.18181818181818182,nan,nan,531,0.1167608286252354,nan,nan,341,0.6421845574387948,279,0.8181818181818182,62,0.18181818181818182
IC-CMA-ES,CN,0.58,15,structure_specific,25,439,0.05694760820045558,nan,nan,531,0.047080979284369114,nan,nan,439,0.8267419962335216,482,0.9077212806026366,49,0.09227871939736347
IC-CMA-ES,CN,0.58,15,common_all_structures_pass,19,341,0.05571847507331378,nan,nan,531,0.035781544256120526,nan,nan,341,0.6421845574387948,322,0.9442815249266863,19,0.05571847507331378
IC-CMA-ES,CN,0.58,20,structure_specific,6,439,0.01366742596810934,nan,nan,531,0.011299435028248588,nan,nan,439,0.8267419962335216,512,0.9642184557438794,19,0.035781544256120526
IC-CMA-ES,CN,0.58,20,common_all_structures_pass,6,341,0.017595307917888565,nan,nan,531,0.011299435028248588,nan,nan,341,0.6421845574387948,335,0.9824046920821115,6,0.017595307917888565
IC-CMA-ES,CN,0.59,10,structure_specific,81,435,0.18620689655172415,nan,nan,531,0.15254237288135594,nan,nan,435,0.8192090395480226,416,0.783427495291902,115,0.21657250470809794
IC-CMA-ES,CN,0.59,10,common_all_structures_pass,58,330,0.17575757575757575,nan,nan,531,0.10922787193973635,nan,nan,330,0.6214689265536724,272,0.8242424242424242,58,0.17575757575757575
IC-CMA-ES,CN,0.59,15,structure_specific,25,435,0.05747126436781609,nan,nan,531,0.047080979284369114,nan,nan,435,0.8192090395480226,482,0.9077212806026366,49,0.09227871939736347
IC-CMA-ES,CN,0.59,15,common_all_structures_pass,18,330,0.05454545454545454,nan,nan,531,0.03389830508474576,nan,nan,330,0.6214689265536724,312,0.9454545454545454,18,0.05454545454545454
IC-CMA-ES,CN,0.59,20,structure_specific,6,435,0.013793103448275862,nan,nan,531,0.011299435028248588,nan,nan,435,0.8192090395480226,512,0.9642184557438794,19,0.035781544256120526
IC-CMA-ES,CN,0.59,20,common_all_structures_pass,5,330,0.015151515151515152,nan,nan,531,0.009416195856873822,nan,nan,330,0.6214689265536724,325,0.9848484848484849,5,0.015151515151515152
IC-CMA-ES,CN,0.6,10,structure_specific,77,427,0.18032786885245902,0.14520414649923047,0.21816717842600628,531,0.14500941619585686,0.11487758945386065,0.17702448210922786,427,0.8041431261770244,416,0.783427495291902,115,0.21657250470809794
IC-CMA-ES,CN,0.6,10,common_all_structures_pass,56,321,0.17445482866043613,0.1344965366351399,0.21525715563506262,531,0.10546139359698682,nan,nan,321,0.6045197740112994,265,0.8255451713395638,56,0.17445482866043613
IC-CMA-ES,CN,0.6,15,structure_specific,25,427,0.0585480093676815,0.037635646897284845,0.08219208179713622,531,0.047080979284369114,0.030131826741996232,0.06591337099811675,427,0.8041431261770244,482,0.9077212806026366,49,0.09227871939736347
IC-CMA-ES,CN,0.6,15,common_all_structures_pass,18,321,0.056074766355140186,0.03265157243679231,0.08215330967058967,531,0.03389830508474576,nan,nan,321,0.6045197740112994,303,0.9439252336448598,18,0.056074766355140186
IC-CMA-ES,CN,0.6,20,structure_specific,6,427,0.01405152224824356,0.00457615935654141,0.025950092339185184,531,0.011299435028248588,0.003766478342749529,0.02071563088512241,427,0.8041431261770244,512,0.9642184557438794,19,0.035781544256120526
IC-CMA-ES,CN,0.6,20,common_all_structures_pass,5,321,0.01557632398753894,0.003153363853503185,0.029144872628573026,531,0.009416195856873822,nan,nan,321,0.6045197740112994,316,0.9844236760124611,5,0.01557632398753894
IC-CMA-ES,CN,0.61,10,structure_specific,77,421,0.1828978622327791,nan,nan,531,0.14500941619585686,nan,nan,421,0.7928436911487758,416,0.783427495291902,115,0.21657250470809794
IC-CMA-ES,CN,0.61,10,common_all_structures_pass,55,315,0.1746031746031746,nan,nan,531,0.10357815442561205,nan,nan,315,0.5932203389830508,260,0.8253968253968254,55,0.1746031746031746
IC-CMA-ES,CN,0.61,15,structure_specific,25,421,0.05938242280285035,nan,nan,531,0.047080979284369114,nan,nan,421,0.7928436911487758,482,0.9077212806026366,49,0.09227871939736347
IC-CMA-ES,CN,0.61,15,common_all_structures_pass,18,315,0.05714285714285714,nan,nan,531,0.03389830508474576,nan,nan,315,0.5932203389830508,297,0.9428571428571428,18,0.05714285714285714
IC-CMA-ES,CN,0.61,20,structure_specific,6,421,0.014251781472684086,nan,nan,531,0.011299435028248588,nan,nan,421,0.7928436911487758,512,0.9642184557438794,19,0.035781544256120526
IC-CMA-ES,CN,0.61,20,common_all_structures_pass,5,315,0.015873015873015872,nan,nan,531,0.009416195856873822,nan,nan,315,0.5932203389830508,310,0.9841269841269841,5,0.015873015873015872
IC-CMA-ES,CN,0.62,10,structure_specific,73,410,0.17804878048780487,nan,nan,531,0.1374764595103578,nan,nan,410,0.7721280602636534,416,0.783427495291902,115,0.21657250470809794
IC-CMA-ES,CN,0.62,10,common_all_structures_pass,54,305,0.17704918032786884,nan,nan,531,0.1016949152542373,nan,nan,305,0.5743879472693032,251,0.8229508196721311,54,0.17704918032786884
IC-CMA-ES,CN,0.62,15,structure_specific,24,410,0.05853658536585366,nan,nan,531,0.04519774011299435,nan,nan,410,0.7721280602636534,482,0.9077212806026366,49,0.09227871939736347
IC-CMA-ES,CN,0.62,15,common_all_structures_pass,18,305,0.05901639344262295,nan,nan,531,0.03389830508474576,nan,nan,305,0.5743879472693032,287,0.940983606557377,18,0.05901639344262295
IC-CMA-ES,CN,0.62,20,structure_specific,6,410,0.014634146341463415,nan,nan,531,0.011299435028248588,nan,nan,410,0.7721280602636534,512,0.9642184557438794,19,0.035781544256120526
IC-CMA-ES,CN,0.62,20,common_all_structures_pass,5,305,0.01639344262295082,nan,nan,531,0.009416195856873822,nan,nan,305,0.5743879472693032,300,0.9836065573770492,5,0.01639344262295082
IC-CMA-ES,CN,0.63,10,structure_specific,73,407,0.17936117936117937,nan,nan,531,0.1374764595103578,nan,nan,407,0.7664783427495292,416,0.783427495291902,115,0.21657250470809794
IC-CMA-ES,CN,0.63,10,common_all_structures_pass,51,295,0.17288135593220338,nan,nan,531,0.096045197740113,nan,nan,295,0.5555555555555556,244,0.8271186440677966,51,0.17288135593220338
IC-CMA-ES,CN,0.63,15,structure_specific,24,407,0.05896805896805897,nan,nan,531,0.04519774011299435,nan,nan,407,0.7664783427495292,482,0.9077212806026366,49,0.09227871939736347
IC-CMA-ES,CN,0.63,15,common_all_structures_pass,16,295,0.05423728813559322,nan,nan,531,0.030131826741996232,nan,nan,295,0.5555555555555556,279,0.9457627118644067,16,0.05423728813559322
IC-CMA-ES,CN,0.63,20,structure_specific,6,407,0.014742014742014743,nan,nan,531,0.011299435028248588,nan,nan,407,0.7664783427495292,512,0.9642184557438794,19,0.035781544256120526
IC-CMA-ES,CN,0.63,20,common_all_structures_pass,4,295,0.013559322033898305,nan,nan,531,0.007532956685499058,nan,nan,295,0.5555555555555556,291,0.9864406779661017,4,0.013559322033898305
IC-CMA-ES,CN,0.64,10,structure_specific,72,403,0.17866004962779156,nan,nan,531,0.13559322033898305,nan,nan,403,0.7589453860640302,416,0.783427495291902,115,0.21657250470809794
IC-CMA-ES,CN,0.64,10,common_all_structures_pass,49,287,0.17073170731707318,nan,nan,531,0.09227871939736347,nan,nan,287,0.5404896421845574,238,0.8292682926829268,49,0.17073170731707318
IC-CMA-ES,CN,0.64,15,structure_specific,24,403,0.05955334987593052,nan,nan,531,0.04519774011299435,nan,nan,403,0.7589453860640302,482,0.9077212806026366,49,0.09227871939736347
IC-CMA-ES,CN,0.64,15,common_all_structures_pass,14,287,0.04878048780487805,nan,nan,531,0.026365348399246705,nan,nan,287,0.5404896421845574,273,0.9512195121951219,14,0.04878048780487805
IC-CMA-ES,CN,0.64,20,structure_specific,6,403,0.01488833746898263,nan,nan,531,0.011299435028248588,nan,nan,403,0.7589453860640302,512,0.9642184557438794,19,0.035781544256120526
IC-CMA-ES,CN,0.64,20,common_all_structures_pass,4,287,0.013937282229965157,nan,nan,531,0.007532956685499058,nan,nan,287,0.5404896421845574,283,0.9860627177700348,4,0.013937282229965157
IC-CMA-ES,CN,0.65,10,structure_specific,70,394,0.17766497461928935,nan,nan,531,0.1318267419962335,nan,nan,394,0.7419962335216572,416,0.783427495291902,115,0.21657250470809794
IC-CMA-ES,CN,0.65,10,common_all_structures_pass,45,273,0.16483516483516483,nan,nan,531,0.0847457627118644,nan,nan,273,0.5141242937853108,228,0.8351648351648352,45,0.16483516483516483
IC-CMA-ES,CN,0.65,15,structure_specific,24,394,0.06091370558375635,nan,nan,531,0.04519774011299435,nan,nan,394,0.7419962335216572,482,0.9077212806026366,49,0.09227871939736347
IC-CMA-ES,CN,0.65,15,common_all_structures_pass,13,273,0.047619047619047616,nan,nan,531,0.02448210922787194,nan,nan,273,0.5141242937853108,260,0.9523809523809523,13,0.047619047619047616
IC-CMA-ES,CN,0.65,20,structure_specific,6,394,0.015228426395939087,nan,nan,531,0.011299435028248588,nan,nan,394,0.7419962335216572,512,0.9642184557438794,19,0.035781544256120526
IC-CMA-ES,CN,0.65,20,common_all_structures_pass,4,273,0.014652014652014652,nan,nan,531,0.007532956685499058,nan,nan,273,0.5141242937853108,269,0.9853479853479854,4,0.014652014652014652
IC-CMA-ES,CN,0.66,10,structure_specific,69,389,0.17737789203084833,nan,nan,531,0.12994350282485875,nan,nan,389,0.7325800376647834,416,0.783427495291902,115,0.21657250470809794
IC-CMA-ES,CN,0.66,10,common_all_structures_pass,42,261,0.16091954022988506,nan,nan,531,0.07909604519774012,nan,nan,261,0.4915254237288136,219,0.8390804597701149,42,0.16091954022988506
IC-CMA-ES,CN,0.66,15,structure_specific,23,389,0.05912596401028278,nan,nan,531,0.04331450094161959,nan,nan,389,0.7325800376647834,482,0.9077212806026366,49,0.09227871939736347
IC-CMA-ES,CN,0.66,15,common_all_structures_pass,12,261,0.04597701149425287,nan,nan,531,0.022598870056497175,nan,nan,261,0.4915254237288136,249,0.9540229885057471,12,0.04597701149425287
IC-CMA-ES,CN,0.66,20,structure_specific,6,389,0.015424164524421594,nan,nan,531,0.011299435028248588,nan,nan,389,0.7325800376647834,512,0.9642184557438794,19,0.035781544256120526
IC-CMA-ES,CN,0.66,20,common_all_structures_pass,3,261,0.011494252873563218,nan,nan,531,0.005649717514124294,nan,nan,261,0.4915254237288136,258,0.9885057471264368,3,0.011494252873563218
IC-CMA-ES,CN,0.67,10,structure_specific,67,377,0.17771883289124668,nan,nan,531,0.12617702448210924,nan,nan,377,0.7099811676082862,416,0.783427495291902,115,0.21657250470809794
IC-CMA-ES,CN,0.67,10,common_all_structures_pass,38,250,0.152,nan,nan,531,0.07156308851224105,nan,nan,250,0.4708097928436911,212,0.848,38,0.152
IC-CMA-ES,CN,0.67,15,structure_specific,23,377,0.0610079575596817,nan,nan,531,0.04331450094161959,nan,nan,377,0.7099811676082862,482,0.9077212806026366,49,0.09227871939736347
IC-CMA-ES,CN,0.67,15,common_all_structures_pass,11,250,0.044,nan,nan,531,0.02071563088512241,nan,nan,250,0.4708097928436911,239,0.956,11,0.044
IC-CMA-ES,CN,0.67,20,structure_specific,6,377,0.015915119363395226,nan,nan,531,0.011299435028248588,nan,nan,377,0.7099811676082862,512,0.9642184557438794,19,0.035781544256120526
IC-CMA-ES,CN,0.67,20,common_all_structures_pass,3,250,0.012,nan,nan,531,0.005649717514124294,nan,nan,250,0.4708097928436911,247,0.988,3,0.012
IC-CMA-ES,CN,0.68,10,structure_specific,67,365,0.18356164383561643,nan,nan,531,0.12617702448210924,nan,nan,365,0.687382297551789,416,0.783427495291902,115,0.21657250470809794
IC-CMA-ES,CN,0.68,10,common_all_structures_pass,35,242,0.1446280991735537,nan,nan,531,0.06591337099811675,nan,nan,242,0.455743879472693,207,0.8553719008264463,35,0.1446280991735537
IC-CMA-ES,CN,0.68,15,structure_specific,23,365,0.06301369863013699,nan,nan,531,0.04331450094161959,nan,nan,365,0.687382297551789,482,0.9077212806026366,49,0.09227871939736347
IC-CMA-ES,CN,0.68,15,common_all_structures_pass,9,242,0.0371900826446281,nan,nan,531,0.01694915254237288,nan,nan,242,0.455743879472693,233,0.9628099173553719,9,0.0371900826446281
IC-CMA-ES,CN,0.68,20,structure_specific,6,365,0.01643835616438356,nan,nan,531,0.011299435028248588,nan,nan,365,0.687382297551789,512,0.9642184557438794,19,0.035781544256120526
IC-CMA-ES,CN,0.68,20,common_all_structures_pass,3,242,0.012396694214876033,nan,nan,531,0.005649717514124294,nan,nan,242,0.455743879472693,239,0.987603305785124,3,0.012396694214876033
IC-CMA-ES,CN,0.69,10,structure_specific,63,357,0.17647058823529413,nan,nan,531,0.11864406779661017,nan,nan,357,0.672316384180791,416,0.783427495291902,115,0.21657250470809794
IC-CMA-ES,CN,0.69,10,common_all_structures_pass,31,231,0.1341991341991342,nan,nan,531,0.0583804143126177,nan,nan,231,0.4350282485875706,200,0.8658008658008658,31,0.1341991341991342
IC-CMA-ES,CN,0.69,15,structure_specific,20,357,0.056022408963585436,nan,nan,531,0.03766478342749529,nan,nan,357,0.672316384180791,482,0.9077212806026366,49,0.09227871939736347
IC-CMA-ES,CN,0.69,15,common_all_structures_pass,9,231,0.03896103896103896,nan,nan,531,0.01694915254237288,nan,nan,231,0.4350282485875706,222,0.961038961038961,9,0.03896103896103896
IC-CMA-ES,CN,0.69,20,structure_specific,5,357,0.014005602240896359,nan,nan,531,0.009416195856873822,nan,nan,357,0.672316384180791,512,0.9642184557438794,19,0.035781544256120526
IC-CMA-ES,CN,0.69,20,common_all_structures_pass,3,231,0.012987012987012988,nan,nan,531,0.005649717514124294,nan,nan,231,0.4350282485875706,228,0.987012987012987,3,0.012987012987012988
IC-CMA-ES,CN,0.7,10,structure_specific,58,345,0.1681159420289855,0.12841836734693876,0.2076042530505864,531,0.10922787193973635,0.08286252354048965,0.1337099811676083,345,0.6497175141242938,416,0.783427495291902,115,0.21657250470809794
IC-CMA-ES,CN,0.7,10,common_all_structures_pass,28,223,0.12556053811659193,0.08564671814671815,0.16886147186147185,531,0.05273069679849341,nan,nan,223,0.4199623352165725,195,0.874439461883408,28,0.12556053811659193
IC-CMA-ES,CN,0.7,15,structure_specific,19,345,0.05507246376811594,0.03178051408856625,0.08104800201055541,531,0.035781544256120526,0.02071563088512241,0.05183615819209036,345,0.6497175141242938,482,0.9077212806026366,49,0.09227871939736347
IC-CMA-ES,CN,0.7,15,common_all_structures_pass,8,223,0.03587443946188341,0.01327433628318584,0.06112740637869935,531,0.015065913370998116,nan,nan,223,0.4199623352165725,215,0.9641255605381166,8,0.03587443946188341
IC-CMA-ES,CN,0.7,20,structure_specific,4,345,0.011594202898550725,0.0027970126598125286,0.023496636191133343,531,0.007532956685499058,0.0018832391713747645,0.015065913370998116,345,0.6497175141242938,512,0.9642184557438794,19,0.035781544256120526
IC-CMA-ES,CN,0.7,20,common_all_structures_pass,2,223,0.008968609865470852,0.0,0.02353231021348215,531,0.003766478342749529,nan,nan,223,0.4199623352165725,221,0.9910313901345291,2,0.008968609865470852
IC-CMA-ES,CN,0.71,10,structure_specific,55,332,0.16566265060240964,nan,nan,531,0.10357815442561205,nan,nan,332,0.6252354048964218,416,0.783427495291902,115,0.21657250470809794
IC-CMA-ES,CN,0.71,10,common_all_structures_pass,25,209,0.11961722488038277,nan,nan,531,0.047080979284369114,nan,nan,209,0.3935969868173258,184,0.8803827751196173,25,0.11961722488038277
IC-CMA-ES,CN,0.71,15,structure_specific,18,332,0.05421686746987952,nan,nan,531,0.03389830508474576,nan,nan,332,0.6252354048964218,482,0.9077212806026366,49,0.09227871939736347
IC-CMA-ES,CN,0.71,15,common_all_structures_pass,8,209,0.03827751196172249,nan,nan,531,0.015065913370998116,nan,nan,209,0.3935969868173258,201,0.9617224880382775,8,0.03827751196172249
IC-CMA-ES,CN,0.71,20,structure_specific,3,332,0.009036144578313253,nan,nan,531,0.005649717514124294,nan,nan,332,0.6252354048964218,512,0.9642184557438794,19,0.035781544256120526
IC-CMA-ES,CN,0.71,20,common_all_structures_pass,2,209,0.009569377990430622,nan,nan,531,0.003766478342749529,nan,nan,209,0.3935969868173258,207,0.9904306220095693,2,0.009569377990430622
IC-CMA-ES,CN,0.72,10,structure_specific,53,326,0.16257668711656442,nan,nan,531,0.09981167608286252,nan,nan,326,0.6139359698681732,416,0.783427495291902,115,0.21657250470809794
IC-CMA-ES,CN,0.72,10,common_all_structures_pass,24,203,0.11822660098522167,nan,nan,531,0.04519774011299435,nan,nan,203,0.3822975517890772,179,0.8817733990147784,24,0.11822660098522167
IC-CMA-ES,CN,0.72,15,structure_specific,17,326,0.05214723926380368,nan,nan,531,0.032015065913371,nan,nan,326,0.6139359698681732,482,0.9077212806026366,49,0.09227871939736347
IC-CMA-ES,CN,0.72,15,common_all_structures_pass,7,203,0.034482758620689655,nan,nan,531,0.013182674199623353,nan,nan,203,0.3822975517890772,196,0.9655172413793104,7,0.034482758620689655
IC-CMA-ES,CN,0.72,20,structure_specific,3,326,0.009202453987730062,nan,nan,531,0.005649717514124294,nan,nan,326,0.6139359698681732,512,0.9642184557438794,19,0.035781544256120526
IC-CMA-ES,CN,0.72,20,common_all_structures_pass,2,203,0.009852216748768473,nan,nan,531,0.003766478342749529,nan,nan,203,0.3822975517890772,201,0.9901477832512315,2,0.009852216748768473
IC-CMA-ES,CN,0.73,10,structure_specific,51,317,0.1608832807570978,nan,nan,531,0.096045197740113,nan,nan,317,0.5969868173258004,416,0.783427495291902,115,0.21657250470809794
IC-CMA-ES,CN,0.73,10,common_all_structures_pass,21,188,0.11170212765957446,nan,nan,531,0.03954802259887006,nan,nan,188,0.3540489642184557,167,0.8882978723404256,21,0.11170212765957446
IC-CMA-ES,CN,0.73,15,structure_specific,17,317,0.05362776025236593,nan,nan,531,0.032015065913371,nan,nan,317,0.5969868173258004,482,0.9077212806026366,49,0.09227871939736347
IC-CMA-ES,CN,0.73,15,common_all_structures_pass,7,188,0.03723404255319149,nan,nan,531,0.013182674199623353,nan,nan,188,0.3540489642184557,181,0.9627659574468085,7,0.03723404255319149
IC-CMA-ES,CN,0.73,20,structure_specific,3,317,0.00946372239747634,nan,nan,531,0.005649717514124294,nan,nan,317,0.5969868173258004,512,0.9642184557438794,19,0.035781544256120526
IC-CMA-ES,CN,0.73,20,common_all_structures_pass,2,188,0.010638297872340425,nan,nan,531,0.003766478342749529,nan,nan,188,0.3540489642184557,186,0.9893617021276596,2,0.010638297872340425
IC-CMA-ES,CN,0.74,10,structure_specific,47,297,0.15824915824915825,nan,nan,531,0.08851224105461393,nan,nan,297,0.559322033898305,416,0.783427495291902,115,0.21657250470809794
IC-CMA-ES,CN,0.74,10,common_all_structures_pass,19,170,0.11176470588235295,nan,nan,531,0.035781544256120526,nan,nan,170,0.32015065913371,151,0.888235294117647,19,0.11176470588235295
IC-CMA-ES,CN,0.74,15,structure_specific,14,297,0.04713804713804714,nan,nan,531,0.026365348399246705,nan,nan,297,0.559322033898305,482,0.9077212806026366,49,0.09227871939736347
IC-CMA-ES,CN,0.74,15,common_all_structures_pass,5,170,0.029411764705882353,nan,nan,531,0.009416195856873822,nan,nan,170,0.32015065913371,165,0.9705882352941176,5,0.029411764705882353
IC-CMA-ES,CN,0.74,20,structure_specific,3,297,0.010101010101010102,nan,nan,531,0.005649717514124294,nan,nan,297,0.559322033898305,512,0.9642184557438794,19,0.035781544256120526
IC-CMA-ES,CN,0.74,20,common_all_structures_pass,2,170,0.011764705882352941,nan,nan,531,0.003766478342749529,nan,nan,170,0.32015065913371,168,0.9882352941176471,2,0.011764705882352941
IC-CMA-ES,CN,0.75,10,structure_specific,41,274,0.14963503649635038,nan,nan,531,0.07721280602636535,nan,nan,274,0.5160075329566854,416,0.783427495291902,115,0.21657250470809794
IC-CMA-ES,CN,0.75,10,common_all_structures_pass,16,150,0.10666666666666667,nan,nan,531,0.030131826741996232,nan,nan,150,0.2824858757062147,134,0.8933333333333333,16,0.10666666666666667
IC-CMA-ES,CN,0.75,15,structure_specific,11,274,0.040145985401459854,nan,nan,531,0.02071563088512241,nan,nan,274,0.5160075329566854,482,0.9077212806026366,49,0.09227871939736347
IC-CMA-ES,CN,0.75,15,common_all_structures_pass,4,150,0.02666666666666667,nan,nan,531,0.007532956685499058,nan,nan,150,0.2824858757062147,146,0.9733333333333334,4,0.02666666666666667
IC-CMA-ES,CN,0.75,20,structure_specific,2,274,0.0072992700729927005,nan,nan,531,0.003766478342749529,nan,nan,274,0.5160075329566854,512,0.9642184557438794,19,0.035781544256120526
IC-CMA-ES,CN,0.75,20,common_all_structures_pass,1,150,0.006666666666666667,nan,nan,531,0.0018832391713747645,nan,nan,150,0.2824858757062147,149,0.9933333333333333,1,0.006666666666666667
IC-CMA-ES,CN,0.76,10,structure_specific,37,259,0.14285714285714285,nan,nan,531,0.0696798493408663,nan,nan,259,0.487758945386064,416,0.783427495291902,115,0.21657250470809794
IC-CMA-ES,CN,0.76,10,common_all_structures_pass,13,140,0.09285714285714286,nan,nan,531,0.02448210922787194,nan,nan,140,0.263653483992467,127,0.9071428571428571,13,0.09285714285714286
IC-CMA-ES,CN,0.76,15,structure_specific,9,259,0.03474903474903475,nan,nan,531,0.01694915254237288,nan,nan,259,0.487758945386064,482,0.9077212806026366,49,0.09227871939736347
IC-CMA-ES,CN,0.76,15,common_all_structures_pass,3,140,0.02142857142857143,nan,nan,531,0.005649717514124294,nan,nan,140,0.263653483992467,137,0.9785714285714285,3,0.02142857142857143
IC-CMA-ES,CN,0.76,20,structure_specific,2,259,0.007722007722007722,nan,nan,531,0.003766478342749529,nan,nan,259,0.487758945386064,512,0.9642184557438794,19,0.035781544256120526
IC-CMA-ES,CN,0.76,20,common_all_structures_pass,1,140,0.007142857142857143,nan,nan,531,0.0018832391713747645,nan,nan,140,0.263653483992467,139,0.9928571428571429,1,0.007142857142857143
IC-CMA-ES,CN,0.77,10,structure_specific,35,244,0.14344262295081966,nan,nan,531,0.06591337099811675,nan,nan,244,0.4595103578154426,416,0.783427495291902,115,0.21657250470809794
IC-CMA-ES,CN,0.77,10,common_all_structures_pass,11,128,0.0859375,nan,nan,531,0.02071563088512241,nan,nan,128,0.24105461393596986,117,0.9140625,11,0.0859375
IC-CMA-ES,CN,0.77,15,structure_specific,8,244,0.03278688524590164,nan,nan,531,0.015065913370998116,nan,nan,244,0.4595103578154426,482,0.9077212806026366,49,0.09227871939736347
IC-CMA-ES,CN,0.77,15,common_all_structures_pass,2,128,0.015625,nan,nan,531,0.003766478342749529,nan,nan,128,0.24105461393596986,126,0.984375,2,0.015625
IC-CMA-ES,CN,0.77,20,structure_specific,2,244,0.00819672131147541,nan,nan,531,0.003766478342749529,nan,nan,244,0.4595103578154426,512,0.9642184557438794,19,0.035781544256120526
IC-CMA-ES,CN,0.77,20,common_all_structures_pass,0,128,0.0,nan,nan,531,0.0,nan,nan,128,0.24105461393596986,128,1.0,0,0.0
IC-CMA-ES,CN,0.78,10,structure_specific,32,226,0.1415929203539823,nan,nan,531,0.060263653483992465,nan,nan,226,0.4256120527306968,416,0.783427495291902,115,0.21657250470809794
IC-CMA-ES,CN,0.78,10,common_all_structures_pass,10,112,0.08928571428571429,nan,nan,531,0.018832391713747645,nan,nan,112,0.21092278719397364,102,0.9107142857142857,10,0.08928571428571429
IC-CMA-ES,CN,0.78,15,structure_specific,8,226,0.035398230088495575,nan,nan,531,0.015065913370998116,nan,nan,226,0.4256120527306968,482,0.9077212806026366,49,0.09227871939736347
IC-CMA-ES,CN,0.78,15,common_all_structures_pass,2,112,0.017857142857142856,nan,nan,531,0.003766478342749529,nan,nan,112,0.21092278719397364,110,0.9821428571428571,2,0.017857142857142856
IC-CMA-ES,CN,0.78,20,structure_specific,2,226,0.008849557522123894,nan,nan,531,0.003766478342749529,nan,nan,226,0.4256120527306968,512,0.9642184557438794,19,0.035781544256120526
IC-CMA-ES,CN,0.78,20,common_all_structures_pass,0,112,0.0,nan,nan,531,0.0,nan,nan,112,0.21092278719397364,112,1.0,0,0.0
IC-CMA-ES,CN,0.79,10,structure_specific,27,209,0.1291866028708134,nan,nan,531,0.05084745762711865,nan,nan,209,0.3935969868173258,416,0.783427495291902,115,0.21657250470809794
IC-CMA-ES,CN,0.79,10,common_all_structures_pass,10,101,0.09900990099009901,nan,nan,531,0.018832391713747645,nan,nan,101,0.1902071563088512,91,0.900990099009901,10,0.09900990099009901
IC-CMA-ES,CN,0.79,15,structure_specific,6,209,0.028708133971291867,nan,nan,531,0.011299435028248588,nan,nan,209,0.3935969868173258,482,0.9077212806026366,49,0.09227871939736347
IC-CMA-ES,CN,0.79,15,common_all_structures_pass,2,101,0.019801980198019802,nan,nan,531,0.003766478342749529,nan,nan,101,0.1902071563088512,99,0.9801980198019802,2,0.019801980198019802
IC-CMA-ES,CN,0.79,20,structure_specific,2,209,0.009569377990430622,nan,nan,531,0.003766478342749529,nan,nan,209,0.3935969868173258,512,0.9642184557438794,19,0.035781544256120526
IC-CMA-ES,CN,0.79,20,common_all_structures_pass,0,101,0.0,nan,nan,531,0.0,nan,nan,101,0.1902071563088512,101,1.0,0,0.0
IC-CMA-ES,CN,0.8,10,structure_specific,21,188,0.11170212765957446,0.07237262521588946,0.15720402467685074,531,0.03954802259887006,0.02448210922787194,0.05649717514124294,188,0.3540489642184557,416,0.783427495291902,115,0.21657250470809794
IC-CMA-ES,CN,0.8,10,common_all_structures_pass,10,92,0.10869565217391304,0.04919208424110385,0.1800945945945946,531,0.018832391713747645,nan,nan,92,0.17325800376647835,82,0.8913043478260869,10,0.10869565217391304
IC-CMA-ES,CN,0.8,15,structure_specific,4,188,0.02127659574468085,0.004986940298507463,0.04664545747422679,531,0.007532956685499058,0.0018832391713747645,0.01694915254237288,188,0.3540489642184557,482,0.9077212806026366,49,0.09227871939736347
IC-CMA-ES,CN,0.8,15,common_all_structures_pass,2,92,0.021739130434782608,0.0,0.05685780705153039,531,0.003766478342749529,nan,nan,92,0.17325800376647835,90,0.9782608695652174,2,0.021739130434782608
IC-CMA-ES,CN,0.8,20,structure_specific,1,188,0.005319148936170213,0.0,0.018351601077360464,531,0.0018832391713747645,0.0,0.007532956685499058,188,0.3540489642184557,512,0.9642184557438794,19,0.035781544256120526
IC-CMA-ES,CN,0.8,20,common_all_structures_pass,0,92,0.0,0.0,0.0,531,0.0,nan,nan,92,0.17325800376647835,92,1.0,0,0.0
dPL-MLP,Base,0.4,10,structure_specific,110,427,0.2576112412177986,0.21181978597449908,0.2988505747126437,531,0.2071563088512241,0.1713747645951036,0.2448210922787194,427,0.8041431261770244,336,0.632768361581921,195,0.3672316384180791
dPL-MLP,Base,0.4,10,common_all_structures_pass,109,423,0.2576832151300236,0.21388257575757577,0.29919064553201635,531,0.20527306967984935,nan,nan,423,0.7966101694915254,314,0.7423167848699763,109,0.2576832151300236
dPL-MLP,Base,0.4,15,structure_specific,66,427,0.15456674473067916,0.11979904306220096,0.18565336997429777,531,0.12429378531073447,0.096045197740113,0.1487758945386064,427,0.8041431261770244,387,0.7288135593220338,144,0.2711864406779661
dPL-MLP,Base,0.4,15,common_all_structures_pass,66,423,0.15602836879432624,0.12165067720090293,0.1879518779342723,531,0.12429378531073447,nan,nan,423,0.7966101694915254,357,0.8439716312056738,66,0.15602836879432624
dPL-MLP,Base,0.4,20,structure_specific,41,427,0.09601873536299765,0.07031971192105682,0.12241846666097497,531,0.07721280602636535,0.05649717514124294,0.09891713747645947,427,0.8041431261770244,421,0.7928436911487758,110,0.2071563088512241
dPL-MLP,Base,0.4,20,common_all_structures_pass,41,423,0.09692671394799054,0.07083724084804233,0.1238100644926878,531,0.07721280602636535,nan,nan,423,0.7966101694915254,382,0.9030732860520094,41,0.09692671394799054
dPL-MLP,Base,0.41,10,structure_specific,107,421,0.25415676959619954,nan,nan,531,0.2015065913370998,nan,nan,421,0.7928436911487758,336,0.632768361581921,195,0.3672316384180791
dPL-MLP,Base,0.41,10,common_all_structures_pass,106,417,0.2541966426858513,nan,nan,531,0.19962335216572505,nan,nan,417,0.7853107344632768,311,0.7458033573141487,106,0.2541966426858513
dPL-MLP,Base,0.41,15,structure_specific,64,421,0.15201900237529692,nan,nan,531,0.12052730696798493,nan,nan,421,0.7928436911487758,387,0.7288135593220338,144,0.2711864406779661
dPL-MLP,Base,0.41,15,common_all_structures_pass,64,417,0.15347721822541965,nan,nan,531,0.12052730696798493,nan,nan,417,0.7853107344632768,353,0.8465227817745803,64,0.15347721822541965
dPL-MLP,Base,0.41,20,structure_specific,39,421,0.09263657957244656,nan,nan,531,0.07344632768361582,nan,nan,421,0.7928436911487758,421,0.7928436911487758,110,0.2071563088512241
dPL-MLP,Base,0.41,20,common_all_structures_pass,39,417,0.09352517985611511,nan,nan,531,0.07344632768361582,nan,nan,417,0.7853107344632768,378,0.9064748201438849,39,0.09352517985611511
dPL-MLP,Base,0.42,10,structure_specific,107,420,0.25476190476190474,nan,nan,531,0.2015065913370998,nan,nan,420,0.7909604519774012,336,0.632768361581921,195,0.3672316384180791
dPL-MLP,Base,0.42,10,common_all_structures_pass,106,417,0.2541966426858513,nan,nan,531,0.19962335216572505,nan,nan,417,0.7853107344632768,311,0.7458033573141487,106,0.2541966426858513
dPL-MLP,Base,0.42,15,structure_specific,64,420,0.1523809523809524,nan,nan,531,0.12052730696798493,nan,nan,420,0.7909604519774012,387,0.7288135593220338,144,0.2711864406779661
dPL-MLP,Base,0.42,15,common_all_structures_pass,64,417,0.15347721822541965,nan,nan,531,0.12052730696798493,nan,nan,417,0.7853107344632768,353,0.8465227817745803,64,0.15347721822541965
dPL-MLP,Base,0.42,20,structure_specific,39,420,0.09285714285714286,nan,nan,531,0.07344632768361582,nan,nan,420,0.7909604519774012,421,0.7928436911487758,110,0.2071563088512241
dPL-MLP,Base,0.42,20,common_all_structures_pass,39,417,0.09352517985611511,nan,nan,531,0.07344632768361582,nan,nan,417,0.7853107344632768,378,0.9064748201438849,39,0.09352517985611511
dPL-MLP,Base,0.43,10,structure_specific,107,420,0.25476190476190474,nan,nan,531,0.2015065913370998,nan,nan,420,0.7909604519774012,336,0.632768361581921,195,0.3672316384180791
dPL-MLP,Base,0.43,10,common_all_structures_pass,105,414,0.2536231884057971,nan,nan,531,0.1977401129943503,nan,nan,414,0.7796610169491526,309,0.7463768115942029,105,0.2536231884057971
dPL-MLP,Base,0.43,15,structure_specific,64,420,0.1523809523809524,nan,nan,531,0.12052730696798493,nan,nan,420,0.7909604519774012,387,0.7288135593220338,144,0.2711864406779661
dPL-MLP,Base,0.43,15,common_all_structures_pass,64,414,0.15458937198067632,nan,nan,531,0.12052730696798493,nan,nan,414,0.7796610169491526,350,0.8454106280193237,64,0.15458937198067632
dPL-MLP,Base,0.43,20,structure_specific,39,420,0.09285714285714286,nan,nan,531,0.07344632768361582,nan,nan,420,0.7909604519774012,421,0.7928436911487758,110,0.2071563088512241
dPL-MLP,Base,0.43,20,common_all_structures_pass,39,414,0.09420289855072464,nan,nan,531,0.07344632768361582,nan,nan,414,0.7796610169491526,375,0.9057971014492754,39,0.09420289855072464
dPL-MLP,Base,0.44,10,structure_specific,107,420,0.25476190476190474,nan,nan,531,0.2015065913370998,nan,nan,420,0.7909604519774012,336,0.632768361581921,195,0.3672316384180791
dPL-MLP,Base,0.44,10,common_all_structures_pass,105,412,0.25485436893203883,nan,nan,531,0.1977401129943503,nan,nan,412,0.775894538606403,307,0.7451456310679612,105,0.25485436893203883
dPL-MLP,Base,0.44,15,structure_specific,64,420,0.1523809523809524,nan,nan,531,0.12052730696798493,nan,nan,420,0.7909604519774012,387,0.7288135593220338,144,0.2711864406779661
dPL-MLP,Base,0.44,15,common_all_structures_pass,64,412,0.1553398058252427,nan,nan,531,0.12052730696798493,nan,nan,412,0.775894538606403,348,0.8446601941747572,64,0.1553398058252427
dPL-MLP,Base,0.44,20,structure_specific,39,420,0.09285714285714286,nan,nan,531,0.07344632768361582,nan,nan,420,0.7909604519774012,421,0.7928436911487758,110,0.2071563088512241
dPL-MLP,Base,0.44,20,common_all_structures_pass,39,412,0.09466019417475728,nan,nan,531,0.07344632768361582,nan,nan,412,0.775894538606403,373,0.9053398058252428,39,0.09466019417475728
dPL-MLP,Base,0.45,10,structure_specific,106,418,0.2535885167464115,nan,nan,531,0.19962335216572505,nan,nan,418,0.7871939736346516,336,0.632768361581921,195,0.3672316384180791
dPL-MLP,Base,0.45,10,common_all_structures_pass,104,408,0.2549019607843137,nan,nan,531,0.1958568738229755,nan,nan,408,0.768361581920904,304,0.7450980392156863,104,0.2549019607843137
dPL-MLP,Base,0.45,15,structure_specific,63,418,0.1507177033492823,nan,nan,531,0.11864406779661017,nan,nan,418,0.7871939736346516,387,0.7288135593220338,144,0.2711864406779661
dPL-MLP,Base,0.45,15,common_all_structures_pass,63,408,0.15441176470588236,nan,nan,531,0.11864406779661017,nan,nan,408,0.768361581920904,345,0.8455882352941176,63,0.15441176470588236
dPL-MLP,Base,0.45,20,structure_specific,38,418,0.09090909090909091,nan,nan,531,0.07156308851224105,nan,nan,418,0.7871939736346516,421,0.7928436911487758,110,0.2071563088512241
dPL-MLP,Base,0.45,20,common_all_structures_pass,38,408,0.09313725490196079,nan,nan,531,0.07156308851224105,nan,nan,408,0.768361581920904,370,0.9068627450980392,38,0.09313725490196079
dPL-MLP,Base,0.46,10,structure_specific,104,412,0.2524271844660194,nan,nan,531,0.1958568738229755,nan,nan,412,0.775894538606403,336,0.632768361581921,195,0.3672316384180791
dPL-MLP,Base,0.46,10,common_all_structures_pass,103,402,0.2562189054726368,nan,nan,531,0.19397363465160075,nan,nan,402,0.7570621468926554,299,0.7437810945273632,103,0.2562189054726368
dPL-MLP,Base,0.46,15,structure_specific,63,412,0.1529126213592233,nan,nan,531,0.11864406779661017,nan,nan,412,0.775894538606403,387,0.7288135593220338,144,0.2711864406779661
dPL-MLP,Base,0.46,15,common_all_structures_pass,63,402,0.15671641791044777,nan,nan,531,0.11864406779661017,nan,nan,402,0.7570621468926554,339,0.8432835820895522,63,0.15671641791044777
dPL-MLP,Base,0.46,20,structure_specific,38,412,0.09223300970873786,nan,nan,531,0.07156308851224105,nan,nan,412,0.775894538606403,421,0.7928436911487758,110,0.2071563088512241
dPL-MLP,Base,0.46,20,common_all_structures_pass,38,402,0.0945273631840796,nan,nan,531,0.07156308851224105,nan,nan,402,0.7570621468926554,364,0.9054726368159204,38,0.0945273631840796
dPL-MLP,Base,0.47,10,structure_specific,103,410,0.25121951219512195,nan,nan,531,0.19397363465160075,nan,nan,410,0.7721280602636534,336,0.632768361581921,195,0.3672316384180791
dPL-MLP,Base,0.47,10,common_all_structures_pass,101,398,0.2537688442211055,nan,nan,531,0.1902071563088512,nan,nan,398,0.7495291902071564,297,0.7462311557788944,101,0.2537688442211055
dPL-MLP,Base,0.47,15,structure_specific,62,410,0.15121951219512195,nan,nan,531,0.1167608286252354,nan,nan,410,0.7721280602636534,387,0.7288135593220338,144,0.2711864406779661
dPL-MLP,Base,0.47,15,common_all_structures_pass,62,398,0.15577889447236182,nan,nan,531,0.1167608286252354,nan,nan,398,0.7495291902071564,336,0.8442211055276382,62,0.15577889447236182
dPL-MLP,Base,0.47,20,structure_specific,37,410,0.09024390243902439,nan,nan,531,0.0696798493408663,nan,nan,410,0.7721280602636534,421,0.7928436911487758,110,0.2071563088512241
dPL-MLP,Base,0.47,20,common_all_structures_pass,37,398,0.09296482412060302,nan,nan,531,0.0696798493408663,nan,nan,398,0.7495291902071564,361,0.907035175879397,37,0.09296482412060302
dPL-MLP,Base,0.48,10,structure_specific,103,408,0.25245098039215685,nan,nan,531,0.19397363465160075,nan,nan,408,0.768361581920904,336,0.632768361581921,195,0.3672316384180791
dPL-MLP,Base,0.48,10,common_all_structures_pass,100,396,0.25252525252525254,nan,nan,531,0.18832391713747645,nan,nan,396,0.7457627118644068,296,0.7474747474747475,100,0.25252525252525254
dPL-MLP,Base,0.48,15,structure_specific,62,408,0.15196078431372548,nan,nan,531,0.1167608286252354,nan,nan,408,0.768361581920904,387,0.7288135593220338,144,0.2711864406779661
dPL-MLP,Base,0.48,15,common_all_structures_pass,62,396,0.15656565656565657,nan,nan,531,0.1167608286252354,nan,nan,396,0.7457627118644068,334,0.8434343434343434,62,0.15656565656565657
dPL-MLP,Base,0.48,20,structure_specific,37,408,0.09068627450980392,nan,nan,531,0.0696798493408663,nan,nan,408,0.768361581920904,421,0.7928436911487758,110,0.2071563088512241
dPL-MLP,Base,0.48,20,common_all_structures_pass,37,396,0.09343434343434344,nan,nan,531,0.0696798493408663,nan,nan,396,0.7457627118644068,359,0.9065656565656566,37,0.09343434343434344
dPL-MLP,Base,0.49,10,structure_specific,102,405,0.2518518518518518,nan,nan,531,0.192090395480226,nan,nan,405,0.7627118644067796,336,0.632768361581921,195,0.3672316384180791
dPL-MLP,Base,0.49,10,common_all_structures_pass,99,392,0.25255102040816324,nan,nan,531,0.1864406779661017,nan,nan,392,0.7382297551789078,293,0.7474489795918368,99,0.25255102040816324
dPL-MLP,Base,0.49,15,structure_specific,61,405,0.1506172839506173,nan,nan,531,0.11487758945386065,nan,nan,405,0.7627118644067796,387,0.7288135593220338,144,0.2711864406779661
dPL-MLP,Base,0.49,15,common_all_structures_pass,61,392,0.1556122448979592,nan,nan,531,0.11487758945386065,nan,nan,392,0.7382297551789078,331,0.8443877551020408,61,0.1556122448979592
dPL-MLP,Base,0.49,20,structure_specific,36,405,0.08888888888888889,nan,nan,531,0.06779661016949153,nan,nan,405,0.7627118644067796,421,0.7928436911487758,110,0.2071563088512241
dPL-MLP,Base,0.49,20,common_all_structures_pass,36,392,0.09183673469387756,nan,nan,531,0.06779661016949153,nan,nan,392,0.7382297551789078,356,0.9081632653061225,36,0.09183673469387756
dPL-MLP,Base,0.5,10,structure_specific,100,401,0.24937655860349128,0.2034662377523315,0.2917837952136922,531,0.18832391713747645,0.1544256120527307,0.2222222222222222,401,0.7551789077212806,336,0.632768361581921,195,0.3672316384180791
dPL-MLP,Base,0.5,10,common_all_structures_pass,97,388,0.25,0.2047625588077421,0.2931226688769166,531,0.18267419962335216,nan,nan,388,0.7306967984934086,291,0.75,97,0.25
dPL-MLP,Base,0.5,15,structure_specific,59,401,0.14713216957605985,0.11218336319299294,0.1785767606146675,531,0.1111111111111111,0.08465160075329568,0.13469868173258,401,0.7551789077212806,387,0.7288135593220338,144,0.2711864406779661
dPL-MLP,Base,0.5,15,common_all_structures_pass,59,388,0.15206185567010308,0.11676236807387863,0.18504723650385604,531,0.1111111111111111,nan,nan,388,0.7306967984934086,329,0.8479381443298969,59,0.15206185567010308
dPL-MLP,Base,0.5,20,structure_specific,35,401,0.08728179551122195,0.05873801135251517,0.11251678388746802,531,0.06591337099811675,0.04331450094161959,0.0847457627118644,401,0.7551789077212806,421,0.7928436911487758,110,0.2071563088512241
dPL-MLP,Base,0.5,20,common_all_structures_pass,35,388,0.09020618556701031,0.06051877090561569,0.11671087533156499,531,0.06591337099811675,nan,nan,388,0.7306967984934086,353,0.9097938144329897,35,0.09020618556701031
dPL-MLP,Base,0.51,10,structure_specific,99,399,0.24812030075187969,nan,nan,531,0.1864406779661017,nan,nan,399,0.751412429378531,336,0.632768361581921,195,0.3672316384180791
dPL-MLP,Base,0.51,10,common_all_structures_pass,96,386,0.24870466321243523,nan,nan,531,0.1807909604519774,nan,nan,386,0.7269303201506592,290,0.7512953367875648,96,0.24870466321243523
dPL-MLP,Base,0.51,15,structure_specific,58,399,0.14536340852130325,nan,nan,531,0.10922787193973635,nan,nan,399,0.751412429378531,387,0.7288135593220338,144,0.2711864406779661
dPL-MLP,Base,0.51,15,common_all_structures_pass,58,386,0.15025906735751296,nan,nan,531,0.10922787193973635,nan,nan,386,0.7269303201506592,328,0.8497409326424871,58,0.15025906735751296
dPL-MLP,Base,0.51,20,structure_specific,34,399,0.08521303258145363,nan,nan,531,0.064030131826742,nan,nan,399,0.751412429378531,421,0.7928436911487758,110,0.2071563088512241
dPL-MLP,Base,0.51,20,common_all_structures_pass,34,386,0.08808290155440414,nan,nan,531,0.064030131826742,nan,nan,386,0.7269303201506592,352,0.9119170984455959,34,0.08808290155440414
dPL-MLP,Base,0.52,10,structure_specific,97,394,0.24619289340101522,nan,nan,531,0.18267419962335216,nan,nan,394,0.7419962335216572,336,0.632768361581921,195,0.3672316384180791
dPL-MLP,Base,0.52,10,common_all_structures_pass,94,381,0.24671916010498687,nan,nan,531,0.17702448210922786,nan,nan,381,0.7175141242937854,287,0.7532808398950132,94,0.24671916010498687
dPL-MLP,Base,0.52,15,structure_specific,57,394,0.1446700507614213,nan,nan,531,0.10734463276836158,nan,nan,394,0.7419962335216572,387,0.7288135593220338,144,0.2711864406779661
dPL-MLP,Base,0.52,15,common_all_structures_pass,57,381,0.14960629921259844,nan,nan,531,0.10734463276836158,nan,nan,381,0.7175141242937854,324,0.8503937007874016,57,0.14960629921259844
dPL-MLP,Base,0.52,20,structure_specific,33,394,0.08375634517766498,nan,nan,531,0.062146892655367235,nan,nan,394,0.7419962335216572,421,0.7928436911487758,110,0.2071563088512241
dPL-MLP,Base,0.52,20,common_all_structures_pass,33,381,0.08661417322834646,nan,nan,531,0.062146892655367235,nan,nan,381,0.7175141242937854,348,0.9133858267716536,33,0.08661417322834646
dPL-MLP,Base,0.53,10,structure_specific,96,391,0.24552429667519182,nan,nan,531,0.1807909604519774,nan,nan,391,0.736346516007533,336,0.632768361581921,195,0.3672316384180791
dPL-MLP,Base,0.53,10,common_all_structures_pass,93,378,0.24603174603174602,nan,nan,531,0.1751412429378531,nan,nan,378,0.711864406779661,285,0.753968253968254,93,0.24603174603174602
dPL-MLP,Base,0.53,15,structure_specific,56,391,0.1432225063938619,nan,nan,531,0.10546139359698682,nan,nan,391,0.736346516007533,387,0.7288135593220338,144,0.2711864406779661
dPL-MLP,Base,0.53,15,common_all_structures_pass,56,378,0.14814814814814814,nan,nan,531,0.10546139359698682,nan,nan,378,0.711864406779661,322,0.8518518518518519,56,0.14814814814814814
dPL-MLP,Base,0.53,20,structure_specific,32,391,0.08184143222506395,nan,nan,531,0.060263653483992465,nan,nan,391,0.736346516007533,421,0.7928436911487758,110,0.2071563088512241
dPL-MLP,Base,0.53,20,common_all_structures_pass,32,378,0.08465608465608465,nan,nan,531,0.060263653483992465,nan,nan,378,0.711864406779661,346,0.9153439153439153,32,0.08465608465608465
dPL-MLP,Base,0.54,10,structure_specific,92,384,0.23958333333333334,nan,nan,531,0.17325800376647835,nan,nan,384,0.7231638418079096,336,0.632768361581921,195,0.3672316384180791
dPL-MLP,Base,0.54,10,common_all_structures_pass,90,372,0.24193548387096775,nan,nan,531,0.1694915254237288,nan,nan,372,0.7005649717514124,282,0.7580645161290323,90,0.24193548387096775
dPL-MLP,Base,0.54,15,structure_specific,53,384,0.13802083333333334,nan,nan,531,0.09981167608286252,nan,nan,384,0.7231638418079096,387,0.7288135593220338,144,0.2711864406779661
dPL-MLP,Base,0.54,15,common_all_structures_pass,53,372,0.1424731182795699,nan,nan,531,0.09981167608286252,nan,nan,372,0.7005649717514124,319,0.8575268817204301,53,0.1424731182795699
dPL-MLP,Base,0.54,20,structure_specific,31,384,0.08072916666666667,nan,nan,531,0.0583804143126177,nan,nan,384,0.7231638418079096,421,0.7928436911487758,110,0.2071563088512241
dPL-MLP,Base,0.54,20,common_all_structures_pass,31,372,0.08333333333333333,nan,nan,531,0.0583804143126177,nan,nan,372,0.7005649717514124,341,0.9166666666666666,31,0.08333333333333333
dPL-MLP,Base,0.55,10,structure_specific,90,379,0.23746701846965698,nan,nan,531,0.1694915254237288,nan,nan,379,0.7137476459510358,336,0.632768361581921,195,0.3672316384180791
dPL-MLP,Base,0.55,10,common_all_structures_pass,88,366,0.24043715846994534,nan,nan,531,0.1657250470809793,nan,nan,366,0.6892655367231638,278,0.7595628415300546,88,0.24043715846994534
dPL-MLP,Base,0.55,15,structure_specific,52,379,0.13720316622691292,nan,nan,531,0.09792843691148775,nan,nan,379,0.7137476459510358,387,0.7288135593220338,144,0.2711864406779661
dPL-MLP,Base,0.55,15,common_all_structures_pass,52,366,0.14207650273224043,nan,nan,531,0.09792843691148775,nan,nan,366,0.6892655367231638,314,0.8579234972677595,52,0.14207650273224043
dPL-MLP,Base,0.55,20,structure_specific,31,379,0.08179419525065963,nan,nan,531,0.0583804143126177,nan,nan,379,0.7137476459510358,421,0.7928436911487758,110,0.2071563088512241
dPL-MLP,Base,0.55,20,common_all_structures_pass,31,366,0.08469945355191257,nan,nan,531,0.0583804143126177,nan,nan,366,0.6892655367231638,335,0.9153005464480874,31,0.08469945355191257
dPL-MLP,Base,0.56,10,structure_specific,88,373,0.2359249329758713,nan,nan,531,0.1657250470809793,nan,nan,373,0.7024482109227872,336,0.632768361581921,195,0.3672316384180791
dPL-MLP,Base,0.56,10,common_all_structures_pass,84,356,0.23595505617977527,nan,nan,531,0.15819209039548024,nan,nan,356,0.6704331450094162,272,0.7640449438202247,84,0.23595505617977527
dPL-MLP,Base,0.56,15,structure_specific,50,373,0.13404825737265416,nan,nan,531,0.09416195856873823,nan,nan,373,0.7024482109227872,387,0.7288135593220338,144,0.2711864406779661
dPL-MLP,Base,0.56,15,common_all_structures_pass,48,356,0.1348314606741573,nan,nan,531,0.0903954802259887,nan,nan,356,0.6704331450094162,308,0.8651685393258427,48,0.1348314606741573
dPL-MLP,Base,0.56,20,structure_specific,29,373,0.0777479892761394,nan,nan,531,0.054613935969868174,nan,nan,373,0.7024482109227872,421,0.7928436911487758,110,0.2071563088512241
dPL-MLP,Base,0.56,20,common_all_structures_pass,27,356,0.07584269662921349,nan,nan,531,0.05084745762711865,nan,nan,356,0.6704331450094162,329,0.9241573033707865,27,0.07584269662921349
dPL-MLP,Base,0.57,10,structure_specific,85,362,0.23480662983425415,nan,nan,531,0.160075329566855,nan,nan,362,0.6817325800376648,336,0.632768361581921,195,0.3672316384180791
dPL-MLP,Base,0.57,10,common_all_structures_pass,81,348,0.23275862068965517,nan,nan,531,0.15254237288135594,nan,nan,348,0.655367231638418,267,0.7672413793103449,81,0.23275862068965517
dPL-MLP,Base,0.57,15,structure_specific,50,362,0.13812154696132597,nan,nan,531,0.09416195856873823,nan,nan,362,0.6817325800376648,387,0.7288135593220338,144,0.2711864406779661
dPL-MLP,Base,0.57,15,common_all_structures_pass,48,348,0.13793103448275862,nan,nan,531,0.0903954802259887,nan,nan,348,0.655367231638418,300,0.8620689655172413,48,0.13793103448275862
dPL-MLP,Base,0.57,20,structure_specific,29,362,0.08011049723756906,nan,nan,531,0.054613935969868174,nan,nan,362,0.6817325800376648,421,0.7928436911487758,110,0.2071563088512241
dPL-MLP,Base,0.57,20,common_all_structures_pass,27,348,0.07758620689655173,nan,nan,531,0.05084745762711865,nan,nan,348,0.655367231638418,321,0.9224137931034483,27,0.07758620689655173
dPL-MLP,Base,0.58,10,structure_specific,84,356,0.23595505617977527,nan,nan,531,0.15819209039548024,nan,nan,356,0.6704331450094162,336,0.632768361581921,195,0.3672316384180791
dPL-MLP,Base,0.58,10,common_all_structures_pass,80,342,0.23391812865497075,nan,nan,531,0.15065913370998116,nan,nan,342,0.6440677966101694,262,0.7660818713450293,80,0.23391812865497075
dPL-MLP,Base,0.58,15,structure_specific,49,356,0.13764044943820225,nan,nan,531,0.09227871939736347,nan,nan,356,0.6704331450094162,387,0.7288135593220338,144,0.2711864406779661
dPL-MLP,Base,0.58,15,common_all_structures_pass,47,342,0.13742690058479531,nan,nan,531,0.08851224105461393,nan,nan,342,0.6440677966101694,295,0.8625730994152047,47,0.13742690058479531
dPL-MLP,Base,0.58,20,structure_specific,28,356,0.07865168539325842,nan,nan,531,0.05273069679849341,nan,nan,356,0.6704331450094162,421,0.7928436911487758,110,0.2071563088512241
dPL-MLP,Base,0.58,20,common_all_structures_pass,26,342,0.07602339181286549,nan,nan,531,0.04896421845574388,nan,nan,342,0.6440677966101694,316,0.9239766081871345,26,0.07602339181286549
dPL-MLP,Base,0.59,10,structure_specific,82,351,0.2336182336182336,nan,nan,531,0.1544256120527307,nan,nan,351,0.6610169491525424,336,0.632768361581921,195,0.3672316384180791
dPL-MLP,Base,0.59,10,common_all_structures_pass,79,341,0.2316715542521994,nan,nan,531,0.1487758945386064,nan,nan,341,0.6421845574387948,262,0.7683284457478006,79,0.2316715542521994
dPL-MLP,Base,0.59,15,structure_specific,47,351,0.1339031339031339,nan,nan,531,0.08851224105461393,nan,nan,351,0.6610169491525424,387,0.7288135593220338,144,0.2711864406779661
dPL-MLP,Base,0.59,15,common_all_structures_pass,46,341,0.1348973607038123,nan,nan,531,0.08662900188323917,nan,nan,341,0.6421845574387948,295,0.8651026392961877,46,0.1348973607038123
dPL-MLP,Base,0.59,20,structure_specific,27,351,0.07692307692307693,nan,nan,531,0.05084745762711865,nan,nan,351,0.6610169491525424,421,0.7928436911487758,110,0.2071563088512241
dPL-MLP,Base,0.59,20,common_all_structures_pass,26,341,0.07624633431085044,nan,nan,531,0.04896421845574388,nan,nan,341,0.6421845574387948,315,0.9237536656891495,26,0.07624633431085044
dPL-MLP,Base,0.6,10,structure_specific,77,344,0.2238372093023256,0.1800362293165149,0.26737748386684557,531,0.14500941619585686,0.11487758945386065,0.1751412429378531,344,0.647834274952919,336,0.632768361581921,195,0.3672316384180791
dPL-MLP,Base,0.6,10,common_all_structures_pass,74,331,0.22356495468277945,0.17972147188273296,0.2675088050140048,531,0.1393596986817326,nan,nan,331,0.623352165725047,257,0.7764350453172205,74,0.22356495468277945
dPL-MLP,Base,0.6,15,structure_specific,46,344,0.13372093023255813,0.0978401687581851,0.16643586005830902,531,0.08662900188323917,0.06304143126177025,0.10922787193973635,344,0.647834274952919,387,0.7288135593220338,144,0.2711864406779661
dPL-MLP,Base,0.6,15,common_all_structures_pass,44,331,0.13293051359516617,0.09744765810489964,0.16717819266564407,531,0.08286252354048965,nan,nan,331,0.623352165725047,287,0.8670694864048338,44,0.13293051359516617
dPL-MLP,Base,0.6,20,structure_specific,26,344,0.0755813953488372,0.04956268221574344,0.10215871949297364,531,0.04896421845574388,0.032015065913371,0.06591337099811675,344,0.647834274952919,421,0.7928436911487758,110,0.2071563088512241
dPL-MLP,Base,0.6,20,common_all_structures_pass,24,331,0.07250755287009064,0.04584822680123353,0.09874283685785282,531,0.04519774011299435,nan,nan,331,0.623352165725047,307,0.9274924471299094,24,0.07250755287009064
dPL-MLP,Base,0.61,10,structure_specific,71,334,0.2125748502994012,nan,nan,531,0.1337099811676083,nan,nan,334,0.6290018832391714,336,0.632768361581921,195,0.3672316384180791
dPL-MLP,Base,0.61,10,common_all_structures_pass,69,323,0.21362229102167182,nan,nan,531,0.12994350282485875,nan,nan,323,0.608286252354049,254,0.7863777089783281,69,0.21362229102167182
dPL-MLP,Base,0.61,15,structure_specific,42,334,0.12574850299401197,nan,nan,531,0.07909604519774012,nan,nan,334,0.6290018832391714,387,0.7288135593220338,144,0.2711864406779661
dPL-MLP,Base,0.61,15,common_all_structures_pass,41,323,0.12693498452012383,nan,nan,531,0.07721280602636535,nan,nan,323,0.608286252354049,282,0.8730650154798761,41,0.12693498452012383
dPL-MLP,Base,0.61,20,structure_specific,22,334,0.0658682634730539,nan,nan,531,0.04143126177024482,nan,nan,334,0.6290018832391714,421,0.7928436911487758,110,0.2071563088512241
dPL-MLP,Base,0.61,20,common_all_structures_pass,21,323,0.06501547987616099,nan,nan,531,0.03954802259887006,nan,nan,323,0.608286252354049,302,0.934984520123839,21,0.06501547987616099
dPL-MLP,Base,0.62,10,structure_specific,69,327,0.21100917431192662,nan,nan,531,0.12994350282485875,nan,nan,327,0.615819209039548,336,0.632768361581921,195,0.3672316384180791
dPL-MLP,Base,0.62,10,common_all_structures_pass,65,311,0.2090032154340836,nan,nan,531,0.1224105461393597,nan,nan,311,0.5856873822975518,246,0.7909967845659164,65,0.2090032154340836
dPL-MLP,Base,0.62,15,structure_specific,40,327,0.12232415902140673,nan,nan,531,0.07532956685499058,nan,nan,327,0.615819209039548,387,0.7288135593220338,144,0.2711864406779661
dPL-MLP,Base,0.62,15,common_all_structures_pass,38,311,0.12218649517684887,nan,nan,531,0.07156308851224105,nan,nan,311,0.5856873822975518,273,0.8778135048231511,38,0.12218649517684887
dPL-MLP,Base,0.62,20,structure_specific,20,327,0.06116207951070336,nan,nan,531,0.03766478342749529,nan,nan,327,0.615819209039548,421,0.7928436911487758,110,0.2071563088512241
dPL-MLP,Base,0.62,20,common_all_structures_pass,18,311,0.05787781350482315,nan,nan,531,0.03389830508474576,nan,nan,311,0.5856873822975518,293,0.9421221864951769,18,0.05787781350482315
dPL-MLP,Base,0.63,10,structure_specific,65,313,0.20766773162939298,nan,nan,531,0.1224105461393597,nan,nan,313,0.5894538606403014,336,0.632768361581921,195,0.3672316384180791
dPL-MLP,Base,0.63,10,common_all_structures_pass,61,299,0.2040133779264214,nan,nan,531,0.11487758945386065,nan,nan,299,0.5630885122410546,238,0.7959866220735786,61,0.2040133779264214
dPL-MLP,Base,0.63,15,structure_specific,37,313,0.1182108626198083,nan,nan,531,0.0696798493408663,nan,nan,313,0.5894538606403014,387,0.7288135593220338,144,0.2711864406779661
dPL-MLP,Base,0.63,15,common_all_structures_pass,35,299,0.11705685618729098,nan,nan,531,0.06591337099811675,nan,nan,299,0.5630885122410546,264,0.882943143812709,35,0.11705685618729098
dPL-MLP,Base,0.63,20,structure_specific,18,313,0.05750798722044728,nan,nan,531,0.03389830508474576,nan,nan,313,0.5894538606403014,421,0.7928436911487758,110,0.2071563088512241
dPL-MLP,Base,0.63,20,common_all_structures_pass,17,299,0.056856187290969896,nan,nan,531,0.032015065913371,nan,nan,299,0.5630885122410546,282,0.9431438127090301,17,0.056856187290969896
dPL-MLP,Base,0.64,10,structure_specific,64,306,0.20915032679738563,nan,nan,531,0.12052730696798493,nan,nan,306,0.576271186440678,336,0.632768361581921,195,0.3672316384180791
dPL-MLP,Base,0.64,10,common_all_structures_pass,59,288,0.2048611111111111,nan,nan,531,0.1111111111111111,nan,nan,288,0.5423728813559322,229,0.7951388888888888,59,0.2048611111111111
dPL-MLP,Base,0.64,15,structure_specific,36,306,0.11764705882352941,nan,nan,531,0.06779661016949153,nan,nan,306,0.576271186440678,387,0.7288135593220338,144,0.2711864406779661
dPL-MLP,Base,0.64,15,common_all_structures_pass,33,288,0.11458333333333333,nan,nan,531,0.062146892655367235,nan,nan,288,0.5423728813559322,255,0.8854166666666666,33,0.11458333333333333
dPL-MLP,Base,0.64,20,structure_specific,17,306,0.05555555555555555,nan,nan,531,0.032015065913371,nan,nan,306,0.576271186440678,421,0.7928436911487758,110,0.2071563088512241
dPL-MLP,Base,0.64,20,common_all_structures_pass,16,288,0.05555555555555555,nan,nan,531,0.030131826741996232,nan,nan,288,0.5423728813559322,272,0.9444444444444444,16,0.05555555555555555
dPL-MLP,Base,0.65,10,structure_specific,62,303,0.20462046204620463,nan,nan,531,0.1167608286252354,nan,nan,303,0.5706214689265536,336,0.632768361581921,195,0.3672316384180791
dPL-MLP,Base,0.65,10,common_all_structures_pass,56,282,0.19858156028368795,nan,nan,531,0.10546139359698682,nan,nan,282,0.5310734463276836,226,0.8014184397163121,56,0.19858156028368795
dPL-MLP,Base,0.65,15,structure_specific,36,303,0.1188118811881188,nan,nan,531,0.06779661016949153,nan,nan,303,0.5706214689265536,387,0.7288135593220338,144,0.2711864406779661
dPL-MLP,Base,0.65,15,common_all_structures_pass,32,282,0.11347517730496454,nan,nan,531,0.060263653483992465,nan,nan,282,0.5310734463276836,250,0.8865248226950354,32,0.11347517730496454
dPL-MLP,Base,0.65,20,structure_specific,17,303,0.056105610561056105,nan,nan,531,0.032015065913371,nan,nan,303,0.5706214689265536,421,0.7928436911487758,110,0.2071563088512241
dPL-MLP,Base,0.65,20,common_all_structures_pass,15,282,0.05319148936170213,nan,nan,531,0.02824858757062147,nan,nan,282,0.5310734463276836,267,0.9468085106382979,15,0.05319148936170213
dPL-MLP,Base,0.66,10,structure_specific,58,294,0.19727891156462585,nan,nan,531,0.10922787193973635,nan,nan,294,0.5536723163841808,336,0.632768361581921,195,0.3672316384180791
dPL-MLP,Base,0.66,10,common_all_structures_pass,52,273,0.19047619047619047,nan,nan,531,0.09792843691148775,nan,nan,273,0.5141242937853108,221,0.8095238095238095,52,0.19047619047619047
dPL-MLP,Base,0.66,15,structure_specific,33,294,0.11224489795918367,nan,nan,531,0.062146892655367235,nan,nan,294,0.5536723163841808,387,0.7288135593220338,144,0.2711864406779661
dPL-MLP,Base,0.66,15,common_all_structures_pass,29,273,0.10622710622710622,nan,nan,531,0.054613935969868174,nan,nan,273,0.5141242937853108,244,0.8937728937728938,29,0.10622710622710622
dPL-MLP,Base,0.66,20,structure_specific,14,294,0.047619047619047616,nan,nan,531,0.026365348399246705,nan,nan,294,0.5536723163841808,421,0.7928436911487758,110,0.2071563088512241
dPL-MLP,Base,0.66,20,common_all_structures_pass,12,273,0.04395604395604396,nan,nan,531,0.022598870056497175,nan,nan,273,0.5141242937853108,261,0.9560439560439561,12,0.04395604395604396
dPL-MLP,Base,0.67,10,structure_specific,55,286,0.19230769230769232,nan,nan,531,0.10357815442561205,nan,nan,286,0.5386064030131826,336,0.632768361581921,195,0.3672316384180791
dPL-MLP,Base,0.67,10,common_all_structures_pass,51,267,0.19101123595505617,nan,nan,531,0.096045197740113,nan,nan,267,0.5028248587570622,216,0.8089887640449438,51,0.19101123595505617
dPL-MLP,Base,0.67,15,structure_specific,31,286,0.10839160839160839,nan,nan,531,0.0583804143126177,nan,nan,286,0.5386064030131826,387,0.7288135593220338,144,0.2711864406779661
dPL-MLP,Base,0.67,15,common_all_structures_pass,29,267,0.10861423220973783,nan,nan,531,0.054613935969868174,nan,nan,267,0.5028248587570622,238,0.8913857677902621,29,0.10861423220973783
dPL-MLP,Base,0.67,20,structure_specific,13,286,0.045454545454545456,nan,nan,531,0.02448210922787194,nan,nan,286,0.5386064030131826,421,0.7928436911487758,110,0.2071563088512241
dPL-MLP,Base,0.67,20,common_all_structures_pass,12,267,0.0449438202247191,nan,nan,531,0.022598870056497175,nan,nan,267,0.5028248587570622,255,0.9550561797752809,12,0.0449438202247191
dPL-MLP,Base,0.68,10,structure_specific,51,274,0.18613138686131386,nan,nan,531,0.096045197740113,nan,nan,274,0.5160075329566854,336,0.632768361581921,195,0.3672316384180791
dPL-MLP,Base,0.68,10,common_all_structures_pass,47,256,0.18359375,nan,nan,531,0.08851224105461393,nan,nan,256,0.4821092278719397,209,0.81640625,47,0.18359375
dPL-MLP,Base,0.68,15,structure_specific,28,274,0.10218978102189781,nan,nan,531,0.05273069679849341,nan,nan,274,0.5160075329566854,387,0.7288135593220338,144,0.2711864406779661
dPL-MLP,Base,0.68,15,common_all_structures_pass,26,256,0.1015625,nan,nan,531,0.04896421845574388,nan,nan,256,0.4821092278719397,230,0.8984375,26,0.1015625
dPL-MLP,Base,0.68,20,structure_specific,12,274,0.043795620437956206,nan,nan,531,0.022598870056497175,nan,nan,274,0.5160075329566854,421,0.7928436911487758,110,0.2071563088512241
dPL-MLP,Base,0.68,20,common_all_structures_pass,11,256,0.04296875,nan,nan,531,0.02071563088512241,nan,nan,256,0.4821092278719397,245,0.95703125,11,0.04296875
dPL-MLP,Base,0.69,10,structure_specific,48,260,0.18461538461538463,nan,nan,531,0.0903954802259887,nan,nan,260,0.4896421845574388,336,0.632768361581921,195,0.3672316384180791
dPL-MLP,Base,0.69,10,common_all_structures_pass,44,243,0.18106995884773663,nan,nan,531,0.08286252354048965,nan,nan,243,0.4576271186440678,199,0.8189300411522634,44,0.18106995884773663
dPL-MLP,Base,0.69,15,structure_specific,25,260,0.09615384615384616,nan,nan,531,0.047080979284369114,nan,nan,260,0.4896421845574388,387,0.7288135593220338,144,0.2711864406779661
dPL-MLP,Base,0.69,15,common_all_structures_pass,24,243,0.09876543209876543,nan,nan,531,0.04519774011299435,nan,nan,243,0.4576271186440678,219,0.9012345679012346,24,0.09876543209876543
dPL-MLP,Base,0.69,20,structure_specific,10,260,0.038461538461538464,nan,nan,531,0.018832391713747645,nan,nan,260,0.4896421845574388,421,0.7928436911487758,110,0.2071563088512241
dPL-MLP,Base,0.69,20,common_all_structures_pass,10,243,0.0411522633744856,nan,nan,531,0.018832391713747645,nan,nan,243,0.4576271186440678,233,0.9588477366255144,10,0.0411522633744856
dPL-MLP,Base,0.7,10,structure_specific,45,251,0.17928286852589642,0.1347817633906873,0.2294538632573652,531,0.0847457627118644,0.06115819209039548,0.10922787193973635,251,0.4726930320150659,336,0.632768361581921,195,0.3672316384180791
dPL-MLP,Base,0.7,10,common_all_structures_pass,41,233,0.1759656652360515,0.12743604359083355,0.22915122890682316,531,0.07721280602636535,nan,nan,233,0.4387947269303202,192,0.8240343347639485,41,0.1759656652360515
dPL-MLP,Base,0.7,15,structure_specific,22,251,0.08764940239043825,0.05544027228809837,0.12138288080994014,531,0.04143126177024482,0.026365348399246705,0.0583804143126177,251,0.4726930320150659,387,0.7288135593220338,144,0.2711864406779661
dPL-MLP,Base,0.7,15,common_all_structures_pass,22,233,0.0944206008583691,0.05960228381807535,0.13017241379310343,531,0.04143126177024482,nan,nan,233,0.4387947269303202,211,0.9055793991416309,22,0.0944206008583691
dPL-MLP,Base,0.7,20,structure_specific,10,251,0.0398406374501992,0.017959431065136578,0.06486511342734516,531,0.018832391713747645,0.008427495291902074,0.030131826741996232,251,0.4726930320150659,421,0.7928436911487758,110,0.2071563088512241
dPL-MLP,Base,0.7,20,common_all_structures_pass,10,233,0.04291845493562232,0.019359154929577467,0.06874187896208213,531,0.018832391713747645,nan,nan,233,0.4387947269303202,223,0.9570815450643777,10,0.04291845493562232
dPL-MLP,Base,0.71,10,structure_specific,41,236,0.17372881355932204,nan,nan,531,0.07721280602636535,nan,nan,236,0.4444444444444444,336,0.632768361581921,195,0.3672316384180791
dPL-MLP,Base,0.71,10,common_all_structures_pass,38,220,0.17272727272727273,nan,nan,531,0.07156308851224105,nan,nan,220,0.4143126177024482,182,0.8272727272727273,38,0.17272727272727273
dPL-MLP,Base,0.71,15,structure_specific,21,236,0.08898305084745763,nan,nan,531,0.03954802259887006,nan,nan,236,0.4444444444444444,387,0.7288135593220338,144,0.2711864406779661
dPL-MLP,Base,0.71,15,common_all_structures_pass,21,220,0.09545454545454546,nan,nan,531,0.03954802259887006,nan,nan,220,0.4143126177024482,199,0.9045454545454545,21,0.09545454545454546
dPL-MLP,Base,0.71,20,structure_specific,10,236,0.0423728813559322,nan,nan,531,0.018832391713747645,nan,nan,236,0.4444444444444444,421,0.7928436911487758,110,0.2071563088512241
dPL-MLP,Base,0.71,20,common_all_structures_pass,10,220,0.045454545454545456,nan,nan,531,0.018832391713747645,nan,nan,220,0.4143126177024482,210,0.9545454545454546,10,0.045454545454545456
dPL-MLP,Base,0.72,10,structure_specific,37,225,0.16444444444444445,nan,nan,531,0.0696798493408663,nan,nan,225,0.423728813559322,336,0.632768361581921,195,0.3672316384180791
dPL-MLP,Base,0.72,10,common_all_structures_pass,33,208,0.15865384615384615,nan,nan,531,0.062146892655367235,nan,nan,208,0.391713747645951,175,0.8413461538461539,33,0.15865384615384615
dPL-MLP,Base,0.72,15,structure_specific,18,225,0.08,nan,nan,531,0.03389830508474576,nan,nan,225,0.423728813559322,387,0.7288135593220338,144,0.2711864406779661
dPL-MLP,Base,0.72,15,common_all_structures_pass,17,208,0.08173076923076923,nan,nan,531,0.032015065913371,nan,nan,208,0.391713747645951,191,0.9182692307692307,17,0.08173076923076923
dPL-MLP,Base,0.72,20,structure_specific,8,225,0.035555555555555556,nan,nan,531,0.015065913370998116,nan,nan,225,0.423728813559322,421,0.7928436911487758,110,0.2071563088512241
dPL-MLP,Base,0.72,20,common_all_structures_pass,7,208,0.03365384615384615,nan,nan,531,0.013182674199623353,nan,nan,208,0.391713747645951,201,0.9663461538461539,7,0.03365384615384615
dPL-MLP,Base,0.73,10,structure_specific,33,212,0.15566037735849056,nan,nan,531,0.062146892655367235,nan,nan,212,0.3992467043314501,336,0.632768361581921,195,0.3672316384180791
dPL-MLP,Base,0.73,10,common_all_structures_pass,29,193,0.15025906735751296,nan,nan,531,0.054613935969868174,nan,nan,193,0.3634651600753296,164,0.8497409326424871,29,0.15025906735751296
dPL-MLP,Base,0.73,15,structure_specific,15,212,0.07075471698113207,nan,nan,531,0.02824858757062147,nan,nan,212,0.3992467043314501,387,0.7288135593220338,144,0.2711864406779661
dPL-MLP,Base,0.73,15,common_all_structures_pass,14,193,0.07253886010362694,nan,nan,531,0.026365348399246705,nan,nan,193,0.3634651600753296,179,0.927461139896373,14,0.07253886010362694
dPL-MLP,Base,0.73,20,structure_specific,5,212,0.02358490566037736,nan,nan,531,0.009416195856873822,nan,nan,212,0.3992467043314501,421,0.7928436911487758,110,0.2071563088512241
dPL-MLP,Base,0.73,20,common_all_structures_pass,4,193,0.02072538860103627,nan,nan,531,0.007532956685499058,nan,nan,193,0.3634651600753296,189,0.9792746113989638,4,0.02072538860103627
dPL-MLP,Base,0.74,10,structure_specific,29,199,0.1457286432160804,nan,nan,531,0.054613935969868174,nan,nan,199,0.3747645951035782,336,0.632768361581921,195,0.3672316384180791
dPL-MLP,Base,0.74,10,common_all_structures_pass,26,180,0.14444444444444443,nan,nan,531,0.04896421845574388,nan,nan,180,0.3389830508474576,154,0.8555555555555555,26,0.14444444444444443
dPL-MLP,Base,0.74,15,structure_specific,13,199,0.06532663316582915,nan,nan,531,0.02448210922787194,nan,nan,199,0.3747645951035782,387,0.7288135593220338,144,0.2711864406779661
dPL-MLP,Base,0.74,15,common_all_structures_pass,12,180,0.06666666666666667,nan,nan,531,0.022598870056497175,nan,nan,180,0.3389830508474576,168,0.9333333333333333,12,0.06666666666666667
dPL-MLP,Base,0.74,20,structure_specific,5,199,0.02512562814070352,nan,nan,531,0.009416195856873822,nan,nan,199,0.3747645951035782,421,0.7928436911487758,110,0.2071563088512241
dPL-MLP,Base,0.74,20,common_all_structures_pass,4,180,0.022222222222222223,nan,nan,531,0.007532956685499058,nan,nan,180,0.3389830508474576,176,0.9777777777777777,4,0.022222222222222223
dPL-MLP,Base,0.75,10,structure_specific,26,182,0.14285714285714285,nan,nan,531,0.04896421845574388,nan,nan,182,0.3427495291902072,336,0.632768361581921,195,0.3672316384180791
dPL-MLP,Base,0.75,10,common_all_structures_pass,22,165,0.13333333333333333,nan,nan,531,0.04143126177024482,nan,nan,165,0.3107344632768362,143,0.8666666666666667,22,0.13333333333333333
dPL-MLP,Base,0.75,15,structure_specific,12,182,0.06593406593406594,nan,nan,531,0.022598870056497175,nan,nan,182,0.3427495291902072,387,0.7288135593220338,144,0.2711864406779661
dPL-MLP,Base,0.75,15,common_all_structures_pass,10,165,0.06060606060606061,nan,nan,531,0.018832391713747645,nan,nan,165,0.3107344632768362,155,0.9393939393939394,10,0.06060606060606061
dPL-MLP,Base,0.75,20,structure_specific,4,182,0.02197802197802198,nan,nan,531,0.007532956685499058,nan,nan,182,0.3427495291902072,421,0.7928436911487758,110,0.2071563088512241
dPL-MLP,Base,0.75,20,common_all_structures_pass,2,165,0.012121212121212121,nan,nan,531,0.003766478342749529,nan,nan,165,0.3107344632768362,163,0.9878787878787879,2,0.012121212121212121
dPL-MLP,Base,0.76,10,structure_specific,24,174,0.13793103448275862,nan,nan,531,0.04519774011299435,nan,nan,174,0.327683615819209,336,0.632768361581921,195,0.3672316384180791
dPL-MLP,Base,0.76,10,common_all_structures_pass,20,153,0.13071895424836602,nan,nan,531,0.03766478342749529,nan,nan,153,0.288135593220339,133,0.869281045751634,20,0.13071895424836602
dPL-MLP,Base,0.76,15,structure_specific,12,174,0.06896551724137931,nan,nan,531,0.022598870056497175,nan,nan,174,0.327683615819209,387,0.7288135593220338,144,0.2711864406779661
dPL-MLP,Base,0.76,15,common_all_structures_pass,9,153,0.058823529411764705,nan,nan,531,0.01694915254237288,nan,nan,153,0.288135593220339,144,0.9411764705882353,9,0.058823529411764705
dPL-MLP,Base,0.76,20,structure_specific,4,174,0.022988505747126436,nan,nan,531,0.007532956685499058,nan,nan,174,0.327683615819209,421,0.7928436911487758,110,0.2071563088512241
dPL-MLP,Base,0.76,20,common_all_structures_pass,2,153,0.013071895424836602,nan,nan,531,0.003766478342749529,nan,nan,153,0.288135593220339,151,0.9869281045751634,2,0.013071895424836602
dPL-MLP,Base,0.77,10,structure_specific,23,154,0.14935064935064934,nan,nan,531,0.04331450094161959,nan,nan,154,0.2900188323917137,336,0.632768361581921,195,0.3672316384180791
dPL-MLP,Base,0.77,10,common_all_structures_pass,19,134,0.1417910447761194,nan,nan,531,0.035781544256120526,nan,nan,134,0.2523540489642185,115,0.8582089552238806,19,0.1417910447761194
dPL-MLP,Base,0.77,15,structure_specific,11,154,0.07142857142857142,nan,nan,531,0.02071563088512241,nan,nan,154,0.2900188323917137,387,0.7288135593220338,144,0.2711864406779661
dPL-MLP,Base,0.77,15,common_all_structures_pass,8,134,0.05970149253731343,nan,nan,531,0.015065913370998116,nan,nan,134,0.2523540489642185,126,0.9402985074626866,8,0.05970149253731343
dPL-MLP,Base,0.77,20,structure_specific,3,154,0.01948051948051948,nan,nan,531,0.005649717514124294,nan,nan,154,0.2900188323917137,421,0.7928436911487758,110,0.2071563088512241
dPL-MLP,Base,0.77,20,common_all_structures_pass,1,134,0.007462686567164179,nan,nan,531,0.0018832391713747645,nan,nan,134,0.2523540489642185,133,0.9925373134328358,1,0.007462686567164179
dPL-MLP,Base,0.78,10,structure_specific,19,141,0.1347517730496454,nan,nan,531,0.035781544256120526,nan,nan,141,0.2655367231638418,336,0.632768361581921,195,0.3672316384180791
dPL-MLP,Base,0.78,10,common_all_structures_pass,17,119,0.14285714285714285,nan,nan,531,0.032015065913371,nan,nan,119,0.224105461393597,102,0.8571428571428571,17,0.14285714285714285
dPL-MLP,Base,0.78,15,structure_specific,8,141,0.05673758865248227,nan,nan,531,0.015065913370998116,nan,nan,141,0.2655367231638418,387,0.7288135593220338,144,0.2711864406779661
dPL-MLP,Base,0.78,15,common_all_structures_pass,7,119,0.058823529411764705,nan,nan,531,0.013182674199623353,nan,nan,119,0.224105461393597,112,0.9411764705882353,7,0.058823529411764705
dPL-MLP,Base,0.78,20,structure_specific,0,141,0.0,nan,nan,531,0.0,nan,nan,141,0.2655367231638418,421,0.7928436911487758,110,0.2071563088512241
dPL-MLP,Base,0.78,20,common_all_structures_pass,0,119,0.0,nan,nan,531,0.0,nan,nan,119,0.224105461393597,119,1.0,0,0.0
dPL-MLP,Base,0.79,10,structure_specific,17,125,0.136,nan,nan,531,0.032015065913371,nan,nan,125,0.23540489642184556,336,0.632768361581921,195,0.3672316384180791
dPL-MLP,Base,0.79,10,common_all_structures_pass,15,103,0.14563106796116504,nan,nan,531,0.02824858757062147,nan,nan,103,0.19397363465160075,88,0.8543689320388349,15,0.14563106796116504
dPL-MLP,Base,0.79,15,structure_specific,7,125,0.056,nan,nan,531,0.013182674199623353,nan,nan,125,0.23540489642184556,387,0.7288135593220338,144,0.2711864406779661
dPL-MLP,Base,0.79,15,common_all_structures_pass,6,103,0.05825242718446602,nan,nan,531,0.011299435028248588,nan,nan,103,0.19397363465160075,97,0.941747572815534,6,0.05825242718446602
dPL-MLP,Base,0.79,20,structure_specific,0,125,0.0,nan,nan,531,0.0,nan,nan,125,0.23540489642184556,421,0.7928436911487758,110,0.2071563088512241
dPL-MLP,Base,0.79,20,common_all_structures_pass,0,103,0.0,nan,nan,531,0.0,nan,nan,103,0.19397363465160075,103,1.0,0,0.0
dPL-MLP,Base,0.8,10,structure_specific,16,109,0.14678899082568808,0.08093775593775594,0.2183422459893048,531,0.030131826741996232,0.015960451977401133,0.04519774011299435,109,0.20527306967984935,336,0.632768361581921,195,0.3672316384180791
dPL-MLP,Base,0.8,10,common_all_structures_pass,14,91,0.15384615384615385,0.0828186274509804,0.23034924845269672,531,0.026365348399246705,nan,nan,91,0.1713747645951036,77,0.8461538461538461,14,0.15384615384615385
dPL-MLP,Base,0.8,15,structure_specific,7,109,0.06422018348623854,0.019801980198019802,0.11644516417243687,531,0.013182674199623353,0.003766478342749529,0.02448210922787194,109,0.20527306967984935,387,0.7288135593220338,144,0.2711864406779661
dPL-MLP,Base,0.8,15,common_all_structures_pass,6,91,0.06593406593406594,0.020610119047619047,0.11764705882352941,531,0.011299435028248588,nan,nan,91,0.1713747645951036,85,0.9340659340659341,6,0.06593406593406594
dPL-MLP,Base,0.8,20,structure_specific,0,109,0.0,0.0,0.0,531,0.0,0.0,0.0,109,0.20527306967984935,421,0.7928436911487758,110,0.2071563088512241
dPL-MLP,Base,0.8,20,common_all_structures_pass,0,91,0.0,0.0,0.0,531,0.0,nan,nan,91,0.1713747645951036,91,1.0,0,0.0
dPL-MLP,TGD,0.4,10,structure_specific,114,484,0.23553719008264462,0.19713913373733327,0.27171682568141553,531,0.21468926553672316,0.17980225988700566,0.24670433145009416,484,0.911487758945386,389,0.7325800376647834,142,0.2674199623352166
dPL-MLP,TGD,0.4,10,common_all_structures_pass,81,423,0.19148936170212766,0.15504628911146395,0.22707281144781144,531,0.15254237288135594,nan,nan,423,0.7966101694915254,342,0.8085106382978723,81,0.19148936170212766
dPL-MLP,TGD,0.4,15,structure_specific,61,484,0.12603305785123967,0.0986589601237103,0.15408945071868582,531,0.11487758945386065,0.0903954802259887,0.14124293785310735,484,0.911487758945386,445,0.8380414312617702,86,0.16195856873822975
dPL-MLP,TGD,0.4,15,common_all_structures_pass,37,423,0.08747044917257683,0.06264501160092807,0.11445798032637743,531,0.0696798493408663,nan,nan,423,0.7966101694915254,386,0.9125295508274232,37,0.08747044917257683
dPL-MLP,TGD,0.4,20,structure_specific,36,484,0.0743801652892562,0.05275527263374486,0.09795918367346938,531,0.06779661016949153,0.04797551789077213,0.0903954802259887,484,0.911487758945386,475,0.8945386064030132,56,0.10546139359698682
dPL-MLP,TGD,0.4,20,common_all_structures_pass,23,423,0.054373522458628844,0.035672526248806874,0.07755286077984724,531,0.04331450094161959,nan,nan,423,0.7966101694915254,400,0.9456264775413712,23,0.054373522458628844
dPL-MLP,TGD,0.41,10,structure_specific,112,478,0.23430962343096234,nan,nan,531,0.21092278719397364,nan,nan,478,0.9001883239171374,389,0.7325800376647834,142,0.2674199623352166
dPL-MLP,TGD,0.41,10,common_all_structures_pass,81,417,0.19424460431654678,nan,nan,531,0.15254237288135594,nan,nan,417,0.7853107344632768,336,0.8057553956834532,81,0.19424460431654678
dPL-MLP,TGD,0.41,15,structure_specific,59,478,0.12343096234309624,nan,nan,531,0.1111111111111111,nan,nan,478,0.9001883239171374,445,0.8380414312617702,86,0.16195856873822975
dPL-MLP,TGD,0.41,15,common_all_structures_pass,37,417,0.08872901678657075,nan,nan,531,0.0696798493408663,nan,nan,417,0.7853107344632768,380,0.9112709832134293,37,0.08872901678657075
dPL-MLP,TGD,0.41,20,structure_specific,35,478,0.07322175732217573,nan,nan,531,0.06591337099811675,nan,nan,478,0.9001883239171374,475,0.8945386064030132,56,0.10546139359698682
dPL-MLP,TGD,0.41,20,common_all_structures_pass,23,417,0.05515587529976019,nan,nan,531,0.04331450094161959,nan,nan,417,0.7853107344632768,394,0.9448441247002398,23,0.05515587529976019
dPL-MLP,TGD,0.42,10,structure_specific,112,478,0.23430962343096234,nan,nan,531,0.21092278719397364,nan,nan,478,0.9001883239171374,389,0.7325800376647834,142,0.2674199623352166
dPL-MLP,TGD,0.42,10,common_all_structures_pass,81,417,0.19424460431654678,nan,nan,531,0.15254237288135594,nan,nan,417,0.7853107344632768,336,0.8057553956834532,81,0.19424460431654678
dPL-MLP,TGD,0.42,15,structure_specific,59,478,0.12343096234309624,nan,nan,531,0.1111111111111111,nan,nan,478,0.9001883239171374,445,0.8380414312617702,86,0.16195856873822975
dPL-MLP,TGD,0.42,15,common_all_structures_pass,37,417,0.08872901678657075,nan,nan,531,0.0696798493408663,nan,nan,417,0.7853107344632768,380,0.9112709832134293,37,0.08872901678657075
dPL-MLP,TGD,0.42,20,structure_specific,35,478,0.07322175732217573,nan,nan,531,0.06591337099811675,nan,nan,478,0.9001883239171374,475,0.8945386064030132,56,0.10546139359698682
dPL-MLP,TGD,0.42,20,common_all_structures_pass,23,417,0.05515587529976019,nan,nan,531,0.04331450094161959,nan,nan,417,0.7853107344632768,394,0.9448441247002398,23,0.05515587529976019
dPL-MLP,TGD,0.43,10,structure_specific,112,478,0.23430962343096234,nan,nan,531,0.21092278719397364,nan,nan,478,0.9001883239171374,389,0.7325800376647834,142,0.2674199623352166
dPL-MLP,TGD,0.43,10,common_all_structures_pass,80,414,0.1932367149758454,nan,nan,531,0.15065913370998116,nan,nan,414,0.7796610169491526,334,0.8067632850241546,80,0.1932367149758454
dPL-MLP,TGD,0.43,15,structure_specific,59,478,0.12343096234309624,nan,nan,531,0.1111111111111111,nan,nan,478,0.9001883239171374,445,0.8380414312617702,86,0.16195856873822975
dPL-MLP,TGD,0.43,15,common_all_structures_pass,37,414,0.0893719806763285,nan,nan,531,0.0696798493408663,nan,nan,414,0.7796610169491526,377,0.9106280193236715,37,0.0893719806763285
dPL-MLP,TGD,0.43,20,structure_specific,35,478,0.07322175732217573,nan,nan,531,0.06591337099811675,nan,nan,478,0.9001883239171374,475,0.8945386064030132,56,0.10546139359698682
dPL-MLP,TGD,0.43,20,common_all_structures_pass,23,414,0.05555555555555555,nan,nan,531,0.04331450094161959,nan,nan,414,0.7796610169491526,391,0.9444444444444444,23,0.05555555555555555
dPL-MLP,TGD,0.44,10,structure_specific,112,475,0.23578947368421052,nan,nan,531,0.21092278719397364,nan,nan,475,0.8945386064030132,389,0.7325800376647834,142,0.2674199623352166
dPL-MLP,TGD,0.44,10,common_all_structures_pass,80,412,0.1941747572815534,nan,nan,531,0.15065913370998116,nan,nan,412,0.775894538606403,332,0.8058252427184466,80,0.1941747572815534
dPL-MLP,TGD,0.44,15,structure_specific,59,475,0.12421052631578948,nan,nan,531,0.1111111111111111,nan,nan,475,0.8945386064030132,445,0.8380414312617702,86,0.16195856873822975
dPL-MLP,TGD,0.44,15,common_all_structures_pass,37,412,0.08980582524271845,nan,nan,531,0.0696798493408663,nan,nan,412,0.775894538606403,375,0.9101941747572816,37,0.08980582524271845
dPL-MLP,TGD,0.44,20,structure_specific,35,475,0.07368421052631578,nan,nan,531,0.06591337099811675,nan,nan,475,0.8945386064030132,475,0.8945386064030132,56,0.10546139359698682
dPL-MLP,TGD,0.44,20,common_all_structures_pass,23,412,0.055825242718446605,nan,nan,531,0.04331450094161959,nan,nan,412,0.775894538606403,389,0.9441747572815534,23,0.055825242718446605
dPL-MLP,TGD,0.45,10,structure_specific,112,474,0.23628691983122363,nan,nan,531,0.21092278719397364,nan,nan,474,0.8926553672316384,389,0.7325800376647834,142,0.2674199623352166
dPL-MLP,TGD,0.45,10,common_all_structures_pass,79,408,0.19362745098039216,nan,nan,531,0.1487758945386064,nan,nan,408,0.768361581920904,329,0.8063725490196079,79,0.19362745098039216
dPL-MLP,TGD,0.45,15,structure_specific,59,474,0.12447257383966245,nan,nan,531,0.1111111111111111,nan,nan,474,0.8926553672316384,445,0.8380414312617702,86,0.16195856873822975
dPL-MLP,TGD,0.45,15,common_all_structures_pass,36,408,0.08823529411764706,nan,nan,531,0.06779661016949153,nan,nan,408,0.768361581920904,372,0.9117647058823529,36,0.08823529411764706
dPL-MLP,TGD,0.45,20,structure_specific,35,474,0.07383966244725738,nan,nan,531,0.06591337099811675,nan,nan,474,0.8926553672316384,475,0.8945386064030132,56,0.10546139359698682
dPL-MLP,TGD,0.45,20,common_all_structures_pass,22,408,0.05392156862745098,nan,nan,531,0.04143126177024482,nan,nan,408,0.768361581920904,386,0.946078431372549,22,0.05392156862745098
dPL-MLP,TGD,0.46,10,structure_specific,111,470,0.23617021276595745,nan,nan,531,0.20903954802259886,nan,nan,470,0.8851224105461394,389,0.7325800376647834,142,0.2674199623352166
dPL-MLP,TGD,0.46,10,common_all_structures_pass,79,402,0.19651741293532338,nan,nan,531,0.1487758945386064,nan,nan,402,0.7570621468926554,323,0.8034825870646766,79,0.19651741293532338
dPL-MLP,TGD,0.46,15,structure_specific,58,470,0.12340425531914893,nan,nan,531,0.10922787193973635,nan,nan,470,0.8851224105461394,445,0.8380414312617702,86,0.16195856873822975
dPL-MLP,TGD,0.46,15,common_all_structures_pass,36,402,0.08955223880597014,nan,nan,531,0.06779661016949153,nan,nan,402,0.7570621468926554,366,0.9104477611940298,36,0.08955223880597014
dPL-MLP,TGD,0.46,20,structure_specific,34,470,0.07234042553191489,nan,nan,531,0.064030131826742,nan,nan,470,0.8851224105461394,475,0.8945386064030132,56,0.10546139359698682
dPL-MLP,TGD,0.46,20,common_all_structures_pass,22,402,0.05472636815920398,nan,nan,531,0.04143126177024482,nan,nan,402,0.7570621468926554,380,0.945273631840796,22,0.05472636815920398
dPL-MLP,TGD,0.47,10,structure_specific,109,468,0.2329059829059829,nan,nan,531,0.20527306967984935,nan,nan,468,0.8813559322033898,389,0.7325800376647834,142,0.2674199623352166
dPL-MLP,TGD,0.47,10,common_all_structures_pass,77,398,0.1934673366834171,nan,nan,531,0.14500941619585686,nan,nan,398,0.7495291902071564,321,0.8065326633165829,77,0.1934673366834171
dPL-MLP,TGD,0.47,15,structure_specific,57,468,0.12179487179487179,nan,nan,531,0.10734463276836158,nan,nan,468,0.8813559322033898,445,0.8380414312617702,86,0.16195856873822975
dPL-MLP,TGD,0.47,15,common_all_structures_pass,35,398,0.08793969849246232,nan,nan,531,0.06591337099811675,nan,nan,398,0.7495291902071564,363,0.9120603015075377,35,0.08793969849246232
dPL-MLP,TGD,0.47,20,structure_specific,33,468,0.07051282051282051,nan,nan,531,0.062146892655367235,nan,nan,468,0.8813559322033898,475,0.8945386064030132,56,0.10546139359698682
dPL-MLP,TGD,0.47,20,common_all_structures_pass,21,398,0.052763819095477386,nan,nan,531,0.03954802259887006,nan,nan,398,0.7495291902071564,377,0.9472361809045227,21,0.052763819095477386
dPL-MLP,TGD,0.48,10,structure_specific,107,464,0.23060344827586207,nan,nan,531,0.2015065913370998,nan,nan,464,0.8738229755178908,389,0.7325800376647834,142,0.2674199623352166
dPL-MLP,TGD,0.48,10,common_all_structures_pass,76,396,0.1919191919191919,nan,nan,531,0.1431261770244821,nan,nan,396,0.7457627118644068,320,0.8080808080808081,76,0.1919191919191919
dPL-MLP,TGD,0.48,15,structure_specific,55,464,0.11853448275862069,nan,nan,531,0.10357815442561205,nan,nan,464,0.8738229755178908,445,0.8380414312617702,86,0.16195856873822975
dPL-MLP,TGD,0.48,15,common_all_structures_pass,34,396,0.08585858585858586,nan,nan,531,0.064030131826742,nan,nan,396,0.7457627118644068,362,0.9141414141414141,34,0.08585858585858586
dPL-MLP,TGD,0.48,20,structure_specific,31,464,0.0668103448275862,nan,nan,531,0.0583804143126177,nan,nan,464,0.8738229755178908,475,0.8945386064030132,56,0.10546139359698682
dPL-MLP,TGD,0.48,20,common_all_structures_pass,20,396,0.050505050505050504,nan,nan,531,0.03766478342749529,nan,nan,396,0.7457627118644068,376,0.9494949494949495,20,0.050505050505050504
dPL-MLP,TGD,0.49,10,structure_specific,105,459,0.22875816993464052,nan,nan,531,0.1977401129943503,nan,nan,459,0.864406779661017,389,0.7325800376647834,142,0.2674199623352166
dPL-MLP,TGD,0.49,10,common_all_structures_pass,75,392,0.1913265306122449,nan,nan,531,0.14124293785310735,nan,nan,392,0.7382297551789078,317,0.8086734693877551,75,0.1913265306122449
dPL-MLP,TGD,0.49,15,structure_specific,53,459,0.11546840958605664,nan,nan,531,0.09981167608286252,nan,nan,459,0.864406779661017,445,0.8380414312617702,86,0.16195856873822975
dPL-MLP,TGD,0.49,15,common_all_structures_pass,33,392,0.08418367346938775,nan,nan,531,0.062146892655367235,nan,nan,392,0.7382297551789078,359,0.9158163265306123,33,0.08418367346938775
dPL-MLP,TGD,0.49,20,structure_specific,29,459,0.06318082788671024,nan,nan,531,0.054613935969868174,nan,nan,459,0.864406779661017,475,0.8945386064030132,56,0.10546139359698682
dPL-MLP,TGD,0.49,20,common_all_structures_pass,19,392,0.04846938775510204,nan,nan,531,0.035781544256120526,nan,nan,392,0.7382297551789078,373,0.951530612244898,19,0.04846938775510204
dPL-MLP,TGD,0.5,10,structure_specific,105,456,0.23026315789473684,0.19003670975116504,0.26903390028298857,531,0.1977401129943503,0.1638418079096045,0.2297551789077213,456,0.8587570621468926,389,0.7325800376647834,142,0.2674199623352166
dPL-MLP,TGD,0.5,10,common_all_structures_pass,75,388,0.19329896907216496,0.15616095397054064,0.2322784810126582,531,0.14124293785310735,nan,nan,388,0.7306967984934086,313,0.8067010309278351,75,0.19329896907216496
dPL-MLP,TGD,0.5,15,structure_specific,53,456,0.1162280701754386,0.08887089127686473,0.14565217391304347,531,0.09981167608286252,0.07532956685499058,0.12429378531073447,456,0.8587570621468926,445,0.8380414312617702,86,0.16195856873822975
dPL-MLP,TGD,0.5,15,common_all_structures_pass,33,388,0.08505154639175258,0.058823529411764705,0.11315789473684211,531,0.062146892655367235,nan,nan,388,0.7306967984934086,355,0.9149484536082474,33,0.08505154639175258
dPL-MLP,TGD,0.5,20,structure_specific,29,456,0.06359649122807018,0.042465811965811964,0.08536756570698006,531,0.054613935969868174,0.036676082862523544,0.07344632768361582,456,0.8587570621468926,475,0.8945386064030132,56,0.10546139359698682
dPL-MLP,TGD,0.5,20,common_all_structures_pass,19,388,0.04896907216494845,0.03088252832438879,0.07161803713527852,531,0.035781544256120526,nan,nan,388,0.7306967984934086,369,0.9510309278350515,19,0.04896907216494845
dPL-MLP,TGD,0.51,10,structure_specific,103,453,0.22737306843267108,nan,nan,531,0.19397363465160075,nan,nan,453,0.8531073446327684,389,0.7325800376647834,142,0.2674199623352166
dPL-MLP,TGD,0.51,10,common_all_structures_pass,75,386,0.19430051813471502,nan,nan,531,0.14124293785310735,nan,nan,386,0.7269303201506592,311,0.805699481865285,75,0.19430051813471502
dPL-MLP,TGD,0.51,15,structure_specific,52,453,0.11479028697571744,nan,nan,531,0.09792843691148775,nan,nan,453,0.8531073446327684,445,0.8380414312617702,86,0.16195856873822975
dPL-MLP,TGD,0.51,15,common_all_structures_pass,33,386,0.08549222797927461,nan,nan,531,0.062146892655367235,nan,nan,386,0.7269303201506592,353,0.9145077720207254,33,0.08549222797927461
dPL-MLP,TGD,0.51,20,structure_specific,28,453,0.06181015452538632,nan,nan,531,0.05273069679849341,nan,nan,453,0.8531073446327684,475,0.8945386064030132,56,0.10546139359698682
dPL-MLP,TGD,0.51,20,common_all_structures_pass,19,386,0.04922279792746114,nan,nan,531,0.035781544256120526,nan,nan,386,0.7269303201506592,367,0.9507772020725389,19,0.04922279792746114
dPL-MLP,TGD,0.52,10,structure_specific,102,450,0.22666666666666666,nan,nan,531,0.192090395480226,nan,nan,450,0.847457627118644,389,0.7325800376647834,142,0.2674199623352166
dPL-MLP,TGD,0.52,10,common_all_structures_pass,74,381,0.1942257217847769,nan,nan,531,0.1393596986817326,nan,nan,381,0.7175141242937854,307,0.8057742782152231,74,0.1942257217847769
dPL-MLP,TGD,0.52,15,structure_specific,52,450,0.11555555555555555,nan,nan,531,0.09792843691148775,nan,nan,450,0.847457627118644,445,0.8380414312617702,86,0.16195856873822975
dPL-MLP,TGD,0.52,15,common_all_structures_pass,33,381,0.08661417322834646,nan,nan,531,0.062146892655367235,nan,nan,381,0.7175141242937854,348,0.9133858267716536,33,0.08661417322834646
dPL-MLP,TGD,0.52,20,structure_specific,28,450,0.06222222222222222,nan,nan,531,0.05273069679849341,nan,nan,450,0.847457627118644,475,0.8945386064030132,56,0.10546139359698682
dPL-MLP,TGD,0.52,20,common_all_structures_pass,19,381,0.049868766404199474,nan,nan,531,0.035781544256120526,nan,nan,381,0.7175141242937854,362,0.9501312335958005,19,0.049868766404199474
dPL-MLP,TGD,0.53,10,structure_specific,99,445,0.22247191011235956,nan,nan,531,0.1864406779661017,nan,nan,445,0.8380414312617702,389,0.7325800376647834,142,0.2674199623352166
dPL-MLP,TGD,0.53,10,common_all_structures_pass,73,378,0.1931216931216931,nan,nan,531,0.1374764595103578,nan,nan,378,0.711864406779661,305,0.8068783068783069,73,0.1931216931216931
dPL-MLP,TGD,0.53,15,structure_specific,50,445,0.11235955056179775,nan,nan,531,0.09416195856873823,nan,nan,445,0.8380414312617702,445,0.8380414312617702,86,0.16195856873822975
dPL-MLP,TGD,0.53,15,common_all_structures_pass,32,378,0.08465608465608465,nan,nan,531,0.060263653483992465,nan,nan,378,0.711864406779661,346,0.9153439153439153,32,0.08465608465608465
dPL-MLP,TGD,0.53,20,structure_specific,27,445,0.060674157303370786,nan,nan,531,0.05084745762711865,nan,nan,445,0.8380414312617702,475,0.8945386064030132,56,0.10546139359698682
dPL-MLP,TGD,0.53,20,common_all_structures_pass,18,378,0.047619047619047616,nan,nan,531,0.03389830508474576,nan,nan,378,0.711864406779661,360,0.9523809523809523,18,0.047619047619047616
dPL-MLP,TGD,0.54,10,structure_specific,97,439,0.22095671981776766,nan,nan,531,0.18267419962335216,nan,nan,439,0.8267419962335216,389,0.7325800376647834,142,0.2674199623352166
dPL-MLP,TGD,0.54,10,common_all_structures_pass,69,372,0.18548387096774194,nan,nan,531,0.12994350282485875,nan,nan,372,0.7005649717514124,303,0.8145161290322581,69,0.18548387096774194
dPL-MLP,TGD,0.54,15,structure_specific,49,439,0.11161731207289294,nan,nan,531,0.09227871939736347,nan,nan,439,0.8267419962335216,445,0.8380414312617702,86,0.16195856873822975
dPL-MLP,TGD,0.54,15,common_all_structures_pass,30,372,0.08064516129032258,nan,nan,531,0.05649717514124294,nan,nan,372,0.7005649717514124,342,0.9193548387096774,30,0.08064516129032258
dPL-MLP,TGD,0.54,20,structure_specific,26,439,0.05922551252847381,nan,nan,531,0.04896421845574388,nan,nan,439,0.8267419962335216,475,0.8945386064030132,56,0.10546139359698682
dPL-MLP,TGD,0.54,20,common_all_structures_pass,17,372,0.0456989247311828,nan,nan,531,0.032015065913371,nan,nan,372,0.7005649717514124,355,0.9543010752688172,17,0.0456989247311828
dPL-MLP,TGD,0.55,10,structure_specific,96,437,0.21967963386727687,nan,nan,531,0.1807909604519774,nan,nan,437,0.8229755178907722,389,0.7325800376647834,142,0.2674199623352166
dPL-MLP,TGD,0.55,10,common_all_structures_pass,67,366,0.1830601092896175,nan,nan,531,0.12617702448210924,nan,nan,366,0.6892655367231638,299,0.8169398907103825,67,0.1830601092896175
dPL-MLP,TGD,0.55,15,structure_specific,48,437,0.10983981693363844,nan,nan,531,0.0903954802259887,nan,nan,437,0.8229755178907722,445,0.8380414312617702,86,0.16195856873822975
dPL-MLP,TGD,0.55,15,common_all_structures_pass,29,366,0.07923497267759563,nan,nan,531,0.054613935969868174,nan,nan,366,0.6892655367231638,337,0.9207650273224044,29,0.07923497267759563
dPL-MLP,TGD,0.55,20,structure_specific,26,437,0.059496567505720827,nan,nan,531,0.04896421845574388,nan,nan,437,0.8229755178907722,475,0.8945386064030132,56,0.10546139359698682
dPL-MLP,TGD,0.55,20,common_all_structures_pass,16,366,0.04371584699453552,nan,nan,531,0.030131826741996232,nan,nan,366,0.6892655367231638,350,0.9562841530054644,16,0.04371584699453552
dPL-MLP,TGD,0.56,10,structure_specific,93,428,0.21728971962616822,nan,nan,531,0.1751412429378531,nan,nan,428,0.8060263653483992,389,0.7325800376647834,142,0.2674199623352166
dPL-MLP,TGD,0.56,10,common_all_structures_pass,66,356,0.1853932584269663,nan,nan,531,0.12429378531073447,nan,nan,356,0.6704331450094162,290,0.8146067415730337,66,0.1853932584269663
dPL-MLP,TGD,0.56,15,structure_specific,46,428,0.10747663551401869,nan,nan,531,0.08662900188323917,nan,nan,428,0.8060263653483992,445,0.8380414312617702,86,0.16195856873822975
dPL-MLP,TGD,0.56,15,common_all_structures_pass,28,356,0.07865168539325842,nan,nan,531,0.05273069679849341,nan,nan,356,0.6704331450094162,328,0.9213483146067416,28,0.07865168539325842
dPL-MLP,TGD,0.56,20,structure_specific,25,428,0.05841121495327103,nan,nan,531,0.047080979284369114,nan,nan,428,0.8060263653483992,475,0.8945386064030132,56,0.10546139359698682
dPL-MLP,TGD,0.56,20,common_all_structures_pass,15,356,0.042134831460674156,nan,nan,531,0.02824858757062147,nan,nan,356,0.6704331450094162,341,0.9578651685393258,15,0.042134831460674156
dPL-MLP,TGD,0.57,10,structure_specific,89,418,0.21291866028708134,nan,nan,531,0.16760828625235405,nan,nan,418,0.7871939736346516,389,0.7325800376647834,142,0.2674199623352166
dPL-MLP,TGD,0.57,10,common_all_structures_pass,66,348,0.1896551724137931,nan,nan,531,0.12429378531073447,nan,nan,348,0.655367231638418,282,0.8103448275862069,66,0.1896551724137931
dPL-MLP,TGD,0.57,15,structure_specific,42,418,0.10047846889952153,nan,nan,531,0.07909604519774012,nan,nan,418,0.7871939736346516,445,0.8380414312617702,86,0.16195856873822975
dPL-MLP,TGD,0.57,15,common_all_structures_pass,28,348,0.08045977011494253,nan,nan,531,0.05273069679849341,nan,nan,348,0.655367231638418,320,0.9195402298850575,28,0.08045977011494253
dPL-MLP,TGD,0.57,20,structure_specific,22,418,0.05263157894736842,nan,nan,531,0.04143126177024482,nan,nan,418,0.7871939736346516,475,0.8945386064030132,56,0.10546139359698682
dPL-MLP,TGD,0.57,20,common_all_structures_pass,15,348,0.04310344827586207,nan,nan,531,0.02824858757062147,nan,nan,348,0.655367231638418,333,0.9568965517241379,15,0.04310344827586207
dPL-MLP,TGD,0.58,10,structure_specific,87,412,0.2111650485436893,nan,nan,531,0.1638418079096045,nan,nan,412,0.775894538606403,389,0.7325800376647834,142,0.2674199623352166
dPL-MLP,TGD,0.58,10,common_all_structures_pass,64,342,0.1871345029239766,nan,nan,531,0.12052730696798493,nan,nan,342,0.6440677966101694,278,0.8128654970760234,64,0.1871345029239766
dPL-MLP,TGD,0.58,15,structure_specific,41,412,0.09951456310679611,nan,nan,531,0.07721280602636535,nan,nan,412,0.775894538606403,445,0.8380414312617702,86,0.16195856873822975
dPL-MLP,TGD,0.58,15,common_all_structures_pass,28,342,0.08187134502923976,nan,nan,531,0.05273069679849341,nan,nan,342,0.6440677966101694,314,0.9181286549707602,28,0.08187134502923976
dPL-MLP,TGD,0.58,20,structure_specific,21,412,0.050970873786407765,nan,nan,531,0.03954802259887006,nan,nan,412,0.775894538606403,475,0.8945386064030132,56,0.10546139359698682
dPL-MLP,TGD,0.58,20,common_all_structures_pass,15,342,0.043859649122807015,nan,nan,531,0.02824858757062147,nan,nan,342,0.6440677966101694,327,0.956140350877193,15,0.043859649122807015
dPL-MLP,TGD,0.59,10,structure_specific,86,410,0.2097560975609756,nan,nan,531,0.16195856873822975,nan,nan,410,0.7721280602636534,389,0.7325800376647834,142,0.2674199623352166
dPL-MLP,TGD,0.59,10,common_all_structures_pass,64,341,0.187683284457478,nan,nan,531,0.12052730696798493,nan,nan,341,0.6421845574387948,277,0.8123167155425219,64,0.187683284457478
dPL-MLP,TGD,0.59,15,structure_specific,40,410,0.0975609756097561,nan,nan,531,0.07532956685499058,nan,nan,410,0.7721280602636534,445,0.8380414312617702,86,0.16195856873822975
dPL-MLP,TGD,0.59,15,common_all_structures_pass,28,341,0.08211143695014662,nan,nan,531,0.05273069679849341,nan,nan,341,0.6421845574387948,313,0.9178885630498533,28,0.08211143695014662
dPL-MLP,TGD,0.59,20,structure_specific,21,410,0.05121951219512195,nan,nan,531,0.03954802259887006,nan,nan,410,0.7721280602636534,475,0.8945386064030132,56,0.10546139359698682
dPL-MLP,TGD,0.59,20,common_all_structures_pass,15,341,0.04398826979472141,nan,nan,531,0.02824858757062147,nan,nan,341,0.6421845574387948,326,0.9560117302052786,15,0.04398826979472141
dPL-MLP,TGD,0.6,10,structure_specific,85,405,0.20987654320987653,0.17302461580307357,0.247835452853598,531,0.160075329566855,0.12994350282485875,0.18832391713747645,405,0.7627118644067796,389,0.7325800376647834,142,0.2674199623352166
dPL-MLP,TGD,0.6,10,common_all_structures_pass,63,331,0.1903323262839879,0.15225773381603555,0.23053892215568864,531,0.11864406779661017,nan,nan,331,0.623352165725047,268,0.8096676737160121,63,0.1903323262839879
dPL-MLP,TGD,0.6,15,structure_specific,39,405,0.0962962962962963,0.07026581508515815,0.125,531,0.07344632768361582,0.05273069679849341,0.09416195856873823,405,0.7627118644067796,445,0.8380414312617702,86,0.16195856873822975
dPL-MLP,TGD,0.6,15,common_all_structures_pass,27,331,0.08157099697885196,0.053741713411524734,0.11010960646416279,531,0.05084745762711865,nan,nan,331,0.623352165725047,304,0.918429003021148,27,0.08157099697885196
dPL-MLP,TGD,0.6,20,structure_specific,20,405,0.04938271604938271,0.03049366450962917,0.07002536231884059,531,0.03766478342749529,0.022598870056497175,0.05273069679849341,405,0.7627118644067796,475,0.8945386064030132,56,0.10546139359698682
dPL-MLP,TGD,0.6,20,common_all_structures_pass,14,331,0.04229607250755287,0.02342439676904872,0.06586384117150097,531,0.026365348399246705,nan,nan,331,0.623352165725047,317,0.9577039274924471,14,0.04229607250755287
dPL-MLP,TGD,0.61,10,structure_specific,84,398,0.21105527638190955,nan,nan,531,0.15819209039548024,nan,nan,398,0.7495291902071564,389,0.7325800376647834,142,0.2674199623352166
dPL-MLP,TGD,0.61,10,common_all_structures_pass,62,323,0.19195046439628483,nan,nan,531,0.1167608286252354,nan,nan,323,0.608286252354049,261,0.8080495356037152,62,0.19195046439628483
dPL-MLP,TGD,0.61,15,structure_specific,39,398,0.09798994974874371,nan,nan,531,0.07344632768361582,nan,nan,398,0.7495291902071564,445,0.8380414312617702,86,0.16195856873822975
dPL-MLP,TGD,0.61,15,common_all_structures_pass,26,323,0.0804953560371517,nan,nan,531,0.04896421845574388,nan,nan,323,0.608286252354049,297,0.9195046439628483,26,0.0804953560371517
dPL-MLP,TGD,0.61,20,structure_specific,20,398,0.05025125628140704,nan,nan,531,0.03766478342749529,nan,nan,398,0.7495291902071564,475,0.8945386064030132,56,0.10546139359698682
dPL-MLP,TGD,0.61,20,common_all_structures_pass,14,323,0.043343653250773995,nan,nan,531,0.026365348399246705,nan,nan,323,0.608286252354049,309,0.9566563467492261,14,0.043343653250773995
dPL-MLP,TGD,0.62,10,structure_specific,81,388,0.20876288659793815,nan,nan,531,0.15254237288135594,nan,nan,388,0.7306967984934086,389,0.7325800376647834,142,0.2674199623352166
dPL-MLP,TGD,0.62,10,common_all_structures_pass,59,311,0.18971061093247588,nan,nan,531,0.1111111111111111,nan,nan,311,0.5856873822975518,252,0.8102893890675241,59,0.18971061093247588
dPL-MLP,TGD,0.62,15,structure_specific,38,388,0.0979381443298969,nan,nan,531,0.07156308851224105,nan,nan,388,0.7306967984934086,445,0.8380414312617702,86,0.16195856873822975
dPL-MLP,TGD,0.62,15,common_all_structures_pass,24,311,0.07717041800643087,nan,nan,531,0.04519774011299435,nan,nan,311,0.5856873822975518,287,0.9228295819935691,24,0.07717041800643087
dPL-MLP,TGD,0.62,20,structure_specific,20,388,0.05154639175257732,nan,nan,531,0.03766478342749529,nan,nan,388,0.7306967984934086,475,0.8945386064030132,56,0.10546139359698682
dPL-MLP,TGD,0.62,20,common_all_structures_pass,13,311,0.04180064308681672,nan,nan,531,0.02448210922787194,nan,nan,311,0.5856873822975518,298,0.9581993569131833,13,0.04180064308681672
dPL-MLP,TGD,0.63,10,structure_specific,77,377,0.20424403183023873,nan,nan,531,0.14500941619585686,nan,nan,377,0.7099811676082862,389,0.7325800376647834,142,0.2674199623352166
dPL-MLP,TGD,0.63,10,common_all_structures_pass,56,299,0.18729096989966554,nan,nan,531,0.10546139359698682,nan,nan,299,0.5630885122410546,243,0.8127090301003345,56,0.18729096989966554
dPL-MLP,TGD,0.63,15,structure_specific,36,377,0.09549071618037135,nan,nan,531,0.06779661016949153,nan,nan,377,0.7099811676082862,445,0.8380414312617702,86,0.16195856873822975
dPL-MLP,TGD,0.63,15,common_all_structures_pass,22,299,0.07357859531772576,nan,nan,531,0.04143126177024482,nan,nan,299,0.5630885122410546,277,0.9264214046822743,22,0.07357859531772576
dPL-MLP,TGD,0.63,20,structure_specific,20,377,0.05305039787798409,nan,nan,531,0.03766478342749529,nan,nan,377,0.7099811676082862,475,0.8945386064030132,56,0.10546139359698682
dPL-MLP,TGD,0.63,20,common_all_structures_pass,13,299,0.043478260869565216,nan,nan,531,0.02448210922787194,nan,nan,299,0.5630885122410546,286,0.9565217391304348,13,0.043478260869565216
dPL-MLP,TGD,0.64,10,structure_specific,73,366,0.1994535519125683,nan,nan,531,0.1374764595103578,nan,nan,366,0.6892655367231638,389,0.7325800376647834,142,0.2674199623352166
dPL-MLP,TGD,0.64,10,common_all_structures_pass,53,288,0.1840277777777778,nan,nan,531,0.09981167608286252,nan,nan,288,0.5423728813559322,235,0.8159722222222222,53,0.1840277777777778
dPL-MLP,TGD,0.64,15,structure_specific,33,366,0.09016393442622951,nan,nan,531,0.062146892655367235,nan,nan,366,0.6892655367231638,445,0.8380414312617702,86,0.16195856873822975
dPL-MLP,TGD,0.64,15,common_all_structures_pass,20,288,0.06944444444444445,nan,nan,531,0.03766478342749529,nan,nan,288,0.5423728813559322,268,0.9305555555555556,20,0.06944444444444445
dPL-MLP,TGD,0.64,20,structure_specific,18,366,0.04918032786885246,nan,nan,531,0.03389830508474576,nan,nan,366,0.6892655367231638,475,0.8945386064030132,56,0.10546139359698682
dPL-MLP,TGD,0.64,20,common_all_structures_pass,12,288,0.041666666666666664,nan,nan,531,0.022598870056497175,nan,nan,288,0.5423728813559322,276,0.9583333333333334,12,0.041666666666666664
dPL-MLP,TGD,0.65,10,structure_specific,73,354,0.2062146892655367,nan,nan,531,0.1374764595103578,nan,nan,354,0.6666666666666666,389,0.7325800376647834,142,0.2674199623352166
dPL-MLP,TGD,0.65,10,common_all_structures_pass,52,282,0.18439716312056736,nan,nan,531,0.09792843691148775,nan,nan,282,0.5310734463276836,230,0.8156028368794326,52,0.18439716312056736
dPL-MLP,TGD,0.65,15,structure_specific,33,354,0.09322033898305085,nan,nan,531,0.062146892655367235,nan,nan,354,0.6666666666666666,445,0.8380414312617702,86,0.16195856873822975
dPL-MLP,TGD,0.65,15,common_all_structures_pass,19,282,0.0673758865248227,nan,nan,531,0.035781544256120526,nan,nan,282,0.5310734463276836,263,0.9326241134751773,19,0.0673758865248227
dPL-MLP,TGD,0.65,20,structure_specific,18,354,0.05084745762711865,nan,nan,531,0.03389830508474576,nan,nan,354,0.6666666666666666,475,0.8945386064030132,56,0.10546139359698682
dPL-MLP,TGD,0.65,20,common_all_structures_pass,11,282,0.03900709219858156,nan,nan,531,0.02071563088512241,nan,nan,282,0.5310734463276836,271,0.9609929078014184,11,0.03900709219858156
dPL-MLP,TGD,0.66,10,structure_specific,70,340,0.20588235294117646,nan,nan,531,0.1318267419962335,nan,nan,340,0.64030131826742,389,0.7325800376647834,142,0.2674199623352166
dPL-MLP,TGD,0.66,10,common_all_structures_pass,49,273,0.1794871794871795,nan,nan,531,0.09227871939736347,nan,nan,273,0.5141242937853108,224,0.8205128205128205,49,0.1794871794871795
dPL-MLP,TGD,0.66,15,structure_specific,30,340,0.08823529411764706,nan,nan,531,0.05649717514124294,nan,nan,340,0.64030131826742,445,0.8380414312617702,86,0.16195856873822975
dPL-MLP,TGD,0.66,15,common_all_structures_pass,19,273,0.0695970695970696,nan,nan,531,0.035781544256120526,nan,nan,273,0.5141242937853108,254,0.9304029304029304,19,0.0695970695970696
dPL-MLP,TGD,0.66,20,structure_specific,15,340,0.04411764705882353,nan,nan,531,0.02824858757062147,nan,nan,340,0.64030131826742,475,0.8945386064030132,56,0.10546139359698682
dPL-MLP,TGD,0.66,20,common_all_structures_pass,11,273,0.040293040293040296,nan,nan,531,0.02071563088512241,nan,nan,273,0.5141242937853108,262,0.9597069597069597,11,0.040293040293040296
dPL-MLP,TGD,0.67,10,structure_specific,63,327,0.1926605504587156,nan,nan,531,0.11864406779661017,nan,nan,327,0.615819209039548,389,0.7325800376647834,142,0.2674199623352166
dPL-MLP,TGD,0.67,10,common_all_structures_pass,47,267,0.1760299625468165,nan,nan,531,0.08851224105461393,nan,nan,267,0.5028248587570622,220,0.8239700374531835,47,0.1760299625468165
dPL-MLP,TGD,0.67,15,structure_specific,24,327,0.07339449541284404,nan,nan,531,0.04519774011299435,nan,nan,327,0.615819209039548,445,0.8380414312617702,86,0.16195856873822975
dPL-MLP,TGD,0.67,15,common_all_structures_pass,18,267,0.06741573033707865,nan,nan,531,0.03389830508474576,nan,nan,267,0.5028248587570622,249,0.9325842696629213,18,0.06741573033707865
dPL-MLP,TGD,0.67,20,structure_specific,13,327,0.039755351681957186,nan,nan,531,0.02448210922787194,nan,nan,327,0.615819209039548,475,0.8945386064030132,56,0.10546139359698682
dPL-MLP,TGD,0.67,20,common_all_structures_pass,11,267,0.04119850187265917,nan,nan,531,0.02071563088512241,nan,nan,267,0.5028248587570622,256,0.9588014981273408,11,0.04119850187265917
dPL-MLP,TGD,0.68,10,structure_specific,58,316,0.18354430379746836,nan,nan,531,0.10922787193973635,nan,nan,316,0.5951035781544256,389,0.7325800376647834,142,0.2674199623352166
dPL-MLP,TGD,0.68,10,common_all_structures_pass,45,256,0.17578125,nan,nan,531,0.0847457627118644,nan,nan,256,0.4821092278719397,211,0.82421875,45,0.17578125
dPL-MLP,TGD,0.68,15,structure_specific,24,316,0.0759493670886076,nan,nan,531,0.04519774011299435,nan,nan,316,0.5951035781544256,445,0.8380414312617702,86,0.16195856873822975
dPL-MLP,TGD,0.68,15,common_all_structures_pass,17,256,0.06640625,nan,nan,531,0.032015065913371,nan,nan,256,0.4821092278719397,239,0.93359375,17,0.06640625
dPL-MLP,TGD,0.68,20,structure_specific,13,316,0.04113924050632911,nan,nan,531,0.02448210922787194,nan,nan,316,0.5951035781544256,475,0.8945386064030132,56,0.10546139359698682
dPL-MLP,TGD,0.68,20,common_all_structures_pass,10,256,0.0390625,nan,nan,531,0.018832391713747645,nan,nan,256,0.4821092278719397,246,0.9609375,10,0.0390625
dPL-MLP,TGD,0.69,10,structure_specific,53,297,0.17845117845117844,nan,nan,531,0.09981167608286252,nan,nan,297,0.559322033898305,389,0.7325800376647834,142,0.2674199623352166
dPL-MLP,TGD,0.69,10,common_all_structures_pass,43,243,0.17695473251028807,nan,nan,531,0.08097928436911488,nan,nan,243,0.4576271186440678,200,0.823045267489712,43,0.17695473251028807
dPL-MLP,TGD,0.69,15,structure_specific,22,297,0.07407407407407407,nan,nan,531,0.04143126177024482,nan,nan,297,0.559322033898305,445,0.8380414312617702,86,0.16195856873822975
dPL-MLP,TGD,0.69,15,common_all_structures_pass,16,243,0.06584362139917696,nan,nan,531,0.030131826741996232,nan,nan,243,0.4576271186440678,227,0.934156378600823,16,0.06584362139917696
dPL-MLP,TGD,0.69,20,structure_specific,12,297,0.04040404040404041,nan,nan,531,0.022598870056497175,nan,nan,297,0.559322033898305,475,0.8945386064030132,56,0.10546139359698682
dPL-MLP,TGD,0.69,20,common_all_structures_pass,9,243,0.037037037037037035,nan,nan,531,0.01694915254237288,nan,nan,243,0.4576271186440678,234,0.9629629629629629,9,0.037037037037037035
dPL-MLP,TGD,0.7,10,structure_specific,53,293,0.18088737201365188,0.1367690114068441,0.22603932057057055,531,0.09981167608286252,0.07532956685499058,0.12429378531073447,293,0.551789077212806,389,0.7325800376647834,142,0.2674199623352166
dPL-MLP,TGD,0.7,10,common_all_structures_pass,41,233,0.1759656652360515,0.13013833992094861,0.22403554815857976,531,0.07721280602636535,nan,nan,233,0.4387947269303202,192,0.8240343347639485,41,0.1759656652360515
dPL-MLP,TGD,0.7,15,structure_specific,22,293,0.07508532423208192,0.048403080013391366,0.1036833855799373,531,0.04143126177024482,0.026365348399246705,0.0583804143126177,293,0.551789077212806,445,0.8380414312617702,86,0.16195856873822975
dPL-MLP,TGD,0.7,15,common_all_structures_pass,16,233,0.06866952789699571,0.038725571898829116,0.09844859756831587,531,0.030131826741996232,nan,nan,233,0.4387947269303202,217,0.9313304721030042,16,0.06866952789699571
dPL-MLP,TGD,0.7,20,structure_specific,12,293,0.040955631399317405,0.020578439449217372,0.06500511474826542,531,0.022598870056497175,0.011299435028248588,0.035781544256120526,293,0.551789077212806,475,0.8945386064030132,56,0.10546139359698682
dPL-MLP,TGD,0.7,20,common_all_structures_pass,9,233,0.03862660944206009,0.017774178255372947,0.0647389846743295,531,0.01694915254237288,nan,nan,233,0.4387947269303202,224,0.9613733905579399,9,0.03862660944206009
dPL-MLP,TGD,0.71,10,structure_specific,51,281,0.18149466192170818,nan,nan,531,0.096045197740113,nan,nan,281,0.5291902071563088,389,0.7325800376647834,142,0.2674199623352166
dPL-MLP,TGD,0.71,10,common_all_structures_pass,38,220,0.17272727272727273,nan,nan,531,0.07156308851224105,nan,nan,220,0.4143126177024482,182,0.8272727272727273,38,0.17272727272727273
dPL-MLP,TGD,0.71,15,structure_specific,21,281,0.07473309608540925,nan,nan,531,0.03954802259887006,nan,nan,281,0.5291902071563088,445,0.8380414312617702,86,0.16195856873822975
dPL-MLP,TGD,0.71,15,common_all_structures_pass,16,220,0.07272727272727272,nan,nan,531,0.030131826741996232,nan,nan,220,0.4143126177024482,204,0.9272727272727272,16,0.07272727272727272
dPL-MLP,TGD,0.71,20,structure_specific,11,281,0.03914590747330961,nan,nan,531,0.02071563088512241,nan,nan,281,0.5291902071563088,475,0.8945386064030132,56,0.10546139359698682
dPL-MLP,TGD,0.71,20,common_all_structures_pass,9,220,0.04090909090909091,nan,nan,531,0.01694915254237288,nan,nan,220,0.4143126177024482,211,0.9590909090909091,9,0.04090909090909091
dPL-MLP,TGD,0.72,10,structure_specific,45,259,0.17374517374517376,nan,nan,531,0.0847457627118644,nan,nan,259,0.487758945386064,389,0.7325800376647834,142,0.2674199623352166
dPL-MLP,TGD,0.72,10,common_all_structures_pass,33,208,0.15865384615384615,nan,nan,531,0.062146892655367235,nan,nan,208,0.391713747645951,175,0.8413461538461539,33,0.15865384615384615
dPL-MLP,TGD,0.72,15,structure_specific,17,259,0.06563706563706563,nan,nan,531,0.032015065913371,nan,nan,259,0.487758945386064,445,0.8380414312617702,86,0.16195856873822975
dPL-MLP,TGD,0.72,15,common_all_structures_pass,14,208,0.0673076923076923,nan,nan,531,0.026365348399246705,nan,nan,208,0.391713747645951,194,0.9326923076923077,14,0.0673076923076923
dPL-MLP,TGD,0.72,20,structure_specific,9,259,0.03474903474903475,nan,nan,531,0.01694915254237288,nan,nan,259,0.487758945386064,475,0.8945386064030132,56,0.10546139359698682
dPL-MLP,TGD,0.72,20,common_all_structures_pass,7,208,0.03365384615384615,nan,nan,531,0.013182674199623353,nan,nan,208,0.391713747645951,201,0.9663461538461539,7,0.03365384615384615
dPL-MLP,TGD,0.73,10,structure_specific,41,236,0.17372881355932204,nan,nan,531,0.07721280602636535,nan,nan,236,0.4444444444444444,389,0.7325800376647834,142,0.2674199623352166
dPL-MLP,TGD,0.73,10,common_all_structures_pass,29,193,0.15025906735751296,nan,nan,531,0.054613935969868174,nan,nan,193,0.3634651600753296,164,0.8497409326424871,29,0.15025906735751296
dPL-MLP,TGD,0.73,15,structure_specific,16,236,0.06779661016949153,nan,nan,531,0.030131826741996232,nan,nan,236,0.4444444444444444,445,0.8380414312617702,86,0.16195856873822975
dPL-MLP,TGD,0.73,15,common_all_structures_pass,11,193,0.05699481865284974,nan,nan,531,0.02071563088512241,nan,nan,193,0.3634651600753296,182,0.9430051813471503,11,0.05699481865284974
dPL-MLP,TGD,0.73,20,structure_specific,9,236,0.038135593220338986,nan,nan,531,0.01694915254237288,nan,nan,236,0.4444444444444444,475,0.8945386064030132,56,0.10546139359698682
dPL-MLP,TGD,0.73,20,common_all_structures_pass,5,193,0.025906735751295335,nan,nan,531,0.009416195856873822,nan,nan,193,0.3634651600753296,188,0.9740932642487047,5,0.025906735751295335
dPL-MLP,TGD,0.74,10,structure_specific,36,219,0.1643835616438356,nan,nan,531,0.06779661016949153,nan,nan,219,0.4124293785310734,389,0.7325800376647834,142,0.2674199623352166
dPL-MLP,TGD,0.74,10,common_all_structures_pass,26,180,0.14444444444444443,nan,nan,531,0.04896421845574388,nan,nan,180,0.3389830508474576,154,0.8555555555555555,26,0.14444444444444443
dPL-MLP,TGD,0.74,15,structure_specific,13,219,0.0593607305936073,nan,nan,531,0.02448210922787194,nan,nan,219,0.4124293785310734,445,0.8380414312617702,86,0.16195856873822975
dPL-MLP,TGD,0.74,15,common_all_structures_pass,10,180,0.05555555555555555,nan,nan,531,0.018832391713747645,nan,nan,180,0.3389830508474576,170,0.9444444444444444,10,0.05555555555555555
dPL-MLP,TGD,0.74,20,structure_specific,7,219,0.0319634703196347,nan,nan,531,0.013182674199623353,nan,nan,219,0.4124293785310734,475,0.8945386064030132,56,0.10546139359698682
dPL-MLP,TGD,0.74,20,common_all_structures_pass,4,180,0.022222222222222223,nan,nan,531,0.007532956685499058,nan,nan,180,0.3389830508474576,176,0.9777777777777777,4,0.022222222222222223
dPL-MLP,TGD,0.75,10,structure_specific,34,200,0.17,nan,nan,531,0.064030131826742,nan,nan,200,0.3766478342749529,389,0.7325800376647834,142,0.2674199623352166
dPL-MLP,TGD,0.75,10,common_all_structures_pass,22,165,0.13333333333333333,nan,nan,531,0.04143126177024482,nan,nan,165,0.3107344632768362,143,0.8666666666666667,22,0.13333333333333333
dPL-MLP,TGD,0.75,15,structure_specific,12,200,0.06,nan,nan,531,0.022598870056497175,nan,nan,200,0.3766478342749529,445,0.8380414312617702,86,0.16195856873822975
dPL-MLP,TGD,0.75,15,common_all_structures_pass,8,165,0.048484848484848485,nan,nan,531,0.015065913370998116,nan,nan,165,0.3107344632768362,157,0.9515151515151515,8,0.048484848484848485
dPL-MLP,TGD,0.75,20,structure_specific,6,200,0.03,nan,nan,531,0.011299435028248588,nan,nan,200,0.3766478342749529,475,0.8945386064030132,56,0.10546139359698682
dPL-MLP,TGD,0.75,20,common_all_structures_pass,2,165,0.012121212121212121,nan,nan,531,0.003766478342749529,nan,nan,165,0.3107344632768362,163,0.9878787878787879,2,0.012121212121212121
dPL-MLP,TGD,0.76,10,structure_specific,28,187,0.1497326203208556,nan,nan,531,0.05273069679849341,nan,nan,187,0.352165725047081,389,0.7325800376647834,142,0.2674199623352166
dPL-MLP,TGD,0.76,10,common_all_structures_pass,19,153,0.12418300653594772,nan,nan,531,0.035781544256120526,nan,nan,153,0.288135593220339,134,0.8758169934640523,19,0.12418300653594772
dPL-MLP,TGD,0.76,15,structure_specific,10,187,0.053475935828877004,nan,nan,531,0.018832391713747645,nan,nan,187,0.352165725047081,445,0.8380414312617702,86,0.16195856873822975
dPL-MLP,TGD,0.76,15,common_all_structures_pass,7,153,0.0457516339869281,nan,nan,531,0.013182674199623353,nan,nan,153,0.288135593220339,146,0.954248366013072,7,0.0457516339869281
dPL-MLP,TGD,0.76,20,structure_specific,5,187,0.026737967914438502,nan,nan,531,0.009416195856873822,nan,nan,187,0.352165725047081,475,0.8945386064030132,56,0.10546139359698682
dPL-MLP,TGD,0.76,20,common_all_structures_pass,2,153,0.013071895424836602,nan,nan,531,0.003766478342749529,nan,nan,153,0.288135593220339,151,0.9869281045751634,2,0.013071895424836602
dPL-MLP,TGD,0.77,10,structure_specific,24,170,0.1411764705882353,nan,nan,531,0.04519774011299435,nan,nan,170,0.32015065913371,389,0.7325800376647834,142,0.2674199623352166
dPL-MLP,TGD,0.77,10,common_all_structures_pass,18,134,0.13432835820895522,nan,nan,531,0.03389830508474576,nan,nan,134,0.2523540489642185,116,0.8656716417910447,18,0.13432835820895522
dPL-MLP,TGD,0.77,15,structure_specific,8,170,0.047058823529411764,nan,nan,531,0.015065913370998116,nan,nan,170,0.32015065913371,445,0.8380414312617702,86,0.16195856873822975
dPL-MLP,TGD,0.77,15,common_all_structures_pass,6,134,0.04477611940298507,nan,nan,531,0.011299435028248588,nan,nan,134,0.2523540489642185,128,0.9552238805970149,6,0.04477611940298507
dPL-MLP,TGD,0.77,20,structure_specific,3,170,0.01764705882352941,nan,nan,531,0.005649717514124294,nan,nan,170,0.32015065913371,475,0.8945386064030132,56,0.10546139359698682
dPL-MLP,TGD,0.77,20,common_all_structures_pass,1,134,0.007462686567164179,nan,nan,531,0.0018832391713747645,nan,nan,134,0.2523540489642185,133,0.9925373134328358,1,0.007462686567164179
dPL-MLP,TGD,0.78,10,structure_specific,23,154,0.14935064935064934,nan,nan,531,0.04331450094161959,nan,nan,154,0.2900188323917137,389,0.7325800376647834,142,0.2674199623352166
dPL-MLP,TGD,0.78,10,common_all_structures_pass,16,119,0.13445378151260504,nan,nan,531,0.030131826741996232,nan,nan,119,0.224105461393597,103,0.865546218487395,16,0.13445378151260504
dPL-MLP,TGD,0.78,15,structure_specific,7,154,0.045454545454545456,nan,nan,531,0.013182674199623353,nan,nan,154,0.2900188323917137,445,0.8380414312617702,86,0.16195856873822975
dPL-MLP,TGD,0.78,15,common_all_structures_pass,5,119,0.04201680672268908,nan,nan,531,0.009416195856873822,nan,nan,119,0.224105461393597,114,0.957983193277311,5,0.04201680672268908
dPL-MLP,TGD,0.78,20,structure_specific,2,154,0.012987012987012988,nan,nan,531,0.003766478342749529,nan,nan,154,0.2900188323917137,475,0.8945386064030132,56,0.10546139359698682
dPL-MLP,TGD,0.78,20,common_all_structures_pass,0,119,0.0,nan,nan,531,0.0,nan,nan,119,0.224105461393597,119,1.0,0,0.0
dPL-MLP,TGD,0.79,10,structure_specific,19,138,0.13768115942028986,nan,nan,531,0.035781544256120526,nan,nan,138,0.2598870056497175,389,0.7325800376647834,142,0.2674199623352166
dPL-MLP,TGD,0.79,10,common_all_structures_pass,14,103,0.13592233009708737,nan,nan,531,0.026365348399246705,nan,nan,103,0.19397363465160075,89,0.8640776699029126,14,0.13592233009708737
dPL-MLP,TGD,0.79,15,structure_specific,7,138,0.050724637681159424,nan,nan,531,0.013182674199623353,nan,nan,138,0.2598870056497175,445,0.8380414312617702,86,0.16195856873822975
dPL-MLP,TGD,0.79,15,common_all_structures_pass,5,103,0.04854368932038835,nan,nan,531,0.009416195856873822,nan,nan,103,0.19397363465160075,98,0.9514563106796117,5,0.04854368932038835
dPL-MLP,TGD,0.79,20,structure_specific,2,138,0.014492753623188406,nan,nan,531,0.003766478342749529,nan,nan,138,0.2598870056497175,475,0.8945386064030132,56,0.10546139359698682
dPL-MLP,TGD,0.79,20,common_all_structures_pass,0,103,0.0,nan,nan,531,0.0,nan,nan,103,0.19397363465160075,103,1.0,0,0.0
dPL-MLP,TGD,0.8,10,structure_specific,15,116,0.12931034482758622,0.07104978354978354,0.19249294283697954,531,0.02824858757062147,0.015065913370998116,0.04143126177024482,116,0.2184557438794727,389,0.7325800376647834,142,0.2674199623352166
dPL-MLP,TGD,0.8,10,common_all_structures_pass,13,91,0.14285714285714285,0.07774416594641315,0.213563829787234,531,0.02448210922787194,nan,nan,91,0.1713747645951036,78,0.8571428571428571,13,0.14285714285714285
dPL-MLP,TGD,0.8,15,structure_specific,5,116,0.04310344827586207,0.00917087542087542,0.08006756756756751,531,0.009416195856873822,0.0018832391713747645,0.01694915254237288,116,0.2184557438794727,445,0.8380414312617702,86,0.16195856873822975
dPL-MLP,TGD,0.8,15,common_all_structures_pass,5,91,0.054945054945054944,0.012048192771084338,0.10270325679475162,531,0.009416195856873822,nan,nan,91,0.1713747645951036,86,0.945054945054945,5,0.054945054945054944
dPL-MLP,TGD,0.8,20,structure_specific,0,116,0.0,0.0,0.0,531,0.0,0.0,0.0,116,0.2184557438794727,475,0.8945386064030132,56,0.10546139359698682
dPL-MLP,TGD,0.8,20,common_all_structures_pass,0,91,0.0,0.0,0.0,531,0.0,nan,nan,91,0.1713747645951036,91,1.0,0,0.0
dPL-MLP,CN,0.4,10,structure_specific,95,494,0.19230769230769232,0.15609965635738832,0.22714026770775236,531,0.17890772128060264,0.14500941619585686,0.21092278719397364,494,0.9303201506591338,417,0.7853107344632768,114,0.21468926553672316
dPL-MLP,CN,0.4,10,common_all_structures_pass,82,423,0.1938534278959811,0.15618982368831053,0.23150270100086165,531,0.1544256120527307,nan,nan,423,0.7966101694915254,341,0.806146572104019,82,0.1938534278959811
dPL-MLP,CN,0.4,15,structure_specific,28,494,0.05668016194331984,0.03679484391206879,0.07942057275879627,531,0.05273069679849341,0.03389830508474576,0.07344632768361582,494,0.9303201506591338,488,0.9190207156308852,43,0.08097928436911488
dPL-MLP,CN,0.4,15,common_all_structures_pass,23,423,0.054373522458628844,0.0344376456569193,0.07794770625316338,531,0.04331450094161959,nan,nan,423,0.7966101694915254,400,0.9456264775413712,23,0.054373522458628844
dPL-MLP,CN,0.4,20,structure_specific,8,494,0.016194331983805668,0.0060910676297432345,0.028198830077237617,531,0.015065913370998116,0.005649717514124294,0.026365348399246705,494,0.9303201506591338,509,0.9585687382297552,22,0.04143126177024482
dPL-MLP,CN,0.4,20,common_all_structures_pass,5,423,0.01182033096926714,0.0023526773850651075,0.022342056650246297,531,0.009416195856873822,nan,nan,423,0.7966101694915254,418,0.9881796690307328,5,0.01182033096926714
dPL-MLP,CN,0.41,10,structure_specific,95,493,0.1926977687626775,nan,nan,531,0.17890772128060264,nan,nan,493,0.928436911487759,417,0.7853107344632768,114,0.21468926553672316
dPL-MLP,CN,0.41,10,common_all_structures_pass,81,417,0.19424460431654678,nan,nan,531,0.15254237288135594,nan,nan,417,0.7853107344632768,336,0.8057553956834532,81,0.19424460431654678
dPL-MLP,CN,0.41,15,structure_specific,28,493,0.056795131845841784,nan,nan,531,0.05273069679849341,nan,nan,493,0.928436911487759,488,0.9190207156308852,43,0.08097928436911488
dPL-MLP,CN,0.41,15,common_all_structures_pass,23,417,0.05515587529976019,nan,nan,531,0.04331450094161959,nan,nan,417,0.7853107344632768,394,0.9448441247002398,23,0.05515587529976019
dPL-MLP,CN,0.41,20,structure_specific,8,493,0.016227180527383367,nan,nan,531,0.015065913370998116,nan,nan,493,0.928436911487759,509,0.9585687382297552,22,0.04143126177024482
dPL-MLP,CN,0.41,20,common_all_structures_pass,5,417,0.011990407673860911,nan,nan,531,0.009416195856873822,nan,nan,417,0.7853107344632768,412,0.988009592326139,5,0.011990407673860911
dPL-MLP,CN,0.42,10,structure_specific,95,491,0.1934826883910387,nan,nan,531,0.17890772128060264,nan,nan,491,0.9246704331450094,417,0.7853107344632768,114,0.21468926553672316
dPL-MLP,CN,0.42,10,common_all_structures_pass,81,417,0.19424460431654678,nan,nan,531,0.15254237288135594,nan,nan,417,0.7853107344632768,336,0.8057553956834532,81,0.19424460431654678
dPL-MLP,CN,0.42,15,structure_specific,28,491,0.05702647657841141,nan,nan,531,0.05273069679849341,nan,nan,491,0.9246704331450094,488,0.9190207156308852,43,0.08097928436911488
dPL-MLP,CN,0.42,15,common_all_structures_pass,23,417,0.05515587529976019,nan,nan,531,0.04331450094161959,nan,nan,417,0.7853107344632768,394,0.9448441247002398,23,0.05515587529976019
dPL-MLP,CN,0.42,20,structure_specific,8,491,0.016293279022403257,nan,nan,531,0.015065913370998116,nan,nan,491,0.9246704331450094,509,0.9585687382297552,22,0.04143126177024482
dPL-MLP,CN,0.42,20,common_all_structures_pass,5,417,0.011990407673860911,nan,nan,531,0.009416195856873822,nan,nan,417,0.7853107344632768,412,0.988009592326139,5,0.011990407673860911
dPL-MLP,CN,0.43,10,structure_specific,93,486,0.19135802469135801,nan,nan,531,0.1751412429378531,nan,nan,486,0.9152542372881356,417,0.7853107344632768,114,0.21468926553672316
dPL-MLP,CN,0.43,10,common_all_structures_pass,80,414,0.1932367149758454,nan,nan,531,0.15065913370998116,nan,nan,414,0.7796610169491526,334,0.8067632850241546,80,0.1932367149758454
dPL-MLP,CN,0.43,15,structure_specific,26,486,0.053497942386831275,nan,nan,531,0.04896421845574388,nan,nan,486,0.9152542372881356,488,0.9190207156308852,43,0.08097928436911488
dPL-MLP,CN,0.43,15,common_all_structures_pass,22,414,0.05314009661835749,nan,nan,531,0.04143126177024482,nan,nan,414,0.7796610169491526,392,0.9468599033816425,22,0.05314009661835749
dPL-MLP,CN,0.43,20,structure_specific,7,486,0.01440329218106996,nan,nan,531,0.013182674199623353,nan,nan,486,0.9152542372881356,509,0.9585687382297552,22,0.04143126177024482
dPL-MLP,CN,0.43,20,common_all_structures_pass,5,414,0.012077294685990338,nan,nan,531,0.009416195856873822,nan,nan,414,0.7796610169491526,409,0.9879227053140096,5,0.012077294685990338
dPL-MLP,CN,0.44,10,structure_specific,92,484,0.19008264462809918,nan,nan,531,0.17325800376647835,nan,nan,484,0.911487758945386,417,0.7853107344632768,114,0.21468926553672316
dPL-MLP,CN,0.44,10,common_all_structures_pass,80,412,0.1941747572815534,nan,nan,531,0.15065913370998116,nan,nan,412,0.775894538606403,332,0.8058252427184466,80,0.1941747572815534
dPL-MLP,CN,0.44,15,structure_specific,26,484,0.05371900826446281,nan,nan,531,0.04896421845574388,nan,nan,484,0.911487758945386,488,0.9190207156308852,43,0.08097928436911488
dPL-MLP,CN,0.44,15,common_all_structures_pass,22,412,0.05339805825242718,nan,nan,531,0.04143126177024482,nan,nan,412,0.775894538606403,390,0.9466019417475728,22,0.05339805825242718
dPL-MLP,CN,0.44,20,structure_specific,7,484,0.014462809917355372,nan,nan,531,0.013182674199623353,nan,nan,484,0.911487758945386,509,0.9585687382297552,22,0.04143126177024482
dPL-MLP,CN,0.44,20,common_all_structures_pass,5,412,0.012135922330097087,nan,nan,531,0.009416195856873822,nan,nan,412,0.775894538606403,407,0.9878640776699029,5,0.012135922330097087
dPL-MLP,CN,0.45,10,structure_specific,92,480,0.19166666666666668,nan,nan,531,0.17325800376647835,nan,nan,480,0.903954802259887,417,0.7853107344632768,114,0.21468926553672316
dPL-MLP,CN,0.45,10,common_all_structures_pass,79,408,0.19362745098039216,nan,nan,531,0.1487758945386064,nan,nan,408,0.768361581920904,329,0.8063725490196079,79,0.19362745098039216
dPL-MLP,CN,0.45,15,structure_specific,26,480,0.05416666666666667,nan,nan,531,0.04896421845574388,nan,nan,480,0.903954802259887,488,0.9190207156308852,43,0.08097928436911488
dPL-MLP,CN,0.45,15,common_all_structures_pass,21,408,0.051470588235294115,nan,nan,531,0.03954802259887006,nan,nan,408,0.768361581920904,387,0.9485294117647058,21,0.051470588235294115
dPL-MLP,CN,0.45,20,structure_specific,7,480,0.014583333333333334,nan,nan,531,0.013182674199623353,nan,nan,480,0.903954802259887,509,0.9585687382297552,22,0.04143126177024482
dPL-MLP,CN,0.45,20,common_all_structures_pass,4,408,0.00980392156862745,nan,nan,531,0.007532956685499058,nan,nan,408,0.768361581920904,404,0.9901960784313726,4,0.00980392156862745
dPL-MLP,CN,0.46,10,structure_specific,92,476,0.19327731092436976,nan,nan,531,0.17325800376647835,nan,nan,476,0.896421845574388,417,0.7853107344632768,114,0.21468926553672316
dPL-MLP,CN,0.46,10,common_all_structures_pass,78,402,0.19402985074626866,nan,nan,531,0.14689265536723164,nan,nan,402,0.7570621468926554,324,0.8059701492537313,78,0.19402985074626866
dPL-MLP,CN,0.46,15,structure_specific,26,476,0.0546218487394958,nan,nan,531,0.04896421845574388,nan,nan,476,0.896421845574388,488,0.9190207156308852,43,0.08097928436911488
dPL-MLP,CN,0.46,15,common_all_structures_pass,21,402,0.05223880597014925,nan,nan,531,0.03954802259887006,nan,nan,402,0.7570621468926554,381,0.9477611940298507,21,0.05223880597014925
dPL-MLP,CN,0.46,20,structure_specific,7,476,0.014705882352941176,nan,nan,531,0.013182674199623353,nan,nan,476,0.896421845574388,509,0.9585687382297552,22,0.04143126177024482
dPL-MLP,CN,0.46,20,common_all_structures_pass,4,402,0.009950248756218905,nan,nan,531,0.007532956685499058,nan,nan,402,0.7570621468926554,398,0.9900497512437811,4,0.009950248756218905
dPL-MLP,CN,0.47,10,structure_specific,91,471,0.1932059447983015,nan,nan,531,0.1713747645951036,nan,nan,471,0.8870056497175142,417,0.7853107344632768,114,0.21468926553672316
dPL-MLP,CN,0.47,10,common_all_structures_pass,78,398,0.19597989949748743,nan,nan,531,0.14689265536723164,nan,nan,398,0.7495291902071564,320,0.8040201005025126,78,0.19597989949748743
dPL-MLP,CN,0.47,15,structure_specific,25,471,0.05307855626326964,nan,nan,531,0.047080979284369114,nan,nan,471,0.8870056497175142,488,0.9190207156308852,43,0.08097928436911488
dPL-MLP,CN,0.47,15,common_all_structures_pass,21,398,0.052763819095477386,nan,nan,531,0.03954802259887006,nan,nan,398,0.7495291902071564,377,0.9472361809045227,21,0.052763819095477386
dPL-MLP,CN,0.47,20,structure_specific,6,471,0.012738853503184714,nan,nan,531,0.011299435028248588,nan,nan,471,0.8870056497175142,509,0.9585687382297552,22,0.04143126177024482
dPL-MLP,CN,0.47,20,common_all_structures_pass,4,398,0.010050251256281407,nan,nan,531,0.007532956685499058,nan,nan,398,0.7495291902071564,394,0.9899497487437185,4,0.010050251256281407
dPL-MLP,CN,0.48,10,structure_specific,91,470,0.19361702127659575,nan,nan,531,0.1713747645951036,nan,nan,470,0.8851224105461394,417,0.7853107344632768,114,0.21468926553672316
dPL-MLP,CN,0.48,10,common_all_structures_pass,77,396,0.19444444444444445,nan,nan,531,0.14500941619585686,nan,nan,396,0.7457627118644068,319,0.8055555555555556,77,0.19444444444444445
dPL-MLP,CN,0.48,15,structure_specific,25,470,0.05319148936170213,nan,nan,531,0.047080979284369114,nan,nan,470,0.8851224105461394,488,0.9190207156308852,43,0.08097928436911488
dPL-MLP,CN,0.48,15,common_all_structures_pass,20,396,0.050505050505050504,nan,nan,531,0.03766478342749529,nan,nan,396,0.7457627118644068,376,0.9494949494949495,20,0.050505050505050504
dPL-MLP,CN,0.48,20,structure_specific,6,470,0.01276595744680851,nan,nan,531,0.011299435028248588,nan,nan,470,0.8851224105461394,509,0.9585687382297552,22,0.04143126177024482
dPL-MLP,CN,0.48,20,common_all_structures_pass,4,396,0.010101010101010102,nan,nan,531,0.007532956685499058,nan,nan,396,0.7457627118644068,392,0.98989898989899,4,0.010101010101010102
dPL-MLP,CN,0.49,10,structure_specific,90,467,0.19271948608137046,nan,nan,531,0.1694915254237288,nan,nan,467,0.879472693032015,417,0.7853107344632768,114,0.21468926553672316
dPL-MLP,CN,0.49,10,common_all_structures_pass,76,392,0.19387755102040816,nan,nan,531,0.1431261770244821,nan,nan,392,0.7382297551789078,316,0.8061224489795918,76,0.19387755102040816
dPL-MLP,CN,0.49,15,structure_specific,25,467,0.05353319057815846,nan,nan,531,0.047080979284369114,nan,nan,467,0.879472693032015,488,0.9190207156308852,43,0.08097928436911488
dPL-MLP,CN,0.49,15,common_all_structures_pass,19,392,0.04846938775510204,nan,nan,531,0.035781544256120526,nan,nan,392,0.7382297551789078,373,0.951530612244898,19,0.04846938775510204
dPL-MLP,CN,0.49,20,structure_specific,6,467,0.01284796573875803,nan,nan,531,0.011299435028248588,nan,nan,467,0.879472693032015,509,0.9585687382297552,22,0.04143126177024482
dPL-MLP,CN,0.49,20,common_all_structures_pass,3,392,0.007653061224489796,nan,nan,531,0.005649717514124294,nan,nan,392,0.7382297551789078,389,0.9923469387755102,3,0.007653061224489796
dPL-MLP,CN,0.5,10,structure_specific,89,465,0.1913978494623656,0.15533905209739746,0.22842391304347825,531,0.16760828625235405,0.13559322033898305,0.198728813559322,465,0.8757062146892656,417,0.7853107344632768,114,0.21468926553672316
dPL-MLP,CN,0.5,10,common_all_structures_pass,75,388,0.19329896907216496,0.1543312941329602,0.2310243851964267,531,0.14124293785310735,nan,nan,388,0.7306967984934086,313,0.8067010309278351,75,0.19329896907216496
dPL-MLP,CN,0.5,15,structure_specific,24,465,0.05161290322580645,0.033292743849132014,0.07252249507920142,531,0.04519774011299435,0.029143126177024484,0.064030131826742,465,0.8757062146892656,488,0.9190207156308852,43,0.08097928436911488
dPL-MLP,CN,0.5,15,common_all_structures_pass,19,388,0.04896907216494845,0.0291005291005291,0.07049608355091384,531,0.035781544256120526,nan,nan,388,0.7306967984934086,369,0.9510309278350515,19,0.04896907216494845
dPL-MLP,CN,0.5,20,structure_specific,6,465,0.012903225806451613,0.004282655246252677,0.022567241172287013,531,0.011299435028248588,0.003766478342749529,0.019821092278719355,465,0.8757062146892656,509,0.9585687382297552,22,0.04143126177024482
dPL-MLP,CN,0.5,20,common_all_structures_pass,3,388,0.007731958762886598,0.0,0.017997290510177105,531,0.005649717514124294,nan,nan,388,0.7306967984934086,385,0.9922680412371134,3,0.007731958762886598
dPL-MLP,CN,0.51,10,structure_specific,89,464,0.19181034482758622,nan,nan,531,0.16760828625235405,nan,nan,464,0.8738229755178908,417,0.7853107344632768,114,0.21468926553672316
dPL-MLP,CN,0.51,10,common_all_structures_pass,75,386,0.19430051813471502,nan,nan,531,0.14124293785310735,nan,nan,386,0.7269303201506592,311,0.805699481865285,75,0.19430051813471502
dPL-MLP,CN,0.51,15,structure_specific,24,464,0.05172413793103448,nan,nan,531,0.04519774011299435,nan,nan,464,0.8738229755178908,488,0.9190207156308852,43,0.08097928436911488
dPL-MLP,CN,0.51,15,common_all_structures_pass,19,386,0.04922279792746114,nan,nan,531,0.035781544256120526,nan,nan,386,0.7269303201506592,367,0.9507772020725389,19,0.04922279792746114
dPL-MLP,CN,0.51,20,structure_specific,6,464,0.01293103448275862,nan,nan,531,0.011299435028248588,nan,nan,464,0.8738229755178908,509,0.9585687382297552,22,0.04143126177024482
dPL-MLP,CN,0.51,20,common_all_structures_pass,3,386,0.007772020725388601,nan,nan,531,0.005649717514124294,nan,nan,386,0.7269303201506592,383,0.9922279792746114,3,0.007772020725388601
dPL-MLP,CN,0.52,10,structure_specific,89,463,0.19222462203023757,nan,nan,531,0.16760828625235405,nan,nan,463,0.871939736346516,417,0.7853107344632768,114,0.21468926553672316
dPL-MLP,CN,0.52,10,common_all_structures_pass,74,381,0.1942257217847769,nan,nan,531,0.1393596986817326,nan,nan,381,0.7175141242937854,307,0.8057742782152231,74,0.1942257217847769
dPL-MLP,CN,0.52,15,structure_specific,24,463,0.05183585313174946,nan,nan,531,0.04519774011299435,nan,nan,463,0.871939736346516,488,0.9190207156308852,43,0.08097928436911488
dPL-MLP,CN,0.52,15,common_all_structures_pass,19,381,0.049868766404199474,nan,nan,531,0.035781544256120526,nan,nan,381,0.7175141242937854,362,0.9501312335958005,19,0.049868766404199474
dPL-MLP,CN,0.52,20,structure_specific,6,463,0.012958963282937365,nan,nan,531,0.011299435028248588,nan,nan,463,0.871939736346516,509,0.9585687382297552,22,0.04143126177024482
dPL-MLP,CN,0.52,20,common_all_structures_pass,3,381,0.007874015748031496,nan,nan,531,0.005649717514124294,nan,nan,381,0.7175141242937854,378,0.9921259842519685,3,0.007874015748031496
dPL-MLP,CN,0.53,10,structure_specific,89,462,0.19264069264069264,nan,nan,531,0.16760828625235405,nan,nan,462,0.8700564971751412,417,0.7853107344632768,114,0.21468926553672316
dPL-MLP,CN,0.53,10,common_all_structures_pass,74,378,0.19576719576719576,nan,nan,531,0.1393596986817326,nan,nan,378,0.711864406779661,304,0.8042328042328042,74,0.19576719576719576
dPL-MLP,CN,0.53,15,structure_specific,24,462,0.05194805194805195,nan,nan,531,0.04519774011299435,nan,nan,462,0.8700564971751412,488,0.9190207156308852,43,0.08097928436911488
dPL-MLP,CN,0.53,15,common_all_structures_pass,19,378,0.05026455026455026,nan,nan,531,0.035781544256120526,nan,nan,378,0.711864406779661,359,0.9497354497354498,19,0.05026455026455026
dPL-MLP,CN,0.53,20,structure_specific,6,462,0.012987012987012988,nan,nan,531,0.011299435028248588,nan,nan,462,0.8700564971751412,509,0.9585687382297552,22,0.04143126177024482
dPL-MLP,CN,0.53,20,common_all_structures_pass,3,378,0.007936507936507936,nan,nan,531,0.005649717514124294,nan,nan,378,0.711864406779661,375,0.9920634920634921,3,0.007936507936507936
dPL-MLP,CN,0.54,10,structure_specific,88,458,0.19213973799126638,nan,nan,531,0.1657250470809793,nan,nan,458,0.8625235404896422,417,0.7853107344632768,114,0.21468926553672316
dPL-MLP,CN,0.54,10,common_all_structures_pass,72,372,0.1935483870967742,nan,nan,531,0.13559322033898305,nan,nan,372,0.7005649717514124,300,0.8064516129032258,72,0.1935483870967742
dPL-MLP,CN,0.54,15,structure_specific,23,458,0.05021834061135371,nan,nan,531,0.04331450094161959,nan,nan,458,0.8625235404896422,488,0.9190207156308852,43,0.08097928436911488
dPL-MLP,CN,0.54,15,common_all_structures_pass,17,372,0.0456989247311828,nan,nan,531,0.032015065913371,nan,nan,372,0.7005649717514124,355,0.9543010752688172,17,0.0456989247311828
dPL-MLP,CN,0.54,20,structure_specific,5,458,0.010917030567685589,nan,nan,531,0.009416195856873822,nan,nan,458,0.8625235404896422,509,0.9585687382297552,22,0.04143126177024482
dPL-MLP,CN,0.54,20,common_all_structures_pass,2,372,0.005376344086021506,nan,nan,531,0.003766478342749529,nan,nan,372,0.7005649717514124,370,0.9946236559139785,2,0.005376344086021506
dPL-MLP,CN,0.55,10,structure_specific,88,453,0.19426048565121412,nan,nan,531,0.1657250470809793,nan,nan,453,0.8531073446327684,417,0.7853107344632768,114,0.21468926553672316
dPL-MLP,CN,0.55,10,common_all_structures_pass,70,366,0.1912568306010929,nan,nan,531,0.1318267419962335,nan,nan,366,0.6892655367231638,296,0.8087431693989071,70,0.1912568306010929
dPL-MLP,CN,0.55,15,structure_specific,23,453,0.05077262693156733,nan,nan,531,0.04331450094161959,nan,nan,453,0.8531073446327684,488,0.9190207156308852,43,0.08097928436911488
dPL-MLP,CN,0.55,15,common_all_structures_pass,17,366,0.04644808743169399,nan,nan,531,0.032015065913371,nan,nan,366,0.6892655367231638,349,0.953551912568306,17,0.04644808743169399
dPL-MLP,CN,0.55,20,structure_specific,5,453,0.011037527593818985,nan,nan,531,0.009416195856873822,nan,nan,453,0.8531073446327684,509,0.9585687382297552,22,0.04143126177024482
dPL-MLP,CN,0.55,20,common_all_structures_pass,2,366,0.00546448087431694,nan,nan,531,0.003766478342749529,nan,nan,366,0.6892655367231638,364,0.994535519125683,2,0.00546448087431694
dPL-MLP,CN,0.56,10,structure_specific,85,445,0.19101123595505617,nan,nan,531,0.160075329566855,nan,nan,445,0.8380414312617702,417,0.7853107344632768,114,0.21468926553672316
dPL-MLP,CN,0.56,10,common_all_structures_pass,66,356,0.1853932584269663,nan,nan,531,0.12429378531073447,nan,nan,356,0.6704331450094162,290,0.8146067415730337,66,0.1853932584269663
dPL-MLP,CN,0.56,15,structure_specific,22,445,0.04943820224719101,nan,nan,531,0.04143126177024482,nan,nan,445,0.8380414312617702,488,0.9190207156308852,43,0.08097928436911488
dPL-MLP,CN,0.56,15,common_all_structures_pass,17,356,0.047752808988764044,nan,nan,531,0.032015065913371,nan,nan,356,0.6704331450094162,339,0.952247191011236,17,0.047752808988764044
dPL-MLP,CN,0.56,20,structure_specific,4,445,0.008988764044943821,nan,nan,531,0.007532956685499058,nan,nan,445,0.8380414312617702,509,0.9585687382297552,22,0.04143126177024482
dPL-MLP,CN,0.56,20,common_all_structures_pass,2,356,0.0056179775280898875,nan,nan,531,0.003766478342749529,nan,nan,356,0.6704331450094162,354,0.9943820224719101,2,0.0056179775280898875
dPL-MLP,CN,0.57,10,structure_specific,84,440,0.19090909090909092,nan,nan,531,0.15819209039548024,nan,nan,440,0.8286252354048964,417,0.7853107344632768,114,0.21468926553672316
dPL-MLP,CN,0.57,10,common_all_structures_pass,64,348,0.1839080459770115,nan,nan,531,0.12052730696798493,nan,nan,348,0.655367231638418,284,0.8160919540229885,64,0.1839080459770115
dPL-MLP,CN,0.57,15,structure_specific,21,440,0.04772727272727273,nan,nan,531,0.03954802259887006,nan,nan,440,0.8286252354048964,488,0.9190207156308852,43,0.08097928436911488
dPL-MLP,CN,0.57,15,common_all_structures_pass,17,348,0.04885057471264368,nan,nan,531,0.032015065913371,nan,nan,348,0.655367231638418,331,0.9511494252873564,17,0.04885057471264368
dPL-MLP,CN,0.57,20,structure_specific,4,440,0.00909090909090909,nan,nan,531,0.007532956685499058,nan,nan,440,0.8286252354048964,509,0.9585687382297552,22,0.04143126177024482
dPL-MLP,CN,0.57,20,common_all_structures_pass,2,348,0.005747126436781609,nan,nan,531,0.003766478342749529,nan,nan,348,0.655367231638418,346,0.9942528735632183,2,0.005747126436781609
dPL-MLP,CN,0.58,10,structure_specific,82,435,0.18850574712643678,nan,nan,531,0.1544256120527307,nan,nan,435,0.8192090395480226,417,0.7853107344632768,114,0.21468926553672316
dPL-MLP,CN,0.58,10,common_all_structures_pass,62,342,0.18128654970760233,nan,nan,531,0.1167608286252354,nan,nan,342,0.6440677966101694,280,0.8187134502923976,62,0.18128654970760233
dPL-MLP,CN,0.58,15,structure_specific,20,435,0.04597701149425287,nan,nan,531,0.03766478342749529,nan,nan,435,0.8192090395480226,488,0.9190207156308852,43,0.08097928436911488
dPL-MLP,CN,0.58,15,common_all_structures_pass,16,342,0.04678362573099415,nan,nan,531,0.030131826741996232,nan,nan,342,0.6440677966101694,326,0.9532163742690059,16,0.04678362573099415
dPL-MLP,CN,0.58,20,structure_specific,3,435,0.006896551724137931,nan,nan,531,0.005649717514124294,nan,nan,435,0.8192090395480226,509,0.9585687382297552,22,0.04143126177024482
dPL-MLP,CN,0.58,20,common_all_structures_pass,1,342,0.0029239766081871343,nan,nan,531,0.0018832391713747645,nan,nan,342,0.6440677966101694,341,0.9970760233918129,1,0.0029239766081871343
dPL-MLP,CN,0.59,10,structure_specific,82,433,0.18937644341801385,nan,nan,531,0.1544256120527307,nan,nan,433,0.815442561205273,417,0.7853107344632768,114,0.21468926553672316
dPL-MLP,CN,0.59,10,common_all_structures_pass,61,341,0.17888563049853373,nan,nan,531,0.11487758945386065,nan,nan,341,0.6421845574387948,280,0.8211143695014663,61,0.17888563049853373
dPL-MLP,CN,0.59,15,structure_specific,20,433,0.046189376443418015,nan,nan,531,0.03766478342749529,nan,nan,433,0.815442561205273,488,0.9190207156308852,43,0.08097928436911488
dPL-MLP,CN,0.59,15,common_all_structures_pass,16,341,0.0469208211143695,nan,nan,531,0.030131826741996232,nan,nan,341,0.6421845574387948,325,0.9530791788856305,16,0.0469208211143695
dPL-MLP,CN,0.59,20,structure_specific,3,433,0.006928406466512702,nan,nan,531,0.005649717514124294,nan,nan,433,0.815442561205273,509,0.9585687382297552,22,0.04143126177024482
dPL-MLP,CN,0.59,20,common_all_structures_pass,1,341,0.002932551319648094,nan,nan,531,0.0018832391713747645,nan,nan,341,0.6421845574387948,340,0.9970674486803519,1,0.002932551319648094
dPL-MLP,CN,0.6,10,structure_specific,82,426,0.19248826291079812,0.1556320430896766,0.23234195517712267,531,0.1544256120527307,0.12429378531073447,0.18455743879472694,426,0.8022598870056498,417,0.7853107344632768,114,0.21468926553672316
dPL-MLP,CN,0.6,10,common_all_structures_pass,57,331,0.17220543806646527,0.1340510033444816,0.21193299620733247,531,0.10734463276836158,nan,nan,331,0.623352165725047,274,0.8277945619335347,57,0.17220543806646527
dPL-MLP,CN,0.6,15,structure_specific,20,426,0.046948356807511735,0.028560413642960816,0.06690709545123806,531,0.03766478342749529,0.022598870056497175,0.05371939736346512,426,0.8022598870056498,488,0.9190207156308852,43,0.08097928436911488
dPL-MLP,CN,0.6,15,common_all_structures_pass,14,331,0.04229607250755287,0.02179856743535989,0.06549005681818182,531,0.026365348399246705,nan,nan,331,0.623352165725047,317,0.9577039274924471,14,0.04229607250755287
dPL-MLP,CN,0.6,20,structure_specific,3,426,0.007042253521126761,0.0,0.01629899170596845,531,0.005649717514124294,0.0,0.013182674199623353,426,0.8022598870056498,509,0.9585687382297552,22,0.04143126177024482
dPL-MLP,CN,0.6,20,common_all_structures_pass,1,331,0.0030211480362537764,0.0,0.009289452495974234,531,0.0018832391713747645,nan,nan,331,0.623352165725047,330,0.9969788519637462,1,0.0030211480362537764
dPL-MLP,CN,0.61,10,structure_specific,82,425,0.19294117647058823,nan,nan,531,0.1544256120527307,nan,nan,425,0.800376647834275,417,0.7853107344632768,114,0.21468926553672316
dPL-MLP,CN,0.61,10,common_all_structures_pass,53,323,0.16408668730650156,nan,nan,531,0.09981167608286252,nan,nan,323,0.608286252354049,270,0.8359133126934984,53,0.16408668730650156
dPL-MLP,CN,0.61,15,structure_specific,20,425,0.047058823529411764,nan,nan,531,0.03766478342749529,nan,nan,425,0.800376647834275,488,0.9190207156308852,43,0.08097928436911488
dPL-MLP,CN,0.61,15,common_all_structures_pass,14,323,0.043343653250773995,nan,nan,531,0.026365348399246705,nan,nan,323,0.608286252354049,309,0.9566563467492261,14,0.043343653250773995
dPL-MLP,CN,0.61,20,structure_specific,3,425,0.007058823529411765,nan,nan,531,0.005649717514124294,nan,nan,425,0.800376647834275,509,0.9585687382297552,22,0.04143126177024482
dPL-MLP,CN,0.61,20,common_all_structures_pass,1,323,0.0030959752321981426,nan,nan,531,0.0018832391713747645,nan,nan,323,0.608286252354049,322,0.9969040247678018,1,0.0030959752321981426
dPL-MLP,CN,0.62,10,structure_specific,80,418,0.19138755980861244,nan,nan,531,0.15065913370998116,nan,nan,418,0.7871939736346516,417,0.7853107344632768,114,0.21468926553672316
dPL-MLP,CN,0.62,10,common_all_structures_pass,50,311,0.1607717041800643,nan,nan,531,0.09416195856873823,nan,nan,311,0.5856873822975518,261,0.8392282958199357,50,0.1607717041800643
dPL-MLP,CN,0.62,15,structure_specific,20,418,0.04784688995215311,nan,nan,531,0.03766478342749529,nan,nan,418,0.7871939736346516,488,0.9190207156308852,43,0.08097928436911488
dPL-MLP,CN,0.62,15,common_all_structures_pass,14,311,0.04501607717041801,nan,nan,531,0.026365348399246705,nan,nan,311,0.5856873822975518,297,0.954983922829582,14,0.04501607717041801
dPL-MLP,CN,0.62,20,structure_specific,3,418,0.007177033492822967,nan,nan,531,0.005649717514124294,nan,nan,418,0.7871939736346516,509,0.9585687382297552,22,0.04143126177024482
dPL-MLP,CN,0.62,20,common_all_structures_pass,1,311,0.003215434083601286,nan,nan,531,0.0018832391713747645,nan,nan,311,0.5856873822975518,310,0.9967845659163987,1,0.003215434083601286
dPL-MLP,CN,0.63,10,structure_specific,76,408,0.18627450980392157,nan,nan,531,0.1431261770244821,nan,nan,408,0.768361581920904,417,0.7853107344632768,114,0.21468926553672316
dPL-MLP,CN,0.63,10,common_all_structures_pass,45,299,0.1505016722408027,nan,nan,531,0.0847457627118644,nan,nan,299,0.5630885122410546,254,0.8494983277591973,45,0.1505016722408027
dPL-MLP,CN,0.63,15,structure_specific,18,408,0.04411764705882353,nan,nan,531,0.03389830508474576,nan,nan,408,0.768361581920904,488,0.9190207156308852,43,0.08097928436911488
dPL-MLP,CN,0.63,15,common_all_structures_pass,12,299,0.04013377926421405,nan,nan,531,0.022598870056497175,nan,nan,299,0.5630885122410546,287,0.959866220735786,12,0.04013377926421405
dPL-MLP,CN,0.63,20,structure_specific,3,408,0.007352941176470588,nan,nan,531,0.005649717514124294,nan,nan,408,0.768361581920904,509,0.9585687382297552,22,0.04143126177024482
dPL-MLP,CN,0.63,20,common_all_structures_pass,0,299,0.0,nan,nan,531,0.0,nan,nan,299,0.5630885122410546,299,1.0,0,0.0
dPL-MLP,CN,0.64,10,structure_specific,75,405,0.18518518518518517,nan,nan,531,0.14124293785310735,nan,nan,405,0.7627118644067796,417,0.7853107344632768,114,0.21468926553672316
dPL-MLP,CN,0.64,10,common_all_structures_pass,40,288,0.1388888888888889,nan,nan,531,0.07532956685499058,nan,nan,288,0.5423728813559322,248,0.8611111111111112,40,0.1388888888888889
dPL-MLP,CN,0.64,15,structure_specific,18,405,0.044444444444444446,nan,nan,531,0.03389830508474576,nan,nan,405,0.7627118644067796,488,0.9190207156308852,43,0.08097928436911488
dPL-MLP,CN,0.64,15,common_all_structures_pass,11,288,0.03819444444444445,nan,nan,531,0.02071563088512241,nan,nan,288,0.5423728813559322,277,0.9618055555555556,11,0.03819444444444445
dPL-MLP,CN,0.64,20,structure_specific,3,405,0.007407407407407408,nan,nan,531,0.005649717514124294,nan,nan,405,0.7627118644067796,509,0.9585687382297552,22,0.04143126177024482
dPL-MLP,CN,0.64,20,common_all_structures_pass,0,288,0.0,nan,nan,531,0.0,nan,nan,288,0.5423728813559322,288,1.0,0,0.0
dPL-MLP,CN,0.65,10,structure_specific,74,394,0.18781725888324874,nan,nan,531,0.1393596986817326,nan,nan,394,0.7419962335216572,417,0.7853107344632768,114,0.21468926553672316
dPL-MLP,CN,0.65,10,common_all_structures_pass,39,282,0.13829787234042554,nan,nan,531,0.07344632768361582,nan,nan,282,0.5310734463276836,243,0.8617021276595744,39,0.13829787234042554
dPL-MLP,CN,0.65,15,structure_specific,18,394,0.04568527918781726,nan,nan,531,0.03389830508474576,nan,nan,394,0.7419962335216572,488,0.9190207156308852,43,0.08097928436911488
dPL-MLP,CN,0.65,15,common_all_structures_pass,11,282,0.03900709219858156,nan,nan,531,0.02071563088512241,nan,nan,282,0.5310734463276836,271,0.9609929078014184,11,0.03900709219858156
dPL-MLP,CN,0.65,20,structure_specific,3,394,0.007614213197969543,nan,nan,531,0.005649717514124294,nan,nan,394,0.7419962335216572,509,0.9585687382297552,22,0.04143126177024482
dPL-MLP,CN,0.65,20,common_all_structures_pass,0,282,0.0,nan,nan,531,0.0,nan,nan,282,0.5310734463276836,282,1.0,0,0.0
dPL-MLP,CN,0.66,10,structure_specific,71,385,0.18441558441558442,nan,nan,531,0.1337099811676083,nan,nan,385,0.7250470809792844,417,0.7853107344632768,114,0.21468926553672316
dPL-MLP,CN,0.66,10,common_all_structures_pass,36,273,0.13186813186813187,nan,nan,531,0.06779661016949153,nan,nan,273,0.5141242937853108,237,0.8681318681318682,36,0.13186813186813187
dPL-MLP,CN,0.66,15,structure_specific,18,385,0.046753246753246755,nan,nan,531,0.03389830508474576,nan,nan,385,0.7250470809792844,488,0.9190207156308852,43,0.08097928436911488
dPL-MLP,CN,0.66,15,common_all_structures_pass,11,273,0.040293040293040296,nan,nan,531,0.02071563088512241,nan,nan,273,0.5141242937853108,262,0.9597069597069597,11,0.040293040293040296
dPL-MLP,CN,0.66,20,structure_specific,3,385,0.007792207792207792,nan,nan,531,0.005649717514124294,nan,nan,385,0.7250470809792844,509,0.9585687382297552,22,0.04143126177024482
dPL-MLP,CN,0.66,20,common_all_structures_pass,0,273,0.0,nan,nan,531,0.0,nan,nan,273,0.5141242937853108,273,1.0,0,0.0
dPL-MLP,CN,0.67,10,structure_specific,68,374,0.18181818181818182,nan,nan,531,0.128060263653484,nan,nan,374,0.704331450094162,417,0.7853107344632768,114,0.21468926553672316
dPL-MLP,CN,0.67,10,common_all_structures_pass,33,267,0.12359550561797752,nan,nan,531,0.062146892655367235,nan,nan,267,0.5028248587570622,234,0.8764044943820225,33,0.12359550561797752
dPL-MLP,CN,0.67,15,structure_specific,17,374,0.045454545454545456,nan,nan,531,0.032015065913371,nan,nan,374,0.704331450094162,488,0.9190207156308852,43,0.08097928436911488
dPL-MLP,CN,0.67,15,common_all_structures_pass,10,267,0.03745318352059925,nan,nan,531,0.018832391713747645,nan,nan,267,0.5028248587570622,257,0.9625468164794008,10,0.03745318352059925
dPL-MLP,CN,0.67,20,structure_specific,3,374,0.008021390374331552,nan,nan,531,0.005649717514124294,nan,nan,374,0.704331450094162,509,0.9585687382297552,22,0.04143126177024482
dPL-MLP,CN,0.67,20,common_all_structures_pass,0,267,0.0,nan,nan,531,0.0,nan,nan,267,0.5028248587570622,267,1.0,0,0.0
dPL-MLP,CN,0.68,10,structure_specific,64,367,0.17438692098092642,nan,nan,531,0.12052730696798493,nan,nan,367,0.6911487758945386,417,0.7853107344632768,114,0.21468926553672316
dPL-MLP,CN,0.68,10,common_all_structures_pass,30,256,0.1171875,nan,nan,531,0.05649717514124294,nan,nan,256,0.4821092278719397,226,0.8828125,30,0.1171875
dPL-MLP,CN,0.68,15,structure_specific,15,367,0.04087193460490463,nan,nan,531,0.02824858757062147,nan,nan,367,0.6911487758945386,488,0.9190207156308852,43,0.08097928436911488
dPL-MLP,CN,0.68,15,common_all_structures_pass,8,256,0.03125,nan,nan,531,0.015065913370998116,nan,nan,256,0.4821092278719397,248,0.96875,8,0.03125
dPL-MLP,CN,0.68,20,structure_specific,3,367,0.008174386920980926,nan,nan,531,0.005649717514124294,nan,nan,367,0.6911487758945386,509,0.9585687382297552,22,0.04143126177024482
dPL-MLP,CN,0.68,20,common_all_structures_pass,0,256,0.0,nan,nan,531,0.0,nan,nan,256,0.4821092278719397,256,1.0,0,0.0
dPL-MLP,CN,0.69,10,structure_specific,63,356,0.17696629213483145,nan,nan,531,0.11864406779661017,nan,nan,356,0.6704331450094162,417,0.7853107344632768,114,0.21468926553672316
dPL-MLP,CN,0.69,10,common_all_structures_pass,24,243,0.09876543209876543,nan,nan,531,0.04519774011299435,nan,nan,243,0.4576271186440678,219,0.9012345679012346,24,0.09876543209876543
dPL-MLP,CN,0.69,15,structure_specific,15,356,0.042134831460674156,nan,nan,531,0.02824858757062147,nan,nan,356,0.6704331450094162,488,0.9190207156308852,43,0.08097928436911488
dPL-MLP,CN,0.69,15,common_all_structures_pass,8,243,0.03292181069958848,nan,nan,531,0.015065913370998116,nan,nan,243,0.4576271186440678,235,0.9670781893004116,8,0.03292181069958848
dPL-MLP,CN,0.69,20,structure_specific,3,356,0.008426966292134831,nan,nan,531,0.005649717514124294,nan,nan,356,0.6704331450094162,509,0.9585687382297552,22,0.04143126177024482
dPL-MLP,CN,0.69,20,common_all_structures_pass,0,243,0.0,nan,nan,531,0.0,nan,nan,243,0.4576271186440678,243,1.0,0,0.0
dPL-MLP,CN,0.7,10,structure_specific,62,345,0.17971014492753623,0.14104197901049476,0.2233329285078131,531,0.1167608286252354,0.0903954802259887,0.14500941619585686,345,0.6497175141242938,417,0.7853107344632768,114,0.21468926553672316
dPL-MLP,CN,0.7,10,common_all_structures_pass,20,233,0.08583690987124463,0.04823596175672816,0.12366164383561642,531,0.03766478342749529,nan,nan,233,0.4387947269303202,213,0.9141630901287554,20,0.08583690987124463
dPL-MLP,CN,0.7,15,structure_specific,15,345,0.043478260869565216,0.023730186685452626,0.06601695718075028,531,0.02824858757062147,0.015065913370998116,0.04331450094161959,345,0.6497175141242938,488,0.9190207156308852,43,0.08097928436911488
dPL-MLP,CN,0.7,15,common_all_structures_pass,6,233,0.02575107296137339,0.008264462809917356,0.04888888888888889,531,0.011299435028248588,nan,nan,233,0.4387947269303202,227,0.9742489270386266,6,0.02575107296137339
dPL-MLP,CN,0.7,20,structure_specific,3,345,0.008695652173913044,0.0,0.02023121387283237,531,0.005649717514124294,0.0,0.013182674199623353,345,0.6497175141242938,509,0.9585687382297552,22,0.04143126177024482
dPL-MLP,CN,0.7,20,common_all_structures_pass,0,233,0.0,0.0,0.0,531,0.0,nan,nan,233,0.4387947269303202,233,1.0,0,0.0
dPL-MLP,CN,0.71,10,structure_specific,61,335,0.18208955223880596,nan,nan,531,0.11487758945386065,nan,nan,335,0.6308851224105462,417,0.7853107344632768,114,0.21468926553672316
dPL-MLP,CN,0.71,10,common_all_structures_pass,19,220,0.08636363636363636,nan,nan,531,0.035781544256120526,nan,nan,220,0.4143126177024482,201,0.9136363636363637,19,0.08636363636363636
dPL-MLP,CN,0.71,15,structure_specific,15,335,0.04477611940298507,nan,nan,531,0.02824858757062147,nan,nan,335,0.6308851224105462,488,0.9190207156308852,43,0.08097928436911488
dPL-MLP,CN,0.71,15,common_all_structures_pass,5,220,0.022727272727272728,nan,nan,531,0.009416195856873822,nan,nan,220,0.4143126177024482,215,0.9772727272727273,5,0.022727272727272728
dPL-MLP,CN,0.71,20,structure_specific,3,335,0.008955223880597015,nan,nan,531,0.005649717514124294,nan,nan,335,0.6308851224105462,509,0.9585687382297552,22,0.04143126177024482
dPL-MLP,CN,0.71,20,common_all_structures_pass,0,220,0.0,nan,nan,531,0.0,nan,nan,220,0.4143126177024482,220,1.0,0,0.0
dPL-MLP,CN,0.72,10,structure_specific,56,322,0.17391304347826086,nan,nan,531,0.10546139359698682,nan,nan,322,0.6064030131826742,417,0.7853107344632768,114,0.21468926553672316
dPL-MLP,CN,0.72,10,common_all_structures_pass,15,208,0.07211538461538461,nan,nan,531,0.02824858757062147,nan,nan,208,0.391713747645951,193,0.9278846153846154,15,0.07211538461538461
dPL-MLP,CN,0.72,15,structure_specific,12,322,0.037267080745341616,nan,nan,531,0.022598870056497175,nan,nan,322,0.6064030131826742,488,0.9190207156308852,43,0.08097928436911488
dPL-MLP,CN,0.72,15,common_all_structures_pass,5,208,0.02403846153846154,nan,nan,531,0.009416195856873822,nan,nan,208,0.391713747645951,203,0.9759615384615384,5,0.02403846153846154
dPL-MLP,CN,0.72,20,structure_specific,1,322,0.003105590062111801,nan,nan,531,0.0018832391713747645,nan,nan,322,0.6064030131826742,509,0.9585687382297552,22,0.04143126177024482
dPL-MLP,CN,0.72,20,common_all_structures_pass,0,208,0.0,nan,nan,531,0.0,nan,nan,208,0.391713747645951,208,1.0,0,0.0
dPL-MLP,CN,0.73,10,structure_specific,51,307,0.16612377850162866,nan,nan,531,0.096045197740113,nan,nan,307,0.5781544256120528,417,0.7853107344632768,114,0.21468926553672316
dPL-MLP,CN,0.73,10,common_all_structures_pass,14,193,0.07253886010362694,nan,nan,531,0.026365348399246705,nan,nan,193,0.3634651600753296,179,0.927461139896373,14,0.07253886010362694
dPL-MLP,CN,0.73,15,structure_specific,11,307,0.035830618892508145,nan,nan,531,0.02071563088512241,nan,nan,307,0.5781544256120528,488,0.9190207156308852,43,0.08097928436911488
dPL-MLP,CN,0.73,15,common_all_structures_pass,4,193,0.02072538860103627,nan,nan,531,0.007532956685499058,nan,nan,193,0.3634651600753296,189,0.9792746113989638,4,0.02072538860103627
dPL-MLP,CN,0.73,20,structure_specific,1,307,0.003257328990228013,nan,nan,531,0.0018832391713747645,nan,nan,307,0.5781544256120528,509,0.9585687382297552,22,0.04143126177024482
dPL-MLP,CN,0.73,20,common_all_structures_pass,0,193,0.0,nan,nan,531,0.0,nan,nan,193,0.3634651600753296,193,1.0,0,0.0
dPL-MLP,CN,0.74,10,structure_specific,48,291,0.16494845360824742,nan,nan,531,0.0903954802259887,nan,nan,291,0.5480225988700564,417,0.7853107344632768,114,0.21468926553672316
dPL-MLP,CN,0.74,10,common_all_structures_pass,12,180,0.06666666666666667,nan,nan,531,0.022598870056497175,nan,nan,180,0.3389830508474576,168,0.9333333333333333,12,0.06666666666666667
dPL-MLP,CN,0.74,15,structure_specific,10,291,0.03436426116838488,nan,nan,531,0.018832391713747645,nan,nan,291,0.5480225988700564,488,0.9190207156308852,43,0.08097928436911488
dPL-MLP,CN,0.74,15,common_all_structures_pass,3,180,0.016666666666666666,nan,nan,531,0.005649717514124294,nan,nan,180,0.3389830508474576,177,0.9833333333333333,3,0.016666666666666666
dPL-MLP,CN,0.74,20,structure_specific,0,291,0.0,nan,nan,531,0.0,nan,nan,291,0.5480225988700564,509,0.9585687382297552,22,0.04143126177024482
dPL-MLP,CN,0.74,20,common_all_structures_pass,0,180,0.0,nan,nan,531,0.0,nan,nan,180,0.3389830508474576,180,1.0,0,0.0
dPL-MLP,CN,0.75,10,structure_specific,45,282,0.1595744680851064,nan,nan,531,0.0847457627118644,nan,nan,282,0.5310734463276836,417,0.7853107344632768,114,0.21468926553672316
dPL-MLP,CN,0.75,10,common_all_structures_pass,11,165,0.06666666666666667,nan,nan,531,0.02071563088512241,nan,nan,165,0.3107344632768362,154,0.9333333333333333,11,0.06666666666666667
dPL-MLP,CN,0.75,15,structure_specific,9,282,0.031914893617021274,nan,nan,531,0.01694915254237288,nan,nan,282,0.5310734463276836,488,0.9190207156308852,43,0.08097928436911488
dPL-MLP,CN,0.75,15,common_all_structures_pass,2,165,0.012121212121212121,nan,nan,531,0.003766478342749529,nan,nan,165,0.3107344632768362,163,0.9878787878787879,2,0.012121212121212121
dPL-MLP,CN,0.75,20,structure_specific,0,282,0.0,nan,nan,531,0.0,nan,nan,282,0.5310734463276836,509,0.9585687382297552,22,0.04143126177024482
dPL-MLP,CN,0.75,20,common_all_structures_pass,0,165,0.0,nan,nan,531,0.0,nan,nan,165,0.3107344632768362,165,1.0,0,0.0
dPL-MLP,CN,0.76,10,structure_specific,45,271,0.16605166051660517,nan,nan,531,0.0847457627118644,nan,nan,271,0.5103578154425612,417,0.7853107344632768,114,0.21468926553672316
dPL-MLP,CN,0.76,10,common_all_structures_pass,10,153,0.06535947712418301,nan,nan,531,0.018832391713747645,nan,nan,153,0.288135593220339,143,0.934640522875817,10,0.06535947712418301
dPL-MLP,CN,0.76,15,structure_specific,9,271,0.033210332103321034,nan,nan,531,0.01694915254237288,nan,nan,271,0.5103578154425612,488,0.9190207156308852,43,0.08097928436911488
dPL-MLP,CN,0.76,15,common_all_structures_pass,2,153,0.013071895424836602,nan,nan,531,0.003766478342749529,nan,nan,153,0.288135593220339,151,0.9869281045751634,2,0.013071895424836602
dPL-MLP,CN,0.76,20,structure_specific,0,271,0.0,nan,nan,531,0.0,nan,nan,271,0.5103578154425612,509,0.9585687382297552,22,0.04143126177024482
dPL-MLP,CN,0.76,20,common_all_structures_pass,0,153,0.0,nan,nan,531,0.0,nan,nan,153,0.288135593220339,153,1.0,0,0.0
dPL-MLP,CN,0.77,10,structure_specific,35,246,0.14227642276422764,nan,nan,531,0.06591337099811675,nan,nan,246,0.4632768361581921,417,0.7853107344632768,114,0.21468926553672316
dPL-MLP,CN,0.77,10,common_all_structures_pass,6,134,0.04477611940298507,nan,nan,531,0.011299435028248588,nan,nan,134,0.2523540489642185,128,0.9552238805970149,6,0.04477611940298507
dPL-MLP,CN,0.77,15,structure_specific,6,246,0.024390243902439025,nan,nan,531,0.011299435028248588,nan,nan,246,0.4632768361581921,488,0.9190207156308852,43,0.08097928436911488
dPL-MLP,CN,0.77,15,common_all_structures_pass,2,134,0.014925373134328358,nan,nan,531,0.003766478342749529,nan,nan,134,0.2523540489642185,132,0.9850746268656716,2,0.014925373134328358
dPL-MLP,CN,0.77,20,structure_specific,0,246,0.0,nan,nan,531,0.0,nan,nan,246,0.4632768361581921,509,0.9585687382297552,22,0.04143126177024482
dPL-MLP,CN,0.77,20,common_all_structures_pass,0,134,0.0,nan,nan,531,0.0,nan,nan,134,0.2523540489642185,134,1.0,0,0.0
dPL-MLP,CN,0.78,10,structure_specific,31,228,0.13596491228070176,nan,nan,531,0.0583804143126177,nan,nan,228,0.4293785310734463,417,0.7853107344632768,114,0.21468926553672316
dPL-MLP,CN,0.78,10,common_all_structures_pass,5,119,0.04201680672268908,nan,nan,531,0.009416195856873822,nan,nan,119,0.224105461393597,114,0.957983193277311,5,0.04201680672268908
dPL-MLP,CN,0.78,15,structure_specific,5,228,0.021929824561403508,nan,nan,531,0.009416195856873822,nan,nan,228,0.4293785310734463,488,0.9190207156308852,43,0.08097928436911488
dPL-MLP,CN,0.78,15,common_all_structures_pass,2,119,0.01680672268907563,nan,nan,531,0.003766478342749529,nan,nan,119,0.224105461393597,117,0.9831932773109243,2,0.01680672268907563
dPL-MLP,CN,0.78,20,structure_specific,0,228,0.0,nan,nan,531,0.0,nan,nan,228,0.4293785310734463,509,0.9585687382297552,22,0.04143126177024482
dPL-MLP,CN,0.78,20,common_all_structures_pass,0,119,0.0,nan,nan,531,0.0,nan,nan,119,0.224105461393597,119,1.0,0,0.0
dPL-MLP,CN,0.79,10,structure_specific,28,203,0.13793103448275862,nan,nan,531,0.05273069679849341,nan,nan,203,0.3822975517890772,417,0.7853107344632768,114,0.21468926553672316
dPL-MLP,CN,0.79,10,common_all_structures_pass,5,103,0.04854368932038835,nan,nan,531,0.009416195856873822,nan,nan,103,0.19397363465160075,98,0.9514563106796117,5,0.04854368932038835
dPL-MLP,CN,0.79,15,structure_specific,3,203,0.014778325123152709,nan,nan,531,0.005649717514124294,nan,nan,203,0.3822975517890772,488,0.9190207156308852,43,0.08097928436911488
dPL-MLP,CN,0.79,15,common_all_structures_pass,2,103,0.019417475728155338,nan,nan,531,0.003766478342749529,nan,nan,103,0.19397363465160075,101,0.9805825242718447,2,0.019417475728155338
dPL-MLP,CN,0.79,20,structure_specific,0,203,0.0,nan,nan,531,0.0,nan,nan,203,0.3822975517890772,509,0.9585687382297552,22,0.04143126177024482
dPL-MLP,CN,0.79,20,common_all_structures_pass,0,103,0.0,nan,nan,531,0.0,nan,nan,103,0.19397363465160075,103,1.0,0,0.0
dPL-MLP,CN,0.8,10,structure_specific,24,177,0.13559322033898305,0.08624237140366173,0.1854180527833222,531,0.04519774011299435,0.02824858757062147,0.062146892655367235,177,0.3333333333333333,417,0.7853107344632768,114,0.21468926553672316
dPL-MLP,CN,0.8,10,common_all_structures_pass,3,91,0.03296703296703297,0.0,0.06818181818181818,531,0.005649717514124294,nan,nan,91,0.1713747645951036,88,0.967032967032967,3,0.03296703296703297
dPL-MLP,CN,0.8,15,structure_specific,3,177,0.01694915254237288,0.0,0.03858606557377048,531,0.005649717514124294,0.0,0.013182674199623353,177,0.3333333333333333,488,0.9190207156308852,43,0.08097928436911488
dPL-MLP,CN,0.8,15,common_all_structures_pass,2,91,0.02197802197802198,0.0,0.056514938712972404,531,0.003766478342749529,nan,nan,91,0.1713747645951036,89,0.978021978021978,2,0.02197802197802198
dPL-MLP,CN,0.8,20,structure_specific,0,177,0.0,0.0,0.0,531,0.0,0.0,0.0,177,0.3333333333333333,509,0.9585687382297552,22,0.04143126177024482
dPL-MLP,CN,0.8,20,common_all_structures_pass,0,91,0.0,0.0,0.0,531,0.0,nan,nan,91,0.1713747645951036,91,1.0,0,0.0
