curve,structure,regime,condition,delta_r,ecdf_y,n
active_melt_TGD_IC,TGD,IC_fused,Active melt,-0.5757609342816186,0.002325581395348837,430
active_melt_TGD_IC,TGD,IC_fused,Active melt,-0.3366230893543765,0.004651162790697674,430
active_melt_TGD_IC,TGD,IC_fused,Active melt,-0.313083169435856,0.0069767441860465115,430
active_melt_TGD_IC,TGD,IC_fused,Active melt,-0.2872016658470597,0.009302325581395349,430
active_melt_TGD_IC,TGD,IC_fused,Active melt,-0.2728367654206044,0.011627906976744186,430
active_melt_TGD_IC,TGD,IC_fused,Active melt,-0.254537937152814,0.013953488372093023,430
active_melt_TGD_IC,TGD,IC_fused,Active melt,-0.2457070084653596,0.01627906976744186,430
active_melt_TGD_IC,TGD,IC_fused,Active melt,-0.244923079533151,0.018604651162790697,430
active_melt_TGD_IC,TGD,IC_fused,Active melt,-0.2380878862161762,0.020930232558139535,430
active_melt_TGD_IC,TGD,IC_fused,Active melt,-0.2322474662797547,0.023255813953488372,430
active_melt_TGD_IC,TGD,IC_fused,Active melt,-0.221554883457837,0.02558139534883721,430
active_melt_TGD_IC,TGD,IC_fused,Active melt,-0.2208882963553747,0.027906976744186046,430
active_melt_TGD_IC,TGD,IC_fused,Active melt,-0.2200189608710758,0.030232558139534883,430
active_melt_TGD_IC,TGD,IC_fused,Active melt,-0.2198964197830579,0.03255813953488372,430
active_melt_TGD_IC,TGD,IC_fused,Active melt,-0.2174020057036979,0.03488372093023256,430
active_melt_TGD_IC,TGD,IC_fused,Active melt,-0.2149997479351149,0.037209302325581395,430
active_melt_TGD_IC,TGD,IC_fused,Active melt,-0.2107432756863745,0.03953488372093023,430
active_melt_TGD_IC,TGD,IC_fused,Active melt,-0.2087590129850904,0.04186046511627907,430
active_melt_TGD_IC,TGD,IC_fused,Active melt,-0.2011103561241428,0.044186046511627906,430
active_melt_TGD_IC,TGD,IC_fused,Active melt,-0.1956997084422211,0.046511627906976744,430
active_melt_TGD_IC,TGD,IC_fused,Active melt,-0.1932812991263606,0.04883720930232558,430
active_melt_TGD_IC,TGD,IC_fused,Active melt,-0.1924341071923258,0.05116279069767442,430
active_melt_TGD_IC,TGD,IC_fused,Active melt,-0.1889077977774638,0.053488372093023255,430
active_melt_TGD_IC,TGD,IC_fused,Active melt,-0.1874769425239389,0.05581395348837209,430
active_melt_TGD_IC,TGD,IC_fused,Active melt,-0.1851632729261864,0.05813953488372093,430
active_melt_TGD_IC,TGD,IC_fused,Active melt,-0.1815613555045581,0.06046511627906977,430
active_melt_TGD_IC,TGD,IC_fused,Active melt,-0.1802719653984253,0.06279069767441861,430
active_melt_TGD_IC,TGD,IC_fused,Active melt,-0.1793921186869732,0.06511627906976744,430
active_melt_TGD_IC,TGD,IC_fused,Active melt,-0.1786553079374333,0.06744186046511629,430
active_melt_TGD_IC,TGD,IC_fused,Active melt,-0.1741871982835338,0.06976744186046512,430
active_melt_TGD_IC,TGD,IC_fused,Active melt,-0.1735730653884255,0.07209302325581396,430
active_melt_TGD_IC,TGD,IC_fused,Active melt,-0.1720072578312001,0.07441860465116279,430
active_melt_TGD_IC,TGD,IC_fused,Active melt,-0.1716509822678852,0.07674418604651163,430
active_melt_TGD_IC,TGD,IC_fused,Active melt,-0.1713823915903295,0.07906976744186046,430
active_melt_TGD_IC,TGD,IC_fused,Active melt,-0.1692755291403241,0.08139534883720931,430
active_melt_TGD_IC,TGD,IC_fused,Active melt,-0.1667589520442511,0.08372093023255814,430
active_melt_TGD_IC,TGD,IC_fused,Active melt,-0.1635190200054013,0.08604651162790698,430
active_melt_TGD_IC,TGD,IC_fused,Active melt,-0.163016365245847,0.08837209302325581,430
active_melt_TGD_IC,TGD,IC_fused,Active melt,-0.1619280941693838,0.09069767441860466,430
active_melt_TGD_IC,TGD,IC_fused,Active melt,-0.1608285257055266,0.09302325581395349,430
active_melt_TGD_IC,TGD,IC_fused,Active melt,-0.1595301280215867,0.09534883720930233,430
active_melt_TGD_IC,TGD,IC_fused,Active melt,-0.1582532065808677,0.09767441860465116,430
active_melt_TGD_IC,TGD,IC_fused,Active melt,-0.1565494485213678,0.1,430
active_melt_TGD_IC,TGD,IC_fused,Active melt,-0.1564695137612893,0.10232558139534884,430
active_melt_TGD_IC,TGD,IC_fused,Active melt,-0.1537754214714838,0.10465116279069768,430
active_melt_TGD_IC,TGD,IC_fused,Active melt,-0.1513679542007819,0.10697674418604651,430
active_melt_TGD_IC,TGD,IC_fused,Active melt,-0.1481841366456693,0.10930232558139535,430
active_melt_TGD_IC,TGD,IC_fused,Active melt,-0.1468759581888946,0.11162790697674418,430
active_melt_TGD_IC,TGD,IC_fused,Active melt,-0.1452732806967916,0.11395348837209303,430
active_melt_TGD_IC,TGD,IC_fused,Active melt,-0.1424791045546991,0.11627906976744186,430
active_melt_TGD_IC,TGD,IC_fused,Active melt,-0.1421750221527273,0.1186046511627907,430
active_melt_TGD_IC,TGD,IC_fused,Active melt,-0.1418560288913541,0.12093023255813953,430
active_melt_TGD_IC,TGD,IC_fused,Active melt,-0.1408162527558054,0.12325581395348838,430
active_melt_TGD_IC,TGD,IC_fused,Active melt,-0.1397578397107395,0.12558139534883722,430
active_melt_TGD_IC,TGD,IC_fused,Active melt,-0.1388810220723519,0.12790697674418605,430
active_melt_TGD_IC,TGD,IC_fused,Active melt,-0.1387511651209261,0.13023255813953488,430
active_melt_TGD_IC,TGD,IC_fused,Active melt,-0.1381812160775817,0.1325581395348837,430
active_melt_TGD_IC,TGD,IC_fused,Active melt,-0.1356820227574404,0.13488372093023257,430
active_melt_TGD_IC,TGD,IC_fused,Active melt,-0.1353368465904572,0.1372093023255814,430
active_melt_TGD_IC,TGD,IC_fused,Active melt,-0.1339819333424547,0.13953488372093023,430
active_melt_TGD_IC,TGD,IC_fused,Active melt,-0.1337218201744963,0.14186046511627906,430
active_melt_TGD_IC,TGD,IC_fused,Active melt,-0.1312619728126798,0.14418604651162792,430
active_melt_TGD_IC,TGD,IC_fused,Active melt,-0.1293016204234879,0.14651162790697675,430
active_melt_TGD_IC,TGD,IC_fused,Active melt,-0.1277048729805974,0.14883720930232558,430
active_melt_TGD_IC,TGD,IC_fused,Active melt,-0.127636437867808,0.1511627906976744,430
active_melt_TGD_IC,TGD,IC_fused,Active melt,-0.1270399533088091,0.15348837209302327,430
active_melt_TGD_IC,TGD,IC_fused,Active melt,-0.1262705420449689,0.1558139534883721,430
active_melt_TGD_IC,TGD,IC_fused,Active melt,-0.1194245203910444,0.15813953488372093,430
active_melt_TGD_IC,TGD,IC_fused,Active melt,-0.1182787551214298,0.16046511627906976,430
active_melt_TGD_IC,TGD,IC_fused,Active melt,-0.1174346538200071,0.16279069767441862,430
active_melt_TGD_IC,TGD,IC_fused,Active melt,-0.1174206879445411,0.16511627906976745,430
active_melt_TGD_IC,TGD,IC_fused,Active melt,-0.1173650824025304,0.16744186046511628,430
active_melt_TGD_IC,TGD,IC_fused,Active melt,-0.1164372912899036,0.1697674418604651,430
active_melt_TGD_IC,TGD,IC_fused,Active melt,-0.1160805423693405,0.17209302325581396,430
active_melt_TGD_IC,TGD,IC_fused,Active melt,-0.1155044041230928,0.1744186046511628,430
active_melt_TGD_IC,TGD,IC_fused,Active melt,-0.1140106110284572,0.17674418604651163,430
active_melt_TGD_IC,TGD,IC_fused,Active melt,-0.1131215806819961,0.17906976744186046,430
active_melt_TGD_IC,TGD,IC_fused,Active melt,-0.1127556915790045,0.1813953488372093,430
active_melt_TGD_IC,TGD,IC_fused,Active melt,-0.1121004293790373,0.18372093023255814,430
active_melt_TGD_IC,TGD,IC_fused,Active melt,-0.1119801690463643,0.18604651162790697,430
active_melt_TGD_IC,TGD,IC_fused,Active melt,-0.1112170921057353,0.1883720930232558,430
active_melt_TGD_IC,TGD,IC_fused,Active melt,-0.1102496847690716,0.19069767441860466,430
active_melt_TGD_IC,TGD,IC_fused,Active melt,-0.1092417082545632,0.1930232558139535,430
active_melt_TGD_IC,TGD,IC_fused,Active melt,-0.1088008421963135,0.19534883720930232,430
active_melt_TGD_IC,TGD,IC_fused,Active melt,-0.1076421073719244,0.19767441860465115,430
active_melt_TGD_IC,TGD,IC_fused,Active melt,-0.1074607014020113,0.2,430
active_melt_TGD_IC,TGD,IC_fused,Active melt,-0.1071333089211371,0.20232558139534884,430
active_melt_TGD_IC,TGD,IC_fused,Active melt,-0.1029956470458031,0.20465116279069767,430
active_melt_TGD_IC,TGD,IC_fused,Active melt,-0.1028813483783094,0.2069767441860465,430
active_melt_TGD_IC,TGD,IC_fused,Active melt,-0.1027780962390378,0.20930232558139536,430
active_melt_TGD_IC,TGD,IC_fused,Active melt,-0.1023299243369726,0.2116279069767442,430
active_melt_TGD_IC,TGD,IC_fused,Active melt,-0.099128441765983,0.21395348837209302,430
active_melt_TGD_IC,TGD,IC_fused,Active melt,-0.0970098653385183,0.21627906976744185,430
active_melt_TGD_IC,TGD,IC_fused,Active melt,-0.0960450756111042,0.2186046511627907,430
active_melt_TGD_IC,TGD,IC_fused,Active melt,-0.0947581258515909,0.22093023255813954,430
active_melt_TGD_IC,TGD,IC_fused,Active melt,-0.091903321835922,0.22325581395348837,430
active_melt_TGD_IC,TGD,IC_fused,Active melt,-0.0901712832271323,0.2255813953488372,430
active_melt_TGD_IC,TGD,IC_fused,Active melt,-0.0893116616724436,0.22790697674418606,430
active_melt_TGD_IC,TGD,IC_fused,Active melt,-0.0865925244014649,0.2302325581395349,430
active_melt_TGD_IC,TGD,IC_fused,Active melt,-0.0861066603544048,0.23255813953488372,430
active_melt_TGD_IC,TGD,IC_fused,Active melt,-0.0857558075544384,0.23488372093023255,430
active_melt_TGD_IC,TGD,IC_fused,Active melt,-0.0845142535430861,0.2372093023255814,430
active_melt_TGD_IC,TGD,IC_fused,Active melt,-0.083717321394143,0.23953488372093024,430
active_melt_TGD_IC,TGD,IC_fused,Active melt,-0.0821196533681158,0.24186046511627907,430
active_melt_TGD_IC,TGD,IC_fused,Active melt,-0.0816313845763504,0.2441860465116279,430
active_melt_TGD_IC,TGD,IC_fused,Active melt,-0.0814502168752535,0.24651162790697675,430
active_melt_TGD_IC,TGD,IC_fused,Active melt,-0.0806139870577991,0.24883720930232558,430
active_melt_TGD_IC,TGD,IC_fused,Active melt,-0.079776413253349,0.25116279069767444,430
active_melt_TGD_IC,TGD,IC_fused,Active melt,-0.0797504364939767,0.2534883720930233,430
active_melt_TGD_IC,TGD,IC_fused,Active melt,-0.0784303869304882,0.2558139534883721,430
active_melt_TGD_IC,TGD,IC_fused,Active melt,-0.0778765586012409,0.25813953488372093,430
active_melt_TGD_IC,TGD,IC_fused,Active melt,-0.0773775507407137,0.26046511627906976,430
active_melt_TGD_IC,TGD,IC_fused,Active melt,-0.0764503981012548,0.2627906976744186,430
active_melt_TGD_IC,TGD,IC_fused,Active melt,-0.0752439676334105,0.2651162790697674,430
active_melt_TGD_IC,TGD,IC_fused,Active melt,-0.0741461573905524,0.26744186046511625,430
active_melt_TGD_IC,TGD,IC_fused,Active melt,-0.0733591314543821,0.26976744186046514,430
active_melt_TGD_IC,TGD,IC_fused,Active melt,-0.071817647397081,0.27209302325581397,430
active_melt_TGD_IC,TGD,IC_fused,Active melt,-0.0711104180613232,0.2744186046511628,430
active_melt_TGD_IC,TGD,IC_fused,Active melt,-0.0708517898776065,0.27674418604651163,430
active_melt_TGD_IC,TGD,IC_fused,Active melt,-0.0697932960038219,0.27906976744186046,430
active_melt_TGD_IC,TGD,IC_fused,Active melt,-0.069515999337134,0.2813953488372093,430
active_melt_TGD_IC,TGD,IC_fused,Active melt,-0.0692683098109265,0.2837209302325581,430
active_melt_TGD_IC,TGD,IC_fused,Active melt,-0.0687629989093428,0.28604651162790695,430
active_melt_TGD_IC,TGD,IC_fused,Active melt,-0.0680297349617862,0.28837209302325584,430
active_melt_TGD_IC,TGD,IC_fused,Active melt,-0.0677340706126807,0.29069767441860467,430
active_melt_TGD_IC,TGD,IC_fused,Active melt,-0.0665263321933034,0.2930232558139535,430
active_melt_TGD_IC,TGD,IC_fused,Active melt,-0.0664476928643844,0.29534883720930233,430
active_melt_TGD_IC,TGD,IC_fused,Active melt,-0.065052359127055,0.29767441860465116,430
active_melt_TGD_IC,TGD,IC_fused,Active melt,-0.0624980223463334,0.3,430
active_melt_TGD_IC,TGD,IC_fused,Active melt,-0.0601067219399338,0.3023255813953488,430
active_melt_TGD_IC,TGD,IC_fused,Active melt,-0.0601035430815471,0.30465116279069765,430
active_melt_TGD_IC,TGD,IC_fused,Active melt,-0.0599294472787687,0.30697674418604654,430
active_melt_TGD_IC,TGD,IC_fused,Active melt,-0.058714815137732,0.30930232558139537,430
active_melt_TGD_IC,TGD,IC_fused,Active melt,-0.0570055091022281,0.3116279069767442,430
active_melt_TGD_IC,TGD,IC_fused,Active melt,-0.0560289900738625,0.313953488372093,430
active_melt_TGD_IC,TGD,IC_fused,Active melt,-0.0554239963064938,0.31627906976744186,430
active_melt_TGD_IC,TGD,IC_fused,Active melt,-0.055420434313337,0.3186046511627907,430
active_melt_TGD_IC,TGD,IC_fused,Active melt,-0.0553112268123442,0.3209302325581395,430
active_melt_TGD_IC,TGD,IC_fused,Active melt,-0.0547597344896446,0.32325581395348835,430
active_melt_TGD_IC,TGD,IC_fused,Active melt,-0.0533819680243489,0.32558139534883723,430
active_melt_TGD_IC,TGD,IC_fused,Active melt,-0.0532028709116305,0.32790697674418606,430
active_melt_TGD_IC,TGD,IC_fused,Active melt,-0.0526347368950037,0.3302325581395349,430
active_melt_TGD_IC,TGD,IC_fused,Active melt,-0.0516286077293705,0.3325581395348837,430
active_melt_TGD_IC,TGD,IC_fused,Active melt,-0.0509724639218273,0.33488372093023255,430
active_melt_TGD_IC,TGD,IC_fused,Active melt,-0.0502837845289216,0.3372093023255814,430
active_melt_TGD_IC,TGD,IC_fused,Active melt,-0.0496564527091934,0.3395348837209302,430
active_melt_TGD_IC,TGD,IC_fused,Active melt,-0.0491807005485327,0.34186046511627904,430
active_melt_TGD_IC,TGD,IC_fused,Active melt,-0.0490402202710248,0.34418604651162793,430
active_melt_TGD_IC,TGD,IC_fused,Active melt,-0.0487036327449328,0.34651162790697676,430
active_melt_TGD_IC,TGD,IC_fused,Active melt,-0.0481409967228257,0.3488372093023256,430
active_melt_TGD_IC,TGD,IC_fused,Active melt,-0.0477003724469906,0.3511627906976744,430
active_melt_TGD_IC,TGD,IC_fused,Active melt,-0.0476632835752611,0.35348837209302325,430
active_melt_TGD_IC,TGD,IC_fused,Active melt,-0.0463963777291512,0.3558139534883721,430
active_melt_TGD_IC,TGD,IC_fused,Active melt,-0.0453009192885737,0.3581395348837209,430
active_melt_TGD_IC,TGD,IC_fused,Active melt,-0.0447530357977965,0.36046511627906974,430
active_melt_TGD_IC,TGD,IC_fused,Active melt,-0.0446880057316469,0.3627906976744186,430
active_melt_TGD_IC,TGD,IC_fused,Active melt,-0.0445790308264635,0.36511627906976746,430
active_melt_TGD_IC,TGD,IC_fused,Active melt,-0.0440397113990996,0.3674418604651163,430
active_melt_TGD_IC,TGD,IC_fused,Active melt,-0.0425784038343632,0.3697674418604651,430
active_melt_TGD_IC,TGD,IC_fused,Active melt,-0.0421853460697934,0.37209302325581395,430
active_melt_TGD_IC,TGD,IC_fused,Active melt,-0.0412006715412542,0.3744186046511628,430
active_melt_TGD_IC,TGD,IC_fused,Active melt,-0.0409834575224983,0.3767441860465116,430
active_melt_TGD_IC,TGD,IC_fused,Active melt,-0.0407995538695442,0.37906976744186044,430
active_melt_TGD_IC,TGD,IC_fused,Active melt,-0.0397750808660806,0.3813953488372093,430
active_melt_TGD_IC,TGD,IC_fused,Active melt,-0.0397336324283146,0.38372093023255816,430
active_melt_TGD_IC,TGD,IC_fused,Active melt,-0.0390953531984743,0.386046511627907,430
active_melt_TGD_IC,TGD,IC_fused,Active melt,-0.0387815127790366,0.3883720930232558,430
active_melt_TGD_IC,TGD,IC_fused,Active melt,-0.0385017624180491,0.39069767441860465,430
active_melt_TGD_IC,TGD,IC_fused,Active melt,-0.036247217828541,0.3930232558139535,430
active_melt_TGD_IC,TGD,IC_fused,Active melt,-0.0362271049768718,0.3953488372093023,430
active_melt_TGD_IC,TGD,IC_fused,Active melt,-0.0349728667741377,0.39767441860465114,430
active_melt_TGD_IC,TGD,IC_fused,Active melt,-0.0346545750705527,0.4,430
active_melt_TGD_IC,TGD,IC_fused,Active melt,-0.0338837348398299,0.40232558139534885,430
active_melt_TGD_IC,TGD,IC_fused,Active melt,-0.0329591409563195,0.4046511627906977,430
active_melt_TGD_IC,TGD,IC_fused,Active melt,-0.031579456803774,0.4069767441860465,430
active_melt_TGD_IC,TGD,IC_fused,Active melt,-0.0310686554754163,0.40930232558139534,430
active_melt_TGD_IC,TGD,IC_fused,Active melt,-0.0306283971419223,0.4116279069767442,430
active_melt_TGD_IC,TGD,IC_fused,Active melt,-0.029415272742845,0.413953488372093,430
active_melt_TGD_IC,TGD,IC_fused,Active melt,-0.0292204085161528,0.41627906976744183,430
active_melt_TGD_IC,TGD,IC_fused,Active melt,-0.0284694601365144,0.4186046511627907,430
active_melt_TGD_IC,TGD,IC_fused,Active melt,-0.0282824820132089,0.42093023255813955,430
active_melt_TGD_IC,TGD,IC_fused,Active melt,-0.0278086089590268,0.4232558139534884,430
active_melt_TGD_IC,TGD,IC_fused,Active melt,-0.0276134162449285,0.4255813953488372,430
active_melt_TGD_IC,TGD,IC_fused,Active melt,-0.0269919412042795,0.42790697674418604,430
active_melt_TGD_IC,TGD,IC_fused,Active melt,-0.0268941331445351,0.43023255813953487,430
active_melt_TGD_IC,TGD,IC_fused,Active melt,-0.0250311508931887,0.4325581395348837,430
active_melt_TGD_IC,TGD,IC_fused,Active melt,-0.0247635341564402,0.43488372093023253,430
active_melt_TGD_IC,TGD,IC_fused,Active melt,-0.0228559710560553,0.4372093023255814,430
active_melt_TGD_IC,TGD,IC_fused,Active melt,-0.0227232079134975,0.43953488372093025,430
active_melt_TGD_IC,TGD,IC_fused,Active melt,-0.0221747452044132,0.4418604651162791,430
active_melt_TGD_IC,TGD,IC_fused,Active melt,-0.0220318317813866,0.4441860465116279,430
active_melt_TGD_IC,TGD,IC_fused,Active melt,-0.0215141120514549,0.44651162790697674,430
active_melt_TGD_IC,TGD,IC_fused,Active melt,-0.0210717485210851,0.44883720930232557,430
active_melt_TGD_IC,TGD,IC_fused,Active melt,-0.0206430605709768,0.4511627906976744,430
active_melt_TGD_IC,TGD,IC_fused,Active melt,-0.0198591929428252,0.45348837209302323,430
active_melt_TGD_IC,TGD,IC_fused,Active melt,-0.0197840662489556,0.4558139534883721,430
active_melt_TGD_IC,TGD,IC_fused,Active melt,-0.0170335197953294,0.45813953488372094,430
active_melt_TGD_IC,TGD,IC_fused,Active melt,-0.0167890372561334,0.4604651162790698,430
active_melt_TGD_IC,TGD,IC_fused,Active melt,-0.0157717211849919,0.4627906976744186,430
active_melt_TGD_IC,TGD,IC_fused,Active melt,-0.0140488359507016,0.46511627906976744,430
active_melt_TGD_IC,TGD,IC_fused,Active melt,-0.0130219548522663,0.46744186046511627,430
active_melt_TGD_IC,TGD,IC_fused,Active melt,-0.0126655180015056,0.4697674418604651,430
active_melt_TGD_IC,TGD,IC_fused,Active melt,-0.0120672512108303,0.4720930232558139,430
active_melt_TGD_IC,TGD,IC_fused,Active melt,-0.011085005297964,0.4744186046511628,430
active_melt_TGD_IC,TGD,IC_fused,Active melt,-0.010638840135227,0.47674418604651164,430
active_melt_TGD_IC,TGD,IC_fused,Active melt,-0.0096396803047195,0.4790697674418605,430
active_melt_TGD_IC,TGD,IC_fused,Active melt,-0.0092439620656627,0.4813953488372093,430
active_melt_TGD_IC,TGD,IC_fused,Active melt,-0.0089977155038888,0.48372093023255813,430
active_melt_TGD_IC,TGD,IC_fused,Active melt,-0.008838947314558,0.48604651162790696,430
active_melt_TGD_IC,TGD,IC_fused,Active melt,-0.0087969753026951,0.4883720930232558,430
active_melt_TGD_IC,TGD,IC_fused,Active melt,-0.008789420877963,0.4906976744186046,430
active_melt_TGD_IC,TGD,IC_fused,Active melt,-0.0081674825288593,0.4930232558139535,430
active_melt_TGD_IC,TGD,IC_fused,Active melt,-0.0073860963523047,0.49534883720930234,430
active_melt_TGD_IC,TGD,IC_fused,Active melt,-0.0068086820495707,0.49767441860465117,430
active_melt_TGD_IC,TGD,IC_fused,Active melt,-0.0067073529402486,0.5,430
active_melt_TGD_IC,TGD,IC_fused,Active melt,-0.0063839546925938,0.5023255813953489,430
active_melt_TGD_IC,TGD,IC_fused,Active melt,-0.005072302405728,0.5046511627906977,430
active_melt_TGD_IC,TGD,IC_fused,Active melt,-0.0037545771469609,0.5069767441860465,430
active_melt_TGD_IC,TGD,IC_fused,Active melt,-0.0035399087029451,0.5093023255813953,430
active_melt_TGD_IC,TGD,IC_fused,Active melt,-0.0031268900338989,0.5116279069767442,430
active_melt_TGD_IC,TGD,IC_fused,Active melt,-0.0011850247403202,0.513953488372093,430
active_melt_TGD_IC,TGD,IC_fused,Active melt,-0.0011360292274642,0.5162790697674419,430
active_melt_TGD_IC,TGD,IC_fused,Active melt,-0.0009210258338536,0.5186046511627908,430
active_melt_TGD_IC,TGD,IC_fused,Active melt,-0.0005189091507715,0.5209302325581395,430
active_melt_TGD_IC,TGD,IC_fused,Active melt,0.0006795461505656,0.5232558139534884,430
active_melt_TGD_IC,TGD,IC_fused,Active melt,0.0008289358257458,0.5255813953488372,430
active_melt_TGD_IC,TGD,IC_fused,Active melt,0.0013069439768787,0.5279069767441861,430
active_melt_TGD_IC,TGD,IC_fused,Active melt,0.0016550183038017,0.5302325581395348,430
active_melt_TGD_IC,TGD,IC_fused,Active melt,0.0038371863192449,0.5325581395348837,430
active_melt_TGD_IC,TGD,IC_fused,Active melt,0.0038424811625935,0.5348837209302325,430
active_melt_TGD_IC,TGD,IC_fused,Active melt,0.0042586797019439,0.5372093023255814,430
active_melt_TGD_IC,TGD,IC_fused,Active melt,0.0052010217456065,0.5395348837209303,430
active_melt_TGD_IC,TGD,IC_fused,Active melt,0.0060103060664954,0.541860465116279,430
active_melt_TGD_IC,TGD,IC_fused,Active melt,0.00712892003515,0.5441860465116279,430
active_melt_TGD_IC,TGD,IC_fused,Active melt,0.0076775602269187,0.5465116279069767,430
active_melt_TGD_IC,TGD,IC_fused,Active melt,0.008025675909394,0.5488372093023256,430
active_melt_TGD_IC,TGD,IC_fused,Active melt,0.0106076252233565,0.5511627906976744,430
active_melt_TGD_IC,TGD,IC_fused,Active melt,0.0120473217208437,0.5534883720930233,430
active_melt_TGD_IC,TGD,IC_fused,Active melt,0.0122196289934726,0.5558139534883721,430
active_melt_TGD_IC,TGD,IC_fused,Active melt,0.0123964761701153,0.5581395348837209,430
active_melt_TGD_IC,TGD,IC_fused,Active melt,0.0127087962746009,0.5604651162790698,430
active_melt_TGD_IC,TGD,IC_fused,Active melt,0.0134739016374536,0.5627906976744186,430
active_melt_TGD_IC,TGD,IC_fused,Active melt,0.0139076141570977,0.5651162790697675,430
active_melt_TGD_IC,TGD,IC_fused,Active melt,0.0146556332637319,0.5674418604651162,430
active_melt_TGD_IC,TGD,IC_fused,Active melt,0.015066334418804,0.5697674418604651,430
active_melt_TGD_IC,TGD,IC_fused,Active melt,0.0163948968015006,0.5720930232558139,430
active_melt_TGD_IC,TGD,IC_fused,Active melt,0.0175887489233728,0.5744186046511628,430
active_melt_TGD_IC,TGD,IC_fused,Active melt,0.0176188433519278,0.5767441860465117,430
active_melt_TGD_IC,TGD,IC_fused,Active melt,0.0177588024060896,0.5790697674418605,430
active_melt_TGD_IC,TGD,IC_fused,Active melt,0.0180716998837551,0.5813953488372093,430
active_melt_TGD_IC,TGD,IC_fused,Active melt,0.0191822540485344,0.5837209302325581,430
active_melt_TGD_IC,TGD,IC_fused,Active melt,0.0201752821853676,0.586046511627907,430
active_melt_TGD_IC,TGD,IC_fused,Active melt,0.0208854245494327,0.5883720930232558,430
active_melt_TGD_IC,TGD,IC_fused,Active melt,0.0216715202928027,0.5906976744186047,430
active_melt_TGD_IC,TGD,IC_fused,Active melt,0.022704641204477,0.5930232558139535,430
active_melt_TGD_IC,TGD,IC_fused,Active melt,0.0247980726608059,0.5953488372093023,430
active_melt_TGD_IC,TGD,IC_fused,Active melt,0.0255774515405851,0.5976744186046512,430
active_melt_TGD_IC,TGD,IC_fused,Active melt,0.0258366949056094,0.6,430
active_melt_TGD_IC,TGD,IC_fused,Active melt,0.0263929440037469,0.6023255813953489,430
active_melt_TGD_IC,TGD,IC_fused,Active melt,0.0267023219790175,0.6046511627906976,430
active_melt_TGD_IC,TGD,IC_fused,Active melt,0.0272820658347178,0.6069767441860465,430
active_melt_TGD_IC,TGD,IC_fused,Active melt,0.0273021891985294,0.6093023255813953,430
active_melt_TGD_IC,TGD,IC_fused,Active melt,0.0273587120840114,0.6116279069767442,430
active_melt_TGD_IC,TGD,IC_fused,Active melt,0.0275965028064526,0.6139534883720931,430
active_melt_TGD_IC,TGD,IC_fused,Active melt,0.0279049550649146,0.6162790697674418,430
active_melt_TGD_IC,TGD,IC_fused,Active melt,0.0306014325903632,0.6186046511627907,430
active_melt_TGD_IC,TGD,IC_fused,Active melt,0.030949957191679,0.6209302325581395,430
active_melt_TGD_IC,TGD,IC_fused,Active melt,0.0310956196618591,0.6232558139534884,430
active_melt_TGD_IC,TGD,IC_fused,Active melt,0.0311963119129442,0.6255813953488372,430
active_melt_TGD_IC,TGD,IC_fused,Active melt,0.0325179040323924,0.627906976744186,430
active_melt_TGD_IC,TGD,IC_fused,Active melt,0.0331566690360628,0.6302325581395349,430
active_melt_TGD_IC,TGD,IC_fused,Active melt,0.0337428906163254,0.6325581395348837,430
active_melt_TGD_IC,TGD,IC_fused,Active melt,0.034368069531892,0.6348837209302326,430
active_melt_TGD_IC,TGD,IC_fused,Active melt,0.036413254593223,0.6372093023255814,430
active_melt_TGD_IC,TGD,IC_fused,Active melt,0.0377745390306006,0.6395348837209303,430
active_melt_TGD_IC,TGD,IC_fused,Active melt,0.0379145675555267,0.641860465116279,430
active_melt_TGD_IC,TGD,IC_fused,Active melt,0.0381172161981068,0.6441860465116279,430
active_melt_TGD_IC,TGD,IC_fused,Active melt,0.0386470066174358,0.6465116279069767,430
active_melt_TGD_IC,TGD,IC_fused,Active melt,0.0388465954221667,0.6488372093023256,430
active_melt_TGD_IC,TGD,IC_fused,Active melt,0.0406112170059199,0.6511627906976745,430
active_melt_TGD_IC,TGD,IC_fused,Active melt,0.041304971647204,0.6534883720930232,430
active_melt_TGD_IC,TGD,IC_fused,Active melt,0.0416051660799348,0.6558139534883721,430
active_melt_TGD_IC,TGD,IC_fused,Active melt,0.0427915570455246,0.6581395348837209,430
active_melt_TGD_IC,TGD,IC_fused,Active melt,0.0439327890968341,0.6604651162790698,430
active_melt_TGD_IC,TGD,IC_fused,Active melt,0.0441409678279993,0.6627906976744186,430
active_melt_TGD_IC,TGD,IC_fused,Active melt,0.0455580598579874,0.6651162790697674,430
active_melt_TGD_IC,TGD,IC_fused,Active melt,0.0474828249913424,0.6674418604651163,430
active_melt_TGD_IC,TGD,IC_fused,Active melt,0.0505936112892637,0.6697674418604651,430
active_melt_TGD_IC,TGD,IC_fused,Active melt,0.0507340765283951,0.672093023255814,430
active_melt_TGD_IC,TGD,IC_fused,Active melt,0.0521808213314852,0.6744186046511628,430
active_melt_TGD_IC,TGD,IC_fused,Active melt,0.0523708814999251,0.6767441860465117,430
active_melt_TGD_IC,TGD,IC_fused,Active melt,0.0544371865666548,0.6790697674418604,430
active_melt_TGD_IC,TGD,IC_fused,Active melt,0.0549609512140513,0.6813953488372093,430
active_melt_TGD_IC,TGD,IC_fused,Active melt,0.0564229074639377,0.6837209302325581,430
active_melt_TGD_IC,TGD,IC_fused,Active melt,0.0574833943079143,0.686046511627907,430
active_melt_TGD_IC,TGD,IC_fused,Active melt,0.0589876568973146,0.6883720930232559,430
active_melt_TGD_IC,TGD,IC_fused,Active melt,0.0590579846243623,0.6906976744186046,430
active_melt_TGD_IC,TGD,IC_fused,Active melt,0.0600122214310845,0.6930232558139535,430
active_melt_TGD_IC,TGD,IC_fused,Active melt,0.0609649924137324,0.6953488372093023,430
active_melt_TGD_IC,TGD,IC_fused,Active melt,0.0620438125067021,0.6976744186046512,430
active_melt_TGD_IC,TGD,IC_fused,Active melt,0.0620708615032316,0.7,430
active_melt_TGD_IC,TGD,IC_fused,Active melt,0.0621345209221192,0.7023255813953488,430
active_melt_TGD_IC,TGD,IC_fused,Active melt,0.0625791390122506,0.7046511627906977,430
active_melt_TGD_IC,TGD,IC_fused,Active melt,0.063459640370727,0.7069767441860465,430
active_melt_TGD_IC,TGD,IC_fused,Active melt,0.0634747207428907,0.7093023255813954,430
active_melt_TGD_IC,TGD,IC_fused,Active melt,0.0644840299241212,0.7116279069767442,430
active_melt_TGD_IC,TGD,IC_fused,Active melt,0.06662739887871,0.713953488372093,430
active_melt_TGD_IC,TGD,IC_fused,Active melt,0.069116468939993,0.7162790697674418,430
active_melt_TGD_IC,TGD,IC_fused,Active melt,0.0697962801580821,0.7186046511627907,430
active_melt_TGD_IC,TGD,IC_fused,Active melt,0.0699674493511377,0.7209302325581395,430
active_melt_TGD_IC,TGD,IC_fused,Active melt,0.0701643024002836,0.7232558139534884,430
active_melt_TGD_IC,TGD,IC_fused,Active melt,0.071330782522195,0.7255813953488373,430
active_melt_TGD_IC,TGD,IC_fused,Active melt,0.0721989557258853,0.727906976744186,430
active_melt_TGD_IC,TGD,IC_fused,Active melt,0.0722862210070972,0.7302325581395349,430
active_melt_TGD_IC,TGD,IC_fused,Active melt,0.0740603730683446,0.7325581395348837,430
active_melt_TGD_IC,TGD,IC_fused,Active melt,0.0740919188557581,0.7348837209302326,430
active_melt_TGD_IC,TGD,IC_fused,Active melt,0.075836209599594,0.7372093023255814,430
active_melt_TGD_IC,TGD,IC_fused,Active melt,0.0758872688565157,0.7395348837209302,430
active_melt_TGD_IC,TGD,IC_fused,Active melt,0.0761512815821848,0.7418604651162791,430
active_melt_TGD_IC,TGD,IC_fused,Active melt,0.077101769260971,0.7441860465116279,430
active_melt_TGD_IC,TGD,IC_fused,Active melt,0.0782188260597495,0.7465116279069768,430
active_melt_TGD_IC,TGD,IC_fused,Active melt,0.0830703486083203,0.7488372093023256,430
active_melt_TGD_IC,TGD,IC_fused,Active melt,0.08310262371765,0.7511627906976744,430
active_melt_TGD_IC,TGD,IC_fused,Active melt,0.0831282882985015,0.7534883720930232,430
active_melt_TGD_IC,TGD,IC_fused,Active melt,0.0832552871992401,0.7558139534883721,430
active_melt_TGD_IC,TGD,IC_fused,Active melt,0.0855665436723221,0.7581395348837209,430
active_melt_TGD_IC,TGD,IC_fused,Active melt,0.0863771763001703,0.7604651162790698,430
active_melt_TGD_IC,TGD,IC_fused,Active melt,0.0887883308657098,0.7627906976744186,430
active_melt_TGD_IC,TGD,IC_fused,Active melt,0.0896418273402686,0.7651162790697674,430
active_melt_TGD_IC,TGD,IC_fused,Active melt,0.0901157499153505,0.7674418604651163,430
active_melt_TGD_IC,TGD,IC_fused,Active melt,0.0901324804992099,0.7697674418604651,430
active_melt_TGD_IC,TGD,IC_fused,Active melt,0.0908750143139373,0.772093023255814,430
active_melt_TGD_IC,TGD,IC_fused,Active melt,0.0916019458725671,0.7744186046511627,430
active_melt_TGD_IC,TGD,IC_fused,Active melt,0.0923617795931087,0.7767441860465116,430
active_melt_TGD_IC,TGD,IC_fused,Active melt,0.0925120025459702,0.7790697674418605,430
active_melt_TGD_IC,TGD,IC_fused,Active melt,0.0926085920065916,0.7813953488372093,430
active_melt_TGD_IC,TGD,IC_fused,Active melt,0.0937225307246066,0.7837209302325582,430
active_melt_TGD_IC,TGD,IC_fused,Active melt,0.0962435913707314,0.786046511627907,430
active_melt_TGD_IC,TGD,IC_fused,Active melt,0.0983949174414116,0.7883720930232558,430
active_melt_TGD_IC,TGD,IC_fused,Active melt,0.0990353568982566,0.7906976744186046,430
active_melt_TGD_IC,TGD,IC_fused,Active melt,0.099800550664347,0.7930232558139535,430
active_melt_TGD_IC,TGD,IC_fused,Active melt,0.1064256136291663,0.7953488372093023,430
active_melt_TGD_IC,TGD,IC_fused,Active melt,0.1091378432643041,0.7976744186046512,430
active_melt_TGD_IC,TGD,IC_fused,Active melt,0.1100534217809981,0.8,430
active_melt_TGD_IC,TGD,IC_fused,Active melt,0.1108329942216299,0.8023255813953488,430
active_melt_TGD_IC,TGD,IC_fused,Active melt,0.110976668757394,0.8046511627906977,430
active_melt_TGD_IC,TGD,IC_fused,Active melt,0.1117042082650217,0.8069767441860465,430
active_melt_TGD_IC,TGD,IC_fused,Active melt,0.1135456595428686,0.8093023255813954,430
active_melt_TGD_IC,TGD,IC_fused,Active melt,0.1200963560669763,0.8116279069767441,430
active_melt_TGD_IC,TGD,IC_fused,Active melt,0.1271107426469475,0.813953488372093,430
active_melt_TGD_IC,TGD,IC_fused,Active melt,0.128159125421012,0.8162790697674419,430
active_melt_TGD_IC,TGD,IC_fused,Active melt,0.1287157593760143,0.8186046511627907,430
active_melt_TGD_IC,TGD,IC_fused,Active melt,0.1373656999389431,0.8209302325581396,430
active_melt_TGD_IC,TGD,IC_fused,Active melt,0.1375875812598791,0.8232558139534883,430
active_melt_TGD_IC,TGD,IC_fused,Active melt,0.1379083830014781,0.8255813953488372,430
active_melt_TGD_IC,TGD,IC_fused,Active melt,0.1379711565275505,0.827906976744186,430
active_melt_TGD_IC,TGD,IC_fused,Active melt,0.1385640132266602,0.8302325581395349,430
active_melt_TGD_IC,TGD,IC_fused,Active melt,0.139167968646648,0.8325581395348837,430
active_melt_TGD_IC,TGD,IC_fused,Active melt,0.1396463148184327,0.8348837209302326,430
active_melt_TGD_IC,TGD,IC_fused,Active melt,0.1397183266894074,0.8372093023255814,430
active_melt_TGD_IC,TGD,IC_fused,Active melt,0.1411777980035324,0.8395348837209302,430
active_melt_TGD_IC,TGD,IC_fused,Active melt,0.1417762464466747,0.8418604651162791,430
active_melt_TGD_IC,TGD,IC_fused,Active melt,0.1434029605124949,0.8441860465116279,430
active_melt_TGD_IC,TGD,IC_fused,Active melt,0.1436474898771347,0.8465116279069768,430
active_melt_TGD_IC,TGD,IC_fused,Active melt,0.1480776965140353,0.8488372093023255,430
active_melt_TGD_IC,TGD,IC_fused,Active melt,0.1481042903737494,0.8511627906976744,430
active_melt_TGD_IC,TGD,IC_fused,Active melt,0.1487195942620729,0.8534883720930233,430
active_melt_TGD_IC,TGD,IC_fused,Active melt,0.1488627813511531,0.8558139534883721,430
active_melt_TGD_IC,TGD,IC_fused,Active melt,0.1511099422280425,0.858139534883721,430
active_melt_TGD_IC,TGD,IC_fused,Active melt,0.1514114116365842,0.8604651162790697,430
active_melt_TGD_IC,TGD,IC_fused,Active melt,0.1514440860518583,0.8627906976744186,430
active_melt_TGD_IC,TGD,IC_fused,Active melt,0.1522954814295857,0.8651162790697674,430
active_melt_TGD_IC,TGD,IC_fused,Active melt,0.1523483152180091,0.8674418604651163,430
active_melt_TGD_IC,TGD,IC_fused,Active melt,0.1525587929030005,0.8697674418604651,430
active_melt_TGD_IC,TGD,IC_fused,Active melt,0.1528248002624526,0.872093023255814,430
active_melt_TGD_IC,TGD,IC_fused,Active melt,0.1535936586238294,0.8744186046511628,430
active_melt_TGD_IC,TGD,IC_fused,Active melt,0.1573627093664848,0.8767441860465116,430
active_melt_TGD_IC,TGD,IC_fused,Active melt,0.1623692187826501,0.8790697674418605,430
active_melt_TGD_IC,TGD,IC_fused,Active melt,0.1660494663906205,0.8813953488372093,430
active_melt_TGD_IC,TGD,IC_fused,Active melt,0.167277054500858,0.8837209302325582,430
active_melt_TGD_IC,TGD,IC_fused,Active melt,0.1675707386384194,0.8860465116279069,430
active_melt_TGD_IC,TGD,IC_fused,Active melt,0.169380132450726,0.8883720930232558,430
active_melt_TGD_IC,TGD,IC_fused,Active melt,0.1697503419717732,0.8906976744186047,430
active_melt_TGD_IC,TGD,IC_fused,Active melt,0.1786276622974495,0.8930232558139535,430
active_melt_TGD_IC,TGD,IC_fused,Active melt,0.1793705363391134,0.8953488372093024,430
active_melt_TGD_IC,TGD,IC_fused,Active melt,0.1814768420687503,0.8976744186046511,430
active_melt_TGD_IC,TGD,IC_fused,Active melt,0.1857066926710356,0.9,430
active_melt_TGD_IC,TGD,IC_fused,Active melt,0.1866252770547128,0.9023255813953488,430
active_melt_TGD_IC,TGD,IC_fused,Active melt,0.1912889226929762,0.9046511627906977,430
active_melt_TGD_IC,TGD,IC_fused,Active melt,0.1930296330954849,0.9069767441860465,430
active_melt_TGD_IC,TGD,IC_fused,Active melt,0.1947770213175848,0.9093023255813953,430
active_melt_TGD_IC,TGD,IC_fused,Active melt,0.1952700870008121,0.9116279069767442,430
active_melt_TGD_IC,TGD,IC_fused,Active melt,0.1979922421116092,0.913953488372093,430
active_melt_TGD_IC,TGD,IC_fused,Active melt,0.1982107157362518,0.9162790697674419,430
active_melt_TGD_IC,TGD,IC_fused,Active melt,0.2065319016045702,0.9186046511627907,430
active_melt_TGD_IC,TGD,IC_fused,Active melt,0.2094952571614036,0.9209302325581395,430
active_melt_TGD_IC,TGD,IC_fused,Active melt,0.2152536888391146,0.9232558139534883,430
active_melt_TGD_IC,TGD,IC_fused,Active melt,0.2167770272091022,0.9255813953488372,430
active_melt_TGD_IC,TGD,IC_fused,Active melt,0.2211026965475564,0.9279069767441861,430
active_melt_TGD_IC,TGD,IC_fused,Active melt,0.2225170065726351,0.9302325581395349,430
active_melt_TGD_IC,TGD,IC_fused,Active melt,0.2263242425974748,0.9325581395348838,430
active_melt_TGD_IC,TGD,IC_fused,Active melt,0.2273876224669571,0.9348837209302325,430
active_melt_TGD_IC,TGD,IC_fused,Active melt,0.2277748861705189,0.9372093023255814,430
active_melt_TGD_IC,TGD,IC_fused,Active melt,0.2294766078882431,0.9395348837209302,430
active_melt_TGD_IC,TGD,IC_fused,Active melt,0.2430172266046407,0.9418604651162791,430
active_melt_TGD_IC,TGD,IC_fused,Active melt,0.2559211868828641,0.9441860465116279,430
active_melt_TGD_IC,TGD,IC_fused,Active melt,0.2611753858268689,0.9465116279069767,430
active_melt_TGD_IC,TGD,IC_fused,Active melt,0.2612591301954889,0.9488372093023256,430
active_melt_TGD_IC,TGD,IC_fused,Active melt,0.261359217209136,0.9511627906976744,430
active_melt_TGD_IC,TGD,IC_fused,Active melt,0.2675040067081082,0.9534883720930233,430
active_melt_TGD_IC,TGD,IC_fused,Active melt,0.2694772364720104,0.9558139534883721,430
active_melt_TGD_IC,TGD,IC_fused,Active melt,0.2776541835671505,0.958139534883721,430
active_melt_TGD_IC,TGD,IC_fused,Active melt,0.279832523686762,0.9604651162790697,430
active_melt_TGD_IC,TGD,IC_fused,Active melt,0.2841341208426086,0.9627906976744186,430
active_melt_TGD_IC,TGD,IC_fused,Active melt,0.2854579235239036,0.9651162790697675,430
active_melt_TGD_IC,TGD,IC_fused,Active melt,0.3152951831694391,0.9674418604651163,430
active_melt_TGD_IC,TGD,IC_fused,Active melt,0.3504301667907505,0.9697674418604652,430
active_melt_TGD_IC,TGD,IC_fused,Active melt,0.3528135832838917,0.9720930232558139,430
active_melt_TGD_IC,TGD,IC_fused,Active melt,0.3603513785861235,0.9744186046511628,430
active_melt_TGD_IC,TGD,IC_fused,Active melt,0.3675247989482056,0.9767441860465116,430
active_melt_TGD_IC,TGD,IC_fused,Active melt,0.3724544843667125,0.9790697674418605,430
active_melt_TGD_IC,TGD,IC_fused,Active melt,0.3925429944760352,0.9813953488372092,430
active_melt_TGD_IC,TGD,IC_fused,Active melt,0.4095052341016755,0.9837209302325581,430
active_melt_TGD_IC,TGD,IC_fused,Active melt,0.4346561075394328,0.986046511627907,430
active_melt_TGD_IC,TGD,IC_fused,Active melt,0.4411231413787398,0.9883720930232558,430
active_melt_TGD_IC,TGD,IC_fused,Active melt,0.4489639158087662,0.9906976744186047,430
active_melt_TGD_IC,TGD,IC_fused,Active melt,0.4501909844288372,0.9930232558139535,430
active_melt_TGD_IC,TGD,IC_fused,Active melt,0.4976383429720989,0.9953488372093023,430
active_melt_TGD_IC,TGD,IC_fused,Active melt,0.7582636825377975,0.9976744186046511,430
active_melt_TGD_IC,TGD,IC_fused,Active melt,1.008426212228104,1.0,430
active_melt_TGD_dPL,TGD,dPL_seed42,Active melt,-0.3858490681935708,0.002325581395348837,430
active_melt_TGD_dPL,TGD,dPL_seed42,Active melt,-0.3183711556012151,0.004651162790697674,430
active_melt_TGD_dPL,TGD,dPL_seed42,Active melt,-0.309950489064515,0.0069767441860465115,430
active_melt_TGD_dPL,TGD,dPL_seed42,Active melt,-0.2978217298802356,0.009302325581395349,430
active_melt_TGD_dPL,TGD,dPL_seed42,Active melt,-0.2746142442742573,0.011627906976744186,430
active_melt_TGD_dPL,TGD,dPL_seed42,Active melt,-0.2740941881063971,0.013953488372093023,430
active_melt_TGD_dPL,TGD,dPL_seed42,Active melt,-0.2709864456412266,0.01627906976744186,430
active_melt_TGD_dPL,TGD,dPL_seed42,Active melt,-0.257444381471401,0.018604651162790697,430
active_melt_TGD_dPL,TGD,dPL_seed42,Active melt,-0.2465481745392013,0.020930232558139535,430
active_melt_TGD_dPL,TGD,dPL_seed42,Active melt,-0.2392862291830894,0.023255813953488372,430
active_melt_TGD_dPL,TGD,dPL_seed42,Active melt,-0.2301687559526338,0.02558139534883721,430
active_melt_TGD_dPL,TGD,dPL_seed42,Active melt,-0.219703047830143,0.027906976744186046,430
active_melt_TGD_dPL,TGD,dPL_seed42,Active melt,-0.2154884853048912,0.030232558139534883,430
active_melt_TGD_dPL,TGD,dPL_seed42,Active melt,-0.1954696392328254,0.03255813953488372,430
active_melt_TGD_dPL,TGD,dPL_seed42,Active melt,-0.1928748352328659,0.03488372093023256,430
active_melt_TGD_dPL,TGD,dPL_seed42,Active melt,-0.1922592479058243,0.037209302325581395,430
active_melt_TGD_dPL,TGD,dPL_seed42,Active melt,-0.1882592968436276,0.03953488372093023,430
active_melt_TGD_dPL,TGD,dPL_seed42,Active melt,-0.1882114499397551,0.04186046511627907,430
active_melt_TGD_dPL,TGD,dPL_seed42,Active melt,-0.174057023174856,0.044186046511627906,430
active_melt_TGD_dPL,TGD,dPL_seed42,Active melt,-0.1690986908091284,0.046511627906976744,430
active_melt_TGD_dPL,TGD,dPL_seed42,Active melt,-0.1676315899149318,0.04883720930232558,430
active_melt_TGD_dPL,TGD,dPL_seed42,Active melt,-0.1638401826949449,0.05116279069767442,430
active_melt_TGD_dPL,TGD,dPL_seed42,Active melt,-0.1623886066738697,0.053488372093023255,430
active_melt_TGD_dPL,TGD,dPL_seed42,Active melt,-0.1569578617074044,0.05581395348837209,430
active_melt_TGD_dPL,TGD,dPL_seed42,Active melt,-0.1568322652926534,0.05813953488372093,430
active_melt_TGD_dPL,TGD,dPL_seed42,Active melt,-0.1511390099414058,0.06046511627906977,430
active_melt_TGD_dPL,TGD,dPL_seed42,Active melt,-0.1394323198636075,0.06279069767441861,430
active_melt_TGD_dPL,TGD,dPL_seed42,Active melt,-0.1329975747893797,0.06511627906976744,430
active_melt_TGD_dPL,TGD,dPL_seed42,Active melt,-0.1270942269572524,0.06744186046511629,430
active_melt_TGD_dPL,TGD,dPL_seed42,Active melt,-0.1265882063061332,0.06976744186046512,430
active_melt_TGD_dPL,TGD,dPL_seed42,Active melt,-0.1240398569703645,0.07209302325581396,430
active_melt_TGD_dPL,TGD,dPL_seed42,Active melt,-0.1202684500245379,0.07441860465116279,430
active_melt_TGD_dPL,TGD,dPL_seed42,Active melt,-0.1199659847562052,0.07674418604651163,430
active_melt_TGD_dPL,TGD,dPL_seed42,Active melt,-0.1192458174995184,0.07906976744186046,430
active_melt_TGD_dPL,TGD,dPL_seed42,Active melt,-0.1190296219889832,0.08139534883720931,430
active_melt_TGD_dPL,TGD,dPL_seed42,Active melt,-0.1173790110945342,0.08372093023255814,430
active_melt_TGD_dPL,TGD,dPL_seed42,Active melt,-0.1138052245973158,0.08604651162790698,430
active_melt_TGD_dPL,TGD,dPL_seed42,Active melt,-0.1130218908307296,0.08837209302325581,430
active_melt_TGD_dPL,TGD,dPL_seed42,Active melt,-0.1123202576822673,0.09069767441860466,430
active_melt_TGD_dPL,TGD,dPL_seed42,Active melt,-0.1114268674751299,0.09302325581395349,430
active_melt_TGD_dPL,TGD,dPL_seed42,Active melt,-0.1100372542659638,0.09534883720930233,430
active_melt_TGD_dPL,TGD,dPL_seed42,Active melt,-0.1097106013408937,0.09767441860465116,430
active_melt_TGD_dPL,TGD,dPL_seed42,Active melt,-0.1079730005247381,0.1,430
active_melt_TGD_dPL,TGD,dPL_seed42,Active melt,-0.1030565324620029,0.10232558139534884,430
active_melt_TGD_dPL,TGD,dPL_seed42,Active melt,-0.097384957737114,0.10465116279069768,430
active_melt_TGD_dPL,TGD,dPL_seed42,Active melt,-0.0952572346657604,0.10697674418604651,430
active_melt_TGD_dPL,TGD,dPL_seed42,Active melt,-0.0928663207368,0.10930232558139535,430
active_melt_TGD_dPL,TGD,dPL_seed42,Active melt,-0.0926314213111692,0.11162790697674418,430
active_melt_TGD_dPL,TGD,dPL_seed42,Active melt,-0.0925501589073977,0.11395348837209303,430
active_melt_TGD_dPL,TGD,dPL_seed42,Active melt,-0.0874573350090444,0.11627906976744186,430
active_melt_TGD_dPL,TGD,dPL_seed42,Active melt,-0.0865022131953291,0.1186046511627907,430
active_melt_TGD_dPL,TGD,dPL_seed42,Active melt,-0.0864559813276401,0.12093023255813953,430
active_melt_TGD_dPL,TGD,dPL_seed42,Active melt,-0.0845344998755544,0.12325581395348838,430
active_melt_TGD_dPL,TGD,dPL_seed42,Active melt,-0.0837316998065308,0.12558139534883722,430
active_melt_TGD_dPL,TGD,dPL_seed42,Active melt,-0.083583609310215,0.12790697674418605,430
active_melt_TGD_dPL,TGD,dPL_seed42,Active melt,-0.0809268843642387,0.13023255813953488,430
active_melt_TGD_dPL,TGD,dPL_seed42,Active melt,-0.0808088580486345,0.1325581395348837,430
active_melt_TGD_dPL,TGD,dPL_seed42,Active melt,-0.0782639864834949,0.13488372093023257,430
active_melt_TGD_dPL,TGD,dPL_seed42,Active melt,-0.0779541240788166,0.1372093023255814,430
active_melt_TGD_dPL,TGD,dPL_seed42,Active melt,-0.0763555075116464,0.13953488372093023,430
active_melt_TGD_dPL,TGD,dPL_seed42,Active melt,-0.0724307500244638,0.14186046511627906,430
active_melt_TGD_dPL,TGD,dPL_seed42,Active melt,-0.0720149441594829,0.14418604651162792,430
active_melt_TGD_dPL,TGD,dPL_seed42,Active melt,-0.0702885042680159,0.14651162790697675,430
active_melt_TGD_dPL,TGD,dPL_seed42,Active melt,-0.0701387495963274,0.14883720930232558,430
active_melt_TGD_dPL,TGD,dPL_seed42,Active melt,-0.0700069532123681,0.1511627906976744,430
active_melt_TGD_dPL,TGD,dPL_seed42,Active melt,-0.0693911378909107,0.15348837209302327,430
active_melt_TGD_dPL,TGD,dPL_seed42,Active melt,-0.0690250410812606,0.1558139534883721,430
active_melt_TGD_dPL,TGD,dPL_seed42,Active melt,-0.0665381867123676,0.15813953488372093,430
active_melt_TGD_dPL,TGD,dPL_seed42,Active melt,-0.0659309686870074,0.16046511627906976,430
active_melt_TGD_dPL,TGD,dPL_seed42,Active melt,-0.065675504634334,0.16279069767441862,430
active_melt_TGD_dPL,TGD,dPL_seed42,Active melt,-0.0652050789314222,0.16511627906976745,430
active_melt_TGD_dPL,TGD,dPL_seed42,Active melt,-0.0638294787509562,0.16744186046511628,430
active_melt_TGD_dPL,TGD,dPL_seed42,Active melt,-0.0626174343488406,0.1697674418604651,430
active_melt_TGD_dPL,TGD,dPL_seed42,Active melt,-0.0625405745110411,0.17209302325581396,430
active_melt_TGD_dPL,TGD,dPL_seed42,Active melt,-0.0621479395685867,0.1744186046511628,430
active_melt_TGD_dPL,TGD,dPL_seed42,Active melt,-0.0609206303104763,0.17674418604651163,430
active_melt_TGD_dPL,TGD,dPL_seed42,Active melt,-0.0602755460122423,0.17906976744186046,430
active_melt_TGD_dPL,TGD,dPL_seed42,Active melt,-0.0602666580022216,0.1813953488372093,430
active_melt_TGD_dPL,TGD,dPL_seed42,Active melt,-0.059953522401538,0.18372093023255814,430
active_melt_TGD_dPL,TGD,dPL_seed42,Active melt,-0.0583332678629097,0.18604651162790697,430
active_melt_TGD_dPL,TGD,dPL_seed42,Active melt,-0.0577219041600637,0.1883720930232558,430
active_melt_TGD_dPL,TGD,dPL_seed42,Active melt,-0.0568662021830483,0.19069767441860466,430
active_melt_TGD_dPL,TGD,dPL_seed42,Active melt,-0.056638562589886,0.1930232558139535,430
active_melt_TGD_dPL,TGD,dPL_seed42,Active melt,-0.0554489561552221,0.19534883720930232,430
active_melt_TGD_dPL,TGD,dPL_seed42,Active melt,-0.0551625840329836,0.19767441860465115,430
active_melt_TGD_dPL,TGD,dPL_seed42,Active melt,-0.0550105919703394,0.2,430
active_melt_TGD_dPL,TGD,dPL_seed42,Active melt,-0.0542437137785358,0.20232558139534884,430
active_melt_TGD_dPL,TGD,dPL_seed42,Active melt,-0.0541159308230337,0.20465116279069767,430
active_melt_TGD_dPL,TGD,dPL_seed42,Active melt,-0.0540770972043989,0.2069767441860465,430
active_melt_TGD_dPL,TGD,dPL_seed42,Active melt,-0.054025595040426,0.20930232558139536,430
active_melt_TGD_dPL,TGD,dPL_seed42,Active melt,-0.0538348947241358,0.2116279069767442,430
active_melt_TGD_dPL,TGD,dPL_seed42,Active melt,-0.0534957432508105,0.21395348837209302,430
active_melt_TGD_dPL,TGD,dPL_seed42,Active melt,-0.052919926027981,0.21627906976744185,430
active_melt_TGD_dPL,TGD,dPL_seed42,Active melt,-0.0525622812211412,0.2186046511627907,430
active_melt_TGD_dPL,TGD,dPL_seed42,Active melt,-0.050160884225552,0.22093023255813954,430
active_melt_TGD_dPL,TGD,dPL_seed42,Active melt,-0.0497236385576024,0.22325581395348837,430
active_melt_TGD_dPL,TGD,dPL_seed42,Active melt,-0.0494701780186308,0.2255813953488372,430
active_melt_TGD_dPL,TGD,dPL_seed42,Active melt,-0.0490153380601652,0.22790697674418606,430
active_melt_TGD_dPL,TGD,dPL_seed42,Active melt,-0.0488574506796589,0.2302325581395349,430
active_melt_TGD_dPL,TGD,dPL_seed42,Active melt,-0.0485465081986443,0.23255813953488372,430
active_melt_TGD_dPL,TGD,dPL_seed42,Active melt,-0.0472634822582566,0.23488372093023255,430
active_melt_TGD_dPL,TGD,dPL_seed42,Active melt,-0.0467190415086276,0.2372093023255814,430
active_melt_TGD_dPL,TGD,dPL_seed42,Active melt,-0.0457130599549207,0.23953488372093024,430
active_melt_TGD_dPL,TGD,dPL_seed42,Active melt,-0.0448065090212145,0.24186046511627907,430
active_melt_TGD_dPL,TGD,dPL_seed42,Active melt,-0.0440440507824762,0.2441860465116279,430
active_melt_TGD_dPL,TGD,dPL_seed42,Active melt,-0.0439130706409738,0.24651162790697675,430
active_melt_TGD_dPL,TGD,dPL_seed42,Active melt,-0.0422143758255406,0.24883720930232558,430
active_melt_TGD_dPL,TGD,dPL_seed42,Active melt,-0.0419656466333388,0.25116279069767444,430
active_melt_TGD_dPL,TGD,dPL_seed42,Active melt,-0.0415679288932682,0.2534883720930233,430
active_melt_TGD_dPL,TGD,dPL_seed42,Active melt,-0.0407751703138415,0.2558139534883721,430
active_melt_TGD_dPL,TGD,dPL_seed42,Active melt,-0.0399140129800243,0.25813953488372093,430
active_melt_TGD_dPL,TGD,dPL_seed42,Active melt,-0.0393666576261693,0.26046511627906976,430
active_melt_TGD_dPL,TGD,dPL_seed42,Active melt,-0.0393218760590349,0.2627906976744186,430
active_melt_TGD_dPL,TGD,dPL_seed42,Active melt,-0.0389057621488422,0.2651162790697674,430
active_melt_TGD_dPL,TGD,dPL_seed42,Active melt,-0.0387933737979597,0.26744186046511625,430
active_melt_TGD_dPL,TGD,dPL_seed42,Active melt,-0.0380279673187319,0.26976744186046514,430
active_melt_TGD_dPL,TGD,dPL_seed42,Active melt,-0.0378130810346304,0.27209302325581397,430
active_melt_TGD_dPL,TGD,dPL_seed42,Active melt,-0.0363958934391669,0.2744186046511628,430
active_melt_TGD_dPL,TGD,dPL_seed42,Active melt,-0.0363109884602186,0.27674418604651163,430
active_melt_TGD_dPL,TGD,dPL_seed42,Active melt,-0.03591140916784,0.27906976744186046,430
active_melt_TGD_dPL,TGD,dPL_seed42,Active melt,-0.0348134783760119,0.2813953488372093,430
active_melt_TGD_dPL,TGD,dPL_seed42,Active melt,-0.0345337237951063,0.2837209302325581,430
active_melt_TGD_dPL,TGD,dPL_seed42,Active melt,-0.0319734037004087,0.28604651162790695,430
active_melt_TGD_dPL,TGD,dPL_seed42,Active melt,-0.0318186061128066,0.28837209302325584,430
active_melt_TGD_dPL,TGD,dPL_seed42,Active melt,-0.0313698022178656,0.29069767441860467,430
active_melt_TGD_dPL,TGD,dPL_seed42,Active melt,-0.0311685153181411,0.2930232558139535,430
active_melt_TGD_dPL,TGD,dPL_seed42,Active melt,-0.0306792282323313,0.29534883720930233,430
active_melt_TGD_dPL,TGD,dPL_seed42,Active melt,-0.0304091479237544,0.29767441860465116,430
active_melt_TGD_dPL,TGD,dPL_seed42,Active melt,-0.0288240030999747,0.3,430
active_melt_TGD_dPL,TGD,dPL_seed42,Active melt,-0.028476327341019,0.3023255813953488,430
active_melt_TGD_dPL,TGD,dPL_seed42,Active melt,-0.0280214738354392,0.30465116279069765,430
active_melt_TGD_dPL,TGD,dPL_seed42,Active melt,-0.0278383354843173,0.30697674418604654,430
active_melt_TGD_dPL,TGD,dPL_seed42,Active melt,-0.0277570406601546,0.30930232558139537,430
active_melt_TGD_dPL,TGD,dPL_seed42,Active melt,-0.0271421058339598,0.3116279069767442,430
active_melt_TGD_dPL,TGD,dPL_seed42,Active melt,-0.0271020616518764,0.313953488372093,430
active_melt_TGD_dPL,TGD,dPL_seed42,Active melt,-0.0269704417475571,0.31627906976744186,430
active_melt_TGD_dPL,TGD,dPL_seed42,Active melt,-0.0267469508801955,0.3186046511627907,430
active_melt_TGD_dPL,TGD,dPL_seed42,Active melt,-0.0259521711407674,0.3209302325581395,430
active_melt_TGD_dPL,TGD,dPL_seed42,Active melt,-0.0250277135713615,0.32325581395348835,430
active_melt_TGD_dPL,TGD,dPL_seed42,Active melt,-0.0228624596919624,0.32558139534883723,430
active_melt_TGD_dPL,TGD,dPL_seed42,Active melt,-0.0222354900096281,0.32790697674418606,430
active_melt_TGD_dPL,TGD,dPL_seed42,Active melt,-0.0219869989853946,0.3302325581395349,430
active_melt_TGD_dPL,TGD,dPL_seed42,Active melt,-0.0214320603836112,0.3325581395348837,430
active_melt_TGD_dPL,TGD,dPL_seed42,Active melt,-0.0213847547678579,0.33488372093023255,430
active_melt_TGD_dPL,TGD,dPL_seed42,Active melt,-0.0213774556627099,0.3372093023255814,430
active_melt_TGD_dPL,TGD,dPL_seed42,Active melt,-0.021000421347134,0.3395348837209302,430
active_melt_TGD_dPL,TGD,dPL_seed42,Active melt,-0.0187671130676602,0.34186046511627904,430
active_melt_TGD_dPL,TGD,dPL_seed42,Active melt,-0.018245755260696,0.34418604651162793,430
active_melt_TGD_dPL,TGD,dPL_seed42,Active melt,-0.0179665765907376,0.34651162790697676,430
active_melt_TGD_dPL,TGD,dPL_seed42,Active melt,-0.0173969691813938,0.3488372093023256,430
active_melt_TGD_dPL,TGD,dPL_seed42,Active melt,-0.0170198180531785,0.3511627906976744,430
active_melt_TGD_dPL,TGD,dPL_seed42,Active melt,-0.0165944143567906,0.35348837209302325,430
active_melt_TGD_dPL,TGD,dPL_seed42,Active melt,-0.0163544898359335,0.3558139534883721,430
active_melt_TGD_dPL,TGD,dPL_seed42,Active melt,-0.0155846816901261,0.3581395348837209,430
active_melt_TGD_dPL,TGD,dPL_seed42,Active melt,-0.0153637115449515,0.36046511627906974,430
active_melt_TGD_dPL,TGD,dPL_seed42,Active melt,-0.014958062110699,0.3627906976744186,430
active_melt_TGD_dPL,TGD,dPL_seed42,Active melt,-0.0148401457699675,0.36511627906976746,430
active_melt_TGD_dPL,TGD,dPL_seed42,Active melt,-0.0148163260449887,0.3674418604651163,430
active_melt_TGD_dPL,TGD,dPL_seed42,Active melt,-0.0140464059935182,0.3697674418604651,430
active_melt_TGD_dPL,TGD,dPL_seed42,Active melt,-0.0131175203139226,0.37209302325581395,430
active_melt_TGD_dPL,TGD,dPL_seed42,Active melt,-0.0118953196862381,0.3744186046511628,430
active_melt_TGD_dPL,TGD,dPL_seed42,Active melt,-0.0109531503565607,0.3767441860465116,430
active_melt_TGD_dPL,TGD,dPL_seed42,Active melt,-0.010936901172278,0.37906976744186044,430
active_melt_TGD_dPL,TGD,dPL_seed42,Active melt,-0.010913713595828,0.3813953488372093,430
active_melt_TGD_dPL,TGD,dPL_seed42,Active melt,-0.0107550068854567,0.38372093023255816,430
active_melt_TGD_dPL,TGD,dPL_seed42,Active melt,-0.0107386967506321,0.386046511627907,430
active_melt_TGD_dPL,TGD,dPL_seed42,Active melt,-0.0106676772428067,0.3883720930232558,430
active_melt_TGD_dPL,TGD,dPL_seed42,Active melt,-0.0106152210094306,0.39069767441860465,430
active_melt_TGD_dPL,TGD,dPL_seed42,Active melt,-0.0102285436550105,0.3930232558139535,430
active_melt_TGD_dPL,TGD,dPL_seed42,Active melt,-0.009723375700463,0.3953488372093023,430
active_melt_TGD_dPL,TGD,dPL_seed42,Active melt,-0.0096521326160963,0.39767441860465114,430
active_melt_TGD_dPL,TGD,dPL_seed42,Active melt,-0.0090363232517163,0.4,430
active_melt_TGD_dPL,TGD,dPL_seed42,Active melt,-0.0078601820625717,0.40232558139534885,430
active_melt_TGD_dPL,TGD,dPL_seed42,Active melt,-0.0076041363365915,0.4046511627906977,430
active_melt_TGD_dPL,TGD,dPL_seed42,Active melt,-0.0072690477654537,0.4069767441860465,430
active_melt_TGD_dPL,TGD,dPL_seed42,Active melt,-0.0068434829232774,0.40930232558139534,430
active_melt_TGD_dPL,TGD,dPL_seed42,Active melt,-0.0067349077220161,0.4116279069767442,430
active_melt_TGD_dPL,TGD,dPL_seed42,Active melt,-0.0064898538505858,0.413953488372093,430
active_melt_TGD_dPL,TGD,dPL_seed42,Active melt,-0.0064632918033096,0.41627906976744183,430
active_melt_TGD_dPL,TGD,dPL_seed42,Active melt,-0.0063266838858662,0.4186046511627907,430
active_melt_TGD_dPL,TGD,dPL_seed42,Active melt,-0.0059057625471352,0.42093023255813955,430
active_melt_TGD_dPL,TGD,dPL_seed42,Active melt,-0.0051793861293015,0.4232558139534884,430
active_melt_TGD_dPL,TGD,dPL_seed42,Active melt,-0.0051007416432166,0.4255813953488372,430
active_melt_TGD_dPL,TGD,dPL_seed42,Active melt,-0.0049019014927154,0.42790697674418604,430
active_melt_TGD_dPL,TGD,dPL_seed42,Active melt,-0.0043015741535488,0.43023255813953487,430
active_melt_TGD_dPL,TGD,dPL_seed42,Active melt,-0.0038777705923324,0.4325581395348837,430
active_melt_TGD_dPL,TGD,dPL_seed42,Active melt,-0.0037506816865048,0.43488372093023253,430
active_melt_TGD_dPL,TGD,dPL_seed42,Active melt,-0.0036995986563419,0.4372093023255814,430
active_melt_TGD_dPL,TGD,dPL_seed42,Active melt,-0.0032130404615437,0.43953488372093025,430
active_melt_TGD_dPL,TGD,dPL_seed42,Active melt,-0.0029549552500606,0.4418604651162791,430
active_melt_TGD_dPL,TGD,dPL_seed42,Active melt,-0.0022718312857913,0.4441860465116279,430
active_melt_TGD_dPL,TGD,dPL_seed42,Active melt,-0.0019071081606473,0.44651162790697674,430
active_melt_TGD_dPL,TGD,dPL_seed42,Active melt,-0.0018415705513816,0.44883720930232557,430
active_melt_TGD_dPL,TGD,dPL_seed42,Active melt,-0.0018377802322263,0.4511627906976744,430
active_melt_TGD_dPL,TGD,dPL_seed42,Active melt,-0.001812218793486,0.45348837209302323,430
active_melt_TGD_dPL,TGD,dPL_seed42,Active melt,-0.0015404105490735,0.4558139534883721,430
active_melt_TGD_dPL,TGD,dPL_seed42,Active melt,-0.0013524739251747,0.45813953488372094,430
active_melt_TGD_dPL,TGD,dPL_seed42,Active melt,-0.0012442956934642,0.4604651162790698,430
active_melt_TGD_dPL,TGD,dPL_seed42,Active melt,-0.0009689941004722,0.4627906976744186,430
active_melt_TGD_dPL,TGD,dPL_seed42,Active melt,-0.0009655768811046,0.46511627906976744,430
active_melt_TGD_dPL,TGD,dPL_seed42,Active melt,-0.0009543154978475,0.46744186046511627,430
active_melt_TGD_dPL,TGD,dPL_seed42,Active melt,-0.0009405532963522,0.4697674418604651,430
active_melt_TGD_dPL,TGD,dPL_seed42,Active melt,-0.0003563433073746,0.4720930232558139,430
active_melt_TGD_dPL,TGD,dPL_seed42,Active melt,-0.0002364020176429,0.4744186046511628,430
active_melt_TGD_dPL,TGD,dPL_seed42,Active melt,3.556529685655452e-05,0.47674418604651164,430
active_melt_TGD_dPL,TGD,dPL_seed42,Active melt,4.78129420306006e-05,0.4790697674418605,430
active_melt_TGD_dPL,TGD,dPL_seed42,Active melt,0.0003453599193834,0.4813953488372093,430
active_melt_TGD_dPL,TGD,dPL_seed42,Active melt,0.0006253629295425,0.48372093023255813,430
active_melt_TGD_dPL,TGD,dPL_seed42,Active melt,0.0008033189006719,0.48604651162790696,430
active_melt_TGD_dPL,TGD,dPL_seed42,Active melt,0.0010058419314411,0.4883720930232558,430
active_melt_TGD_dPL,TGD,dPL_seed42,Active melt,0.001364861113985,0.4906976744186046,430
active_melt_TGD_dPL,TGD,dPL_seed42,Active melt,0.0022305967068152,0.4930232558139535,430
active_melt_TGD_dPL,TGD,dPL_seed42,Active melt,0.0029116399797972,0.49534883720930234,430
active_melt_TGD_dPL,TGD,dPL_seed42,Active melt,0.0029641759407902,0.49767441860465117,430
active_melt_TGD_dPL,TGD,dPL_seed42,Active melt,0.0033240267029737,0.5,430
active_melt_TGD_dPL,TGD,dPL_seed42,Active melt,0.0034438507423095,0.5023255813953489,430
active_melt_TGD_dPL,TGD,dPL_seed42,Active melt,0.0036081189556066,0.5046511627906977,430
active_melt_TGD_dPL,TGD,dPL_seed42,Active melt,0.0053848848599964,0.5069767441860465,430
active_melt_TGD_dPL,TGD,dPL_seed42,Active melt,0.0054336804912511,0.5093023255813953,430
active_melt_TGD_dPL,TGD,dPL_seed42,Active melt,0.0060019617920623,0.5116279069767442,430
active_melt_TGD_dPL,TGD,dPL_seed42,Active melt,0.0060582146813209,0.513953488372093,430
active_melt_TGD_dPL,TGD,dPL_seed42,Active melt,0.0061987251201753,0.5162790697674419,430
active_melt_TGD_dPL,TGD,dPL_seed42,Active melt,0.0073889382459649,0.5186046511627908,430
active_melt_TGD_dPL,TGD,dPL_seed42,Active melt,0.0075259532219245,0.5209302325581395,430
active_melt_TGD_dPL,TGD,dPL_seed42,Active melt,0.0088221958646815,0.5232558139534884,430
active_melt_TGD_dPL,TGD,dPL_seed42,Active melt,0.0090138172417584,0.5255813953488372,430
active_melt_TGD_dPL,TGD,dPL_seed42,Active melt,0.0091022243134912,0.5279069767441861,430
active_melt_TGD_dPL,TGD,dPL_seed42,Active melt,0.0103013477599289,0.5302325581395348,430
active_melt_TGD_dPL,TGD,dPL_seed42,Active melt,0.0103477843354444,0.5325581395348837,430
active_melt_TGD_dPL,TGD,dPL_seed42,Active melt,0.0105211233756991,0.5348837209302325,430
active_melt_TGD_dPL,TGD,dPL_seed42,Active melt,0.0106193195263538,0.5372093023255814,430
active_melt_TGD_dPL,TGD,dPL_seed42,Active melt,0.0117566312152631,0.5395348837209303,430
active_melt_TGD_dPL,TGD,dPL_seed42,Active melt,0.0118774230129969,0.541860465116279,430
active_melt_TGD_dPL,TGD,dPL_seed42,Active melt,0.0125870294716715,0.5441860465116279,430
active_melt_TGD_dPL,TGD,dPL_seed42,Active melt,0.0126286544525505,0.5465116279069767,430
active_melt_TGD_dPL,TGD,dPL_seed42,Active melt,0.0129403045781323,0.5488372093023256,430
active_melt_TGD_dPL,TGD,dPL_seed42,Active melt,0.0130242383505713,0.5511627906976744,430
active_melt_TGD_dPL,TGD,dPL_seed42,Active melt,0.0133593286410372,0.5534883720930233,430
active_melt_TGD_dPL,TGD,dPL_seed42,Active melt,0.0141403019227035,0.5558139534883721,430
active_melt_TGD_dPL,TGD,dPL_seed42,Active melt,0.0142735891730908,0.5581395348837209,430
active_melt_TGD_dPL,TGD,dPL_seed42,Active melt,0.0142940259274521,0.5604651162790698,430
active_melt_TGD_dPL,TGD,dPL_seed42,Active melt,0.0143882176946377,0.5627906976744186,430
active_melt_TGD_dPL,TGD,dPL_seed42,Active melt,0.015111448248529,0.5651162790697675,430
active_melt_TGD_dPL,TGD,dPL_seed42,Active melt,0.0151321506449007,0.5674418604651162,430
active_melt_TGD_dPL,TGD,dPL_seed42,Active melt,0.0151556127482433,0.5697674418604651,430
active_melt_TGD_dPL,TGD,dPL_seed42,Active melt,0.0153718733388976,0.5720930232558139,430
active_melt_TGD_dPL,TGD,dPL_seed42,Active melt,0.0164868095173797,0.5744186046511628,430
active_melt_TGD_dPL,TGD,dPL_seed42,Active melt,0.0166470508444857,0.5767441860465117,430
active_melt_TGD_dPL,TGD,dPL_seed42,Active melt,0.0167297867712982,0.5790697674418605,430
active_melt_TGD_dPL,TGD,dPL_seed42,Active melt,0.0167708550436748,0.5813953488372093,430
active_melt_TGD_dPL,TGD,dPL_seed42,Active melt,0.0169283320466419,0.5837209302325581,430
active_melt_TGD_dPL,TGD,dPL_seed42,Active melt,0.0169366251899578,0.586046511627907,430
active_melt_TGD_dPL,TGD,dPL_seed42,Active melt,0.0173222917247771,0.5883720930232558,430
active_melt_TGD_dPL,TGD,dPL_seed42,Active melt,0.017353298361465,0.5906976744186047,430
active_melt_TGD_dPL,TGD,dPL_seed42,Active melt,0.0180587279469632,0.5930232558139535,430
active_melt_TGD_dPL,TGD,dPL_seed42,Active melt,0.0182264907978048,0.5953488372093023,430
active_melt_TGD_dPL,TGD,dPL_seed42,Active melt,0.0191373468794141,0.5976744186046512,430
active_melt_TGD_dPL,TGD,dPL_seed42,Active melt,0.019357379319849,0.6,430
active_melt_TGD_dPL,TGD,dPL_seed42,Active melt,0.0199636208671843,0.6023255813953489,430
active_melt_TGD_dPL,TGD,dPL_seed42,Active melt,0.0203061003811056,0.6046511627906976,430
active_melt_TGD_dPL,TGD,dPL_seed42,Active melt,0.0203422415305172,0.6069767441860465,430
active_melt_TGD_dPL,TGD,dPL_seed42,Active melt,0.0204662122638655,0.6093023255813953,430
active_melt_TGD_dPL,TGD,dPL_seed42,Active melt,0.0209381570147435,0.6116279069767442,430
active_melt_TGD_dPL,TGD,dPL_seed42,Active melt,0.0220041381849633,0.6139534883720931,430
active_melt_TGD_dPL,TGD,dPL_seed42,Active melt,0.0223274903691859,0.6162790697674418,430
active_melt_TGD_dPL,TGD,dPL_seed42,Active melt,0.0231051319226395,0.6186046511627907,430
active_melt_TGD_dPL,TGD,dPL_seed42,Active melt,0.0237982779197631,0.6209302325581395,430
active_melt_TGD_dPL,TGD,dPL_seed42,Active melt,0.0248555409558376,0.6232558139534884,430
active_melt_TGD_dPL,TGD,dPL_seed42,Active melt,0.0248943885680946,0.6255813953488372,430
active_melt_TGD_dPL,TGD,dPL_seed42,Active melt,0.0255393637400146,0.627906976744186,430
active_melt_TGD_dPL,TGD,dPL_seed42,Active melt,0.0257888200124652,0.6302325581395349,430
active_melt_TGD_dPL,TGD,dPL_seed42,Active melt,0.0260077444951107,0.6325581395348837,430
active_melt_TGD_dPL,TGD,dPL_seed42,Active melt,0.0263340604727888,0.6348837209302326,430
active_melt_TGD_dPL,TGD,dPL_seed42,Active melt,0.0270573865600284,0.6372093023255814,430
active_melt_TGD_dPL,TGD,dPL_seed42,Active melt,0.0271999858966791,0.6395348837209303,430
active_melt_TGD_dPL,TGD,dPL_seed42,Active melt,0.0273319301091062,0.641860465116279,430
active_melt_TGD_dPL,TGD,dPL_seed42,Active melt,0.027350773814577,0.6441860465116279,430
active_melt_TGD_dPL,TGD,dPL_seed42,Active melt,0.027646556305794,0.6465116279069767,430
active_melt_TGD_dPL,TGD,dPL_seed42,Active melt,0.0279158586302644,0.6488372093023256,430
active_melt_TGD_dPL,TGD,dPL_seed42,Active melt,0.0281153165897408,0.6511627906976745,430
active_melt_TGD_dPL,TGD,dPL_seed42,Active melt,0.0282496223425053,0.6534883720930232,430
active_melt_TGD_dPL,TGD,dPL_seed42,Active melt,0.0283455252356138,0.6558139534883721,430
active_melt_TGD_dPL,TGD,dPL_seed42,Active melt,0.0291082279707437,0.6581395348837209,430
active_melt_TGD_dPL,TGD,dPL_seed42,Active melt,0.0303420637888275,0.6604651162790698,430
active_melt_TGD_dPL,TGD,dPL_seed42,Active melt,0.0308382332217154,0.6627906976744186,430
active_melt_TGD_dPL,TGD,dPL_seed42,Active melt,0.0308392741926584,0.6651162790697674,430
active_melt_TGD_dPL,TGD,dPL_seed42,Active melt,0.0310812216231443,0.6674418604651163,430
active_melt_TGD_dPL,TGD,dPL_seed42,Active melt,0.0320889211661014,0.6697674418604651,430
active_melt_TGD_dPL,TGD,dPL_seed42,Active melt,0.033413839276044,0.672093023255814,430
active_melt_TGD_dPL,TGD,dPL_seed42,Active melt,0.0340629378999748,0.6744186046511628,430
active_melt_TGD_dPL,TGD,dPL_seed42,Active melt,0.0342745565013081,0.6767441860465117,430
active_melt_TGD_dPL,TGD,dPL_seed42,Active melt,0.0343134579454861,0.6790697674418604,430
active_melt_TGD_dPL,TGD,dPL_seed42,Active melt,0.0343633705470748,0.6813953488372093,430
active_melt_TGD_dPL,TGD,dPL_seed42,Active melt,0.034859739842645,0.6837209302325581,430
active_melt_TGD_dPL,TGD,dPL_seed42,Active melt,0.0350482423142411,0.686046511627907,430
active_melt_TGD_dPL,TGD,dPL_seed42,Active melt,0.0351767495183168,0.6883720930232559,430
active_melt_TGD_dPL,TGD,dPL_seed42,Active melt,0.035536703690693,0.6906976744186046,430
active_melt_TGD_dPL,TGD,dPL_seed42,Active melt,0.0362755166737489,0.6930232558139535,430
active_melt_TGD_dPL,TGD,dPL_seed42,Active melt,0.0362850434766723,0.6953488372093023,430
active_melt_TGD_dPL,TGD,dPL_seed42,Active melt,0.0407821490125049,0.6976744186046512,430
active_melt_TGD_dPL,TGD,dPL_seed42,Active melt,0.0427366171957702,0.7,430
active_melt_TGD_dPL,TGD,dPL_seed42,Active melt,0.0435161715681803,0.7023255813953488,430
active_melt_TGD_dPL,TGD,dPL_seed42,Active melt,0.0436770283644265,0.7046511627906977,430
active_melt_TGD_dPL,TGD,dPL_seed42,Active melt,0.0452217730638875,0.7069767441860465,430
active_melt_TGD_dPL,TGD,dPL_seed42,Active melt,0.0453351664944968,0.7093023255813954,430
active_melt_TGD_dPL,TGD,dPL_seed42,Active melt,0.0457786025379666,0.7116279069767442,430
active_melt_TGD_dPL,TGD,dPL_seed42,Active melt,0.045788663688241,0.713953488372093,430
active_melt_TGD_dPL,TGD,dPL_seed42,Active melt,0.0463133033917857,0.7162790697674418,430
active_melt_TGD_dPL,TGD,dPL_seed42,Active melt,0.0466717251084792,0.7186046511627907,430
active_melt_TGD_dPL,TGD,dPL_seed42,Active melt,0.0468536444975191,0.7209302325581395,430
active_melt_TGD_dPL,TGD,dPL_seed42,Active melt,0.0469014663032016,0.7232558139534884,430
active_melt_TGD_dPL,TGD,dPL_seed42,Active melt,0.047802441414294,0.7255813953488373,430
active_melt_TGD_dPL,TGD,dPL_seed42,Active melt,0.0493436758820043,0.727906976744186,430
active_melt_TGD_dPL,TGD,dPL_seed42,Active melt,0.0510188603681178,0.7302325581395349,430
active_melt_TGD_dPL,TGD,dPL_seed42,Active melt,0.0514139304758539,0.7325581395348837,430
active_melt_TGD_dPL,TGD,dPL_seed42,Active melt,0.0532156894981157,0.7348837209302326,430
active_melt_TGD_dPL,TGD,dPL_seed42,Active melt,0.0543241939010012,0.7372093023255814,430
active_melt_TGD_dPL,TGD,dPL_seed42,Active melt,0.0562332216868506,0.7395348837209302,430
active_melt_TGD_dPL,TGD,dPL_seed42,Active melt,0.0567461467852727,0.7418604651162791,430
active_melt_TGD_dPL,TGD,dPL_seed42,Active melt,0.0575497203897032,0.7441860465116279,430
active_melt_TGD_dPL,TGD,dPL_seed42,Active melt,0.0589832100342876,0.7465116279069768,430
active_melt_TGD_dPL,TGD,dPL_seed42,Active melt,0.05923568655074,0.7488372093023256,430
active_melt_TGD_dPL,TGD,dPL_seed42,Active melt,0.0594955760641815,0.7511627906976744,430
active_melt_TGD_dPL,TGD,dPL_seed42,Active melt,0.0657134288433738,0.7534883720930232,430
active_melt_TGD_dPL,TGD,dPL_seed42,Active melt,0.0667304324686698,0.7558139534883721,430
active_melt_TGD_dPL,TGD,dPL_seed42,Active melt,0.0723345961040389,0.7581395348837209,430
active_melt_TGD_dPL,TGD,dPL_seed42,Active melt,0.0751627741752224,0.7604651162790698,430
active_melt_TGD_dPL,TGD,dPL_seed42,Active melt,0.0787502984564065,0.7627906976744186,430
active_melt_TGD_dPL,TGD,dPL_seed42,Active melt,0.0801836700242143,0.7651162790697674,430
active_melt_TGD_dPL,TGD,dPL_seed42,Active melt,0.0842243626392256,0.7674418604651163,430
active_melt_TGD_dPL,TGD,dPL_seed42,Active melt,0.0852526437201853,0.7697674418604651,430
active_melt_TGD_dPL,TGD,dPL_seed42,Active melt,0.0903525713599566,0.772093023255814,430
active_melt_TGD_dPL,TGD,dPL_seed42,Active melt,0.0920131733497266,0.7744186046511627,430
active_melt_TGD_dPL,TGD,dPL_seed42,Active melt,0.0950845943577187,0.7767441860465116,430
active_melt_TGD_dPL,TGD,dPL_seed42,Active melt,0.0989690464461935,0.7790697674418605,430
active_melt_TGD_dPL,TGD,dPL_seed42,Active melt,0.0990425138630133,0.7813953488372093,430
active_melt_TGD_dPL,TGD,dPL_seed42,Active melt,0.1047029404719952,0.7837209302325582,430
active_melt_TGD_dPL,TGD,dPL_seed42,Active melt,0.1079144664059511,0.786046511627907,430
active_melt_TGD_dPL,TGD,dPL_seed42,Active melt,0.1129725448910494,0.7883720930232558,430
active_melt_TGD_dPL,TGD,dPL_seed42,Active melt,0.113544595752391,0.7906976744186046,430
active_melt_TGD_dPL,TGD,dPL_seed42,Active melt,0.1162645449500716,0.7930232558139535,430
active_melt_TGD_dPL,TGD,dPL_seed42,Active melt,0.116677196651346,0.7953488372093023,430
active_melt_TGD_dPL,TGD,dPL_seed42,Active melt,0.1199290875992704,0.7976744186046512,430
active_melt_TGD_dPL,TGD,dPL_seed42,Active melt,0.1234106302239214,0.8,430
active_melt_TGD_dPL,TGD,dPL_seed42,Active melt,0.1235074453013943,0.8023255813953488,430
active_melt_TGD_dPL,TGD,dPL_seed42,Active melt,0.1242154097440596,0.8046511627906977,430
active_melt_TGD_dPL,TGD,dPL_seed42,Active melt,0.1254557517674691,0.8069767441860465,430
active_melt_TGD_dPL,TGD,dPL_seed42,Active melt,0.1308808007542203,0.8093023255813954,430
active_melt_TGD_dPL,TGD,dPL_seed42,Active melt,0.133680830609646,0.8116279069767441,430
active_melt_TGD_dPL,TGD,dPL_seed42,Active melt,0.1353301445137943,0.813953488372093,430
active_melt_TGD_dPL,TGD,dPL_seed42,Active melt,0.1369619100959617,0.8162790697674419,430
active_melt_TGD_dPL,TGD,dPL_seed42,Active melt,0.1376191059613648,0.8186046511627907,430
active_melt_TGD_dPL,TGD,dPL_seed42,Active melt,0.1423650656666925,0.8209302325581396,430
active_melt_TGD_dPL,TGD,dPL_seed42,Active melt,0.1433557091834078,0.8232558139534883,430
active_melt_TGD_dPL,TGD,dPL_seed42,Active melt,0.1458870952501899,0.8255813953488372,430
active_melt_TGD_dPL,TGD,dPL_seed42,Active melt,0.1481975385755237,0.827906976744186,430
active_melt_TGD_dPL,TGD,dPL_seed42,Active melt,0.1533743723481047,0.8302325581395349,430
active_melt_TGD_dPL,TGD,dPL_seed42,Active melt,0.1579176847472856,0.8325581395348837,430
active_melt_TGD_dPL,TGD,dPL_seed42,Active melt,0.1594910672742563,0.8348837209302326,430
active_melt_TGD_dPL,TGD,dPL_seed42,Active melt,0.161280162058046,0.8372093023255814,430
active_melt_TGD_dPL,TGD,dPL_seed42,Active melt,0.1618750724900267,0.8395348837209302,430
active_melt_TGD_dPL,TGD,dPL_seed42,Active melt,0.1656960989292873,0.8418604651162791,430
active_melt_TGD_dPL,TGD,dPL_seed42,Active melt,0.1659446679523252,0.8441860465116279,430
active_melt_TGD_dPL,TGD,dPL_seed42,Active melt,0.1685705354326447,0.8465116279069768,430
active_melt_TGD_dPL,TGD,dPL_seed42,Active melt,0.1743146035630105,0.8488372093023255,430
active_melt_TGD_dPL,TGD,dPL_seed42,Active melt,0.175988783479351,0.8511627906976744,430
active_melt_TGD_dPL,TGD,dPL_seed42,Active melt,0.1787906105362643,0.8534883720930233,430
active_melt_TGD_dPL,TGD,dPL_seed42,Active melt,0.1801574845847534,0.8558139534883721,430
active_melt_TGD_dPL,TGD,dPL_seed42,Active melt,0.1840931296931589,0.858139534883721,430
active_melt_TGD_dPL,TGD,dPL_seed42,Active melt,0.1849110259379355,0.8604651162790697,430
active_melt_TGD_dPL,TGD,dPL_seed42,Active melt,0.1882929951742986,0.8627906976744186,430
active_melt_TGD_dPL,TGD,dPL_seed42,Active melt,0.1884715431957386,0.8651162790697674,430
active_melt_TGD_dPL,TGD,dPL_seed42,Active melt,0.1980745726887842,0.8674418604651163,430
active_melt_TGD_dPL,TGD,dPL_seed42,Active melt,0.2005002979164601,0.8697674418604651,430
active_melt_TGD_dPL,TGD,dPL_seed42,Active melt,0.201266929783077,0.872093023255814,430
active_melt_TGD_dPL,TGD,dPL_seed42,Active melt,0.2027748304876688,0.8744186046511628,430
active_melt_TGD_dPL,TGD,dPL_seed42,Active melt,0.2084708956367001,0.8767441860465116,430
active_melt_TGD_dPL,TGD,dPL_seed42,Active melt,0.2117117282056163,0.8790697674418605,430
active_melt_TGD_dPL,TGD,dPL_seed42,Active melt,0.2218690922982065,0.8813953488372093,430
active_melt_TGD_dPL,TGD,dPL_seed42,Active melt,0.2258564331993153,0.8837209302325582,430
active_melt_TGD_dPL,TGD,dPL_seed42,Active melt,0.232193277360888,0.8860465116279069,430
active_melt_TGD_dPL,TGD,dPL_seed42,Active melt,0.2378107531886547,0.8883720930232558,430
active_melt_TGD_dPL,TGD,dPL_seed42,Active melt,0.2435026145115717,0.8906976744186047,430
active_melt_TGD_dPL,TGD,dPL_seed42,Active melt,0.2488138323038908,0.8930232558139535,430
active_melt_TGD_dPL,TGD,dPL_seed42,Active melt,0.2489211510534279,0.8953488372093024,430
active_melt_TGD_dPL,TGD,dPL_seed42,Active melt,0.2548338772795734,0.8976744186046511,430
active_melt_TGD_dPL,TGD,dPL_seed42,Active melt,0.2550933257228254,0.9,430
active_melt_TGD_dPL,TGD,dPL_seed42,Active melt,0.2552022875206852,0.9023255813953488,430
active_melt_TGD_dPL,TGD,dPL_seed42,Active melt,0.2561329396804424,0.9046511627906977,430
active_melt_TGD_dPL,TGD,dPL_seed42,Active melt,0.2572754607796831,0.9069767441860465,430
active_melt_TGD_dPL,TGD,dPL_seed42,Active melt,0.2582500227799603,0.9093023255813953,430
active_melt_TGD_dPL,TGD,dPL_seed42,Active melt,0.2600654142904227,0.9116279069767442,430
active_melt_TGD_dPL,TGD,dPL_seed42,Active melt,0.2606510631364488,0.913953488372093,430
active_melt_TGD_dPL,TGD,dPL_seed42,Active melt,0.2614553026807791,0.9162790697674419,430
active_melt_TGD_dPL,TGD,dPL_seed42,Active melt,0.2630741729370941,0.9186046511627907,430
active_melt_TGD_dPL,TGD,dPL_seed42,Active melt,0.2643005573906646,0.9209302325581395,430
active_melt_TGD_dPL,TGD,dPL_seed42,Active melt,0.266288780860123,0.9232558139534883,430
active_melt_TGD_dPL,TGD,dPL_seed42,Active melt,0.2666475374657133,0.9255813953488372,430
active_melt_TGD_dPL,TGD,dPL_seed42,Active melt,0.2685033649812709,0.9279069767441861,430
active_melt_TGD_dPL,TGD,dPL_seed42,Active melt,0.2710339768198682,0.9302325581395349,430
active_melt_TGD_dPL,TGD,dPL_seed42,Active melt,0.276208022978281,0.9325581395348838,430
active_melt_TGD_dPL,TGD,dPL_seed42,Active melt,0.276244374177274,0.9348837209302325,430
active_melt_TGD_dPL,TGD,dPL_seed42,Active melt,0.2791474445820216,0.9372093023255814,430
active_melt_TGD_dPL,TGD,dPL_seed42,Active melt,0.2808311924630422,0.9395348837209302,430
active_melt_TGD_dPL,TGD,dPL_seed42,Active melt,0.2815559190356139,0.9418604651162791,430
active_melt_TGD_dPL,TGD,dPL_seed42,Active melt,0.2823590233352815,0.9441860465116279,430
active_melt_TGD_dPL,TGD,dPL_seed42,Active melt,0.3003198891897248,0.9465116279069767,430
active_melt_TGD_dPL,TGD,dPL_seed42,Active melt,0.3015807402122858,0.9488372093023256,430
active_melt_TGD_dPL,TGD,dPL_seed42,Active melt,0.3019007382382732,0.9511627906976744,430
active_melt_TGD_dPL,TGD,dPL_seed42,Active melt,0.3045799144895312,0.9534883720930233,430
active_melt_TGD_dPL,TGD,dPL_seed42,Active melt,0.3094604341824641,0.9558139534883721,430
active_melt_TGD_dPL,TGD,dPL_seed42,Active melt,0.3127674381354883,0.958139534883721,430
active_melt_TGD_dPL,TGD,dPL_seed42,Active melt,0.3228398251217941,0.9604651162790697,430
active_melt_TGD_dPL,TGD,dPL_seed42,Active melt,0.3275847773409993,0.9627906976744186,430
active_melt_TGD_dPL,TGD,dPL_seed42,Active melt,0.3352180398681654,0.9651162790697675,430
active_melt_TGD_dPL,TGD,dPL_seed42,Active melt,0.3446184502473016,0.9674418604651163,430
active_melt_TGD_dPL,TGD,dPL_seed42,Active melt,0.3555653689304051,0.9697674418604652,430
active_melt_TGD_dPL,TGD,dPL_seed42,Active melt,0.3561040061291028,0.9720930232558139,430
active_melt_TGD_dPL,TGD,dPL_seed42,Active melt,0.3562808726972338,0.9744186046511628,430
active_melt_TGD_dPL,TGD,dPL_seed42,Active melt,0.3815151179294728,0.9767441860465116,430
active_melt_TGD_dPL,TGD,dPL_seed42,Active melt,0.3911629805960883,0.9790697674418605,430
active_melt_TGD_dPL,TGD,dPL_seed42,Active melt,0.3988743524427182,0.9813953488372092,430
active_melt_TGD_dPL,TGD,dPL_seed42,Active melt,0.4251864536194168,0.9837209302325581,430
active_melt_TGD_dPL,TGD,dPL_seed42,Active melt,0.4348351111016632,0.986046511627907,430
active_melt_TGD_dPL,TGD,dPL_seed42,Active melt,0.4351677759068995,0.9883720930232558,430
active_melt_TGD_dPL,TGD,dPL_seed42,Active melt,0.4449771083454714,0.9906976744186047,430
active_melt_TGD_dPL,TGD,dPL_seed42,Active melt,0.4457349403941338,0.9930232558139535,430
active_melt_TGD_dPL,TGD,dPL_seed42,Active melt,0.4545841342594694,0.9953488372093023,430
active_melt_TGD_dPL,TGD,dPL_seed42,Active melt,0.4844361989116822,0.9976744186046511,430
active_melt_TGD_dPL,TGD,dPL_seed42,Active melt,0.5736914192481924,1.0,430
active_melt_CN_IC,CN,IC_fused,Active melt,-0.4827862054290005,0.002325581395348837,430
active_melt_CN_IC,CN,IC_fused,Active melt,-0.4749673510243783,0.004651162790697674,430
active_melt_CN_IC,CN,IC_fused,Active melt,-0.4212836984113467,0.0069767441860465115,430
active_melt_CN_IC,CN,IC_fused,Active melt,-0.3862925537364691,0.009302325581395349,430
active_melt_CN_IC,CN,IC_fused,Active melt,-0.3360972344441765,0.011627906976744186,430
active_melt_CN_IC,CN,IC_fused,Active melt,-0.3279162218387448,0.013953488372093023,430
active_melt_CN_IC,CN,IC_fused,Active melt,-0.3003649813939465,0.01627906976744186,430
active_melt_CN_IC,CN,IC_fused,Active melt,-0.2591168270056031,0.018604651162790697,430
active_melt_CN_IC,CN,IC_fused,Active melt,-0.2491125386077421,0.020930232558139535,430
active_melt_CN_IC,CN,IC_fused,Active melt,-0.2374093679463045,0.023255813953488372,430
active_melt_CN_IC,CN,IC_fused,Active melt,-0.2339063944492121,0.02558139534883721,430
active_melt_CN_IC,CN,IC_fused,Active melt,-0.2315680262515175,0.027906976744186046,430
active_melt_CN_IC,CN,IC_fused,Active melt,-0.2141041007336974,0.030232558139534883,430
active_melt_CN_IC,CN,IC_fused,Active melt,-0.2057320741071436,0.03255813953488372,430
active_melt_CN_IC,CN,IC_fused,Active melt,-0.2048543488946645,0.03488372093023256,430
active_melt_CN_IC,CN,IC_fused,Active melt,-0.1865799363894638,0.037209302325581395,430
active_melt_CN_IC,CN,IC_fused,Active melt,-0.1811390339811392,0.03953488372093023,430
active_melt_CN_IC,CN,IC_fused,Active melt,-0.167579461678481,0.04186046511627907,430
active_melt_CN_IC,CN,IC_fused,Active melt,-0.1631487870559089,0.044186046511627906,430
active_melt_CN_IC,CN,IC_fused,Active melt,-0.1580723376229746,0.046511627906976744,430
active_melt_CN_IC,CN,IC_fused,Active melt,-0.1572585579093559,0.04883720930232558,430
active_melt_CN_IC,CN,IC_fused,Active melt,-0.1540242578728637,0.05116279069767442,430
active_melt_CN_IC,CN,IC_fused,Active melt,-0.1485549182793522,0.053488372093023255,430
active_melt_CN_IC,CN,IC_fused,Active melt,-0.1428172369622682,0.05581395348837209,430
active_melt_CN_IC,CN,IC_fused,Active melt,-0.141812474744142,0.05813953488372093,430
active_melt_CN_IC,CN,IC_fused,Active melt,-0.1375714090097446,0.06046511627906977,430
active_melt_CN_IC,CN,IC_fused,Active melt,-0.1334038631284525,0.06279069767441861,430
active_melt_CN_IC,CN,IC_fused,Active melt,-0.1220960412901084,0.06511627906976744,430
active_melt_CN_IC,CN,IC_fused,Active melt,-0.1203961363916482,0.06744186046511629,430
active_melt_CN_IC,CN,IC_fused,Active melt,-0.1198272249569352,0.06976744186046512,430
active_melt_CN_IC,CN,IC_fused,Active melt,-0.1187565325509745,0.07209302325581396,430
active_melt_CN_IC,CN,IC_fused,Active melt,-0.1049582314283399,0.07441860465116279,430
active_melt_CN_IC,CN,IC_fused,Active melt,-0.098630957642928,0.07674418604651163,430
active_melt_CN_IC,CN,IC_fused,Active melt,-0.0948420937267522,0.07906976744186046,430
active_melt_CN_IC,CN,IC_fused,Active melt,-0.0859593880997071,0.08139534883720931,430
active_melt_CN_IC,CN,IC_fused,Active melt,-0.0801920514390369,0.08372093023255814,430
active_melt_CN_IC,CN,IC_fused,Active melt,-0.0796089510393328,0.08604651162790698,430
active_melt_CN_IC,CN,IC_fused,Active melt,-0.0773447160369196,0.08837209302325581,430
active_melt_CN_IC,CN,IC_fused,Active melt,-0.0767575368498617,0.09069767441860466,430
active_melt_CN_IC,CN,IC_fused,Active melt,-0.075936271683683,0.09302325581395349,430
active_melt_CN_IC,CN,IC_fused,Active melt,-0.0749190126264078,0.09534883720930233,430
active_melt_CN_IC,CN,IC_fused,Active melt,-0.0700749020388895,0.09767441860465116,430
active_melt_CN_IC,CN,IC_fused,Active melt,-0.0664315839812446,0.1,430
active_melt_CN_IC,CN,IC_fused,Active melt,-0.0656267250827866,0.10232558139534884,430
active_melt_CN_IC,CN,IC_fused,Active melt,-0.0647747734900038,0.10465116279069768,430
active_melt_CN_IC,CN,IC_fused,Active melt,-0.06336147870431,0.10697674418604651,430
active_melt_CN_IC,CN,IC_fused,Active melt,-0.0621191927583114,0.10930232558139535,430
active_melt_CN_IC,CN,IC_fused,Active melt,-0.0589023642432549,0.11162790697674418,430
active_melt_CN_IC,CN,IC_fused,Active melt,-0.055243973738347,0.11395348837209303,430
active_melt_CN_IC,CN,IC_fused,Active melt,-0.0551832291000873,0.11627906976744186,430
active_melt_CN_IC,CN,IC_fused,Active melt,-0.0540607834661206,0.1186046511627907,430
active_melt_CN_IC,CN,IC_fused,Active melt,-0.0496927976877632,0.12093023255813953,430
active_melt_CN_IC,CN,IC_fused,Active melt,-0.0488632200961575,0.12325581395348838,430
active_melt_CN_IC,CN,IC_fused,Active melt,-0.0474731774538815,0.12558139534883722,430
active_melt_CN_IC,CN,IC_fused,Active melt,-0.0459074062150749,0.12790697674418605,430
active_melt_CN_IC,CN,IC_fused,Active melt,-0.0435727794775632,0.13023255813953488,430
active_melt_CN_IC,CN,IC_fused,Active melt,-0.0415719639582173,0.1325581395348837,430
active_melt_CN_IC,CN,IC_fused,Active melt,-0.0372604711071755,0.13488372093023257,430
active_melt_CN_IC,CN,IC_fused,Active melt,-0.0370948273586289,0.1372093023255814,430
active_melt_CN_IC,CN,IC_fused,Active melt,-0.0366807382098182,0.13953488372093023,430
active_melt_CN_IC,CN,IC_fused,Active melt,-0.0345931260991513,0.14186046511627906,430
active_melt_CN_IC,CN,IC_fused,Active melt,-0.0322051927668871,0.14418604651162792,430
active_melt_CN_IC,CN,IC_fused,Active melt,-0.0318824915550297,0.14651162790697675,430
active_melt_CN_IC,CN,IC_fused,Active melt,-0.0307755062747883,0.14883720930232558,430
active_melt_CN_IC,CN,IC_fused,Active melt,-0.0306356273256054,0.1511627906976744,430
active_melt_CN_IC,CN,IC_fused,Active melt,-0.0306141232225419,0.15348837209302327,430
active_melt_CN_IC,CN,IC_fused,Active melt,-0.0295270522740845,0.1558139534883721,430
active_melt_CN_IC,CN,IC_fused,Active melt,-0.0292829279255605,0.15813953488372093,430
active_melt_CN_IC,CN,IC_fused,Active melt,-0.0282047421645484,0.16046511627906976,430
active_melt_CN_IC,CN,IC_fused,Active melt,-0.027546784811103,0.16279069767441862,430
active_melt_CN_IC,CN,IC_fused,Active melt,-0.0247514303540854,0.16511627906976745,430
active_melt_CN_IC,CN,IC_fused,Active melt,-0.0245007083203924,0.16744186046511628,430
active_melt_CN_IC,CN,IC_fused,Active melt,-0.0233933372617004,0.1697674418604651,430
active_melt_CN_IC,CN,IC_fused,Active melt,-0.0231981455175843,0.17209302325581396,430
active_melt_CN_IC,CN,IC_fused,Active melt,-0.0229268488167493,0.1744186046511628,430
active_melt_CN_IC,CN,IC_fused,Active melt,-0.019583631305973,0.17674418604651163,430
active_melt_CN_IC,CN,IC_fused,Active melt,-0.0190954317883954,0.17906976744186046,430
active_melt_CN_IC,CN,IC_fused,Active melt,-0.0170893526942991,0.1813953488372093,430
active_melt_CN_IC,CN,IC_fused,Active melt,-0.0169673544285798,0.18372093023255814,430
active_melt_CN_IC,CN,IC_fused,Active melt,-0.0167632530777965,0.18604651162790697,430
active_melt_CN_IC,CN,IC_fused,Active melt,-0.0158393934455417,0.1883720930232558,430
active_melt_CN_IC,CN,IC_fused,Active melt,-0.0137804434649388,0.19069767441860466,430
active_melt_CN_IC,CN,IC_fused,Active melt,-0.0131987845598307,0.1930232558139535,430
active_melt_CN_IC,CN,IC_fused,Active melt,-0.0126383653378108,0.19534883720930232,430
active_melt_CN_IC,CN,IC_fused,Active melt,-0.0105455372734408,0.19767441860465115,430
active_melt_CN_IC,CN,IC_fused,Active melt,-0.0079113245573517,0.2,430
active_melt_CN_IC,CN,IC_fused,Active melt,-0.0068319735145616,0.20232558139534884,430
active_melt_CN_IC,CN,IC_fused,Active melt,-0.0044221760121874,0.20465116279069767,430
active_melt_CN_IC,CN,IC_fused,Active melt,-0.0028638637662163,0.2069767441860465,430
active_melt_CN_IC,CN,IC_fused,Active melt,-0.0027408800136395,0.20930232558139536,430
active_melt_CN_IC,CN,IC_fused,Active melt,-0.0007985458673533,0.2116279069767442,430
active_melt_CN_IC,CN,IC_fused,Active melt,0.0003417833017911,0.21395348837209302,430
active_melt_CN_IC,CN,IC_fused,Active melt,0.0004142328006122,0.21627906976744185,430
active_melt_CN_IC,CN,IC_fused,Active melt,0.0022091925655004,0.2186046511627907,430
active_melt_CN_IC,CN,IC_fused,Active melt,0.0027330997977326,0.22093023255813954,430
active_melt_CN_IC,CN,IC_fused,Active melt,0.0029760223844678,0.22325581395348837,430
active_melt_CN_IC,CN,IC_fused,Active melt,0.0036881909934136,0.2255813953488372,430
active_melt_CN_IC,CN,IC_fused,Active melt,0.0053010935457701,0.22790697674418606,430
active_melt_CN_IC,CN,IC_fused,Active melt,0.0053024136096836,0.2302325581395349,430
active_melt_CN_IC,CN,IC_fused,Active melt,0.006796532825391,0.23255813953488372,430
active_melt_CN_IC,CN,IC_fused,Active melt,0.0075439010017613,0.23488372093023255,430
active_melt_CN_IC,CN,IC_fused,Active melt,0.0081771685523762,0.2372093023255814,430
active_melt_CN_IC,CN,IC_fused,Active melt,0.008215678231048,0.23953488372093024,430
active_melt_CN_IC,CN,IC_fused,Active melt,0.0084873558410085,0.24186046511627907,430
active_melt_CN_IC,CN,IC_fused,Active melt,0.0128972573935612,0.2441860465116279,430
active_melt_CN_IC,CN,IC_fused,Active melt,0.0132756412710318,0.24651162790697675,430
active_melt_CN_IC,CN,IC_fused,Active melt,0.0144687231712448,0.24883720930232558,430
active_melt_CN_IC,CN,IC_fused,Active melt,0.0147465045476045,0.25116279069767444,430
active_melt_CN_IC,CN,IC_fused,Active melt,0.0148828423852496,0.2534883720930233,430
active_melt_CN_IC,CN,IC_fused,Active melt,0.015039596525038,0.2558139534883721,430
active_melt_CN_IC,CN,IC_fused,Active melt,0.0158895385252905,0.25813953488372093,430
active_melt_CN_IC,CN,IC_fused,Active melt,0.0162461499611451,0.26046511627906976,430
active_melt_CN_IC,CN,IC_fused,Active melt,0.0182968969433314,0.2627906976744186,430
active_melt_CN_IC,CN,IC_fused,Active melt,0.0183914998957236,0.2651162790697674,430
active_melt_CN_IC,CN,IC_fused,Active melt,0.021249943177232,0.26744186046511625,430
active_melt_CN_IC,CN,IC_fused,Active melt,0.0215799907149605,0.26976744186046514,430
active_melt_CN_IC,CN,IC_fused,Active melt,0.0227902112624467,0.27209302325581397,430
active_melt_CN_IC,CN,IC_fused,Active melt,0.0228774439603341,0.2744186046511628,430
active_melt_CN_IC,CN,IC_fused,Active melt,0.0234362140487306,0.27674418604651163,430
active_melt_CN_IC,CN,IC_fused,Active melt,0.0250023171798312,0.27906976744186046,430
active_melt_CN_IC,CN,IC_fused,Active melt,0.0281250871610763,0.2813953488372093,430
active_melt_CN_IC,CN,IC_fused,Active melt,0.0284760312987025,0.2837209302325581,430
active_melt_CN_IC,CN,IC_fused,Active melt,0.0291325692709627,0.28604651162790695,430
active_melt_CN_IC,CN,IC_fused,Active melt,0.0297574141378359,0.28837209302325584,430
active_melt_CN_IC,CN,IC_fused,Active melt,0.0301239054484593,0.29069767441860467,430
active_melt_CN_IC,CN,IC_fused,Active melt,0.0305787459698704,0.2930232558139535,430
active_melt_CN_IC,CN,IC_fused,Active melt,0.0307251647199967,0.29534883720930233,430
active_melt_CN_IC,CN,IC_fused,Active melt,0.0321518237466567,0.29767441860465116,430
active_melt_CN_IC,CN,IC_fused,Active melt,0.0329831567817766,0.3,430
active_melt_CN_IC,CN,IC_fused,Active melt,0.0343065531050318,0.3023255813953488,430
active_melt_CN_IC,CN,IC_fused,Active melt,0.0354679694874547,0.30465116279069765,430
active_melt_CN_IC,CN,IC_fused,Active melt,0.0356587456280397,0.30697674418604654,430
active_melt_CN_IC,CN,IC_fused,Active melt,0.0357513638883659,0.30930232558139537,430
active_melt_CN_IC,CN,IC_fused,Active melt,0.0368803913140765,0.3116279069767442,430
active_melt_CN_IC,CN,IC_fused,Active melt,0.0371954923475249,0.313953488372093,430
active_melt_CN_IC,CN,IC_fused,Active melt,0.0378191422806425,0.31627906976744186,430
active_melt_CN_IC,CN,IC_fused,Active melt,0.0381931918699089,0.3186046511627907,430
active_melt_CN_IC,CN,IC_fused,Active melt,0.0396018882901458,0.3209302325581395,430
active_melt_CN_IC,CN,IC_fused,Active melt,0.0397381644040341,0.32325581395348835,430
active_melt_CN_IC,CN,IC_fused,Active melt,0.0400302064093514,0.32558139534883723,430
active_melt_CN_IC,CN,IC_fused,Active melt,0.0428273028066323,0.32790697674418606,430
active_melt_CN_IC,CN,IC_fused,Active melt,0.0474671771055679,0.3302325581395349,430
active_melt_CN_IC,CN,IC_fused,Active melt,0.0476227999853652,0.3325581395348837,430
active_melt_CN_IC,CN,IC_fused,Active melt,0.0502792645798862,0.33488372093023255,430
active_melt_CN_IC,CN,IC_fused,Active melt,0.0528901869037906,0.3372093023255814,430
active_melt_CN_IC,CN,IC_fused,Active melt,0.054143980649446,0.3395348837209302,430
active_melt_CN_IC,CN,IC_fused,Active melt,0.0546700602393334,0.34186046511627904,430
active_melt_CN_IC,CN,IC_fused,Active melt,0.0561012458879787,0.34418604651162793,430
active_melt_CN_IC,CN,IC_fused,Active melt,0.0567972764227601,0.34651162790697676,430
active_melt_CN_IC,CN,IC_fused,Active melt,0.0575047537588095,0.3488372093023256,430
active_melt_CN_IC,CN,IC_fused,Active melt,0.0576470691331695,0.3511627906976744,430
active_melt_CN_IC,CN,IC_fused,Active melt,0.0582328065854341,0.35348837209302325,430
active_melt_CN_IC,CN,IC_fused,Active melt,0.0588136722846178,0.3558139534883721,430
active_melt_CN_IC,CN,IC_fused,Active melt,0.0603952036705619,0.3581395348837209,430
active_melt_CN_IC,CN,IC_fused,Active melt,0.0619877381998502,0.36046511627906974,430
active_melt_CN_IC,CN,IC_fused,Active melt,0.0626058224764067,0.3627906976744186,430
active_melt_CN_IC,CN,IC_fused,Active melt,0.0628079434607176,0.36511627906976746,430
active_melt_CN_IC,CN,IC_fused,Active melt,0.0635948003647624,0.3674418604651163,430
active_melt_CN_IC,CN,IC_fused,Active melt,0.0637324337545529,0.3697674418604651,430
active_melt_CN_IC,CN,IC_fused,Active melt,0.06422957277776,0.37209302325581395,430
active_melt_CN_IC,CN,IC_fused,Active melt,0.0646652434895261,0.3744186046511628,430
active_melt_CN_IC,CN,IC_fused,Active melt,0.0654474949594777,0.3767441860465116,430
active_melt_CN_IC,CN,IC_fused,Active melt,0.0674111349690209,0.37906976744186044,430
active_melt_CN_IC,CN,IC_fused,Active melt,0.0685459260003439,0.3813953488372093,430
active_melt_CN_IC,CN,IC_fused,Active melt,0.0688854368265803,0.38372093023255816,430
active_melt_CN_IC,CN,IC_fused,Active melt,0.068890024614359,0.386046511627907,430
active_melt_CN_IC,CN,IC_fused,Active melt,0.0696999818882162,0.3883720930232558,430
active_melt_CN_IC,CN,IC_fused,Active melt,0.0698580478753465,0.39069767441860465,430
active_melt_CN_IC,CN,IC_fused,Active melt,0.0717068032285276,0.3930232558139535,430
active_melt_CN_IC,CN,IC_fused,Active melt,0.0724043558524719,0.3953488372093023,430
active_melt_CN_IC,CN,IC_fused,Active melt,0.0755469044553133,0.39767441860465114,430
active_melt_CN_IC,CN,IC_fused,Active melt,0.0796399636869228,0.4,430
active_melt_CN_IC,CN,IC_fused,Active melt,0.0818919850672479,0.40232558139534885,430
active_melt_CN_IC,CN,IC_fused,Active melt,0.0830171083951463,0.4046511627906977,430
active_melt_CN_IC,CN,IC_fused,Active melt,0.0831185546414685,0.4069767441860465,430
active_melt_CN_IC,CN,IC_fused,Active melt,0.0831564501016823,0.40930232558139534,430
active_melt_CN_IC,CN,IC_fused,Active melt,0.0836954043569928,0.4116279069767442,430
active_melt_CN_IC,CN,IC_fused,Active melt,0.0860611328810294,0.413953488372093,430
active_melt_CN_IC,CN,IC_fused,Active melt,0.0897040772417404,0.41627906976744183,430
active_melt_CN_IC,CN,IC_fused,Active melt,0.0904013064841762,0.4186046511627907,430
active_melt_CN_IC,CN,IC_fused,Active melt,0.097871603257951,0.42093023255813955,430
active_melt_CN_IC,CN,IC_fused,Active melt,0.0983970963335335,0.4232558139534884,430
active_melt_CN_IC,CN,IC_fused,Active melt,0.0984562751701652,0.4255813953488372,430
active_melt_CN_IC,CN,IC_fused,Active melt,0.0988485485783785,0.42790697674418604,430
active_melt_CN_IC,CN,IC_fused,Active melt,0.1004592312283683,0.43023255813953487,430
active_melt_CN_IC,CN,IC_fused,Active melt,0.101129598836967,0.4325581395348837,430
active_melt_CN_IC,CN,IC_fused,Active melt,0.102170490927019,0.43488372093023253,430
active_melt_CN_IC,CN,IC_fused,Active melt,0.1041876686516519,0.4372093023255814,430
active_melt_CN_IC,CN,IC_fused,Active melt,0.105816701243569,0.43953488372093025,430
active_melt_CN_IC,CN,IC_fused,Active melt,0.1065119178691576,0.4418604651162791,430
active_melt_CN_IC,CN,IC_fused,Active melt,0.1075553828587702,0.4441860465116279,430
active_melt_CN_IC,CN,IC_fused,Active melt,0.1081960796025295,0.44651162790697674,430
active_melt_CN_IC,CN,IC_fused,Active melt,0.1115410020305601,0.44883720930232557,430
active_melt_CN_IC,CN,IC_fused,Active melt,0.1118405297207757,0.4511627906976744,430
active_melt_CN_IC,CN,IC_fused,Active melt,0.1133561778368627,0.45348837209302323,430
active_melt_CN_IC,CN,IC_fused,Active melt,0.1141373370293036,0.4558139534883721,430
active_melt_CN_IC,CN,IC_fused,Active melt,0.1155753633011069,0.45813953488372094,430
active_melt_CN_IC,CN,IC_fused,Active melt,0.116122380962717,0.4604651162790698,430
active_melt_CN_IC,CN,IC_fused,Active melt,0.1164521059486425,0.4627906976744186,430
active_melt_CN_IC,CN,IC_fused,Active melt,0.117974975139468,0.46511627906976744,430
active_melt_CN_IC,CN,IC_fused,Active melt,0.1187343367749075,0.46744186046511627,430
active_melt_CN_IC,CN,IC_fused,Active melt,0.1190129114141034,0.4697674418604651,430
active_melt_CN_IC,CN,IC_fused,Active melt,0.1192151494916116,0.4720930232558139,430
active_melt_CN_IC,CN,IC_fused,Active melt,0.120610409089009,0.4744186046511628,430
active_melt_CN_IC,CN,IC_fused,Active melt,0.1249442525476471,0.47674418604651164,430
active_melt_CN_IC,CN,IC_fused,Active melt,0.1281421053859051,0.4790697674418605,430
active_melt_CN_IC,CN,IC_fused,Active melt,0.1285130009838945,0.4813953488372093,430
active_melt_CN_IC,CN,IC_fused,Active melt,0.1286151226649421,0.48372093023255813,430
active_melt_CN_IC,CN,IC_fused,Active melt,0.1293206185455074,0.48604651162790696,430
active_melt_CN_IC,CN,IC_fused,Active melt,0.1321458665251722,0.4883720930232558,430
active_melt_CN_IC,CN,IC_fused,Active melt,0.1324718343848236,0.4906976744186046,430
active_melt_CN_IC,CN,IC_fused,Active melt,0.1340171493831443,0.4930232558139535,430
active_melt_CN_IC,CN,IC_fused,Active melt,0.1362570765032514,0.49534883720930234,430
active_melt_CN_IC,CN,IC_fused,Active melt,0.1370619045528211,0.49767441860465117,430
active_melt_CN_IC,CN,IC_fused,Active melt,0.1396906239630288,0.5,430
active_melt_CN_IC,CN,IC_fused,Active melt,0.1401234602194406,0.5023255813953489,430
active_melt_CN_IC,CN,IC_fused,Active melt,0.140211449325606,0.5046511627906977,430
active_melt_CN_IC,CN,IC_fused,Active melt,0.1402962896061866,0.5069767441860465,430
active_melt_CN_IC,CN,IC_fused,Active melt,0.1408682165706731,0.5093023255813953,430
active_melt_CN_IC,CN,IC_fused,Active melt,0.1416285776981095,0.5116279069767442,430
active_melt_CN_IC,CN,IC_fused,Active melt,0.1442476150495467,0.513953488372093,430
active_melt_CN_IC,CN,IC_fused,Active melt,0.1442901028474223,0.5162790697674419,430
active_melt_CN_IC,CN,IC_fused,Active melt,0.1489711372483016,0.5186046511627908,430
active_melt_CN_IC,CN,IC_fused,Active melt,0.1543850928307428,0.5209302325581395,430
active_melt_CN_IC,CN,IC_fused,Active melt,0.1557885373925111,0.5232558139534884,430
active_melt_CN_IC,CN,IC_fused,Active melt,0.155815887912821,0.5255813953488372,430
active_melt_CN_IC,CN,IC_fused,Active melt,0.159277584443428,0.5279069767441861,430
active_melt_CN_IC,CN,IC_fused,Active melt,0.1614395537103826,0.5302325581395348,430
active_melt_CN_IC,CN,IC_fused,Active melt,0.1650654710834824,0.5325581395348837,430
active_melt_CN_IC,CN,IC_fused,Active melt,0.1661572765485752,0.5348837209302325,430
active_melt_CN_IC,CN,IC_fused,Active melt,0.1664656453233152,0.5372093023255814,430
active_melt_CN_IC,CN,IC_fused,Active melt,0.1676634829654982,0.5395348837209303,430
active_melt_CN_IC,CN,IC_fused,Active melt,0.1682264632905922,0.541860465116279,430
active_melt_CN_IC,CN,IC_fused,Active melt,0.1693672849309578,0.5441860465116279,430
active_melt_CN_IC,CN,IC_fused,Active melt,0.1716378162354511,0.5465116279069767,430
active_melt_CN_IC,CN,IC_fused,Active melt,0.1730543164062495,0.5488372093023256,430
active_melt_CN_IC,CN,IC_fused,Active melt,0.1754906963134352,0.5511627906976744,430
active_melt_CN_IC,CN,IC_fused,Active melt,0.1757339695483362,0.5534883720930233,430
active_melt_CN_IC,CN,IC_fused,Active melt,0.1775219754630632,0.5558139534883721,430
active_melt_CN_IC,CN,IC_fused,Active melt,0.178775122872814,0.5581395348837209,430
active_melt_CN_IC,CN,IC_fused,Active melt,0.1802104598975554,0.5604651162790698,430
active_melt_CN_IC,CN,IC_fused,Active melt,0.1805511619463942,0.5627906976744186,430
active_melt_CN_IC,CN,IC_fused,Active melt,0.1855200694879009,0.5651162790697675,430
active_melt_CN_IC,CN,IC_fused,Active melt,0.1945174797429302,0.5674418604651162,430
active_melt_CN_IC,CN,IC_fused,Active melt,0.195123839877411,0.5697674418604651,430
active_melt_CN_IC,CN,IC_fused,Active melt,0.1953807141878197,0.5720930232558139,430
active_melt_CN_IC,CN,IC_fused,Active melt,0.1974022984178088,0.5744186046511628,430
active_melt_CN_IC,CN,IC_fused,Active melt,0.1996861543546278,0.5767441860465117,430
active_melt_CN_IC,CN,IC_fused,Active melt,0.199803514601874,0.5790697674418605,430
active_melt_CN_IC,CN,IC_fused,Active melt,0.2005415687772311,0.5813953488372093,430
active_melt_CN_IC,CN,IC_fused,Active melt,0.2009861768584396,0.5837209302325581,430
active_melt_CN_IC,CN,IC_fused,Active melt,0.2017102688118738,0.586046511627907,430
active_melt_CN_IC,CN,IC_fused,Active melt,0.2045937608399,0.5883720930232558,430
active_melt_CN_IC,CN,IC_fused,Active melt,0.2081576444311602,0.5906976744186047,430
active_melt_CN_IC,CN,IC_fused,Active melt,0.2156087304099142,0.5930232558139535,430
active_melt_CN_IC,CN,IC_fused,Active melt,0.2166570655032739,0.5953488372093023,430
active_melt_CN_IC,CN,IC_fused,Active melt,0.2211981194917218,0.5976744186046512,430
active_melt_CN_IC,CN,IC_fused,Active melt,0.2226642091817766,0.6,430
active_melt_CN_IC,CN,IC_fused,Active melt,0.2239190333274238,0.6023255813953489,430
active_melt_CN_IC,CN,IC_fused,Active melt,0.2244501002795201,0.6046511627906976,430
active_melt_CN_IC,CN,IC_fused,Active melt,0.2245557502289716,0.6069767441860465,430
active_melt_CN_IC,CN,IC_fused,Active melt,0.2313000410211143,0.6093023255813953,430
active_melt_CN_IC,CN,IC_fused,Active melt,0.2320399905467449,0.6116279069767442,430
active_melt_CN_IC,CN,IC_fused,Active melt,0.2465114793846731,0.6139534883720931,430
active_melt_CN_IC,CN,IC_fused,Active melt,0.2499869567495035,0.6162790697674418,430
active_melt_CN_IC,CN,IC_fused,Active melt,0.2506757182350521,0.6186046511627907,430
active_melt_CN_IC,CN,IC_fused,Active melt,0.2532386116970673,0.6209302325581395,430
active_melt_CN_IC,CN,IC_fused,Active melt,0.2603196979068676,0.6232558139534884,430
active_melt_CN_IC,CN,IC_fused,Active melt,0.2607304197428747,0.6255813953488372,430
active_melt_CN_IC,CN,IC_fused,Active melt,0.2609776525147571,0.627906976744186,430
active_melt_CN_IC,CN,IC_fused,Active melt,0.2628568974041126,0.6302325581395349,430
active_melt_CN_IC,CN,IC_fused,Active melt,0.2700155448013576,0.6325581395348837,430
active_melt_CN_IC,CN,IC_fused,Active melt,0.2701686028132806,0.6348837209302326,430
active_melt_CN_IC,CN,IC_fused,Active melt,0.2734494208213979,0.6372093023255814,430
active_melt_CN_IC,CN,IC_fused,Active melt,0.2748180385465306,0.6395348837209303,430
active_melt_CN_IC,CN,IC_fused,Active melt,0.2776192680511873,0.641860465116279,430
active_melt_CN_IC,CN,IC_fused,Active melt,0.2790290204140814,0.6441860465116279,430
active_melt_CN_IC,CN,IC_fused,Active melt,0.2855730837452763,0.6465116279069767,430
active_melt_CN_IC,CN,IC_fused,Active melt,0.2869924729205521,0.6488372093023256,430
active_melt_CN_IC,CN,IC_fused,Active melt,0.2887969218284272,0.6511627906976745,430
active_melt_CN_IC,CN,IC_fused,Active melt,0.2902410328981319,0.6534883720930232,430
active_melt_CN_IC,CN,IC_fused,Active melt,0.2913899687939209,0.6558139534883721,430
active_melt_CN_IC,CN,IC_fused,Active melt,0.2914464012240348,0.6581395348837209,430
active_melt_CN_IC,CN,IC_fused,Active melt,0.2940067555524711,0.6604651162790698,430
active_melt_CN_IC,CN,IC_fused,Active melt,0.2959954096082969,0.6627906976744186,430
active_melt_CN_IC,CN,IC_fused,Active melt,0.2985311297442829,0.6651162790697674,430
active_melt_CN_IC,CN,IC_fused,Active melt,0.307143835773058,0.6674418604651163,430
active_melt_CN_IC,CN,IC_fused,Active melt,0.3138952190596353,0.6697674418604651,430
active_melt_CN_IC,CN,IC_fused,Active melt,0.3150812590478248,0.672093023255814,430
active_melt_CN_IC,CN,IC_fused,Active melt,0.3174241520251867,0.6744186046511628,430
active_melt_CN_IC,CN,IC_fused,Active melt,0.3208190170041216,0.6767441860465117,430
active_melt_CN_IC,CN,IC_fused,Active melt,0.32172703035363,0.6790697674418604,430
active_melt_CN_IC,CN,IC_fused,Active melt,0.3250275154322432,0.6813953488372093,430
active_melt_CN_IC,CN,IC_fused,Active melt,0.3304143233182481,0.6837209302325581,430
active_melt_CN_IC,CN,IC_fused,Active melt,0.3348670951467588,0.686046511627907,430
active_melt_CN_IC,CN,IC_fused,Active melt,0.3354154127004323,0.6883720930232559,430
active_melt_CN_IC,CN,IC_fused,Active melt,0.3445434014505715,0.6906976744186046,430
active_melt_CN_IC,CN,IC_fused,Active melt,0.3447395380525709,0.6930232558139535,430
active_melt_CN_IC,CN,IC_fused,Active melt,0.3452057502560511,0.6953488372093023,430
active_melt_CN_IC,CN,IC_fused,Active melt,0.3455145414717777,0.6976744186046512,430
active_melt_CN_IC,CN,IC_fused,Active melt,0.346273955942993,0.7,430
active_melt_CN_IC,CN,IC_fused,Active melt,0.3482967009734045,0.7023255813953488,430
active_melt_CN_IC,CN,IC_fused,Active melt,0.3520939429842608,0.7046511627906977,430
active_melt_CN_IC,CN,IC_fused,Active melt,0.3528675206444703,0.7069767441860465,430
active_melt_CN_IC,CN,IC_fused,Active melt,0.3609684272184216,0.7093023255813954,430
active_melt_CN_IC,CN,IC_fused,Active melt,0.3618018084219915,0.7116279069767442,430
active_melt_CN_IC,CN,IC_fused,Active melt,0.3631727811538544,0.713953488372093,430
active_melt_CN_IC,CN,IC_fused,Active melt,0.3693750708966862,0.7162790697674418,430
active_melt_CN_IC,CN,IC_fused,Active melt,0.3695366027693262,0.7186046511627907,430
active_melt_CN_IC,CN,IC_fused,Active melt,0.3707960077733224,0.7209302325581395,430
active_melt_CN_IC,CN,IC_fused,Active melt,0.3709653054301874,0.7232558139534884,430
active_melt_CN_IC,CN,IC_fused,Active melt,0.3717869291056784,0.7255813953488373,430
active_melt_CN_IC,CN,IC_fused,Active melt,0.3734066307588136,0.727906976744186,430
active_melt_CN_IC,CN,IC_fused,Active melt,0.3823221005544051,0.7302325581395349,430
active_melt_CN_IC,CN,IC_fused,Active melt,0.3830107839704984,0.7325581395348837,430
active_melt_CN_IC,CN,IC_fused,Active melt,0.3851095335263466,0.7348837209302326,430
active_melt_CN_IC,CN,IC_fused,Active melt,0.3951486295272099,0.7372093023255814,430
active_melt_CN_IC,CN,IC_fused,Active melt,0.3971693717151883,0.7395348837209302,430
active_melt_CN_IC,CN,IC_fused,Active melt,0.3983327956700094,0.7418604651162791,430
active_melt_CN_IC,CN,IC_fused,Active melt,0.400447869662815,0.7441860465116279,430
active_melt_CN_IC,CN,IC_fused,Active melt,0.4006767632115772,0.7465116279069768,430
active_melt_CN_IC,CN,IC_fused,Active melt,0.4009847043601339,0.7488372093023256,430
active_melt_CN_IC,CN,IC_fused,Active melt,0.4018786147913822,0.7511627906976744,430
active_melt_CN_IC,CN,IC_fused,Active melt,0.40347695252486,0.7534883720930232,430
active_melt_CN_IC,CN,IC_fused,Active melt,0.4065590198250596,0.7558139534883721,430
active_melt_CN_IC,CN,IC_fused,Active melt,0.4120628370733359,0.7581395348837209,430
active_melt_CN_IC,CN,IC_fused,Active melt,0.4154257668546764,0.7604651162790698,430
active_melt_CN_IC,CN,IC_fused,Active melt,0.4155889404152594,0.7627906976744186,430
active_melt_CN_IC,CN,IC_fused,Active melt,0.4252873287915407,0.7651162790697674,430
active_melt_CN_IC,CN,IC_fused,Active melt,0.4312330005468055,0.7674418604651163,430
active_melt_CN_IC,CN,IC_fused,Active melt,0.4338450107067925,0.7697674418604651,430
active_melt_CN_IC,CN,IC_fused,Active melt,0.4347360828716859,0.772093023255814,430
active_melt_CN_IC,CN,IC_fused,Active melt,0.4403180358944588,0.7744186046511627,430
active_melt_CN_IC,CN,IC_fused,Active melt,0.4467434724153839,0.7767441860465116,430
active_melt_CN_IC,CN,IC_fused,Active melt,0.4479410415626255,0.7790697674418605,430
active_melt_CN_IC,CN,IC_fused,Active melt,0.4482788873212396,0.7813953488372093,430
active_melt_CN_IC,CN,IC_fused,Active melt,0.4520467647773261,0.7837209302325582,430
active_melt_CN_IC,CN,IC_fused,Active melt,0.4557427996762931,0.786046511627907,430
active_melt_CN_IC,CN,IC_fused,Active melt,0.4569982516433657,0.7883720930232558,430
active_melt_CN_IC,CN,IC_fused,Active melt,0.4626044969035238,0.7906976744186046,430
active_melt_CN_IC,CN,IC_fused,Active melt,0.463737205739624,0.7930232558139535,430
active_melt_CN_IC,CN,IC_fused,Active melt,0.4658355674178154,0.7953488372093023,430
active_melt_CN_IC,CN,IC_fused,Active melt,0.4667227486516652,0.7976744186046512,430
active_melt_CN_IC,CN,IC_fused,Active melt,0.4680770951605201,0.8,430
active_melt_CN_IC,CN,IC_fused,Active melt,0.4688339424711523,0.8023255813953488,430
active_melt_CN_IC,CN,IC_fused,Active melt,0.4775753563068957,0.8046511627906977,430
active_melt_CN_IC,CN,IC_fused,Active melt,0.4823457530945408,0.8069767441860465,430
active_melt_CN_IC,CN,IC_fused,Active melt,0.4830045067020321,0.8093023255813954,430
active_melt_CN_IC,CN,IC_fused,Active melt,0.4985796446022028,0.8116279069767441,430
active_melt_CN_IC,CN,IC_fused,Active melt,0.499573781140184,0.813953488372093,430
active_melt_CN_IC,CN,IC_fused,Active melt,0.5029708652630305,0.8162790697674419,430
active_melt_CN_IC,CN,IC_fused,Active melt,0.5069421806285848,0.8186046511627907,430
active_melt_CN_IC,CN,IC_fused,Active melt,0.5077428636333935,0.8209302325581396,430
active_melt_CN_IC,CN,IC_fused,Active melt,0.5082276741374636,0.8232558139534883,430
active_melt_CN_IC,CN,IC_fused,Active melt,0.5107249984270957,0.8255813953488372,430
active_melt_CN_IC,CN,IC_fused,Active melt,0.5133455751105398,0.827906976744186,430
active_melt_CN_IC,CN,IC_fused,Active melt,0.522281012021255,0.8302325581395349,430
active_melt_CN_IC,CN,IC_fused,Active melt,0.525675151167202,0.8325581395348837,430
active_melt_CN_IC,CN,IC_fused,Active melt,0.5262445408949846,0.8348837209302326,430
active_melt_CN_IC,CN,IC_fused,Active melt,0.5282213599094172,0.8372093023255814,430
active_melt_CN_IC,CN,IC_fused,Active melt,0.5302738601556038,0.8395348837209302,430
active_melt_CN_IC,CN,IC_fused,Active melt,0.531089027520022,0.8418604651162791,430
active_melt_CN_IC,CN,IC_fused,Active melt,0.5331125165463508,0.8441860465116279,430
active_melt_CN_IC,CN,IC_fused,Active melt,0.5350040985024209,0.8465116279069768,430
active_melt_CN_IC,CN,IC_fused,Active melt,0.538627805946386,0.8488372093023255,430
active_melt_CN_IC,CN,IC_fused,Active melt,0.5396493806653524,0.8511627906976744,430
active_melt_CN_IC,CN,IC_fused,Active melt,0.5415479952127492,0.8534883720930233,430
active_melt_CN_IC,CN,IC_fused,Active melt,0.5447359916555645,0.8558139534883721,430
active_melt_CN_IC,CN,IC_fused,Active melt,0.5447420295336218,0.858139534883721,430
active_melt_CN_IC,CN,IC_fused,Active melt,0.545225249909995,0.8604651162790697,430
active_melt_CN_IC,CN,IC_fused,Active melt,0.5473135867021441,0.8627906976744186,430
active_melt_CN_IC,CN,IC_fused,Active melt,0.5487700115485457,0.8651162790697674,430
active_melt_CN_IC,CN,IC_fused,Active melt,0.5529105026557399,0.8674418604651163,430
active_melt_CN_IC,CN,IC_fused,Active melt,0.5533892172486715,0.8697674418604651,430
active_melt_CN_IC,CN,IC_fused,Active melt,0.5566729468937585,0.872093023255814,430
active_melt_CN_IC,CN,IC_fused,Active melt,0.5567118014573289,0.8744186046511628,430
active_melt_CN_IC,CN,IC_fused,Active melt,0.5574991573418087,0.8767441860465116,430
active_melt_CN_IC,CN,IC_fused,Active melt,0.5585351484914846,0.8790697674418605,430
active_melt_CN_IC,CN,IC_fused,Active melt,0.5588747260251765,0.8813953488372093,430
active_melt_CN_IC,CN,IC_fused,Active melt,0.5615355121227518,0.8837209302325582,430
active_melt_CN_IC,CN,IC_fused,Active melt,0.569534381563837,0.8860465116279069,430
active_melt_CN_IC,CN,IC_fused,Active melt,0.5708922636183497,0.8883720930232558,430
active_melt_CN_IC,CN,IC_fused,Active melt,0.5728395869433859,0.8906976744186047,430
active_melt_CN_IC,CN,IC_fused,Active melt,0.5728670179845796,0.8930232558139535,430
active_melt_CN_IC,CN,IC_fused,Active melt,0.5729822087201052,0.8953488372093024,430
active_melt_CN_IC,CN,IC_fused,Active melt,0.5740926761475785,0.8976744186046511,430
active_melt_CN_IC,CN,IC_fused,Active melt,0.5751310067127755,0.9,430
active_melt_CN_IC,CN,IC_fused,Active melt,0.5751620966393217,0.9023255813953488,430
active_melt_CN_IC,CN,IC_fused,Active melt,0.5790355133381864,0.9046511627906977,430
active_melt_CN_IC,CN,IC_fused,Active melt,0.5791462130746962,0.9069767441860465,430
active_melt_CN_IC,CN,IC_fused,Active melt,0.5839593437396126,0.9093023255813953,430
active_melt_CN_IC,CN,IC_fused,Active melt,0.5993638253638255,0.9116279069767442,430
active_melt_CN_IC,CN,IC_fused,Active melt,0.6006183212014485,0.913953488372093,430
active_melt_CN_IC,CN,IC_fused,Active melt,0.6042539236411293,0.9162790697674419,430
active_melt_CN_IC,CN,IC_fused,Active melt,0.6072871591016122,0.9186046511627907,430
active_melt_CN_IC,CN,IC_fused,Active melt,0.6086208157683535,0.9209302325581395,430
active_melt_CN_IC,CN,IC_fused,Active melt,0.6163418690960861,0.9232558139534883,430
active_melt_CN_IC,CN,IC_fused,Active melt,0.6178320859367301,0.9255813953488372,430
active_melt_CN_IC,CN,IC_fused,Active melt,0.6190028488305119,0.9279069767441861,430
active_melt_CN_IC,CN,IC_fused,Active melt,0.6201180019152019,0.9302325581395349,430
active_melt_CN_IC,CN,IC_fused,Active melt,0.6242166321453283,0.9325581395348838,430
active_melt_CN_IC,CN,IC_fused,Active melt,0.6261599971982422,0.9348837209302325,430
active_melt_CN_IC,CN,IC_fused,Active melt,0.6324019908550627,0.9372093023255814,430
active_melt_CN_IC,CN,IC_fused,Active melt,0.6382513280288369,0.9395348837209302,430
active_melt_CN_IC,CN,IC_fused,Active melt,0.6396091043599583,0.9418604651162791,430
active_melt_CN_IC,CN,IC_fused,Active melt,0.639952362932236,0.9441860465116279,430
active_melt_CN_IC,CN,IC_fused,Active melt,0.6425363760341396,0.9465116279069767,430
active_melt_CN_IC,CN,IC_fused,Active melt,0.6456280822290398,0.9488372093023256,430
active_melt_CN_IC,CN,IC_fused,Active melt,0.64743146296807,0.9511627906976744,430
active_melt_CN_IC,CN,IC_fused,Active melt,0.6543447197502491,0.9534883720930233,430
active_melt_CN_IC,CN,IC_fused,Active melt,0.656842870079934,0.9558139534883721,430
active_melt_CN_IC,CN,IC_fused,Active melt,0.6720358097183268,0.958139534883721,430
active_melt_CN_IC,CN,IC_fused,Active melt,0.6772836288827582,0.9604651162790697,430
active_melt_CN_IC,CN,IC_fused,Active melt,0.6800528582174528,0.9627906976744186,430
active_melt_CN_IC,CN,IC_fused,Active melt,0.6825573086420648,0.9651162790697675,430
active_melt_CN_IC,CN,IC_fused,Active melt,0.7052122267397305,0.9674418604651163,430
active_melt_CN_IC,CN,IC_fused,Active melt,0.7227957465385758,0.9697674418604652,430
active_melt_CN_IC,CN,IC_fused,Active melt,0.727285377666392,0.9720930232558139,430
active_melt_CN_IC,CN,IC_fused,Active melt,0.7773023518490149,0.9744186046511628,430
active_melt_CN_IC,CN,IC_fused,Active melt,0.7976412450763068,0.9767441860465116,430
active_melt_CN_IC,CN,IC_fused,Active melt,0.8010520054106867,0.9790697674418605,430
active_melt_CN_IC,CN,IC_fused,Active melt,0.811633336967741,0.9813953488372092,430
active_melt_CN_IC,CN,IC_fused,Active melt,0.8394161408024277,0.9837209302325581,430
active_melt_CN_IC,CN,IC_fused,Active melt,0.8604389387951679,0.986046511627907,430
active_melt_CN_IC,CN,IC_fused,Active melt,0.875938479014362,0.9883720930232558,430
active_melt_CN_IC,CN,IC_fused,Active melt,0.91364602438472,0.9906976744186047,430
active_melt_CN_IC,CN,IC_fused,Active melt,0.9182981597184748,0.9930232558139535,430
active_melt_CN_IC,CN,IC_fused,Active melt,0.9229016042957456,0.9953488372093023,430
active_melt_CN_IC,CN,IC_fused,Active melt,0.9404330356162712,0.9976744186046511,430
active_melt_CN_IC,CN,IC_fused,Active melt,1.020407656886064,1.0,430
active_melt_CN_dPL,CN,dPL_seed42,Active melt,-0.3398833475139239,0.002325581395348837,430
active_melt_CN_dPL,CN,dPL_seed42,Active melt,-0.3175152400932231,0.004651162790697674,430
active_melt_CN_dPL,CN,dPL_seed42,Active melt,-0.3159572678748163,0.0069767441860465115,430
active_melt_CN_dPL,CN,dPL_seed42,Active melt,-0.2667015771460193,0.009302325581395349,430
active_melt_CN_dPL,CN,dPL_seed42,Active melt,-0.2666083051838281,0.011627906976744186,430
active_melt_CN_dPL,CN,dPL_seed42,Active melt,-0.2638760407809732,0.013953488372093023,430
active_melt_CN_dPL,CN,dPL_seed42,Active melt,-0.2606185230833973,0.01627906976744186,430
active_melt_CN_dPL,CN,dPL_seed42,Active melt,-0.2549237716703166,0.018604651162790697,430
active_melt_CN_dPL,CN,dPL_seed42,Active melt,-0.2476292764340068,0.020930232558139535,430
active_melt_CN_dPL,CN,dPL_seed42,Active melt,-0.2417226960591196,0.023255813953488372,430
active_melt_CN_dPL,CN,dPL_seed42,Active melt,-0.2146271913349606,0.02558139534883721,430
active_melt_CN_dPL,CN,dPL_seed42,Active melt,-0.2000996425625945,0.027906976744186046,430
active_melt_CN_dPL,CN,dPL_seed42,Active melt,-0.1947755349638331,0.030232558139534883,430
active_melt_CN_dPL,CN,dPL_seed42,Active melt,-0.1895127585076782,0.03255813953488372,430
active_melt_CN_dPL,CN,dPL_seed42,Active melt,-0.1884415280052534,0.03488372093023256,430
active_melt_CN_dPL,CN,dPL_seed42,Active melt,-0.1854155332406547,0.037209302325581395,430
active_melt_CN_dPL,CN,dPL_seed42,Active melt,-0.1825503833922477,0.03953488372093023,430
active_melt_CN_dPL,CN,dPL_seed42,Active melt,-0.1627887454032216,0.04186046511627907,430
active_melt_CN_dPL,CN,dPL_seed42,Active melt,-0.1417779468017084,0.044186046511627906,430
active_melt_CN_dPL,CN,dPL_seed42,Active melt,-0.1314988854839489,0.046511627906976744,430
active_melt_CN_dPL,CN,dPL_seed42,Active melt,-0.1291021736052284,0.04883720930232558,430
active_melt_CN_dPL,CN,dPL_seed42,Active melt,-0.128414296711014,0.05116279069767442,430
active_melt_CN_dPL,CN,dPL_seed42,Active melt,-0.1152326523820525,0.053488372093023255,430
active_melt_CN_dPL,CN,dPL_seed42,Active melt,-0.1082290571494442,0.05581395348837209,430
active_melt_CN_dPL,CN,dPL_seed42,Active melt,-0.1066201056622418,0.05813953488372093,430
active_melt_CN_dPL,CN,dPL_seed42,Active melt,-0.1052570493512113,0.06046511627906977,430
active_melt_CN_dPL,CN,dPL_seed42,Active melt,-0.1043778088722204,0.06279069767441861,430
active_melt_CN_dPL,CN,dPL_seed42,Active melt,-0.1031101598651639,0.06511627906976744,430
active_melt_CN_dPL,CN,dPL_seed42,Active melt,-0.1027756218313542,0.06744186046511629,430
active_melt_CN_dPL,CN,dPL_seed42,Active melt,-0.1017628616387746,0.06976744186046512,430
active_melt_CN_dPL,CN,dPL_seed42,Active melt,-0.1013066027912694,0.07209302325581396,430
active_melt_CN_dPL,CN,dPL_seed42,Active melt,-0.0959347552278524,0.07441860465116279,430
active_melt_CN_dPL,CN,dPL_seed42,Active melt,-0.0954656059073996,0.07674418604651163,430
active_melt_CN_dPL,CN,dPL_seed42,Active melt,-0.0941803199183078,0.07906976744186046,430
active_melt_CN_dPL,CN,dPL_seed42,Active melt,-0.089262335145836,0.08139534883720931,430
active_melt_CN_dPL,CN,dPL_seed42,Active melt,-0.0863482801784055,0.08372093023255814,430
active_melt_CN_dPL,CN,dPL_seed42,Active melt,-0.0839118541635119,0.08604651162790698,430
active_melt_CN_dPL,CN,dPL_seed42,Active melt,-0.0830959082672499,0.08837209302325581,430
active_melt_CN_dPL,CN,dPL_seed42,Active melt,-0.0815333707859391,0.09069767441860466,430
active_melt_CN_dPL,CN,dPL_seed42,Active melt,-0.0772825326803568,0.09302325581395349,430
active_melt_CN_dPL,CN,dPL_seed42,Active melt,-0.0743069627561822,0.09534883720930233,430
active_melt_CN_dPL,CN,dPL_seed42,Active melt,-0.0740983129482292,0.09767441860465116,430
active_melt_CN_dPL,CN,dPL_seed42,Active melt,-0.0739611483939476,0.1,430
active_melt_CN_dPL,CN,dPL_seed42,Active melt,-0.0683582249950377,0.10232558139534884,430
active_melt_CN_dPL,CN,dPL_seed42,Active melt,-0.0683340181291977,0.10465116279069768,430
active_melt_CN_dPL,CN,dPL_seed42,Active melt,-0.0671223635109984,0.10697674418604651,430
active_melt_CN_dPL,CN,dPL_seed42,Active melt,-0.0663585995452874,0.10930232558139535,430
active_melt_CN_dPL,CN,dPL_seed42,Active melt,-0.0658229356142849,0.11162790697674418,430
active_melt_CN_dPL,CN,dPL_seed42,Active melt,-0.0631076429023017,0.11395348837209303,430
active_melt_CN_dPL,CN,dPL_seed42,Active melt,-0.0629299745974133,0.11627906976744186,430
active_melt_CN_dPL,CN,dPL_seed42,Active melt,-0.0589401742947695,0.1186046511627907,430
active_melt_CN_dPL,CN,dPL_seed42,Active melt,-0.0584286062942759,0.12093023255813953,430
active_melt_CN_dPL,CN,dPL_seed42,Active melt,-0.0582008434049249,0.12325581395348838,430
active_melt_CN_dPL,CN,dPL_seed42,Active melt,-0.0580042663349945,0.12558139534883722,430
active_melt_CN_dPL,CN,dPL_seed42,Active melt,-0.0553267482229469,0.12790697674418605,430
active_melt_CN_dPL,CN,dPL_seed42,Active melt,-0.0552734784187992,0.13023255813953488,430
active_melt_CN_dPL,CN,dPL_seed42,Active melt,-0.0514308502580891,0.1325581395348837,430
active_melt_CN_dPL,CN,dPL_seed42,Active melt,-0.0510884337673152,0.13488372093023257,430
active_melt_CN_dPL,CN,dPL_seed42,Active melt,-0.0501666020368488,0.1372093023255814,430
active_melt_CN_dPL,CN,dPL_seed42,Active melt,-0.0479651986090955,0.13953488372093023,430
active_melt_CN_dPL,CN,dPL_seed42,Active melt,-0.0443045819313629,0.14186046511627906,430
active_melt_CN_dPL,CN,dPL_seed42,Active melt,-0.0432319227110628,0.14418604651162792,430
active_melt_CN_dPL,CN,dPL_seed42,Active melt,-0.0401978198377587,0.14651162790697675,430
active_melt_CN_dPL,CN,dPL_seed42,Active melt,-0.035537105411147,0.14883720930232558,430
active_melt_CN_dPL,CN,dPL_seed42,Active melt,-0.0353168000229439,0.1511627906976744,430
active_melt_CN_dPL,CN,dPL_seed42,Active melt,-0.0339676309903866,0.15348837209302327,430
active_melt_CN_dPL,CN,dPL_seed42,Active melt,-0.0329816692928102,0.1558139534883721,430
active_melt_CN_dPL,CN,dPL_seed42,Active melt,-0.030986191190549,0.15813953488372093,430
active_melt_CN_dPL,CN,dPL_seed42,Active melt,-0.0295189051411537,0.16046511627906976,430
active_melt_CN_dPL,CN,dPL_seed42,Active melt,-0.0285087595008016,0.16279069767441862,430
active_melt_CN_dPL,CN,dPL_seed42,Active melt,-0.0275731775395786,0.16511627906976745,430
active_melt_CN_dPL,CN,dPL_seed42,Active melt,-0.0272665026486219,0.16744186046511628,430
active_melt_CN_dPL,CN,dPL_seed42,Active melt,-0.0267225203972458,0.1697674418604651,430
active_melt_CN_dPL,CN,dPL_seed42,Active melt,-0.0263211769567376,0.17209302325581396,430
active_melt_CN_dPL,CN,dPL_seed42,Active melt,-0.0253874241769602,0.1744186046511628,430
active_melt_CN_dPL,CN,dPL_seed42,Active melt,-0.0253064548778427,0.17674418604651163,430
active_melt_CN_dPL,CN,dPL_seed42,Active melt,-0.0246208496399914,0.17906976744186046,430
active_melt_CN_dPL,CN,dPL_seed42,Active melt,-0.0207056132527071,0.1813953488372093,430
active_melt_CN_dPL,CN,dPL_seed42,Active melt,-0.0187972756993678,0.18372093023255814,430
active_melt_CN_dPL,CN,dPL_seed42,Active melt,-0.0167942535161834,0.18604651162790697,430
active_melt_CN_dPL,CN,dPL_seed42,Active melt,-0.0163029074717092,0.1883720930232558,430
active_melt_CN_dPL,CN,dPL_seed42,Active melt,-0.0157098436300101,0.19069767441860466,430
active_melt_CN_dPL,CN,dPL_seed42,Active melt,-0.0148589063739772,0.1930232558139535,430
active_melt_CN_dPL,CN,dPL_seed42,Active melt,-0.0147059193952585,0.19534883720930232,430
active_melt_CN_dPL,CN,dPL_seed42,Active melt,-0.0140943613130666,0.19767441860465115,430
active_melt_CN_dPL,CN,dPL_seed42,Active melt,-0.0100929655323533,0.2,430
active_melt_CN_dPL,CN,dPL_seed42,Active melt,-0.0094858730597842,0.20232558139534884,430
active_melt_CN_dPL,CN,dPL_seed42,Active melt,-0.0088837073651649,0.20465116279069767,430
active_melt_CN_dPL,CN,dPL_seed42,Active melt,-0.0086695390620963,0.2069767441860465,430
active_melt_CN_dPL,CN,dPL_seed42,Active melt,-0.0085730696605262,0.20930232558139536,430
active_melt_CN_dPL,CN,dPL_seed42,Active melt,-0.0076419499880325,0.2116279069767442,430
active_melt_CN_dPL,CN,dPL_seed42,Active melt,-0.0070820308606961,0.21395348837209302,430
active_melt_CN_dPL,CN,dPL_seed42,Active melt,-0.0069248678438958,0.21627906976744185,430
active_melt_CN_dPL,CN,dPL_seed42,Active melt,-0.0059038711916199,0.2186046511627907,430
active_melt_CN_dPL,CN,dPL_seed42,Active melt,-0.0045945381075929,0.22093023255813954,430
active_melt_CN_dPL,CN,dPL_seed42,Active melt,-0.0039451805728669,0.22325581395348837,430
active_melt_CN_dPL,CN,dPL_seed42,Active melt,-0.0010865582635565,0.2255813953488372,430
active_melt_CN_dPL,CN,dPL_seed42,Active melt,-0.0006062117660262,0.22790697674418606,430
active_melt_CN_dPL,CN,dPL_seed42,Active melt,-0.0001924425512569,0.2302325581395349,430
active_melt_CN_dPL,CN,dPL_seed42,Active melt,-0.0001735263918638,0.23255813953488372,430
active_melt_CN_dPL,CN,dPL_seed42,Active melt,-9.149384131279524e-05,0.23488372093023255,430
active_melt_CN_dPL,CN,dPL_seed42,Active melt,0.000341795898386,0.2372093023255814,430
active_melt_CN_dPL,CN,dPL_seed42,Active melt,0.0015915430230508,0.23953488372093024,430
active_melt_CN_dPL,CN,dPL_seed42,Active melt,0.0037313287354856,0.24186046511627907,430
active_melt_CN_dPL,CN,dPL_seed42,Active melt,0.0043213246597049,0.2441860465116279,430
active_melt_CN_dPL,CN,dPL_seed42,Active melt,0.0044064030608119,0.24651162790697675,430
active_melt_CN_dPL,CN,dPL_seed42,Active melt,0.0049842669237856,0.24883720930232558,430
active_melt_CN_dPL,CN,dPL_seed42,Active melt,0.0058349312185819,0.25116279069767444,430
active_melt_CN_dPL,CN,dPL_seed42,Active melt,0.0060468317102074,0.2534883720930233,430
active_melt_CN_dPL,CN,dPL_seed42,Active melt,0.0066054248443908,0.2558139534883721,430
active_melt_CN_dPL,CN,dPL_seed42,Active melt,0.0077481193353452,0.25813953488372093,430
active_melt_CN_dPL,CN,dPL_seed42,Active melt,0.0084674128944668,0.26046511627906976,430
active_melt_CN_dPL,CN,dPL_seed42,Active melt,0.0087541201022149,0.2627906976744186,430
active_melt_CN_dPL,CN,dPL_seed42,Active melt,0.009450024740552,0.2651162790697674,430
active_melt_CN_dPL,CN,dPL_seed42,Active melt,0.0096329293817483,0.26744186046511625,430
active_melt_CN_dPL,CN,dPL_seed42,Active melt,0.0101348565772751,0.26976744186046514,430
active_melt_CN_dPL,CN,dPL_seed42,Active melt,0.0102874206621363,0.27209302325581397,430
active_melt_CN_dPL,CN,dPL_seed42,Active melt,0.011361534787907,0.2744186046511628,430
active_melt_CN_dPL,CN,dPL_seed42,Active melt,0.0114720338092635,0.27674418604651163,430
active_melt_CN_dPL,CN,dPL_seed42,Active melt,0.0126783650817315,0.27906976744186046,430
active_melt_CN_dPL,CN,dPL_seed42,Active melt,0.0133548554284521,0.2813953488372093,430
active_melt_CN_dPL,CN,dPL_seed42,Active melt,0.0135137107809656,0.2837209302325581,430
active_melt_CN_dPL,CN,dPL_seed42,Active melt,0.0150748424207475,0.28604651162790695,430
active_melt_CN_dPL,CN,dPL_seed42,Active melt,0.0152492408264352,0.28837209302325584,430
active_melt_CN_dPL,CN,dPL_seed42,Active melt,0.0152613264237958,0.29069767441860467,430
active_melt_CN_dPL,CN,dPL_seed42,Active melt,0.0154242043326006,0.2930232558139535,430
active_melt_CN_dPL,CN,dPL_seed42,Active melt,0.015453958733508,0.29534883720930233,430
active_melt_CN_dPL,CN,dPL_seed42,Active melt,0.0155445497137204,0.29767441860465116,430
active_melt_CN_dPL,CN,dPL_seed42,Active melt,0.0167059491832332,0.3,430
active_melt_CN_dPL,CN,dPL_seed42,Active melt,0.0169808047000729,0.3023255813953488,430
active_melt_CN_dPL,CN,dPL_seed42,Active melt,0.0184056612597166,0.30465116279069765,430
active_melt_CN_dPL,CN,dPL_seed42,Active melt,0.0195842096708852,0.30697674418604654,430
active_melt_CN_dPL,CN,dPL_seed42,Active melt,0.0197287347040081,0.30930232558139537,430
active_melt_CN_dPL,CN,dPL_seed42,Active melt,0.0198299100447993,0.3116279069767442,430
active_melt_CN_dPL,CN,dPL_seed42,Active melt,0.0206439872189733,0.313953488372093,430
active_melt_CN_dPL,CN,dPL_seed42,Active melt,0.0209281208950021,0.31627906976744186,430
active_melt_CN_dPL,CN,dPL_seed42,Active melt,0.0223416744563988,0.3186046511627907,430
active_melt_CN_dPL,CN,dPL_seed42,Active melt,0.0234577477533119,0.3209302325581395,430
active_melt_CN_dPL,CN,dPL_seed42,Active melt,0.0235274890485752,0.32325581395348835,430
active_melt_CN_dPL,CN,dPL_seed42,Active melt,0.0256402433003651,0.32558139534883723,430
active_melt_CN_dPL,CN,dPL_seed42,Active melt,0.0265290546513603,0.32790697674418606,430
active_melt_CN_dPL,CN,dPL_seed42,Active melt,0.0266386657940227,0.3302325581395349,430
active_melt_CN_dPL,CN,dPL_seed42,Active melt,0.0280923187465056,0.3325581395348837,430
active_melt_CN_dPL,CN,dPL_seed42,Active melt,0.0286257049002234,0.33488372093023255,430
active_melt_CN_dPL,CN,dPL_seed42,Active melt,0.0286736593710763,0.3372093023255814,430
active_melt_CN_dPL,CN,dPL_seed42,Active melt,0.0292811395412848,0.3395348837209302,430
active_melt_CN_dPL,CN,dPL_seed42,Active melt,0.0299843032279372,0.34186046511627904,430
active_melt_CN_dPL,CN,dPL_seed42,Active melt,0.0310430001245736,0.34418604651162793,430
active_melt_CN_dPL,CN,dPL_seed42,Active melt,0.0311326021945284,0.34651162790697676,430
active_melt_CN_dPL,CN,dPL_seed42,Active melt,0.0326514472022564,0.3488372093023256,430
active_melt_CN_dPL,CN,dPL_seed42,Active melt,0.0326955911525456,0.3511627906976744,430
active_melt_CN_dPL,CN,dPL_seed42,Active melt,0.0347586281585708,0.35348837209302325,430
active_melt_CN_dPL,CN,dPL_seed42,Active melt,0.0353762293112415,0.3558139534883721,430
active_melt_CN_dPL,CN,dPL_seed42,Active melt,0.0364009938790291,0.3581395348837209,430
active_melt_CN_dPL,CN,dPL_seed42,Active melt,0.037027399467058,0.36046511627906974,430
active_melt_CN_dPL,CN,dPL_seed42,Active melt,0.0372645641465787,0.3627906976744186,430
active_melt_CN_dPL,CN,dPL_seed42,Active melt,0.0376567577909527,0.36511627906976746,430
active_melt_CN_dPL,CN,dPL_seed42,Active melt,0.0384104893452603,0.3674418604651163,430
active_melt_CN_dPL,CN,dPL_seed42,Active melt,0.0386288221752888,0.3697674418604651,430
active_melt_CN_dPL,CN,dPL_seed42,Active melt,0.0391107052988144,0.37209302325581395,430
active_melt_CN_dPL,CN,dPL_seed42,Active melt,0.0391515759211923,0.3744186046511628,430
active_melt_CN_dPL,CN,dPL_seed42,Active melt,0.0406002799177696,0.3767441860465116,430
active_melt_CN_dPL,CN,dPL_seed42,Active melt,0.0406260264764012,0.37906976744186044,430
active_melt_CN_dPL,CN,dPL_seed42,Active melt,0.0411642821717035,0.3813953488372093,430
active_melt_CN_dPL,CN,dPL_seed42,Active melt,0.0428955732351692,0.38372093023255816,430
active_melt_CN_dPL,CN,dPL_seed42,Active melt,0.0450699669175392,0.386046511627907,430
active_melt_CN_dPL,CN,dPL_seed42,Active melt,0.0451698449427651,0.3883720930232558,430
active_melt_CN_dPL,CN,dPL_seed42,Active melt,0.0463089013051231,0.39069767441860465,430
active_melt_CN_dPL,CN,dPL_seed42,Active melt,0.0487677078401647,0.3930232558139535,430
active_melt_CN_dPL,CN,dPL_seed42,Active melt,0.0525516598489849,0.3953488372093023,430
active_melt_CN_dPL,CN,dPL_seed42,Active melt,0.0530642222807874,0.39767441860465114,430
active_melt_CN_dPL,CN,dPL_seed42,Active melt,0.0547744795974042,0.4,430
active_melt_CN_dPL,CN,dPL_seed42,Active melt,0.0556762978506817,0.40232558139534885,430
active_melt_CN_dPL,CN,dPL_seed42,Active melt,0.0558073921993521,0.4046511627906977,430
active_melt_CN_dPL,CN,dPL_seed42,Active melt,0.0567337729807819,0.4069767441860465,430
active_melt_CN_dPL,CN,dPL_seed42,Active melt,0.0568573220439497,0.40930232558139534,430
active_melt_CN_dPL,CN,dPL_seed42,Active melt,0.057794785665282,0.4116279069767442,430
active_melt_CN_dPL,CN,dPL_seed42,Active melt,0.0602293340277074,0.413953488372093,430
active_melt_CN_dPL,CN,dPL_seed42,Active melt,0.0613775611398499,0.41627906976744183,430
active_melt_CN_dPL,CN,dPL_seed42,Active melt,0.0614358823006265,0.4186046511627907,430
active_melt_CN_dPL,CN,dPL_seed42,Active melt,0.0627141301002902,0.42093023255813955,430
active_melt_CN_dPL,CN,dPL_seed42,Active melt,0.0631302413350308,0.4232558139534884,430
active_melt_CN_dPL,CN,dPL_seed42,Active melt,0.0639577099965764,0.4255813953488372,430
active_melt_CN_dPL,CN,dPL_seed42,Active melt,0.0653977992570651,0.42790697674418604,430
active_melt_CN_dPL,CN,dPL_seed42,Active melt,0.0656952374580652,0.43023255813953487,430
active_melt_CN_dPL,CN,dPL_seed42,Active melt,0.067609468855287,0.4325581395348837,430
active_melt_CN_dPL,CN,dPL_seed42,Active melt,0.0710652206798099,0.43488372093023253,430
active_melt_CN_dPL,CN,dPL_seed42,Active melt,0.0721408520057346,0.4372093023255814,430
active_melt_CN_dPL,CN,dPL_seed42,Active melt,0.0733767731469696,0.43953488372093025,430
active_melt_CN_dPL,CN,dPL_seed42,Active melt,0.0746741360941457,0.4418604651162791,430
active_melt_CN_dPL,CN,dPL_seed42,Active melt,0.0748150876362345,0.4441860465116279,430
active_melt_CN_dPL,CN,dPL_seed42,Active melt,0.075952605327127,0.44651162790697674,430
active_melt_CN_dPL,CN,dPL_seed42,Active melt,0.0765512521067478,0.44883720930232557,430
active_melt_CN_dPL,CN,dPL_seed42,Active melt,0.0771071349297325,0.4511627906976744,430
active_melt_CN_dPL,CN,dPL_seed42,Active melt,0.0773941933136076,0.45348837209302323,430
active_melt_CN_dPL,CN,dPL_seed42,Active melt,0.0776215406666137,0.4558139534883721,430
active_melt_CN_dPL,CN,dPL_seed42,Active melt,0.0782982770299342,0.45813953488372094,430
active_melt_CN_dPL,CN,dPL_seed42,Active melt,0.0799451066063128,0.4604651162790698,430
active_melt_CN_dPL,CN,dPL_seed42,Active melt,0.0802556003670968,0.4627906976744186,430
active_melt_CN_dPL,CN,dPL_seed42,Active melt,0.0843356584825082,0.46511627906976744,430
active_melt_CN_dPL,CN,dPL_seed42,Active melt,0.0851063159480394,0.46744186046511627,430
active_melt_CN_dPL,CN,dPL_seed42,Active melt,0.0853604256239612,0.4697674418604651,430
active_melt_CN_dPL,CN,dPL_seed42,Active melt,0.0860222622421934,0.4720930232558139,430
active_melt_CN_dPL,CN,dPL_seed42,Active melt,0.0875332813947473,0.4744186046511628,430
active_melt_CN_dPL,CN,dPL_seed42,Active melt,0.0885930192308054,0.47674418604651164,430
active_melt_CN_dPL,CN,dPL_seed42,Active melt,0.0898683584448192,0.4790697674418605,430
active_melt_CN_dPL,CN,dPL_seed42,Active melt,0.0944258749168577,0.4813953488372093,430
active_melt_CN_dPL,CN,dPL_seed42,Active melt,0.0945036836824757,0.48372093023255813,430
active_melt_CN_dPL,CN,dPL_seed42,Active melt,0.0957380194199507,0.48604651162790696,430
active_melt_CN_dPL,CN,dPL_seed42,Active melt,0.0995150324085794,0.4883720930232558,430
active_melt_CN_dPL,CN,dPL_seed42,Active melt,0.1013082420094941,0.4906976744186046,430
active_melt_CN_dPL,CN,dPL_seed42,Active melt,0.1068891063140601,0.4930232558139535,430
active_melt_CN_dPL,CN,dPL_seed42,Active melt,0.1098712322832045,0.49534883720930234,430
active_melt_CN_dPL,CN,dPL_seed42,Active melt,0.1124699850502373,0.49767441860465117,430
active_melt_CN_dPL,CN,dPL_seed42,Active melt,0.1164106590009864,0.5,430
active_melt_CN_dPL,CN,dPL_seed42,Active melt,0.1168279453600374,0.5023255813953489,430
active_melt_CN_dPL,CN,dPL_seed42,Active melt,0.1173281308012104,0.5046511627906977,430
active_melt_CN_dPL,CN,dPL_seed42,Active melt,0.1201601476857017,0.5069767441860465,430
active_melt_CN_dPL,CN,dPL_seed42,Active melt,0.1209532699495143,0.5093023255813953,430
active_melt_CN_dPL,CN,dPL_seed42,Active melt,0.1211386873560934,0.5116279069767442,430
active_melt_CN_dPL,CN,dPL_seed42,Active melt,0.1238402903720062,0.513953488372093,430
active_melt_CN_dPL,CN,dPL_seed42,Active melt,0.1254649295662675,0.5162790697674419,430
active_melt_CN_dPL,CN,dPL_seed42,Active melt,0.1260765518622239,0.5186046511627908,430
active_melt_CN_dPL,CN,dPL_seed42,Active melt,0.1267267185902929,0.5209302325581395,430
active_melt_CN_dPL,CN,dPL_seed42,Active melt,0.1268931260159963,0.5232558139534884,430
active_melt_CN_dPL,CN,dPL_seed42,Active melt,0.1269083592032462,0.5255813953488372,430
active_melt_CN_dPL,CN,dPL_seed42,Active melt,0.1280522784156884,0.5279069767441861,430
active_melt_CN_dPL,CN,dPL_seed42,Active melt,0.1282597595649373,0.5302325581395348,430
active_melt_CN_dPL,CN,dPL_seed42,Active melt,0.1301797937186044,0.5325581395348837,430
active_melt_CN_dPL,CN,dPL_seed42,Active melt,0.1320181667912362,0.5348837209302325,430
active_melt_CN_dPL,CN,dPL_seed42,Active melt,0.1331345662051098,0.5372093023255814,430
active_melt_CN_dPL,CN,dPL_seed42,Active melt,0.134372608221776,0.5395348837209303,430
active_melt_CN_dPL,CN,dPL_seed42,Active melt,0.1350416684811167,0.541860465116279,430
active_melt_CN_dPL,CN,dPL_seed42,Active melt,0.1358453413414568,0.5441860465116279,430
active_melt_CN_dPL,CN,dPL_seed42,Active melt,0.1363975256006113,0.5465116279069767,430
active_melt_CN_dPL,CN,dPL_seed42,Active melt,0.1391709844849283,0.5488372093023256,430
active_melt_CN_dPL,CN,dPL_seed42,Active melt,0.1393264627197576,0.5511627906976744,430
active_melt_CN_dPL,CN,dPL_seed42,Active melt,0.1414902132573818,0.5534883720930233,430
active_melt_CN_dPL,CN,dPL_seed42,Active melt,0.1421853715618077,0.5558139534883721,430
active_melt_CN_dPL,CN,dPL_seed42,Active melt,0.1438775607799385,0.5581395348837209,430
active_melt_CN_dPL,CN,dPL_seed42,Active melt,0.1445936644260461,0.5604651162790698,430
active_melt_CN_dPL,CN,dPL_seed42,Active melt,0.1454815277804464,0.5627906976744186,430
active_melt_CN_dPL,CN,dPL_seed42,Active melt,0.1494579152103746,0.5651162790697675,430
active_melt_CN_dPL,CN,dPL_seed42,Active melt,0.1504999896391885,0.5674418604651162,430
active_melt_CN_dPL,CN,dPL_seed42,Active melt,0.1509173339554473,0.5697674418604651,430
active_melt_CN_dPL,CN,dPL_seed42,Active melt,0.1537973666636339,0.5720930232558139,430
active_melt_CN_dPL,CN,dPL_seed42,Active melt,0.1611116146260857,0.5744186046511628,430
active_melt_CN_dPL,CN,dPL_seed42,Active melt,0.1657808516210608,0.5767441860465117,430
active_melt_CN_dPL,CN,dPL_seed42,Active melt,0.1663801955975399,0.5790697674418605,430
active_melt_CN_dPL,CN,dPL_seed42,Active melt,0.1668820091907836,0.5813953488372093,430
active_melt_CN_dPL,CN,dPL_seed42,Active melt,0.1688110070720787,0.5837209302325581,430
active_melt_CN_dPL,CN,dPL_seed42,Active melt,0.1694878405331654,0.586046511627907,430
active_melt_CN_dPL,CN,dPL_seed42,Active melt,0.1730627059764563,0.5883720930232558,430
active_melt_CN_dPL,CN,dPL_seed42,Active melt,0.1738736562517082,0.5906976744186047,430
active_melt_CN_dPL,CN,dPL_seed42,Active melt,0.1751998235413154,0.5930232558139535,430
active_melt_CN_dPL,CN,dPL_seed42,Active melt,0.1763359738464888,0.5953488372093023,430
active_melt_CN_dPL,CN,dPL_seed42,Active melt,0.185168101899676,0.5976744186046512,430
active_melt_CN_dPL,CN,dPL_seed42,Active melt,0.1852632402052311,0.6,430
active_melt_CN_dPL,CN,dPL_seed42,Active melt,0.1855672596681784,0.6023255813953489,430
active_melt_CN_dPL,CN,dPL_seed42,Active melt,0.1859357438939594,0.6046511627906976,430
active_melt_CN_dPL,CN,dPL_seed42,Active melt,0.18650621784818,0.6069767441860465,430
active_melt_CN_dPL,CN,dPL_seed42,Active melt,0.187027971440743,0.6093023255813953,430
active_melt_CN_dPL,CN,dPL_seed42,Active melt,0.1870589950470355,0.6116279069767442,430
active_melt_CN_dPL,CN,dPL_seed42,Active melt,0.1880498352333581,0.6139534883720931,430
active_melt_CN_dPL,CN,dPL_seed42,Active melt,0.1893231428939589,0.6162790697674418,430
active_melt_CN_dPL,CN,dPL_seed42,Active melt,0.1900028617762477,0.6186046511627907,430
active_melt_CN_dPL,CN,dPL_seed42,Active melt,0.1950243725756918,0.6209302325581395,430
active_melt_CN_dPL,CN,dPL_seed42,Active melt,0.1981281859239438,0.6232558139534884,430
active_melt_CN_dPL,CN,dPL_seed42,Active melt,0.1986860276431292,0.6255813953488372,430
active_melt_CN_dPL,CN,dPL_seed42,Active melt,0.1994032423167386,0.627906976744186,430
active_melt_CN_dPL,CN,dPL_seed42,Active melt,0.2004338983626884,0.6302325581395349,430
active_melt_CN_dPL,CN,dPL_seed42,Active melt,0.2091980229147666,0.6325581395348837,430
active_melt_CN_dPL,CN,dPL_seed42,Active melt,0.2147102911735847,0.6348837209302326,430
active_melt_CN_dPL,CN,dPL_seed42,Active melt,0.2155358402891064,0.6372093023255814,430
active_melt_CN_dPL,CN,dPL_seed42,Active melt,0.2159297365133213,0.6395348837209303,430
active_melt_CN_dPL,CN,dPL_seed42,Active melt,0.2174239379546453,0.641860465116279,430
active_melt_CN_dPL,CN,dPL_seed42,Active melt,0.220594692051131,0.6441860465116279,430
active_melt_CN_dPL,CN,dPL_seed42,Active melt,0.2240691561081829,0.6465116279069767,430
active_melt_CN_dPL,CN,dPL_seed42,Active melt,0.2281100929120592,0.6488372093023256,430
active_melt_CN_dPL,CN,dPL_seed42,Active melt,0.2341434902867624,0.6511627906976745,430
active_melt_CN_dPL,CN,dPL_seed42,Active melt,0.2363639280060752,0.6534883720930232,430
active_melt_CN_dPL,CN,dPL_seed42,Active melt,0.2383233870819645,0.6558139534883721,430
active_melt_CN_dPL,CN,dPL_seed42,Active melt,0.2420920100837267,0.6581395348837209,430
active_melt_CN_dPL,CN,dPL_seed42,Active melt,0.2430575691222141,0.6604651162790698,430
active_melt_CN_dPL,CN,dPL_seed42,Active melt,0.2430615220942037,0.6627906976744186,430
active_melt_CN_dPL,CN,dPL_seed42,Active melt,0.2444178182120122,0.6651162790697674,430
active_melt_CN_dPL,CN,dPL_seed42,Active melt,0.2448962562558122,0.6674418604651163,430
active_melt_CN_dPL,CN,dPL_seed42,Active melt,0.2462641776885323,0.6697674418604651,430
active_melt_CN_dPL,CN,dPL_seed42,Active melt,0.2517043787320621,0.672093023255814,430
active_melt_CN_dPL,CN,dPL_seed42,Active melt,0.2526780350501994,0.6744186046511628,430
active_melt_CN_dPL,CN,dPL_seed42,Active melt,0.2538863282794527,0.6767441860465117,430
active_melt_CN_dPL,CN,dPL_seed42,Active melt,0.2589451061434574,0.6790697674418604,430
active_melt_CN_dPL,CN,dPL_seed42,Active melt,0.2611555342416731,0.6813953488372093,430
active_melt_CN_dPL,CN,dPL_seed42,Active melt,0.2638627109236357,0.6837209302325581,430
active_melt_CN_dPL,CN,dPL_seed42,Active melt,0.2650159067648415,0.686046511627907,430
active_melt_CN_dPL,CN,dPL_seed42,Active melt,0.2752091061014105,0.6883720930232559,430
active_melt_CN_dPL,CN,dPL_seed42,Active melt,0.2778416379126965,0.6906976744186046,430
active_melt_CN_dPL,CN,dPL_seed42,Active melt,0.2924407249157233,0.6930232558139535,430
active_melt_CN_dPL,CN,dPL_seed42,Active melt,0.2958199484948622,0.6953488372093023,430
active_melt_CN_dPL,CN,dPL_seed42,Active melt,0.301887969884631,0.6976744186046512,430
active_melt_CN_dPL,CN,dPL_seed42,Active melt,0.3023951705369343,0.7,430
active_melt_CN_dPL,CN,dPL_seed42,Active melt,0.3039666696236791,0.7023255813953488,430
active_melt_CN_dPL,CN,dPL_seed42,Active melt,0.3056055297047925,0.7046511627906977,430
active_melt_CN_dPL,CN,dPL_seed42,Active melt,0.3136010341592352,0.7069767441860465,430
active_melt_CN_dPL,CN,dPL_seed42,Active melt,0.3140559339885801,0.7093023255813954,430
active_melt_CN_dPL,CN,dPL_seed42,Active melt,0.3151294875325504,0.7116279069767442,430
active_melt_CN_dPL,CN,dPL_seed42,Active melt,0.3163471242060696,0.713953488372093,430
active_melt_CN_dPL,CN,dPL_seed42,Active melt,0.3190168681747864,0.7162790697674418,430
active_melt_CN_dPL,CN,dPL_seed42,Active melt,0.3207616039854202,0.7186046511627907,430
active_melt_CN_dPL,CN,dPL_seed42,Active melt,0.3245470896923424,0.7209302325581395,430
active_melt_CN_dPL,CN,dPL_seed42,Active melt,0.3307696337484676,0.7232558139534884,430
active_melt_CN_dPL,CN,dPL_seed42,Active melt,0.3359770127849287,0.7255813953488373,430
active_melt_CN_dPL,CN,dPL_seed42,Active melt,0.3404108342205114,0.727906976744186,430
active_melt_CN_dPL,CN,dPL_seed42,Active melt,0.3415931601754683,0.7302325581395349,430
active_melt_CN_dPL,CN,dPL_seed42,Active melt,0.3417066168674191,0.7325581395348837,430
active_melt_CN_dPL,CN,dPL_seed42,Active melt,0.3439458840972663,0.7348837209302326,430
active_melt_CN_dPL,CN,dPL_seed42,Active melt,0.3490336495355918,0.7372093023255814,430
active_melt_CN_dPL,CN,dPL_seed42,Active melt,0.3519248199487729,0.7395348837209302,430
active_melt_CN_dPL,CN,dPL_seed42,Active melt,0.3564622311104978,0.7418604651162791,430
active_melt_CN_dPL,CN,dPL_seed42,Active melt,0.3568373059239207,0.7441860465116279,430
active_melt_CN_dPL,CN,dPL_seed42,Active melt,0.3589011559789556,0.7465116279069768,430
active_melt_CN_dPL,CN,dPL_seed42,Active melt,0.3640345985093053,0.7488372093023256,430
active_melt_CN_dPL,CN,dPL_seed42,Active melt,0.3651745025814861,0.7511627906976744,430
active_melt_CN_dPL,CN,dPL_seed42,Active melt,0.369196549386162,0.7534883720930232,430
active_melt_CN_dPL,CN,dPL_seed42,Active melt,0.375498472314234,0.7558139534883721,430
active_melt_CN_dPL,CN,dPL_seed42,Active melt,0.3796403450567135,0.7581395348837209,430
active_melt_CN_dPL,CN,dPL_seed42,Active melt,0.380997706607296,0.7604651162790698,430
active_melt_CN_dPL,CN,dPL_seed42,Active melt,0.3814729223854581,0.7627906976744186,430
active_melt_CN_dPL,CN,dPL_seed42,Active melt,0.3838282585316424,0.7651162790697674,430
active_melt_CN_dPL,CN,dPL_seed42,Active melt,0.3862986047637707,0.7674418604651163,430
active_melt_CN_dPL,CN,dPL_seed42,Active melt,0.3901061084295447,0.7697674418604651,430
active_melt_CN_dPL,CN,dPL_seed42,Active melt,0.3933814759467419,0.772093023255814,430
active_melt_CN_dPL,CN,dPL_seed42,Active melt,0.3973759088767464,0.7744186046511627,430
active_melt_CN_dPL,CN,dPL_seed42,Active melt,0.4013965670328902,0.7767441860465116,430
active_melt_CN_dPL,CN,dPL_seed42,Active melt,0.4053518310538159,0.7790697674418605,430
active_melt_CN_dPL,CN,dPL_seed42,Active melt,0.4101588537827222,0.7813953488372093,430
active_melt_CN_dPL,CN,dPL_seed42,Active melt,0.4112559387538529,0.7837209302325582,430
active_melt_CN_dPL,CN,dPL_seed42,Active melt,0.4125062998408916,0.786046511627907,430
active_melt_CN_dPL,CN,dPL_seed42,Active melt,0.4133680805660186,0.7883720930232558,430
active_melt_CN_dPL,CN,dPL_seed42,Active melt,0.4133954139436924,0.7906976744186046,430
active_melt_CN_dPL,CN,dPL_seed42,Active melt,0.414077511297565,0.7930232558139535,430
active_melt_CN_dPL,CN,dPL_seed42,Active melt,0.4160408594813446,0.7953488372093023,430
active_melt_CN_dPL,CN,dPL_seed42,Active melt,0.4162818654551188,0.7976744186046512,430
active_melt_CN_dPL,CN,dPL_seed42,Active melt,0.4167184269635541,0.8,430
active_melt_CN_dPL,CN,dPL_seed42,Active melt,0.4182701721711307,0.8023255813953488,430
active_melt_CN_dPL,CN,dPL_seed42,Active melt,0.4183892766049344,0.8046511627906977,430
active_melt_CN_dPL,CN,dPL_seed42,Active melt,0.4188554033112242,0.8069767441860465,430
active_melt_CN_dPL,CN,dPL_seed42,Active melt,0.4279641075687965,0.8093023255813954,430
active_melt_CN_dPL,CN,dPL_seed42,Active melt,0.4296569972144345,0.8116279069767441,430
active_melt_CN_dPL,CN,dPL_seed42,Active melt,0.4337218973159865,0.813953488372093,430
active_melt_CN_dPL,CN,dPL_seed42,Active melt,0.4366278786243649,0.8162790697674419,430
active_melt_CN_dPL,CN,dPL_seed42,Active melt,0.4407235407189693,0.8186046511627907,430
active_melt_CN_dPL,CN,dPL_seed42,Active melt,0.4425028401932489,0.8209302325581396,430
active_melt_CN_dPL,CN,dPL_seed42,Active melt,0.4432074298903827,0.8232558139534883,430
active_melt_CN_dPL,CN,dPL_seed42,Active melt,0.4501651674148641,0.8255813953488372,430
active_melt_CN_dPL,CN,dPL_seed42,Active melt,0.4546708128698219,0.827906976744186,430
active_melt_CN_dPL,CN,dPL_seed42,Active melt,0.4557408116032687,0.8302325581395349,430
active_melt_CN_dPL,CN,dPL_seed42,Active melt,0.4580298326390629,0.8325581395348837,430
active_melt_CN_dPL,CN,dPL_seed42,Active melt,0.460296035089542,0.8348837209302326,430
active_melt_CN_dPL,CN,dPL_seed42,Active melt,0.4621703045875319,0.8372093023255814,430
active_melt_CN_dPL,CN,dPL_seed42,Active melt,0.4654775581168742,0.8395348837209302,430
active_melt_CN_dPL,CN,dPL_seed42,Active melt,0.4677197789286395,0.8418604651162791,430
active_melt_CN_dPL,CN,dPL_seed42,Active melt,0.4693910507818609,0.8441860465116279,430
active_melt_CN_dPL,CN,dPL_seed42,Active melt,0.4712975999979405,0.8465116279069768,430
active_melt_CN_dPL,CN,dPL_seed42,Active melt,0.4783953240351972,0.8488372093023255,430
active_melt_CN_dPL,CN,dPL_seed42,Active melt,0.4805314711386189,0.8511627906976744,430
active_melt_CN_dPL,CN,dPL_seed42,Active melt,0.4847192303787058,0.8534883720930233,430
active_melt_CN_dPL,CN,dPL_seed42,Active melt,0.4855433928532984,0.8558139534883721,430
active_melt_CN_dPL,CN,dPL_seed42,Active melt,0.4936252500043304,0.858139534883721,430
active_melt_CN_dPL,CN,dPL_seed42,Active melt,0.4948625777317437,0.8604651162790697,430
active_melt_CN_dPL,CN,dPL_seed42,Active melt,0.4950895012801614,0.8627906976744186,430
active_melt_CN_dPL,CN,dPL_seed42,Active melt,0.4967345283849686,0.8651162790697674,430
active_melt_CN_dPL,CN,dPL_seed42,Active melt,0.4986363548583628,0.8674418604651163,430
active_melt_CN_dPL,CN,dPL_seed42,Active melt,0.5018161847303735,0.8697674418604651,430
active_melt_CN_dPL,CN,dPL_seed42,Active melt,0.5078497389833656,0.872093023255814,430
active_melt_CN_dPL,CN,dPL_seed42,Active melt,0.5082253037559246,0.8744186046511628,430
active_melt_CN_dPL,CN,dPL_seed42,Active melt,0.5115677281661831,0.8767441860465116,430
active_melt_CN_dPL,CN,dPL_seed42,Active melt,0.5117038833518314,0.8790697674418605,430
active_melt_CN_dPL,CN,dPL_seed42,Active melt,0.5150111939472737,0.8813953488372093,430
active_melt_CN_dPL,CN,dPL_seed42,Active melt,0.5181835499208662,0.8837209302325582,430
active_melt_CN_dPL,CN,dPL_seed42,Active melt,0.5198142330425929,0.8860465116279069,430
active_melt_CN_dPL,CN,dPL_seed42,Active melt,0.5323991938386183,0.8883720930232558,430
active_melt_CN_dPL,CN,dPL_seed42,Active melt,0.5329221467804424,0.8906976744186047,430
active_melt_CN_dPL,CN,dPL_seed42,Active melt,0.5379322682047032,0.8930232558139535,430
active_melt_CN_dPL,CN,dPL_seed42,Active melt,0.5405691905122182,0.8953488372093024,430
active_melt_CN_dPL,CN,dPL_seed42,Active melt,0.5411304214974345,0.8976744186046511,430
active_melt_CN_dPL,CN,dPL_seed42,Active melt,0.5412489244188247,0.9,430
active_melt_CN_dPL,CN,dPL_seed42,Active melt,0.5537980855406152,0.9023255813953488,430
active_melt_CN_dPL,CN,dPL_seed42,Active melt,0.5539246236651146,0.9046511627906977,430
active_melt_CN_dPL,CN,dPL_seed42,Active melt,0.5541548154255502,0.9069767441860465,430
active_melt_CN_dPL,CN,dPL_seed42,Active melt,0.5576945229131178,0.9093023255813953,430
active_melt_CN_dPL,CN,dPL_seed42,Active melt,0.5593983510294108,0.9116279069767442,430
active_melt_CN_dPL,CN,dPL_seed42,Active melt,0.5604765398286016,0.913953488372093,430
active_melt_CN_dPL,CN,dPL_seed42,Active melt,0.5663546681466096,0.9162790697674419,430
active_melt_CN_dPL,CN,dPL_seed42,Active melt,0.5665877777543502,0.9186046511627907,430
active_melt_CN_dPL,CN,dPL_seed42,Active melt,0.5678063074235908,0.9209302325581395,430
active_melt_CN_dPL,CN,dPL_seed42,Active melt,0.5680616885600484,0.9232558139534883,430
active_melt_CN_dPL,CN,dPL_seed42,Active melt,0.5702910180847167,0.9255813953488372,430
active_melt_CN_dPL,CN,dPL_seed42,Active melt,0.5753526083458256,0.9279069767441861,430
active_melt_CN_dPL,CN,dPL_seed42,Active melt,0.5757683382907147,0.9302325581395349,430
active_melt_CN_dPL,CN,dPL_seed42,Active melt,0.5778735530938929,0.9325581395348838,430
active_melt_CN_dPL,CN,dPL_seed42,Active melt,0.5817526740594237,0.9348837209302325,430
active_melt_CN_dPL,CN,dPL_seed42,Active melt,0.5820362623281639,0.9372093023255814,430
active_melt_CN_dPL,CN,dPL_seed42,Active melt,0.5881615739213281,0.9395348837209302,430
active_melt_CN_dPL,CN,dPL_seed42,Active melt,0.5969544358705254,0.9418604651162791,430
active_melt_CN_dPL,CN,dPL_seed42,Active melt,0.602472030128408,0.9441860465116279,430
active_melt_CN_dPL,CN,dPL_seed42,Active melt,0.6052836796315042,0.9465116279069767,430
active_melt_CN_dPL,CN,dPL_seed42,Active melt,0.618465309116886,0.9488372093023256,430
active_melt_CN_dPL,CN,dPL_seed42,Active melt,0.6239055030839477,0.9511627906976744,430
active_melt_CN_dPL,CN,dPL_seed42,Active melt,0.6243648176112232,0.9534883720930233,430
active_melt_CN_dPL,CN,dPL_seed42,Active melt,0.6304210574001905,0.9558139534883721,430
active_melt_CN_dPL,CN,dPL_seed42,Active melt,0.6332633576297907,0.958139534883721,430
active_melt_CN_dPL,CN,dPL_seed42,Active melt,0.6385610178054522,0.9604651162790697,430
active_melt_CN_dPL,CN,dPL_seed42,Active melt,0.6426617193706139,0.9627906976744186,430
active_melt_CN_dPL,CN,dPL_seed42,Active melt,0.6488327192175132,0.9651162790697675,430
active_melt_CN_dPL,CN,dPL_seed42,Active melt,0.6488415229793709,0.9674418604651163,430
active_melt_CN_dPL,CN,dPL_seed42,Active melt,0.6496358958949134,0.9697674418604652,430
active_melt_CN_dPL,CN,dPL_seed42,Active melt,0.654880466637358,0.9720930232558139,430
active_melt_CN_dPL,CN,dPL_seed42,Active melt,0.6637692989246161,0.9744186046511628,430
active_melt_CN_dPL,CN,dPL_seed42,Active melt,0.6730645754017445,0.9767441860465116,430
active_melt_CN_dPL,CN,dPL_seed42,Active melt,0.6755260467298507,0.9790697674418605,430
active_melt_CN_dPL,CN,dPL_seed42,Active melt,0.6764154093631404,0.9813953488372092,430
active_melt_CN_dPL,CN,dPL_seed42,Active melt,0.6949878591135774,0.9837209302325581,430
active_melt_CN_dPL,CN,dPL_seed42,Active melt,0.7026327643973069,0.986046511627907,430
active_melt_CN_dPL,CN,dPL_seed42,Active melt,0.7104075010114986,0.9883720930232558,430
active_melt_CN_dPL,CN,dPL_seed42,Active melt,0.7795465423396758,0.9906976744186047,430
active_melt_CN_dPL,CN,dPL_seed42,Active melt,0.785747180458059,0.9930232558139535,430
active_melt_CN_dPL,CN,dPL_seed42,Active melt,0.8110017391240758,0.9953488372093023,430
active_melt_CN_dPL,CN,dPL_seed42,Active melt,0.8261031141348018,0.9976744186046511,430
active_melt_CN_dPL,CN,dPL_seed42,Active melt,0.8429626377854457,1.0,430
dry_down_CN_dPL,CN,dPL_seed42,Dry-down,-0.7462803744982623,0.002325581395348837,430
dry_down_CN_dPL,CN,dPL_seed42,Dry-down,-0.4970123099616595,0.004651162790697674,430
dry_down_CN_dPL,CN,dPL_seed42,Dry-down,-0.3602500909702998,0.0069767441860465115,430
dry_down_CN_dPL,CN,dPL_seed42,Dry-down,-0.34379988235476,0.009302325581395349,430
dry_down_CN_dPL,CN,dPL_seed42,Dry-down,-0.2709319747083133,0.011627906976744186,430
dry_down_CN_dPL,CN,dPL_seed42,Dry-down,-0.2654092093661463,0.013953488372093023,430
dry_down_CN_dPL,CN,dPL_seed42,Dry-down,-0.2632997293642664,0.01627906976744186,430
dry_down_CN_dPL,CN,dPL_seed42,Dry-down,-0.2541165548826429,0.018604651162790697,430
dry_down_CN_dPL,CN,dPL_seed42,Dry-down,-0.2369899631278941,0.020930232558139535,430
dry_down_CN_dPL,CN,dPL_seed42,Dry-down,-0.221708934677817,0.023255813953488372,430
dry_down_CN_dPL,CN,dPL_seed42,Dry-down,-0.1850906036906365,0.02558139534883721,430
dry_down_CN_dPL,CN,dPL_seed42,Dry-down,-0.1704472215373006,0.027906976744186046,430
dry_down_CN_dPL,CN,dPL_seed42,Dry-down,-0.1543083947493139,0.030232558139534883,430
dry_down_CN_dPL,CN,dPL_seed42,Dry-down,-0.1421176862926138,0.03255813953488372,430
dry_down_CN_dPL,CN,dPL_seed42,Dry-down,-0.1326651252920173,0.03488372093023256,430
dry_down_CN_dPL,CN,dPL_seed42,Dry-down,-0.128788601935651,0.037209302325581395,430
dry_down_CN_dPL,CN,dPL_seed42,Dry-down,-0.1283393299953948,0.03953488372093023,430
dry_down_CN_dPL,CN,dPL_seed42,Dry-down,-0.1197728541539309,0.04186046511627907,430
dry_down_CN_dPL,CN,dPL_seed42,Dry-down,-0.1196640920934,0.044186046511627906,430
dry_down_CN_dPL,CN,dPL_seed42,Dry-down,-0.1170955604527153,0.046511627906976744,430
dry_down_CN_dPL,CN,dPL_seed42,Dry-down,-0.1119159154374671,0.04883720930232558,430
dry_down_CN_dPL,CN,dPL_seed42,Dry-down,-0.1101749929866819,0.05116279069767442,430
dry_down_CN_dPL,CN,dPL_seed42,Dry-down,-0.1090514494730432,0.053488372093023255,430
dry_down_CN_dPL,CN,dPL_seed42,Dry-down,-0.1076358091757742,0.05581395348837209,430
dry_down_CN_dPL,CN,dPL_seed42,Dry-down,-0.1076039339930343,0.05813953488372093,430
dry_down_CN_dPL,CN,dPL_seed42,Dry-down,-0.1062746992851679,0.06046511627906977,430
dry_down_CN_dPL,CN,dPL_seed42,Dry-down,-0.1044324525825602,0.06279069767441861,430
dry_down_CN_dPL,CN,dPL_seed42,Dry-down,-0.1030833198147263,0.06511627906976744,430
dry_down_CN_dPL,CN,dPL_seed42,Dry-down,-0.1023590957665218,0.06744186046511629,430
dry_down_CN_dPL,CN,dPL_seed42,Dry-down,-0.100802798665202,0.06976744186046512,430
dry_down_CN_dPL,CN,dPL_seed42,Dry-down,-0.0996952510864515,0.07209302325581396,430
dry_down_CN_dPL,CN,dPL_seed42,Dry-down,-0.099312188312489,0.07441860465116279,430
dry_down_CN_dPL,CN,dPL_seed42,Dry-down,-0.0970814210717699,0.07674418604651163,430
dry_down_CN_dPL,CN,dPL_seed42,Dry-down,-0.0968018293627726,0.07906976744186046,430
dry_down_CN_dPL,CN,dPL_seed42,Dry-down,-0.0959459005649844,0.08139534883720931,430
dry_down_CN_dPL,CN,dPL_seed42,Dry-down,-0.0948097004703621,0.08372093023255814,430
dry_down_CN_dPL,CN,dPL_seed42,Dry-down,-0.0946502156517737,0.08604651162790698,430
dry_down_CN_dPL,CN,dPL_seed42,Dry-down,-0.0914959425552134,0.08837209302325581,430
dry_down_CN_dPL,CN,dPL_seed42,Dry-down,-0.0883541766047751,0.09069767441860466,430
dry_down_CN_dPL,CN,dPL_seed42,Dry-down,-0.0862090232815873,0.09302325581395349,430
dry_down_CN_dPL,CN,dPL_seed42,Dry-down,-0.0851593254051761,0.09534883720930233,430
dry_down_CN_dPL,CN,dPL_seed42,Dry-down,-0.0809454538067591,0.09767441860465116,430
dry_down_CN_dPL,CN,dPL_seed42,Dry-down,-0.0801164581208815,0.1,430
dry_down_CN_dPL,CN,dPL_seed42,Dry-down,-0.078273265256995,0.10232558139534884,430
dry_down_CN_dPL,CN,dPL_seed42,Dry-down,-0.0761178210253197,0.10465116279069768,430
dry_down_CN_dPL,CN,dPL_seed42,Dry-down,-0.0759803009802765,0.10697674418604651,430
dry_down_CN_dPL,CN,dPL_seed42,Dry-down,-0.0748174206236341,0.10930232558139535,430
dry_down_CN_dPL,CN,dPL_seed42,Dry-down,-0.0694408410476888,0.11162790697674418,430
dry_down_CN_dPL,CN,dPL_seed42,Dry-down,-0.0651921194825572,0.11395348837209303,430
dry_down_CN_dPL,CN,dPL_seed42,Dry-down,-0.0646645255664408,0.11627906976744186,430
dry_down_CN_dPL,CN,dPL_seed42,Dry-down,-0.0639405867375588,0.1186046511627907,430
dry_down_CN_dPL,CN,dPL_seed42,Dry-down,-0.0589213783992941,0.12093023255813953,430
dry_down_CN_dPL,CN,dPL_seed42,Dry-down,-0.0579908938350492,0.12325581395348838,430
dry_down_CN_dPL,CN,dPL_seed42,Dry-down,-0.0558086681111854,0.12558139534883722,430
dry_down_CN_dPL,CN,dPL_seed42,Dry-down,-0.0556895343726767,0.12790697674418605,430
dry_down_CN_dPL,CN,dPL_seed42,Dry-down,-0.0551970699151841,0.13023255813953488,430
dry_down_CN_dPL,CN,dPL_seed42,Dry-down,-0.0546384264204552,0.1325581395348837,430
dry_down_CN_dPL,CN,dPL_seed42,Dry-down,-0.0537790384260868,0.13488372093023257,430
dry_down_CN_dPL,CN,dPL_seed42,Dry-down,-0.0525768463555705,0.1372093023255814,430
dry_down_CN_dPL,CN,dPL_seed42,Dry-down,-0.0525664229196624,0.13953488372093023,430
dry_down_CN_dPL,CN,dPL_seed42,Dry-down,-0.0522957873337008,0.14186046511627906,430
dry_down_CN_dPL,CN,dPL_seed42,Dry-down,-0.0521712208443355,0.14418604651162792,430
dry_down_CN_dPL,CN,dPL_seed42,Dry-down,-0.051114377456128,0.14651162790697675,430
dry_down_CN_dPL,CN,dPL_seed42,Dry-down,-0.0503317199420072,0.14883720930232558,430
dry_down_CN_dPL,CN,dPL_seed42,Dry-down,-0.0485725813627534,0.1511627906976744,430
dry_down_CN_dPL,CN,dPL_seed42,Dry-down,-0.04721735965248,0.15348837209302327,430
dry_down_CN_dPL,CN,dPL_seed42,Dry-down,-0.0471392498714082,0.1558139534883721,430
dry_down_CN_dPL,CN,dPL_seed42,Dry-down,-0.0468581193832602,0.15813953488372093,430
dry_down_CN_dPL,CN,dPL_seed42,Dry-down,-0.0451566356552589,0.16046511627906976,430
dry_down_CN_dPL,CN,dPL_seed42,Dry-down,-0.0431871245617758,0.16279069767441862,430
dry_down_CN_dPL,CN,dPL_seed42,Dry-down,-0.0416222494692259,0.16511627906976745,430
dry_down_CN_dPL,CN,dPL_seed42,Dry-down,-0.0410180835301238,0.16744186046511628,430
dry_down_CN_dPL,CN,dPL_seed42,Dry-down,-0.0399530251799067,0.1697674418604651,430
dry_down_CN_dPL,CN,dPL_seed42,Dry-down,-0.0399160679453861,0.17209302325581396,430
dry_down_CN_dPL,CN,dPL_seed42,Dry-down,-0.0397740696126031,0.1744186046511628,430
dry_down_CN_dPL,CN,dPL_seed42,Dry-down,-0.0397540526706725,0.17674418604651163,430
dry_down_CN_dPL,CN,dPL_seed42,Dry-down,-0.0396713480680327,0.17906976744186046,430
dry_down_CN_dPL,CN,dPL_seed42,Dry-down,-0.0392887251845502,0.1813953488372093,430
dry_down_CN_dPL,CN,dPL_seed42,Dry-down,-0.0380944409061638,0.18372093023255814,430
dry_down_CN_dPL,CN,dPL_seed42,Dry-down,-0.0379679816320828,0.18604651162790697,430
dry_down_CN_dPL,CN,dPL_seed42,Dry-down,-0.0372562610130159,0.1883720930232558,430
dry_down_CN_dPL,CN,dPL_seed42,Dry-down,-0.0363927312621764,0.19069767441860466,430
dry_down_CN_dPL,CN,dPL_seed42,Dry-down,-0.0354930383035758,0.1930232558139535,430
dry_down_CN_dPL,CN,dPL_seed42,Dry-down,-0.0337116574938395,0.19534883720930232,430
dry_down_CN_dPL,CN,dPL_seed42,Dry-down,-0.0336090841832151,0.19767441860465115,430
dry_down_CN_dPL,CN,dPL_seed42,Dry-down,-0.0326360971004472,0.2,430
dry_down_CN_dPL,CN,dPL_seed42,Dry-down,-0.031652009772555,0.20232558139534884,430
dry_down_CN_dPL,CN,dPL_seed42,Dry-down,-0.0314384180871617,0.20465116279069767,430
dry_down_CN_dPL,CN,dPL_seed42,Dry-down,-0.0311320956198206,0.2069767441860465,430
dry_down_CN_dPL,CN,dPL_seed42,Dry-down,-0.0302154932941587,0.20930232558139536,430
dry_down_CN_dPL,CN,dPL_seed42,Dry-down,-0.0297935601900437,0.2116279069767442,430
dry_down_CN_dPL,CN,dPL_seed42,Dry-down,-0.0297828671171609,0.21395348837209302,430
dry_down_CN_dPL,CN,dPL_seed42,Dry-down,-0.0297757720669868,0.21627906976744185,430
dry_down_CN_dPL,CN,dPL_seed42,Dry-down,-0.0290422296421266,0.2186046511627907,430
dry_down_CN_dPL,CN,dPL_seed42,Dry-down,-0.0284291883917082,0.22093023255813954,430
dry_down_CN_dPL,CN,dPL_seed42,Dry-down,-0.0284035899757869,0.22325581395348837,430
dry_down_CN_dPL,CN,dPL_seed42,Dry-down,-0.0281880944977628,0.2255813953488372,430
dry_down_CN_dPL,CN,dPL_seed42,Dry-down,-0.0260238490108296,0.22790697674418606,430
dry_down_CN_dPL,CN,dPL_seed42,Dry-down,-0.0260197726125733,0.2302325581395349,430
dry_down_CN_dPL,CN,dPL_seed42,Dry-down,-0.0257382034870977,0.23255813953488372,430
dry_down_CN_dPL,CN,dPL_seed42,Dry-down,-0.0252421642268654,0.23488372093023255,430
dry_down_CN_dPL,CN,dPL_seed42,Dry-down,-0.0248256119280521,0.2372093023255814,430
dry_down_CN_dPL,CN,dPL_seed42,Dry-down,-0.0242355458866055,0.23953488372093024,430
dry_down_CN_dPL,CN,dPL_seed42,Dry-down,-0.0242160851160084,0.24186046511627907,430
dry_down_CN_dPL,CN,dPL_seed42,Dry-down,-0.0239955430909944,0.2441860465116279,430
dry_down_CN_dPL,CN,dPL_seed42,Dry-down,-0.0239542313204959,0.24651162790697675,430
dry_down_CN_dPL,CN,dPL_seed42,Dry-down,-0.0231484348531446,0.24883720930232558,430
dry_down_CN_dPL,CN,dPL_seed42,Dry-down,-0.0224061794033968,0.25116279069767444,430
dry_down_CN_dPL,CN,dPL_seed42,Dry-down,-0.0221097933922013,0.2534883720930233,430
dry_down_CN_dPL,CN,dPL_seed42,Dry-down,-0.0220299397211011,0.2558139534883721,430
dry_down_CN_dPL,CN,dPL_seed42,Dry-down,-0.0219132929888369,0.25813953488372093,430
dry_down_CN_dPL,CN,dPL_seed42,Dry-down,-0.0214405555314519,0.26046511627906976,430
dry_down_CN_dPL,CN,dPL_seed42,Dry-down,-0.021041053344034,0.2627906976744186,430
dry_down_CN_dPL,CN,dPL_seed42,Dry-down,-0.020983790158775,0.2651162790697674,430
dry_down_CN_dPL,CN,dPL_seed42,Dry-down,-0.0203763577941834,0.26744186046511625,430
dry_down_CN_dPL,CN,dPL_seed42,Dry-down,-0.0203387306651606,0.26976744186046514,430
dry_down_CN_dPL,CN,dPL_seed42,Dry-down,-0.0197099918752943,0.27209302325581397,430
dry_down_CN_dPL,CN,dPL_seed42,Dry-down,-0.0196993965463002,0.2744186046511628,430
dry_down_CN_dPL,CN,dPL_seed42,Dry-down,-0.0192814680233297,0.27674418604651163,430
dry_down_CN_dPL,CN,dPL_seed42,Dry-down,-0.018901344861768,0.27906976744186046,430
dry_down_CN_dPL,CN,dPL_seed42,Dry-down,-0.0180862043628948,0.2813953488372093,430
dry_down_CN_dPL,CN,dPL_seed42,Dry-down,-0.0180354620155711,0.2837209302325581,430
dry_down_CN_dPL,CN,dPL_seed42,Dry-down,-0.0177174982825709,0.28604651162790695,430
dry_down_CN_dPL,CN,dPL_seed42,Dry-down,-0.0173414735160489,0.28837209302325584,430
dry_down_CN_dPL,CN,dPL_seed42,Dry-down,-0.0166980254164897,0.29069767441860467,430
dry_down_CN_dPL,CN,dPL_seed42,Dry-down,-0.0166305687830656,0.2930232558139535,430
dry_down_CN_dPL,CN,dPL_seed42,Dry-down,-0.0165923549840013,0.29534883720930233,430
dry_down_CN_dPL,CN,dPL_seed42,Dry-down,-0.0165799745237378,0.29767441860465116,430
dry_down_CN_dPL,CN,dPL_seed42,Dry-down,-0.0161897923960449,0.3,430
dry_down_CN_dPL,CN,dPL_seed42,Dry-down,-0.0158813739388664,0.3023255813953488,430
dry_down_CN_dPL,CN,dPL_seed42,Dry-down,-0.0154602256658386,0.30465116279069765,430
dry_down_CN_dPL,CN,dPL_seed42,Dry-down,-0.0150261400940521,0.30697674418604654,430
dry_down_CN_dPL,CN,dPL_seed42,Dry-down,-0.0146463626015852,0.30930232558139537,430
dry_down_CN_dPL,CN,dPL_seed42,Dry-down,-0.0143303894767397,0.3116279069767442,430
dry_down_CN_dPL,CN,dPL_seed42,Dry-down,-0.0140643341426063,0.313953488372093,430
dry_down_CN_dPL,CN,dPL_seed42,Dry-down,-0.0137350443676338,0.31627906976744186,430
dry_down_CN_dPL,CN,dPL_seed42,Dry-down,-0.0136281367331676,0.3186046511627907,430
dry_down_CN_dPL,CN,dPL_seed42,Dry-down,-0.0134049648924633,0.3209302325581395,430
dry_down_CN_dPL,CN,dPL_seed42,Dry-down,-0.0133755915694053,0.32325581395348835,430
dry_down_CN_dPL,CN,dPL_seed42,Dry-down,-0.0129746830685193,0.32558139534883723,430
dry_down_CN_dPL,CN,dPL_seed42,Dry-down,-0.0125836349085518,0.32790697674418606,430
dry_down_CN_dPL,CN,dPL_seed42,Dry-down,-0.012494495604864,0.3302325581395349,430
dry_down_CN_dPL,CN,dPL_seed42,Dry-down,-0.012278629553578,0.3325581395348837,430
dry_down_CN_dPL,CN,dPL_seed42,Dry-down,-0.0122575009233553,0.33488372093023255,430
dry_down_CN_dPL,CN,dPL_seed42,Dry-down,-0.0120227261690205,0.3372093023255814,430
dry_down_CN_dPL,CN,dPL_seed42,Dry-down,-0.0117557935415247,0.3395348837209302,430
dry_down_CN_dPL,CN,dPL_seed42,Dry-down,-0.0116140405891471,0.34186046511627904,430
dry_down_CN_dPL,CN,dPL_seed42,Dry-down,-0.0115031302954976,0.34418604651162793,430
dry_down_CN_dPL,CN,dPL_seed42,Dry-down,-0.0114744756400614,0.34651162790697676,430
dry_down_CN_dPL,CN,dPL_seed42,Dry-down,-0.0113453883566881,0.3488372093023256,430
dry_down_CN_dPL,CN,dPL_seed42,Dry-down,-0.0111314276810569,0.3511627906976744,430
dry_down_CN_dPL,CN,dPL_seed42,Dry-down,-0.0109801843279495,0.35348837209302325,430
dry_down_CN_dPL,CN,dPL_seed42,Dry-down,-0.0104394765603463,0.3558139534883721,430
dry_down_CN_dPL,CN,dPL_seed42,Dry-down,-0.0102438592580961,0.3581395348837209,430
dry_down_CN_dPL,CN,dPL_seed42,Dry-down,-0.0102260749646351,0.36046511627906974,430
dry_down_CN_dPL,CN,dPL_seed42,Dry-down,-0.0102028260907687,0.3627906976744186,430
dry_down_CN_dPL,CN,dPL_seed42,Dry-down,-0.0101930611817941,0.36511627906976746,430
dry_down_CN_dPL,CN,dPL_seed42,Dry-down,-0.0100922274403089,0.3674418604651163,430
dry_down_CN_dPL,CN,dPL_seed42,Dry-down,-0.0100300259369993,0.3697674418604651,430
dry_down_CN_dPL,CN,dPL_seed42,Dry-down,-0.009791414081248,0.37209302325581395,430
dry_down_CN_dPL,CN,dPL_seed42,Dry-down,-0.0097290341282746,0.3744186046511628,430
dry_down_CN_dPL,CN,dPL_seed42,Dry-down,-0.008908335067674,0.3767441860465116,430
dry_down_CN_dPL,CN,dPL_seed42,Dry-down,-0.0087576909051289,0.37906976744186044,430
dry_down_CN_dPL,CN,dPL_seed42,Dry-down,-0.0087478657014726,0.3813953488372093,430
dry_down_CN_dPL,CN,dPL_seed42,Dry-down,-0.0086996820556289,0.38372093023255816,430
dry_down_CN_dPL,CN,dPL_seed42,Dry-down,-0.0086805401874275,0.386046511627907,430
dry_down_CN_dPL,CN,dPL_seed42,Dry-down,-0.0086417298351247,0.3883720930232558,430
dry_down_CN_dPL,CN,dPL_seed42,Dry-down,-0.008628179237718,0.39069767441860465,430
dry_down_CN_dPL,CN,dPL_seed42,Dry-down,-0.008496941152671,0.3930232558139535,430
dry_down_CN_dPL,CN,dPL_seed42,Dry-down,-0.0081255881960669,0.3953488372093023,430
dry_down_CN_dPL,CN,dPL_seed42,Dry-down,-0.0080630784091881,0.39767441860465114,430
dry_down_CN_dPL,CN,dPL_seed42,Dry-down,-0.0078419184395185,0.4,430
dry_down_CN_dPL,CN,dPL_seed42,Dry-down,-0.007625022263381,0.40232558139534885,430
dry_down_CN_dPL,CN,dPL_seed42,Dry-down,-0.0072687071243685,0.4046511627906977,430
dry_down_CN_dPL,CN,dPL_seed42,Dry-down,-0.0071387778984383,0.4069767441860465,430
dry_down_CN_dPL,CN,dPL_seed42,Dry-down,-0.0071355043645555,0.40930232558139534,430
dry_down_CN_dPL,CN,dPL_seed42,Dry-down,-0.0071322515257951,0.4116279069767442,430
dry_down_CN_dPL,CN,dPL_seed42,Dry-down,-0.0069913747114648,0.413953488372093,430
dry_down_CN_dPL,CN,dPL_seed42,Dry-down,-0.0067651242500441,0.41627906976744183,430
dry_down_CN_dPL,CN,dPL_seed42,Dry-down,-0.0062354155035017,0.4186046511627907,430
dry_down_CN_dPL,CN,dPL_seed42,Dry-down,-0.0058272564165422,0.42093023255813955,430
dry_down_CN_dPL,CN,dPL_seed42,Dry-down,-0.0056155134513627,0.4232558139534884,430
dry_down_CN_dPL,CN,dPL_seed42,Dry-down,-0.0055718510034921,0.4255813953488372,430
dry_down_CN_dPL,CN,dPL_seed42,Dry-down,-0.0053846358164661,0.42790697674418604,430
dry_down_CN_dPL,CN,dPL_seed42,Dry-down,-0.0053169057591566,0.43023255813953487,430
dry_down_CN_dPL,CN,dPL_seed42,Dry-down,-0.005303686356565,0.4325581395348837,430
dry_down_CN_dPL,CN,dPL_seed42,Dry-down,-0.0052531224497186,0.43488372093023253,430
dry_down_CN_dPL,CN,dPL_seed42,Dry-down,-0.0050350579123578,0.4372093023255814,430
dry_down_CN_dPL,CN,dPL_seed42,Dry-down,-0.0047163158028579,0.43953488372093025,430
dry_down_CN_dPL,CN,dPL_seed42,Dry-down,-0.0047118731203575,0.4418604651162791,430
dry_down_CN_dPL,CN,dPL_seed42,Dry-down,-0.0046943645503357,0.4441860465116279,430
dry_down_CN_dPL,CN,dPL_seed42,Dry-down,-0.0045220827113607,0.44651162790697674,430
dry_down_CN_dPL,CN,dPL_seed42,Dry-down,-0.004303138200708,0.44883720930232557,430
dry_down_CN_dPL,CN,dPL_seed42,Dry-down,-0.0041530451860007,0.4511627906976744,430
dry_down_CN_dPL,CN,dPL_seed42,Dry-down,-0.0041218318966584,0.45348837209302323,430
dry_down_CN_dPL,CN,dPL_seed42,Dry-down,-0.0039818517616023,0.4558139534883721,430
dry_down_CN_dPL,CN,dPL_seed42,Dry-down,-0.0039106141732048,0.45813953488372094,430
dry_down_CN_dPL,CN,dPL_seed42,Dry-down,-0.003763055816911,0.4604651162790698,430
dry_down_CN_dPL,CN,dPL_seed42,Dry-down,-0.0037091957331107,0.4627906976744186,430
dry_down_CN_dPL,CN,dPL_seed42,Dry-down,-0.0033531405279032,0.46511627906976744,430
dry_down_CN_dPL,CN,dPL_seed42,Dry-down,-0.0032493546752431,0.46744186046511627,430
dry_down_CN_dPL,CN,dPL_seed42,Dry-down,-0.0030225574466959,0.4697674418604651,430
dry_down_CN_dPL,CN,dPL_seed42,Dry-down,-0.0029874298490234,0.4720930232558139,430
dry_down_CN_dPL,CN,dPL_seed42,Dry-down,-0.0029156691193437,0.4744186046511628,430
dry_down_CN_dPL,CN,dPL_seed42,Dry-down,-0.0024847435090328,0.47674418604651164,430
dry_down_CN_dPL,CN,dPL_seed42,Dry-down,-0.0023758244925748,0.4790697674418605,430
dry_down_CN_dPL,CN,dPL_seed42,Dry-down,-0.0022883830161191,0.4813953488372093,430
dry_down_CN_dPL,CN,dPL_seed42,Dry-down,-0.0021956825852066,0.48372093023255813,430
dry_down_CN_dPL,CN,dPL_seed42,Dry-down,-0.0021688306161191,0.48604651162790696,430
dry_down_CN_dPL,CN,dPL_seed42,Dry-down,-0.0021104054539486,0.4883720930232558,430
dry_down_CN_dPL,CN,dPL_seed42,Dry-down,-0.0020849830158741,0.4906976744186046,430
dry_down_CN_dPL,CN,dPL_seed42,Dry-down,-0.0019165961778018,0.4930232558139535,430
dry_down_CN_dPL,CN,dPL_seed42,Dry-down,-0.0018717882696466,0.49534883720930234,430
dry_down_CN_dPL,CN,dPL_seed42,Dry-down,-0.0017222466841796,0.49767441860465117,430
dry_down_CN_dPL,CN,dPL_seed42,Dry-down,-0.001633812854148,0.5,430
dry_down_CN_dPL,CN,dPL_seed42,Dry-down,-0.0016169183450222,0.5023255813953489,430
dry_down_CN_dPL,CN,dPL_seed42,Dry-down,-0.0016057853066275,0.5046511627906977,430
dry_down_CN_dPL,CN,dPL_seed42,Dry-down,-0.0015366382720207,0.5069767441860465,430
dry_down_CN_dPL,CN,dPL_seed42,Dry-down,-0.0014733876992578,0.5093023255813953,430
dry_down_CN_dPL,CN,dPL_seed42,Dry-down,-0.0014123328696643,0.5116279069767442,430
dry_down_CN_dPL,CN,dPL_seed42,Dry-down,-0.0012284549730747,0.513953488372093,430
dry_down_CN_dPL,CN,dPL_seed42,Dry-down,-0.0010614555889504,0.5162790697674419,430
dry_down_CN_dPL,CN,dPL_seed42,Dry-down,-0.0008512125057675,0.5186046511627908,430
dry_down_CN_dPL,CN,dPL_seed42,Dry-down,-0.0006912136609658,0.5209302325581395,430
dry_down_CN_dPL,CN,dPL_seed42,Dry-down,-0.0004354382571186,0.5232558139534884,430
dry_down_CN_dPL,CN,dPL_seed42,Dry-down,-0.0003867227066485,0.5255813953488372,430
dry_down_CN_dPL,CN,dPL_seed42,Dry-down,-0.0003270575895641,0.5279069767441861,430
dry_down_CN_dPL,CN,dPL_seed42,Dry-down,-0.0003116860595253,0.5302325581395348,430
dry_down_CN_dPL,CN,dPL_seed42,Dry-down,-0.0002563836318345,0.5325581395348837,430
dry_down_CN_dPL,CN,dPL_seed42,Dry-down,-0.0001676802240432,0.5348837209302325,430
dry_down_CN_dPL,CN,dPL_seed42,Dry-down,-0.0001649479600623,0.5372093023255814,430
dry_down_CN_dPL,CN,dPL_seed42,Dry-down,8.954512317727037e-05,0.5395348837209303,430
dry_down_CN_dPL,CN,dPL_seed42,Dry-down,0.0001118066595914,0.541860465116279,430
dry_down_CN_dPL,CN,dPL_seed42,Dry-down,0.0003335614257443,0.5441860465116279,430
dry_down_CN_dPL,CN,dPL_seed42,Dry-down,0.0003532782400957,0.5465116279069767,430
dry_down_CN_dPL,CN,dPL_seed42,Dry-down,0.0006291379288326,0.5488372093023256,430
dry_down_CN_dPL,CN,dPL_seed42,Dry-down,0.000634051133072,0.5511627906976744,430
dry_down_CN_dPL,CN,dPL_seed42,Dry-down,0.0006627671263026,0.5534883720930233,430
dry_down_CN_dPL,CN,dPL_seed42,Dry-down,0.0006964371597534,0.5558139534883721,430
dry_down_CN_dPL,CN,dPL_seed42,Dry-down,0.0007158364549333,0.5581395348837209,430
dry_down_CN_dPL,CN,dPL_seed42,Dry-down,0.0009568990446169,0.5604651162790698,430
dry_down_CN_dPL,CN,dPL_seed42,Dry-down,0.0010319082309517,0.5627906976744186,430
dry_down_CN_dPL,CN,dPL_seed42,Dry-down,0.0010567596323394,0.5651162790697675,430
dry_down_CN_dPL,CN,dPL_seed42,Dry-down,0.0011395993258063,0.5674418604651162,430
dry_down_CN_dPL,CN,dPL_seed42,Dry-down,0.0013054550787696,0.5697674418604651,430
dry_down_CN_dPL,CN,dPL_seed42,Dry-down,0.0014521969216567,0.5720930232558139,430
dry_down_CN_dPL,CN,dPL_seed42,Dry-down,0.0015122459711855,0.5744186046511628,430
dry_down_CN_dPL,CN,dPL_seed42,Dry-down,0.0015529660449575,0.5767441860465117,430
dry_down_CN_dPL,CN,dPL_seed42,Dry-down,0.0017500858698262,0.5790697674418605,430
dry_down_CN_dPL,CN,dPL_seed42,Dry-down,0.0017818999362553,0.5813953488372093,430
dry_down_CN_dPL,CN,dPL_seed42,Dry-down,0.0017949417602876,0.5837209302325581,430
dry_down_CN_dPL,CN,dPL_seed42,Dry-down,0.0018441342056498,0.586046511627907,430
dry_down_CN_dPL,CN,dPL_seed42,Dry-down,0.0018899901673196,0.5883720930232558,430
dry_down_CN_dPL,CN,dPL_seed42,Dry-down,0.001928400935353,0.5906976744186047,430
dry_down_CN_dPL,CN,dPL_seed42,Dry-down,0.0022381145357661,0.5930232558139535,430
dry_down_CN_dPL,CN,dPL_seed42,Dry-down,0.0022410857324246,0.5953488372093023,430
dry_down_CN_dPL,CN,dPL_seed42,Dry-down,0.0022542096964437,0.5976744186046512,430
dry_down_CN_dPL,CN,dPL_seed42,Dry-down,0.0022776289218529,0.6,430
dry_down_CN_dPL,CN,dPL_seed42,Dry-down,0.0026462414870914,0.6023255813953489,430
dry_down_CN_dPL,CN,dPL_seed42,Dry-down,0.0026550193259948,0.6046511627906976,430
dry_down_CN_dPL,CN,dPL_seed42,Dry-down,0.002731376901459,0.6069767441860465,430
dry_down_CN_dPL,CN,dPL_seed42,Dry-down,0.0028228968660246,0.6093023255813953,430
dry_down_CN_dPL,CN,dPL_seed42,Dry-down,0.0028456582964052,0.6116279069767442,430
dry_down_CN_dPL,CN,dPL_seed42,Dry-down,0.0029774678732654,0.6139534883720931,430
dry_down_CN_dPL,CN,dPL_seed42,Dry-down,0.0031099293995972,0.6162790697674418,430
dry_down_CN_dPL,CN,dPL_seed42,Dry-down,0.0031111992324424,0.6186046511627907,430
dry_down_CN_dPL,CN,dPL_seed42,Dry-down,0.0032094763493223,0.6209302325581395,430
dry_down_CN_dPL,CN,dPL_seed42,Dry-down,0.0033635601896473,0.6232558139534884,430
dry_down_CN_dPL,CN,dPL_seed42,Dry-down,0.0034879529279865,0.6255813953488372,430
dry_down_CN_dPL,CN,dPL_seed42,Dry-down,0.003557141036969,0.627906976744186,430
dry_down_CN_dPL,CN,dPL_seed42,Dry-down,0.0035859451478709,0.6302325581395349,430
dry_down_CN_dPL,CN,dPL_seed42,Dry-down,0.0036872622636853,0.6325581395348837,430
dry_down_CN_dPL,CN,dPL_seed42,Dry-down,0.0037125254558966,0.6348837209302326,430
dry_down_CN_dPL,CN,dPL_seed42,Dry-down,0.0037476097952225,0.6372093023255814,430
dry_down_CN_dPL,CN,dPL_seed42,Dry-down,0.0038822782810972,0.6395348837209303,430
dry_down_CN_dPL,CN,dPL_seed42,Dry-down,0.0039703988378156,0.641860465116279,430
dry_down_CN_dPL,CN,dPL_seed42,Dry-down,0.0042035249713817,0.6441860465116279,430
dry_down_CN_dPL,CN,dPL_seed42,Dry-down,0.0043314574056225,0.6465116279069767,430
dry_down_CN_dPL,CN,dPL_seed42,Dry-down,0.0043745651019974,0.6488372093023256,430
dry_down_CN_dPL,CN,dPL_seed42,Dry-down,0.0043975573678807,0.6511627906976745,430
dry_down_CN_dPL,CN,dPL_seed42,Dry-down,0.004660816665899,0.6534883720930232,430
dry_down_CN_dPL,CN,dPL_seed42,Dry-down,0.0047509913480655,0.6558139534883721,430
dry_down_CN_dPL,CN,dPL_seed42,Dry-down,0.0047637386666484,0.6581395348837209,430
dry_down_CN_dPL,CN,dPL_seed42,Dry-down,0.0049604957625964,0.6604651162790698,430
dry_down_CN_dPL,CN,dPL_seed42,Dry-down,0.0050634313510372,0.6627906976744186,430
dry_down_CN_dPL,CN,dPL_seed42,Dry-down,0.0051272533491819,0.6651162790697674,430
dry_down_CN_dPL,CN,dPL_seed42,Dry-down,0.0051760979955975,0.6674418604651163,430
dry_down_CN_dPL,CN,dPL_seed42,Dry-down,0.005611287120035,0.6697674418604651,430
dry_down_CN_dPL,CN,dPL_seed42,Dry-down,0.0056116606921674,0.672093023255814,430
dry_down_CN_dPL,CN,dPL_seed42,Dry-down,0.0056331459972823,0.6744186046511628,430
dry_down_CN_dPL,CN,dPL_seed42,Dry-down,0.0057718835475198,0.6767441860465117,430
dry_down_CN_dPL,CN,dPL_seed42,Dry-down,0.0062202256783339,0.6790697674418604,430
dry_down_CN_dPL,CN,dPL_seed42,Dry-down,0.0065922201700746,0.6813953488372093,430
dry_down_CN_dPL,CN,dPL_seed42,Dry-down,0.006674681204128,0.6837209302325581,430
dry_down_CN_dPL,CN,dPL_seed42,Dry-down,0.0072260394180712,0.686046511627907,430
dry_down_CN_dPL,CN,dPL_seed42,Dry-down,0.0074539643927286,0.6883720930232559,430
dry_down_CN_dPL,CN,dPL_seed42,Dry-down,0.008072246545784,0.6906976744186046,430
dry_down_CN_dPL,CN,dPL_seed42,Dry-down,0.0086882373068204,0.6930232558139535,430
dry_down_CN_dPL,CN,dPL_seed42,Dry-down,0.0088814584098059,0.6953488372093023,430
dry_down_CN_dPL,CN,dPL_seed42,Dry-down,0.0090340652690127,0.6976744186046512,430
dry_down_CN_dPL,CN,dPL_seed42,Dry-down,0.0090897103038029,0.7,430
dry_down_CN_dPL,CN,dPL_seed42,Dry-down,0.0092035908623252,0.7023255813953488,430
dry_down_CN_dPL,CN,dPL_seed42,Dry-down,0.0097990305259477,0.7046511627906977,430
dry_down_CN_dPL,CN,dPL_seed42,Dry-down,0.0099702010216298,0.7069767441860465,430
dry_down_CN_dPL,CN,dPL_seed42,Dry-down,0.0099997928205212,0.7093023255813954,430
dry_down_CN_dPL,CN,dPL_seed42,Dry-down,0.010327710841658,0.7116279069767442,430
dry_down_CN_dPL,CN,dPL_seed42,Dry-down,0.0104859124095157,0.713953488372093,430
dry_down_CN_dPL,CN,dPL_seed42,Dry-down,0.0105363713435981,0.7162790697674418,430
dry_down_CN_dPL,CN,dPL_seed42,Dry-down,0.0106279082955731,0.7186046511627907,430
dry_down_CN_dPL,CN,dPL_seed42,Dry-down,0.0109745615023593,0.7209302325581395,430
dry_down_CN_dPL,CN,dPL_seed42,Dry-down,0.0110231057307815,0.7232558139534884,430
dry_down_CN_dPL,CN,dPL_seed42,Dry-down,0.0111132878932973,0.7255813953488373,430
dry_down_CN_dPL,CN,dPL_seed42,Dry-down,0.0114493535616647,0.727906976744186,430
dry_down_CN_dPL,CN,dPL_seed42,Dry-down,0.011560548506732,0.7302325581395349,430
dry_down_CN_dPL,CN,dPL_seed42,Dry-down,0.0116135796024897,0.7325581395348837,430
dry_down_CN_dPL,CN,dPL_seed42,Dry-down,0.0116825071951863,0.7348837209302326,430
dry_down_CN_dPL,CN,dPL_seed42,Dry-down,0.0118932838535511,0.7372093023255814,430
dry_down_CN_dPL,CN,dPL_seed42,Dry-down,0.0122038145320826,0.7395348837209302,430
dry_down_CN_dPL,CN,dPL_seed42,Dry-down,0.0124107961831257,0.7418604651162791,430
dry_down_CN_dPL,CN,dPL_seed42,Dry-down,0.012453202486851,0.7441860465116279,430
dry_down_CN_dPL,CN,dPL_seed42,Dry-down,0.0124991455527166,0.7465116279069768,430
dry_down_CN_dPL,CN,dPL_seed42,Dry-down,0.0132286322589947,0.7488372093023256,430
dry_down_CN_dPL,CN,dPL_seed42,Dry-down,0.0132856741198582,0.7511627906976744,430
dry_down_CN_dPL,CN,dPL_seed42,Dry-down,0.0136563493910152,0.7534883720930232,430
dry_down_CN_dPL,CN,dPL_seed42,Dry-down,0.0138218470708439,0.7558139534883721,430
dry_down_CN_dPL,CN,dPL_seed42,Dry-down,0.013904063663836,0.7581395348837209,430
dry_down_CN_dPL,CN,dPL_seed42,Dry-down,0.0140499526678971,0.7604651162790698,430
dry_down_CN_dPL,CN,dPL_seed42,Dry-down,0.0143475426261804,0.7627906976744186,430
dry_down_CN_dPL,CN,dPL_seed42,Dry-down,0.0144141658237642,0.7651162790697674,430
dry_down_CN_dPL,CN,dPL_seed42,Dry-down,0.0144338033331268,0.7674418604651163,430
dry_down_CN_dPL,CN,dPL_seed42,Dry-down,0.0144751704212033,0.7697674418604651,430
dry_down_CN_dPL,CN,dPL_seed42,Dry-down,0.0145022043132271,0.772093023255814,430
dry_down_CN_dPL,CN,dPL_seed42,Dry-down,0.0145434643631979,0.7744186046511627,430
dry_down_CN_dPL,CN,dPL_seed42,Dry-down,0.0146570831243268,0.7767441860465116,430
dry_down_CN_dPL,CN,dPL_seed42,Dry-down,0.0147757434090988,0.7790697674418605,430
dry_down_CN_dPL,CN,dPL_seed42,Dry-down,0.0150327008650521,0.7813953488372093,430
dry_down_CN_dPL,CN,dPL_seed42,Dry-down,0.0151050773681107,0.7837209302325582,430
dry_down_CN_dPL,CN,dPL_seed42,Dry-down,0.015496335479863,0.786046511627907,430
dry_down_CN_dPL,CN,dPL_seed42,Dry-down,0.0158499239305847,0.7883720930232558,430
dry_down_CN_dPL,CN,dPL_seed42,Dry-down,0.0158567799433273,0.7906976744186046,430
dry_down_CN_dPL,CN,dPL_seed42,Dry-down,0.0161621123091859,0.7930232558139535,430
dry_down_CN_dPL,CN,dPL_seed42,Dry-down,0.0163176337404628,0.7953488372093023,430
dry_down_CN_dPL,CN,dPL_seed42,Dry-down,0.016341532315069,0.7976744186046512,430
dry_down_CN_dPL,CN,dPL_seed42,Dry-down,0.016895303699162,0.8,430
dry_down_CN_dPL,CN,dPL_seed42,Dry-down,0.0169611510071335,0.8023255813953488,430
dry_down_CN_dPL,CN,dPL_seed42,Dry-down,0.0171520337651566,0.8046511627906977,430
dry_down_CN_dPL,CN,dPL_seed42,Dry-down,0.0184389544802277,0.8069767441860465,430
dry_down_CN_dPL,CN,dPL_seed42,Dry-down,0.0184819950494663,0.8093023255813954,430
dry_down_CN_dPL,CN,dPL_seed42,Dry-down,0.0189794498485909,0.8116279069767441,430
dry_down_CN_dPL,CN,dPL_seed42,Dry-down,0.0192015803385454,0.813953488372093,430
dry_down_CN_dPL,CN,dPL_seed42,Dry-down,0.0196865773473703,0.8162790697674419,430
dry_down_CN_dPL,CN,dPL_seed42,Dry-down,0.0205893693988777,0.8186046511627907,430
dry_down_CN_dPL,CN,dPL_seed42,Dry-down,0.0210175889614123,0.8209302325581396,430
dry_down_CN_dPL,CN,dPL_seed42,Dry-down,0.0210401873962955,0.8232558139534883,430
dry_down_CN_dPL,CN,dPL_seed42,Dry-down,0.0222654804205771,0.8255813953488372,430
dry_down_CN_dPL,CN,dPL_seed42,Dry-down,0.0242072837652922,0.827906976744186,430
dry_down_CN_dPL,CN,dPL_seed42,Dry-down,0.0253713975784876,0.8302325581395349,430
dry_down_CN_dPL,CN,dPL_seed42,Dry-down,0.0255790905262704,0.8325581395348837,430
dry_down_CN_dPL,CN,dPL_seed42,Dry-down,0.0259536072453552,0.8348837209302326,430
dry_down_CN_dPL,CN,dPL_seed42,Dry-down,0.0285787608821156,0.8372093023255814,430
dry_down_CN_dPL,CN,dPL_seed42,Dry-down,0.0287574435764701,0.8395348837209302,430
dry_down_CN_dPL,CN,dPL_seed42,Dry-down,0.0298285707829116,0.8418604651162791,430
dry_down_CN_dPL,CN,dPL_seed42,Dry-down,0.030243893489284,0.8441860465116279,430
dry_down_CN_dPL,CN,dPL_seed42,Dry-down,0.031827119234347,0.8465116279069768,430
dry_down_CN_dPL,CN,dPL_seed42,Dry-down,0.031857191040071,0.8488372093023255,430
dry_down_CN_dPL,CN,dPL_seed42,Dry-down,0.0324531284614502,0.8511627906976744,430
dry_down_CN_dPL,CN,dPL_seed42,Dry-down,0.033457713712152,0.8534883720930233,430
dry_down_CN_dPL,CN,dPL_seed42,Dry-down,0.0350209377401697,0.8558139534883721,430
dry_down_CN_dPL,CN,dPL_seed42,Dry-down,0.0350551597397548,0.858139534883721,430
dry_down_CN_dPL,CN,dPL_seed42,Dry-down,0.035767548514361,0.8604651162790697,430
dry_down_CN_dPL,CN,dPL_seed42,Dry-down,0.0370283217274199,0.8627906976744186,430
dry_down_CN_dPL,CN,dPL_seed42,Dry-down,0.037583710933982,0.8651162790697674,430
dry_down_CN_dPL,CN,dPL_seed42,Dry-down,0.0378377013223687,0.8674418604651163,430
dry_down_CN_dPL,CN,dPL_seed42,Dry-down,0.0390938980455456,0.8697674418604651,430
dry_down_CN_dPL,CN,dPL_seed42,Dry-down,0.0404062097614216,0.872093023255814,430
dry_down_CN_dPL,CN,dPL_seed42,Dry-down,0.0406105970105054,0.8744186046511628,430
dry_down_CN_dPL,CN,dPL_seed42,Dry-down,0.0429333092127656,0.8767441860465116,430
dry_down_CN_dPL,CN,dPL_seed42,Dry-down,0.0446427245916675,0.8790697674418605,430
dry_down_CN_dPL,CN,dPL_seed42,Dry-down,0.0446569590201431,0.8813953488372093,430
dry_down_CN_dPL,CN,dPL_seed42,Dry-down,0.0452809759716796,0.8837209302325582,430
dry_down_CN_dPL,CN,dPL_seed42,Dry-down,0.0455636078030491,0.8860465116279069,430
dry_down_CN_dPL,CN,dPL_seed42,Dry-down,0.0457323587710813,0.8883720930232558,430
dry_down_CN_dPL,CN,dPL_seed42,Dry-down,0.0457891437495059,0.8906976744186047,430
dry_down_CN_dPL,CN,dPL_seed42,Dry-down,0.0474159578116938,0.8930232558139535,430
dry_down_CN_dPL,CN,dPL_seed42,Dry-down,0.0478977438146217,0.8953488372093024,430
dry_down_CN_dPL,CN,dPL_seed42,Dry-down,0.049041481200981,0.8976744186046511,430
dry_down_CN_dPL,CN,dPL_seed42,Dry-down,0.0505155135082343,0.9,430
dry_down_CN_dPL,CN,dPL_seed42,Dry-down,0.0509561122670148,0.9023255813953488,430
dry_down_CN_dPL,CN,dPL_seed42,Dry-down,0.0514011198866052,0.9046511627906977,430
dry_down_CN_dPL,CN,dPL_seed42,Dry-down,0.0516119643861879,0.9069767441860465,430
dry_down_CN_dPL,CN,dPL_seed42,Dry-down,0.0523878796894805,0.9093023255813953,430
dry_down_CN_dPL,CN,dPL_seed42,Dry-down,0.0546950290708262,0.9116279069767442,430
dry_down_CN_dPL,CN,dPL_seed42,Dry-down,0.0552133628784068,0.913953488372093,430
dry_down_CN_dPL,CN,dPL_seed42,Dry-down,0.0561670676044027,0.9162790697674419,430
dry_down_CN_dPL,CN,dPL_seed42,Dry-down,0.0573386055271232,0.9186046511627907,430
dry_down_CN_dPL,CN,dPL_seed42,Dry-down,0.0622672426019124,0.9209302325581395,430
dry_down_CN_dPL,CN,dPL_seed42,Dry-down,0.0625616008696753,0.9232558139534883,430
dry_down_CN_dPL,CN,dPL_seed42,Dry-down,0.0633966911698143,0.9255813953488372,430
dry_down_CN_dPL,CN,dPL_seed42,Dry-down,0.0661687171356071,0.9279069767441861,430
dry_down_CN_dPL,CN,dPL_seed42,Dry-down,0.0699256735352329,0.9302325581395349,430
dry_down_CN_dPL,CN,dPL_seed42,Dry-down,0.0705189179250097,0.9325581395348838,430
dry_down_CN_dPL,CN,dPL_seed42,Dry-down,0.0708940360735441,0.9348837209302325,430
dry_down_CN_dPL,CN,dPL_seed42,Dry-down,0.0746496556795812,0.9372093023255814,430
dry_down_CN_dPL,CN,dPL_seed42,Dry-down,0.0802965692069256,0.9395348837209302,430
dry_down_CN_dPL,CN,dPL_seed42,Dry-down,0.0809010504804793,0.9418604651162791,430
dry_down_CN_dPL,CN,dPL_seed42,Dry-down,0.0816268958545269,0.9441860465116279,430
dry_down_CN_dPL,CN,dPL_seed42,Dry-down,0.089501746745676,0.9465116279069767,430
dry_down_CN_dPL,CN,dPL_seed42,Dry-down,0.0921809291069923,0.9488372093023256,430
dry_down_CN_dPL,CN,dPL_seed42,Dry-down,0.0950319187498192,0.9511627906976744,430
dry_down_CN_dPL,CN,dPL_seed42,Dry-down,0.0952956494777828,0.9534883720930233,430
dry_down_CN_dPL,CN,dPL_seed42,Dry-down,0.0988028415517603,0.9558139534883721,430
dry_down_CN_dPL,CN,dPL_seed42,Dry-down,0.1020591097704483,0.958139534883721,430
dry_down_CN_dPL,CN,dPL_seed42,Dry-down,0.1029155482153775,0.9604651162790697,430
dry_down_CN_dPL,CN,dPL_seed42,Dry-down,0.1143269112824846,0.9627906976744186,430
dry_down_CN_dPL,CN,dPL_seed42,Dry-down,0.1162288710390453,0.9651162790697675,430
dry_down_CN_dPL,CN,dPL_seed42,Dry-down,0.1201398166597598,0.9674418604651163,430
dry_down_CN_dPL,CN,dPL_seed42,Dry-down,0.1216505501250716,0.9697674418604652,430
dry_down_CN_dPL,CN,dPL_seed42,Dry-down,0.1217394843701601,0.9720930232558139,430
dry_down_CN_dPL,CN,dPL_seed42,Dry-down,0.1321454741512994,0.9744186046511628,430
dry_down_CN_dPL,CN,dPL_seed42,Dry-down,0.132268358470184,0.9767441860465116,430
dry_down_CN_dPL,CN,dPL_seed42,Dry-down,0.1377913470069864,0.9790697674418605,430
dry_down_CN_dPL,CN,dPL_seed42,Dry-down,0.1426428954880515,0.9813953488372092,430
dry_down_CN_dPL,CN,dPL_seed42,Dry-down,0.1522325412291774,0.9837209302325581,430
dry_down_CN_dPL,CN,dPL_seed42,Dry-down,0.1782643242064202,0.986046511627907,430
dry_down_CN_dPL,CN,dPL_seed42,Dry-down,0.1787252098722442,0.9883720930232558,430
dry_down_CN_dPL,CN,dPL_seed42,Dry-down,0.1956571835757743,0.9906976744186047,430
dry_down_CN_dPL,CN,dPL_seed42,Dry-down,0.1961028770754042,0.9930232558139535,430
dry_down_CN_dPL,CN,dPL_seed42,Dry-down,0.218818574900942,0.9953488372093023,430
dry_down_CN_dPL,CN,dPL_seed42,Dry-down,0.2793746634852707,0.9976744186046511,430
dry_down_CN_dPL,CN,dPL_seed42,Dry-down,0.3770350314715686,1.0,430
