basin_id,paradigm,E_param_base,E_param_tgd,C15_base,C15_tgd,E_param_cn,seed,E_param_excess_base,E_param_excess_tgd,G_base,G_TGD_ko,frac_snow,snow_stratum
01022500,IC,0.3081924694930533,0.2723803330778311,0.2435688793426365,0.4493800404635096,0.070410102562753,,0.2377823669303003,0.20197023051507812,0.0432834728039233,0.2653355370589702,0.245259009248271,S3
01022500,dPL,0.2784855123979921,0.2240417488937511,0.2449940380297209,0.2399404181374444,0.0242200026866206,42.0,0.25426550971137146,0.1998217462071305,0.0446977264336622,0.2532121779535741,0.245259009248271,S3
01022500,dPL,0.2787906881792421,0.2600506063921327,0.2206287986579506,0.2460407614707946,0.0363598968672152,123.0,0.24243079131202688,0.22369070952491749,0.0444196835031721,0.2587375348902683,0.245259009248271,S3
01022500,dPL,0.2777785218380962,0.2576557468975224,0.221890474592025,0.2468112008324985,0.0316302335095138,2026.0,0.2461482883285824,0.2260255133880086,0.0439947828393542,0.2598518090278048,0.245259009248271,S3
01031500,IC,0.3313236576114695,0.3313236576114695,0.3026197452134336,0.1362372698453717,0.0350611137032636,,0.2962625439082059,0.2962625439082059,0.0686518367823884,0.4098783784488742,0.291836473001958,S3
01031500,dPL,0.3205846621530709,0.3047948901737383,0.3000643849372864,0.2290111354419163,0.0311100378195994,42.0,0.2894746243334715,0.27368485235413886,0.0753369764032899,0.4054760598239484,0.291836473001958,S3
01031500,dPL,0.3219905314975864,0.2741744704893211,0.2211904525756836,0.262871631823088,0.0382813121947966,123.0,0.2837092193027898,0.23589315829452448,0.0758718170188113,0.40888892218870065,0.291836473001958,S3
01031500,dPL,0.3225912691501947,0.2697299190361788,0.2223246909185642,0.2399376763237847,0.0335577863323544,2026.0,0.2890334828178403,0.23617213270382442,0.069825806397312,0.4079417088704743,0.291836473001958,S3
01047000,IC,0.1885238689280827,0.1950697975027183,0.1788875346380737,0.2425478697617875,0.0496898271196398,,0.13883404180844292,0.1453799703830785,0.0624433557344898,0.4034869737754991,0.280118126940736,S3
01047000,dPL,0.3124918169120116,0.258283549461696,0.3004065464282858,0.2390918987137931,0.0505539587886594,42.0,0.26193785812335224,0.20772959067303662,0.0756972413310998,0.4003931399758291,0.280118126940736,S3
01047000,dPL,0.3176438855520681,0.2379926996378032,0.2263769821116799,0.2912087525640215,0.0523940317771557,123.0,0.2652498537749124,0.1855986678606475,0.0739434379815881,0.4010467360604903,0.280118126940736,S3
01047000,dPL,0.3218479977194822,0.2179744340016515,0.2407830697363048,0.238425446053346,0.0500746356075936,2026.0,0.2717733621118886,0.16789979839405791,0.0709918146289719,0.4030894800500287,0.280118126940736,S3
01052500,IC,0.4439426206513333,0.357625217155224,0.5062089776993354,0.1188402887704014,0.0930401291111795,,0.3509024915401538,0.2645850880440445,0.1748438916167934,0.7205737058342511,0.352698254049326,S4
01052500,dPL,0.3265046883551674,0.2778794941286918,0.2785710219679208,0.275383710861206,0.0565981317765429,42.0,0.2699065565786245,0.22128136235214887,0.1441661332840337,0.7073970524025688,0.352698254049326,S4
01052500,dPL,0.3292008113293247,0.3226199407174934,0.3232849240303039,0.3728441815627248,0.0644301821000292,123.0,0.2647706292292955,0.2581897586174642,0.1461237753316863,0.7124126514627851,0.352698254049326,S4
01052500,dPL,0.3307091294831999,0.3074184491359725,0.2330647773548359,0.3071498870849609,0.0611860375487031,2026.0,0.2695230919344968,0.24623241158726938,0.1404823414789714,0.7123998154354105,0.352698254049326,S4
01054200,IC,0.326426043896924,0.2173347197749519,0.4255078801522706,0.1896281047186713,0.0192959490424157,,0.30713009485450826,0.1980387707325362,0.091007949602331,0.4196182864365934,0.299641539662879,S3
01054200,dPL,0.3036894162369472,0.2972084681066574,0.2809343338012695,0.287207333665145,0.041758676114519,42.0,0.2619307401224282,0.2554497919921384,0.0558452927140312,0.41244841193877535,0.299641539662879,S3
01054200,dPL,0.3029289351442822,0.3030332247289719,0.2024230353041882,0.3136429786682129,0.0385556555167599,123.0,0.26437327962752233,0.264477569212212,0.0551241239069351,0.41593045886300883,0.299641539662879,S3
01054200,dPL,0.304320780423552,0.3010130140390034,0.2181264241536458,0.2770033478736877,0.0345345314367264,2026.0,0.26978624898682557,0.26647848260227697,0.0521422237810731,0.4129883824187335,0.299641539662879,S3
01055000,IC,0.3215230467970202,0.2454460955850101,0.2735292585881731,0.2832942930010088,0.0653696482682442,,0.256153398528776,0.18007644731676592,0.1031725819039471,0.5044514345795017,0.306048851694867,S4
01055000,dPL,0.2954139270077291,0.2582390632706616,0.2478137016296386,0.229539996699283,0.0513215147855472,42.0,0.24409241222218192,0.2069175484851144,0.0791221913261441,0.49648706278786797,0.306048851694867,S4
01055000,dPL,0.2951838689734681,0.2543675065291541,0.1946127530936792,0.3040988508023713,0.0535199711059408,123.0,0.2416638978675273,0.20084753542321326,0.078350266151812,0.4927951801073665,0.306048851694867,S4
01055000,dPL,0.295272422931937,0.2903125780727769,0.2165676272913212,0.2791553073459201,0.054564159332913,2026.0,0.240708263599024,0.23574841873986388,0.0742492125952188,0.49742305441029316,0.306048851694867,S4
01057000,IC,0.2432002862756829,0.2278800146133935,0.190697671178087,0.2452095073867075,0.0552583116868777,,0.1879419745888052,0.1726217029265158,0.0379439451149224,0.23814732225087154,0.251157672769098,S3
01057000,dPL,0.265971628380885,0.2268507244086807,0.2605624794960022,0.2002661757998996,0.0724457501423755,42.0,0.1935258782385095,0.1544049742663052,0.0476631432395107,0.22572318641784994,0.251157672769098,S3
01057000,dPL,0.2682483350764417,0.219147348450162,0.2479952573776245,0.213793899331774,0.0494702031692834,123.0,0.21877813190715828,0.16967714528087863,0.044057412925885,0.23271779672904525,0.251157672769098,S3
01057000,dPL,0.2637048504946003,0.2134796407949971,0.2292544894748263,0.214224722650316,0.038678820756105,2026.0,0.22502602973849528,0.17480082003889208,0.0424107928651682,0.22830741576835967,0.251157672769098,S3
01073000,IC,0.1784816535737032,0.2300507663213719,0.1785601996458845,0.3488343423017351,0.0910801075119106,,0.08740154606179258,0.1389706588094613,0.0193400707219633,0.056564859718738036,0.17503243505174,S3
01073000,dPL,0.1663175062768019,0.14363169272602,0.0967803597450256,0.1399321305124383,0.0216844003137992,42.0,0.1446331059630027,0.1219472924122208,0.0125483172459939,-0.010762570548154993,0.17503243505174,S3
01073000,dPL,0.1790494518598373,0.061739905201779,0.1272150251600478,0.0997534990310669,0.0279138911658584,123.0,0.1511355606939789,0.0338260140359206,0.0172097831670435,0.017415629289720402,0.17503243505174,S3
01073000,dPL,0.1581877640057801,0.0706732990570259,0.1124454498291015,0.0836032032966613,0.033462385622615,2026.0,0.12472537838316511,0.03721091343441091,0.0183190743104197,0.019732321770379535,0.17503243505174,S3
01078000,IC,0.2328568984785672,0.2106909503300754,0.2408062933057181,0.1559372281125338,0.0624757385945861,,0.1703811598839811,0.1482152117354893,0.0473252097587754,0.24470518756474036,0.23971852199071,S3
01078000,dPL,0.2569553750960551,0.2591203284205717,0.2168295301240066,0.2248927525111607,0.0488926848118365,42.0,0.2080626902842186,0.2102276436087352,0.0504076619110394,0.23138856339905156,0.23971852199071,S3
01078000,dPL,0.2568117435875793,0.2603908233630485,0.2072719053218239,0.2526878648334079,0.0479636028038796,123.0,0.2088481407836997,0.21242722055916888,0.051541645919417,0.24132913388304733,0.23971852199071,S3
01078000,dPL,0.2549009067260225,0.2646297001662164,0.2128524058743527,0.2531405952241685,0.0373439486488409,2026.0,0.21755695807718162,0.2272857515173755,0.0504924433179215,0.24028382550868388,0.23971852199071,S3
01123000,IC,0.2970439556370098,0.2297400077303871,0.2202066934462143,0.2417018106889218,0.0311140029592233,,0.2659299526777865,0.19862600477116382,0.0205785742007588,0.0527678639413488,0.136053399026134,S2
01123000,dPL,0.1550409256291482,0.0819770761856765,0.0977650090267783,0.0694701546116879,0.0345613864985853,42.0,0.1204795391305629,0.0474156896870912,0.0112515400425435,0.022141956545148944,0.136053399026134,S2
01123000,dPL,0.1608303912824172,0.0895456758465656,0.1080517216732627,0.0776785532633463,0.0349078282864068,123.0,0.1259225629960104,0.0546378475601588,0.0167047788715271,0.02975233327890281,0.136053399026134,S2
01123000,dPL,0.1715684830021951,0.1082113125942789,0.1143941879272461,0.1151384989420573,0.0281499277338279,2026.0,0.1434185552683672,0.080061384860451,0.0169468657031177,0.026237085182479802,0.136053399026134,S2
01134500,IC,0.425517520181068,0.2382676707807197,0.4412788184406136,0.0782633918640756,0.2826307363874281,,0.1428867837936399,-0.044363065606708385,0.1204740056358656,0.5294432814227212,0.280582089228151,S3
01134500,dPL,0.3516141146124936,0.2477740206347516,0.3554332256317138,0.2538970099555121,0.031201726072534,42.0,0.32041238853995957,0.2165722945622176,0.1276159649710018,0.5290544616187913,0.280582089228151,S3
01134500,dPL,0.3515388717312295,0.2763302980109718,0.2964643836021423,0.3494449257850647,0.0380886957448429,123.0,0.3134501759863866,0.2382416022661289,0.1284035686589219,0.5338888752296094,0.280582089228151,S3
01134500,dPL,0.3522640194447375,0.2740190894979238,0.2641667127609253,0.2801046583387586,0.0489426114892006,2026.0,0.3033214079555369,0.2250764780087232,0.1245431268124693,0.5337104710026228,0.280582089228151,S3
01137500,IC,0.3737362941470197,0.5927654658141069,0.2081201341227058,0.2571793689937116,0.1409655568106647,,0.232770737336355,0.45179990900344225,0.1015494732779747,0.4866931377500949,0.301814975818189,S4
01137500,dPL,0.3464437858006869,0.2662571961227523,0.2875931859016418,0.2483426673071725,0.0531415375365057,42.0,0.2933022482641812,0.2131156585862466,0.0950877683966058,0.47397598717196193,0.301814975818189,S4
01137500,dPL,0.3479270784135069,0.2819103383589689,0.1907314848904207,0.3403646257188585,0.0616577664647051,123.0,0.2862693119488018,0.22025257189426378,0.0950618342648142,0.4742151334563803,0.301814975818189,S4
01137500,dPL,0.3289275018449034,0.2818124913741056,0.2293076515197754,0.1803605424033271,0.0527263726410931,2026.0,0.2762011292038103,0.2290861187330125,0.0942727863685268,0.477318992314071,0.301814975818189,S4
01139000,IC,0.2489411860136049,0.2204350164489233,0.2649878731294751,0.2098938201412462,0.0636508590117841,,0.1852903270018208,0.1567841574371392,0.1064779745087755,0.4345421840653548,0.246562671549799,S3
01139000,dPL,0.2695824453522744,0.2239252250178718,0.2537181377410888,0.167862730366843,0.0723941769946652,42.0,0.19718826835760916,0.1515310480232066,0.1092622618575355,0.43688664361552626,0.246562671549799,S3
01139000,dPL,0.3128256425064724,0.2215363375621107,0.2364256381988525,0.233083963394165,0.0480890453361814,123.0,0.26473659717029097,0.1734472922259293,0.1115279143984823,0.43459857469366187,0.246562671549799,S3
01139000,dPL,0.3135251648793398,0.2210522630754842,0.2010388593924673,0.1840295536177499,0.063720578187878,2026.0,0.24980458669146177,0.15733168488760618,0.1088674140115239,0.435754374245017,0.246562671549799,S3
01139800,IC,0.3489877923117283,0.2109341729593717,0.2132026536060887,0.2147317187787534,0.043966162987495,,0.30502162932423327,0.1669680099718767,0.1130223479486711,0.47267308305900446,0.26232897318021,S3
01139800,dPL,0.2752890717042636,0.1940762132229058,0.2189680706942454,0.2137855890517433,0.0776893153976481,42.0,0.19759975630661547,0.1163868978252577,0.1068585247296399,0.45599178110753324,0.26232897318021,S3
01139800,dPL,0.2572843047521276,0.2308824141033917,0.2160983250058931,0.2282455137797764,0.0318301148204389,123.0,0.2254541899316887,0.1990522992829528,0.108693521531187,0.46113895777033764,0.26232897318021,S3
01139800,dPL,0.2582425461088713,0.2079886684637912,0.2031418681144714,0.203562251159123,0.0601696604988402,2026.0,0.1980728856100311,0.14781900796495098,0.109727982440841,0.4597957008609542,0.26232897318021,S3
01142500,IC,0.3094378570656612,0.2584781761722823,0.2909052834956764,0.2292637946376326,0.0573935970267894,,0.25204426003887176,0.2010845791454929,0.0900024023825036,0.41674681678426445,0.252307890542821,S3
01142500,dPL,0.2862023514169132,0.2015070667538557,0.2416837626490099,0.1901756743124376,0.0377113741737688,42.0,0.2484909772431444,0.16379569258008692,0.0904590343343704,0.406589683715961,0.252307890542821,S3
01142500,dPL,0.2549556317352977,0.233807215004205,0.2161383628845215,0.2530272589789496,0.0347073426518354,123.0,0.22024828908346233,0.19909987235236962,0.0917257487863138,0.4068890978852406,0.252307890542821,S3
01142500,dPL,0.2557180837548832,0.2114737140575882,0.1897019775290238,0.1661797558578352,0.0431815127123107,2026.0,0.2125365710425725,0.1682922013452775,0.0901213991984867,0.40909754149164773,0.252307890542821,S3
01144000,IC,0.2758882522137293,0.1519137359871173,0.419843353668859,0.2409616145865994,0.0546112369904117,,0.2212770152233176,0.0973024989967056,0.0921596831865205,0.43231681380717574,0.248466348504845,S3
01144000,dPL,0.2747746996963682,0.1412656359756651,0.2417349815368653,0.1705306450215478,0.0386825278542006,42.0,0.2360921718421676,0.10258310812146451,0.0911630480420601,0.4105983524879609,0.248466348504845,S3
01144000,dPL,0.2748979568035731,0.2446791966310471,0.2624446445041232,0.2322258843315972,0.0180698367151301,123.0,0.256828120088443,0.226609359915917,0.0928392725692503,0.42613535639159544,0.248466348504845,S3
01144000,dPL,0.2734075121963683,0.2226447422853439,0.2490584479437934,0.2016055633430369,0.0243490642525748,2026.0,0.24905844794379348,0.1982956780327691,0.0921916296477382,0.4240146759494638,0.248466348504845,S3
01162500,IC,0.2240364308511266,0.2842219209900801,0.2935191428001829,0.3896354507579534,0.0586778321874723,,0.1653585986636543,0.2255440888026078,0.0460123539152498,0.26572165409371695,0.226769184680043,S3
01162500,dPL,0.2422161214693696,0.2131202723321781,0.2087009853786892,0.2345683245823301,0.0325075939545606,42.0,0.209708527514809,0.1806126783776175,0.04026101240403,0.27287962582578573,0.226769184680043,S3
01162500,dPL,0.2570616307475165,0.1980180183591625,0.2048199741463912,0.1912468804253472,0.0398946924954652,123.0,0.21716693825205127,0.1581233258636973,0.0431112306238676,0.27470799305734306,0.226769184680043,S3
01162500,dPL,0.2231912634791648,0.1857872114786354,0.1955506880767643,0.1898648589849472,0.0360542780328211,2026.0,0.1871369854463437,0.1497329334458143,0.0434729476286648,0.2754745854615708,0.226769184680043,S3
01169000,IC,0.2075233194489433,0.3363142006508557,0.2745445448391511,0.3758593607399224,0.0705379179849264,,0.13698540146401691,0.26577628266592934,0.0366075534333534,0.23281509133931066,0.238972605896079,S3
01169000,dPL,0.297635904595776,0.2069778620544684,0.1824500117800198,0.2083537313673231,0.0467146316453833,42.0,0.2509212729503927,0.16026323040908508,0.0430038737766039,0.2575200461449304,0.238972605896079,S3
01169000,dPL,0.2964264972132347,0.232202768574308,0.1731055358360554,0.2347622315088907,0.0444201945449581,123.0,0.2520063026682766,0.1877825740293499,0.0431639849625629,0.259052303925807,0.238972605896079,S3
01169000,dPL,0.289700247455764,0.2162792608390992,0.1838856935501098,0.2224187349018297,0.0461628119077106,2026.0,0.2435374355480534,0.1701164489313886,0.0424131055817079,0.25830550430301047,0.238972605896079,S3
01170100,IC,0.2530147414763005,0.153578293580579,0.2184714161099915,0.247667281145141,0.0549986434352197,,0.19801609804108078,0.0985796501453593,0.0318006021598193,0.21083488472460232,0.234653735405934,S3
01170100,dPL,0.2641870395465879,0.1899411899995198,0.2237991094589233,0.2032759359904697,0.0403879300876646,42.0,0.22379910945892328,0.1495532599118552,0.0377042033253218,0.22886983036012543,0.234653735405934,S3
01170100,dPL,0.2696442808586301,0.2001506935231134,0.2268518209457397,0.222742391957177,0.0307623199060124,123.0,0.2388819609526177,0.16938837361710102,0.0381778541409838,0.2339313076786642,0.234653735405934,S3
01170100,dPL,0.2387517126928111,0.2104643567001562,0.1647714649880072,0.2041419678264194,0.0325432039252722,2026.0,0.20620850876753888,0.17792115277488402,0.0349085881278528,0.2317978624429643,0.234653735405934,S3
01181000,IC,0.356686018192947,0.2637087738048407,0.4023553657972744,0.3592404688364137,0.0721729927439229,,0.28451302544902407,0.1915357810609178,0.0272475842933782,0.17575528850078115,0.217563041040592,S3
01181000,dPL,0.253546545038242,0.1825419155659814,0.2376250372992621,0.1928696448986346,0.0410322130105476,42.0,0.21251433202769437,0.1415097025554338,0.0295210842999467,0.18752840008588367,0.217563041040592,S3
01181000,dPL,0.2755209833376247,0.1455635141419016,0.2287509253150538,0.1942870246039497,0.0467700580225708,123.0,0.2287509253150539,0.0987934561193308,0.0299327421754896,0.18941483282657223,0.217563041040592,S3
01181000,dPL,0.2540741184817079,0.1382828199557036,0.2305292765299479,0.1938186469487846,0.0309597691415702,2026.0,0.2231143493401377,0.1073230508141334,0.0295816747700669,0.1879100869087278,0.217563041040592,S3
01187300,IC,0.2639249225909897,0.2639249225909897,0.2324921995803567,0.2879547497954223,0.0339166453614092,,0.2300082772295805,0.2300082772295805,0.0177170117017726,0.12163171400970685,0.201269335695146,S3
01187300,dPL,0.2616981566404689,0.1148870629302492,0.1862904328542451,0.114561378955841,0.0415355027179225,42.0,0.22016265392254641,0.0733515602123267,0.0157892902828939,0.12956072594311296,0.201269335695146,S3
01187300,dPL,0.2628634194985418,0.1827465934983856,0.1967114680691769,0.1516106923421224,0.0366539096799736,123.0,0.22620950981856822,0.146092683818412,0.0178822070496644,0.13205082186378037,0.201269335695146,S3
01187300,dPL,0.2607838080276833,0.1566354993414845,0.2441930770874024,0.1256715473375822,0.040848160808579,2026.0,0.2199356472191043,0.11578733853290549,0.0204205586351313,0.1303599053604515,0.201269335695146,S3
01195100,IC,0.1635132795521333,0.0947439678797238,0.166314597546906,0.1454217786733835,0.0295147819845508,,0.1339984975675825,0.06522918589517301,0.0106187570618265,0.03883443726671276,0.106042892091717,S2
01195100,dPL,0.1048685241828421,0.0409392005436536,0.0747448205947876,0.0462382422553168,0.0342247161220476,42.0,0.07064380806079448,0.006714484421606,0.0095975071374937,0.02858274228398139,0.106042892091717,S2
01195100,dPL,0.1070999301067717,0.071223746529808,0.0720803712543688,0.0615794407693963,0.035683116910026,123.0,0.0714168131967457,0.035540629619781994,0.0120033688593127,0.03495084480204358,0.106042892091717,S2
01195100,dPL,0.0895641051370225,0.0675672630001263,0.0693896569703754,0.0761987661060534,0.0328075349180063,2026.0,0.05675657021901619,0.03475972808212,0.0124369835430704,0.03545075784437235,0.106042892091717,S2
01333000,IC,0.3809945545098336,0.203502655499992,0.4113948998834918,0.2609225753218379,0.0774696819740408,,0.3035248725357928,0.1260329735259512,0.0440806977281282,0.2274651664514753,0.222244968016498,S3
01333000,dPL,0.2241126800960879,0.1382486662766489,0.2202552556991577,0.1826802204395163,0.0572985629754401,42.0,0.1668141171206478,0.08095010330120879,0.0419791864072004,0.22714254785006904,0.222244968016498,S3
01333000,dPL,0.2615706486348489,0.1678378933519592,0.2464644312858581,0.1933347973330267,0.0506816738695372,123.0,0.2108889747653117,0.117156219482422,0.044288756288892,0.22707873550127122,0.222244968016498,S3
01333000,dPL,0.2627475947996473,0.1496558126772968,0.1835083961486816,0.2053518758879767,0.055721906210032,2026.0,0.20702568858961531,0.0939339064672648,0.0432703934157779,0.22388493842684187,0.222244968016498,S3
01350000,IC,0.1959357887045759,0.3393329664661128,0.1665663774757253,0.098679882197188,0.1833932421371686,,0.012542546567407303,0.15593972432894418,-0.0321127843222309,0.15292076264029475,0.231159657658639,S3
01350000,dPL,0.2745949524482239,0.1625362800047494,0.229497646796517,0.2023936623021175,0.050725727103293,42.0,0.22386922534493092,0.1118105529014564,0.0093234202394369,0.14250662721436957,0.231159657658639,S3
01350000,dPL,0.2754726719035191,0.253656248699309,0.2412042405870226,0.2354890120656866,0.0333851180977736,123.0,0.24208755380574548,0.22027113060153536,0.0072083868639711,0.1405251972737911,0.231159657658639,S3
01350000,dPL,0.275057378527868,0.1958051918486236,0.2491889105902778,0.1930579291449652,0.0421271698136693,2026.0,0.2329302087141987,0.15367802203495431,0.007324709902259,0.14049746287076004,0.231159657658639,S3
01350080,IC,0.2250911480098835,0.2333817754328366,0.2789425286456461,0.3451962577834475,0.0671606942878892,,0.1579304537219943,0.1662210811449474,-0.0144497001186409,0.1958541368605502,0.221156578322867,S3
01350080,dPL,0.2542187987273708,0.1346332209680694,0.216051498039936,0.1734186040944066,0.0578067523862702,42.0,0.1964120463411006,0.0768264685817992,0.0173690377917159,0.19496466510631938,0.221156578322867,S3
01350080,dPL,0.2578941974967037,0.2003886162685709,0.2101858064997941,0.2046890339503685,0.0434758301034959,123.0,0.21441836739320783,0.156912786165075,0.0182357101116097,0.1856865844588641,0.221156578322867,S3
01350080,dPL,0.2575024704730492,0.173994951060814,0.2197265625,0.1530500835842556,0.060186581746684,2026.0,0.19731588872636519,0.11380836931412999,0.0185751791515504,0.18298033604471586,0.221156578322867,S3
01350140,IC,0.3161665493637117,0.2935406806472431,0.2174761326606708,0.1886084457947651,0.0674478886524869,,0.24871866071122478,0.22609279199475618,0.0205916069735145,0.2249160278927288,0.219859026682811,S3
01350140,dPL,0.2200689147392943,0.1547135242421593,0.18456601149713,0.1769717931747436,0.0733451840638985,42.0,0.1467237306753958,0.0813683401782608,0.0260935225306466,0.2238159856546067,0.219859026682811,S3
01350140,dPL,0.2208040492879055,0.1921487215969333,0.1842091083526611,0.1831483111406366,0.0541952353081947,123.0,0.1666088139797108,0.1379534862887386,0.026710500727048,0.2116632029402601,0.219859026682811,S3
01350140,dPL,0.2682875734500586,0.155148582977262,0.1760768961685244,0.1514718797471788,0.0572265220082132,2026.0,0.2110610514418454,0.09792206096904879,0.0265976740692865,0.20761892899407464,0.219859026682811,S3
01365000,IC,0.3796516076030485,0.224621591868128,0.3272892319829016,0.3272892319829016,0.0759766570041282,,0.3036749505989203,0.1486449348639998,-0.001613191845262,0.08505613155482683,0.202270211093681,S3
01365000,dPL,0.2226682125549769,0.1423528177392092,0.1844614829557637,0.1469525387412623,0.0653655951914153,42.0,0.1573026173635616,0.07698722254779389,0.006420472767523,0.08333365436673057,0.202270211093681,S3
01365000,dPL,0.2238673838331888,0.1973438785163485,0.1814095391167535,0.1973103537845115,0.0432060503641609,123.0,0.1806613334690279,0.1541378281521876,0.0086152046311901,0.07366002792673698,0.202270211093681,S3
01365000,dPL,0.2239652943963398,0.1808969704281761,0.1885711550712585,0.1831192228529188,0.0445219564941952,2026.0,0.17944333790214462,0.13637501393398088,0.0087431862593295,0.06274584575358344,0.202270211093681,S3
01411300,IC,0.1858700515066314,0.1554433862312998,0.1722633576078277,0.2248169186689892,0.0575403101419152,,0.1283297413647162,0.0979030760893846,-0.0029060812168459,0.043111109860561214,0.0480948550351646,S1
01411300,dPL,0.0431357582821639,0.0276633039268925,0.0395590662956237,0.0542548298835754,0.0432413406253714,42.0,-0.00010558234320749704,-0.015578036698478896,0.0085021443754678,0.03843857152444641,0.0480948550351646,S1
01411300,dPL,0.0654520763702716,0.0271880115463187,0.0372789179285367,0.0344758351643881,0.0303843456471017,123.0,0.035067730723169904,-0.0031963341007829986,0.012031049425539,0.03383262359579697,0.0480948550351646,S1
01411300,dPL,0.0450204661674455,0.0424619451317265,0.0318693173559088,0.0653604719373915,0.0374535783973262,2026.0,0.007566887770119296,0.005008366734400298,0.00572872372355,0.02952806083015347,0.0480948550351646,S1
01413500,IC,0.3433189883161519,0.2855584313889714,0.3537908279927418,0.2710152455367721,0.1140767856190837,,0.2292422026970682,0.17148164576988773,-0.0036893949726138,0.16160198047210617,0.216908033968228,S3
01413500,dPL,0.2392672266280359,0.1489226092875322,0.2198162061783174,0.1845806121826172,0.064515599316724,42.0,0.17475162731131189,0.0844070099708082,0.0199636614134434,0.1542212363141332,0.216908033968228,S3
01413500,dPL,0.2608619760218945,0.2334121932566485,0.2217645793765162,0.1991773393419054,0.0539377068817159,123.0,0.20692426914017858,0.1794744863749326,0.0196651023575074,0.14347634412631605,0.216908033968228,S3
01413500,dPL,0.2399809988719595,0.1626518645005056,0.2047436024683217,0.150940015580919,0.0629878295045018,2026.0,0.1769931693674577,0.09966403499600379,0.0195690970076991,0.14728225321904076,0.216908033968228,S3
01414500,IC,0.3100692356323813,0.2388256556385141,0.2953427443310857,0.1776320034419689,0.0875099294758086,,0.2225593061565727,0.1513157261627055,0.0092598011921816,0.12658655452564527,0.216628505016047,S3
01414500,dPL,0.2349714886797336,0.1478831421984103,0.199849009513855,0.1453089663856908,0.0720326793825495,42.0,0.16293880929718413,0.07585046281586082,0.0146031139619532,0.13219820688585182,0.216628505016047,S3
01414500,dPL,0.226490227557935,0.1923959368765207,0.1819425821304321,0.184567581979852,0.048061082959242,123.0,0.178429144598693,0.1443348539172787,0.0149597186877865,0.12053647000124823,0.216628505016047,S3
01414500,dPL,0.2514681029412118,0.1893047030698822,0.1885149478912353,0.1743283891119063,0.0636345845461561,2026.0,0.1878335183950557,0.12567011852372612,0.0161747351463178,0.11197441768665883,0.216628505016047,S3
01415000,IC,0.314195376135214,0.3090648320078907,0.3069373223023724,0.2359535937501855,0.2311564915707938,,0.08303888456442018,0.0779083404370969,0.026356055159793,0.12385813871496298,0.213452184948768,S3
01415000,dPL,0.2475148699440332,0.1216639540352197,0.2116250991821289,0.1149269104003906,0.0640511578840652,42.0,0.18346371205996803,0.05761279615115451,0.0196437799709271,0.1522448933347048,0.213452184948768,S3
01415000,dPL,0.2453618038242161,0.2033688970598627,0.2082648654080306,0.1808408949110244,0.0519741638601286,123.0,0.1933876399640875,0.1513947331997341,0.0224983342834064,0.1485602069816302,0.213452184948768,S3
01415000,dPL,0.2397309216614193,0.1863681476837776,0.1868763846384051,0.1496999952528211,0.0511928776680825,2026.0,0.1885380439933368,0.1351752700156951,0.0239245812398076,0.1344530341680228,0.213452184948768,S3
01423000,IC,0.3347665656476462,0.2798322250847409,0.3600788549038389,0.337065325768866,0.062517461079705,,0.27224910456794116,0.2173147640050359,0.0312364956219575,0.20784438239541136,0.217830297712483,S3
01423000,dPL,0.2718565613213569,0.1649362529406934,0.2395409787034926,0.1821762084960937,0.0378265738373559,42.0,0.23402998748400097,0.12710967910333748,0.0315532330047431,0.19718322173163771,0.217830297712483,S3
01423000,dPL,0.2721094333645427,0.236424720636678,0.245622202589099,0.2248763190375433,0.0470071769858206,123.0,0.22510225637872208,0.1894175436508574,0.0331500527709767,0.19023804600038308,0.217830297712483,S3
01423000,dPL,0.2705229431572944,0.1438489936684762,0.2399484037111203,0.190286466053554,0.0535275371358815,2026.0,0.21699540602141293,0.0903214565325947,0.0319407205194562,0.2009212252324869,0.217830297712483,S3
01434025,IC,0.3874035035141451,0.2151433235142102,0.2730264953749153,0.328772707959314,0.0454540254909827,,0.3419494780231624,0.1696892980232275,0.0024718907316383,0.1435784238662191,0.23781373120698,S3
01434025,dPL,0.2523895811007797,0.1996118139193832,0.1856106925212468,0.200544338959914,0.0695589113152596,42.0,0.1828306697855201,0.1300529026041236,0.0108077925756706,0.12774763424620406,0.23781373120698,S3
01434025,dPL,0.2428477848437526,0.2589470617914767,0.1680148654513888,0.247978236940172,0.0551403034473874,123.0,0.1877074813963652,0.2038067583440893,0.0101393694531938,0.12002386210452531,0.23781373120698,S3
01434025,dPL,0.2407412837909042,0.2008051480584811,0.1948121600680881,0.1811151186625162,0.0532319325125786,2026.0,0.1875093512783256,0.1475732155459025,0.0092021776294585,0.10999247781023125,0.23781373120698,S3
01435000,IC,0.3684424094504075,0.3684424094504075,0.3618289070232386,0.4796219566422356,0.0570435568456558,,0.3113988526047517,0.3113988526047517,0.00131152010351,0.12100594296870981,0.223616269388589,S3
01435000,dPL,0.2264380263579943,0.1841231180249127,0.1963987736962735,0.2328637746664194,0.0748536945446533,42.0,0.151584331813341,0.10926942348025942,0.0127098833593534,0.10892930365221432,0.223616269388589,S3
01435000,dPL,0.2272696303619006,0.2428626464804654,0.1794511583116319,0.2601005152652137,0.0478184720502686,123.0,0.179451158311632,0.1950441744301968,0.0122791208860932,0.09392443558001562,0.223616269388589,S3
01435000,dPL,0.2272320767865968,0.210117649431996,0.1882886886596679,0.1991418732537163,0.0516102261613904,2026.0,0.17562185062520638,0.1585074232706056,0.0113248781890707,0.09431940766800362,0.223616269388589,S3
01439500,IC,0.2239040590682292,0.3100108576807563,0.3561547151493496,0.2835390968484345,0.0767776503665073,,0.1471264087017219,0.233233207314249,0.0169047936427145,0.10738258173456128,0.163765228832016,S3
01439500,dPL,0.1885895309254193,0.0754197542361189,0.1961399024973313,0.0965207417805989,0.0381727200708282,42.0,0.1504168108545911,0.037247034165290696,0.0022258689996265,0.10030768612416863,0.163765228832016,S3
01439500,dPL,0.173133249381501,0.1126975973781104,0.1844927668571472,0.1101794838905334,0.0314295147385157,123.0,0.1417037346429853,0.0812680826395947,0.0115886839792798,0.10369459546857385,0.163765228832016,S3
01439500,dPL,0.1964484758257746,0.0982264638836831,0.1981607545167207,0.132788106014854,0.0421531620219683,2026.0,0.1542953138038063,0.056073301861714796,0.0102924935255633,0.10110673479902088,0.163765228832016,S3
01440000,IC,0.3006041179542016,0.1768406645771579,0.3197397168260217,0.3274017793930864,0.0665593157796143,,0.2340448021745873,0.11028134879754362,0.0194281279246548,0.08191114773469532,0.147767408338048,S2
01440000,dPL,0.139017537706092,0.0464024461295525,0.1310338973999023,0.0596125125885009,0.05093090632441,42.0,0.08808663138168199,-0.004528460194857496,0.0134521606782231,0.08388971609685747,0.147767408338048,S2
01440000,dPL,0.2015148796505622,0.0639949290463254,0.1509873867034912,0.0599923663669162,0.0310675865697807,123.0,0.1704472930807815,0.03292734247654469,0.0184635998881319,0.08273873269608745,0.147767408338048,S2
01440000,dPL,0.199061292795325,0.0585942713858582,0.1677006793518861,0.0844594410487583,0.0382502365551291,2026.0,0.1608110562401959,0.0203440348307291,0.0181792280505214,0.08099336753312458,0.147767408338048,S2
01440400,IC,0.2785596495952058,0.2785596495952058,0.2112832682180895,0.3206935996180581,0.0268114152973323,,0.2517482342978735,0.2517482342978735,0.0116989178754692,0.1108560562215275,0.172223371092882,S3
01440400,dPL,0.1952150979655065,0.0882208401461084,0.1969458628445863,0.1093807816505432,0.0402244409901819,42.0,0.1549906569753246,0.047996399155926496,0.003145251020589,0.11107340059783632,0.172223371092882,S3
01440400,dPL,0.2017813167363021,0.1012766740335457,0.2072712546900699,0.130205580166408,0.0414670270550311,123.0,0.16031428968127098,0.059809646978514604,0.0103049596860869,0.1128169498842927,0.172223371092882,S3
01440400,dPL,0.2272317900978473,0.1132068012876259,0.2084818098280165,0.1259452530315944,0.0430765883728765,2026.0,0.1841552017249708,0.07013021291474941,0.009900933520707,0.1107754377202087,0.172223371092882,S3
01451800,IC,0.2357764415163272,0.1454853968057617,0.2415879833058249,0.2297157943614436,0.0604951270014561,,0.1752813145148711,0.0849902698043056,0.0047469963615499,0.07138523513470307,0.128362665991427,S2
01451800,dPL,0.1132081239401078,0.0743499820979245,0.1033664904142681,0.0535374454089573,0.0210345799644741,42.0,0.09217354397563371,0.0533154021334504,0.0106296463768752,0.08324825837060268,0.128362665991427,S2
01451800,dPL,0.1339656137475289,0.0910417409954938,0.1177477987189042,0.0882247924804686,0.0183126816864395,123.0,0.11565293206108941,0.0727290593090543,0.0133972501353935,0.08017077607800727,0.128362665991427,S2
01451800,dPL,0.132658858337177,0.0759100237374643,0.1260197109646267,0.0791189388224953,0.0132391143902233,2026.0,0.1194197439469537,0.06267090934724101,0.0123213395932512,0.08210165433173366,0.128362665991427,S2
01466500,IC,0.1284677436946013,0.1589019997523715,0.0983274603167235,0.1546459403190833,0.0469675937544489,,0.0815001499401524,0.11193440599792259,-0.0027724106120188,0.046009123212170655,0.0626617697616761,S2
01466500,dPL,0.0322057678245419,0.0170094830034441,0.0397411584854126,0.0469193787410341,0.062029364291508,42.0,-0.0298235964669661,-0.045019881288063904,0.010522292561697,0.04022406462418848,0.0626617697616761,S2
01466500,dPL,0.0560670694335151,0.0227697221335888,0.0469228376944859,0.0459529851612291,0.0560648713621151,123.0,2.19807140000583e-06,-0.0332951492285263,0.008775955469393,0.03292507412435963,0.0626617697616761,S2
01466500,dPL,0.0521169558691556,0.0343113350024354,0.0416449228922526,0.0513098575174808,0.0518105448957761,2026.0,0.000306410973379502,-0.0174992098933407,0.0104038588737974,0.027836333737308205,0.0626617697616761,S2
01484100,IC,0.0936789761011392,0.1362176552542231,0.3362294306338785,0.2401115641022023,0.0594400230208853,,0.0342389530802539,0.0767776322333378,-0.0011428292314679,0.04061839288937019,0.042571686471381,S1
01484100,dPL,0.0200517553231672,0.0101092894367184,0.0175305207570393,0.0197338461875915,0.0293302523034139,42.0,-0.0092784969802467,-0.0192209628666955,0.0084582079073565,0.037043373751509345,0.042571686471381,S1
01484100,dPL,0.028337519160197,0.0202255060670962,0.0524913668632507,0.0304753184318542,0.0217238085440358,123.0,0.0066137106161612,-0.001498302476939599,0.0038428543245735,0.03694908707173272,0.042571686471381,S1
01484100,dPL,0.0408085777652184,0.0203093789878048,0.0535135269165039,0.0324857447828565,0.0369504627596983,2026.0,0.0038581150055201005,-0.0166410837718935,0.0032143951708839,0.03920160461916733,0.042571686471381,S1
01487000,IC,0.0980921140702476,0.1329964480510581,0.1684270674156604,0.1595463746630605,0.0543062782049954,,0.04378583586525219,0.0786901698460627,-0.000783838846887,0.04078063566315082,0.0424689894259026,S1
01487000,dPL,0.0261947711335879,0.0108319064169889,0.0187993049621582,0.0211088359355926,0.0277859628011525,42.0,-0.0015911916675645996,-0.0169540563841636,0.0091578978441547,0.03797799399049284,0.0424689894259026,S1
01487000,dPL,0.0205716734610265,0.0182699408312867,0.0333355863889058,0.0190985202789306,0.0209781595707099,123.0,-0.0004064861096833988,-0.002708218739423198,0.0061687000484396,0.03496479212311199,0.0424689894259026,S1
01487000,dPL,0.029288784317678,0.0294498690348038,0.0387113434927804,0.0213729924169079,0.0344809832497807,2026.0,-0.005192198932102703,-0.005031114214976904,0.0052018106402942,0.03505908814535763,0.0424689894259026,S1
01491000,IC,0.1976344083228142,0.1246630681950222,0.0896888402892734,0.1377055203267919,0.1113979913790922,,0.086236416943722,0.013265076815929991,-0.0015624522440961,0.035378839546464036,0.0500257211233794,S2
01491000,dPL,0.035159678591523,0.0186714556572719,0.0204624212705172,0.0344376501284147,0.0318240289857258,42.0,0.0033356496057972,-0.013152573328453897,0.0109724288800103,0.04673902659827378,0.0500257211233794,S2
01491000,dPL,0.0285114836966122,0.0235395953650536,0.0317567586898803,0.0323819173009771,0.031136513359172,123.0,-0.0026250296625597996,-0.0075969179941184,0.0053955371138175,0.041893110571087355,0.0500257211233794,S2
01491000,dPL,0.0384613418283056,0.0442257344584994,0.0473839671988236,0.031606928507487,0.0400103471580906,2026.0,-0.001549005329784997,0.004215387300408803,0.0029674268326371,0.03612657665288421,0.0500257211233794,S2
01510000,IC,0.2767929047987361,0.2206739953435174,0.2300513206899335,0.2472304921766212,0.1616085311669453,,0.11518437363179079,0.0590654641765721,0.076213076534286,0.3661425516464967,0.237057400622962,S3
01510000,dPL,0.278553705405125,0.1633369761649149,0.2369171586529961,0.17206908331977,0.0415357670144981,42.0,0.23701793839062688,0.12180120915041681,0.0771022436567994,0.358593835435129,0.237057400622962,S3
01510000,dPL,0.2787908206340675,0.2034402202191939,0.2038375854492187,0.2034092325872431,0.0395414367069651,123.0,0.23924938392710243,0.1638987835122288,0.0749289249855237,0.3557530505690465,0.237057400622962,S3
01510000,dPL,0.2550206790325051,0.1662992502221835,0.1911907619900174,0.1734036763509114,0.0389874423637665,2026.0,0.21603323666873858,0.127311807858417,0.0756926982078043,0.3552715205634023,0.237057400622962,S3
01516500,IC,0.2529209114240472,0.2182462591602164,0.2012091200331925,0.1423527145613208,0.1438386230975083,,0.1090822883265389,0.07440763606270809,0.0541952687841109,0.2037339493721113,0.199238597784613,S3
01516500,dPL,0.207726696244578,0.0862294492734044,0.232714582234621,0.0625709483498021,0.050046693664392,42.0,0.157680002580186,0.03618275560901239,0.0277876399963641,0.17464447608390832,0.199238597784613,S3
01516500,dPL,0.2168558046249755,0.1302975899163879,0.2152576499308149,0.1335905287000868,0.0404457643600097,123.0,0.17641004026496582,0.0898518255563782,0.0316775678158368,0.17674806049193081,0.199238597784613,S3
01516500,dPL,0.2186199859110048,0.1155181073473746,0.2200921800401475,0.1555829814502171,0.0308567024396723,2026.0,0.18776328347133248,0.0846614049077023,0.0302096081645346,0.18275377696407102,0.199238597784613,S3
01518862,IC,0.2328847197252808,0.2642011379725793,0.2255904434224204,0.2014276226780538,0.0496649920797444,,0.1832197276455364,0.21453614589283493,0.0478532828722877,0.17063601898150038,0.201111344911574,S3
01518862,dPL,0.2317744732788832,0.0890446136080128,0.234718204010278,0.0642994516774227,0.0523844190359285,42.0,0.1793900542429547,0.036660194572084304,0.0345965334305116,0.15983101403177158,0.201111344911574,S3
01518862,dPL,0.250354781007095,0.127691626659182,0.2218800940011677,0.1359853108723958,0.0481876729814735,123.0,0.20216710802562152,0.07950395367770849,0.0371995329411976,0.16408250243805544,0.201111344911574,S3
01518862,dPL,0.2637377109995561,0.1114684770189625,0.1978955586751302,0.1516308254665799,0.0405575121047906,2026.0,0.22318019889476554,0.0709109649141719,0.0376848116549264,0.16667680765067172,0.201111344911574,S3
01532000,IC,0.2442744634165262,0.3045910213810034,0.2789417841886485,0.3536726445808066,0.1668597030169317,,0.0774147603995945,0.1377313183640717,0.0397411015404965,0.14051806107242248,0.176741266621108,S3
01532000,dPL,0.2622306534348007,0.1064706010933944,0.2106338491042455,0.1056118011474609,0.032531495292464,42.0,0.22969915814233668,0.07393910580093041,0.0181733603289734,0.12936789268058335,0.176741266621108,S3
01532000,dPL,0.2255505258313426,0.1296421350903039,0.228769364960802,0.1324042677879333,0.032951431001987,123.0,0.1925990948293556,0.0966907040883169,0.027828180958266,0.1298538524408347,0.176741266621108,S3
01532000,dPL,0.1810900282784627,0.1396455320073495,0.1709132300482856,0.1581442356109619,0.0276630455724009,2026.0,0.1534269827060618,0.1119824864349486,0.0314971487196333,0.13075688035139854,0.176741266621108,S3
01539000,IC,0.2179161256035899,0.2419766202855693,0.1645066864165653,0.2373334588063409,0.0378620463114637,,0.1800540792921262,0.2041145739741056,0.0130721620312207,0.11525499696848396,0.156285913306627,S3
01539000,dPL,0.1345341762342613,0.1086487002278594,0.1358266253220407,0.0916942596435547,0.0235497715072008,42.0,0.1109844047270605,0.0850989287206586,0.021527083379581,0.11525931551891844,0.156285913306627,S3
01539000,dPL,0.2029280411462195,0.125014658067337,0.1750383549369871,0.0932821631431579,0.0231790306166979,123.0,0.1797490105295216,0.1018356274506391,0.0262885623119099,0.1175126663387458,0.156285913306627,S3
01539000,dPL,0.1855961879530113,0.1454180614578588,0.1296814406911532,0.1186086024556841,0.0204956295089098,2026.0,0.16510055844410151,0.12492243194894899,0.0290105276037487,0.11641043061125977,0.156285913306627,S3
01542810,IC,0.2488085002132705,0.3053190524422352,0.3484933970704187,0.2183916291887825,0.3117241136286832,,-0.06291561341541269,-0.006405061186448013,0.0552303789692398,0.1945104910138098,0.189716485804691,S3
01542810,dPL,0.2513302709920006,0.1210800515866446,0.2286489346685509,0.1211402045355902,0.0644569276096096,42.0,0.18687334338239103,0.056623123977035006,0.0510744071332915,0.17542379886503823,0.189716485804691,S3
01542810,dPL,0.2477119019059788,0.1285724787548659,0.2188659667968749,0.087074245277204,0.0631365677078183,123.0,0.18457533419816052,0.06543591104704762,0.0531511153036821,0.17576122765970692,0.189716485804691,S3
01542810,dPL,0.2473663751047635,0.161540098070248,0.204018063015408,0.1137220594618055,0.0658628430531931,2026.0,0.1815035320515704,0.0956772550170549,0.0567375348268139,0.17625907212923186,0.189716485804691,S3
01543000,IC,0.28394613530167,0.2067696771915695,0.4174525538325017,0.1688092567831687,0.0680951780435318,,0.21585095725813822,0.1386744991480377,0.0481111160135874,0.1797038437371129,0.188056577083995,S3
01543000,dPL,0.2826074308745867,0.1263510841835551,0.2599295722113716,0.12296265496148,0.048713507358811,42.0,0.23389392351577568,0.07763757682474409,0.0419357318524821,0.16329100511680505,0.188056577083995,S3
01543000,dPL,0.2826665162966787,0.1578560029725966,0.2731635553451876,0.1713537318365914,0.048437669954593,123.0,0.2342288463420857,0.1094183330180036,0.045784742410222,0.16453617400085718,0.188056577083995,S3
01543000,dPL,0.2749534001248222,0.1665679021691406,0.2652880350748698,0.1281496985205288,0.0448100986634869,2026.0,0.23014330146133533,0.12175780350565371,0.0485809887188221,0.1676936923088993,0.188056577083995,S3
01543500,IC,0.3024431059772949,0.3241918995311225,0.2496920130101562,0.2775046463838997,0.0330388605533471,,0.2694042454239478,0.2911530389777754,0.0474208728839073,0.18234080956179977,0.181653610941671,S3
01543500,dPL,0.2957707564849409,0.1083269814967599,0.2734786742611935,0.0904252794053819,0.0451462813112235,42.0,0.2506244751737174,0.0631807001855364,0.0435553407024361,0.17278690261935992,0.181653610941671,S3
01543500,dPL,0.2910672549955167,0.1696481190991723,0.265299315797165,0.1577736650194441,0.0368742817823116,123.0,0.2541929732132051,0.1327738373168607,0.0463466006771068,0.17163752726758863,0.181653610941671,S3
01543500,dPL,0.2959648221568872,0.1205951075076546,0.2760728394302229,0.122410271848951,0.029331380213369,2026.0,0.2666334419435182,0.09126372729428561,0.0495975907669576,0.17767562878524246,0.181653610941671,S3
01544500,IC,0.3275048715649791,0.2636582462016557,0.2808911136141601,0.3609292920176411,0.0523955738358425,,0.2751092977291366,0.21126267236581317,0.0522527620165309,0.21284311933010713,0.20336289315932,S3
01544500,dPL,0.2625145151903709,0.1192641221342027,0.2341798570421006,0.1311095767550997,0.0467280987077693,42.0,0.2157864164826016,0.07253602342643341,0.0338882400602159,0.17702583930333138,0.20336289315932,S3
01544500,dPL,0.2627762881938431,0.1514835567408207,0.2491640215157531,0.167210442679269,0.0570571965709006,123.0,0.20571909162294247,0.09442636016992009,0.0382428713905985,0.18323438707285478,0.20336289315932,S3
01544500,dPL,0.2622190033088605,0.1806230754786136,0.2440897642130342,0.1460387518531397,0.0589133077962295,2026.0,0.203305695512631,0.12170976768238409,0.0434779485289801,0.1879340471866915,0.20336289315932,S3
01545600,IC,0.2923893971663446,0.3108957731092416,0.1996205884663465,0.3273099762535726,0.0375215336762673,,0.2548678634900773,0.2733742394329743,0.0485166983514356,0.18933995971141593,0.192645540908709,S3
01545600,dPL,0.284757004324384,0.1245289572798589,0.2429867214626736,0.1348019923482622,0.0493866420415928,42.0,0.2353703622827912,0.07514231523826609,0.0296012661284091,0.15373460650046433,0.192645540908709,S3
01545600,dPL,0.2846851184736895,0.1380859871067278,0.2466456519232855,0.1568629794650607,0.0572481125297645,123.0,0.227437005943925,0.08083787457696329,0.0356382837938709,0.1540259977548767,0.192645540908709,S3
01545600,dPL,0.2847742976186548,0.1397738483363441,0.2571940422058106,0.1420253672097859,0.0642139634913839,2026.0,0.22056033412727089,0.07555988484496019,0.03802745036887,0.16131473455342482,0.192645540908709,S3
01547700,IC,0.2314871536249263,0.2314871536249263,0.2307364419137579,0.2307364419137579,0.1158798897419739,,0.11560726388295241,0.11560726388295241,0.0180079498608835,0.09113325255116289,0.156172998266035,S3
01547700,dPL,0.1888913325372274,0.0962152740688086,0.1700409594923257,0.0477706909179688,0.0444081266609506,42.0,0.1444832058762768,0.051807147407858,0.0052638884123007,0.07593633728574212,0.156172998266035,S3
01547700,dPL,0.2144872359338339,0.1363805840687403,0.1846651500090956,0.1063148498535156,0.0458542737342249,123.0,0.168632962199609,0.09052631033451539,0.0100802781609825,0.08136405558728277,0.156172998266035,S3
01547700,dPL,0.2093015104711615,0.1067740115558177,0.1841530584109326,0.1348698933919271,0.0425732751354823,2026.0,0.1667282353356792,0.0642007364203354,0.0087485806425646,0.08463749181913138,0.156172998266035,S3
01548500,IC,0.3059121549839182,0.2285865403844513,0.2744617225924314,0.3578809353024348,0.2002016188071974,,0.10571053617672083,0.02838492157725392,0.052301590818885,0.17839426150714432,0.202088630482319,S3
01548500,dPL,0.2840978167001993,0.1319568390526297,0.2866756916046143,0.0752808464898003,0.0473723907351809,42.0,0.2367254259650184,0.0845844483174488,0.031639355586869,0.17051489979865475,0.202088630482319,S3
01548500,dPL,0.3041171570051507,0.1958411886898048,0.2680730828433297,0.1534074119159153,0.044188271416111,123.0,0.2599288855890397,0.1516529172736938,0.0344134005154668,0.1746922859961726,0.202088630482319,S3
01548500,dPL,0.2812979101780124,0.1562016944410058,0.2781857231942316,0.155361767472892,0.0347361006202464,2026.0,0.24656180955776602,0.12146559382075939,0.0386934524140987,0.17931978871127485,0.202088630482319,S3
01549500,IC,0.2886131179575636,0.327828274167716,0.2224880426505726,0.5054863668652156,0.219948939657613,,0.06866417829995061,0.10787933451010298,0.0452101982052206,0.18065220089347156,0.186519052942025,S3
01549500,dPL,0.2457107887627785,0.1081583638813754,0.1983974524773657,0.1022098965115017,0.0482009067175681,42.0,0.1975098820452104,0.0599574571638073,0.0187942274743738,0.16181533483922395,0.186519052942025,S3
01549500,dPL,0.2334112366998861,0.1047403724820691,0.2154643123503774,0.1316157834870475,0.0398190746561735,123.0,0.1935921620437126,0.0649212978258956,0.0303354652512112,0.15851312970901377,0.186519052942025,S3
01549500,dPL,0.1466690739954184,0.124158543955981,0.1285622490776909,0.1617975320134844,0.0376389880575033,2026.0,0.1090300859379151,0.0865195558984777,0.0303043816481297,0.16143534744930133,0.186519052942025,S3
01550000,IC,0.2392606595071073,0.2886097100870897,0.2336125707320475,0.1738583607176293,0.1276233524275979,,0.11163730707950939,0.1609863576594918,0.0378289446252835,0.1529631791861149,0.179825512854574,S3
01550000,dPL,0.2484047221946029,0.0795193979751799,0.2293919686538477,0.0910848405626084,0.0481261081990688,42.0,0.20027861399553412,0.031393289776111104,0.0211502082979855,0.14763401407211274,0.179825512854574,S3
01550000,dPL,0.1981750094349452,0.1372279597401034,0.2047889709472656,0.1519160611288887,0.0433021709592769,123.0,0.1548728384756683,0.0939257887808265,0.0304142540966052,0.1471769892816659,0.179825512854574,S3
01550000,dPL,0.2108473266258673,0.1328975795305424,0.2169826137833297,0.1751380845120078,0.0444735892043851,2026.0,0.1663737374214822,0.0884239903261573,0.0295321841954551,0.14704360020827778,0.179825512854574,S3
01552000,IC,0.2444141145682204,0.3243965535170001,0.1342161258996116,0.2302320631067901,0.0933940927922048,,0.1510200217760156,0.2310024607247953,0.0272828238937143,0.14284346081952226,0.17305912288721,S3
01552000,dPL,0.240242835807158,0.0981460691748682,0.2642705532101294,0.0940253787570529,0.0447794138022049,42.0,0.1954634220049531,0.05336665537266331,0.023027804332912,0.12945610105409266,0.17305912288721,S3
01552000,dPL,0.2170716016762986,0.1606062803496937,0.2215409931383634,0.148410073348454,0.0369512183077005,123.0,0.1801203833685981,0.12365506204199321,0.0311704963917113,0.13090070661183262,0.17305912288721,S3
01552000,dPL,0.2533272474282518,0.1696399192052004,0.2177513546413845,0.1521500519343784,0.0355758927868672,2026.0,0.2177513546413846,0.1340640264183332,0.0320601323569943,0.13376169401607318,0.17305912288721,S3
01552500,IC,0.2992614330890144,0.334709427433686,0.2836837102674495,0.3107583087956769,0.0992279936557742,,0.20003343943324017,0.23548143377791178,0.0228769146241872,0.10489226519435002,0.185169707979555,S3
01552500,dPL,0.1968865412465459,0.0935651716706862,0.2075693329485754,0.130243174235026,0.0464351159342402,42.0,0.1504514253123057,0.047130055736446005,0.0216178317540363,0.12707165159796063,0.185169707979555,S3
01552500,dPL,0.2008929566059379,0.1186477239352162,0.2218164748046547,0.1436439156532287,0.0437436995027175,123.0,0.1571492571032204,0.07490402443249872,0.0271641838482539,0.12865400859104625,0.185169707979555,S3
01552500,dPL,0.2399009205789748,0.1354739507287027,0.2269284990098741,0.1223678165011936,0.0445379997828367,2026.0,0.1953629207961381,0.09093595094586598,0.0261149232994235,0.12483778865392625,0.185169707979555,S3
01557500,IC,0.3027921836365664,0.2205735083771406,0.2229849074683445,0.2445300754190528,0.0743991754725087,,0.22839300816405772,0.1461743329046319,0.0161757144383969,0.0871451687585062,0.15867182381751,S3
01557500,dPL,0.1608034553875296,0.0780203526393069,0.1679246469090382,0.0495079040527344,0.0480736906177027,42.0,0.1127297647698269,0.029946662021604203,0.0096781989538929,0.07300039575456174,0.15867182381751,S3
01557500,dPL,0.1900835019673805,0.1174746093753626,0.1799297969167431,0.0844499376085069,0.0495725065545624,123.0,0.14051099541281808,0.0679021028208002,0.0162395080577852,0.0742177600524101,0.15867182381751,S3
01557500,dPL,0.1873155771531648,0.1161493314088142,0.1883304538205266,0.1290792677137587,0.054823697042456,2026.0,0.13249188011070878,0.0613256343663582,0.01568383928642,0.0768302791868336,0.15867182381751,S3
01567500,IC,0.2818001409079066,0.2552967142279373,0.2438818079176573,0.3063719082777199,0.048025134579447,,0.2337750063284596,0.2072715796484903,0.0092506971743184,0.05694038978788618,0.126036065938383,S2
01567500,dPL,0.0845591237011781,0.0388683386153285,0.0450830083144338,0.0487627324305082,0.0227532877235791,42.0,0.061805835977599005,0.0161150508917494,0.0118058548388115,0.07250891927095382,0.126036065938383,S2
01567500,dPL,0.1409799175141342,0.0790609028883745,0.0658909082412719,0.0573312922527915,0.0233536257057569,123.0,0.11762629180837729,0.0557072771826176,0.0166269109686386,0.07817532246551562,0.126036065938383,S2
01567500,dPL,0.1580425736936169,0.0596361815467705,0.1208336880332545,0.0631291238885176,0.0292983635563556,2026.0,0.1287442101372613,0.0303378179904149,0.0164444950986693,0.07857517016137783,0.126036065938383,S2
01568000,IC,0.1922309562134656,0.2858460452331156,0.2016982191056139,0.1892125443802434,0.0966335008528722,,0.09559745536059339,0.18921254438024337,0.010235611612523,0.07310520117390962,0.128510858031358,S2
01568000,dPL,0.2018219245918905,0.0887016855982527,0.1428672388980263,0.0768533494737413,0.0301685527753626,42.0,0.1716533718165279,0.058533132822890105,0.0201632172151234,0.08734121603221146,0.128510858031358,S2
01568000,dPL,0.1726670796642305,0.0957713138204962,0.0968431485326666,0.0908003198473077,0.0289480191924633,123.0,0.1437190604717672,0.0668232946280329,0.0213665115017341,0.0873855876998918,0.128510858031358,S2
01568000,dPL,0.1729548317305703,0.0825243355697445,0.0965734061441923,0.0791015028953552,0.0263358556536421,2026.0,0.1466189760769282,0.0561884799161024,0.0213435026655061,0.0869228414556864,0.128510858031358,S2
01580000,IC,0.2437369352144714,0.1143944807605333,0.23289127731366,0.2588373306812558,0.1124902141061982,,0.1312467211082732,0.0019042666543351017,0.0026127512837705,0.057705007273951,0.0816880923954386,S2
01580000,dPL,0.0521973954542274,0.0263589288380877,0.0307176113128662,0.05304446750217,0.0353571997626107,42.0,0.016840195691616697,-0.008998270924523002,0.0012330875383942,0.05765764722586819,0.0816880923954386,S2
01580000,dPL,0.136638482105845,0.0361711212268544,0.0580794864230685,0.0703098944255284,0.0293917306737266,123.0,0.1072467514321184,0.006779390553127797,0.001766692494768,0.05924673088907917,0.0816880923954386,S2
01580000,dPL,0.0933335657760087,0.0291370821613153,0.0569224953651428,0.0634763742748059,0.035043718512846,2026.0,0.05828984726316269,-0.005906636351530704,0.0006867070992017,0.058511012850437805,0.0816880923954386,S2
01583500,IC,0.2053480976500357,0.0593869752050906,0.20431096825611,0.201405196951231,0.0931087740916665,,0.1122393235583692,-0.0337217988865759,0.0071838567544392,0.06911667842712876,0.0807286497637625,S2
01583500,dPL,0.0968750143149946,0.0426763781949116,0.059958267211914,0.0291869269476996,0.0273511983585413,42.0,0.0695238159564533,0.0153251798363703,0.0024687345279974,0.06961310393439901,0.0807286497637625,S2
01583500,dPL,0.1482137738763743,0.0389360438845115,0.0682494044303894,0.0645245971350834,0.034080054307376,123.0,0.1141337195689983,0.004855989577135504,0.002352782178783,0.06982453663829558,0.0807286497637625,S2
01583500,dPL,0.114119693547433,0.0330969252198687,0.077287843492296,0.0528082722111752,0.0276804288714328,2026.0,0.08643926467600019,0.005416496348435898,0.0014985807348217,0.07007457103680381,0.0807286497637625,S2
01586610,IC,0.2264999691367265,0.0799694249791926,0.3245186219432996,0.1687093172587737,0.0880505229978063,,0.13844944613892018,-0.008081098018613703,0.0021148282286796,0.07666441805287971,0.088413478566147,S2
01586610,dPL,0.0850096497169669,0.0274021864271155,0.0537400245666503,0.058338477693755,0.0381658180466613,42.0,0.0468438316703056,-0.010763631619545796,0.0019017910680998,0.07767365939363358,0.088413478566147,S2
01586610,dPL,0.1611548504147935,0.0505122029702855,0.0841716766357421,0.0834114636693682,0.0258981062156326,123.0,0.1352567441991609,0.024614096754652898,0.0039576774049818,0.0786805952605949,0.088413478566147,S2
01586610,dPL,0.1022029133766626,0.0366142970127825,0.0785032272338867,0.0608293006294652,0.0330879320201851,2026.0,0.0691149813564775,0.003526364992597404,0.0013722612311591,0.07776115366305614,0.088413478566147,S2
01591400,IC,0.2137496326997543,0.1619224852650497,0.2593036748441021,0.2593036748441021,0.1606267824676165,,0.05312285023213781,0.0012957027974332125,0.0008868961468483,0.0646812079497987,0.0838764227317032,S2
01591400,dPL,0.0558535499924012,0.0267943942585875,0.0358137488365173,0.0526442198917783,0.0262991336225581,42.0,0.029554416369843097,0.0004952606360294001,0.0025516791523705,0.06423485182838207,0.0838764227317032,S2
01591400,dPL,0.1297201981040088,0.0290387120291688,0.0513096458033511,0.055357521458676,0.0263188094295071,123.0,0.10340138867450172,0.002719902599661702,0.0027912844454921,0.06580249112909653,0.0838764227317032,S2
01591400,dPL,0.1009006700365072,0.0242942867565129,0.0497099757194519,0.0607671056474958,0.0364728188909828,2026.0,0.0644278511455244,-0.0121785321344699,0.0022933337481801,0.06541897449588852,0.0838764227317032,S2
01594950,IC,0.3066105137972889,0.2386540961693284,0.2952278530983153,0.2952278530983153,0.0361757621917268,,0.2704347516055621,0.2024783339776016,0.0524228657082502,0.22865354467259957,0.189214297334908,S3
01594950,dPL,0.1957200018495868,0.0987918119241615,0.1771991305881076,0.0825829399956598,0.0456096602197498,42.0,0.150110341629837,0.053182151704411706,0.0373718192548948,0.24694341110450413,0.189214297334908,S3
01594950,dPL,0.1937411999976922,0.1192649451760121,0.1541413558156866,0.0965208411216735,0.0379984038404022,123.0,0.15574279615729,0.0812665413356099,0.0399619274707019,0.22235560317974024,0.189214297334908,S3
01594950,dPL,0.2318875366410445,0.139141522805852,0.1706364949544271,0.1158324347601996,0.0415469256967853,2026.0,0.1903406109442592,0.0975945971090667,0.0442107093357582,0.24818386229054956,0.189214297334908,S3
01596500,IC,0.2451103839158097,0.1315487223251082,0.2573021875072133,0.1948862555529649,0.0623648567487707,,0.18274552716703898,0.06918386557633749,0.0531138462149576,0.24185126820952063,0.188402157557544,S3
01596500,dPL,0.2296828950240236,0.0997275932086865,0.1798105441654722,0.0556852488682187,0.0445651496333709,42.0,0.18511774539065268,0.0551624435753156,0.0368249074588045,0.21828792795772456,0.188402157557544,S3
01596500,dPL,0.2298370192478509,0.1300778487866865,0.2080306410789489,0.1209679965315194,0.0428937010993742,123.0,0.1869433181484767,0.08718414768731228,0.0401550839140315,0.20153960002342008,0.188402157557544,S3
01596500,dPL,0.2485483441771349,0.166008651873709,0.2010056710181137,0.1516184313543911,0.0534722697457862,2026.0,0.1950760744313487,0.1125363821279228,0.0462813381257767,0.21625227358737031,0.188402157557544,S3
01605500,IC,0.1678113913328197,0.2555751297302364,0.1784760974272474,0.2416071263305109,0.0829913775719988,,0.08482001376082089,0.17258375215823757,0.0178153998317019,0.09836100669255954,0.137136101417764,S2
01605500,dPL,0.1398828162776061,0.0520738414838037,0.0982140591270045,0.0837281076531661,0.0426189397710238,42.0,0.0972638765065823,0.0094549017127799,0.0150533324790459,0.11347224649962884,0.137136101417764,S2
01605500,dPL,0.1589708237579244,0.0919889102859217,0.0864410996437072,0.1195655969473032,0.0422358342579705,123.0,0.1167349894999539,0.0497530760279512,0.0131084849508383,0.10677930044011952,0.137136101417764,S2
01605500,dPL,0.1367589325951005,0.0926118251297315,0.0799460940890842,0.1351739247639973,0.0501958822148714,2026.0,0.0865630503802291,0.042415942914860096,0.0131572480528854,0.11067096260528608,0.137136101417764,S2
01606500,IC,0.1963560206577901,0.1299943486540226,0.2288549223715141,0.2190110368605466,0.0616034972953048,,0.13475252336248528,0.0683908513587178,0.0268969103416369,0.13187035976529426,0.148750518921295,S2
01606500,dPL,0.1496346195418224,0.067824851221524,0.1118708292643229,0.0810872567327399,0.0304064133590414,42.0,0.11922820618278099,0.0374184378624826,0.0214607454198519,0.13825266834167538,0.148750518921295,S2
01606500,dPL,0.2223337913393377,0.09250709201183,0.1030372381210327,0.1181586857499746,0.0420815301444148,123.0,0.1802522611949229,0.050425561867415196,0.0183438710364354,0.12503923051920995,0.148750518921295,S2
01606500,dPL,0.1551268413160812,0.1049204405186824,0.1155023328189192,0.130020523071289,0.0268464831004376,2026.0,0.1282803582156436,0.0780739574182448,0.0186317260918503,0.1337912892865818,0.148750518921295,S2
01632000,IC,0.1541116430788713,0.1070270603322473,0.1501674627707168,0.1105400322164596,0.0938157329451795,,0.06029591013369179,0.013211327387067803,0.0038837233954618,0.08412393088428594,0.110024870103334,S2
01632000,dPL,0.1119833597773657,0.0718275184337976,0.0590174357096354,0.0786330329047309,0.0334326221169732,42.0,0.0785507376603925,0.038394896316824405,-0.0008997276742577,0.09060504212826404,0.110024870103334,S2
01632000,dPL,0.1356566161667496,0.0969820579561969,0.0570373609662056,0.1111711290147569,0.036947063710146,123.0,0.0987095524566036,0.060034994246050896,-0.0050563342520059,0.08612345510192598,0.110024870103334,S2
01632000,dPL,0.1056095312738159,0.0880014408957595,0.0514280531141492,0.1270524784922599,0.038121868612464,2026.0,0.0674876626613519,0.049879572283295495,-0.0063960077789357,0.08865733088714334,0.110024870103334,S2
01632900,IC,0.1866338015596225,0.0733326973984641,0.3573905662976138,0.1327103938330825,0.0778679381260235,,0.10876586343359901,-0.0045352407275593976,0.000546900169548,0.05139319343774473,0.0980763292373855,S2
01632900,dPL,0.0644211297576761,0.0125954482884553,0.0503169411107113,0.0233807613975123,0.0266914554688205,42.0,0.0377296742888556,-0.0140960071803652,-0.0019791536752142,0.043110765725289935,0.0980763292373855,S2
01632900,dPL,0.0703354747953396,0.0170097888338465,0.0560675612811384,0.0291146730121813,0.0312068186412868,123.0,0.039128656154052796,-0.014197029807440299,-0.005755573940559,0.04958478516566578,0.0980763292373855,S2
01632900,dPL,0.0665068898475064,0.0101010225758633,0.062947760687934,0.0166192342495096,0.029238154436011,2026.0,0.0372687354114954,-0.0191371318601477,-0.0023204692310837,0.042728822453088955,0.0980763292373855,S2
01634500,IC,0.1728845298787535,0.2079416271243477,0.2356284517251352,0.1697479543649322,0.1175624016982046,,0.055322128180548893,0.09037922542614309,0.0165157595117673,0.10858274765948861,0.114828393813144,S2
01634500,dPL,0.1038423285552093,0.0805969883897402,0.0844385782877604,0.0685245513916015,0.0294565564096787,42.0,0.0743857721455306,0.051140431980061504,-0.002213917952259,0.10659946558839106,0.114828393813144,S2
01634500,dPL,0.1270775199560142,0.1009495624951058,0.056391417980194,0.0976509518093532,0.0354981953686095,123.0,0.09157932458740471,0.0654513671264963,-0.0040312500064163,0.10686711672399718,0.114828393813144,S2
01634500,dPL,0.1295434607326384,0.1033604688670878,0.0824756622314453,0.1078881157769097,0.0371263443464191,2026.0,0.0924171163862193,0.06623412452066871,-0.0045199788335243,0.108580382175816,0.114828393813144,S2
01638480,IC,0.2704950436879639,0.1535614413062591,0.2336463192621697,0.172502317152182,0.0368487244257942,,0.2336463192621697,0.11671271688046489,-0.0169161290235098,0.07320646777017659,0.0845583823488279,S2
01638480,dPL,0.0710421490381032,0.0197757852904958,0.0564063191413879,0.0258644138063703,0.0277975581583575,42.0,0.0432445908797457,-0.008021772867861699,-0.0019625457694973,0.07716133380246615,0.0845583823488279,S2
01638480,dPL,0.1043328848633861,0.0277875989851347,0.0598754112919171,0.0407836066351996,0.0213162153128646,123.0,0.0830166695505215,0.006471383672270101,-0.0015461187590793,0.07955431710944694,0.0845583823488279,S2
01638480,dPL,0.0880537501646421,0.0247282136856804,0.0589078068733215,0.0443988376193576,0.0270390797889235,2026.0,0.0610146703757186,-0.0023108661032431,-0.0030768924288673,0.07603296769576773,0.0845583823488279,S2
01639500,IC,0.1508215638751402,0.0741673225440053,0.27658414860964,0.1654957256007635,0.2482938747346721,,-0.0974723108595319,-0.1741265521906668,-0.0065376630160078,0.07912514148040006,0.0961263501421113,S2
01639500,dPL,0.1025709769295699,0.0543893873232523,0.0846557416413959,0.0450876871744791,0.0296466580756714,42.0,0.0729243188538985,0.024742729247580898,-0.0077852784795502,0.08191343777094673,0.0961263501421113,S2
01639500,dPL,0.1403366624849955,0.0705257948849354,0.1150681291307721,0.061358630657196,0.0186153351801554,123.0,0.12172132730484009,0.051910459704780004,-0.0054738266167421,0.08333537119884271,0.0961263501421113,S2
01639500,dPL,0.0996127180658062,0.0550455748575846,0.0832804573906792,0.0509929656982421,0.0247743688784731,2026.0,0.07483834918733309,0.0302712059791115,-0.0054955479662421,0.08001058920621451,0.0961263501421113,S2
01644000,IC,0.3110488640982253,0.0834366253917909,0.1801047317132436,0.0954948765667026,0.0694294187873466,,0.2416194453108787,0.014007206604444308,-0.0023889723374528,0.06434709933657945,0.084351798741144,S2
01644000,dPL,0.0724141871325599,0.0172056160302446,0.051620602607727,0.020248952664827,0.0201715855397932,42.0,0.052242601592766696,-0.0029659695095486,0.0014640115263246,0.06272864487742003,0.084351798741144,S2
01644000,dPL,0.0922570307782797,0.0311444039740832,0.0639058430989583,0.0356154356684003,0.0183906365904507,123.0,0.07386639418782899,0.0127537673836325,0.0020224867270541,0.06478008113961642,0.084351798741144,S2
01644000,dPL,0.0919784296153141,0.0364889281883189,0.0598196387290954,0.0449768428144783,0.0216059883766993,2026.0,0.0703724412386148,0.0148829398116196,0.0013723708503561,0.06447979288120187,0.084351798741144,S2
01664000,IC,0.1741741386579139,0.2272200143530996,0.1579023667680924,0.1579023667680924,0.0566706049399427,,0.1175035337179712,0.1705494094131569,-0.0038274733136248,0.053607516945249345,0.0827964257846037,S2
01664000,dPL,0.1022390028883242,0.0216212831562382,0.0617347914597083,0.0308740961140599,0.0342969544697826,42.0,0.0679420484185416,-0.012675671313544398,-0.0006883397317931,0.0434016122691796,0.0827964257846037,S2
01664000,dPL,0.0958666086554099,0.031506951959748,0.0531980991363525,0.0481839497884114,0.0305235421701891,123.0,0.0653430664852208,0.000983409789558902,0.0025073650760107,0.04499566226097884,0.0827964257846037,S2
01664000,dPL,0.0856908897669509,0.0311119955142165,0.0609941270616319,0.0238346947564019,0.0296892251802188,2026.0,0.0560016645867321,0.0014227703339976978,0.0047124831907552,0.04315462917190083,0.0827964257846037,S2
01666500,IC,0.1848251385461428,0.0501384721584255,0.2971156338579136,0.3198252985986566,0.1296736793913256,,0.0551514591548172,-0.0795352072329001,-0.0007258482429794,0.049163861973388734,0.0822553978033295,S2
01666500,dPL,0.0905422721835468,0.0193948353039496,0.0712451510959202,0.0199044161829455,0.0333556100435329,42.0,0.057186662140013896,-0.0139607747395833,0.001253834029158,0.03989938085267053,0.0822553978033295,S2
01666500,dPL,0.0961986561912648,0.039241206477796,0.0650224192389126,0.0338345845540364,0.0311762369523521,123.0,0.06502241923891271,0.008064969525443898,0.0011535456940487,0.04532599601202936,0.0822553978033295,S2
01666500,dPL,0.0997560522855237,0.0245244567797242,0.0659286975860595,0.0483843375896585,0.0339967287431236,2026.0,0.0657593235424001,-0.009472271963399403,0.0023897471501277,0.04392901442484498,0.0822553978033295,S2
01667500,IC,0.1951039823016241,0.1255274146223712,0.120468782279507,0.1643782001489989,0.0467579341000742,,0.1483460482015499,0.07876948052229699,-0.0057578898987207,0.05259322255258003,0.0788117934771709,S2
01667500,dPL,0.0823456453326765,0.0196477160793785,0.0516363765512194,0.0202520158555772,0.032161352171115,42.0,0.050184293161561505,-0.012513636091736502,0.0022005580060278,0.04397616988097808,0.0788117934771709,S2
01667500,dPL,0.1036037463771393,0.0283291081961748,0.0516303168402778,0.0418744405110677,0.0402905006038238,123.0,0.0633132457733155,-0.011961392407649003,0.0014254255231374,0.04735288226388745,0.0788117934771709,S2
01667500,dPL,0.0744936420232147,0.028389096973658,0.047026766198022,0.0216693878173828,0.0286182640011954,2026.0,0.04587537802201931,-0.00022916702753739832,0.0027669980809152,0.04640146924040689,0.0788117934771709,S2
01669000,IC,0.1135529361851903,0.1587148152970893,0.1067648791508937,0.09732384279314,0.0678373115388267,,0.0457156246463636,0.0908775037582626,-0.012677036525144,0.013264849351410368,0.0412059832430486,S1
01669000,dPL,0.0655730929820597,0.019296278028738,0.0168266735578838,0.0235553477939806,0.0313722700387248,42.0,0.034200822943334895,-0.0120759920099868,-0.0018938734050247,0.027420567556598607,0.0412059832430486,S1
01669000,dPL,0.0884803984003339,0.0219076171209926,0.0429644435644149,0.0245021951609644,0.0209331978934636,123.0,0.06754720050687031,0.0009744192275289998,-0.0039119465327608,0.026410482380076372,0.0412059832430486,S1
01669000,dPL,0.0601295805895438,0.0269019703866251,0.0256242116292317,0.0344705992731555,0.0335897276379297,2026.0,0.026539852951614096,-0.006687757251304601,0.0005413075794431,0.026609893048465172,0.0412059832430486,S1
01669520,IC,0.0800860489788152,0.0880656755168791,0.1982896690632947,0.1562011976827982,0.2431363193505301,,-0.16305027037171488,-0.155070643833651,-0.0036057604665989,0.017297651159077554,0.0368199149910729,S1
01669520,dPL,0.0501295094927829,0.0275938083378333,0.0303414620851215,0.0291374796315243,0.0252856756697776,42.0,0.024843833823005302,0.002308132668055702,7.417143587185038e-05,0.022762482386906147,0.0368199149910729,S1
01669520,dPL,0.0807192577354432,0.0266233346815458,0.0508069780137803,0.0249246071124898,0.0254967230794256,123.0,0.05522253465601759,0.0011266116021202005,-0.0017522459071521,0.02181926863529382,0.0368199149910729,S1
01669520,dPL,0.0565494206314936,0.0263524811424247,0.0260556057879799,0.0283030101231165,0.024615519789736,2026.0,0.031933900841757595,0.0017369613526886998,3.753445573784209e-05,0.02181959650645815,0.0368199149910729,S1
02011400,IC,0.1318156103580393,0.1452576548541775,0.1211749734274256,0.1828504670364052,0.1205304684165334,,0.011285141941505886,0.024727186437644086,0.0134040126966893,0.11955328848116353,0.129154721501962,S2
02011400,dPL,0.1276692395439358,0.0611438768123723,0.1029493967692056,0.0744894239637586,0.0401775969130017,42.0,0.0874916426309341,0.020966279899370603,0.0144577829911064,0.12419851452786324,0.129154721501962,S2
02011400,dPL,0.1367351884056679,0.0963469063652263,0.0880156847146841,0.1098744135636549,0.0486198086526656,123.0,0.0881153797530023,0.0477270977125607,0.0138640006854516,0.11817680050225621,0.129154721501962,S2
02011400,dPL,0.1563171441386751,0.103021284310202,0.0757273247367457,0.1133213678995767,0.0554302353647018,2026.0,0.1008869087739733,0.047591048945500196,0.0148282760083423,0.12190290532175063,0.129154721501962,S2
02013000,IC,0.1717405798819032,0.1426744981047456,0.1020989704389745,0.3203227575080005,0.0461439036291311,,0.1255966762527721,0.09653059447561452,-0.0133952060536254,0.10385569098220748,0.0979143372407574,S2
02013000,dPL,0.1120220533945518,0.0507858428432537,0.0717972454271818,0.0651245681863082,0.0357254460977091,42.0,0.0762966072968427,0.015060396745544602,0.0005999699685051,0.12343586905732429,0.0979143372407574,S2
02013000,dPL,0.1510665549145593,0.0662731565143548,0.0757004474771433,0.0814116643025324,0.0342524839370556,123.0,0.11681407097750371,0.032020672577299195,-0.004751794643883,0.11180524812800063,0.0979143372407574,S2
02013000,dPL,0.1046863231136394,0.0668507851268731,0.0433407746828519,0.0936315561595715,0.027166047653675,2026.0,0.0775202754599644,0.0396847374731981,-0.0029566750485332,0.11897298504286602,0.0979143372407574,S2
02014000,IC,0.170335831323729,0.1483056655717273,0.1759826204995115,0.2547435040955888,0.0154201807462386,,0.1549156505774904,0.1328854848254887,0.0020774025709796,0.09648637172379049,0.0978680841760858,S2
02014000,dPL,0.1091820185247347,0.0496518844609084,0.0608196682400173,0.0739179159465589,0.034471563690765,42.0,0.07471045483396971,0.015180320770143405,0.0037702089314924,0.11349954455610711,0.0978680841760858,S2
02014000,dPL,0.1346841887211944,0.0823381179814162,0.0644568800926208,0.0808916091918945,0.0296925405246661,123.0,0.10499164819652829,0.0526455774567501,0.0007188509800003,0.1012495892321551,0.0978680841760858,S2
02014000,dPL,0.1013342800897709,0.0822103535652559,0.0505856408013237,0.1051382328334607,0.0370227197391437,2026.0,0.0643115603506272,0.0451876338261122,0.0025349628385693,0.10839622418923034,0.0978680841760858,S2
02015700,IC,0.1179053372280434,0.1536808312032431,0.1880855751106255,0.1411785287726171,0.0742150410074356,,0.0436902962206078,0.0794657901958075,0.0164443278243757,0.11302263212804564,0.128567248718796,S2
02015700,dPL,0.1267720100589118,0.0486693146519341,0.0941706620729886,0.1057848612467448,0.0579472544483818,42.0,0.06882475561053,-0.009277939796447698,0.0152802154453879,0.11297840866169961,0.128567248718796,S2
02015700,dPL,0.1363211607112712,0.1027278520557986,0.0852211846245659,0.1184749144774216,0.0510999760867052,123.0,0.08522118462456602,0.0516278759690934,0.0157154642534087,0.11017396608324048,0.128567248718796,S2
02015700,dPL,0.1454268211456364,0.1145540961021392,0.099895597759046,0.132545150243319,0.0651251422425414,2026.0,0.080301678903095,0.04942895385959779,0.0165529034920343,0.11305526071725525,0.128567248718796,S2
02016000,IC,0.2200038152920336,0.1776858177313753,0.2634418612812716,0.2505262065598296,0.0895616643451572,,0.13044215094687642,0.0881241533862181,0.0006212542415342,0.08935702507599641,0.102077363429123,S2
02016000,dPL,0.1164556514766685,0.0659377533965532,0.0640618159220769,0.086880620320638,0.0474660704014606,42.0,0.0689895810752079,0.018471682995092595,0.0069221945959999,0.09583100487305674,0.102077363429123,S2
02016000,dPL,0.1580439321235151,0.070708092212698,0.0855816735161675,0.1220226488615336,0.038885569723881,123.0,0.11915836239963412,0.031822522488817,0.0042600232095086,0.09166899374778636,0.102077363429123,S2
02016000,dPL,0.1327666226725382,0.0593810383933141,0.0630928730142527,0.1077024961772717,0.0418765307987101,2026.0,0.0908900918738281,0.017504507594604,0.0076176011377617,0.09404119023255952,0.102077363429123,S2
02017500,IC,0.1379931177580138,0.1668166719128163,0.0750607320733498,0.1925892149675561,0.0228264140855097,,0.11516670367250409,0.1439902578273066,0.0039035441426782,0.09971265230152426,0.0901845265568014,S2
02017500,dPL,0.1033352545083339,0.0502283641516392,0.0703151311193193,0.0712424046114871,0.0371111982272602,42.0,0.0662240562810737,0.013117165924378997,0.0049259230013654,0.10938752663421125,0.0901845265568014,S2
02017500,dPL,0.1437366122957341,0.0839762799354541,0.0547539591789245,0.0914561473406278,0.0374666493987563,123.0,0.1062699628969778,0.0465096305366978,0.0022428970176561,0.09959095241543003,0.0901845265568014,S2
02017500,dPL,0.1379417086496484,0.0860715927566918,0.0545659918534127,0.0976980557808509,0.0446885019706717,2026.0,0.09325320667897669,0.041383090786020094,0.0034911503363537,0.10593643346857884,0.0901845265568014,S2
02018000,IC,0.161600023084268,0.2225732494015992,0.1587356731543684,0.1369708224458921,0.006762582389702,,0.15483744069456598,0.2158106670118972,-0.0076847543653805,0.08441860498540898,0.0849686144296571,S2
02018000,dPL,0.110934103270626,0.0497231949113495,0.0593877660817113,0.1031224992540147,0.046816295883747,42.0,0.064117807386879,0.002906899027602501,0.0012417746686571,0.09402750509781699,0.0849686144296571,S2
02018000,dPL,0.1408173013195591,0.0646789930585373,0.0684964656829834,0.0817147951859694,0.0402177324615649,123.0,0.1005995688579942,0.0244612605969724,-0.0032760025558663,0.08513495567482676,0.0849686144296571,S2
02018000,dPL,0.1164653295347319,0.0614976164310239,0.0581202336720058,0.083949144069965,0.0410009374939135,2026.0,0.0754643920408184,0.0204966789371104,-0.0002710135165963,0.08860656483978735,0.0849686144296571,S2
02027000,IC,0.2141683756226189,0.1165764115256551,0.0775780989366469,0.2958892346700979,0.0325447572908232,,0.1816236183317957,0.08403165423483189,0.0012176178507788,0.055983982352757033,0.0904732223814793,S2
02027000,dPL,0.1094764622725565,0.0332769349700299,0.0737612588065011,0.0295304656028747,0.0234409803236805,42.0,0.086035481948876,0.009835954646349399,0.002753844958114,0.04594727196784887,0.0904732223814793,S2
02027000,dPL,0.1309853191659936,0.0583815942481511,0.0958739386664496,0.0457002614673815,0.029724268713126,123.0,0.1012610504528676,0.028657325535025098,0.0030182222261426,0.051155236690966444,0.0904732223814793,S2
02027000,dPL,0.1135718195457678,0.0515723427033542,0.0688709939519564,0.0354371812608507,0.0260156466648263,2026.0,0.0875561728809415,0.0255566960385279,0.0031784751020732,0.052937751999403426,0.0904732223814793,S2
02027500,IC,0.1285542806548117,0.278337415091016,0.1525788909677863,0.2229990216045486,0.0447026018274906,,0.0838516788273211,0.23363481326352542,0.0008330786423506,0.05679752695068052,0.100786018307687,S2
02027500,dPL,0.1413415248291844,0.0314000745517855,0.0946966807047526,0.0342589616775512,0.0233392536832913,42.0,0.11800227114589311,0.0080608208684942,0.0027680138182416,0.04921512399129291,0.100786018307687,S2
02027500,dPL,0.1499611923115065,0.0475214145492751,0.1206277847290039,0.0321160968981291,0.0220450387683754,123.0,0.1279161535431311,0.0254763757808997,0.0032355310324434,0.05213753473325011,0.100786018307687,S2
02027500,dPL,0.1158585872986399,0.0401850239033946,0.0979037814670139,0.0429413148335048,0.0191616594923932,2026.0,0.0966969278062467,0.021023364411001402,0.0029076197554552,0.051804520460771886,0.100786018307687,S2
02028500,IC,0.0973964703780352,0.1779663451600559,0.1274038809362589,0.2911721185475904,0.114861948569339,,-0.0174654781913038,0.06310439659071691,9.333259011901074e-05,0.0489219598001438,0.0802569579048301,S2
02028500,dPL,0.0925850396107725,0.0284338377722233,0.0675470564100477,0.0406769074891743,0.0262273815935973,42.0,0.06635765801717519,0.0022064561786259984,0.0015050165883737,0.04453096284963598,0.0802569579048301,S2
02028500,dPL,0.1389942226891145,0.0346702802242663,0.0968857730428377,0.0304256928594488,0.0310239237293008,123.0,0.1079702989598137,0.003646356494965499,0.0004189043990188,0.048081733549559136,0.0802569579048301,S2
02028500,dPL,0.1070248574888786,0.0368719481237858,0.0669229154785474,0.0332694304616827,0.0235039888707062,2026.0,0.0835208686181724,0.013367959253079601,0.0015131370257523,0.049142162861759986,0.0802569579048301,S2
02038850,IC,0.1190836956407054,0.0947691530011058,0.1533693270010773,0.1172768911318081,0.0375004620949403,,0.0815832335457651,0.05726869090616551,-0.0104734372014869,0.03611140791082712,0.0655225978510027,S2
02038850,dPL,0.0326547806316468,0.01850181081538,0.0448182000054253,0.0253757834434509,0.0198381469512443,42.0,0.012816633680402499,-0.0013363361358642994,-0.00136066318205,0.03161094014629795,0.0655225978510027,S2
02038850,dPL,0.0301096333757459,0.0118643484845655,0.041915554470486,0.0329735649956597,0.0178290789668673,123.0,0.0122805544088786,-0.005964730482301799,-0.0009483191962732,0.03467970114986474,0.0655225978510027,S2
02038850,dPL,0.0303060034033859,0.0126706064422201,0.0419184879252785,0.0288846333821614,0.0224225945302597,2026.0,0.007883408873126198,-0.009751988088039601,-0.0021112257423416,0.034944019816670724,0.0655225978510027,S2
02046000,IC,0.0771063053792479,0.0825186497383372,0.0287805404242625,0.2015177123429549,0.055896501366204,,0.021209804013043898,0.026622148372133198,-0.0183220041499322,0.017625246275977613,0.0453728268084367,S1
02046000,dPL,0.0478017444881874,0.0302634571191755,0.0394072702952793,0.0198417663574218,0.0222666551155172,42.0,0.0255350893726702,0.0079968020036583,-0.0046503065240569,0.01678114522131502,0.0453728268084367,S1
02046000,dPL,0.0580635049370735,0.0136730782060195,0.0446078194512261,0.0227467854817708,0.0206670717061257,123.0,0.037396433230947795,-0.006993993500106202,-0.0012597329835309,0.016823817800929897,0.0453728268084367,S1
02046000,dPL,0.0510754549752876,0.0205514185039137,0.0341936747233072,0.022918701171875,0.0264496513634612,2026.0,0.0246258036118264,-0.005898232859547499,-0.0042729855762169,0.017698628566949037,0.0453728268084367,S1
02051500,IC,0.0708256128837516,0.1327045226067988,0.3192454707443696,0.1294898536300803,0.1394562597523205,,-0.06863064686856891,-0.0067517371455217134,-0.0068750264513173,0.020757922517121385,0.0525514965704711,S2
02051500,dPL,0.0267056603935302,0.0255987766906104,0.0266280557428087,0.0096616148948669,0.0223914225416742,42.0,0.004314237851856001,0.0032073541489361992,-0.0018908442887641,0.021620806986490937,0.0525514965704711,S2
02051500,dPL,0.0273124972401891,0.0167946336490437,0.0284461038453238,0.0220138549804687,0.0160793643187783,123.0,0.011233132921410798,0.0007152693302653994,6.147012551815934e-05,0.023951544157473803,0.0525514965704711,S2
02051500,dPL,0.0191017237881945,0.0144697616932064,0.0145987460487767,0.0208883497450087,0.0206231986878598,2026.0,-0.001521474899665299,-0.0061534369946533995,-0.0009753482863502,0.02360623929858563,0.0525514965704711,S2
02053200,IC,0.0418962702912229,0.0747988908127885,0.0621285519166397,0.0632290975138934,0.0377338109439201,,0.004162459347302798,0.037065079868868395,-0.0075420098497349,-0.00215301403474244,0.0248316831845784,S1
02053200,dPL,0.0150552319288371,0.0218173362137689,0.0125833299424912,0.0198407863315782,0.0099912210308352,42.0,0.005064010898001899,0.011826115182933701,-0.016787227068978,-0.007572122862016029,0.0248316831845784,S1
02053200,dPL,0.0206276331793464,0.0201357688181641,0.0246537045428627,0.0158648114455373,0.0191287322523163,123.0,0.001498900927030103,0.001007036565847802,-0.0132476828292754,-0.0007330752342460389,0.0248316831845784,S1
02053200,dPL,0.0137362815262689,0.0259022044915264,0.0104435167814556,0.0261915357489335,0.0118733656917417,2026.0,0.0018629158345271988,0.0140288387997847,-0.0061808945769984,0.0013792270712167376,0.0248316831845784,S1
02053800,IC,0.1293458620979316,0.1184979922400528,0.1529974636773002,0.1492479867200156,0.0622929111433681,,0.06705295095456351,0.05620508109668469,0.0123897936953253,0.07017071109571804,0.0938172550300136,S2
02053800,dPL,0.0759898658332363,0.030394722868617,0.0576731988361903,0.0445717573165893,0.0233934406934989,42.0,0.052596425139737404,0.007001282175118102,0.0052422137427273,0.06243691425709652,0.0938172550300136,S2
02053800,dPL,0.0948107418988475,0.0347404034065937,0.0501235114203559,0.0431112552943982,0.0359299467238085,123.0,0.058880795175039004,-0.0011895433172147973,0.0053243839861396,0.06789294039052363,0.0938172550300136,S2
02053800,dPL,0.1037905317946078,0.0286622784179121,0.0493108247455797,0.028270509507921,0.0273713599347209,2026.0,0.0764191718598869,0.0012909184831912009,0.0059463479246388,0.06638125855311172,0.0938172550300136,S2
02055100,IC,0.169998035483595,0.0620403776063878,0.2651204989622354,0.1019020182913776,0.046096475757777,,0.12390155972581798,0.015943901848610803,-0.0160829551331268,0.03316847758539565,0.0622119918873982,S2
02055100,dPL,0.0502276244437748,0.016579214752976,0.0394417232937283,0.0395689222547743,0.0174833034424513,42.0,0.032744321001323504,-0.0009040886894753006,-0.0011338157843511,0.03624626711765522,0.0622119918873982,S2
02055100,dPL,0.0481525201067853,0.014134939983673,0.0380358378092448,0.0273428264417146,0.019530839143351,123.0,0.0286216809634343,-0.005395899159677999,-0.0033047031105263,0.03757184659185164,0.0622119918873982,S2
02055100,dPL,0.0432141038796676,0.0175501210702866,0.0307374000549316,0.0213768573907705,0.012958499873501,2026.0,0.0302556040061666,0.0045916211967856006,-0.0034811428915924,0.03788536569677203,0.0622119918873982,S2
02056900,IC,0.1059906023248047,0.0876021830948265,0.0735474821686751,0.0674546954700675,0.0458495490908382,,0.0601410532339665,0.04175263400398829,-0.0009423760007739,0.006233838050499374,0.0646059372808137,S2
02056900,dPL,0.0516865264053407,0.0130512107734617,0.0356916691127576,0.042031012641059,0.023486029630333,42.0,0.028200496775007702,-0.0104348188568713,-1.0648762378884236e-05,0.033484591301806144,0.0646059372808137,S2
02056900,dPL,0.0554579652447456,0.0123517822317878,0.029332170988384,0.0303876399993896,0.016200640629969,123.0,0.0392573246147766,-0.0038488583981812,-0.000159450767162,0.034941682409866726,0.0646059372808137,S2
02056900,dPL,0.0592768817880601,0.0116830288702929,0.0309441460503472,0.0310901217990451,0.0109997380090176,2026.0,0.0482771437790425,0.0006832908612753007,-0.0005701870624112,0.035427386360104784,0.0646059372808137,S2
02059500,IC,0.1525913929675039,0.0393629429462965,0.2027332925991254,0.0687171847227365,0.0980417170308404,,0.0545496759366635,-0.0586787740845439,-0.0031264237756268,0.02838959423710996,0.0529389162953181,S2
02059500,dPL,0.0420888127401007,0.0157544836340095,0.0144529978434245,0.0172124724639089,0.0151811182135514,42.0,0.0269076945265493,0.0005733654204581017,-0.0005838785548376,0.0302285067694944,0.0529389162953181,S2
02059500,dPL,0.0421887915510148,0.0159994623576137,0.0237137392947548,0.0280970021298057,0.0137155198106797,123.0,0.0284732717403351,0.002283942546934002,-0.0012296818008652,0.03251847342474801,0.0529389162953181,S2
02059500,dPL,0.0391580748055378,0.0072896115112748,0.009318372938368,0.0235363532756937,0.0106077336320908,2026.0,0.028550341173447,-0.0033181221208159993,-0.0019343009483866,0.0311426031137636,0.0529389162953181,S2
02064000,IC,0.0764715083279307,0.0946059262235028,0.1546954011135224,0.092694314748772,0.0527800369663388,,0.0236914713615919,0.041825889257164,-0.0028813350682237,0.017188838732168032,0.0606011692596163,S2
02064000,dPL,0.0334155052786316,0.0131071973902108,0.0272221650396074,0.0108329653739929,0.0103954804818784,42.0,0.0230200247967532,0.0027117169083324,-0.0010063389038613,0.02602633301407342,0.0606011692596163,S2
02064000,dPL,0.0266806572561706,0.0113282346213838,0.0293293595314025,0.0215004391140408,0.0152825238738336,123.0,0.011398133382336998,-0.0039542892524498,-0.0011081125770094,0.028025465228686874,0.0606011692596163,S2
02064000,dPL,0.0306534466027359,0.0119027617011346,0.02764207976205,0.0172694736056857,0.0115613367373037,2026.0,0.0190921098654322,0.0003414249638309004,-0.0029213298508907,0.027080307438411277,0.0606011692596163,S2
02065500,IC,0.1702485828718458,0.0579823305069824,0.247776108534127,0.0891995034605946,0.025189444853478,,0.1450591380183678,0.0327928856535044,-0.0149019137335282,0.02842632513189336,0.0617139970732649,S2
02065500,dPL,0.0370488574565681,0.0100408406203029,0.0498899817466735,0.0151540120442708,0.0110307238016595,42.0,0.0260181336549086,-0.0009898831813566003,0.0014790748142987,0.02520166407636315,0.0617139970732649,S2
02065500,dPL,0.049040527853161,0.011589799603195,0.036669543811253,0.0208818912506103,0.0147117845580491,123.0,0.0343287432951119,-0.0031219849548541,0.0008083800786737,0.02831132715956719,0.0617139970732649,S2
02065500,dPL,0.0368955475890348,0.0119247346658277,0.0279790163040161,0.0111563364664713,0.0101447797942209,2026.0,0.0267507677948139,0.0017799548716067991,-6.927322976024719e-06,0.02779849426262515,0.0617139970732649,S2
02069700,IC,0.0884108863002062,0.0526598180396333,0.1353198329464898,0.1343902876695552,0.055205316301426,,0.0332055699987802,-0.002545498261792699,-0.000630616870442,0.028677804774148608,0.0533951587612168,S2
02069700,dPL,0.0581141528543304,0.0206557995962976,0.0332933664321899,0.0273555517196655,0.0183626028773828,42.0,0.0397515499769476,0.0022931967189148,0.0013736021604068,0.02534568229656564,0.0533951587612168,S2
02069700,dPL,0.0750690594920105,0.0118562310522877,0.0390311224120003,0.0323162078857421,0.0254449767147753,123.0,0.04962408277723519,-0.013588745662487599,0.0016017745973624,0.028565637813913414,0.0533951587612168,S2
02069700,dPL,0.0730570649058826,0.0139090290497361,0.026672871907552,0.0235895041761727,0.0216908059790982,2026.0,0.0513662589267844,-0.007781776929362098,0.0014784442712694,0.02837026680811927,0.0533951587612168,S2
02070000,IC,0.1024647962807486,0.045499945563626,0.106763105983646,0.0508136185003545,0.0169246989958135,,0.0855400972849351,0.0285752465678125,-0.0005306514283166,0.018910543746150976,0.0508621647943431,S2
02070000,dPL,0.0376526343314527,0.029926514448001,0.0190173757487329,0.0241312227751079,0.0247312033103929,42.0,0.012921431021059804,0.0051953111376081,0.0011890567815352,0.021881506124644567,0.0508621647943431,S2
02070000,dPL,0.0398200653526877,0.0126090355296382,0.0309743625777108,0.0260109889010588,0.0232760956575971,123.0,0.016543969695090602,-0.010667060127958898,-0.0010769239682896,0.02443124880940839,0.0508621647943431,S2
02070000,dPL,0.0409675293138765,0.0190236521404637,0.0191638946533203,0.0163686275482177,0.0282375011392081,2026.0,0.012730028174668395,-0.0092138489987444,-0.0003297316916411,0.0245926122457244,0.0508621647943431,S2
02074500,IC,0.0612044521039845,0.0500623157985451,0.0612262434678246,0.0467158862398504,0.0132194740978557,,0.0479849780061288,0.036842841700689404,-0.0019796275280052,0.024545608583271594,0.0524690208413809,S2
02074500,dPL,0.0246882263008763,0.0203449904973429,0.019651995207134,0.0169126902307782,0.0152343526170354,42.0,0.0094538736838409,0.0051106378803075,-0.0046142866112769,0.022780487075293454,0.0524690208413809,S2
02074500,dPL,0.0265587491302591,0.0191832586529053,0.0284507327609592,0.0228631496429443,0.0115725743789508,123.0,0.014986174751308302,0.007610684273954501,-0.0090788028136249,0.024323984912161034,0.0524690208413809,S2
02074500,dPL,0.0200530156047489,0.0083445131723958,0.0195964745112827,0.0136621935026986,0.0146449895118272,2026.0,0.005408026092921701,-0.006300476339431399,-0.0089704553692003,0.023533516685902645,0.0524690208413809,S2
02077200,IC,0.0689835251044624,0.0377356904210082,0.104045270270645,0.063041822631275,0.0428060801046259,,0.0261774449998365,-0.005070389683617699,-0.0037881736314111,0.012929087568601116,0.0489889008542847,S1
02077200,dPL,0.0520549283878669,0.0237842609827723,0.029974068914141,0.0296961947491294,0.0192362194094168,42.0,0.0328187089784501,0.004548041573355498,-0.0052833582513912,0.017997438661027765,0.0489889008542847,S1
02077200,dPL,0.0481601730999498,0.0198180110650894,0.0314949688158536,0.028254210948944,0.0178806879288396,123.0,0.030279485171110197,0.0019373231362497974,-0.0073455483726581,0.014887157503699955,0.0489889008542847,S1
02077200,dPL,0.0481397774275804,0.0242416024416686,0.0495141148567199,0.0321869490047295,0.0226924505414045,2026.0,0.025447326886175903,0.001549151900264098,-0.0137950190902006,0.015787303093842908,0.0489889008542847,S1
02081500,IC,0.0968834472249849,0.0314277272251951,0.2383174456407127,0.061521235013374,0.0602342615056062,,0.0366491857193787,-0.0288065342804111,-0.0066416165127651,0.012952051238380391,0.0436247713972968,S1
02081500,dPL,0.0269579541630268,0.0105961105601133,0.0154698267579078,0.0118451436360678,0.011671278640807,42.0,0.0152866755222198,-0.0010751680806936996,-0.0029309538884811,0.013924965000124967,0.0436247713972968,S1
02081500,dPL,0.0395060929245613,0.0187808064271444,0.0239571301560652,0.0177150964736938,0.0143565679868115,123.0,0.0251495249377498,0.004424238440332901,-0.0059460383155499,0.013442520958554804,0.0436247713972968,S1
02081500,dPL,0.0252288477518848,0.0152026263289787,0.0154068963281039,0.0342245187078203,0.0155212770684874,2026.0,0.0097075706833974,-0.00031865073950869925,-0.0114476070345211,0.014079368681485183,0.0436247713972968,S1
02082950,IC,0.12684030347634,0.0306569817511735,0.2033622116930042,0.0693359774756204,0.0765219082166642,,0.05031839525967581,-0.0458649264654907,-0.017730074855666,-0.00315868223927529,0.0329927432325966,S1
02082950,dPL,0.0457973715710121,0.0332102330348211,0.0300067477756076,0.0292281256781683,0.0260133277489453,42.0,0.0197840438220668,0.007196905285875802,-0.0056798545817766,0.008886602162741175,0.0329927432325966,S1
02082950,dPL,0.0438845122589731,0.0136189447388652,0.0334277682834201,0.0197583436965942,0.0225179737200256,123.0,0.021366538538947502,-0.008899028981160398,-0.0069414750481324,0.005488623527510339,0.0329927432325966,S1
02082950,dPL,0.035604317220079,0.0199628130241036,0.0099225897538034,0.0235545635223388,0.0221499459447187,2026.0,0.0134543712753603,-0.0021871329206150994,-0.0123671518028982,0.004682221161728006,0.0329927432325966,S1
02092500,IC,0.0114047820389425,0.2511119752937563,0.0811326885213349,0.1449084127386779,0.0408803533849024,,-0.029475571345959902,0.2102316219088539,-0.0107363207745052,-0.031459906419335604,0.0120832517590196,S1
02092500,dPL,0.0399544046577161,0.0313579238622848,0.0367309168765419,0.0260486602783203,0.0351086500826017,42.0,0.004845754575114401,-0.0037507262203168995,-0.0327721312736414,-0.018610594985645657,0.0120832517590196,S1
02092500,dPL,0.0285855913435861,0.0238500264993939,0.0321627727576664,0.0200452346068162,0.0238560447375363,123.0,0.004729546606049802,-6.018238142398158e-06,-0.0184191199509654,-0.030192119688584818,0.0120832517590196,S1
02092500,dPL,0.0171683213804344,0.025532468663104,0.0308689520909236,0.0345943681895732,0.0382615008201106,2026.0,-0.021093179439676202,-0.0127290321570066,-0.012171089630771,-0.02166512636377127,0.0120832517590196,S1
02096846,IC,0.0902557345541344,0.1918618058421314,0.1612657623206366,0.2465503794696287,0.0546885736274973,,0.035567160926637094,0.1371732322146341,-0.0047783151916127,0.0054191645264374255,0.0392525452032849,S1
02096846,dPL,0.0609617944997338,0.0239777318974697,0.0293947007921007,0.0196905348036023,0.0213661843031031,42.0,0.0395956101966307,0.0026115475943666,-0.0017624660864856,0.012723436433965007,0.0392525452032849,S1
02096846,dPL,0.0540540930074242,0.0082573104749816,0.0477536519368489,0.0345936843327113,0.0224148286868514,123.0,0.0316392643205728,-0.0141575182118698,-0.0054369218700324,0.010074756338807167,0.0392525452032849,S1
02096846,dPL,0.0487166758817223,0.0061136156676013,0.0193263377462114,0.032276490638996,0.0213566858162061,2026.0,0.0273599900655162,-0.0152430701486048,-0.0089059957348868,0.013899947333975593,0.0392525452032849,S1
02102908,IC,0.0203976017614488,0.0738478220972962,0.0946078985720778,0.1071189020926195,0.0302160384275168,,-0.009818436666068,0.043631783669779406,-0.0020842451119109,-0.006593235921206642,0.0235111757954398,S1
02102908,dPL,0.0155753676020974,0.0131609963159777,0.0205463409423828,0.0126566886901855,0.019330410409945,42.0,-0.0037550428078476014,-0.006169414093967301,-0.0017636623362926,0.006673950217572555,0.0235111757954398,S1
02102908,dPL,0.0233658738491164,0.0152185912283704,0.0161418914794921,0.0105914427683903,0.0166979079604975,123.0,0.006667965888618902,-0.0014793167321270981,-0.000834845021479,0.00861310393401915,0.0235111757954398,S1
02102908,dPL,0.0147579714077877,0.0223356671688186,0.0129480573866102,0.0128923929654634,0.0132809467670547,2026.0,0.001477024640733,0.009054720401763902,-0.0002225251417248,0.007980094896927192,0.0235111757954398,S1
02108000,IC,0.0681826938591344,0.0573560229331412,0.1326233143307446,0.1109891767167298,0.0828935063303543,,-0.0147108124712199,-0.025537483397213102,-0.0398108945513189,-0.03528009750854766,0.0092819261110396,S1
02108000,dPL,0.0128075269916956,0.0097073025605168,0.0120693445205688,0.0071964506059885,0.0095485574231952,42.0,0.0032589695685004,0.00015874513732160034,-0.0151236372537654,-0.010396810796616474,0.0092819261110396,S1
02108000,dPL,0.007606425688595,0.013073194370385,0.0064197964138454,0.0065518052954422,0.0069813232355661,123.0,0.0006251024530288998,0.0060918711348189,-0.012576640920361,-0.0034745873611700118,0.0092819261110396,S1
02108000,dPL,0.0057132266849835,0.0132706125068541,0.0078088962114774,0.0060978018004319,0.0072679818384704,2026.0,-0.0015547551534869,0.0060026306683837,-0.0047812121156683,-0.0015634876418518795,0.0092819261110396,S1
02111180,IC,0.1080917538472995,0.0817215730801734,0.1611097289000311,0.0682354329020185,0.0530179750527315,,0.05507377879456799,0.0287035980274419,-0.0002037624402019,0.02344466573324,0.0460568781002514,S1
02111180,dPL,0.0786312916944641,0.0398793569562774,0.0475624296400282,0.0366060648645673,0.0179856072370832,42.0,0.0606456844573809,0.0218937497191942,0.0010793113154048,0.021556807565892067,0.0460568781002514,S1
02111180,dPL,0.0767369978034051,0.038711050991219,0.0599586062961154,0.051989129611424,0.0304361928765956,123.0,0.04630080492680949,0.0082748581146234,0.0003327802353676,0.02445025494470965,0.0460568781002514,S1
02111180,dPL,0.0663759471173032,0.0417861162751588,0.027699589729309,0.0541687435574,0.0364362071533848,2026.0,0.029939739963918396,0.005349909121773994,0.0004688719136756,0.024383548410016886,0.0460568781002514,S1
02111500,IC,0.1468997322879373,0.0811004465907649,0.1132815991413715,0.1167887535479581,0.0228253393815176,,0.1240743929064197,0.05827510720924731,-0.0010951195484012,0.03413224920908475,0.0523692516718814,S2
02111500,dPL,0.049017890870716,0.0445342650641048,0.0356201171874999,0.0327777438693577,0.0297895893732673,42.0,0.0192283014974487,0.0147446756908375,0.0004991175625347,0.029793494464805947,0.0523692516718814,S2
02111500,dPL,0.0618674904398371,0.0314748436254767,0.0469156901041666,0.0317217152694175,0.029482455153689,123.0,0.0323850352861481,0.0019923884717877004,-0.0012777788950629,0.03326383580316561,0.0523692516718814,S2
02111500,dPL,0.0542782366468488,0.0227474889627177,0.0193016443933759,0.0318845113118489,0.0367480496758202,2026.0,0.017530186971028594,-0.014000560713102503,-0.0013111444489132,0.03454456861473554,0.0523692516718814,S2
02112120,IC,0.1418451769961533,0.083905418652005,0.0944472158162988,0.1435630235874554,0.0613271792788174,,0.08051799771733589,0.0225782393731876,-0.0035958282728079,0.032807876476162345,0.0524049751607388,S2
02112120,dPL,0.0510013307986538,0.0354333337331391,0.0320047264297803,0.0429693334981014,0.0331170731276134,42.0,0.017884257671040397,0.0023162606055256996,0.0010014807572215,0.0305974794184648,0.0524049751607388,S2
02112120,dPL,0.0675408547432293,0.0218059531011704,0.0451006633894783,0.0216721892356872,0.0345930544312372,123.0,0.0329478003119921,-0.012787101330066795,-0.0007983559619157,0.033315363573422796,0.0524049751607388,S2
02112120,dPL,0.0549343818870491,0.0207189772541986,0.0291732788085937,0.0297990015574863,0.0295878856666907,2026.0,0.025346496220358398,-0.008868908412492101,-0.0003476187275643,0.03434554201828033,0.0524049751607388,S2
02112360,IC,0.1312540151143918,0.0651677419739482,0.1575523354199878,0.0903631909438865,0.0402480452825679,,0.09100596983182391,0.0249196966913803,-0.0063356595366036,0.03404636616355805,0.0531136274470014,S2
02112360,dPL,0.0375674949841707,0.0317502082729994,0.0250069921215375,0.0328578948974609,0.0306583330267411,42.0,0.006909161957429605,0.0010918752462583045,0.000928268107063,0.034182013918095056,0.0531136274470014,S2
02112360,dPL,0.0449538192675904,0.0179608653933804,0.0452705383300781,0.0222161187065972,0.0281916373774578,123.0,0.0167621818901326,-0.010230771984077399,8.620001052839221e-06,0.036633125069670425,0.0531136274470014,S2
02112360,dPL,0.040936901348072,0.0134505616383761,0.0261316935221354,0.0265810745103018,0.0351775796414318,2026.0,0.0057593217066402025,-0.021727018003055695,0.0005690901226256,0.03646804594883224,0.0531136274470014,S2
02118500,IC,0.0728912063504726,0.0561824138324764,0.2000588428202319,0.1054432371745555,0.0953983102524804,,-0.022507103902007802,-0.039215896420004,-0.0048065458557515,0.02578661537757576,0.0413708350211441,S1
02118500,dPL,0.0346818176616371,0.0117160520037536,0.0185218027659824,0.0245400746663411,0.0129945735560036,42.0,0.021687244105633503,-0.0012785215522500004,-0.0021271249089676,0.025369228216380213,0.0413708350211441,S1
02118500,dPL,0.0292731205606217,0.0081190839123617,0.0157026822368304,0.0321277667736185,0.0107066363373274,123.0,0.0185664842232943,-0.0025875524249657014,-0.0037311744744668,0.02678768534829523,0.0413708350211441,S1
02118500,dPL,0.0358497586476315,0.0079468806600813,0.0169391694821809,0.021090425294021,0.0143928133729417,2026.0,0.0214569452746898,-0.006445932712860399,-0.0077392737402408,0.02705670971138241,0.0413708350211441,S1
02125000,IC,0.0551315349117843,0.0614815172467492,0.0528410267933354,0.2236975155541658,0.135599769191465,,-0.0804682342796807,-0.0741182519447158,-0.0103677563230381,-0.05707876979082627,0.0247912331690011,S1
02125000,dPL,0.0193900275982908,0.0218258402898208,0.0112247878107531,0.0260963439941406,0.0134634852501998,42.0,0.005926542348090999,0.008362355039620998,-0.0070828473322894,0.014825384391705776,0.0247912331690011,S1
02125000,dPL,0.0303041777126922,0.0310513889280587,0.0201429724693298,0.0145864698621961,0.0151177362028915,123.0,0.015186441509800698,0.015933652725167197,-0.007946383309855,0.013962604262438005,0.0247912331690011,S1
02125000,dPL,0.0131108370866615,0.0239010928340799,0.0130140781402587,0.0349849462509155,0.0235315440389447,2026.0,-0.0104207069522832,0.00036954879513520153,-0.0187349631057446,0.015828235208332986,0.0247912331690011,S1
02128000,IC,0.0752167574925022,0.1463392437555997,0.1471782500531893,0.2691764807299244,0.0442753155822487,,0.030941441910253498,0.102063928173351,-0.0124292812670733,-0.006441804455597611,0.0256704433801346,S1
02128000,dPL,0.0292467433983311,0.0205590426608263,0.0197739350168328,0.0253858778211805,0.0093378931636423,42.0,0.019908850234688802,0.011221149497184,-0.0107996787715916,0.01113986740651518,0.0256704433801346,S1
02128000,dPL,0.0335535540349381,0.0173782428217164,0.0290094103131975,0.0324426026179872,0.0097886066698679,123.0,0.023764947365070198,0.007589636151848498,-0.0129486979870472,0.00827965720039281,0.0256704433801346,S1
02128000,dPL,0.0265088356466829,0.0189804157498691,0.0110739966233571,0.0369121551513672,0.0090982570341979,2026.0,0.017410578612485,0.009882158715671201,-0.0176289505607852,0.013635112316617182,0.0256704433801346,S1
02137727,IC,0.1151084408195945,0.0507583346450613,0.0763941345467669,0.0671708098047699,0.0576960482822574,,0.0574123925373371,-0.0069377136371961,-0.001461049480915,0.014290797084876239,0.0405315310761795,S1
02137727,dPL,0.0702319092097027,0.0490963709454664,0.0409066677093505,0.0291289078561883,0.0228457477888803,42.0,0.047386161420822394,0.0262506231565861,-0.0002055562483491,0.00828263391624362,0.0405315310761795,S1
02137727,dPL,0.0770267407630557,0.0473933794495511,0.0416230943467882,0.0493097517225477,0.0244550583003777,123.0,0.052571682462678,0.022938321149173397,-0.0026548176842468,0.01772236909379643,0.0405315310761795,S1
02137727,dPL,0.0640659506273064,0.0441067892170266,0.0281185225436562,0.0548207759857177,0.023824456285646,2026.0,0.0402414943416604,0.020282332931380598,-0.0025137923610452,0.016046099633748034,0.0405315310761795,S1
02140991,IC,0.1125024486497538,0.0761605129201177,0.0889513064151754,0.0404961764387795,0.0273111133240933,,0.0851913353256605,0.048849399596024405,0.0013463980347901,0.011158299670396166,0.0420384668349782,S1
02140991,dPL,0.0758058746536735,0.0496170764651384,0.0422843085394965,0.0378147959709167,0.0362381815791293,42.0,0.0395676930745442,0.013378894886009102,0.0009264983033189,0.009791882612077196,0.0420384668349782,S1
02140991,dPL,0.0723207734066457,0.0385325034428879,0.045646243625217,0.0402774555342537,0.0398051509977428,123.0,0.03251562240890289,-0.0012726475548548999,0.0001367191422303,0.012892808152402568,0.0420384668349782,S1
02140991,dPL,0.0574821354298348,0.0420011649156031,0.0207561529599703,0.0510583519935607,0.0393115509743027,2026.0,0.0181705844555321,0.002689613941300399,0.0008194310877029,0.013538235714592117,0.0420384668349782,S1
02143000,IC,0.0864221246678587,0.1472547524807249,0.0920119564631781,0.2727270235954082,0.1361104199474335,,-0.0496882952795748,0.01114433253329139,-0.001171116042805,0.01298694623076957,0.0313262156816952,S1
02143000,dPL,0.0382016598503497,0.0359355931972843,0.0236704448858897,0.039341820610894,0.028647375848359,42.0,0.009554284001990699,0.0072882173489253015,-0.0017316431429174,0.017864652922531365,0.0313262156816952,S1
02143000,dPL,0.0465545115138926,0.0266933582189115,0.018555998802185,0.0289251208305358,0.024161385943951,123.0,0.0223931255699416,0.002531972274960499,-0.004608227176169,0.017242403108143955,0.0313262156816952,S1
02143000,dPL,0.0398764977377827,0.0180609112417051,0.0184265630585806,0.0355368001120431,0.0249780308195529,2026.0,0.0148984669182298,-0.0069171195778478,-0.0066475016406918,0.019944766103941802,0.0313262156816952,S1
02143040,IC,0.0528000168612332,0.177122027495484,0.0536902335739331,0.1756749464989704,0.0693731240102704,,-0.016573107149037203,0.1077489034852136,-0.0004954318647677,0.016526532409082195,0.0345610698452001,S1
02143040,dPL,0.0520141239465491,0.029793088981865,0.0424775865342882,0.0332480536566839,0.0173488016921678,42.0,0.0346653222543813,0.012444287289697202,-0.0003952451645899,0.01592173950050335,0.0345610698452001,S1
02143040,dPL,0.0553255185602551,0.0171838893949923,0.0524496180670601,0.0280078147587022,0.0222690825888682,123.0,0.033056435971386904,-0.0050851931938759,-0.002412515101832,0.015789449490716367,0.0345610698452001,S1
02143040,dPL,0.0383022846647302,0.0210164495522665,0.0334346890449523,0.0409456661769321,0.0246897758909265,2026.0,0.0136125087738037,-0.0036733263386600004,-0.0035658663227292,0.018159402233188238,0.0345610698452001,S1
02149000,IC,0.135654710286386,0.0247477265328509,0.1433920057405996,0.1068464915272095,0.0601784061863899,,0.07547630409999612,-0.035430679653539,-0.0129930461325527,0.011238359933271158,0.029590457635321,S1
02149000,dPL,0.052810879379484,0.040870178814707,0.0257841110229492,0.036386816125167,0.0288251226113632,42.0,0.023985756768120797,0.012045056203343802,-0.0030943872478688,-0.0016627737133416698,0.029590457635321,S1
02149000,dPL,0.0565604704034888,0.0307932591471327,0.030770534939236,0.0350729056767055,0.0312774909591573,123.0,0.0252829794443315,-0.00048423181202460197,-0.0080624636617442,0.0045835506199471965,0.029590457635321,S1
02149000,dPL,0.0495409752615715,0.0265442510913611,0.0180103449985898,0.0226035288402012,0.0356732559104137,2026.0,0.013867719351157805,-0.009129004819052596,-0.0048427687217817,0.004645875574470826,0.029590457635321,S1
02152100,IC,0.0864941116137372,0.152293331203143,0.126883206652165,0.1460799619267149,0.0495778469820813,,0.0369162646316559,0.1027154842210617,-0.002205716463721,-0.008885541823948184,0.0300807469143999,S1
02152100,dPL,0.0478441314159884,0.0332823116061014,0.0324223935604095,0.0340365939670139,0.0222176833775422,42.0,0.0256264480384462,0.0110646282285592,-0.0008672269771564,0.012567741395969945,0.0300807469143999,S1
02152100,dPL,0.0544598522409965,0.0239296000752693,0.0407044376645769,0.0318648985454014,0.0338173816002445,123.0,0.020642470640751996,-0.0098877815249752,-0.0043357395486067,0.012308494564609807,0.0300807469143999,S1
02152100,dPL,0.0524265117211243,0.0233260159324376,0.0246205329895019,0.0302275589534214,0.0290653328987355,2026.0,0.023361178822388803,-0.005739316966297897,-0.0063059408697934,0.014484657560262737,0.0300807469143999,S1
02177000,IC,0.0702759936446988,0.0748968068429278,0.0664766563245867,0.1046723144095412,0.0380978141961895,,0.0321781794485093,0.03679899264673829,-0.0020344325124375,0.001076734798266199,0.0267395574591906,S1
02177000,dPL,0.0301960095723044,0.0356204193292895,0.0395165640732337,0.0342851671679266,0.0201561625100218,42.0,0.0100398470622826,0.015464256819267698,-0.000470913620883,-0.006896347972180195,0.0267395574591906,S1
02177000,dPL,0.0534593275649683,0.0460975070044682,0.0515614057842054,0.0377894083658854,0.0156148575406249,123.0,0.0378444700243434,0.030482649463843298,-0.0006238344856354,0.0009397463320053312,0.0267395574591906,S1
02177000,dPL,0.035317612675815,0.0340412329310037,0.0327948927879333,0.0394685779299054,0.0117018221105613,2026.0,0.0236157905652537,0.022339410820442402,-0.0050152680746068,-0.004234359040594993,0.0267395574591906,S1
02178400,IC,0.0889242860039158,0.0634923883336686,0.0826993112420448,0.0511698553592379,0.0319051275177879,,0.0570191584861279,0.0315872608158807,3.593762277043222e-05,0.005355524763251407,0.033836252850455,S1
02178400,dPL,0.0428359192741671,0.0399554202091301,0.0409754514694213,0.0323966864881844,0.0173198241494381,42.0,0.025516095124729,0.022635596059692002,0.0009697520917627,-0.00320197640384845,0.033836252850455,S1
02178400,dPL,0.0474758719486085,0.0351516671823506,0.0392418674060276,0.0262204488118489,0.021887903509896,123.0,0.0255879684387125,0.013263763672454597,0.0014892973676512,0.00043444586172480815,0.033836252850455,S1
02178400,dPL,0.0447030233041575,0.0411205762162691,0.0364573026958264,0.0343490839004516,0.0192052687475407,2026.0,0.0254977545566168,0.0219153074687284,-0.0015887546017332,-0.0035720994324024424,0.033836252850455,S1
02193340,IC,0.0431294050105356,0.022557664440339,0.1678663775655575,0.1676331243469636,0.1073178358593101,,-0.06418843084877449,-0.0847601714189711,0.001470215901356,0.005161722361620158,0.0127448828346305,S1
02193340,dPL,0.0314621389943423,0.0142376725934076,0.0156607439643458,0.0223226679695977,0.014958608937192,42.0,0.016503530057150297,-0.0007209363437843987,-0.0025042235364975,0.0026307451785477776,0.0127448828346305,S1
02193340,dPL,0.0268060471258085,0.0097634523982852,0.0200787594443873,0.0194217829868711,0.0127888084098276,123.0,0.0140172387159809,-0.003025356011542399,-0.0069937717847272,0.0025184306642683785,0.0127448828346305,S1
02193340,dPL,0.0258110662235348,0.0087307698505068,0.0112520005967882,0.0137473636203342,0.0118057719226486,2026.0,0.0140052943008862,-0.0030750020721417998,-0.0132966887001896,0.0022403723569811573,0.0127448828346305,S1
02196000,IC,0.049918185808349,0.0745261661786179,0.1452767363735685,0.1196144207796492,0.0700103515502531,,-0.020092165741904103,0.004515814628364798,-0.0026692421620602,-0.007040024780183618,0.014697822503637,S1
02196000,dPL,0.0097322506024186,0.0157779413150008,0.0156447516547308,0.0154657382518053,0.0063009206481884,42.0,0.0034313299542302004,0.0094770206668124,0.0005958250903539,-0.00654347278905365,0.014697822503637,S1
02196000,dPL,0.0079019294914602,0.0139408731557147,0.0068103841372899,0.0121118520435534,0.0067727774697378,123.0,0.0011291520217223995,0.0071680956859769,0.0012596198790707,-0.008460557199058583,0.014697822503637,S1
02196000,dPL,0.0072007939299749,0.0140829573868628,0.0136971323113692,0.0105535984039306,0.0064912968281573,2026.0,0.0007094971018175994,0.0075916605587055,-0.0008482728874827,-0.003897855973084452,0.014697822503637,S1
02198100,IC,0.0424167131869531,0.107507224201298,0.0670199300408292,0.1874987248366555,0.0729894808239666,,-0.030572767637013498,0.034517743377331406,0.0006230244800636,-0.023074225415439353,0.0030935926215692,S1
02198100,dPL,0.0198266723849065,0.0133263463881487,0.0128141376707288,0.0058662891387939,0.0085717832424815,42.0,0.011254889142425,0.0047545631456672,-0.0119144588717652,-0.0035914767714864126,0.0030935926215692,S1
02198100,dPL,0.0114911061621464,0.010987033297154,0.0092593619697972,0.0087776448991563,0.0102985894113868,123.0,0.0011925167507595997,0.0006884438857671996,-0.0040370210677304,-0.003336759387071231,0.0030935926215692,S1
02198100,dPL,0.0132931201229382,0.0055695515967166,0.0103042594024113,0.0072547912597655,0.0057782023737651,2026.0,0.0075149177491731,-0.00020865077704850053,-0.0037731938850852,-0.0034187609286240317,0.0030935926215692,S1
02202600,IC,0.0786612574260929,0.0861591232031436,0.1583885563443923,0.1056112727579552,0.1695871052196411,,-0.0909258477935482,-0.0834279820164975,-0.0247980234509164,-0.03162083375226599,0.000456804897604,S1
02202600,dPL,0.0149122247602532,0.0100904143456219,0.0155872344970703,0.0074087952574094,0.0128425526299193,42.0,0.0020696721303339015,-0.0027521382842973993,-0.0147198128746627,-0.0005195380493620005,0.000456804897604,S1
02202600,dPL,0.0125428378889653,0.0067254570496906,0.0097191425470205,0.0030202653672959,0.0126027226130685,123.0,-5.988472410320064e-05,-0.0058772655633779,-0.0079241855331023,-0.004899602260580838,0.000456804897604,S1
02202600,dPL,0.0075251858793025,0.0066571615551865,0.0101208686828613,0.0042088960346423,0.0108660575898288,2026.0,-0.0033408717105263006,-0.0042088960346423005,-0.0080186586828475,-0.007110292908354743,0.000456804897604,S1
02212600,IC,0.0273646469992433,0.0093598029674801,0.0463021663255014,0.0246065432559692,0.0106953228030851,,0.0166693241961582,-0.0013355198356050004,-0.0028542131867611,0.0013526732894073579,0.0090237999831922,S1
02212600,dPL,0.0231640413973487,0.0252306712501342,0.0147293743334318,0.0172800650963416,0.012326949797132,42.0,0.0108370916002167,0.012903721453002202,-0.001594255581659,-0.004405537480130617,0.0090237999831922,S1
02212600,dPL,0.0199175317760378,0.0163590035118412,0.0095818544688977,0.0096539793343379,0.0095595790219386,123.0,0.010357952754099198,0.006799424489902598,-0.0033687946925885,0.0004280569004115886,0.0090237999831922,S1
02212600,dPL,0.0232867347366516,0.020525302081885,0.0163650696094219,0.0085555182562934,0.011234341638727,2026.0,0.0120523930979246,0.009290960443158,-0.0064195657320283,-6.537003209983183e-05,0.0090237999831922,S1
02215100,IC,0.0367323938124408,0.0324811728269249,0.0164760888282938,0.0573866099098338,0.0415196123697934,,-0.004787218557352604,-0.009038439542868502,-0.0103284432545041,-0.015488134087600192,0.0010333057458655,S1
02215100,dPL,0.0160287941057148,0.026661744814245,0.0125697085731907,0.0101517125179892,0.0161153686581343,42.0,-8.657455241949802e-05,0.0105463761561107,-0.0068575493931554,-0.004281138387563055,0.0010333057458655,S1
02215100,dPL,0.0095716222967686,0.0335473250573207,0.0174585293079244,0.0106868743896484,0.017694625816267,123.0,-0.008123003519498401,0.0158526992410537,-0.0042434324565562,-0.00642142691769465,0.0010333057458655,S1
02215100,dPL,0.0197644656198218,0.019767896941705,0.0184327363967895,0.0097025724557729,0.0168111461293694,2026.0,0.0029533194904524003,0.002956750812335599,-0.0085899094844182,-0.0026445525343866683,0.0010333057458655,S1
02216180,IC,0.0204047549872626,0.2459207678049977,0.0461288510340892,0.3201923570136534,0.0269136908031858,,-0.006508935815923201,0.21900707700181188,-0.0063143066406988,-0.03358716565419595,0.000534865436369,S1
02216180,dPL,0.0194861591955468,0.021187182506248,0.0101048363579644,0.0172564612494574,0.0185980361820715,42.0,0.0008881230134753018,0.002589146324176502,-0.0013585575289759,-0.001969293408853545,0.000534865436369,S1
02216180,dPL,0.0244224679211623,0.0098412139601342,0.0076844294865926,0.0100876469361154,0.018263007573542,123.0,0.006159460347620299,-0.0084217936134078,-0.0021999411630787,-0.0018007824952739337,0.000534865436369,S1
02216180,dPL,0.018405854664391,0.0103588109663133,0.0093520098719103,0.0084640079074436,0.0180520916380855,2026.0,0.00035376302630549944,-0.007693280671772201,-0.0070987285901528,-0.0028217911518771954,0.000534865436369,S1
02221525,IC,0.0139733373217172,0.0152730854140858,0.1179346273036869,0.0163437045226348,0.1326320439766521,,-0.1186587066549349,-0.1173589585625663,-0.0016780171950961,-0.002228846494347958,0.0095385192188569,S1
02221525,dPL,0.0161640989109943,0.0127082013832872,0.0108429603278636,0.0160161256790161,0.0090658476465814,42.0,0.007098251264412899,0.0036423537367057997,-0.0006700047617324,0.00232542976532657,0.0095385192188569,S1
02221525,dPL,0.0130001373744736,0.0170708254763082,0.0109515871320451,0.0172585248947143,0.0086762783709223,123.0,0.004323859003551299,0.008394547105385898,-0.0032357620192543,-0.0017866799657108023,0.0095385192188569,S1
02221525,dPL,0.0227047178599426,0.0104484262521328,0.0112463926014147,0.0154396057128906,0.0107359464111815,2026.0,0.011968771448761099,-0.00028752015904870074,-0.0037044771407479,0.0017164144177381768,0.0095385192188569,S1
02231000,IC,0.0271431092293075,0.1023276581134932,0.0862549065841777,0.1384335302928762,0.2107851301929649,,-0.18364202096365742,-0.1084574720794717,-0.0093712279575255,-0.019559084773797197,0.0002359180653982,S1
02231000,dPL,0.0092481735366232,0.0212601123177004,0.0147489951207087,0.0199393245081106,0.0192873220148835,42.0,-0.0100391484782603,0.0019727903028168986,-0.0064988620756514,-0.013295524518489255,0.0002359180653982,S1
02231000,dPL,0.0207309422202739,0.0182116587221215,0.0132264409746443,0.0070367317933302,0.008726124018744,123.0,0.012004818201529899,0.0094855347033775,-0.0146513449096907,-0.003366007908628621,0.0002359180653982,S1
02231000,dPL,0.007871271370162,0.0136863713522314,0.0077832963731553,0.0106018154244673,0.0126637682818526,2026.0,-0.0047924969116906,0.0010226030703788004,-0.0114088705235909,-0.005665178452192388,0.0002359180653982,S1
02245500,IC,0.0549869133844851,0.0190801020048752,0.1220017026368309,0.0243930853122825,0.070776786244652,,-0.0157898728601669,-0.0516966842397768,-0.0178214805498351,-0.0020530428865458417,0.0004366285424588,S1
02245500,dPL,0.0282194346734221,0.0134548978946239,0.0125753614637587,0.0142931938171386,0.0211943364532493,42.0,0.007025098220172801,-0.007739438558625401,-0.0105238287023258,-0.008117124759448813,0.0004366285424588,S1
02245500,dPL,0.0114614330150238,0.0094406183949811,0.009854749629372,0.0071285727123419,0.012004464745769,123.0,-0.0005430317307451998,-0.0025638463507879003,-0.0062618179478604,-0.0018349041678079603,0.0004366285424588,S1
02245500,dPL,0.0140660652322065,0.0059538933902121,0.0174950069851346,0.0109599138561048,0.0191145732045125,2026.0,-0.005048507972306,-0.0131606798143004,-0.0084169389030096,-0.0052527870790040065,0.0004366285424588,S1
02246000,IC,0.0478190698240402,0.235754575347057,0.0601874776975244,0.2383068151300682,0.0520340166785355,,-0.004214946854495298,0.1837205586685215,-0.0051697357724566,-0.029069210963291625,0.0003326922230974,S1
02246000,dPL,0.020076840050369,0.0209228316985295,0.0084034969932154,0.0160180409749349,0.0269879435581484,42.0,-0.0069111035077794,-0.006065111859618898,-0.0119887777305688,-0.01083184902679557,0.0003326922230974,S1
02246000,dPL,0.0209911386214421,0.0129849511680333,0.0094650268554687,0.0093252817789713,0.0207821687144556,123.0,0.00020896990698649962,-0.007797217546422298,-0.0051473562749999,-0.005650413866920001,0.0003326922230974,S1
02246000,dPL,0.0214320906009342,0.0137394763611276,0.019961420694987,0.0089726949992932,0.0262507851568392,2026.0,-0.004818694555905001,-0.0125113087957116,-0.0156127113930143,-0.008429329464786361,0.0003326922230974,S1
02296500,IC,0.0672119332128746,0.0367250474224383,0.0525497248606443,0.028664320508631,0.0272329876142766,,0.03997894559859799,0.009492059808161705,-0.0443627001291356,-0.00979584136173739,0.0,S1
02296500,dPL,0.0199588697593411,0.0109917032825616,0.0142925686306423,0.013279300265842,0.0069722150662075,42.0,0.012986654693133601,0.0040194882163540994,-0.011785864846379,-0.00655903361216803,0.0,S1
02296500,dPL,0.0068073516831335,0.0061240021705731,0.0115822262234157,0.0111336143393265,0.0071907883629735,123.0,-0.0003834366798400003,-0.0010667861924004004,-0.0096973740587777,-0.0027015914284109765,0.0,S1
02296500,dPL,0.0118488576122346,0.0082993856106831,0.0117417653401692,0.0061876085069444,0.0062446940052178,2026.0,0.005604163607016801,0.002054691605465301,-0.0073100803845853,-0.002231991121533383,0.0,S1
02297155,IC,0.0675908061929796,0.0252942682426555,0.1108662460790275,0.0972723892477449,0.0432754398860478,,0.02431536630693179,-0.017981171643392302,-0.0141147774073466,-0.005893920757779614,0.0,S1
02297155,dPL,0.0145900601085799,0.0113162412879583,0.011801274617513,0.0145000219345092,0.0249628839344637,42.0,-0.010372823825883799,-0.013646642646505398,-0.0038107779222645,-0.008338843022015818,0.0,S1
02297155,dPL,0.0147778247433619,0.0157008199724858,0.0143685432580801,0.0170092497553143,0.02417189822969,123.0,-0.0093940734863281,-0.008471078257204199,-0.0078623320701596,-0.005038416454298811,0.0,S1
02297155,dPL,0.0281533990883188,0.021876174879873,0.0119889633996145,0.0084954579671224,0.022864886380292,2026.0,0.005288512708026799,-0.0009887115004190011,-0.003788621535014,-0.005688272819088791,0.0,S1
02297310,IC,0.0318784135570194,0.2126911670755072,0.0942886691365494,0.0948213656605033,0.0523412771964957,,-0.020462863639476303,0.1603498898790115,-0.0038239518274272,-0.04213536289634756,0.0,S1
02297310,dPL,0.0296425007974998,0.0172816601256572,0.0095276236534118,0.0307374199231465,0.0335472473411517,42.0,-0.0039047465436518984,-0.0162655872154945,-0.0075538706695855,-0.011026626060039235,0.0,S1
02297310,dPL,0.0214162642386106,0.0147161301039844,0.0166843487666203,0.0054322984483506,0.0257152868356349,123.0,-0.004299022597024298,-0.010999156731650498,-0.0105809931491241,-0.00202118174514343,0.0,S1
02297310,dPL,0.02637044421791,0.0264040138375375,0.0069188435872395,0.0058241486549377,0.0194849009621089,2026.0,0.0068855432558011,0.006919112875428603,-0.0058338492708421,-0.002038396758124783,0.0,S1
02298123,IC,0.0609608910260952,0.0280484417517886,0.0377946997105004,0.0992700799417339,0.0290384081364749,,0.031922482889620296,-0.0009899663846862986,-0.0065013299484446,-0.00476945298060083,0.0,S1
02298123,dPL,0.0365565318017605,0.0297995206317537,0.0214954146317073,0.0115729040569729,0.0384182416165657,42.0,-0.0018617098148051986,-0.008618720984812,-0.0135451094702716,-0.010165427255507176,0.0,S1
02298123,dPL,0.0276871186875758,0.0309202241045613,0.0151080661349827,0.0134500715467664,0.0305177936203919,123.0,-0.0028306749328161004,0.00040243048416940125,-0.0202600759380403,-0.006917695207864782,0.0,S1
02298123,dPL,0.0279681648643547,0.0245268316420818,0.0199985928005642,0.0133512285020616,0.0218564230920201,2026.0,0.0061117417723345994,0.0026704085500617,-0.0172006015608,-0.004163711780224011,0.0,S1
02298608,IC,0.1736138269473773,0.0371260070728065,0.3100651807680011,0.1705874921299923,0.1120796585456414,,0.06153416840173588,-0.0749536514728349,-0.0101222069819013,-0.015828488255545392,0.0,S1
02298608,dPL,0.0199538198363789,0.0118076851591601,0.0131859249538845,0.0086616939968532,0.0125620783173478,42.0,0.007391741519031101,-0.0007543931581876998,-0.0033050947807862,-0.0037332429702470193,0.0,S1
02298608,dPL,0.0185251645660726,0.0162267360208443,0.0118324206425593,0.0157499525282118,0.0107235730492509,123.0,0.007801591516821698,0.0055031629715934,-0.0069894062015906,-0.0011100043156869743,0.0,S1
02298608,dPL,0.0138012977854736,0.0164883394822158,0.0093506482931283,0.0089237815455386,0.0107445411117879,2026.0,0.0030567566736857,0.0057437983704279,-0.0023048743754133,-0.0007212052179313977,0.0,S1
02299950,IC,0.0872064777363085,0.039098611480865,0.1758764345868258,0.0327831105884359,0.0495705230879823,,0.037635954648326204,-0.010471911607117301,-0.0096392325697864,-0.014493696405172174,0.0,S1
02299950,dPL,0.0231362535049619,0.0105464863951042,0.010968271891276,0.0084831237792968,0.0172126338726459,42.0,0.005923619632316,-0.006666147477541701,-0.0084101215615294,-0.010529877576032187,0.0,S1
02299950,dPL,0.0248746951160465,0.0133637789540246,0.0053952421460832,0.0065247853597004,0.0113184603564784,123.0,0.013556234759568101,0.002045318597546201,-0.0080422917723752,-0.0028714363352464467,0.0,S1
02299950,dPL,0.0147131402869269,0.012335290780515,0.0084373354911804,0.008714102829496,0.0153390293239228,2026.0,-0.0006258890369959004,-0.0030037385434078002,-0.0017699355001797,-0.00458247856220062,0.0,S1
02300700,IC,0.0345874576546503,0.0452511003465164,0.0529507981159789,0.0863406005457511,0.042081056577371,,-0.007493598922720696,0.0031700437691454045,-0.0081799883743965,-0.008071690905510187,0.0,S1
02300700,dPL,0.0197033604408372,0.0290478281162814,0.0178731150097317,0.0244682601519993,0.0479429848941541,42.0,-0.0282396244533169,-0.0188951567778727,-0.0092181197952929,-0.003420375931075026,0.0,S1
02300700,dPL,0.0237984191465935,0.030795776899066,0.0122926235198974,0.0168312329512376,0.0333552538664428,123.0,-0.009556834719849302,-0.0025594769673768017,-0.0047325166368396,-0.01064916054914078,0.0,S1
02300700,dPL,0.0203744765857382,0.0217600508520537,0.020165205001831,0.006277827212685,0.0261838572272894,2026.0,-0.0058093806415512005,-0.004423806375235699,-0.0068247740383211,-0.006274790540640396,0.0,S1
02342933,IC,0.111580731541482,0.020977731867483,0.1079931108958016,0.1327161107826326,0.0809719473803751,,0.030608784161106906,-0.05999421551289209,-0.0144868354306042,-0.005201517373568998,0.0027962712555372,S1
02342933,dPL,0.0109556899464236,0.0126557163445292,0.0077555204692639,0.0111855085079486,0.0080886100420883,42.0,0.002867079904335301,0.0045671063024409,0.0002269855963358,-0.0011112715104287796,0.0027962712555372,S1
02342933,dPL,0.0088842229178078,0.011461413492192,0.0057596819741385,0.0083782581182626,0.013541890372816,123.0,-0.0046576674550082,-0.0020804768806239986,-0.000966890403004,-0.0026120344791553674,0.0027962712555372,S1
02342933,dPL,0.0129909025400442,0.005882902909272,0.0088048433002672,0.0096052885055542,0.0071066164418136,2026.0,0.005884286098230601,-0.0012237135325415998,-0.0022820245061434,0.0009024295729371801,0.0027962712555372,S1
02349900,IC,0.0610591516509133,0.0440032603405411,0.0886359900025935,0.1381373339710236,0.0244832151805239,,0.0365759364703894,0.019520045160017197,-0.0162729589898534,-0.01400581158417702,0.0010817469729248,S1
02349900,dPL,0.0123069333512731,0.0196299725943265,0.0061505769428453,0.0110405683517456,0.0079777468935509,42.0,0.004329186457722199,0.0116522257007756,-0.0041836831921642,-0.0028146408937109735,0.0010817469729248,S1
02349900,dPL,0.0125386526166546,0.0190354308327163,0.0061105037557667,0.0100354353586832,0.0099034333344372,123.0,0.0026352192822174,0.009131997498279101,-0.0029318026067851,-0.01157484932659103,0.0010817469729248,S1
02349900,dPL,0.0131379059184738,0.0151586153978113,0.0078244866995976,0.0155055522918701,0.0129639649506481,2026.0,0.0001739409678257007,0.0021946504471632,-0.0100223802193809,-0.004185239819739839,0.0010817469729248,S1
02350900,IC,0.025077443668567,0.1014338986350156,0.1193852410707378,0.056576827540547,0.1368028764128193,,-0.1117254327442523,-0.03536897777780369,-0.0029521686433759,-0.005967576204038205,0.001767717746493,S1
02350900,dPL,0.0068757067686898,0.0098537046781513,0.0069161752859751,0.0098240158210198,0.0066389314906478,42.0,0.00023677527804199985,0.0032147731875035003,-0.0010219929486826,-0.006878288884262229,0.001767717746493,S1
02350900,dPL,0.005606485341958,0.0079132787959457,0.0028246985541449,0.0037092367808023,0.0071183267001008,123.0,-0.0015118413581428,0.0007949520958448995,-0.0024389817833432,-0.0032264376408418505,0.001767717746493,S1
02350900,dPL,0.0095337012733897,0.0062317813820763,0.0068141513400607,0.0045421600341796,0.0035935967042787,2026.0,0.0059401045691109995,0.0026381846777975997,-0.0023968251609286,-0.004235288053478059,0.001767717746493,S1
02361000,IC,0.0230465091388376,0.1117358224138778,0.0774547637708332,0.1513497198623081,0.0720415425304549,,-0.0489950333916173,0.0396942798834229,-0.0103445900300181,-0.021189597372564428,0.0015124422847458,S1
02361000,dPL,0.0122373450500946,0.0186147589073638,0.0089418888092041,0.0104409142544394,0.0083141249212509,42.0,0.003923220128843701,0.010300633986112901,-0.0066218480988936,-0.00938524384082362,0.0015124422847458,S1
02361000,dPL,0.0102208196460422,0.0110570291606497,0.0035739296361019,0.0076806971005031,0.0068060101809581,123.0,0.0034148094650840993,0.004251018979691599,-0.0036462468681189,-0.0034273133512248144,0.0015124422847458,S1
02361000,dPL,0.0090153655420615,0.0114124911138513,0.0067602646978278,0.0031851874457465,0.0081921741291072,2026.0,0.0008231914129543001,0.0032203169847440996,-0.0042196051345112,-0.0034814203301491986,0.0015124422847458,S1
02363000,IC,0.0655000252983137,0.0377904396809414,0.3003581464175861,0.1930455120905959,0.2232937633962737,,-0.15779373809796,-0.1855033237153323,-0.0171308044084438,-0.00997711908763399,0.0026556564479946,S1
02363000,dPL,0.0179642551892292,0.0161717871987396,0.0140016656172903,0.0137198567390441,0.0060743719605385,42.0,0.0118898832286907,0.010097415238201101,-0.0013191247448516,-0.00762801879092978,0.0026556564479946,S1
02363000,dPL,0.0085723513119709,0.0067488749293066,0.0056776205698649,0.0077371138792771,0.0058198906698597,123.0,0.0027524606421111993,0.0009289842594468996,-0.0025453270250964,-0.0005943684329176024,0.0026556564479946,S1
02363000,dPL,0.0113557604987428,0.009214504995489,0.0070088676043919,0.0056546926498413,0.0050932969053768,2026.0,0.006262463593366,0.0041212080901122,-0.0010697935476634,0.001372785713854352,0.0026556564479946,S1
02369800,IC,0.0648873069584959,0.0642654314551718,0.1040035407747828,0.0584918224521563,0.050843650688017,,0.014043656270478898,0.0134217807671548,-0.0120022343233886,-0.003210155024569783,0.0008723526438152,S1
02369800,dPL,0.0150891319562094,0.016361133094133,0.0129098641244989,0.0102782249450683,0.0106746070731775,42.0,0.004414524883031901,0.0056865260209555,-0.0052918602061452,-0.0031452488378364007,0.0008723526438152,S1
02369800,dPL,0.0125696679068088,0.0115473271525034,0.0125951829709504,0.0071618386677333,0.0089124890143005,123.0,0.0036571788925083004,0.002634838138202901,-0.0041143140060772,-0.0025867343883128058,0.0008723526438152,S1
02369800,dPL,0.0198386169806979,0.0100122338686503,0.0043691534745065,0.0077587366104125,0.0085288001609633,2026.0,0.011309816819734602,0.0014834337076870003,-0.002583181785272,-0.002025988579046789,0.0008723526438152,S1
02371500,IC,0.0636231127816951,0.0562681118264044,0.1989175927040505,0.3475785205492508,0.238865136683226,,-0.17524202390153093,-0.1825970248568216,-0.0023586284022624,-0.009699640104128937,0.0040171402581935,S1
02371500,dPL,0.006062448168674,0.0153998738284408,0.0056254863739013,0.0147102276484171,0.0116885759820533,42.0,-0.0056261278133792995,0.0037112978463875006,0.0005347667912936,-0.0016709504592807845,0.0040171402581935,S1
02371500,dPL,0.0072220655167642,0.0091061735368805,0.0030536049290707,0.0085536775917842,0.0067297907744053,123.0,0.0004922747423589001,0.002376382762475201,-0.0017305406959507,0.0017854888634017962,0.0040171402581935,S1
02371500,dPL,0.0071111433345253,0.0086437200280827,0.0056521365517064,0.0077244970533583,0.0052692378065841,2026.0,0.0018419055279411999,0.0033744822214985997,-0.0003324590197111,-0.0005075350215899554,0.0040171402581935,S1
02372250,IC,0.1462569433194127,0.0456426137286237,0.1221527341256054,0.0804462788520522,0.0317373350301746,,0.1145196082892381,0.013905278698449104,-0.0157637784705284,-0.0014653239676385432,0.0034759991435446,S1
02372250,dPL,0.0103872747504217,0.0163185966851966,0.0063765415778526,0.0102113736303228,0.0121552062070506,42.0,-0.0017679314566289,0.004163390478145998,0.0001368133118674,-0.0009502859978189893,0.0034759991435446,S1
02372250,dPL,0.0073138971519876,0.0067786400921847,0.0054247975349426,0.0072012628827776,0.0081247276248557,123.0,-0.0008108304728680999,-0.0013460875326710003,-0.0023409313786165,0.0013981182715190332,0.0034759991435446,S1
02372250,dPL,0.0088581641134038,0.0090977972157504,0.0070526970757378,0.0080393552780151,0.0073694426629544,2026.0,0.0014887214504494001,0.0017283545527959996,-0.0013675493778794,0.002818839041968002,0.0034759991435446,S1
02374500,IC,0.0655742801167109,0.0348660808203862,0.0591114589765181,0.0553640749887033,0.0224836799285555,,0.0430906001881554,0.012382400891830698,-0.008100796632432,-0.0056232100780601035,0.0030425564536237,S1
02374500,dPL,0.0110845042239265,0.0095114654673354,0.0144660101996527,0.0098810877118791,0.0029973120043536,42.0,0.008087192219572902,0.0065141534629817996,-0.0032489776169684,0.001092828477890384,0.0030425564536237,S1
02374500,dPL,0.0069213018485237,0.0065238527789707,0.0147157907485961,0.0093108415603637,0.0050800201822334,123.0,0.0018412816662903,0.0014438325967373001,-0.0022769461877182,-0.00013051334886204913,0.0030425564536237,S1
02374500,dPL,0.0097999451089911,0.00677367577268,0.0095895089601215,0.007605493068695,0.0028135610404564,2026.0,0.0069863840685347005,0.0039601147322236,-0.00270467482744,0.0011661219473871887,0.0030425564536237,S1
02381600,IC,0.1193079955403644,0.0374126164819975,0.0541171192826741,0.0789960508839835,0.0321404293530815,,0.08716756618728291,0.0052721871289160005,0.0001383114994666,0.003226354619344396,0.0166377865167783,S1
02381600,dPL,0.0326602287114235,0.0251618385649965,0.036349594593048,0.0205191373825073,0.0253169281460819,42.0,0.007343300565341604,-0.00015508958108539916,-0.0008825298797155,0.005409724124871951,0.0166377865167783,S1
02381600,dPL,0.0290397838084977,0.0333714776920516,0.0266810781077334,0.0420260429382324,0.0260406186028961,123.0,0.0029991652056016,0.007330859089155501,-0.0030606907332701,0.004495040456582333,0.0166377865167783,S1
02381600,dPL,0.0291143937397687,0.0204753088772137,0.0260025262832641,0.032351187297276,0.0256945044474782,2026.0,0.0034198892922904997,-0.005219195570264502,-0.0061125803322824,0.006237526103045177,0.0166377865167783,S1
02384540,IC,0.1222601187450126,0.1736989514515328,0.0735848144790988,0.2079009011397989,0.0401114464362024,,0.08214867230881019,0.1335875050153304,-0.0013553098025596,0.007483976290215133,0.0316827871052048,S1
02384540,dPL,0.0591083657028469,0.030759670883117,0.0707124408922697,0.0162318246117953,0.0242143361322326,42.0,0.0348940295706143,0.0065453347508844,0.0016250197620123,0.009344385343541761,0.0316827871052048,S1
02384540,dPL,0.0524307439539784,0.038893941210133,0.0634925616414923,0.0361556842409331,0.0244123885844105,123.0,0.0280183553695679,0.014481552625722503,0.0021464875867232,0.011273445617131506,0.0316827871052048,S1
02384540,dPL,0.0566283142631282,0.0276977313759608,0.0484192371368408,0.0384796142578125,0.0259970808382166,2026.0,0.0306312334249116,0.0017006505377442013,0.0014345662082961,0.010787919287783332,0.0316827871052048,S1
02395120,IC,0.1487301484782739,0.0674040354719922,0.1047726109065192,0.3307323048073019,0.227829338177704,,-0.07909918969943011,-0.16042530270571181,-0.0063540704794984,0.006670037801765671,0.0124894104226604,S1
02395120,dPL,0.0325566668633612,0.0199768869020722,0.02311429807118,0.0196971358924076,0.010810908920492,42.0,0.0217457579428692,0.009165977981580201,-0.0002949181644044,0.000748091586756261,0.0124894104226604,S1
02395120,dPL,0.0206070076857126,0.014131830344331,0.0257849693298339,0.0152349260118272,0.0114440538553484,123.0,0.0091629538303642,0.0026877764889825986,-0.0015180115590868,0.004452519593745041,0.0124894104226604,S1
02395120,dPL,0.0165716950948972,0.0051955797342546,0.0104810614334909,0.0182331341963547,0.0196090062298053,2026.0,-0.003037311134908103,-0.014413426495550701,-0.0039411551018954,0.004781474594871771,0.0124894104226604,S1
02415000,IC,0.0452579914517206,0.0209700743064567,0.070993480043342,0.0819521085294235,0.0611944337493972,,-0.015936442297676594,-0.0402243594429405,-0.0045316850710076,0.0073233491962664266,0.0124691410953683,S1
02415000,dPL,0.031166327275354,0.0190060663047259,0.0117843204074435,0.0205134073893228,0.0146936164973753,42.0,0.0164727107779787,0.004312449807350599,-0.0015511468826268,0.0049561346614855895,0.0124691410953683,S1
02415000,dPL,0.0249955728469535,0.0116597162340835,0.011407732963562,0.0172659433805025,0.0163022734749427,123.0,0.008693299372010802,-0.004642557240859199,-0.0044562537157054,0.005519847199693562,0.0124691410953683,S1
02415000,dPL,0.0213908894641958,0.0085350420728083,0.0101754841051603,0.016461431980133,0.016822975082417,2026.0,0.004567914381778799,-0.0082879330096087,-0.0089229552327284,0.006730089820382368,0.0124691410953683,S1
02427250,IC,0.050676930325057,0.0710181092957871,0.0795316532841156,0.1430094920633724,0.1323163070233341,,-0.08163937669827712,-0.06129819772754701,-0.0041508930354227,-0.005736891666855537,0.0031810787432098,S1
02427250,dPL,0.0092280356410953,0.0177155018993111,0.0079435110092163,0.0077071537574132,0.0076058713226603,42.0,0.0016221643184350012,0.0101096305766508,-0.0004462852754277,-0.0011203470915195357,0.0031810787432098,S1
02427250,dPL,0.0123769660282664,0.008449038627653,0.0042836830533783,0.0050260978085654,0.0040704013583278,123.0,0.0083065646699386,0.0043786372693252,-0.0024159593828644,0.0015592320302544316,0.0031810787432098,S1
02427250,dPL,0.0131458433837605,0.0091203933268362,0.0088785510314138,0.0068115560632003,0.0084423953590127,2026.0,0.0047034480247478,0.0006779979678234998,-0.0011891408967371,0.0014267546908918183,0.0031810787432098,S1
02430085,IC,0.0517853940716747,0.0316027574200742,0.1389360029024257,0.0875796671656647,0.0374011301178085,,0.014384263953866203,-0.005798372697734297,-0.0062186270791176,-1.2145207054170548e-05,0.0126767241295668,S1
02430085,dPL,0.0230204528260923,0.0121321184825201,0.0244955765573602,0.0181872473822699,0.0116869601603024,42.0,0.0113334926657899,0.00044515832221769976,-0.0010762972361662,0.0031382249343667734,0.0126767241295668,S1
02430085,dPL,0.0207859237202417,0.0060476478663169,0.0227903064928556,0.0144733642709666,0.0106335518960695,123.0,0.010152371824172201,-0.0045859040297526,-6.707069965361523e-05,0.002053535462027245,0.0126767241295668,S1
02430085,dPL,0.0135992428272027,0.0162656626950588,0.0194232087386281,0.0118418335914611,0.0117675774291826,2026.0,0.0018316653980200992,0.004498085265876198,0.0007401457507966,0.0023860132944791834,0.0126767241295668,S1
02450250,IC,0.1096036065417448,0.0500710362401701,0.09062096972646,0.0439318157550684,0.0642082158675031,,0.0453953906742417,-0.014137179627332998,-0.0080331345311481,0.0033214337057132504,0.0142864105715527,S1
02450250,dPL,0.0421218745125202,0.0166811772043268,0.0244079138103284,0.0460701329367501,0.0380653903712281,42.0,0.004056484141292095,-0.0213842131669013,-0.0008681446150503,0.003398653085065817,0.0142864105715527,S1
02450250,dPL,0.0369220191555673,0.0313621817182044,0.0261325260688518,0.0223584010683257,0.0330117740070962,123.0,0.003910245148471103,-0.0016495922888917977,-0.0032971091882467,0.001111558659160794,0.0142864105715527,S1
02450250,dPL,0.0412493160535372,0.0301856070717199,0.0302304203311602,0.0464152865939669,0.0348105303657917,2026.0,0.006438785687745495,-0.004624923294071801,-0.0039826607705634,0.0030897143575497887,0.0142864105715527,S1
02464000,IC,0.0709989911098487,0.0994872903921194,0.1091383915921924,0.0683341273710802,0.0381394004823436,,0.0328595906275051,0.0613478899097758,-0.0041071007067936,0.0025374092258224623,0.011217518412828,S1
02464000,dPL,0.0289469785232393,0.0095586533976447,0.0161457262541118,0.0188532001093814,0.013187119555742,42.0,0.0157598589674973,-0.0036284661580972995,-0.0035496932283155,0.0010488842010576427,0.011217518412828,S1
02464000,dPL,0.0202914212224347,0.0074591978873788,0.0106950317110334,0.013727060953776,0.0148584337952439,123.0,0.0054329874271908,-0.0073992359078651,-0.0029318821395631,0.0015597992826236196,0.011217518412828,S1
02464000,dPL,0.0240946459059728,0.0201753788596108,0.0119821106394131,0.0204450743538993,0.0273353270923464,2026.0,-0.0032406811863735993,-0.007159948232735601,-0.0038670895714836,0.0018134383670304066,0.011217518412828,S1
02464360,IC,0.0170281808985598,0.0363316548121978,0.0292653969570333,0.064513086205092,0.026451627593087,,-0.009423446694527202,0.009880027219110799,-0.0003035020216911,0.002726096223614194,0.0095365763059721,S1
02464360,dPL,0.0373403801594559,0.0186101042826829,0.0280833774142795,0.0170440077781677,0.0140547177866298,42.0,0.0232856623728261,0.0045553864960530994,-0.0002596983041998,0.003198120123479642,0.0095365763059721,S1
02464360,dPL,0.0212756541130694,0.0205845232346686,0.0184382120768229,0.0175261497497558,0.0138871127440913,123.0,0.007388541368978098,0.0066974104905773,-0.0026984838817929,0.00036401440251421224,0.0095365763059721,S1
02464360,dPL,0.0215796160920456,0.0125111090548553,0.0217393164833386,0.0164234638214111,0.0135592183213483,2026.0,0.0080203977706973,-0.0010481092664929997,-0.0020090875419017,0.003332199850831441,0.0095365763059721,S1
02465493,IC,0.0382983731738088,0.0611096783007475,0.0420349900632815,0.056597512844535,0.0646610009329532,,-0.0263626277591444,-0.0035513226322057,-0.0005417889412385,-0.003934813021610362,0.0073106547528566,S1
02465493,dPL,0.016539781604895,0.0101005420132823,0.0163173675537109,0.012030005455017,0.008747968965849,42.0,0.007791812639045999,0.0013525730474332996,-0.0004309205014555,0.00433153517636109,0.0073106547528566,S1
02465493,dPL,0.0166792293449037,0.0076880910722968,0.0154049396514892,0.0044554720322291,0.0091484676110252,123.0,0.0075307617338785,-0.0014603765387283998,-0.0013023489800715,0.004150175330834838,0.0073106547528566,S1
02465493,dPL,0.0149681818671599,0.0137384007804153,0.0125465393066406,0.0088717478972214,0.0080262376333673,2026.0,0.0069419442337926,0.005712163147048,-0.0017435412711697,0.005849937725986076,0.0073106547528566,S1
02469800,IC,0.0262484115570809,0.1260364730425346,0.0378317756338153,0.1119126862788777,0.0497707607492357,,-0.023522349192154797,0.0762657122932989,-0.0042875379399316,-0.0023516294045800024,0.003171649398055,S1
02469800,dPL,0.027122720991518,0.0192657975610389,0.0227212309837341,0.0202841758728027,0.0111630524212853,42.0,0.015959668570232698,0.0081027451397536,-0.0012556529934263,-0.0018236608349131433,0.003171649398055,S1
02469800,dPL,0.019546572116596,0.0121672231366607,0.0147157457139757,0.0117642879486083,0.0062760149424536,123.0,0.013270557174142397,0.005891208194207099,-0.004495318931882,-0.006574168418392756,0.003171649398055,S1
02469800,dPL,0.0153163614719564,0.0096461754169325,0.0136320326063368,0.0131084211170673,0.0121540531106814,2026.0,0.0031623083612750003,-0.002507877693748899,-0.0020687621763796,-0.0008897525790899641,0.003171649398055,S1
02472000,IC,0.0156334673062442,0.0464740619675687,0.0140239739823335,0.0311657228812612,0.0111818503797211,,0.0044516169265231016,0.0352922115878476,-0.0004603571843682,-0.0018526748941926074,0.0060147222598053,S1
02472000,dPL,0.0108983199542502,0.0131742402913588,0.0078659936001426,0.0137712359428405,0.0099781451259053,42.0,0.0009201748283448989,0.0031960951654534994,-0.0075848479397285,-0.011996650912674212,0.0060147222598053,S1
02472000,dPL,0.0081633457668753,0.0110393879668156,0.0079061483082018,0.0111221992052518,0.0141485372018658,123.0,-0.005985191434990499,-0.0031091492350502,-0.0059603807516765,0.00024189756027659381,0.0060147222598053,S1
02472000,dPL,0.0134689775961682,0.0157771568090565,0.0065557314799382,0.0087381998697916,0.0074666621430476,2026.0,0.0060023154531206,0.008310494666008899,-0.0009311135536309,0.0005682293700606245,0.0060147222598053,S1
02472500,IC,0.1804688424810415,0.0639184616915098,0.0699901120789794,0.1628098289636057,0.1031463264499135,,0.077322516031128,-0.0392278647584037,-0.0275695788424343,-0.025792169727154035,0.002454389871356,S1
02472500,dPL,0.0113139929714947,0.0178163681961821,0.0098347134060329,0.0112221516095674,0.014795866157837,42.0,-0.003481873186342299,0.003020502038345101,-0.0038615865599576,-0.005381450185687253,0.002454389871356,S1
02472500,dPL,0.0075941181334017,0.0083557970619319,0.0071016458364633,0.0040594312879774,0.0083736457389864,123.0,-0.0007795276055847008,-1.7848677054500134e-05,-0.0053098972126386,-0.0034218015216783693,0.002454389871356,S1
02472500,dPL,0.0082015549416794,0.005706728435336,0.0065296249730246,0.0094400895269293,0.0141163187862381,2026.0,-0.005914763844558701,-0.0084095903509021,-0.0024951389144264,-0.0007428002290286173,0.002454389871356,S1
02479155,IC,0.119878876068216,0.2653584033130082,0.0413251269834363,0.2125426481208897,0.0528157551921185,,0.0670631208760975,0.2125426481208897,-0.0170248357091606,-0.011563179493660813,0.0018026132328254,S1
02479155,dPL,0.0223092627173004,0.015841893290809,0.0162575433128758,0.0184869452526695,0.0172601304326011,42.0,0.0050491322846993,-0.0014182371417920982,-0.0033720356056954,-0.0010838591713386858,0.0018026132328254,S1
02479155,dPL,0.0094863367313833,0.0102109676233251,0.0169339900215466,0.0139993767989309,0.0142542368257125,123.0,-0.004767900094329201,-0.004043269202387401,-0.0053571713428054,-0.004711578196518684,0.0018026132328254,S1
02479155,dPL,0.0177495693712024,0.0125442223652901,0.0082164754470189,0.0142381456163194,0.0128805014179791,2026.0,0.004869067953223298,-0.0003362790526890008,-0.0016401064233946,-0.0015321545689138683,0.0018026132328254,S1
02479300,IC,0.0855153285477321,0.0893210500181998,0.0513501040888995,0.1167447252381689,0.0319336337749564,,0.0535816947727757,0.0573874162432434,-0.0148088691142976,-0.011080728079746582,0.0007412865485982,S1
02479300,dPL,0.0150687042655744,0.0160203572698047,0.0100301764905452,0.0114022505910773,0.0141342319223726,42.0,0.000934472343201799,0.0018861253474320976,-0.0011187740146744,-0.0030029053003297612,0.0007412865485982,S1
02479300,dPL,0.0125162002034595,0.0110478607540787,0.0069623871853476,0.0050885094536675,0.0101612059706204,123.0,0.0023549942328390996,0.0008866547834583006,-0.0057429950507895,-0.0030130863503730065,0.0007412865485982,S1
02479300,dPL,0.0169048779647162,0.0054997808510009,0.0118051726242591,0.0027322769165039,0.0106535231213065,2026.0,0.006251354843409702,-0.005153742270305599,-0.0022732913714396,-0.0008289478449169385,0.0007412865485982,S1
02479560,IC,0.0696719396705716,0.062501521017589,0.025472040261697,0.120209268041646,0.093633244913303,,-0.023961305242731393,-0.03113172389571399,-0.009610949077371,-0.001910657131898752,0.0008881841770739,S1
02479560,dPL,0.0136380333101705,0.0195748835618129,0.0098924338817596,0.0134489097093281,0.0147336333402688,42.0,-0.001095600030098301,0.004841250221544099,-0.0026387211565407,-0.007945048469740756,0.0008881841770739,S1
02479560,dPL,0.0120074570362934,0.0149969101924048,0.0068312221103244,0.0108603239059448,0.0071201292337402,123.0,0.0048873278025532,0.007876780958664599,-0.0070830895731494,-0.004971620613018812,0.0008881841770739,S1
02479560,dPL,0.0169539380587571,0.0090094796491156,0.0038969105687635,0.0102372822008634,0.009929339188173,2026.0,0.007024598870584101,-0.0009198595390573997,-0.0036821181151825,-0.0023377624073187553,0.0008881841770739,S1
02481000,IC,0.0118774990625643,0.0509107594536476,0.114343401752459,0.0595166104857027,0.0609666873635763,,-0.049089188301012,-0.010055927909928701,-0.0066315157099204,-0.0027547615579491813,0.0003653977736162,S1
02481000,dPL,0.0230889013063531,0.024762884698811,0.0122113545735676,0.0177855151040213,0.0143960406226213,42.0,0.0086928606837318,0.0103668440761897,-0.0041590895523876,-0.000925109862356388,0.0003653977736162,S1
02481000,dPL,0.0225796500260309,0.0168052110036033,0.0079811896596636,0.011902630329132,0.0162772247541327,123.0,0.006302425271898199,0.0005279862494705981,-0.0043061979720032,-0.004642757529957242,0.0003653977736162,S1
02481000,dPL,0.0253556659471612,0.0141166321163404,0.0092840194702148,0.0053406613213675,0.0114622608050788,2026.0,0.013893405142082399,0.002654371311261599,-0.0044713995705684,-0.00015431063009962998,0.0003653977736162,S1
02481510,IC,0.0279186200656381,0.0552130209057969,0.0758078790844159,0.0888152114923636,0.0494316210350966,,-0.0215130009694585,0.005781399870700296,-0.0058321702196527,-0.00449457457930158,0.0007622545076852,S1
02481510,dPL,0.0193832824133681,0.0216703135186982,0.0130711495876312,0.0138342380523681,0.0152225508575781,42.0,0.004160731555789998,0.006447762661120099,-0.0038790603010772,-0.002978187120595166,0.0007622545076852,S1
02481510,dPL,0.0133886310886737,0.0176374357774213,0.011470243665907,0.0076878070831298,0.0108540983487693,123.0,0.0025345327399044007,0.0067833374286520014,-0.0056322188288542,-0.003830197257186363,0.0007622545076852,S1
02481510,dPL,0.0216947601820476,0.0079458038920713,0.0053659651014539,0.007943852742513,0.0141009897067763,2026.0,0.007593770475271299,-0.006155185814705,-0.0037863829680739,-0.0019604489844418094,0.0007622545076852,S1
03010655,IC,0.313088147039436,0.2536327454404303,0.3251300956343816,0.1830182392752032,0.0715141038096633,,0.2415740432297727,0.182118641630767,0.0598331351111454,0.20659933830986876,0.207261759338099,S3
03010655,dPL,0.2601767679382253,0.1419819748596185,0.243926465511322,0.1166340298122829,0.0633564129527335,42.0,0.1968203549854918,0.078625561906885,0.0601679430075897,0.17971743327115464,0.207261759338099,S3
03010655,dPL,0.2528715861793627,0.1430181029083462,0.2353240119086371,0.1247184684402064,0.0589269082360725,123.0,0.19394467794329018,0.08409119467227372,0.0618062828741332,0.1843810310258468,0.207261759338099,S3
03010655,dPL,0.2522623366405171,0.1710705364484588,0.2247430589463975,0.127554642526727,0.0597373892711611,2026.0,0.19252494736935602,0.1113331471772977,0.0659973974061547,0.1867292483041667,0.207261759338099,S3
03011800,IC,0.2264636324245819,0.3662485990245065,0.2334770147738306,0.2696024044996397,0.0454488604382369,,0.181014771986345,0.32079973858626964,0.0837192566556197,0.2889973309457383,0.210192690903197,S3
03011800,dPL,0.2995682825227284,0.1310184574420631,0.262679460313585,0.1966758498123714,0.0430903104965604,42.0,0.25647797202616796,0.08792814694550272,0.0864055808976911,0.27519916066547656,0.210192690903197,S3
03011800,dPL,0.2238745925750507,0.1492407804928988,0.2859013027615016,0.1528437137603759,0.0449149985647304,123.0,0.1789595940103203,0.1043257819281684,0.0880330537902771,0.27006932142557527,0.210192690903197,S3
03011800,dPL,0.2995528541915652,0.1719194948212408,0.2848187764485677,0.1944710952895028,0.0401838838593268,2026.0,0.2593689703322384,0.131735610961914,0.0900397952570577,0.27227660384431474,0.210192690903197,S3
03015500,IC,0.2789022139955658,0.2789022139955658,0.2956056313922917,0.2896574194949437,0.0570075460444787,,0.22189466795108712,0.22189466795108712,0.0855441189333368,0.23574979355579462,0.192038519147369,S3
03015500,dPL,0.2743426236207524,0.1418681057984868,0.2393676333957248,0.1107164086966678,0.0456745321526707,42.0,0.2286680914680817,0.0961935736458161,0.0833697777278428,0.2242235468890733,0.192038519147369,S3
03015500,dPL,0.2779508284975189,0.1807302303501342,0.2187371253967285,0.1407656587403395,0.0443362635519953,123.0,0.2336145649455236,0.1363939667981389,0.0796142728525001,0.22339264138310067,0.192038519147369,S3
03015500,dPL,0.2766189057544633,0.1352859662945946,0.262682264437899,0.1330683486802237,0.0397808306113123,2026.0,0.236838075143151,0.09550513568328231,0.0817830951810982,0.228152954276857,0.192038519147369,S3
03021350,IC,0.2681989290330145,0.256983886596467,0.2207004916968759,0.2930431808326622,0.1364975450131732,,0.1317013840198413,0.12048634158329377,0.0701832856435901,0.23603826938548034,0.208263538884948,S3
03021350,dPL,0.259566303092384,0.1163703201231917,0.1986433241102431,0.1119747585720486,0.0461578630102899,42.0,0.2134084400820941,0.0702124571129018,0.066462419272404,0.2291341555758336,0.208263538884948,S3
03021350,dPL,0.1537127597039513,0.1650204140533299,0.2021051433985121,0.1665924919976128,0.0586777330981441,123.0,0.09503502660580719,0.1063426809551858,0.0613961943149514,0.22944195768696107,0.208263538884948,S3
03021350,dPL,0.1705373031800561,0.1702689063337032,0.2017464637756347,0.1441158056259155,0.0391600988994921,2026.0,0.13137720428056401,0.1311088074342111,0.0565540100477641,0.2328721168830704,0.208263538884948,S3
03026500,IC,0.344586558691933,0.2758918699020222,0.4966659898545359,0.385608752956578,0.1120399561434904,,0.23254660254844262,0.1638519137585318,0.0751061665454508,0.2839252759722759,0.209814940150446,S3
03026500,dPL,0.2749766816424736,0.1198226450529382,0.2383003234863281,0.1677341885036892,0.0486346390826338,42.0,0.22634204255983978,0.07118800597030439,0.0783607045797973,0.26485493132171356,0.209814940150446,S3
03026500,dPL,0.2750433116880465,0.142472103572355,0.268702686977728,0.1470745205879211,0.041357020010534,123.0,0.23368629167751254,0.10111508356182101,0.0796440478687099,0.26600975855449827,0.209814940150446,S3
03026500,dPL,0.2747804366609198,0.1337199210009185,0.2532743665907118,0.1902982695349332,0.0537520568585019,2026.0,0.22102837980241788,0.0799678641424166,0.0825897882385597,0.26978660703033785,0.209814940150446,S3
03028000,IC,0.3208339580017942,0.3070951368798686,0.3192962081336828,0.1771410706193087,0.1727798430468188,,0.14805411495497542,0.13431529383304983,0.0746393155822287,0.2689341450661321,0.203474312123818,S3
03028000,dPL,0.2810775739118779,0.1082381804227887,0.2477615356445311,0.1406300478968126,0.0459829307087343,42.0,0.23509464320314358,0.0622552497140544,0.0753724432128897,0.24980915480667243,0.203474312123818,S3
03028000,dPL,0.2810728267330585,0.1355543779075196,0.2789093017578125,0.1076671481132507,0.0479955477849246,123.0,0.2330772789481339,0.087558830122595,0.0768670340978138,0.24950894122444756,0.203474312123818,S3
03028000,dPL,0.2808189374372686,0.1137154002428113,0.2614528232150608,0.1673694409822163,0.04829352990215,2026.0,0.2325254075351186,0.0654218703406613,0.0807703484296747,0.2558453518029208,0.203474312123818,S3
03049000,IC,0.2922758921149017,0.1097603712357661,0.1552417468616719,0.1025300008659003,0.0905589766219078,,0.20171691549299386,0.019201394613858294,0.0221569685050352,0.08423839561981028,0.139333377128464,S2
03049000,dPL,0.1557788138149427,0.0756623228898183,0.1122428774833679,0.0573329925537109,0.0302851560606238,42.0,0.12549365775431892,0.0453771668291945,0.0190912573265237,0.08871930803545747,0.139333377128464,S2
03049000,dPL,0.1758418928458329,0.1126388101684897,0.1238877547414679,0.0854320772762956,0.0272067328921941,123.0,0.1486351599536388,0.08543207727629559,0.0180401228291031,0.08783840393641051,0.139333377128464,S2
03049000,dPL,0.144959529275469,0.1244713252773537,0.124157969156901,0.0998817443847656,0.0245895808925881,2026.0,0.12036994838288091,0.0998817443847656,0.0245099287534421,0.08660003131802807,0.139333377128464,S2
03049800,IC,0.2043093605331877,0.2413062273518368,0.2349572905277676,0.4777938199762695,0.1903265998280866,,0.0139827607051011,0.05097962752375018,0.0096326472758606,0.04476457158915326,0.116341909362209,S2
03049800,dPL,0.1423601904217251,0.0643638264696456,0.1334967738703677,0.0639044642448425,0.0206824265650032,42.0,0.1216777638567219,0.0436813999046424,0.0013034136023052,0.04755597592640726,0.116341909362209,S2
03049800,dPL,0.1402279550008729,0.0872355367663878,0.1148768107096354,0.0759125989058922,0.0253511442912375,123.0,0.1148768107096354,0.061884392475150304,0.0090136655821135,0.04555574171557053,0.116341909362209,S2
03049800,dPL,0.1635638145115066,0.085427143662571,0.1077318505236977,0.0688511603756954,0.0191376806139371,2026.0,0.14442613389756948,0.0662894630486339,0.0128162105029027,0.04938547098481294,0.116341909362209,S2
03050000,IC,0.3234875945907203,0.2468913237586192,0.3585061584388993,0.2661411133148596,0.0339881458888472,,0.2894994487018731,0.21290317786977198,0.0469436922326277,0.10720968236608097,0.158964457158934,S3
03050000,dPL,0.1990925032887248,0.084910142696166,0.1671869990726312,0.0827317813347126,0.0434891896702497,42.0,0.1556033136184751,0.04142095302591629,0.0317507488396876,0.13560156520650612,0.158964457158934,S3
03050000,dPL,0.1180432338345352,0.1129482508458262,0.1341368463304307,0.0886135525173611,0.04759831286717,123.0,0.07044492096736521,0.06534993797865621,0.0416691462777082,0.13005378702720316,0.158964457158934,S3
03050000,dPL,0.2307711269053217,0.1184058916248698,0.1876742257012261,0.1029207229614257,0.0471822724466378,2026.0,0.1835888544586839,0.071223619178232,0.0365920959376385,0.136586879791034,0.158964457158934,S3
03069500,IC,0.3852278647179847,0.2305629522429889,0.2044319389530061,0.1560653854566223,0.0668794636234135,,0.3183484010945712,0.16368348861957538,0.0696392987662644,0.19684986524807013,0.194644630432116,S3
03069500,dPL,0.199767795274165,0.0897290796492612,0.2034646272659302,0.1225566440158421,0.0358421977169762,42.0,0.1639255975571888,0.053886881932285004,0.0554768126637277,0.22510270562847357,0.194644630432116,S3
03069500,dPL,0.2553836972211865,0.1446893732603963,0.2386243548244238,0.1365396287706163,0.0427355790057008,123.0,0.21264811821548568,0.1019537942546955,0.0612321015516554,0.19824953885320118,0.194644630432116,S3
03069500,dPL,0.2482662873586797,0.1262261746326519,0.1637056138780382,0.1644638180732727,0.0382376434406208,2026.0,0.2100286439180589,0.0879885311920311,0.0602830143606812,0.22138657061129408,0.194644630432116,S3
03070500,IC,0.2928773589200608,0.0907188948006234,0.2171919782912642,0.0816966977307332,0.0343896674683128,,0.258487691451748,0.0563292273323106,0.0501073093202272,0.13233512846270823,0.144725592442485,S2
03070500,dPL,0.0998412686606725,0.1137227423430841,0.1306032710605197,0.0685701288025954,0.0412334385836158,42.0,0.0586078300770567,0.0724893037594683,0.0343970000771257,0.13331113561467978,0.144725592442485,S2
03070500,dPL,0.2295426354906918,0.1253773875476281,0.1394427629808585,0.1273274010625379,0.0427766605205546,123.0,0.1867659749701372,0.0826007270270735,0.0412823809358572,0.12891772289263437,0.144725592442485,S2
03070500,dPL,0.1554090401707465,0.1476880750464028,0.1525972154405382,0.1320199308724239,0.0475944350842744,2026.0,0.1078146050864721,0.1000936399621284,0.046338850671679,0.13274033020292064,0.144725592442485,S2
03076600,IC,0.3347182987014695,0.1548557098790571,0.4123877463577405,0.1121557079156855,0.0658577557807792,,0.26886054292069034,0.08899795409827792,0.0454344739371168,0.28763606738554637,0.189395500517419,S3
03076600,dPL,0.2210051496120164,0.0947228904966482,0.2081103490975996,0.1169476426880934,0.051626309272253,42.0,0.1693788403397634,0.0430965812243952,0.0494666163718386,0.27759670280785387,0.189395500517419,S3
03076600,dPL,0.1864807088466356,0.143249397645064,0.1682946857653166,0.1485705057779948,0.0451035150929943,123.0,0.1413771937536413,0.09814588255206971,0.0509557393403276,0.2538848245327252,0.189395500517419,S3
03076600,dPL,0.2502856491370345,0.1645073040109374,0.2090954502151968,0.174341328938802,0.0501915203795845,2026.0,0.20009412875745,0.11431578363135292,0.057910680705413,0.2738486169395813,0.189395500517419,S3
03078000,IC,0.2616774017207233,0.2311961194278885,0.2328589047610516,0.2626481715150878,0.1789377648617512,,0.0827396368589721,0.05225835456613731,0.0613576964170751,0.2954624608977392,0.194625437344426,S3
03078000,dPL,0.227015804622116,0.1186335413014625,0.1877955673262477,0.0850072400323276,0.0420497271018815,42.0,0.18496607752023453,0.076583814199581,0.0428719650687932,0.2598892753958293,0.194625437344426,S3
03078000,dPL,0.2294171141653017,0.1321290535811745,0.2010598693353434,0.1416423402983566,0.0463670406027133,123.0,0.1830500735625884,0.0857620129784612,0.0475511855496091,0.2402306453047891,0.194625437344426,S3
03078000,dPL,0.2337885072291889,0.1444435457788,0.2000246018481751,0.1765192952007055,0.0492254707065863,2026.0,0.18456303652260259,0.0952180750722137,0.053668652590137,0.2556623253799659,0.194625437344426,S3
03140000,IC,0.1321855639600447,0.0644619737407855,0.1712472700045461,0.0924987303692873,0.1179611123243262,,0.01422445163571849,-0.053499138583540704,0.0131382905078775,0.06108092684846256,0.0894584784615066,S2
03140000,dPL,0.0956478060844021,0.0325528643542744,0.063722751015111,0.0437219048801221,0.0311137222325232,42.0,0.06453408385187889,0.0014391421217512038,0.0150406143504849,0.05465372943132274,0.0894584784615066,S2
03140000,dPL,0.0876091949233207,0.0498046020997671,0.0464844954641241,0.073757108889128,0.0334306846194732,123.0,0.0541785103038475,0.016373917480293904,0.0149681217014413,0.05648844702350442,0.0894584784615066,S2
03140000,dPL,0.1157494537123832,0.0593927742635624,0.0587033165825737,0.1032151874743009,0.0315557726793119,2026.0,0.08419368103307129,0.027837001584250502,0.0144230999009059,0.057253103898975755,0.0894584784615066,S2
03144000,IC,0.0818970111137555,0.0605565835959961,0.0920344122900896,0.1313968478389272,0.0297922001021303,,0.0521048110116252,0.030764383493865798,0.0107300139631143,0.053674243471742655,0.0936024048579887,S2
03144000,dPL,0.1048947632778705,0.0301552250622541,0.0754058957099914,0.0495837741427951,0.0249176457165509,42.0,0.0799771175613196,0.005237579345703198,0.0146357758085127,0.054179215598866515,0.0936024048579887,S2
03144000,dPL,0.1176080345837712,0.0566381410818331,0.0613215195505242,0.0847205691867404,0.0278653338192731,123.0,0.0897427007644981,0.02877280726256,0.0148994815749274,0.05460429239757225,0.0936024048579887,S2
03144000,dPL,0.1443663088629139,0.0716255142926007,0.0522430843777127,0.0888305240207247,0.0257742037050867,2026.0,0.1185921051578272,0.045851310587513995,0.014044933860531,0.05422800740182643,0.0936024048579887,S2
03170000,IC,0.0788282142230287,0.1757300012238639,0.070190055078891,0.1114267265705798,0.0778316429508874,,0.0009965712721412973,0.0978983582729765,0.0127743967803997,0.06754160932527353,0.0945585836238721,S2
03170000,dPL,0.0682345990431707,0.0186961889617414,0.0414051479763455,0.0448297288682725,0.0287179434486253,42.0,0.0395166555945454,-0.010021754486883899,0.0061915574590857,0.061862492518593104,0.0945585836238721,S2
03170000,dPL,0.0803119305861395,0.0273085694896375,0.0399870872497558,0.041023618296573,0.0349955046363695,123.0,0.04531642594977,-0.007686935146732004,0.0068234271360564,0.06350864482132512,0.0945585836238721,S2
03170000,dPL,0.0762177431675197,0.0148648888336155,0.03065025806427,0.0283740696154142,0.0313256617939644,2026.0,0.0448920813735553,-0.0164607729603489,0.0069789065433319,0.060401679826123544,0.0945585836238721,S2
03173000,IC,0.0907560468992693,0.1051666205320329,0.259732037418885,0.1807033234158941,0.143457645774034,,-0.052701598874764694,-0.03829102524200109,0.0138422486875016,0.11258697736123291,0.0942000993572573,S2
03173000,dPL,0.1000332373048848,0.038180624544742,0.0411326335026667,0.050379288823981,0.0373343726430741,42.0,0.0626988646618107,0.0008462519016678993,0.0097884517767327,0.10406381025516831,0.0942000993572573,S2
03173000,dPL,0.1134505483626885,0.0576730016156427,0.0456370978519834,0.0606659906251089,0.0354093492462642,123.0,0.07804119911642429,0.022263652369378495,0.0089375161147665,0.09466233283634906,0.0942000993572573,S2
03173000,dPL,0.0900690044353061,0.0499504983000608,0.0343117543629237,0.0692486763000488,0.0309816024931033,2026.0,0.0590874019422028,0.018968895806957497,0.009169261551337,0.10137138096269427,0.0942000993572573,S2
03180500,IC,0.1534560297515063,0.2545936374026359,0.1216663068214373,0.1769620131121844,0.0632272862075934,,0.0902287435439129,0.19136635119504253,0.0400535515834401,0.1156291626710575,0.195303023284764,S3
03180500,dPL,0.2198734718948936,0.0893237069692178,0.2107296413845486,0.1099989149305555,0.0484916146447389,42.0,0.1713818572501547,0.04083209232447891,0.0383859501098298,0.17499162845291372,0.195303023284764,S3
03180500,dPL,0.2346491986177473,0.146154749426124,0.2065762837727864,0.1180818345811631,0.0466361802428627,123.0,0.1880130183748846,0.0995185691832613,0.0330028473057066,0.16372369642396412,0.195303023284764,S3
03180500,dPL,0.2063708924362604,0.1183992493436421,0.1748671001858181,0.1516502479027057,0.055795626005497,2026.0,0.15057526643076338,0.06260362333814509,0.0417693791083016,0.17748434358227672,0.195303023284764,S3
03182500,IC,0.2316834462142444,0.2321328574878887,0.2470245001984908,0.1915052541750274,0.0673396473626091,,0.1643437988516353,0.1647932101252796,0.0336779499214177,0.15054783145767103,0.170253081143655,S3
03182500,dPL,0.1902370848824035,0.0935423627592477,0.1431293288866679,0.108868166020042,0.0305011136517732,42.0,0.15973597123063032,0.0630412491074745,0.0328469256187053,0.16047783313339836,0.170253081143655,S3
03182500,dPL,0.1950558578244583,0.1281385571791739,0.1355778759923474,0.1482224464416503,0.0383447017314982,123.0,0.1567111560929601,0.08979385544767571,0.0362885346159873,0.14922072177773438,0.170253081143655,S3
03182500,dPL,0.179876367108966,0.1175483468768187,0.1361846799651781,0.1358302708329825,0.0393746827120404,2026.0,0.14050168439692562,0.0781736641647783,0.0322096887637111,0.15836337377143528,0.170253081143655,S3
03186500,IC,0.3432861008603448,0.2569410103398476,0.3337658701587309,0.3337658701587309,0.0718306252013878,,0.271455475658957,0.18511038513845982,0.0539520472850869,0.21627165739861043,0.1907316712122,S3
03186500,dPL,0.1956186837618494,0.1066885552898018,0.1999034285545349,0.0958984374999999,0.0450331832826433,42.0,0.1505855004792061,0.061655372007158496,0.0397066454083581,0.19822292364804628,0.1907316712122,S3
03186500,dPL,0.2062178803852358,0.1319691877563454,0.1997295704980691,0.1213406880696614,0.0468994047105608,123.0,0.159318475674675,0.08506978304578458,0.0419388846413202,0.17984870164390676,0.1907316712122,S3
03186500,dPL,0.1633857435648584,0.1090460509280332,0.189934445079416,0.153289692742484,0.0572569038331804,2026.0,0.10612883973167801,0.0517891470948528,0.0453437118126791,0.20087840544430613,0.1907316712122,S3
03237280,IC,0.1373460928629042,0.1137191659350148,0.2018547488140688,0.1766876969848618,0.1163247941563298,,0.02102129870657439,-0.0026056282213150067,0.0026088991818091,0.05298524419406081,0.0847306381238598,S2
03237280,dPL,0.0844001481655624,0.0630577288303081,0.0880833864212036,0.0413598826057032,0.0390321185159483,42.0,0.0453680296496141,0.02402561031435979,0.0039562697261528,0.056005034710933876,0.0847306381238598,S2
03237280,dPL,0.0985429684906145,0.0408692454861241,0.0786758210923936,0.0585432052612304,0.0315927494466276,123.0,0.0669502190439869,0.009276496039496498,0.0058495507965848,0.05792405616216367,0.0847306381238598,S2
03237280,dPL,0.0848453684842409,0.0741166469970339,0.0729310512542724,0.0766778619665848,0.0284899594618186,2026.0,0.0563554090224223,0.045626687535215295,0.0055810760561098,0.056745996007502075,0.0847306381238598,S2
03237500,IC,0.2757664013141326,0.266439413967393,0.2364300362489879,0.2970626328036306,0.1106879628250096,,0.165078438489123,0.15575145114238342,0.0148364351570907,0.04709128247870453,0.0787104016916548,S2
03237500,dPL,0.0501639684313118,0.0220555809271127,0.0281246160638743,0.0279877309141488,0.0195207269936159,42.0,0.030643241437695902,0.002534853933496801,0.0117225760704661,0.03620762410602696,0.0787104016916548,S2
03237500,dPL,0.0462656471002309,0.0168954587372513,0.0240447574191623,0.0189427818570817,0.0171292047125187,123.0,0.0291364423877122,-0.00023374597526739857,0.0106383041131099,0.040656559725334995,0.0787104016916548,S2
03237500,dPL,0.0544068107146094,0.0219292384167919,0.0251541985405815,0.0267471321697893,0.0232846791451022,2026.0,0.0311221315695072,-0.0013554407283103004,0.0141723155387391,0.03993829298749196,0.0787104016916548,S2
03238500,IC,0.1160373698514382,0.186886465991491,0.1122481825002924,0.1146204956745598,0.1188435420074359,,-0.0028061721559976965,0.0680429239840551,0.011199599334863,0.04539008873951955,0.0747385312973334,S2
03238500,dPL,0.040282310326411,0.0509168200079042,0.0185887217521667,0.050075352191925,0.0393167024116309,42.0,0.0009656079147800992,0.011600117596273302,0.0086391575990423,0.02107520395727558,0.0747385312973334,S2
03238500,dPL,0.042077946012912,0.0554358057561952,0.0176331400871276,0.0514537096023559,0.0288889416141896,123.0,0.013189004398722403,0.0265468641420056,0.0063870117543352,0.024861063003099204,0.0747385312973334,S2
03238500,dPL,0.0364160391457203,0.0503139190260011,0.0223393334282769,0.062110290552179,0.0296074442449647,2026.0,0.0068085949007556,0.0207064747810364,0.0114654001828892,0.023276707631648796,0.0747385312973334,S2
03241500,IC,0.1205753406867735,0.0832077834761486,0.057783619657992,0.2037831241629222,0.1624677163733368,,-0.04189237568656329,-0.07925993289718819,0.0178302492756494,0.0518644706343212,0.0779467519548554,S2
03241500,dPL,0.0536313542887403,0.0513624570910178,0.0512011210123697,0.0426875644259981,0.0433277584352916,42.0,0.0103035958534487,0.008034698655726195,0.0174635141567852,0.0422858584968524,0.0779467519548554,S2
03241500,dPL,0.0394591562034655,0.0623057490006389,0.0193490300859723,0.0798707348959786,0.0366546661230087,123.0,0.0028044900804567938,0.025651082877630196,0.0169770964418399,0.03665622888690323,0.0779467519548554,S2
03241500,dPL,0.0596686321038597,0.0583781786486073,0.0400049345833914,0.0635724408285958,0.0385074359321636,2026.0,0.021161196171696095,0.0198707427164437,0.01829955655086,0.03403989018947018,0.0779467519548554,S2
03280700,IC,0.1393520321877409,0.0787491038688293,0.151913508306587,0.105147675127124,0.0263985712582947,,0.11295346092944619,0.0523505326105346,0.0063604971498473,0.00993497753576067,0.0584460847843343,S2
03280700,dPL,0.0677201307676957,0.0423690130312875,0.0621902818481127,0.0385448932647705,0.0243268845701812,42.0,0.0433932461975145,0.018042128461106297,0.0084456790941118,0.014356195187286813,0.0584460847843343,S2
03280700,dPL,0.1043666743375136,0.0406798406817958,0.0729783710680509,0.0691417016481098,0.0274146359847283,123.0,0.0769520383527853,0.013265204697067504,0.0085354049500288,0.015903716041435256,0.0584460847843343,S2
03280700,dPL,0.104007517332304,0.0452098845836212,0.0871323173244794,0.0911307648608559,0.0349913263858319,2026.0,0.0690161909464721,0.010218558197789301,0.0052553376371465,0.015337271788137041,0.0584460847843343,S2
03281500,IC,0.1810381169998386,0.1633196169675091,0.1714593934904778,0.1531017173122191,0.0464389003980993,,0.1345992166017393,0.11688071656940979,-0.0037662187794195,-0.007760598936819241,0.044067880842997,S1
03281500,dPL,0.0894535958786991,0.0685035989867032,0.0443673985345023,0.0415890163845485,0.032743867692297,42.0,0.056709728186402096,0.035759731294406204,0.0018406926126791,-0.018543832334581678,0.044067880842997,S1
03281500,dPL,0.0768773975860362,0.0484314433993659,0.0480241576830546,0.0469285563418739,0.0307535741147363,123.0,0.04612382347129991,0.0176778692846296,0.0006740166758527,-0.0053995096406997956,0.044067880842997,S1
03281500,dPL,0.0776510753013296,0.0434678528507772,0.0257448773635061,0.0509220361709594,0.0313303206165853,2026.0,0.0463207546847443,0.012137532234191901,0.0004748086669436,-0.004312069535086671,0.044067880842997,S1
03285000,IC,0.1769917350986417,0.0921298720568228,0.1470790904002119,0.1045445237937561,0.1104071535899675,,0.06658458150867419,-0.0182772815331447,-0.0019349323068114,0.013110061896493552,0.0446468108120254,S1
03285000,dPL,0.0486891840516914,0.0241526184786466,0.019693911075592,0.0328455094633431,0.0083228956144963,42.0,0.0403662884371951,0.015829722864150297,-0.0002507329156665,0.016270938425911985,0.0446468108120254,S1
03285000,dPL,0.0221253982590711,0.0100513516176847,0.0144181100945723,0.0115780583743391,0.0132340047684903,123.0,0.008891393490580799,-0.0031826531508055995,-0.0015806178875034,0.017629768235796206,0.0446468108120254,S1
03285000,dPL,0.0431614066308443,0.019310260829204,0.012534771646772,0.0215444352891709,0.010675377032682,2026.0,0.0324860295981623,0.008634883796522,-0.0026170578538642,0.017623382745987404,0.0446468108120254,S1
03291780,IC,0.0755683639138724,0.048949131417027,0.1884048791219193,0.0593644433217926,0.0575352641417568,,0.01803309977211559,-0.0085861327247298,0.0062075302693174,0.03148965594457076,0.0673686532615331,S2
03291780,dPL,0.0613637228582241,0.0239182426094407,0.0456968608655428,0.0311772227287292,0.0112729297170011,42.0,0.050090793141223,0.012645312892439598,0.0100567181582656,0.020901023112470996,0.0673686532615331,S2
03291780,dPL,0.0531396984776078,0.0229029358229949,0.0370234439247532,0.0329603893416268,0.0154861060158781,123.0,0.037653592461729696,0.0074168298071168,0.0104066009706791,0.017907500528246523,0.0673686532615331,S2
03291780,dPL,0.0692085707755441,0.0223628170757075,0.0450271368026733,0.0335259286980879,0.0137930068480244,2026.0,0.0554155639275197,0.008569810227683099,0.0098033080173945,0.013133953446613389,0.0673686532615331,S2
03338780,IC,0.1853505776670549,0.1415066654961256,0.156998967427268,0.0508891075873499,0.1251647223570901,,0.060185855309964786,0.016341943139035475,0.0118147011949256,-0.021583956373814717,0.0725503193755769,S2
03338780,dPL,0.0491680224900102,0.0212753658817163,0.023805567373832,0.0478700425889757,0.0193001557928778,42.0,0.029867866697132397,0.0019752100888385006,0.0118148665121308,0.02071534768941463,0.0725503193755769,S2
03338780,dPL,0.0404410736244755,0.0416361278857338,0.0264696138245719,0.0568352485525197,0.0291610766179079,123.0,0.0112799970065676,0.012475051267825901,0.0128627996667094,0.010126885667868457,0.0725503193755769,S2
03338780,dPL,0.0459220400221697,0.0409848783669725,0.021825811598036,0.0570896987257332,0.022672603146606,2026.0,0.0232494368755637,0.018312275220366502,0.0141772582672782,0.015847089802598857,0.0725503193755769,S2
03340800,IC,0.1125135122512399,0.0918612056428756,0.1757303213832988,0.0959455671187832,0.0228055982034012,,0.0897079140478387,0.0690556074394744,-0.0089224894210093,-0.010162130125347613,0.0732286680426859,S2
03340800,dPL,0.0528537452002848,0.0179720144291095,0.0350038104587131,0.0185489340832358,0.0279978122480965,42.0,0.024855932952188305,-0.010025797818987,0.0127037055036247,0.022532490088320367,0.0732286680426859,S2
03340800,dPL,0.0737397371959891,0.0236900995288974,0.0518372552148226,0.0410159640842013,0.0307997791079512,123.0,0.0429399580880379,-0.007109679579053799,0.0149462727730007,0.024507542046828368,0.0732286680426859,S2
03340800,dPL,0.0540969614963219,0.0224206883177409,0.0650221109390258,0.0472027460734049,0.0219304519533262,2026.0,0.0321665095429957,0.0004902363644147013,0.0142132727359671,0.025545186200451986,0.0732286680426859,S2
03346000,IC,0.1101002912629308,0.0978560100441407,0.2338332448129506,0.3502618745591468,0.1162041861909339,,-0.00610389492800309,-0.018348176146793196,-0.0423935271265494,-0.002863765431462162,0.0621069652969445,S2
03346000,dPL,0.0355636778742078,0.0288692746802946,0.0346099212765693,0.0440555810928344,0.0269123496298749,42.0,0.008651328244332897,0.001956925050419698,0.0025671778285863,0.007507959275646403,0.0621069652969445,S2
03346000,dPL,0.0323369445340919,0.0493676260231272,0.0309559702873229,0.0508216742811531,0.0303901815646295,123.0,0.0019467629694624004,0.018977444458497698,0.00041760327446,0.005891899730202876,0.0621069652969445,S2
03346000,dPL,0.0208747802491228,0.0436962955209684,0.0595469580756293,0.0795957020350864,0.0314555385569894,2026.0,-0.010580758307866596,0.012240756963979006,0.0057788879795972,0.008472611900935623,0.0621069652969445,S2
03364500,IC,0.1388456366611423,0.0537216770422125,0.2110452993631142,0.0932175850206107,0.0694902024371878,,0.0693554342239545,-0.0157685253949753,-0.0168863894452425,0.022331407783238055,0.0804170575814994,S2
03364500,dPL,0.0425924199913091,0.0422458275088303,0.0510879158973693,0.033487834428486,0.0369645619597047,42.0,0.005627858031604399,0.005281265549125599,0.0070730827940882,0.015543678167772801,0.0804170575814994,S2
03364500,dPL,0.042499705417764,0.0512153991471332,0.0290612624241755,0.0605329871177673,0.0390640936929105,123.0,0.0034356117248535017,0.012151305454222702,0.0065346029296184,0.003763852617003627,0.0804170575814994,S2
03364500,dPL,0.061476842249062,0.0518699275077297,0.0529298612049647,0.0614672473498753,0.0309498572554201,2026.0,0.030526984993641898,0.020920070252309603,0.0054813546318144,0.0036676816358064412,0.0804170575814994,S2
03366500,IC,0.1518154910915481,0.085619188407527,0.2080171248367486,0.0857241943801358,0.0265296135664006,,0.1252858775251475,0.0590895748411264,0.0001306803862007,0.028431807074929982,0.059067129172147,S2
03366500,dPL,0.0468465602865506,0.0134682882828038,0.0132116178671519,0.0178619623184204,0.0204737557378661,42.0,0.026372804548684497,-0.007005467455062302,0.0090930252368673,0.012724163636714358,0.059067129172147,S2
03366500,dPL,0.0285426871516841,0.0282597484619827,0.0224542206731335,0.0378022875104632,0.0117483839292609,123.0,0.0167943032224232,0.016511364532721798,0.0089730243745085,0.014843308704954428,0.059067129172147,S2
03366500,dPL,0.0470688711600977,0.0188213987610202,0.0244491866656712,0.0282765840229235,0.0130485969699519,2026.0,0.0340202741901458,0.005772801791068302,0.0084123699896113,0.007550347494872378,0.059067129172147,S2
03368000,IC,0.1195784786079355,0.0930004713919456,0.142371223288559,0.075096563291761,0.021192043522159,,0.09838643508577649,0.0718084278697866,-0.0123799164660454,0.025557689126228023,0.0670858663666364,S2
03368000,dPL,0.0647569064668567,0.0364385759169993,0.0540106879340277,0.0383001252224571,0.0196855580146251,42.0,0.0450713484522316,0.016753017902374198,0.0062994409988331,0.011265120268187823,0.0670858663666364,S2
03368000,dPL,0.0711993407247879,0.0300973095559018,0.0637376308441162,0.0480817292865953,0.0300342386875285,123.0,0.0411651020372594,6.307086837329876e-05,0.0055022057060524,0.010709777275026755,0.0670858663666364,S2
03368000,dPL,0.0900135264688772,0.0282918594961854,0.0520754284328884,0.0318999980625353,0.0265824867008435,2026.0,0.0634310397680337,0.0017093727953419006,0.0022646477529686,0.0018529413517344162,0.0670858663666364,S2
03384450,IC,0.2042208325666269,0.04415911470505,0.1522562209931888,0.1039080281371207,0.0190171097216987,,0.1852037228449282,0.025142004983351295,0.0017543141687978,0.014283071318063834,0.0496725306242436,S1
03384450,dPL,0.0742650089793517,0.0313193735955811,0.0423778110080295,0.0134400631252088,0.0187867914127684,42.0,0.055478217566583304,0.012532582182812703,0.0042883818740394,0.018589549786822035,0.0496725306242436,S1
03384450,dPL,0.040329104476483,0.0192564276034591,0.0272756814956665,0.0201497395833333,0.0181683018294351,123.0,0.022160802647047905,0.0010881257740240034,0.0052184754468319,0.01952345926701582,0.0496725306242436,S1
03384450,dPL,0.0470951009034558,0.0211468475539144,0.0297456979751586,0.0199530380112784,0.0213197281934885,2026.0,0.025775372709967298,-0.0001728806395740988,0.0058684935108753,0.019314324578829645,0.0496725306242436,S1
03439000,IC,0.0972557865528102,0.1188490577417019,0.0645796575708612,0.1043104548346447,0.0716431080932839,,0.025612678459526292,0.047205949648418,-0.0015454494173515,0.009800692537146993,0.0374660918206049,S1
03439000,dPL,0.0497114951859705,0.0426274112794208,0.0568862337815134,0.0278789656502859,0.0099361765194945,42.0,0.039775318666475996,0.0326912347599263,-0.0003935560428178,-0.00020854905421940906,0.0374660918206049,S1
03439000,dPL,0.0412780240052923,0.0373732347955876,0.0539759993553161,0.0286680034228734,0.011718883875678,123.0,0.029559140129614296,0.0256543509199096,-0.0001314051811812,0.006513549615501324,0.0374660918206049,S1
03439000,dPL,0.0533105027393589,0.0383290096463425,0.036058285361842,0.0356013860021318,0.0113886025831722,2026.0,0.0419219001561867,0.0269404070631703,-0.0025018447570311,0.0038861589596759227,0.0374660918206049,S1
03455500,IC,0.1393588509523432,0.2414665505980132,0.1825122219437437,0.1858304128808053,0.0532619791346956,,0.08609687181764761,0.1882045714633176,-0.0017536782314012,0.02009215394456343,0.0774314166204897,S2
03455500,dPL,0.0403798527574366,0.0468646046625775,0.0381438732147216,0.0320890120097568,0.0207040769952616,42.0,0.019675775762175,0.026160527667315896,0.0012866915001119,0.018935685194775398,0.0774314166204897,S2
03455500,dPL,0.0555182470600725,0.0528211537163842,0.0266861915588378,0.0503108978271484,0.0215169622981017,123.0,0.0340012847619708,0.0313041914182825,-0.0011522832235539,0.021249829792377994,0.0774314166204897,S2
03455500,dPL,0.066333119211596,0.0592145865841272,0.0813594617341694,0.0669764844994795,0.0154493489561484,2026.0,0.0508837702554476,0.0437652376279788,-0.0020903564185715,0.02020823496651636,0.0774314166204897,S2
03456500,IC,0.1036341722643895,0.1005951678835093,0.1248242335868421,0.1080421414005504,0.0230224160923238,,0.0806117561720657,0.0775727517911855,-0.0038659571190532,0.023619683909193667,0.0638736766495558,S2
03456500,dPL,0.0382047394127449,0.0487915578099638,0.0392708608082362,0.0304523961884634,0.028456374662389,42.0,0.009748364750355901,0.020335183147574796,2.582198449563311e-05,0.021635918415433664,0.0638736766495558,S2
03456500,dPL,0.0916200007790422,0.0506946469787142,0.0632782785516036,0.0257014802524021,0.0291801075047284,123.0,0.0624398932743138,0.0215145394739858,-0.0037886467527703,0.02455769327463042,0.0638736766495558,S2
03456500,dPL,0.0562526304983851,0.0511888255787442,0.0538569688796997,0.0466216887746538,0.0228137924654499,2026.0,0.0334388380329352,0.0283750331132943,-0.0041750634136459,0.023796810983833017,0.0638736766495558,S2
03460000,IC,0.1530386442029948,0.3356564448322512,0.0821769970120428,0.1843558032683752,0.0215620506658904,,0.1314765935371044,0.3140943941663608,-0.0010594196232351,0.04270319463980232,0.077253343718732,S2
03460000,dPL,0.0596256213608624,0.0392370462451576,0.0481656978004857,0.0361519024289887,0.0298340120120992,42.0,0.0297916093487632,0.0094030342330584,0.0032211614862656,0.04040835415240729,0.077253343718732,S2
03460000,dPL,0.0788536132926758,0.0462744376896447,0.0657099485397338,0.0358478365273311,0.023039966803274,123.0,0.055813646489401805,0.023234470886370696,0.0025254183044985,0.04011898457309204,0.077253343718732,S2
03460000,dPL,0.0762348668481855,0.0778373722884052,0.0681490019748085,0.0710588555586965,0.0232217707439412,2026.0,0.0530130961042443,0.054615601544464,0.0032943170325702,0.041558064380028625,0.077253343718732,S2
03463300,IC,0.3282887999201899,0.1642274174475584,0.3103901013065694,0.3641225546661122,0.1415475036409768,,0.1867412962792131,0.022679913806581603,-0.0176691303925295,0.02782247112777536,0.0849163900758962,S2
03463300,dPL,0.0413920398544113,0.0549830217575024,0.0296147419856144,0.0308347601639596,0.0271735600488152,42.0,0.014218479805596096,0.0278094617086872,0.0012948291522821,0.015300414950858765,0.0849163900758962,S2
03463300,dPL,0.0673813733433972,0.0480541036043334,0.0409547686576843,0.0186324270148026,0.0147917308929992,123.0,0.052589642450397996,0.0332623727113342,0.0019637144923203,0.0219630593935487,0.0849163900758962,S2
03463300,dPL,0.0680076303911936,0.0523293990844692,0.0569707155227661,0.0365772671169704,0.0208175114648308,2026.0,0.04719011892636281,0.0315118876196384,0.0021866424664027,0.017590882091232718,0.0849163900758962,S2
03471500,IC,0.2092290559940088,0.1495064959077186,0.192544686171601,0.1681422885508088,0.0483841323437215,,0.1608449236502873,0.10112236356399712,0.0156767977152206,0.07214564868450712,0.0838711696088708,S2
03471500,dPL,0.1050765869757456,0.0342332233211431,0.0664036220974392,0.0787476301193237,0.0376608287948547,42.0,0.06741575818089089,-0.003427605473711605,0.0120639944166311,0.060277738449081686,0.0838711696088708,S2
03471500,dPL,0.114952586590416,0.0488713661651463,0.05588870578342,0.0659418957574027,0.0342187031338221,123.0,0.08073388345659391,0.014652663031324197,0.0122021153808727,0.06075778262770648,0.0838711696088708,S2
03471500,dPL,0.1143291802861625,0.0477457594024042,0.0601005660163031,0.0798278733303671,0.03465697364872,2026.0,0.0796722066374425,0.013088785753684197,0.0132356754673845,0.06679467529116434,0.0838711696088708,S2
03473000,IC,0.1970230155885228,0.1162405897404429,0.1587826055423992,0.1035792760955093,0.0606310592586378,,0.13639195632988502,0.05560953048180511,0.017154771452177,0.06781519270609915,0.0832667330515825,S2
03473000,dPL,0.0939039170963377,0.0397601246338421,0.0488780360472829,0.068009270562066,0.0456238281683374,42.0,0.04828008892800031,-0.0058637035344953,0.0133089566795759,0.055589267402677556,0.0832667330515825,S2
03473000,dPL,0.107299325357246,0.0397441447395048,0.0497711938003014,0.0526396009657117,0.0351080915983141,123.0,0.0721912337589319,0.004636053141190699,0.0124448314045946,0.0560521984148169,0.0832667330515825,S2
03473000,dPL,0.0851619588417176,0.0517311426457762,0.0361574273360402,0.0819640755653381,0.0420321211506508,2026.0,0.04312983769106679,0.009699021495125394,0.0132819532753135,0.05855483405333828,0.0832667330515825,S2
03479000,IC,0.1065301188790799,0.1243815517229263,0.066255591493791,0.1515946091324159,0.1084611988146193,,-0.0019310799355393982,0.015920352908306998,0.0093530230230963,0.04812195948378761,0.0904171237520879,S2
03479000,dPL,0.0819823384074643,0.0494961817335821,0.0773686938815646,0.0459432176181248,0.0426422201042082,42.0,0.0393401183032561,0.006853961629373899,0.0063998823015821,0.04414009557098075,0.0904171237520879,S2
03479000,dPL,0.0851296610622907,0.0576580586164077,0.0817173091988814,0.0750522017478942,0.041489331583866,123.0,0.043640329478424694,0.0161687270325417,0.0105516218569984,0.04475069688298816,0.0904171237520879,S2
03479000,dPL,0.130091428030578,0.0657367590888357,0.0924009624280428,0.0479347109794616,0.0293298568931109,2026.0,0.10076157113746709,0.036406902195724795,0.0108143248585893,0.04651329703366036,0.0904171237520879,S2
03488000,IC,0.1637397441605327,0.0536655823330436,0.1802864754494382,0.2336177729935336,0.144841848183473,,0.01889789597705968,-0.0911762658504294,0.0139797414228203,0.06661883650576705,0.0815490515140822,S2
03488000,dPL,0.097991500192727,0.0528530565318087,0.0387073846963735,0.0644292195638021,0.0334500963567253,42.0,0.0645414038360017,0.019402960175083396,0.009539342238217,0.06510107159296852,0.0815490515140822,S2
03488000,dPL,0.1166091548616007,0.0561981337954273,0.0486670176188151,0.0663193464279174,0.0419414866879956,123.0,0.0746676681736051,0.0142566471074317,0.0092109396182656,0.06284992704740311,0.0815490515140822,S2
03488000,dPL,0.0950353721071365,0.0525215799358628,0.0392712439809526,0.0802762593541826,0.0150582653592357,2026.0,0.0799771067479008,0.037463314576627105,0.0100316032501571,0.06439343084912708,0.0815490515140822,S2
03498500,IC,0.1693042962475155,0.1719053379549691,0.0871739246561444,0.1336539193070986,0.0819947443368299,,0.0873095519106856,0.08991059361813919,0.0022772247605014,0.015887675778681998,0.0343707789266315,S1
03498500,dPL,0.0582663660364399,0.0354954318488545,0.0435112292567888,0.0459004452354029,0.0293750627717332,42.0,0.0288913032647067,0.006120369077121303,0.0034045176200181,0.013942562221318178,0.0343707789266315,S1
03498500,dPL,0.0478729315107218,0.0309127485046741,0.0523409404252704,0.048775281404194,0.0343355963256077,123.0,0.013537335185114102,-0.003422847820933595,0.0030091456500134,0.016126984451309,0.0343707789266315,S1
03498500,dPL,0.055881098746277,0.0332853682150189,0.0322160745660463,0.0419075413754111,0.0401983627820128,2026.0,0.0156827359642642,-0.006912994566993902,0.002792346677956,0.016482296031676946,0.0343707789266315,S1
03500000,IC,0.0363887728254308,0.0441083502379761,0.0478064641782343,0.0768604867453331,0.0612288333239303,,-0.024840060498499503,-0.0171204830859542,-0.0025643340011198,0.004049440013581651,0.0292489179120406,S1
03500000,dPL,0.0354211239196963,0.0335078760405915,0.0330533652470029,0.0310677886009216,0.0185024476567701,42.0,0.0169186762629262,0.015005428383821403,0.0010839562271671,-0.010301879337452413,0.0292489179120406,S1
03500000,dPL,0.0365655534658894,0.0337098064257782,0.0192740985325404,0.0151511247341449,0.0206747389356092,123.0,0.015890814530280198,0.013035067490169,0.0007649729677308,-0.004515929419864562,0.0292489179120406,S1
03500000,dPL,0.0384069930320492,0.0282035717764056,0.0310409069061279,0.0244092941284179,0.0149802627893179,2026.0,0.023426730242731297,0.0132233089870877,-0.0016617391478161,-0.005054280394894639,0.0292489179120406,S1
03500240,IC,0.0978388077943375,0.0455045333208837,0.0562509366990112,0.1218005021925445,0.0507680102177721,,0.0470707975765654,-0.0052634768968884,0.0004347939999201,0.0030864134687171862,0.029394718558517,S1
03500240,dPL,0.0445633227974126,0.0467276062029016,0.032120943069458,0.0331498384475708,0.0207432963372782,42.0,0.023820026460134397,0.025984309865623403,0.0024953469956724,-0.0050410132994923584,0.029394718558517,S1
03500240,dPL,0.0454726468141764,0.0469734157579553,0.0276130437850952,0.039123467036656,0.0178596030290811,123.0,0.027613043785095298,0.0291138127288742,0.0019540783384972,-0.0005466932281488202,0.029394718558517,S1
03500240,dPL,0.0454894772872755,0.0468701852585913,0.0446858150618416,0.0448429584503173,0.0131764660890787,2026.0,0.0323130111981968,0.0336937191695126,-0.0002570647397005,-0.0015593453697512194,0.029394718558517,S1
03504000,IC,0.1166416273351145,0.1509718566547913,0.192043529828727,0.2000983076329676,0.1033508035309722,,0.013290823804142302,0.04762105312381909,-0.0022566971304549,0.01891274409365873,0.0589912291417263,S2
03504000,dPL,0.0381335144877958,0.0448551302791166,0.0381643573443095,0.0576383471488952,0.0168836334456335,42.0,0.021249881042162296,0.027971496833483097,0.0011076716895793,0.016604345932869302,0.0589912291417263,S2
03504000,dPL,0.0702508812785673,0.0567820196986723,0.0776796340942382,0.0615522265434265,0.0245439812855152,123.0,0.045706899993052094,0.032238038413157095,-0.0016920565756494,0.018394520758046595,0.0589912291417263,S2
03504000,dPL,0.0527482414868049,0.0554218417048979,0.0482657081202456,0.0659453868865966,0.0193405445802876,2026.0,0.033407696906517306,0.036081297124610306,-0.0005062013134116,0.01724561498148791,0.0589912291417263,S2
03574500,IC,0.0630921723890928,0.0622209160357571,0.0339474977141736,0.0583026751632364,0.0405561913205448,,0.022535981068548004,0.021664724715212302,0.0017646366454309,0.006310352708844835,0.0200681785915394,S1
03574500,dPL,0.0583351625485134,0.0205026741628928,0.0235050000642475,0.0147017679716411,0.0293727933589835,42.0,0.028962369189529897,-0.008870119196090702,0.0020903045730031,-3.718641834193903e-05,0.0200681785915394,S1
03574500,dPL,0.0311578663833488,0.022119294274532,0.0145308886255536,0.0147667835498678,0.0237771093074699,123.0,0.007380757075878899,-0.0016578150329379024,-0.0009372222480851,0.004987914437636798,0.0200681785915394,S1
03574500,dPL,0.0364761239271245,0.0146882640010945,0.0124973058700561,0.0134885736874171,0.0263102471057792,2026.0,0.010165876821345302,-0.011621983104684699,-0.0028955959512375,0.006944722873686859,0.0200681785915394,S1
03592718,IC,0.0342212658714431,0.1484928864877472,0.241498964425102,0.2356111336968538,0.1433831008835041,,-0.10916183501206099,0.005109785604243106,-0.0011546195366745,-0.013570660696346826,0.0149109120314144,S1
03592718,dPL,0.0167707591639768,0.0146399965768895,0.0094916820526123,0.0080428274054276,0.0074014938735933,42.0,0.0093692652903835,0.007238502703296201,-0.0031962389764952,0.0029562378165686187,0.0149109120314144,S1
03592718,dPL,0.018061095887752,0.005754195738419,0.0107050153944227,0.010529539320204,0.0079527954405743,123.0,0.0101083004471777,-0.0021985997021553,-5.9624682644976446e-05,0.0027573862764830315,0.0149109120314144,S1
03592718,dPL,0.0174279579633631,0.0157300328365068,0.0182507853758962,0.0167173173692491,0.0108160648226273,2026.0,0.006611893140735799,0.0049139680138794994,0.0001201906843439,0.002323409134565191,0.0149109120314144,S1
03604000,IC,0.0646622053990226,0.043503906582504,0.1279515943882791,0.0428564831926581,0.0612882579131358,,0.0033739474858867913,-0.017784351330631804,0.0014330514931002,0.008879043195986647,0.0255990760932844,S1
03604000,dPL,0.0258561033053788,0.0185464176905226,0.0233914170946393,0.0193586020634092,0.0230413827798329,42.0,0.0028147205255459017,-0.004494965089310299,0.0015496122735718,0.009424761163889461,0.0255990760932844,S1
03604000,dPL,0.0251970071219489,0.0245882527510129,0.0283854007720947,0.0233495235443115,0.023750324447587,123.0,0.0014466826743619009,0.0008379283034259007,0.0022022259881732,0.008110006976448592,0.0255990760932844,S1
03604000,dPL,0.022325760450267,0.0230725406007613,0.0133402183138091,0.0207471211751302,0.0273237261954407,2026.0,-0.004997965745173701,-0.0042511855946794005,0.002477395462848,0.008396397987356585,0.0255990760932844,S1
04015330,IC,0.3295056505102464,0.2305458477642814,0.3752229017830419,0.1015410496305097,0.0889801325530092,,0.2405255179572372,0.1415657152112722,0.0501139746812975,0.20414101478564972,0.196079390089318,S3
04015330,dPL,0.2435569004940485,0.1394170774044276,0.2611676534016927,0.190039575099945,0.0751024915616641,42.0,0.1684544089323844,0.0643145858427635,0.0425343165535442,0.20140564467422706,0.196079390089318,S3
04015330,dPL,0.3234900424644564,0.1561354228938739,0.2829342736138237,0.2294482477009296,0.0561670399473412,123.0,0.2673230025171152,0.09996838294653268,0.0555566438198164,0.20293996943142345,0.196079390089318,S3
04015330,dPL,0.2780077135509444,0.1450725823407584,0.2810945298936632,0.1069397820366753,0.059221200671246,2026.0,0.21878651287969839,0.0858513816695124,0.0528836568522361,0.19870614344500936,0.196079390089318,S3
04024430,IC,0.1957950135680852,0.1864930575922984,0.1951682655320447,0.1131637090925583,0.055923251404719,,0.13987176216336622,0.1305698061875794,0.026394780698574,0.13685635533358065,0.1608667587394,S3
04024430,dPL,0.1645607557661359,0.1277658963024477,0.1442914326985677,0.1176040109835173,0.0765909018303634,42.0,0.0879698539357725,0.05117499447208429,0.0352975893852057,0.154554611566327,0.1608667587394,S3
04024430,dPL,0.25142881797587,0.1743928769342863,0.1749334779257575,0.1620937334863763,0.0778253140236617,123.0,0.1736035039522083,0.09656756291062459,0.0402180341220038,0.13328236150543282,0.1608667587394,S3
04024430,dPL,0.2340990417633147,0.1432924228499096,0.167091260664165,0.1358996538015512,0.0495590947559598,2026.0,0.1845399470073549,0.0937333280939498,0.0302925519000136,0.1338739646601942,0.1608667587394,S3
04027000,IC,0.255291168491858,0.255291168491858,0.2812584183533043,0.2676007787619664,0.0259672498614462,,0.22932391863041182,0.22932391863041182,0.0738967222865759,0.4263472056234203,0.235000084730923,S3
04027000,dPL,0.2658982018430445,0.1599297260013853,0.2387760586208767,0.1850665026697618,0.0662720782597543,42.0,0.19962612358329024,0.093657647741631,0.0667967477782038,0.4148754838417178,0.235000084730923,S3
04027000,dPL,0.2789717939492844,0.1418565746518983,0.2470453050401475,0.1323234668144813,0.0603798120922195,123.0,0.2185919818570649,0.0814767625596788,0.0728499530490801,0.39755065575595017,0.235000084730923,S3
04027000,dPL,0.2585890187485465,0.1894448956145735,0.2108970642089843,0.1400867261384663,0.087980757458973,2026.0,0.17060826128957352,0.1014641381556005,0.0710549338987659,0.40211354338120453,0.235000084730923,S3
04040500,IC,0.2920171432780648,0.1883280585531188,0.4794500362721851,0.305074626619262,0.2227017748920907,,0.06931536838597407,-0.034373716338971905,0.1213415111342182,0.6463168455691604,0.309607600434067,S4
04040500,dPL,0.2951182358294018,0.1595544204684484,0.2573936535761907,0.1764443987294247,0.0670248392877108,42.0,0.22809339654169097,0.09252958118073759,0.1098476676972399,0.6083663384931401,0.309607600434067,S4
04040500,dPL,0.279299075155396,0.2012423508196361,0.2667436737280625,0.2229279896308636,0.0761150085585442,123.0,0.2031840665968518,0.1251273422610919,0.1072097788487168,0.618943565019908,0.309607600434067,S4
04040500,dPL,0.2792517517165396,0.2003479465979056,0.3127726591550387,0.127984881401062,0.0760487427316684,2026.0,0.2032030089848712,0.12429920386623722,0.1085622296802856,0.6343268975050702,0.309607600434067,S4
04043050,IC,0.5125160184137197,0.1458040196277247,0.2660445054485357,0.2916410188662638,0.5018238332931714,,0.01069218512054837,-0.35601981366544666,0.0547896836700755,0.5047820189942368,0.299401075000363,S3
04043050,dPL,0.2461404084601968,0.2350101080239972,0.3604632821576349,0.2648622989654541,0.0877788883782355,42.0,0.1583615200819613,0.1472312196457617,0.1005096610477546,0.4894964997876098,0.299401075000363,S3
04043050,dPL,0.2482979422166118,0.2183554405556029,0.2935819625854493,0.2249984741210937,0.0859521802448315,123.0,0.1623457619717803,0.1324032603107714,0.1042584551537205,0.5215478084944715,0.299401075000363,S3
04043050,dPL,0.2549649962298139,0.2259251562674086,0.3714559766981337,0.2355895858061941,0.1076881785452371,2026.0,0.1472768176845768,0.11823697772217151,0.0992381238313594,0.49561731960758226,0.299401075000363,S3
04045500,IC,0.4371054122784163,0.111738994595254,0.3452212936491884,0.1788305972261074,0.1097740645016249,,0.3273313477767914,0.001964930093629094,0.1215116686830938,0.6474497890497414,0.300079815277018,S4
04045500,dPL,0.2394735978851738,0.1706422782693806,0.2488744258880616,0.127215851098299,0.0691295463767818,42.0,0.170344051508392,0.10151273189259881,0.0944203105323386,0.6136360088163805,0.300079815277018,S4
04045500,dPL,0.2385781153941092,0.1970919837684243,0.3226560354232789,0.1268221934636433,0.0886518067386647,123.0,0.14992630865544448,0.1084401770297596,0.0982493820892853,0.6190631772612333,0.300079815277018,S4
04045500,dPL,0.2421924832427371,0.150137433174512,0.2260358333587647,0.0802071019222862,0.1087227220720601,2026.0,0.133469761170677,0.0414147111024519,0.0961482190059207,0.6281305970228924,0.300079815277018,S4
04057510,IC,0.2069567759764494,0.1889499143726724,0.3626713820271279,0.2628321783718434,0.1889499143726724,,0.018006861603777014,0.0,0.0941074942822118,0.5857507565960044,0.253134692886369,S3
04057510,dPL,0.2411176734104603,0.1141245603780898,0.1275027394294738,0.1007638479533948,0.0640559718042066,42.0,0.17706170160625373,0.0500685885738832,0.0680430760648694,0.5531775175175113,0.253134692886369,S3
04057510,dPL,0.2289462529462304,0.1823888470034233,0.173419713973999,0.115973949432373,0.0505126044183423,123.0,0.1784336485278881,0.13187624258508102,0.0785925079831389,0.5164075122700007,0.253134692886369,S3
04057510,dPL,0.2010767153319227,0.1270007341775322,0.218740701675415,0.0834915584988064,0.0764220759777626,2026.0,0.1246546393541601,0.05057865819976959,0.0848077125477247,0.5305072894781827,0.253134692886369,S3
04057800,IC,0.2643481809891576,0.2286440601536659,0.3150871206761575,0.2307784015669275,0.0637588492503438,,0.20058933173881377,0.1648852109033221,0.1251721574719122,0.6826590699232465,0.334246736484748,S4
04057800,dPL,0.3462964769694284,0.2160077109283433,0.2139204144477844,0.1880108647876315,0.0736734112572344,42.0,0.27262306571219397,0.14233429967110892,0.121573936236094,0.6654411447094105,0.334246736484748,S4
04057800,dPL,0.347850076009142,0.210473438196659,0.271325409412384,0.1892973317040337,0.0602862434432698,123.0,0.28756383256587215,0.1501871947533892,0.1217018829217514,0.6724035522446627,0.334246736484748,S4
04057800,dPL,0.3531503296896048,0.1564341712607679,0.2469275593757629,0.1345656222353379,0.0648032180638566,2026.0,0.2883471116257482,0.0916309531969113,0.1228421095083897,0.663928237334583,0.334246736484748,S4
04059500,IC,0.2282696170489569,0.2124602872484515,0.2545394264612116,0.1410827280632423,0.0383576445096442,,0.1899119725393127,0.17410264273880732,0.0862404112100236,0.5339127619635864,0.235319790957285,S3
04059500,dPL,0.2139581893736038,0.1075538748305323,0.1915848581414473,0.1074693467881945,0.0428595249871668,42.0,0.171098664386437,0.0646943498433655,0.0725833388175797,0.48306651037639287,0.235319790957285,S3
04059500,dPL,0.226677033922465,0.1148771029743052,0.1862198297794048,0.1253160526012552,0.060298291440595,123.0,0.16637874248186998,0.0545788115337102,0.0816683650106788,0.4708768408019642,0.235319790957285,S3
04059500,dPL,0.2053257013380782,0.1136519139031824,0.2003329992294312,0.1118275214885843,0.0930937390102221,2026.0,0.11223196232785611,0.0205581748929603,0.0840863633373992,0.49646905874413655,0.235319790957285,S3
04063700,IC,0.2124242491067622,0.1747434827634345,0.2183871943307938,0.0985148459985424,0.0794043559663729,,0.1330198931403893,0.0953391267970616,0.0652094599194345,0.3914397781884025,0.211966109984869,S3
04063700,dPL,0.205935798512043,0.155797716973831,0.1846390412403987,0.1368594169616699,0.0730482312985908,42.0,0.13288756721345218,0.0827494856752402,0.0192458697380562,0.3527148298520193,0.211966109984869,S3
04063700,dPL,0.2058021039692642,0.1366073608016289,0.1680831542381873,0.2229035752160208,0.0725167928313319,123.0,0.1332853111379323,0.06409056797029701,0.0362762902993385,0.3424613571124928,0.211966109984869,S3
04063700,dPL,0.1918134716699862,0.1964269438550995,0.1897852445903577,0.1314421067945659,0.0740944311562702,2026.0,0.117719040513716,0.12233251269882932,0.0320999450377827,0.3506832954103193,0.211966109984869,S3
04074950,IC,0.2463025969087886,0.2168222359609082,0.2597259371628758,0.1052859558654712,0.084229513734677,,0.16207308317411162,0.1325927222262312,0.0801616134439395,0.38743839289136883,0.203272983314769,S3
04074950,dPL,0.2175461050025784,0.1676373385554509,0.2236706635047649,0.139083989461263,0.080235234118323,42.0,0.1373108708842554,0.0874021044371279,0.0569224849592726,0.35857210003039997,0.203272983314769,S3
04074950,dPL,0.2492440727301632,0.1445887568181654,0.2143599987030029,0.1357442643907335,0.0702813362995021,123.0,0.17896273643066107,0.0743074205186633,0.0734899409244789,0.34862147973524227,0.203272983314769,S3
04074950,dPL,0.2321224208824002,0.1677089067039276,0.216345469156901,0.1868253615167405,0.0800518780204223,2026.0,0.1520705428619779,0.0876570286835053,0.068091187773707,0.3636689995550543,0.203272983314769,S3
04105700,IC,0.2780338152687506,0.2047864938354775,0.20884104076179,0.2464670238398762,0.1831102336863885,,0.09492358158236208,0.021676260149088994,0.0372640636523102,0.12826152149387393,0.154578943663624,S3
04105700,dPL,0.1285531914206362,0.0552853765892371,0.1427840784976357,0.0933782276354338,0.06661822367169,42.0,0.061934967748946204,-0.011332847082452899,0.0190178711127012,0.11758941175014703,0.154578943663624,S3
04105700,dPL,0.1402044081113818,0.0416807345087232,0.0839704069597968,0.0770677354600694,0.0515909135046498,123.0,0.08861349460673199,-0.009910178995926604,0.0238973185509659,0.11866351377286477,0.154578943663624,S3
04105700,dPL,0.1593610102627856,0.0514077886808153,0.1620130538940429,0.0963589974812099,0.0782900975401859,2026.0,0.0810709127225997,-0.026882308859370596,0.0228076609228061,0.12384419133219637,0.154578943663624,S3
04115265,IC,0.1187751419335028,0.0883050438876529,0.3554583263324477,0.2513519171696973,0.138684799282609,,-0.019909657349106186,-0.050379755394956094,0.025981212314917,0.19276911636418181,0.17692366303836,S3
04115265,dPL,0.1873367304025187,0.0727554501473074,0.1349692344665527,0.0756577385796441,0.0562049198196165,42.0,0.1311318105829022,0.016550530327690903,0.0395906909364676,0.21179930944078518,0.17692366303836,S3
04115265,dPL,0.1371946726950504,0.0504230658003425,0.1170675918973725,0.0909235301770662,0.0519954361705796,123.0,0.0851992365244708,-0.0015723703702371014,0.0443372434123894,0.19902362479019087,0.17692366303836,S3
04115265,dPL,0.1373837121373248,0.0740514053696267,0.1148769773285964,0.1124806489263262,0.0625730281652914,2026.0,0.07481068397203341,0.01147837720433531,0.0447692481994843,0.20909251773120463,0.17692366303836,S3
04122200,IC,0.28321389067508,0.1376663682573945,0.1742126136168454,0.054428319985364,0.0651959564454914,,0.21801793422958862,0.07247041181190311,0.0810781205188415,0.23103558997287488,0.175430988197981,S3
04122200,dPL,0.174353742790634,0.0888445703284491,0.1660011693050987,0.1153860347611563,0.0575019109626503,42.0,0.1168518318279837,0.031342659365798796,0.0802452065104966,0.23326950301304306,0.175430988197981,S3
04122200,dPL,0.1495973085924896,0.0625037899392774,0.1394018806361903,0.0657400488853454,0.0628480876551663,123.0,0.0867492209373233,-0.0003442977158888971,0.0810836316814154,0.21835883539289314,0.175430988197981,S3
04122200,dPL,0.1656452985436282,0.0757259921069767,0.1259060444620748,0.1000502862428363,0.0687703907363945,2026.0,0.09687490780723369,0.006955601370582196,0.080447673712922,0.23080935460364804,0.175430988197981,S3
04122500,IC,0.2509801049172709,0.197558236950258,0.1701076434657032,0.1701076434657032,0.0811916584485737,,0.1697884464686972,0.1163665785016843,0.0790693768789194,0.2636526100372172,0.184317913063151,S3
04122500,dPL,0.1257086021376612,0.0913445855825114,0.1293736168493827,0.090235266192206,0.0547011970462701,42.0,0.07100740509139108,0.03664338853624131,0.0814222688150305,0.2552326917956411,0.184317913063151,S3
04122500,dPL,0.1582670406163089,0.0785783546973877,0.1315432786941528,0.0976997770761188,0.0458030076479679,123.0,0.11246403296834098,0.032775347049419805,0.0848407754056388,0.25558581485551435,0.184317913063151,S3
04122500,dPL,0.1761617066085667,0.0950461504247749,0.1302132606506347,0.1337755040118569,0.0655079626344333,2026.0,0.1106537439741334,0.029538187790341605,0.0763177963284842,0.24630226209966566,0.184317913063151,S3
04127918,IC,0.4172652821786868,0.2206992925988644,0.3750257736805927,0.2132324309153666,0.0869133236876473,,0.3303519584910395,0.13378596891121708,0.1265644129570145,0.6227152434248286,0.290254060373262,S3
04127918,dPL,0.2683161752210626,0.1737946946352588,0.271533191204071,0.1565864351060655,0.058646798365666,42.0,0.2096693768553966,0.11514789626959279,0.1092276264843329,0.6044408574585662,0.290254060373262,S3
04127918,dPL,0.2672075182318591,0.193992715719329,0.2383148555572216,0.1886481046676636,0.0465793973315988,123.0,0.22062812090026032,0.1474133183877302,0.1129177233143559,0.6058571888466202,0.290254060373262,S3
04127918,dPL,0.2681203752875231,0.1613158271818592,0.2540684938430786,0.1583136405263628,0.0726182921600339,2026.0,0.19550208312748918,0.08869753502182529,0.1094100860136315,0.6102227412017285,0.290254060373262,S3
04127997,IC,0.288435110376031,0.1445358901505773,0.4503895718523907,0.1699303859424344,0.1097447877234581,,0.1786903226525729,0.034791102427119205,0.1602483941861498,0.6591123840770727,0.268061615104673,S3
04127997,dPL,0.2351708643427474,0.1100790572952213,0.2381271362304687,0.1310366981907894,0.0932066781162201,42.0,0.1419641862265273,0.016872379179001196,0.1463909219032735,0.6588906558822603,0.268061615104673,S3
04127997,dPL,0.2006680052039622,0.1271118258246277,0.2624011891228812,0.1410066485404968,0.0803990907689846,123.0,0.12026891443497759,0.046712735055643106,0.1351598055438201,0.6662578338295211,0.268061615104673,S3
04127997,dPL,0.1900449836273814,0.1044039814926691,0.1786162928531044,0.1268643697102864,0.1000200646619002,2026.0,0.0900249189654812,0.004383916830768914,0.1449487980622505,0.6614298359652793,0.268061615104673,S3
04161580,IC,0.2773665841695928,0.165504152080242,0.1111432375008051,0.1090829789900063,0.1492528896464685,,0.12811369452312432,0.016251262433773506,0.0351372588756594,0.13186562486208997,0.157673147023086,S3
04161580,dPL,0.1718793037716814,0.064610401329865,0.1266373991966247,0.0794339391920301,0.0403083422471975,42.0,0.1315709615244839,0.024302059082667492,0.0276467965226095,0.12526771202617693,0.157673147023086,S3
04161580,dPL,0.1540243874260627,0.055942347620339,0.1075632932285467,0.1106026699668482,0.0499680098930255,123.0,0.1040563775330372,0.005974337727313497,0.0297282756430782,0.12148790702670065,0.157673147023086,S3
04161580,dPL,0.169444640018016,0.0635908189376934,0.1238749052348889,0.0750118919781276,0.0494145547722478,2026.0,0.12003008524576822,0.014176264165445603,0.0345039218045758,0.12628266158225676,0.157673147023086,S3
04185000,IC,0.2821404507251822,0.1155344251071587,0.3379050650619554,0.2363312374728818,0.0673255079878909,,0.2148149427372913,0.048208917119267794,-0.0396955257591384,0.0046570020610698926,0.125203448992686,S2
04185000,dPL,0.1243149403084701,0.0480098550107371,0.0916462931139716,0.0493854284286499,0.0500502247680277,42.0,0.0742647155404424,-0.0020403697572905985,0.0145846995838883,0.045109602050029896,0.125203448992686,S2
04185000,dPL,0.127136958247622,0.0497960464087115,0.063197532047828,0.0599809010823567,0.0463941449735563,123.0,0.0807428132740657,0.0034019014351551954,0.0124613910303644,0.036249705547583,0.125203448992686,S2
04185000,dPL,0.1081057144823455,0.0273539152687388,0.0828573293983936,0.0717828273773193,0.0532730574224393,2026.0,0.054832657059906205,-0.025919142153700496,0.0069568680144388,0.04475360798073591,0.125203448992686,S2
04196800,IC,0.3843423163633814,0.1330801469361746,0.4509365907701544,0.1537453299687097,0.1325668907231798,,0.2517754256402016,0.000513256212994806,0.0196601048662363,0.04982377371414226,0.099311648741759,S2
04196800,dPL,0.0417682484236215,0.0552836621064671,0.0661354912651909,0.0397532569037543,0.0482870185924713,42.0,-0.006518770168849802,0.006996643513995801,0.0124730085964707,0.06299459300571442,0.099311648741759,S2
04196800,dPL,0.0645340909939797,0.0833788801272256,0.0541474137987408,0.0909354360480057,0.0334925328297969,123.0,0.031041558164182803,0.04988634729742869,0.0131916424341436,0.049539840793978995,0.099311648741759,S2
04196800,dPL,0.0595374963641901,0.0633025839062094,0.0443830490112304,0.1000499911606311,0.0312300236244809,2026.0,0.028307472739709197,0.032072560281728495,0.0176393515980558,0.05022451370127623,0.099311648741759,S2
04197100,IC,0.0881544429230784,0.0595155683556513,0.2143533464899565,0.104041418381668,0.0928800674430811,,-0.004725624520002691,-0.0333644990874298,0.0255967841778721,0.05746678511435499,0.111863760810241,S2
04197100,dPL,0.0457579915212456,0.029816456145984,0.0334754096137153,0.0673384772406684,0.0629087642400989,42.0,-0.017150772718853305,-0.033092308094114904,0.0259402386396023,0.07999559637237574,0.111863760810241,S2
04197100,dPL,0.0571972942140772,0.0587560000256891,0.0370836046006943,0.0564278496636285,0.0507666803301687,123.0,0.006430613883908504,0.0079893196955204,0.0219953375779509,0.06882318385742459,0.111863760810241,S2
04197100,dPL,0.0437823996729726,0.034158199640319,0.027855004204644,0.0799807654486762,0.0474821663798208,2026.0,-0.003699766706848198,-0.0133239667395018,0.0280343197292398,0.07545016050388897,0.111863760810241,S2
04197170,IC,0.2732232065439338,0.1804088170150568,0.2657917660170484,0.1267105376015481,0.0572695925686052,,0.21595361397532858,0.12313922444645159,-0.0004162766315358,0.006910677893747441,0.10758495614117,S2
04197170,dPL,0.0386002420269493,0.042068337126863,0.0641434563530816,0.0506550073623657,0.0280101604504308,42.0,0.010590081576518497,0.014058176676432197,0.0237687051887509,0.040897281584373335,0.10758495614117,S2
04197170,dPL,0.0584749641082032,0.0629567449400748,0.028400977452596,0.0880774855613708,0.0377946601039802,123.0,0.020680304004223,0.025162084836094605,0.0199121516414241,0.031364406527844335,0.10758495614117,S2
04197170,dPL,0.0490535427542778,0.0542024652735645,0.0308987299601236,0.1070032119750976,0.0488417983627571,2026.0,0.00021174439152069763,0.005360666910807402,0.0227305178519401,0.03890964658099416,0.10758495614117,S2
04213000,IC,0.2292670575503086,0.2108300628140748,0.2996261467369963,0.1333169588457893,0.2618013298438083,,-0.03253427229349967,-0.05097126702973348,0.0503977481380324,0.1777370265673781,0.162227338465539,S3
04213000,dPL,0.1901515112287089,0.0668299543950179,0.2074169158935546,0.0357578701443142,0.0403212349388306,42.0,0.1498302762898783,0.026508719456187303,0.0407927847647849,0.1724870783772926,0.162227338465539,S3
04213000,dPL,0.1680109645911014,0.1097719285151734,0.1874227735731337,0.0836059294248882,0.03578764339623,123.0,0.1322233211948714,0.0739842851189434,0.0458322853607806,0.16819402562628782,0.162227338465539,S3
04213000,dPL,0.1528726279886191,0.160168708018118,0.1496267161871257,0.1398922204971314,0.0284524797929102,2026.0,0.12442014819570889,0.1317162282252078,0.0397896346312053,0.1717334985139808,0.162227338465539,S3
04213075,IC,0.253080595120007,0.1293548190117106,0.380851483962218,0.189889732089625,0.1489436873095007,,0.10413690781050633,-0.019588868297790107,0.0484377168297986,0.1645877846663052,0.160655070848624,S3
04213075,dPL,0.1903346151200813,0.0908818391050846,0.1780804282740543,0.0800308585166931,0.0556497287759352,42.0,0.1346848863441461,0.0352321103291494,0.0264875711601738,0.1548845988813038,0.160655070848624,S3
04213075,dPL,0.1765186756936592,0.1071607429856195,0.1512989029288292,0.0887007863898026,0.055106396579374,123.0,0.1214122791142852,0.052054346406245504,0.0312262974341972,0.150656744576126,0.160655070848624,S3
04213075,dPL,0.1830923153138482,0.1631560928344889,0.1796395370834752,0.1571785977908543,0.0530482125787743,2026.0,0.1300441027350739,0.11010788025571461,0.0282663148995019,0.1568098128326897,0.160655070848624,S3
04216418,IC,0.3071520868204218,0.2160498360731714,0.3623003248839305,0.2367514662515948,0.0773988844908786,,0.22975320232954316,0.1386509515822928,0.0548796868306026,0.32449426807118964,0.225393876789264,S3
04216418,dPL,0.2636699788710258,0.1339220266133938,0.1910573323567709,0.1251733303070068,0.0376939477071349,42.0,0.22597603116389087,0.09622807890625891,0.0894519064692284,0.30818917862254047,0.225393876789264,S3
04216418,dPL,0.2151892403700464,0.1842082481527238,0.1960337320963541,0.1528917948404947,0.0507332343912214,123.0,0.16445600597882498,0.1334750137615024,0.0898237001070507,0.3139862189234851,0.225393876789264,S3
04216418,dPL,0.2147489395345428,0.1413111180163354,0.1944472789764404,0.1385692082918607,0.0454063871877147,2026.0,0.1693425523468281,0.0959047308286207,0.0929338335094731,0.3103166853522885,0.225393876789264,S3
04221000,IC,0.2511757385578349,0.2511757385578349,0.3879537351455778,0.2294245405023349,0.1021872342577215,,0.14898850430011343,0.14898850430011343,0.0649175316659116,0.20886328982207547,0.207214753166224,S3
04221000,dPL,0.2404476676668819,0.0994975752200236,0.2384271025657653,0.0691197658407277,0.0410902052789284,42.0,0.1993574623879535,0.0584073699410952,0.0594920320915677,0.1915156227212298,0.207214753166224,S3
04221000,dPL,0.2533848319735226,0.1621869864491244,0.2509593963623047,0.1571762875506752,0.0483555074982982,123.0,0.20502932447522437,0.11383147895082621,0.0612322816688806,0.20035133390252002,0.207214753166224,S3
04221000,dPL,0.2880176280791708,0.1574972929981967,0.2455859714084201,0.1338607278363458,0.0295194204982142,2026.0,0.2584982075809566,0.1279778724999825,0.0608126832779167,0.20063013372210925,0.207214753166224,S3
04224775,IC,0.2753460683367712,0.2753460683367712,0.1759302355206964,0.4513701383078382,0.0813186179563174,,0.19402745038045383,0.19402745038045383,0.0692882177490998,0.20107523932839322,0.204650190587357,S3
04224775,dPL,0.2588022077646835,0.10400546842666,0.200208028157552,0.1016190648078918,0.0452244257117063,42.0,0.2135777820529772,0.058781042714953706,0.0624376294302022,0.192396232616173,0.204650190587357,S3
04224775,dPL,0.2263709993170987,0.1328273004521287,0.2123855791593853,0.1310334099663628,0.0521606350789513,123.0,0.1742103642381474,0.0806666653731774,0.0636269296001488,0.17822664420104006,0.204650190587357,S3
04224775,dPL,0.2254249543952237,0.1468731144401237,0.1836519837379455,0.1531128777398003,0.0384793548770722,2026.0,0.18694559951815148,0.10839375956305149,0.0645416253803407,0.19034342315014596,0.204650190587357,S3
04233000,IC,0.1985888143918442,0.2638690728370599,0.2267927777584343,0.2121622804990611,0.1005724306126688,,0.0980163837791754,0.1632966422243911,0.0305979159343374,0.10710054607548258,0.169532329377697,S3
04233000,dPL,0.2481993950529126,0.0717870118862411,0.1553753323025173,0.0470584630966186,0.0395808961921348,42.0,0.20861849886077782,0.03220611569410631,0.0139526431607746,0.0969527997517966,0.169532329377697,S3
04233000,dPL,0.1938111179942748,0.0782734378985927,0.15355143075188,0.0790846930609808,0.0468484841661425,123.0,0.1469626338281323,0.0314249537324502,0.0177791078704513,0.09650805711504351,0.169532329377697,S3
04233000,dPL,0.1947786099918876,0.0860674463586779,0.1341438293457031,0.0940224541558159,0.0418967333642835,2026.0,0.1528818766276041,0.0441707129943944,0.0142030301679791,0.10205495614830928,0.169532329377697,S3
04256000,IC,0.2484430955337463,0.1697399315769188,0.4041585963724465,0.2101361247912886,0.1005755061608383,,0.147867589372908,0.0691644254160805,0.1150032732197514,0.5353477543076796,0.279703584506989,S3
04256000,dPL,0.313459716925597,0.2333747954361977,0.3453944058253847,0.2417248448667427,0.0530056938058809,42.0,0.2604540231197161,0.1803691016303168,0.1259113610925968,0.5335320291816691,0.279703584506989,S3
04256000,dPL,0.3146513268638268,0.2244868640626056,0.2693365382159148,0.2876623400620052,0.0506442690418835,123.0,0.2640070578219433,0.17384259502072208,0.1255774045684126,0.5344138852437957,0.279703584506989,S3
04256000,dPL,0.3154173210549965,0.2402192016264113,0.2364552882318094,0.2130569730486188,0.0440911277658419,2026.0,0.2713261932891546,0.1961280738605694,0.1241356080434971,0.5318200173397353,0.279703584506989,S3
04296000,IC,0.3208433725950674,0.2083708564401655,0.4067354777324993,0.1629430437203133,0.0671226295336532,,0.25372074306141423,0.14124822690651231,0.1374966673537866,0.5731291915750913,0.273317826422307,S3
04296000,dPL,0.3120619779399164,0.2601358782988811,0.3080155253410339,0.2248837705701589,0.0707360835902015,42.0,0.2413258943497149,0.18939979470867957,0.1329905389716801,0.5521894377486025,0.273317826422307,S3
04296000,dPL,0.2719702983970798,0.2787798154429011,0.2201454954350386,0.2815991044044494,0.0352826165664664,123.0,0.23668768183061342,0.2434971988764347,0.1338982622971252,0.5537441016712317,0.273317826422307,S3
04296000,dPL,0.2744916967294638,0.2664841491389961,0.2028338603183025,0.2100907053266253,0.0683213256414708,2026.0,0.20617037108799297,0.1981628234975253,0.1313815314445914,0.5574639708096012,0.273317826422307,S3
05057200,IC,0.1710344790628747,0.0675178601842521,0.1477940680708317,0.1163264210935193,0.0539377488474448,,0.11709673021542989,0.013580111336807296,0.0108830389943379,0.04289409593763238,0.141789208175196,S2
05057200,dPL,0.2162428479042391,0.0856052190962527,0.0888243913650512,0.0432351430257161,0.0656336682607492,42.0,0.15060917964348988,0.01997155083550349,0.0153368610751486,0.0367512706272618,0.141789208175196,S2
05057200,dPL,0.1884861334790991,0.0647356138540876,0.0674720544081467,0.0262544155120849,0.0601574604016649,123.0,0.1283286730774342,0.004578153452422705,-0.0059453526544186,0.01606789704554401,0.141789208175196,S2
05057200,dPL,0.1786455898325377,0.0496534423184569,0.1038291179216825,0.0442482233047485,0.05883360464064,2026.0,0.1198119851918977,-0.009180162322183098,-0.0115454757916251,0.030684765059891594,0.141789208175196,S2
05120500,IC,0.2971382645085811,0.1710790168999945,0.3385818399265768,0.1755630196619263,0.1170372133624475,,0.18010105114613362,0.05404180353754699,-0.0832216710664559,-0.1003355652544755,0.19176626992326,S3
05120500,dPL,0.2060027023716074,0.0746446856709941,0.0706255252544696,0.0379738850252968,0.061588973422128,42.0,0.1444137289494794,0.013055712248866098,-0.0097308122554967,-0.0256699799081889,0.19176626992326,S3
05120500,dPL,0.1846901945103072,0.0700216032834578,0.0641086594811801,0.011963495841393,0.0663234174129358,123.0,0.11836677709737138,0.0036981858705219944,-0.0091754806509839,-0.0158083322005463,0.19176626992326,S3
05120500,dPL,0.1648148262334849,0.0654911682834532,0.0931840218030489,0.0258078681098089,0.0593555403260956,2026.0,0.10545928590738929,0.006135627957357594,-0.0074060134914629,-0.01236041910236,0.19176626992326,S3
05291000,IC,0.0625172729278326,0.1637779746932427,0.1423996234431301,0.119993008711579,0.0619165512801783,,0.0006007216476543037,0.10186142341306441,-0.0786930777370435,0.04821949155196259,0.148874500915531,S2
05291000,dPL,0.1807322860916873,0.0559758679249756,0.0679066128200954,0.0428964402940537,0.0555170777564539,42.0,0.1252152083352334,0.0004587901685217041,-0.0468262615639842,0.029579786979089695,0.148874500915531,S2
05291000,dPL,0.1976765786862141,0.0594760938117728,0.0576489338508019,0.0258601628817044,0.0673526646215372,123.0,0.13032391406467692,-0.0078765708097644,-0.0984202420796902,0.010736838991815434,0.148874500915531,S2
05291000,dPL,0.1595760248724805,0.0653592311342406,0.0517502678765191,0.0298347555357834,0.0460797257945487,2026.0,0.1134962990779318,0.019279505339691895,-0.0645381166768568,0.017444885918307174,0.148874500915531,S2
05362000,IC,0.2694218172348884,0.2629187805840757,0.2745312877131138,0.1787587683057558,0.231455318969568,,0.03796649826532039,0.03146346161450769,0.0556917372058702,0.2382153968625128,0.174430982504896,S3
05362000,dPL,0.2460700912754045,0.1217087879116013,0.2249237908257378,0.1689525842666626,0.0941539773606979,42.0,0.1519161139147066,0.02755481055090339,0.0049349677739457,0.19528108761661023,0.174430982504896,S3
05362000,dPL,0.1127253402776608,0.1435822610129524,0.1618892321219811,0.1137443525450569,0.0790572753145227,123.0,0.03366806496313811,0.06452498569842971,0.0238096613093908,0.20199672648124734,0.174430982504896,S3
05362000,dPL,0.2457575433407218,0.1723296692632304,0.2324999372164408,0.1427905612521701,0.0891167375554153,2026.0,0.1566408057853065,0.0832129317078151,0.01476926319206,0.21004949402584827,0.174430982504896,S3
05393500,IC,0.1502219138481639,0.224141239365209,0.2437526772089166,0.2129479057974289,0.1011558758327862,,0.04906603801537772,0.1229853635324228,0.0800129191621734,0.3244449119021596,0.19616986570515,S3
05393500,dPL,0.1917915090469288,0.1077958721451664,0.1976056416829427,0.2102041746440686,0.0867144180144318,42.0,0.10507709103249699,0.02108145413073459,0.0500194485445801,0.30420282215801586,0.19616986570515,S3
05393500,dPL,0.2231433569460467,0.1543288270149569,0.2448958502875433,0.1751113789422171,0.0779795242156036,123.0,0.1451638327304431,0.0763493027993533,0.0548626171372624,0.3002841746303776,0.19616986570515,S3
05393500,dPL,0.2217341971797435,0.1208953441852374,0.2121885511610243,0.1767769593458908,0.0817351739830276,2026.0,0.1399990231967159,0.0391601702022098,0.0545768474803091,0.30397228446430347,0.19616986570515,S3
05399500,IC,0.1799771743263085,0.2632802503997956,0.2417696155368941,0.2984531236384737,0.0705942247949922,,0.1093829495313163,0.19268602560480338,0.0335608560008477,0.21566071366571093,0.156958255923397,S3
05399500,dPL,0.2468913310000141,0.1051795887388183,0.1302982330322265,0.0906664133071899,0.0638015811614355,42.0,0.1830897498385786,0.0413780075773828,0.0144962725932068,0.2181147918833649,0.156958255923397,S3
05399500,dPL,0.1616430323683582,0.1161179560911653,0.1477366842721638,0.0874495932034084,0.0533014190215689,123.0,0.1083416133467893,0.0628165370695964,0.0212956132130873,0.1887725451017146,0.156958255923397,S3
05399500,dPL,0.2262693246661393,0.0916981655991711,0.1339134986584003,0.0499472022056579,0.094004034257194,2026.0,0.1322652904089453,-0.0023058686580229026,0.0174415820928462,0.19125970240247203,0.156958255923397,S3
05408000,IC,0.2855034102636018,0.1963024463404245,0.1383456288901375,0.1614669576113012,0.044166990383576,,0.24133641988002583,0.15213545595684852,0.0215348988264401,0.043165889817999625,0.140156645371,S2
05408000,dPL,0.1619237223415995,0.0442183828655983,0.0889299104088231,0.0720980763435363,0.0489514104284137,42.0,0.1129723119131858,-0.004733027562815399,-0.0029631375549432,0.03978488188691798,0.140156645371,S2
05408000,dPL,0.1347532443685091,0.0807217348585957,0.1139835781521266,0.0760319232940673,0.0594849006434028,123.0,0.07526834372510631,0.0212368342151929,0.0187968551732975,0.04203354308015039,0.140156645371,S2
05408000,dPL,0.2075859457333842,0.0535909514526744,0.1429065905119243,0.060010552406311,0.0507510331786912,2026.0,0.156834912554693,0.002839918273983201,0.0085482013709705,0.03840351605946779,0.140156645371,S2
05413500,IC,0.2309870564530203,0.2663426952390819,0.2784694920999296,0.2784694920999296,0.0359578993163926,,0.19502915713662772,0.2303847959226893,0.0234127940373043,0.05179613258721438,0.124159245932601,S2
05413500,dPL,0.2247760503836257,0.0540361846534815,0.138937771320343,0.0329958541052682,0.0283088635793807,42.0,0.196467186804245,0.0257273210741008,0.0099716100364664,0.0438349781580204,0.124159245932601,S2
05413500,dPL,0.2295191024134673,0.0606038075875504,0.1405053880479599,0.0387417799548099,0.0290087197611845,123.0,0.2005103826522828,0.0315950878263659,0.0098755292028279,0.0347397959735638,0.124159245932601,S2
05413500,dPL,0.2066473767884162,0.0801105924779906,0.1374189257621765,0.0503462553024292,0.0307120114094284,2026.0,0.1759353653789878,0.0493985810685622,0.0037877368253118,0.036100474330486354,0.124159245932601,S2
05414000,IC,0.2917832538680198,0.2563230792845785,0.223107296000132,0.210921172809291,0.0678116136285771,,0.2239716402394427,0.18851146565600138,0.0269330179875041,0.05504143039075682,0.123542293769616,S2
05414000,dPL,0.2026895167276652,0.0559942040189458,0.1532536745071411,0.0357484605577257,0.03215348684763,42.0,0.1705360298800352,0.0238407171713158,0.0142921337974495,0.05135872736339264,0.123542293769616,S2
05414000,dPL,0.225324169800016,0.0507735523923589,0.1341186523437499,0.0425678677029079,0.0378403660056501,123.0,0.18748380379436588,0.012933186386708803,0.0106259118779842,0.036203310531996435,0.123542293769616,S2
05414000,dPL,0.2097165266725745,0.0713276777013494,0.1210850477218627,0.0481230020523071,0.0427135998692617,2026.0,0.1670029268033128,0.0286140778320877,0.0116720073436867,0.04322237953874475,0.123542293769616,S2
05444000,IC,0.2700262648147762,0.1059453549102135,0.055137722688299,0.037706306859499,0.1635221090864796,,0.1065041557282966,-0.05757675417626611,0.0226139399563526,0.08224753022149645,0.113352332875094,S2
05444000,dPL,0.1432321058503216,0.0620315307178463,0.1169180976019965,0.0476799751150197,0.0255979604067313,42.0,0.11763414544359029,0.03643357031111499,0.0215598769196577,0.08832394346090322,0.113352332875094,S2
05444000,dPL,0.1796440187290253,0.0964856985241168,0.1563746134440103,0.0775653437564247,0.0157865736950733,123.0,0.163857445033952,0.0806991248290435,0.0255445760432182,0.08218541484168262,0.113352332875094,S2
05444000,dPL,0.1728722337379207,0.0687285831213465,0.1463154554367065,0.0632596015930175,0.0220498558388004,2026.0,0.1508223778991203,0.0466787272825461,0.0260938459964374,0.0822105421142445,0.113352332875094,S2
05454000,IC,0.1698337710590158,0.1848128530932013,0.1700526397873882,0.159974728109932,0.0624674425209853,,0.10736632853803049,0.12234541057221601,0.0083505145679297,0.06071814316380153,0.102381239516297,S2
05454000,dPL,0.1156271183848354,0.0466332675089204,0.0996320088704427,0.0458520650863647,0.0168397211286291,42.0,0.0987873972562063,0.0297935463802913,-0.0039367462070042,0.07844295113696731,0.102381239516297,S2
05454000,dPL,0.1063371635489962,0.072071116933555,0.0979480743408202,0.0939689628009138,0.0172886506576031,123.0,0.0890485128913931,0.0547824662759519,0.0115096849192151,0.07259550243713553,0.102381239516297,S2
05454000,dPL,0.1134972655455239,0.0623306390878306,0.0860068271034642,0.0752638922797308,0.0269397217175284,2026.0,0.0865575438279955,0.0353909173703022,0.0092391267958666,0.0702388889123926,0.102381239516297,S2
05458000,IC,0.1161023189372721,0.2230643736577848,0.2459023531617856,0.2000019062049945,0.0957785544582193,,0.020323764479052805,0.1272858191995655,0.0244389248850981,-0.01050222336598916,0.122540965691067,S2
05458000,dPL,0.2010360751461367,0.0745016125694574,0.1437407599555122,0.0773823261260986,0.0385000151026667,42.0,0.16253606004347,0.03600159746679071,0.0155328105226484,0.024464174899202162,0.122540965691067,S2
05458000,dPL,0.2384340804294888,0.0825128151382281,0.2135653746755499,0.0675556988551698,0.0439765551160302,123.0,0.1944575253134586,0.0385362600221979,0.004193136225713,0.042165483379331015,0.122540965691067,S2
05458000,dPL,0.1898264733069856,0.1031104306211676,0.1943484544754028,0.0758696543542962,0.0272407762668713,2026.0,0.1625856970401143,0.07586965435429631,0.0133873902815974,0.043703484015226834,0.122540965691067,S2
05466500,IC,0.1748411525073929,0.2932576938832616,0.1506318654942808,0.2195610067918504,0.0567800500990423,,0.1180611024083506,0.23647764378421932,0.0161235114862172,0.0479948982874554,0.107102802145215,S2
05466500,dPL,0.0600434502365954,0.0398084493389055,0.0382378026058799,0.0324739880032009,0.0278380694065535,42.0,0.0322053808300419,0.011970379932351997,0.0087579758689703,0.05331770383304757,0.107102802145215,S2
05466500,dPL,0.0615923444029919,0.0511937053649121,0.0252470719186883,0.0632180838749326,0.0197133835902076,123.0,0.0418789608127843,0.0314803217747045,0.0168426021986186,0.052763165311948135,0.107102802145215,S2
05466500,dPL,0.0975401362183459,0.0494410685609107,0.0522500711182753,0.0827865812513563,0.0275480502349749,2026.0,0.06999208598337099,0.021893018325935796,0.0163873694184755,0.05529781507087894,0.107102802145215,S2
05487980,IC,0.1332262188930987,0.1731349128104942,0.0656433691103971,0.2895805250474366,0.1254944643178489,,0.0077317545752498,0.04764044849264529,0.0044838446578399,0.02538531417870271,0.0964519167641938,S2
05487980,dPL,0.0231562707280846,0.0380958512722645,0.0214014695240901,0.044497827003742,0.0166131366993717,42.0,0.006543134028712899,0.021482714572892803,0.00422801003199,0.041730750113132764,0.0964519167641938,S2
05487980,dPL,0.0297777884547759,0.0502798818754031,0.0144146169934953,0.0401404087360088,0.0141670639147926,123.0,0.0156107245399833,0.0361128179606105,0.0110716836813479,0.04107137068617994,0.0964519167641938,S2
05487980,dPL,0.0270710387688965,0.0547167446644152,0.0225331508196317,0.0439026355743408,0.0200064912146063,2026.0,0.007064547554290201,0.0347102534498089,0.0181490848086759,0.03744094917778196,0.0964519167641938,S2
05488200,IC,0.2443510379313154,0.2695615115047793,0.1146208897665571,0.0720745982995525,0.1065622395068752,,0.1377887984244402,0.1629992719979041,0.0093426694459778,0.027678613538290375,0.10182137585369,S2
05488200,dPL,0.0414716932088971,0.0252185300240057,0.0447116004096136,0.0330045064290364,0.0055904007820914,42.0,0.0358812924268057,0.0196281292419143,-0.0003605023207157,0.04194069673472722,0.10182137585369,S2
05488200,dPL,0.0440637936602871,0.0307024566557547,0.0292572481878872,0.0395455543811504,0.0078519617084067,123.0,0.0362118319518804,0.022850494947347998,0.0088949156707835,0.03953930489894997,0.10182137585369,S2
05488200,dPL,0.0496119706061026,0.0277278989961585,0.0534137301974826,0.0407892832389244,0.0058774567513296,2026.0,0.043734513854773,0.0218504422448289,0.0106642339915449,0.04172978273485328,0.10182137585369,S2
05489000,IC,0.1827968591029495,0.0388146763317722,0.179201637759269,0.0687467910162025,0.0437581087461461,,0.13903875035680338,-0.004943432414373901,0.0080161483754507,0.04491214917581887,0.0977424681708028,S2
05489000,dPL,0.0352615437581209,0.0328326673963929,0.0409203767776489,0.0310434129503037,0.0182626608515802,42.0,0.0169988829065407,0.014570006544812702,0.007680078943546,0.03664131826614159,0.0977424681708028,S2
05489000,dPL,0.0403379905212977,0.0177374570107599,0.0238137409604828,0.031210917692918,0.0200273931258931,123.0,0.020310597395404598,-0.0022899361151331975,0.010605879108574,0.03198331486570327,0.0977424681708028,S2
05489000,dPL,0.0370608940727911,0.0282322312880614,0.0517531500922309,0.0332004473759577,0.0146922560194397,2026.0,0.022368638053351396,0.0135399752686217,0.0145053075260204,0.0331122662043688,0.0977424681708028,S2
05495000,IC,0.1943831674160498,0.1098507432220019,0.177533810532715,0.0217366433819518,0.2990431891855108,,-0.10466002176946101,-0.18919244596350893,-0.0001120654619647,0.022651897474124216,0.0965623589589288,S2
05495000,dPL,0.0639416677121482,0.0283279644700765,0.0343049579196506,0.0232549879286024,0.0114855867986045,42.0,0.052456080913543694,0.016842377671472,0.0076730530667288,0.027527157832423654,0.0965623589589288,S2
05495000,dPL,0.0199801887403033,0.0477298090277479,0.0369483232498168,0.0322325362099541,0.0123928605122788,123.0,0.007587328228024501,0.0353369485154691,0.0064704778006976,0.021450855607664465,0.0965623589589288,S2
05495000,dPL,0.0497738543001,0.0533551311577392,0.030599193913596,0.0314195950826009,0.0129343338038723,2026.0,0.0368395204962277,0.040420797353866895,0.0109429860111199,0.022909646775969628,0.0965623589589288,S2
05495500,IC,0.069778411548899,0.3491794826318528,0.1415738085306974,0.035110090520823,0.1154841562117886,,-0.04570574466288961,0.2336953264200642,-0.005124391323365,0.006523003570858776,0.0758324970984556,S2
05495500,dPL,0.0302875229237543,0.0413646412195703,0.0177005595631069,0.0441755514878493,0.0149916583955168,42.0,0.0152958645282375,0.026372982824053502,0.0010188744786123,0.024958307514871603,0.0758324970984556,S2
05495500,dPL,0.0265511117231249,0.0557216287205524,0.0457130538092719,0.0505899217393663,0.0203038494166949,123.0,0.006247262306429999,0.0354177793038575,0.0070344935500648,0.02524584880654901,0.0758324970984556,S2
05495500,dPL,0.0156015112661256,0.0611521667993867,0.0299721956253051,0.0448012457953558,0.020455500662902,2026.0,-0.0048539893967763995,0.0406966661364847,0.0056697020097078,0.02335789952128664,0.0758324970984556,S2
05501000,IC,0.177612399268869,0.0983013236625812,0.1227205288840561,0.1195354016883754,0.0298548361064392,,0.14775756316242977,0.068446487556142,-0.0146349322411347,0.003952305843788362,0.0805965933083467,S2
05501000,dPL,0.0296343881194581,0.0157058351436925,0.020857196384006,0.0215754233873807,0.0130299655533347,42.0,0.0166044225661234,0.0026758695903578,-0.0052957751621766,0.01626422368095437,0.0805965933083467,S2
05501000,dPL,0.0144271653472016,0.0234909406180355,0.029232194688585,0.013545983367496,0.0117501818966527,123.0,0.0026769834505488994,0.0117407587213828,0.0027148312400315,0.018164851274054317,0.0805965933083467,S2
05501000,dPL,0.022567958133564,0.0293275970680346,0.031688732571072,0.0262584262424044,0.014818120288237,2026.0,0.007749837845326998,0.014509476779797598,0.0065967713710731,0.02154684444471555,0.0805965933083467,S2
05503800,IC,0.2481730899086524,0.0721478289467951,0.1443753181371415,0.0326248032070481,0.0638081220597172,,0.1843649678489352,0.0083397068870779,-0.0131750149467341,0.029510243698710803,0.0832843857982754,S2
05503800,dPL,0.0145950255365656,0.0144959949015858,0.0148947972517747,0.0359522870608738,0.0187912743223372,42.0,-0.0041962487857715985,-0.004295279420751398,0.0011175305359671,0.02053740168124596,0.0832843857982754,S2
05503800,dPL,0.0263825365616012,0.033720618035649,0.0443287142391862,0.0453629585412832,0.0083681303074617,123.0,0.0180144062541395,0.0253524877281873,0.0024297714376627,0.014745525185968722,0.0832843857982754,S2
05503800,dPL,0.0226357641106196,0.0398820349289108,0.0342315435409545,0.0396752251519096,0.0143772704030267,2026.0,0.0082584937075929,0.0255047645258841,0.0029961007138927,0.022059461047347573,0.0832843857982754,S2
05507600,IC,0.1389614869510105,0.0555121129575384,0.1093305649818542,0.2284245458308195,0.0296309219691562,,0.10933056498185428,0.025881190988382197,-0.0194131831297122,-0.00033873152168362175,0.0742633892998097,S2
05507600,dPL,0.0222004630965573,0.0243645332962483,0.0199254353841145,0.0287961747911241,0.0092051547726469,42.0,0.0129953083239104,0.015159378523601401,-0.0047605490027388,0.02478254826691384,0.0742633892998097,S2
05507600,dPL,0.0344501172245825,0.0648917493909109,0.0144307439525922,0.0671887397766113,0.0116869642861367,123.0,0.022763152938445802,0.0532047851047742,-0.0057281792273141,0.022238592178854377,0.0742633892998097,S2
05507600,dPL,0.0194982336422379,0.0641456410758017,0.0234770774841308,0.065053039126926,0.0199515986717012,2026.0,-0.00045336502946330057,0.044194042404100506,-0.0057312523958094,0.0238741522821182,0.0742633892998097,S2
05508805,IC,0.1419537537165681,0.2525312879113096,0.0416019739678108,0.2366612761561751,0.0926561976371345,,0.049297556079433605,0.15987509027417507,-0.025607654371541,-0.018270460409522182,0.075793058486455,S2
05508805,dPL,0.0301484475901241,0.0335783566105,0.0132492184638977,0.0207806044611437,0.0138666467508002,42.0,0.0162818008393239,0.019711709859699802,-0.003161122598174,0.019291385634695568,0.075793058486455,S2
05508805,dPL,0.0349729578940229,0.0444888270931623,0.0359751171535916,0.0441505842738681,0.0138588948888989,123.0,0.021114063005124,0.030629932204263396,-0.0067961679543132,0.017682957162397983,0.075793058486455,S2
05508805,dPL,0.0280783945202565,0.0378503758462114,0.0149053335189819,0.039337158203125,0.0166185651513811,2026.0,0.0114598293688754,0.021231810694830298,-0.0047900666960476,0.01924540978357603,0.075793058486455,S2
05525500,IC,0.2495231545814238,0.1388415886327569,0.1418629311311914,0.2311667834834269,0.1227699928510572,,0.1267531617303666,0.016071595781699685,0.015151905990055,-0.013078608453814367,0.0775662992910571,S2
05525500,dPL,0.0449049392968826,0.0328421977454065,0.0258556767513877,0.0387795455753803,0.0205950056193567,42.0,0.0243099336775259,0.012247192126049796,0.0196217144930532,0.04954924006015882,0.0775662992910571,S2
05525500,dPL,0.0554868979204216,0.0696054980478388,0.0349340226915147,0.0697821173174628,0.0243817549293204,123.0,0.0311051429911012,0.0452237431185184,0.0216275353427763,0.041850232206542826,0.0775662992910571,S2
05525500,dPL,0.0416307167505745,0.0601100896176785,0.0146679511437049,0.0764745473861694,0.0237967962105885,2026.0,0.017833920539985997,0.03631329340709,0.023857331989484,0.04842702354561801,0.0775662992910571,S2
05556500,IC,0.2180230835859554,0.2436663792802425,0.1706235258345619,0.1958562002381121,0.1131280688140233,,0.1048950147719321,0.13053831046621922,0.0116373247148918,0.06315320270531177,0.106987814559373,S2
05556500,dPL,0.1016372744589766,0.0781885800935006,0.0670065428081311,0.061484328631697,0.0231776102712772,42.0,0.07845966418769941,0.05501096982222341,0.0065733047496578,0.05838730365058897,0.106987814559373,S2
05556500,dPL,0.0710892768312759,0.1045262024000366,0.0615136040581596,0.090917476585933,0.0192215557951873,123.0,0.0518677210360886,0.0853046466048493,0.0161199734762511,0.05795141581860486,0.106987814559373,S2
05556500,dPL,0.1133522746007201,0.0995466921028994,0.0402289628982543,0.1197590572493417,0.0219407212244756,2026.0,0.0914115533762445,0.0776059708784238,0.0162392867210016,0.057118285286301584,0.106987814559373,S2
05584500,IC,0.083598435455689,0.303983951252171,0.2434952198246621,0.3000582370557189,0.1153920089364672,,-0.0317935734807782,0.18859194231570378,0.008811078818573,-0.0321826564357528,0.0864765586667042,S2
05584500,dPL,0.0465299915895873,0.0192048631767133,0.0150191452768113,0.0528650037173566,0.0182010468781989,42.0,0.0283289447113884,0.0010038162985143984,0.0047059610080349,0.032740669546658774,0.0864765586667042,S2
05584500,dPL,0.0335757959304411,0.0510982746909178,0.0276826958907278,0.0463237365086873,0.0198695954621833,123.0,0.013706200468257799,0.031228679228734502,0.009282738728363,0.03318865570114404,0.0864765586667042,S2
05584500,dPL,0.0373081565729729,0.0445669621430367,0.0396095381842719,0.0381722384028964,0.0213945988936181,2026.0,0.0159135576793548,0.0231723632494186,0.0078933636251647,0.03289685951433996,0.0864765586667042,S2
05591550,IC,0.1919742924321415,0.1096947173557911,0.3466025869426764,0.3299568960970945,0.2142875290705603,,-0.022313236638418804,-0.10459281171476921,-0.0075931636665167,-0.012676742004705255,0.0692516054963585,S2
05591550,dPL,0.0538496304283129,0.0194287909248928,0.0219444036483764,0.0231274074978299,0.0162006570143944,42.0,0.0376489734139185,0.0032281339104984,0.0048072433993615,0.022213711786089108,0.0692516054963585,S2
05591550,dPL,0.070745761518026,0.0280444692840589,0.0528666377067565,0.0434789021809896,0.0185310234969376,123.0,0.052214738021088405,0.009513445787121301,0.0079419137760275,0.022146599657858812,0.0692516054963585,S2
05591550,dPL,0.0524390343425862,0.0177906512453489,0.0337566777279502,0.0338691287570529,0.0183027703362002,2026.0,0.034136264006386,-0.0005121190908513006,0.0063752151067771,0.023067581494636724,0.0692516054963585,S2
05592050,IC,0.2471651286181208,0.095183154967725,0.389058828738218,0.1167310533360677,0.0583183125601916,,0.1888468160579292,0.036864842407533405,-0.0028867451482518,-0.017772109555009963,0.0740889287495313,S2
05592050,dPL,0.0442953784709616,0.018515671787739,0.0211597681045532,0.0364530086517334,0.0240807637591359,42.0,0.020214614711825698,-0.005565091971396902,0.0048093029501872,0.02105876823695607,0.0740889287495313,S2
05592050,dPL,0.0623344474763828,0.0352221611106724,0.0459551627819354,0.0490908940633138,0.0177834321321239,123.0,0.0445510153442589,0.017438728978548496,0.0056152853668828,0.02112533298938879,0.0740889287495313,S2
05592050,dPL,0.0343879063399047,0.0220629913121706,0.0383525045294511,0.0362036810980902,0.019791975841197,2026.0,0.014595930498707697,0.002271015470973598,0.0035288992087908,0.022247956303546812,0.0740889287495313,S2
05592575,IC,0.294707051241016,0.315761233470871,0.2556568006215737,0.294898467544765,0.1112116928306629,,0.18349535841035308,0.20454954064020808,-0.0024247292653879,0.001782658534633219,0.0638801924050215,S2
05592575,dPL,0.0486335346598351,0.0233267965426224,0.0328880548477172,0.0406202673912048,0.0258433470633609,42.0,0.022790187596474203,-0.0025165505207385003,0.0039447619766682,0.01388281687435966,0.0638801924050215,S2
05592575,dPL,0.0432343456068882,0.0464324087402299,0.0227124532063801,0.0481039080126532,0.0201255100602492,123.0,0.023108835546639,0.0263068986799807,0.003515980163216,0.011421218598001048,0.0638801924050215,S2
05592575,dPL,0.0494604836921235,0.0550432913736657,0.0285278320312499,0.0409744525777882,0.0232788250175011,2026.0,0.026181658674622396,0.031764466356164596,0.0049353883233876,0.013104708023788825,0.0638801924050215,S2
05593575,IC,0.3506325472610131,0.1075703485330244,0.3848735325929166,0.0955109069657829,0.1729356237467414,,0.17769692351427172,-0.065365275213717,-0.0123670512167721,-0.014701251178536379,0.0547473552431735,S2
05593575,dPL,0.0290388052037944,0.0251609491542761,0.0108328399558862,0.02816903591156,0.0203445370622883,42.0,0.0086942681415061,0.004816412091987802,0.0037980834075588,0.021603086301706376,0.0547473552431735,S2
05593575,dPL,0.0288903772180656,0.0526244100999251,0.0313616074048555,0.053402116563585,0.0198196153487051,123.0,0.0090707618693605,0.03280479475122,-0.0024702988602988,0.018663296921657246,0.0547473552431735,S2
05593575,dPL,0.0310422961286296,0.057848216380764,0.0360417366027832,0.0585026826177325,0.0185623025778534,2026.0,0.0124799935507762,0.0392859138029106,-0.0021687445587219,0.020240458573665188,0.0547473552431735,S2
05593900,IC,0.2119335228607433,0.186176618701661,0.3865046963087487,0.1950739686980132,0.0589835161709522,,0.15295000668979108,0.1271931025307088,-0.0078240696352238,0.011230756464170932,0.0734339258739105,S2
05593900,dPL,0.0391401492558965,0.0225139402815853,0.0255972457428773,0.0397498057438777,0.0151956010577415,42.0,0.023944548198154995,0.0073183392238437995,0.0001658685846985,0.0024832826051313095,0.0734339258739105,S2
05593900,dPL,0.047337025040438,0.052445750810957,0.0362360848320855,0.0606670975685119,0.0204477069068713,123.0,0.026889318133566698,0.0319980439040857,0.0035579619126917,0.005953785002506984,0.0734339258739105,S2
05593900,dPL,0.0469073121058123,0.0512727740120129,0.037013292312622,0.0692320721490041,0.0179592981369912,2026.0,0.0289480139688211,0.033313475875021696,-0.0002642756084826,0.003999161029876741,0.0734339258739105,S2
05595730,IC,0.061501585230772,0.1525150461166792,0.2074818066939661,0.1732137621227762,0.0907902436923855,,-0.0292886584616135,0.06172480242429371,-0.0093117199131973,-0.03150151125929257,0.05667164669358,S2
05595730,dPL,0.0390231882034075,0.0360577961778189,0.01958679623074,0.0291980504989624,0.0172822423634229,42.0,0.0217409458399846,0.018775553814396002,0.0046931651240381,0.022833907621664595,0.05667164669358,S2
05595730,dPL,0.0403579615410402,0.0357748774545687,0.0288110354851032,0.048324167728424,0.0164448623254594,123.0,0.023913099215580803,0.0193300151291093,0.0020783741901168,0.01934941404719681,0.05667164669358,S2
05595730,dPL,0.0299429971178508,0.0467223741185391,0.0397133401462009,0.0620385135213534,0.0223486689584749,2026.0,0.007594328159375902,0.0243737051600642,0.0050829459799773,0.019976687327340592,0.05667164669358,S2
06221400,IC,0.3962145323715604,0.4083607878077446,0.3155326519528043,0.1974157453386437,0.1818280482154057,,0.2143864841561547,0.22653273959233888,0.1225395809909161,0.6820023829155687,0.714826752405444,S5
06221400,dPL,0.3333956144833495,0.2565788507063031,0.3406603342065444,0.3580437806936411,0.0942388342612031,42.0,0.23915678022214637,0.1623400164451,0.0785892907908914,0.6415713326269091,0.714826752405444,S5
06221400,dPL,0.337242992049287,0.2582517908603517,0.3446190490534431,0.344529359748489,0.0583181108810018,123.0,0.2789248811682852,0.1999336799793499,0.0791087031891808,0.6234775901189538,0.714826752405444,S5
06221400,dPL,0.3493249227292214,0.2146558327711962,0.2932830810546875,0.312612633956106,0.0895559796589917,2026.0,0.2597689430702297,0.1250998531122045,0.0821963162415611,0.6439128109726937,0.714826752405444,S5
06224000,IC,0.4229831781095338,0.2625673368784877,0.4146930142947418,0.2620103085833355,0.0830430751176806,,0.3399401029918532,0.1795242617608071,0.1600761592816765,0.6320062478846342,0.693901350936104,S5
06224000,dPL,0.3243539770294388,0.2909913525003503,0.3341154868786151,0.311391364203559,0.0689749216161324,42.0,0.2553790554133064,0.2220164308842179,0.0921146836010994,0.6173587511269983,0.693901350936104,S5
06224000,dPL,0.3282805241303496,0.2651846806936062,0.37590313114618,0.3218868918096026,0.0494046528012172,123.0,0.2788758713291324,0.21578002789238898,0.0949531725178888,0.620366455026506,0.693901350936104,S5
06224000,dPL,0.3433919939824612,0.2200856145676765,0.3447037347053227,0.3255909064720417,0.0516613334988934,2026.0,0.29173066048356777,0.1684242810687831,0.0930589247003275,0.6209632529127662,0.693901350936104,S5
06278300,IC,0.3648262365514825,0.3683058770801442,0.39712998335954,0.3440940926913848,0.1447266537268366,,0.2200995828246459,0.22357922335330757,0.1484901283135115,0.7236921662832433,0.732862235334757,S5
06278300,dPL,0.315533216819358,0.1912712134185209,0.3587800345225592,0.2247334803853716,0.0920116221146165,42.0,0.22352159470474148,0.09925959130390441,0.1257245314473427,0.6583994631018989,0.732862235334757,S5
06278300,dPL,0.3113185953121535,0.2130563132391591,0.3297906793080843,0.2588017170245831,0.0825981688203276,123.0,0.2287204264918259,0.13045814441883152,0.1242847488286545,0.6565579073621091,0.732862235334757,S5
06278300,dPL,0.3091056593305406,0.2154035176382008,0.3370051681995392,0.2726277865861591,0.0967730293644687,2026.0,0.21233262996607194,0.11863048827373208,0.0994271673929243,0.6748067798904928,0.732862235334757,S5
06280300,IC,0.4189636653328308,0.4189636653328308,0.3875023699143,0.3343909985165421,0.137805984421252,,0.2811576809115788,0.2811576809115788,0.0932469995465511,0.8301536235295897,0.666773488915146,S5
06280300,dPL,0.3428799002197299,0.3078571269859952,0.4155797298465456,0.3757481111420525,0.1202439895849345,42.0,0.22263591063479543,0.18761313740106073,0.0884215682035352,0.8057440804564329,0.666773488915146,S5
06280300,dPL,0.3720491923504357,0.2817643383121373,0.3715545555640911,0.3404522604412502,0.1118311970934713,123.0,0.26021799525696443,0.16993314121866604,0.0956579779806975,0.8036425344768346,0.666773488915146,S5
06280300,dPL,0.324851236258219,0.2523046826982864,0.3554403516981337,0.3354312871631823,0.0909224117710443,2026.0,0.23392882448717467,0.16138227092724206,0.0950222867015898,0.8077389900448044,0.666773488915146,S5
06289000,IC,0.3322843523025838,0.1982659142855264,0.378227657757165,0.1159598307084245,0.1298521255370612,,0.20243222676552258,0.06841378874846518,0.0883543844399819,0.3470982892807127,0.583642806430044,S5
06289000,dPL,0.3300168537803062,0.1626549574403704,0.2653127908706666,0.1681543588638305,0.0555914091884907,42.0,0.2744254445918155,0.10706354825187969,0.1148208453605121,0.2852254268210748,0.583642806430044,S5
06289000,dPL,0.2649801276117479,0.2216142276651189,0.2546751499176026,0.2121665477752685,0.0570921625337776,123.0,0.20788796507797028,0.1645220651313413,0.0727370636133316,0.3303779440101849,0.583642806430044,S5
06289000,dPL,0.2647523556508842,0.218936180123292,0.2715826779603958,0.2240173158974483,0.0484831499802113,2026.0,0.21626920567067287,0.1704530301430807,0.0786536490205456,0.35855282203709377,0.583642806430044,S5
06291500,IC,0.3414790375188257,0.1418693975499532,0.5216488562760809,0.1127832133493081,0.1061402505226449,,0.23533878699618077,0.0357291470273083,-0.0115966383184042,0.10205037610975332,0.404772816694431,S4
06291500,dPL,0.2655379655927299,0.0971006227452043,0.1970975152377424,0.1067232026865607,0.0826441277699217,42.0,0.18289383782280821,0.014456494975282605,0.0645652620504672,0.008951560700984906,0.404772816694431,S4
06291500,dPL,0.3132460847500382,0.1274262681444583,0.2267519916806902,0.12843729634034,0.052222577793031,123.0,0.26102350695700716,0.0752036903514273,0.0624639363829493,0.009375149759988766,0.404772816694431,S4
06291500,dPL,0.3008487318956274,0.1697696516550129,0.2359358893500434,0.1369877285427517,0.0740808334258742,2026.0,0.2267678984697532,0.0956888182291387,0.0664629722776628,-0.006536913819644274,0.404772816694431,S4
06311000,IC,0.2744015394914668,0.2448409796706976,0.3465838897839838,0.2302538076730776,0.2494002430255464,,0.025001296465920392,-0.004559263354848797,0.2054101754261683,0.21651906267788745,0.57382796016244,S5
06311000,dPL,0.245744111024635,0.0871064098524421,0.1972488403320312,0.0677711168924967,0.0642297161529086,42.0,0.1815143948717264,0.022876693699533504,0.068396294670372,0.08516071638454603,0.57382796016244,S5
06311000,dPL,0.3350162564342749,0.1002834504429807,0.246037663353814,0.0782652820150057,0.0488357620959487,123.0,0.2861804943383262,0.051447688347032006,0.0780710352314185,0.07052955980774167,0.57382796016244,S5
06311000,dPL,0.2482229456521386,0.1383785969894445,0.1955854892730713,0.070310354232788,0.0394380767807186,2026.0,0.20878486887142,0.09894052020872589,0.071278366885285,0.08004031609916107,0.57382796016244,S5
06332515,IC,0.1891429722174884,0.1287315301055491,0.1930223872623778,0.2861992494698959,0.1130583749768925,,0.07608459724059591,0.015673155128656607,0.103069191924401,0.11803179043797929,0.173914615394175,S3
06332515,dPL,0.140520467566361,0.0723755594729513,0.0870674231956745,0.0520048041092722,0.0905306275982541,42.0,0.049989839968106894,-0.018155068125302806,0.0749648862131767,0.12597434246857053,0.173914615394175,S3
06332515,dPL,0.1362666726658212,0.0700750675983216,0.1007186041937934,0.0257524847984313,0.0726315108127381,123.0,0.06363516185308311,-0.00255644321441649,0.0915604975165456,0.128663479937708,0.173914615394175,S3
06332515,dPL,0.1602067146134174,0.0744934187466258,0.0609732907393882,0.0439568201700846,0.0719393582422981,2026.0,0.08826735637111931,0.0025540605043277015,0.0874372631677563,0.131565230485175,0.173914615394175,S3
06339100,IC,0.2282140542256951,0.0943747326024071,0.389321207491019,0.1461265202936281,0.0963833369274198,,0.1318307172982753,-0.0020086043250126945,0.0223076619619568,0.06534642327315054,0.160349274004295,S3
06339100,dPL,0.1334627020701861,0.0590507717072414,0.0734990835189819,0.0435441758897569,0.04601065339584,42.0,0.0874520486743461,0.013040118311401401,-0.0580508305939877,0.05495218016003367,0.160349274004295,S3
06339100,dPL,0.1412124187476021,0.043625867130346,0.0920037031173706,0.0604087114334106,0.0374389374346544,123.0,0.1037734813129477,0.006186929695691595,-0.0693147757334475,0.01933256600371669,0.160349274004295,S3
06339100,dPL,0.1658332802291451,0.1024434193445028,0.0680638300745111,0.0632869256170172,0.0490857656327107,2026.0,0.1167475145964344,0.053357653711792095,-0.0151372224349514,0.005324285566358333,0.160349274004295,S3
06344600,IC,0.2876883506620675,0.1437685182980987,0.167667535592364,0.1236607641678719,0.1357521624258177,,0.1519361882362498,0.008016355872281,-0.0155106836221732,0.06683347735515421,0.162624033289867,S3
06344600,dPL,0.1317060549402667,0.0750773938002784,0.0546228022951828,0.0427163711615971,0.0436384466000683,42.0,0.08806760834019839,0.03143894720021011,-0.0718681325015013,0.048409593420673525,0.162624033289867,S3
06344600,dPL,0.1194299594451548,0.0804783814540262,0.0825555324554443,0.0361927289229173,0.0311901487440638,123.0,0.088239810701091,0.049288232709962396,-0.0288746032980653,0.05027326015296174,0.162624033289867,S3
06344600,dPL,0.1621842680542932,0.0988404962710254,0.0596855502379568,0.0531042563287835,0.039864942517291,2026.0,0.1223193255370022,0.058975553753734394,-0.0146395559282124,0.04056498144155074,0.162624033289867,S3
06350000,IC,0.2189684328347577,0.1049096099167035,0.26741865631378,0.2728735247036777,0.1503541635278466,,0.06861426930691109,-0.04544455361114311,0.0045413820290327,0.041371783870917334,0.164913327830338,S3
06350000,dPL,0.0582112275758025,0.0917942772252988,0.0389367010858323,0.0232551998562282,0.0362157661825209,42.0,0.021995461393281603,0.0555785110427779,0.003082676649412,0.047002517024593904,0.164913327830338,S3
06350000,dPL,0.0961729605657938,0.0756224238939908,0.0896902296278211,0.0355860180324978,0.0507559934367527,123.0,0.0454169671290411,0.024866430457238103,0.0019212179321692,0.06189139572946867,0.164913327830338,S3
06350000,dPL,0.1144831464859933,0.0846037615667765,0.0571685715725547,0.0414717780219183,0.0645312386504846,2026.0,0.049951907835508694,0.0200725229162919,0.0095437948156652,0.05548464734707215,0.164913327830338,S3
06352000,IC,0.2714853037031677,0.2714853037031677,0.4042747235311589,0.0120529826182708,0.3426021309652208,,-0.0711168272620531,-0.0711168272620531,0.0575472326825413,0.104062161018881,0.168403955596369,S3
06352000,dPL,0.1227958173881387,0.0884003371272459,0.0917112986246744,0.0282764860561915,0.0428776559165069,42.0,0.0799181614716318,0.045522681210739005,0.0236594317446514,0.07245074415952724,0.168403955596369,S3
06352000,dPL,0.1241787309981517,0.0719960409047599,0.1237156135695322,0.03295387671544,0.0584921965388726,123.0,0.0656865344592791,0.0135038443658873,0.017056407657304,0.08842468846357188,0.168403955596369,S3
06352000,dPL,0.113600276771405,0.0730658137398576,0.103444116456168,0.0295060051812065,0.0667670095814133,2026.0,0.0468332671899917,0.006298804158444304,0.0220444521082506,0.08136668478109244,0.168403955596369,S3
06404000,IC,0.042225661018317,0.1036411830605796,0.0851608171511797,0.0967150196094605,0.0559943456726474,,-0.013768684654330399,0.0476468373879322,0.0112740378338532,0.07856889625434216,0.191294358675479,S3
06404000,dPL,0.1630525287440129,0.0685703752627809,0.0654426150851779,0.0522954516940646,0.0592413381956915,42.0,0.10381119054832141,0.009329037067089395,0.0261064232361333,0.04160443287497739,0.191294358675479,S3
06404000,dPL,0.1378378637319993,0.0535584117667461,0.0563701941416814,0.0146582285563151,0.0590848767328985,123.0,0.0787529869991008,-0.005526464966152403,0.0081807003101961,-0.05365942816495006,0.191294358675479,S3
06404000,dPL,0.1516242048422812,0.0508738118764356,0.0250819524129231,0.0323936863949423,0.0633838610075812,2026.0,0.0882403438347,-0.012510049131145597,0.0070085587580335,-0.043440445912407255,0.191294358675479,S3
06406000,IC,0.0754112011281513,0.1083104018925221,0.2386859301666093,0.0555171887362793,0.1534544759043989,,-0.07804327477624759,-0.0451440740118768,-0.1922429013775479,-0.3235921942338831,0.167832878351021,S3
06406000,dPL,0.1190429903370034,0.0501186132952054,0.1031855344772338,0.041297255622016,0.0525010330783848,42.0,0.0665419572586186,-0.0023824197831794,0.0827547538936198,0.08619819125193551,0.167832878351021,S3
06406000,dPL,0.1170915185537485,0.038217087220545,0.0670525444878472,0.0318921254231379,0.048179674200662,123.0,0.0689118443530865,-0.009962586980116997,0.0784241372843138,0.09220695481367103,0.167832878351021,S3
06406000,dPL,0.121706889597614,0.0494186628131667,0.0270309448242187,0.0315521240234374,0.0412278276261798,2026.0,0.0804790619714342,0.008190835186986906,0.0859660615105503,0.10222436054013428,0.167832878351021,S3
06409000,IC,0.1437953493379158,0.160957240123734,0.1301876108212537,0.1386248722206159,0.0500620483764955,,0.0937333009614203,0.1108951917472385,0.0572955423151503,0.08483736256639351,0.343337176611808,S4
06409000,dPL,0.2476211989986617,0.073735347414463,0.1784252336150721,0.0888539208306206,0.0346489651137935,42.0,0.2129722338848682,0.0390863823006695,0.075424418277049,0.12641945057096815,0.343337176611808,S4
06409000,dPL,0.2946094846471386,0.0682717998653448,0.2249235894944932,0.0742790623715049,0.0348857730384177,123.0,0.2597237116087209,0.0333860268269271,0.0832449357282925,0.12636202516447448,0.343337176611808,S4
06409000,dPL,0.2747325277074414,0.0757892548051586,0.2039835013841328,0.0965481996536254,0.0397339841164223,2026.0,0.23499854359101907,0.036055270688736304,0.0770194167926037,0.11168591391658034,0.343337176611808,S4
06431500,IC,0.0963865718070108,0.1762634749703454,0.3656330150837393,0.3256273432066114,0.230452166172687,,-0.1340655943656762,-0.0541886912023416,-0.0354033505626688,0.11023527823176849,0.36993144167527,S4
06431500,dPL,0.2712156519100543,0.074510230073398,0.1351863660310443,0.0633670806884766,0.0406725838529086,42.0,0.2305430680571457,0.033837646220489404,-0.0057243254126543,0.12102493515843316,0.36993144167527,S4
06431500,dPL,0.2712001703878456,0.1116879868587935,0.1187094838995682,0.1137080362864902,0.04824826062528,123.0,0.2229519097625656,0.06343972623351349,0.0433559466063817,0.11851212667421696,0.36993144167527,S4
06431500,dPL,0.279149078548336,0.0942045764048359,0.1221333283644456,0.0419731934865315,0.0489047341999786,2026.0,0.2302443443483574,0.0452998422048573,-0.0006309375287828,0.11033576154897029,0.36993144167527,S4
06440200,IC,0.0726601388649207,0.071900676214649,0.2843531373496504,0.1493001499420871,0.1439304443184775,,-0.07127030545355681,-0.07202976810382851,0.0656298720365506,0.05357749330457928,0.140805850137048,S2
06440200,dPL,0.057237841052854,0.0625186896469582,0.0547523710462782,0.026634301079644,0.0277106926308923,42.0,0.029527148421961698,0.0348079970160659,0.0766581983673894,0.08896980571849489,0.140805850137048,S2
06440200,dPL,0.0679683095983724,0.0260036385869053,0.056732177734375,0.0165203626339252,0.0276533539853926,123.0,0.0403149556129798,-0.0016497153984872982,0.067462942239473,0.10069986928036789,0.140805850137048,S2
06440200,dPL,0.0903140674660905,0.0278035868684174,0.0494578010157534,0.028199553489685,0.0304804314652802,2026.0,0.0598336360008103,-0.0026768445968628,0.0524358744385031,0.09805643973056066,0.140805850137048,S2
06447500,IC,0.1697189196824989,0.0931655210719835,0.0960850634405278,0.1255747578485201,0.0855801801789356,,0.08413873950356329,0.007585340893047909,-0.2653313507409359,-0.12574080510940178,0.155649176414783,S3
06447500,dPL,0.0747931340152272,0.0640044832767351,0.0446364084879557,0.032903332180447,0.04291214027263,42.0,0.0318809937425972,0.02109234300410509,0.100055144575563,0.09743642259739627,0.155649176414783,S3
06447500,dPL,0.0872095572023203,0.0598479624886691,0.0672462039523654,0.0255405902862548,0.0292888281065593,123.0,0.05792072909576101,0.030559134382109804,0.0952013262570826,0.13166906465033068,0.155649176414783,S3
06447500,dPL,0.0745493063290327,0.0591725447589406,0.0353705286979675,0.0350666893853081,0.0468425481660074,2026.0,0.0277067581630253,0.012329996592933198,0.0968859384750678,0.12485567190508029,0.155649176414783,S3
06470800,IC,0.1859654374978458,0.1311595911297992,0.1835433216026513,0.0532282021714493,0.159159080347836,,0.026806357150009813,-0.0279994892180368,-0.0656993863947565,0.01996415129732132,0.14718946482151,S2
06470800,dPL,0.2317663839398407,0.0771516251600651,0.0798544141981337,0.0407715638478597,0.0529913686066823,42.0,0.1787750153331584,0.024160256553382803,-0.0040260583873092,0.05249836767436755,0.14718946482151,S2
06470800,dPL,0.2056713173409334,0.0656401655573165,0.0817642211914062,0.0231132507324218,0.0551116604111079,123.0,0.1505596569298255,0.010528505146208601,-0.02890497208287,0.0346686593362836,0.14718946482151,S2
06470800,dPL,0.1998118260853357,0.0610385808338715,0.0845295741007878,0.0573202835886101,0.0516514427123028,2026.0,0.14816038337303292,0.009387138121568703,-0.0169033647874141,0.04534187585258764,0.14718946482151,S2
06477500,IC,0.1908179267970652,0.084674788645183,0.1762806264022995,0.2904257391835951,0.1214845061590197,,0.06933342063804548,-0.0368097175138367,-0.0772036752298732,-0.16591270943307646,0.132381124658994,S2
06477500,dPL,0.1078764991904122,0.0477751423350825,0.060297993513254,0.030507206916809,0.0323737408630371,42.0,0.0755027583273751,0.015401401472045405,-0.0041336644733882,0.03597183019313177,0.132381124658994,S2
06477500,dPL,0.1241590734870584,0.0550074024022533,0.059594006008572,0.017017296382359,0.0550615161988508,123.0,0.0690975572882076,-5.4113796597504704e-05,-0.0128089607478799,0.034889648688214536,0.132381124658994,S2
06477500,dPL,0.0937929990755658,0.0616714517083819,0.0779065719017615,0.0282562601155247,0.0419012378223881,2026.0,0.0518917612531777,0.019770213885993794,0.0146320232133397,0.04022073282172567,0.132381124658994,S2
06479215,IC,0.149517170118414,0.0701159502072821,0.200489396511089,0.1850014014885058,0.0364682061873812,,0.11304896393103281,0.03364774401990091,-0.0011482796405341,0.04614738540416485,0.164751422321796,S3
06479215,dPL,0.0964344818215074,0.04994970148377,0.0607365575330011,0.0336721738179525,0.0462919975728187,42.0,0.05014248424868871,0.0036577039109513057,-0.061096821953252,-0.0461639233656258,0.164751422321796,S3
06479215,dPL,0.1272467665030395,0.0811724475910834,0.0571243286132812,0.0388720194498697,0.0513194321152805,123.0,0.075927334387759,0.0298530154758029,-0.0872366381921102,-0.06758418453011728,0.164751422321796,S3
06479215,dPL,0.1039855055167114,0.060428285213957,0.0682770472306471,0.0599248674180772,0.053022003558626,2026.0,0.050963501958085404,0.007406281655331005,-0.072295425465131,-0.043371567562233926,0.164751422321796,S3
06601000,IC,0.1343343485361627,0.0805615994583359,0.0933943915615572,0.1381123801602057,0.1229845186387166,,0.011349829897446095,-0.0424229191803807,-0.0267007685382344,0.034715089901593554,0.105879368005318,S2
06601000,dPL,0.1167446248063464,0.103951668320612,0.0721051957872178,0.0614186250246488,0.0851209958696837,42.0,0.03162362893666269,0.0188306724509283,-0.1821512053379638,-0.03058286888624584,0.105879368005318,S2
06601000,dPL,0.108661281300487,0.1684901102581286,0.0968193274277907,0.0501339806450737,0.0715425103758951,123.0,0.0371187709245919,0.0969475998822335,-0.0842051475844951,-0.07754764352283317,0.105879368005318,S2
06601000,dPL,0.1138607487046512,0.143313447389205,0.0595461103651258,0.0446081373426649,0.1030874245813462,2026.0,0.010773324123304992,0.04022602280785881,-0.0590554339724768,-0.014305653649191008,0.105879368005318,S2
06614800,IC,0.4169674278266179,0.2664292120790292,0.4557286274114304,0.4048166574683803,0.105859342230456,,0.3111080855961619,0.1605698698485732,0.2905517918551205,1.0221347155081415,0.760476738091987,S5
06614800,dPL,0.3810580391320551,0.3177595257483958,0.4052196374306311,0.3636052970042718,0.1175250011631275,42.0,0.2635330379689276,0.20023452458526828,0.2749645728146864,0.9873967963161623,0.760476738091987,S5
06614800,dPL,0.3933228868874873,0.3401031168618371,0.4173270895563323,0.4354322595255715,0.1413372748005803,123.0,0.25198561208690695,0.19876584206125678,0.2928662728801632,1.003810909646149,0.760476738091987,S5
06614800,dPL,0.38359898513883,0.3507316097993125,0.4426311470311264,0.4154750750615047,0.11721245577498,2026.0,0.26638652936385,0.2335191540243325,0.2918752909038324,1.0072780032255013,0.760476738091987,S5
06622700,IC,0.4045985814887372,0.2598614830427477,0.4920167386015125,0.3286390637357734,0.0213490021002795,,0.38324957938845766,0.23851248094246819,0.2287040426417492,0.9188807278204812,0.717691988588396,S5
06622700,dPL,0.3212236362611074,0.2628369200114178,0.3920436532873856,0.3527638978428311,0.1245995304285081,42.0,0.1966241058325993,0.13823738958290968,0.2167340039588628,0.8870933626376767,0.717691988588396,S5
06622700,dPL,0.3456483072780409,0.3168354163345775,0.3983304836895384,0.3518491983413697,0.1215715932811556,123.0,0.2240767139968853,0.1952638230534219,0.2306782153423283,0.9011655257675663,0.717691988588396,S5
06622700,dPL,0.3220915905015029,0.2858775437215347,0.3756929401840483,0.3089624643325806,0.110946114257441,2026.0,0.21114547624406188,0.17493142946409368,0.2312687224033337,0.9034283979807237,0.717691988588396,S5
06623800,IC,0.3392484547008375,0.3685514771147728,0.3310830469428039,0.3528818121059194,0.0625093599891119,,0.2767390947117256,0.30604211712566093,0.2495387919961194,0.9984821482144974,0.753935609059572,S5
06623800,dPL,0.303468188444529,0.31440963822322,0.3713314480251735,0.3357525997691685,0.1185835710171362,42.0,0.18488461742739282,0.1958260672060838,0.2310645572770278,0.9713288437253004,0.753935609059572,S5
06623800,dPL,0.3391484547085608,0.3873767381746176,0.3688217307391919,0.3594298404641449,0.1190701331436975,123.0,0.2200783215648633,0.2683066050309201,0.2380010174876954,0.9754795578798768,0.753935609059572,S5
06623800,dPL,0.3338858906242583,0.3772276121845029,0.3578424241807726,0.3690398477816156,0.1251333505857369,2026.0,0.20875254003852137,0.252094261598766,0.2381780213637582,0.9791339410732227,0.753935609059572,S5
06632400,IC,0.4348472249940933,0.3070333025487679,0.4422732538021358,0.3377326360441711,0.0800414402813777,,0.35480578471271557,0.22699186226739015,0.2445953989304244,0.9531588597521626,0.744511869620645,S5
06632400,dPL,0.330508927612745,0.252909615222392,0.4061193013420471,0.3825147284401787,0.1489094155063805,42.0,0.18159951210636446,0.10400019971601152,0.2374795569176958,0.9209051010148698,0.744511869620645,S5
06632400,dPL,0.3466921821544469,0.320648368907047,0.3887898984708284,0.3447746565299375,0.1643143968195417,123.0,0.1823777853349052,0.1563339720875053,0.2449893977198071,0.9332608887371697,0.744511869620645,S5
06632400,dPL,0.3306796513627861,0.317273564563551,0.4073481129723534,0.3232258558273316,0.1329179576353522,2026.0,0.1977616937274339,0.1843556069281988,0.2442618077527843,0.9367582522651212,0.744511869620645,S5
06746095,IC,0.3504390474797349,0.3504390474797349,0.3364971359174173,0.3364971359174173,0.0585298161542518,,0.29190923132548313,0.29190923132548313,0.254996685585257,0.9911132889829204,0.728744289492069,S5
06746095,dPL,0.3503390474874582,0.3210521971763727,0.3981731857817907,0.3585661398737054,0.1127616732234647,42.0,0.2375773742639935,0.20829052395290798,0.2279456911585524,0.9609338327909998,0.728744289492069,S5
06746095,dPL,0.3503390474874582,0.3812556888651381,0.3861438751220702,0.3927268513611385,0.1360815990231417,123.0,0.2142574484643165,0.2451740898419964,0.2464053501958795,0.9658106367755763,0.728744289492069,S5
06746095,dPL,0.3503390474874582,0.3578075778267338,0.4260219616385607,0.3953585387872798,0.1107123964349444,2026.0,0.2396266510525138,0.24709518139178938,0.2456784942542532,0.9683981421948371,0.728744289492069,S5
06803510,IC,0.2113151552448843,0.0338387615535228,0.302549449129305,0.055389876539137,0.1153073808187011,,0.09600777442618322,-0.08146861926517829,-0.0330548154154631,0.020110005755120453,0.0940475934983777,S2
06803510,dPL,0.0483024280197058,0.0181067339507057,0.024194964047136,0.0231062514441353,0.0246773617264991,42.0,0.023625066293206702,-0.006570627775793397,-0.069307771861892,-0.0419414475334956,0.0940475934983777,S2
06803510,dPL,0.0367969609289048,0.0308513324141063,0.0111981800624302,0.030956438609532,0.0199120540081099,123.0,0.016884906920794897,0.0109392784059964,-0.0581882536136613,-0.03904520896646857,0.0940475934983777,S2
06803510,dPL,0.0402173663704186,0.0303402304237098,0.0212860531277126,0.0143074883355034,0.0176115159958801,2026.0,0.022605850374538505,0.0127287144278297,-0.0439764226722088,-0.02360614520811799,0.0940475934983777,S2
06803530,IC,0.0720469929331847,0.0673260672468012,0.0447028383812694,0.1140566457192111,0.0745013122819614,,-0.0024543193487766984,-0.007175245035160205,-0.0551446567017054,0.015227507395937812,0.0991958577666237,S2
06803530,dPL,0.057701403258102,0.0272249950161452,0.0494416978624131,0.0381432003445095,0.0257145090694652,42.0,0.0319868941886368,0.0015104859466800007,-0.1043690875771932,-0.04060188078166227,0.0991958577666237,S2
06803530,dPL,0.0545890341446037,0.052843004820602,0.0219563245773315,0.0249356587727864,0.019860683755928,123.0,0.034728350388675694,0.032982321064674,-0.1001653482644128,-0.09024544330499595,0.0991958577666237,S2
06803530,dPL,0.0453812889418623,0.0448580940422954,0.0266297234429253,0.0226121498988224,0.0165882401691074,2026.0,0.028793048772754903,0.028269853873188,-0.0768464418992653,-0.060676599500130046,0.0991958577666237,S2
06814000,IC,0.0948650946324283,0.0427156784815643,0.1606328102321822,0.2160168749254099,0.1750640835625063,,-0.080198988930078,-0.132348405080942,-0.0023907209671462,-0.03943215689116708,0.0902842088456011,S2
06814000,dPL,0.0314638225829675,0.0119521752563336,0.0200497521294487,0.0184418572319878,0.0138948491884268,42.0,0.017568973394540704,-0.0019426739320931984,0.0076537820945092,0.032038879390838826,0.0902842088456011,S2
06814000,dPL,0.0147493541833724,0.0202948885716767,0.0064538206372941,0.040560331609514,0.0121653527346983,123.0,0.0025840014486741003,0.0081295358369784,0.0063855690434252,0.025778644382120408,0.0902842088456011,S2
06814000,dPL,0.0259837722768356,0.0225500959264562,0.0199672248628404,0.0348790817790561,0.0124297192024921,2026.0,0.013554053074343498,0.010120376723964099,0.0094239788401788,0.032951048186027454,0.0902842088456011,S2
06847900,IC,0.1792206993009485,0.2238393873914613,0.1964745056435055,0.560809319879046,0.1550828264345836,,0.0241378728663649,0.06875656095687771,0.0499146652452611,0.07117616580648034,0.102382584534704,S2
06847900,dPL,0.0353307373005806,0.0506556846712117,0.048830142387977,0.0434385240077972,0.0462929914714671,42.0,-0.010962254170886497,0.004362693199744597,0.0391090372636062,0.0915379456967419,0.102382584534704,S2
06847900,dPL,0.0664429586645243,0.0350526319694284,0.0376450684335496,0.0384225633409288,0.039646914520111,123.0,0.026796044144413292,-0.004594282550682602,0.032486749116624,0.10880415287998946,0.102382584534704,S2
06847900,dPL,0.0794746221195665,0.0461877286274978,0.0423406600952148,0.0412990570068359,0.030208200482118,2026.0,0.0492664216374485,0.0159795281453798,0.0364730195883553,0.09545199360116463,0.102382584534704,S2
06853800,IC,0.1551094516992261,0.3108771320055459,0.2195385880243594,0.0330676844787667,0.0723044805407591,,0.08280497115846701,0.2385726514647868,-0.0156617315322691,0.01558303761364721,0.104135741933305,S2
06853800,dPL,0.0850532526754734,0.0607358524829778,0.0548403845893012,0.0304849412706163,0.0376134522834983,42.0,0.047439800391975095,0.023122400199479497,0.0107367070910355,-0.008677396315327934,0.104135741933305,S2
06853800,dPL,0.0617924758622597,0.0596542162660724,0.0454582214355469,0.03697708936838,0.0340148498980216,123.0,0.0277776259642381,0.025639366368050802,0.0091617332510344,-0.008135707490066424,0.104135741933305,S2
06853800,dPL,0.0877183964220695,0.0542409962952149,0.0579357147216797,0.0533362070719401,0.0297826817003898,2026.0,0.057935714721679694,0.0244583145948251,0.0057893210443428,-0.00408452513881441,0.104135741933305,S2
06876700,IC,0.3411255712495933,0.1057759046718601,0.0653271530938537,0.5285443019857017,0.1892131553035708,,0.1519124159460225,-0.0834372506317107,-0.2034205688091994,0.02549762384934473,0.0796113854216262,S2
06876700,dPL,0.0284606852759948,0.0238076518320269,0.0304447371384193,0.006308193717684,0.0217101204344696,42.0,0.006750564841525201,0.0020975313975573028,0.0106102486975702,0.03897296869362554,0.0796113854216262,S2
06876700,dPL,0.0515721405710858,0.0096702919899302,0.0507371478610568,0.0103030158923222,0.0097681618689408,123.0,0.041803978702145,-9.786987901060085e-05,0.0510401222477935,0.04131384024681939,0.0796113854216262,S2
06876700,dPL,0.0541442452575682,0.0115803720935008,0.0288768818503932,0.0189084273118239,0.0180866293538258,2026.0,0.0360576159037424,-0.006506257260324999,0.0485654566147287,0.055929835227657154,0.0796113854216262,S2
06878000,IC,0.3424980449921034,0.0279743209754102,0.1121380297851568,0.3118130996494588,0.0427320506054625,,0.2997659943866409,-0.0147577296300523,-0.0577642063501628,-0.025641827388977245,0.0727867121382812,S2
06878000,dPL,0.026589304347952,0.0244857647343749,0.0336534712049695,0.0232225656509399,0.0114843294111083,42.0,0.015104974936843702,0.013001435323266601,-0.0365633088953704,-0.060398878634096764,0.0727867121382812,S2
06878000,dPL,0.0225466789207059,0.0162388267338997,0.0451029035780164,0.011925548977322,0.0180797290557481,123.0,0.004466949864957801,-0.0018409023218484005,-0.0344627998010828,-0.061580646857912646,0.0727867121382812,S2
06878000,dPL,0.0165020408673299,0.0140063943684822,0.0380070736533716,0.0251076168484157,0.0169846692356592,2026.0,-0.0004826283683292999,-0.0029782748671770016,0.0006060008931464,-0.05490427467595338,0.0727867121382812,S2
06879650,IC,0.102040196438665,0.2545744888968764,0.0618093543761657,0.2283609866480713,0.1618495126100341,,-0.0598093161713691,0.09272497628684229,-0.0040957744189961,-0.024298736201494253,0.0672497335190048,S2
06879650,dPL,0.04574973076829,0.0394717884734756,0.0285842895507811,0.0112309182683626,0.0341589370394616,42.0,0.011590793728828402,0.005312851434013999,0.0064724393655805,-0.00260695697695279,0.0672497335190048,S2
06879650,dPL,0.0630093503388673,0.0381690319900581,0.0444139327321734,0.0171443091498481,0.0316306092308171,123.0,0.0313787411080502,0.0065384227592409985,-0.0249605251517264,-0.01843858948216348,0.0672497335190048,S2
06879650,dPL,0.0495558052637969,0.0305438862137799,0.0329532623291015,0.0120617336697048,0.0217469670341619,2026.0,0.027808838229635,0.008796919179617998,-0.0248636085817576,-0.00830516607163645,0.0672497335190048,S2
06885500,IC,0.0550616697583572,0.0944968453462015,0.1630528042278087,0.0702505675326714,0.1118876356738574,,-0.0568259659155002,-0.017390790327655906,0.0076008929429455,-0.0937493381856136,0.0842987262187572,S2
06885500,dPL,0.039445059890514,0.0184101278331433,0.0414931774139404,0.046698038201583,0.0259431092314634,42.0,0.013501950659050601,-0.0075329813983201,0.0102758197035736,0.04016027014049739,0.0842987262187572,S2
06885500,dPL,0.0355254049660684,0.0395693316585756,0.0447417789035373,0.0193074968126084,0.014626318460218,123.0,0.0208990865058504,0.0249430131983576,0.0106858611377443,0.032650711571492574,0.0842987262187572,S2
06885500,dPL,0.0336328131884677,0.0219509825671658,0.0267240450932429,0.0267835828993055,0.0125467950192093,2026.0,0.021086018169258397,0.009404187547956501,0.0087954963675933,0.03877239969105162,0.0842987262187572,S2
06888500,IC,0.3033396993913206,0.081728054145568,0.080980034225625,0.1148715779072344,0.1066419288559311,,0.1966977705353895,-0.024913874710363104,-0.0955506789299323,0.011676981672908981,0.0703719655848806,S2
06888500,dPL,0.0245492630469266,0.022432352999287,0.0321937137179904,0.0212643941243489,0.0153809467315949,42.0,0.0091683163153317,0.007051406267692099,-0.0003760514690894,0.01420626398522118,0.0703719655848806,S2
06888500,dPL,0.0234701209532681,0.02209270613022,0.0346561604075961,0.0158958435058593,0.0110946463406361,123.0,0.012375474612632,0.010998059789583901,-0.0002396257544352,0.02030741870724917,0.0703719655848806,S2
06888500,dPL,0.0265528371859039,0.015273688128006,0.0228267056601388,0.0240380181206597,0.0124965693166134,2026.0,0.0140562678692905,0.002777118811392601,-0.0137592341983204,0.018146253519558786,0.0703719655848806,S2
06889200,IC,0.1741340988585322,0.3177746266692528,0.1784931670415211,0.3208236674451222,0.1256691508996726,,0.04846494795885961,0.19210547576958023,-0.062109115815585,-0.09271672427582456,0.0716152496141078,S2
06889200,dPL,0.0269337579161244,0.0252279863489859,0.0250095129013061,0.0254591447966439,0.0177212495003874,42.0,0.009212508415737002,0.0075067368485985005,0.0031484451374864,0.01604897365356861,0.0716152496141078,S2
06889200,dPL,0.0196124825840201,0.0343673515123286,0.0138588799370659,0.0231098670225877,0.0150707484241636,123.0,0.0045417341598565,0.019296603088165,-0.0083989813729405,0.01919845561520306,0.0716152496141078,S2
06889200,dPL,0.0181959409480299,0.04183031330072,0.022719022962782,0.0185151841905382,0.0140122971400624,2026.0,0.0041836438079674975,0.0278180161606576,-0.0094419049990626,0.01745621500186545,0.0716152496141078,S2
06889500,IC,0.0573136016087627,0.0271968041871288,0.2614005332268976,0.0278670951968188,0.0812776949142674,,-0.023964093305504697,-0.05408089072713859,-0.0030848807223913,0.022220214659936732,0.069599735811632,S2
06889500,dPL,0.0365221875717536,0.016475765290157,0.0254980449018807,0.0207069941929408,0.0130077607979676,42.0,0.023514426773786,0.003468004492189399,-0.0077628815650624,0.012237367563449952,0.069599735811632,S2
06889500,dPL,0.0210935314777363,0.0167755702077283,0.0173028452055794,0.0195870717366536,0.0202728224551286,123.0,0.0008207090226076998,-0.003497252247400301,-0.010212641826707,0.01677350807130551,0.069599735811632,S2
06889500,dPL,0.0179344103395018,0.0324948165995759,0.0300409065352545,0.0121124386787414,0.0163557504926369,2026.0,0.0015786598468649007,0.016139066106939,-0.0090964727091704,0.01477426231276291,0.069599735811632,S2
06892000,IC,0.0622322429303444,0.0814222538032066,0.1362627875314251,0.0599387991365518,0.2388120551888341,,-0.1765798122584897,-0.15738980138562753,-0.0409667297279497,0.017064624676829343,0.0715178249456991,S2
06892000,dPL,0.0257123394715374,0.0125343972446787,0.0306673513518439,0.0122583905855814,0.0109076280772912,42.0,0.0148047113942462,0.0016267691673874998,0.0022413937197793,0.004076946960987926,0.0715178249456991,S2
06892000,dPL,0.0270971222122709,0.0176717450346838,0.0244064927101135,0.0227652231852213,0.0128067080697718,123.0,0.0142904141424991,0.004865036964912001,1.3475455234779332e-05,0.017861418640830795,0.0715178249456991,S2
06892000,dPL,0.0300466795146692,0.0304818435156884,0.0112112681070962,0.0292885120098407,0.0124666181142182,2026.0,0.017580061400451,0.0180152254014702,0.0044517646899873,0.011704347401716775,0.0715178249456991,S2
06903400,IC,0.3215166530567053,0.1968758884182377,0.0217247621734903,0.2108706395938885,0.0677783540968304,,0.2537382989598749,0.1290975343214073,-0.0112377968544731,0.03265502359075978,0.0979262678501136,S2
06903400,dPL,0.0453383682036381,0.029524018728517,0.0231770277023315,0.0351328955756293,0.015427671192949,42.0,0.029910697010689102,0.014096347535568,-0.0005098107984076,0.04036431146963981,0.0979262678501136,S2
06903400,dPL,0.046480327946134,0.0351667261496788,0.0292104085286458,0.0472638240227332,0.0070375817458334,123.0,0.039442746200300596,0.0281291444038454,0.0094806003393391,0.03280526651975879,0.0979262678501136,S2
06903400,dPL,0.0462976551429039,0.0344520093089807,0.0383628421359592,0.0461366818501399,0.0111610527654716,2026.0,0.0351366023774323,0.0232909565435091,0.0122014839845345,0.03533579225667438,0.0979262678501136,S2
06906800,IC,0.1833717998797557,0.1302004402937572,0.185784565069305,0.1965438399892126,0.0677440551409352,,0.11562774473882048,0.06245638515282201,-0.0238778196897654,0.008903403710828317,0.0604504736826071,S2
06906800,dPL,0.0287052066087307,0.0101708450354288,0.020210115533126,0.0288092427783542,0.0279798896295755,42.0,0.0007253169791552015,-0.0178090445941467,-0.0009305025765544,0.022991367484661573,0.0604504736826071,S2
06906800,dPL,0.0253275973967415,0.030357036164364,0.0231680128309462,0.0323431650797526,0.0146235627126743,123.0,0.010704034684067202,0.015733473451689697,-0.0066770258523626,0.02109577599850032,0.0604504736826071,S2
06906800,dPL,0.0334520211775682,0.0289608951467407,0.0186403486463758,0.0253039598464965,0.0174059629046899,2026.0,0.016046058272878302,0.0115549322420508,-0.0104621122192496,0.02126902976488121,0.0604504736826071,S2
06910800,IC,0.2142191895017839,0.2043462091646376,0.2653529922538407,0.2409758278792999,0.1168157754027396,,0.0974034140990443,0.08753043376189801,-0.0160732393505446,-0.028386593418545547,0.0613066358092003,S2
06910800,dPL,0.0363159041680042,0.0182372015003061,0.0276627710887364,0.0094182332356771,0.0162468930560112,42.0,0.020069011111992996,0.001990308444294899,-0.0149419726311735,0.0007754509319648495,0.0613066358092003,S2
06910800,dPL,0.019517336098846,0.0193364681002028,0.0253736972808837,0.011050796508789,0.0156500015354681,123.0,0.0038673345633779,0.0036864665647346993,-0.0069027034718024,0.004526669439288811,0.0613066358092003,S2
06910800,dPL,0.0279388024817385,0.0229239178368282,0.0125625729560852,0.0048973642546554,0.0180265535821727,2026.0,0.009912248899565799,0.004897364254655499,0.0030294293235818,0.006933639222936772,0.0613066358092003,S2
06911900,IC,0.3755008131697573,0.0297719782706007,0.3461309425554542,0.061604343557005,0.0315154750912893,,0.343985338078468,-0.0017434968206885976,-0.0229273381021256,0.015929463077174577,0.0618531603753962,S2
06911900,dPL,0.0470212141767657,0.0238997248622712,0.0320595502853393,0.0113415626379159,0.0163471978459142,42.0,0.030674016330851497,0.007552527016356999,-0.0148086677911776,0.0033258234015651755,0.0618531603753962,S2
06911900,dPL,0.0370692200225774,0.0414125761535039,0.026817194053105,0.023382822672526,0.0148601692917181,123.0,0.022209050730859298,0.026552406861785796,-0.0028998398667497,-0.00041624768363923703,0.0618531603753962,S2
06911900,dPL,0.0224125863260299,0.0371772048238758,0.0250666141510009,0.0144048902723524,0.0189571983403816,2026.0,0.0034553879856483,0.0182200064834942,0.0037156399710489,0.0039069681546956,0.0618531603753962,S2
06917000,IC,0.1366369685127159,0.0690271122780616,0.0988241468266828,0.3211466459992946,0.2228505344942121,,-0.08621356598149621,-0.1538234222161505,0.0014871511672003,0.011626159816605974,0.05107020470328,S2
06917000,dPL,0.0250115839583409,0.0140417411345721,0.0191831383211859,0.0095979477229871,0.0084090333271462,42.0,0.0166025506311947,0.005632707807425899,-0.0068102523377168,-7.709046154480426e-05,0.05107020470328,S2
06917000,dPL,0.0228986765278882,0.0172612689515971,0.0137923346625434,0.0074188021513131,0.010618742642946,123.0,0.012279933884942201,0.006642526308651099,-0.0164678173882272,0.005830420399056013,0.05107020470328,S2
06917000,dPL,0.0202648882156255,0.0110502454756866,0.0180782926710028,0.0137637668185763,0.0133987845991379,2026.0,0.006866103616487599,-0.0023485391234512997,-0.0223331955847642,0.006270125181811581,0.05107020470328,S2
06918460,IC,0.1933023182685234,0.1485821197330916,0.126822757900519,0.1183640455825427,0.0573242669544999,,0.1359780513140235,0.09125785277859169,-0.0054420425633152,-0.022736418663634073,0.0498588468679264,S1
06918460,dPL,0.0436249693260498,0.0119452779966835,0.026103172983442,0.0127739330817913,0.0136297517872385,42.0,0.0299952175388113,-0.0016844737905550005,0.0036056229356791,0.003017561549333747,0.0498588468679264,S1
06918460,dPL,0.0453253485927889,0.0186889756249606,0.0327415977205549,0.0257047414779663,0.0151564053381596,123.0,0.0301689432546293,0.003532570286801,-0.0071337860775276,0.0028325067401063775,0.0498588468679264,S1
06918460,dPL,0.0547989589498349,0.0238647168356422,0.0336652967664931,0.0214342134339469,0.0141284796695969,2026.0,0.040670479280238,0.009736237166045299,-0.0131193956244488,0.0028073089462519185,0.0498588468679264,S1
06919500,IC,0.1140046709544672,0.1424818300745825,0.1714509246299401,0.1111684754492519,0.0956929975767562,,0.018311673377711002,0.04678883249782631,-0.0140455761729283,-0.0084976400558332,0.0494466083766876,S1
06919500,dPL,0.0565379281636902,0.0123442063976727,0.02578433070864,0.02167845831977,0.0154313929046441,42.0,0.041106535259046104,-0.0030871865069713993,-0.0190686073326573,-0.0006124976491431733,0.0494466083766876,S1
06919500,dPL,0.0229921879495564,0.010423016632543,0.0251287221908569,0.0260573214498059,0.0118481747091368,123.0,0.0111440132404196,-0.0014251580765937983,-0.026302887298812,-0.00019333077559358092,0.0494466083766876,S1
06919500,dPL,0.0347701813889163,0.0102641903444062,0.0182864986933194,0.0240834135758249,0.0141623147658785,2026.0,0.020607866623037797,-0.003898124421472301,-0.0319530616095992,-0.0016681850930695408,0.0494466083766876,S1
06921070,IC,0.2278380392692064,0.0941693490583561,0.2091870763941153,0.0610918891662763,0.048465580920714,,0.17937245834849241,0.0457037681376421,-0.0092644488863158,-0.014936070179316752,0.0601238372834516,S2
06921070,dPL,0.0409634123677029,0.0105375858808599,0.0253790616989135,0.0263695026698865,0.0129939547368835,42.0,0.0279694576308194,-0.0024563688560236014,-0.0010056387985187,0.007688422460918387,0.0601238372834516,S2
06921070,dPL,0.0572290438028989,0.0140726089451724,0.033264330455235,0.0282355717250278,0.0149085110185382,123.0,0.0423205327843607,-0.000835902073365799,-0.0043007835966581,0.007212440519313246,0.0601238372834516,S2
06921070,dPL,0.0586205605943486,0.021280158139642,0.0469063009534563,0.0246793646561472,0.0159767661957244,2026.0,0.0426437943986242,0.005303391943917601,-0.0138593412277079,0.005554163601451223,0.0601238372834516,S2
06921200,IC,0.1390193365473518,0.1600834986372787,0.200379269334171,0.0233276933059367,0.0947548049362891,,0.044264531611062696,0.06532869370098959,-0.0109741513041595,-0.011511572244192414,0.0572554270612204,S2
06921200,dPL,0.0488857963971515,0.0105746216248104,0.0309021472930908,0.0108665466308593,0.0189732746654696,42.0,0.0299125217316819,-0.0083986530406592,-0.0012584347214439,0.014095191417076824,0.0572554270612204,S2
06921200,dPL,0.0695319135076008,0.0150643943832519,0.0334479437934027,0.026846440633138,0.009339087179033,123.0,0.060192826328567796,0.005725307204218901,-0.0084697045089839,0.012873889997490062,0.0572554270612204,S2
06921200,dPL,0.0664291298574718,0.0137776592021616,0.0455979877048068,0.0353367275661892,0.007234603468638,2026.0,0.0591945263888338,0.006543055733523599,-0.0130688341987529,0.012220422302464229,0.0572554270612204,S2
07057500,IC,0.096241268063492,0.1778830245545892,0.2140990282238176,0.1350051878889258,0.0428778366656634,,0.05336343139782859,0.1350051878889258,-0.0208131400454774,0.005943221186748393,0.0564394367095807,S2
07057500,dPL,0.031066581626868,0.0142487734756229,0.0172296312120225,0.0089268437747297,0.0161862820586917,42.0,0.0148802995681763,-0.0019375085830688008,0.0015151598517891,0.021179791110923607,0.0564394367095807,S2
07057500,dPL,0.0285131943171111,0.0088213297617054,0.0232705434163411,0.0149488852669795,0.0163421918119164,123.0,0.012171002505194699,-0.007520862050211002,-0.006166526075972,0.02004939466655198,0.0564394367095807,S2
07057500,dPL,0.028733885371115,0.0135609215721438,0.0146093368530273,0.0180338621139526,0.0097367916575213,2026.0,0.0189970937135937,0.0038241299146225,-0.0089323928541932,0.018930031232812006,0.0564394367095807,S2
07060710,IC,0.0769982891254808,0.2176860700679742,0.2317988826072021,0.0299244823849738,0.1772624230822277,,-0.1002641339567469,0.04042364698574649,-0.0061276404334327,0.006480873928096931,0.0509984831292569,S2
07060710,dPL,0.0513332398031342,0.0177751429136345,0.0349661977667557,0.0184338859149387,0.0268669095250305,42.0,0.0244663302781037,-0.009091766611396001,-0.0007825192773196,0.007588678225262768,0.0509984831292569,S2
07060710,dPL,0.0607192459036582,0.0157118841872423,0.0408279418945313,0.0275768637657165,0.027923263646753,123.0,0.03279598225690521,-0.012211379459510698,-0.0030753609854046,0.011096373190242925,0.0509984831292569,S2
07060710,dPL,0.0509027145346903,0.0123046970922466,0.0368526257966693,0.0127516428629557,0.0214215889946534,2026.0,0.0294811255400369,-0.009116891902406799,-0.0048362088525546,0.008820234487552314,0.0509984831292569,S2
07066000,IC,0.1021598425041766,0.1706081917105968,0.1090899225461432,0.1446282661355392,0.112412146182971,,-0.0102523036787944,0.05819604552762579,-0.0111822470413677,0.01590474120543761,0.0562313137196695,S2
07066000,dPL,0.0429762323091785,0.0109846277785239,0.0196489122178818,0.0175335131193462,0.0243961854380407,42.0,0.018580046871137797,-0.013411557659516802,0.0016784668591488,0.021056262024195638,0.0562313137196695,S2
07066000,dPL,0.0295873041951296,0.0214844822277983,0.0263441034725734,0.0187129550509982,0.0194770189845258,123.0,0.010110285210603798,0.0020074632432725004,-0.0045070725468727,0.02388149850501642,0.0562313137196695,S2
07066000,dPL,0.0261117547656877,0.0182870871278568,0.0215994940863715,0.0187327359852038,0.0190379049437271,2026.0,0.0070738498219606,-0.0007508178158703027,-0.0049842475273328,0.025112766503799788,0.0562313137196695,S2
07083000,IC,0.479625543160325,0.2556850653964698,0.5078139535237005,0.2947828067175115,0.0761842426127386,,0.4034413005475864,0.1795008227837312,0.1415157235679111,0.9912525331412895,0.710599947836907,S5
07083000,dPL,0.372787142607577,0.3321660103128963,0.4153107923383896,0.3520022498236761,0.1230853174480033,42.0,0.2497018251595737,0.20908069286489298,0.1976834987260582,0.9907639388102504,0.710599947836907,S5
07083000,dPL,0.3578784409477044,0.3100279724610177,0.3956359624862672,0.3469245274861653,0.1166034366272313,123.0,0.24127500432047308,0.1934245358337864,0.2274332578684063,0.9798336132146294,0.710599947836907,S5
07083000,dPL,0.3597321720094354,0.3192769422713674,0.3980064815945095,0.3751098116238911,0.1149848893686994,2026.0,0.24474728264073603,0.204292052902668,0.2276074597887423,0.9799100906051775,0.710599947836907,S5
07142300,IC,0.1155829107663138,0.1005699417220219,0.1360735866384383,0.1382284792094498,0.051227557155179,,0.0643553536111348,0.049342384566842895,0.0541652518007069,0.06894924582857365,0.0867916780002227,S2
07142300,dPL,0.058256918105765,0.043144161644848,0.0410158369276258,0.0189399719238281,0.026055336365906,42.0,0.032201581739859,0.017088825278942003,0.0421001135252407,0.07760164380419443,0.0867916780002227,S2
07142300,dPL,0.0461634806841825,0.0215410541924554,0.0354596972465515,0.0155072552817208,0.0242862335912319,123.0,0.0218772470929506,-0.0027451793987765018,0.0277893128965109,0.06860624652505165,0.0867916780002227,S2
07142300,dPL,0.0437542556114715,0.0331097287533927,0.0446216601591843,0.0140113830566406,0.0215476388203409,2026.0,0.022206616791130597,0.0115620899330518,0.0471808073197663,0.07786293380797515,0.0867916780002227,S2
07145700,IC,0.1041267332611109,0.0711910238615476,0.1343080132013538,0.0622918565060444,0.046834651967601,,0.0572920812935099,0.024356371893946606,-0.0350761334517919,0.019140263908895228,0.0617611519704068,S2
07145700,dPL,0.025866318180783,0.0193665833335592,0.0210173712836371,0.0194719950358073,0.0090984719673363,42.0,0.0167678462134467,0.010268111366222901,-0.0007860394602348,-0.020068285667506625,0.0617611519704068,S2
07145700,dPL,0.0148941547557775,0.0225527025637292,0.0249298309025011,0.0191139352732691,0.0121870947493508,123.0,0.0027070600064267,0.0103656078143784,0.0018304973914221,-0.02942448567848277,0.0617611519704068,S2
07145700,dPL,0.0144928273546727,0.0246670653949179,0.0140054602372019,0.02447419696384,0.0115135100598046,2026.0,0.002979317294868101,0.013153555335113299,0.0038811998597133,-0.026191487395657242,0.0617611519704068,S2
07167500,IC,0.0757894101997688,0.1621791848239911,0.2425902591765084,0.2556629358562532,0.2058966401054724,,-0.13010722990570361,-0.0437174552814813,-0.0052086906771687,-0.01727806224652162,0.0520689190916616,S2
07167500,dPL,0.03482733338101,0.0186039987303485,0.023266937997606,0.017023902190359,0.0136678632996807,42.0,0.021159470081329304,0.004936135430667801,-0.0172867399469872,-0.009208890110165457,0.0520689190916616,S2
07167500,dPL,0.0296900772267547,0.0113958676398486,0.013349311692374,0.019093496458871,0.0114264088114788,123.0,0.0182636684152759,-3.0541171630199884e-05,-0.0125013103058332,-0.014353172101324807,0.0520689190916616,S2
07167500,dPL,0.023816884545548,0.0105261388518085,0.0189982652664184,0.0139039781358507,0.0127625863591217,2026.0,0.011054298186426299,-0.002236447507313201,0.0021763074614216,-0.009850296067387077,0.0520689190916616,S2
07180500,IC,0.066334879103569,0.3489272956940051,0.0597753019856902,0.3369149246101184,0.0723510045989401,,-0.006016125495371102,0.276576291095065,-0.0007797515719302,-0.025932640807399876,0.0557846206828486,S2
07180500,dPL,0.0300352950826356,0.0133654075707457,0.0210636986626518,0.0075832435062953,0.0161699647540889,42.0,0.013865330328546699,-0.002804557183343201,0.0010537899998075,0.0004687811078933901,0.0557846206828486,S2
07180500,dPL,0.024303646976429,0.0098859826502584,0.0109401702880859,0.0040198564529418,0.0089444279449565,123.0,0.015359219031472499,0.0009415547053019009,0.0126127370493429,-0.0003577653319634111,0.0557846206828486,S2
07180500,dPL,0.0347740390688234,0.0101483555800369,0.016253898883688,0.0142440795898437,0.0135234481853416,2026.0,0.021250590883481798,-0.0033750926053047,0.0109667211807489,-0.004060157428482869,0.0557846206828486,S2
07184000,IC,0.230416857305573,0.064333668504577,0.1442488483895458,0.1147570665813662,0.1247992005493985,,0.10561765675617449,-0.060465532044821496,-0.0257108338489033,-0.007980710444666084,0.0453576175844397,S1
07184000,dPL,0.0218132721187999,0.0135356054989991,0.0199192762374877,0.0155714775125185,0.0093239878424145,42.0,0.012489284276385399,0.0042116176565846,-0.0174981475894397,-0.005953618328078836,0.0453576175844397,S1
07184000,dPL,0.0148365641252866,0.0073142855510751,0.0145032670762804,0.0160669876883427,0.011324817587208,123.0,0.0035117465380786004,-0.0040105320361329,-0.009824872659516,0.0005535582512019577,0.0453576175844397,S1
07184000,dPL,0.0239684913028277,0.0165617962525984,0.0161764877183096,0.0263086269641744,0.0065304739124269,2026.0,0.0174380173904008,0.0100313223401715,-0.0195189522552604,0.0017662912075635528,0.0453576175844397,S1
07195800,IC,0.0777482412190758,0.0932728174789176,0.1623997783589109,0.0616975353028198,0.0957371459041375,,-0.017988904685061702,-0.0024643284252199027,0.0012300079903031,-0.005306813464304172,0.0482364215180522,S1
07195800,dPL,0.0413380968175156,0.0110149707777352,0.0299289226531982,0.0258155822753906,0.0110520557457205,42.0,0.0302860410717951,-3.708496798530102e-05,0.0028913309997173,0.015846320201169828,0.0482364215180522,S1
07195800,dPL,0.0567723398513442,0.0145682417061575,0.0254529741075303,0.0212460835774739,0.0141219113951928,123.0,0.0426504284561514,0.00044633031096470016,0.0016790746034491,0.014490864066398212,0.0482364215180522,S1
07195800,dPL,0.0629579986241307,0.0141110740807302,0.0364761776394314,0.0224113464355468,0.0140463870194704,2026.0,0.04891161160466031,6.468706125980009e-05,-0.0010273414895491,0.01427657823532058,0.0482364215180522,S1
07196900,IC,0.082882828544873,0.0197746409783238,0.1914295496868522,0.1056753059206863,0.0943036624433652,,-0.011420833898492203,-0.0745290214650414,-0.0007846878863072,0.014747895825650947,0.0460986315040519,S1
07196900,dPL,0.0215421491484609,0.0139154253466866,0.0092556476593017,0.0295603937572903,0.0194611050311355,42.0,0.0020810441173254,-0.0055456796844489,-0.0036070794085142,0.010206963967251403,0.0460986315040519,S1
07196900,dPL,0.0191947384994884,0.0150859989496949,0.0221991663177808,0.013751729329427,0.0158720674796167,123.0,0.0033226710198717008,-0.0007860685299218,-0.002699190364223,0.01284283334259595,0.0460986315040519,S1
07196900,dPL,0.0248630680414918,0.0229206122729066,0.0177876353263854,0.0117121893784095,0.0173742551081118,2026.0,0.007488812933380003,0.005546357164794801,-0.008256478253294,0.012198319718703998,0.0460986315040519,S1
07197000,IC,0.0819031541537533,0.0838951661216592,0.2293690859418675,0.2902232578720593,0.1291594024104936,,-0.047256248256740296,-0.045264236288834386,-0.0004380975568545,0.009951285856737213,0.0408010944755726,S1
07197000,dPL,0.0290279430195902,0.015903665900515,0.01900030033929,0.0200756722026401,0.0268176641580131,42.0,0.002210278861577101,-0.0109139982574981,0.000471964329066,0.011513560881348806,0.0408010944755726,S1
07197000,dPL,0.0208107036528011,0.0213816385822732,0.0173194408416748,0.019776097365788,0.0169673383439658,123.0,0.0038433653088353024,0.004414300238307401,-0.0029725069122483,0.013126160784717178,0.0408010944755726,S1
07197000,dPL,0.039598189577375,0.0220231898517714,0.0174939632415771,0.0212792754173278,0.0220529870804718,2026.0,0.017545202496903202,-2.979722870040044e-05,-0.0076481147474315,0.01387738570713204,0.0408010944755726,S1
07208500,IC,0.2492541602812374,0.2603158574803785,0.2008850399921499,0.2819916368255056,0.1817739847177736,,0.0674801755634638,0.07854187276260491,0.018103982635924,0.23545027828438858,0.333134983679482,S4
07208500,dPL,0.2301177864571503,0.1130984780855119,0.1772887759738498,0.1214745839436848,0.043437172117879,42.0,0.1866806143392713,0.0696613059676329,0.0929393333684918,0.2128805950464272,0.333134983679482,S4
07208500,dPL,0.2792387552429297,0.2012867064052022,0.1873591439477329,0.1447099447250366,0.0636308425950649,123.0,0.21560791264786477,0.13765586381013728,0.0941342046884419,0.21554769141119046,0.333134983679482,S4
07208500,dPL,0.2811839219951859,0.1989775630512323,0.1909492344691836,0.1922363868126502,0.0404507376306281,2026.0,0.2407331843645578,0.1585268254206042,0.0946860491276846,0.21369567703405656,0.333134983679482,S4
07261000,IC,0.1463822581417614,0.0529444170946672,0.0453450206920096,0.0572553621641775,0.0540387650302895,,0.09234349311147189,-0.0010943479356223043,-0.0138835468505943,0.006783198843188454,0.0378060990134872,S1
07261000,dPL,0.0393897099818922,0.018022037814549,0.0253116143377203,0.0200684798391241,0.0111055994599761,42.0,0.028284110521916102,0.006916438354572899,0.0005415130886231,0.009545929026082423,0.0378060990134872,S1
07261000,dPL,0.0308457298957007,0.0166755243402187,0.0209190770199423,0.0172154744466145,0.0067069845865624,123.0,0.0241387453091383,0.0099685397536563,0.002799385326266,0.0027981722083949556,0.0378060990134872,S1
07261000,dPL,0.0297147021678936,0.0103029231129838,0.0222415076361762,0.0108470069037543,0.0072276517015164,2026.0,0.022487050466377202,0.0030752714114673993,0.0008109273839211,0.00530796426657576,0.0378060990134872,S1
07263295,IC,0.1083542761496251,0.0728865880487097,0.0474163644003682,0.1148538741831436,0.0612211093218248,,0.047133166827800305,0.011665478726884906,-0.0033300430543051,0.008253169527178805,0.0310455107281904,S1
07263295,dPL,0.0459001576382112,0.0282258441885785,0.036868413289388,0.0317102670669555,0.0123306184172157,42.0,0.0335695392209955,0.0158952257713628,-0.0027509285927905,0.007385652596175185,0.0310455107281904,S1
07263295,dPL,0.0358431803215149,0.0242746604453918,0.032349944114685,0.0209962588090162,0.0100321785436263,123.0,0.0258110017778886,0.0142424819017655,-0.0035612242039018,0.005311644432611673,0.0310455107281904,S1
07263295,dPL,0.0455894092831315,0.0197945610679552,0.0303765279906136,0.0185861375596788,0.0108106004226806,2026.0,0.0347788088604509,0.008983960645274599,-0.0044123153279653,0.008552905396509214,0.0310455107281904,S1
07291000,IC,0.0498738903632279,0.0919690389849914,0.2677163755645871,0.0775279871393292,0.0628635381291585,,-0.012989647765930597,0.029105500855832897,-0.0025717954544904,-0.005307802325423605,0.003569389743915,S1
07291000,dPL,0.0273119969655837,0.0165545208431184,0.0160067815047044,0.022610300465634,0.0123225748247357,42.0,0.014989422140848002,0.004231946018382702,-0.004237199048292,-0.0029898633491900473,0.003569389743915,S1
07291000,dPL,0.0186730100913895,0.0117589914403763,0.0111505720350477,0.0129324814368938,0.0152244282103741,123.0,0.0034485818810154004,-0.0034654367699978005,-0.0018960422310075,-0.00330360010687325,0.003569389743915,S1
07291000,dPL,0.0179607570462969,0.0079024732404497,0.0147296984990437,0.0143150985240936,0.0112036665884772,2026.0,0.006757090457819701,-0.0033011933480275,-0.0001431775664284,0.0007983277774187281,0.003569389743915,S1
07299670,IC,0.428929484040543,0.3700567276892619,0.2566961975072944,0.0539425667751566,0.2925923020949183,,0.13633718194562466,0.07746442559434358,-0.4165084876587187,-0.32202447006793555,0.02913235345217,S1
07299670,dPL,0.0243869339741357,0.008659028805499,0.0204110039605034,0.0111501481797959,0.0137476764866429,42.0,0.010639257487492799,-0.0050886476811439,-0.0038040747346715,0.023008386726389607,0.02913235345217,S1
07299670,dPL,0.020825757439939,0.0125568791239161,0.013782813631255,0.0094502705794114,0.0087940012769349,123.0,0.0120317561630041,0.0037628778469812,0.0005276352434818,0.017633493987328386,0.02913235345217,S1
07299670,dPL,0.0187126910008081,0.0105413445522171,0.0274240148478541,0.0107867142249797,0.0071331485191504,2026.0,0.0115795424816577,0.003408196033066699,0.0107017856032923,0.024756061156496423,0.02913235345217,S1
07301410,IC,0.1732760848240974,0.074211514193938,0.1362248598636639,0.083691038836862,0.058623380934111,,0.1146527038899864,0.015588133259826997,-0.019246542600422,0.04003363057365161,0.0754167591358171,S2
07301410,dPL,0.0436580140154225,0.0149689467035707,0.0173025767008463,0.0201262602439293,0.0227610619150575,42.0,0.020896952100364997,-0.007792115211486801,0.0369917747461331,0.05009739449216877,0.0754167591358171,S2
07301410,dPL,0.05669297694539,0.0169116073296042,0.0338003142126674,0.0158288743760851,0.0259660036646303,123.0,0.0307269732807597,-0.0090543963350261,0.0229791602725831,0.05686097219532915,0.0754167591358171,S2
07301410,dPL,0.0453134081623997,0.0359204648029151,0.0453340273637037,0.0291564634868076,0.0254846485474266,2026.0,0.019828759614973098,0.010435816255488502,0.0423127224229343,0.05588563099848476,0.0754167591358171,S2
07315200,IC,0.3311327738937809,0.0423225533392501,0.2891521720949642,0.1446775444953344,0.0509346055751421,,0.28019816831863875,-0.008612052235892002,-0.0261381162528629,0.013600699607083988,0.0162560388991893,S1
07315200,dPL,0.0183770798931114,0.0149691223675747,0.0125910441080729,0.0093395709991455,0.0070797234895767,42.0,0.011297356403534698,0.007889398877998,0.0107239441649383,0.01577059792624358,0.0162560388991893,S1
07315200,dPL,0.0196259361950625,0.0177027105862637,0.0114434957504272,0.0101835812841142,0.0061180334849763,123.0,0.0135079027100862,0.0115846771012874,-0.0001480537201044,0.013507139490567255,0.0162560388991893,S1
07315200,dPL,0.0202252249741596,0.0107661337195144,0.011591599537776,0.0063309073448181,0.0047992184096046,2026.0,0.015426006564554999,0.0059669153099098,-0.0006778946350415,0.016174354287562642,0.0162560388991893,S1
07315700,IC,0.2256422403574465,0.1377226327313133,0.1896236887362722,0.1430300783884261,0.0822708790149297,,0.14337136134251682,0.0554517537163836,-0.0050000210389273,-0.00013994069236877849,0.0208161228801737,S1
07315700,dPL,0.0137851131113668,0.0093792166071642,0.0210060477256774,0.0073826313018798,0.0140638670671799,42.0,-0.0002787539558131002,-0.004684650460015699,0.0099167541863594,0.0197097127764978,0.0208161228801737,S1
07315700,dPL,0.0242395962825159,0.0127880011448522,0.0102720535718477,0.0041845578413743,0.0111408682464651,123.0,0.013098728036050802,0.0016471328983871,0.0016463283740749,0.02096629498605118,0.0208161228801737,S1
07315700,dPL,0.019473420054205,0.0165814341910155,0.0190844280379158,0.0058494210243225,0.0070786050168458,2026.0,0.012394815037359199,0.0095028291741697,0.005044056266811,0.02137847358112921,0.0208161228801737,S1
07335700,IC,0.0458409585064337,0.1148820614275535,0.1110683041068089,0.215392998463039,0.1335271209242416,,-0.0876861624178079,-0.0186450594966881,-0.0078637332260703,0.0024796036655241327,0.0430162960741129,S1
07335700,dPL,0.0376346157429489,0.0174692544113973,0.0449808020340768,0.0186797105349027,0.0180578314790882,42.0,0.0195767842638607,-0.0005885770676908979,-0.007957896276259,0.008292403847995344,0.0430162960741129,S1
07335700,dPL,0.0560082506548773,0.0197988289484862,0.0522829691569011,0.0260214063856336,0.0166677353054559,123.0,0.0393405153494214,0.0031310936430303006,-0.007617570295426,0.007880028946496975,0.0430162960741129,S1
07335700,dPL,0.0383873140756759,0.0111627684179193,0.0252105712890624,0.0095024750782893,0.0183892110743569,2026.0,0.019998103001319,-0.007226442656437602,-0.0088427754523546,0.010815441845263396,0.0430162960741129,S1
07340300,IC,0.0353778082491481,0.0720133209127594,0.0779345404468203,0.0918353870029551,0.0401073517808551,,-0.004729543531707001,0.0319059691319043,-0.013551537370225,0.0013348546847236076,0.0385678054509223,S1
07340300,dPL,0.0349196355890752,0.013245853340829,0.0333636999130249,0.0209439729389391,0.0166615316653749,42.0,0.0182581039237003,-0.0034156783245459007,-0.0026451881565235,0.006981257493229864,0.0385678054509223,S1
07340300,dPL,0.0236158415358396,0.0154583421410946,0.0135120592619243,0.0151688893636067,0.01422415919643,123.0,0.0093916823394096,0.0012341829446645986,-0.002008548920146,0.004902304948799063,0.0385678054509223,S1
07340300,dPL,0.0215494512681057,0.0152163043943736,0.0154879252115885,0.0241440534591674,0.0129864904748732,2026.0,0.008562960793232502,0.0022298139195004,-0.0073359158223648,0.00430557473365667,0.0385678054509223,S1
07346045,IC,0.0073297665198848,0.0231613271274677,0.0212193768835647,0.0316336635907034,0.0139775301829077,,-0.0066477636630229,0.009183796944559999,-0.002086308971824,0.01744572023531421,0.0168897938562348,S1
07346045,dPL,0.008900470915214,0.008346629422884,0.007066896226671,0.0150288475884331,0.0122004229830717,42.0,-0.0032999520678576987,-0.0038537935601876995,-0.001810854162552,0.0059991797144487435,0.0168897938562348,S1
07346045,dPL,0.0112881895983779,0.0052928656558235,0.0065670437282986,0.0061807961299501,0.0063391488557692,123.0,0.0049490407426087,-0.0010462831999457,-0.0024890317569126,0.00714877121357016,0.0168897938562348,S1
07346045,dPL,0.014229190815721,0.0089271216173164,0.0084125518798827,0.0070565117730034,0.0111174775007353,2026.0,0.003111713314985701,-0.0021903558834188985,-0.0026873096847451,0.01039290237603474,0.0168897938562348,S1
07359610,IC,0.0411987397846074,0.1121379137781214,0.0549933335476749,0.26466529633633,0.1215125653401294,,-0.080313825555522,-0.009374651562007993,-0.0047444990231805,0.0012161117618623152,0.0301790248613661,S1
07359610,dPL,0.0272306782600703,0.0127694461993881,0.0234999762641059,0.0161361694335937,0.0147656866224317,42.0,0.0124649916376386,-0.0019962404230436,-0.0054308153777858,0.008496673053716375,0.0301790248613661,S1
07359610,dPL,0.0189621965372615,0.0237513824642632,0.0176844702826605,0.0091545205367238,0.0138232094642939,123.0,0.0051389870729676,0.009928172999969299,-0.004622626726177,0.008267218334634174,0.0301790248613661,S1
07359610,dPL,0.0206646186550725,0.0041868675277707,0.0097592404014185,0.0126349925994873,0.0128182105920409,2026.0,0.007846408063031598,-0.0086313430642702,-0.0092779944844502,0.009093894598759533,0.0301790248613661,S1
07362100,IC,0.0302390487339587,0.0332822050577129,0.0576905892914958,0.0793336299877545,0.0682211945418884,,-0.03798214580792969,-0.034938989484175495,-0.0019767134839463,0.007658576206721168,0.0183234657917035,S1
07362100,dPL,0.0297176540651992,0.0262181887895104,0.0096750259399414,0.0154622395833333,0.0141418332596054,42.0,0.0155758208055938,0.012076355529905002,-0.0009688305009708,0.003144773928077549,0.0183234657917035,S1
07362100,dPL,0.0202784084482561,0.0211388650845348,0.0087307691574096,0.006842119940396,0.010716138358819,123.0,0.0095622700894371,0.010422726725715798,-0.0022155179057944,0.0019719052225654066,0.0183234657917035,S1
07362100,dPL,0.0222884610537377,0.0125745886372163,0.0077501535415649,0.0149271763288057,0.0120196015097652,2026.0,0.0102688595439725,0.0005549871274510999,-0.0016503516640588,0.0054525495481247965,0.0183234657917035,S1
07362587,IC,0.0487245824246829,0.0854817275438857,0.081287982458641,0.4158464089885033,0.0992462406440487,,-0.0505216582193658,-0.013764513100163009,-0.0038028187228099,0.010341705117105526,0.0366380668861851,S1
07362587,dPL,0.0482763126669867,0.0266721803570729,0.0396483951144748,0.0295323133468627,0.0104344096387795,42.0,0.0378419030282072,0.0162377707182934,-0.0017182383797692,0.011314591344410596,0.0366380668861851,S1
07362587,dPL,0.0372266210108085,0.0231089745327143,0.0407121022542317,0.019688606262207,0.0121517613325269,123.0,0.025074859678281602,0.0109572132001874,-0.0027202183444939,0.01109768354236873,0.0366380668861851,S1
07362587,dPL,0.0377339774855861,0.0204646028070731,0.0365269184112548,0.0201304117838541,0.0148737745778133,2026.0,0.0228602029077728,0.005590828229259801,-0.0044362611814142,0.013618661589039571,0.0366380668861851,S1
07375000,IC,0.0940080925419714,0.0248069190085427,0.0646587992512498,0.0643343621474559,0.0572125334706574,,0.036795559071314,-0.03240561446211469,-0.0047835362402676,-0.0018159666907544558,0.0005081655254214,S1
07375000,dPL,0.0215194057798417,0.0192105496944027,0.0105375713772244,0.0157135725021362,0.0194387075228172,42.0,0.0020806982570245013,-0.00022815782841449986,-0.0076183159450854,-0.0033015629462992413,0.0005081655254214,S1
07375000,dPL,0.0246258472543901,0.0187896890988341,0.0115164015028211,0.0138503107531317,0.0130149902280203,123.0,0.0116108570263698,0.0057746988708137995,-0.003354817865778,-0.004001964561220039,0.0005081655254214,S1
07375000,dPL,0.0327108000856584,0.0196670520367385,0.0083930624855889,0.0092918872833251,0.0176911593172689,2026.0,0.015019640768389502,0.0019758927194695984,-0.006236531239796,-0.0011331417134164967,0.0005081655254214,S1
08013000,IC,0.0269392440514642,0.1502943722092357,0.0584529268689607,0.1673222336576805,0.0534632344080013,,-0.0265239903565371,0.0968311378012344,-0.0003279746115102,-0.04252479161821876,0.0032863361803717,S1
08013000,dPL,0.0164610548988972,0.0129416471644538,0.0108776347977774,0.012474238872528,0.0082464288441943,42.0,0.0082146260547029,0.0046952183202595005,-0.0009887800046065,-0.005774003829580154,0.0032863361803717,S1
08013000,dPL,0.0116599633720788,0.0124480259805512,0.0048664991672222,0.0058081732855902,0.0108371997262871,123.0,0.0008227636457917003,0.0016108262542641003,-0.0047432874440032,-0.003816407335319627,0.0032863361803717,S1
08013000,dPL,0.0070969844196944,0.0069276509278539,0.0048422151141696,0.0073428520789513,0.0066038896873671,2026.0,0.0004930947323272998,0.0003237612404868003,-0.0004859552470477,-0.0010586147341915542,0.0032863361803717,S1
08014500,IC,0.1631574204055769,0.0501261287931527,0.152261536065304,0.0558427422914483,0.0846319901059664,,0.0785254302996105,-0.034505861312813704,-0.0247069401092356,-0.009032361701629354,0.0022457658116513,S1
08014500,dPL,0.0169865377287784,0.0122863910779703,0.0152292847633361,0.0109730190700954,0.0088105326398107,42.0,0.008176005088967701,0.003475858438159599,-0.0038158695858849,-0.002647820268999568,0.0022457658116513,S1
08014500,dPL,0.0088819091987365,0.0117911393844403,0.0093668699264526,0.0091848161485459,0.0105528114105846,123.0,-0.0016709022118481,0.0012383279738557,-0.0021185270875669,-0.001594521672833582,0.0022457658116513,S1
08014500,dPL,0.0064228055740978,0.0098419981693544,0.0067830085754394,0.0091136084662543,0.0061403472731416,2026.0,0.00028245830095620025,0.0037016508962128,-0.0038233883942795,-0.002253946746235802,0.0022457658116513,S1
08023080,IC,0.1884628713427567,0.0798365830941045,0.432832465470234,0.1737609864664958,0.1098806594544632,,0.0785822118882935,-0.03004407636035869,-0.0135721942710138,-0.031513728690975795,0.0072046599774758,S1
08023080,dPL,0.0186678338962553,0.0178709527648078,0.0179469585418701,0.0187492370605468,0.0059088874271239,42.0,0.0127589464691314,0.011962065337683899,-0.004798709433663,-0.003057562752105003,0.0072046599774758,S1
08023080,dPL,0.01121321279617,0.0079275909644604,0.0058285607231987,0.0121337042914496,0.0066497756858472,123.0,0.0045634371103227996,0.0012778152786132,-0.0007451041259465,-0.0021446538068681242,0.0072046599774758,S1
08023080,dPL,0.0128426106043526,0.0085550105653445,0.0051034291585286,0.0129066891140408,0.0056881326869318,2026.0,0.0071544779174208,0.0028668778784127005,-0.0049956075679074,-0.00035997865804071605,0.0072046599774758,S1
08050800,IC,0.1376745619209947,0.1681456347520911,0.0214324194078877,0.2528875620560903,0.1557399949714379,,-0.018065433050443197,0.012405639780653205,-0.0213980636319582,-0.004691255050117027,0.0196728968786143,S1
08050800,dPL,0.008647834278635,0.0051312767970811,0.0059814202158074,0.011334482828776,0.0064319370473094,42.0,0.0022158972313256007,-0.0013006602502283002,0.0038921929780771,0.013534734698235185,0.0196728968786143,S1
08050800,dPL,0.0097720122982536,0.0062123705717658,0.0074796888563368,0.0078792572021484,0.0076407316959584,123.0,0.002131280602295201,-0.0014283611241926002,0.0030647970247795,0.012696545233012557,0.0196728968786143,S1
08050800,dPL,0.0106533470907226,0.0056084306936196,0.0098461151123047,0.0047536214192708,0.0081672764337178,2026.0,0.0024860706570047995,-0.0025588457400982003,0.0011105581934871,0.01228888184194199,0.0196728968786143,S1
08066200,IC,0.0384890713381291,0.0989464698292528,0.0741186381654857,0.0958279142738727,0.0455689268176706,,-0.0070798554795415,0.0533775430115822,-0.0095096041206876,-0.017930768655109897,0.0023206818433828,S1
08066200,dPL,0.0120966270628459,0.0207930621615997,0.0110246737798054,0.0179384897152582,0.0097250510720143,42.0,0.0023715759908316016,0.0110680110895854,-0.0069230876724071,-0.0019263557498528927,0.0023206818433828,S1
08066200,dPL,0.0076272996145995,0.0094829660385403,0.0072195988435011,0.0104510658665707,0.0088985926048777,123.0,-0.0012712929902782,0.0005843734336625998,-0.0001990505469069,-0.001548043178377534,0.0023206818433828,S1
08066200,dPL,0.0195146469909249,0.0178734774453329,0.0128905115456416,0.0113248229026794,0.0095692433937899,2026.0,0.009945403597135001,0.008304234051543001,-0.0007261845574348,-0.003298477847891501,0.0023206818433828,S1
08066300,IC,0.0425303245490619,0.1109016979230219,0.0277437086895399,0.1384606491888533,0.047248481636238,,-0.0047181570871761,0.0636532162867839,-0.0039727065591329,-0.016847617405132076,0.0017530511421341,S1
08066300,dPL,0.0207360754771412,0.0091554487370187,0.010611089070638,0.0091612074110243,0.0178182046349708,42.0,0.0029178708421704024,-0.0086627558979521,-0.0029946233316168,-0.005741100980277691,0.0017530511421341,S1
08066300,dPL,0.0116749702779128,0.006990989508503,0.0167440545969995,0.0098533289773123,0.0121149404152176,123.0,-0.00043997013730479907,-0.0051239509067146,-0.003211597923038,-0.003609422847610233,0.0017530511421341,S1
08066300,dPL,0.0143330907949859,0.012116491595724,0.006110668182373,0.0055903792381286,0.0172563559735194,2026.0,-0.0029232651785335018,-0.005139864377795402,-0.0026180904472932,-0.0018229761668668854,0.0017530511421341,S1
08070000,IC,0.104932496161081,0.05561459033391,0.1428395483338362,0.027234421892258,0.0355331594948903,,0.06939933666619069,0.020081430839019705,-0.0128788103207841,-0.012803542368139631,0.0023807368074233,S1
08070000,dPL,0.0100598995345325,0.011847931638544,0.005225624356951,0.0159114599227904,0.0100011217961428,42.0,5.8777738389701253e-05,0.0018468098424012005,-0.0026118848849807,-0.0039351486641612254,0.0023807368074233,S1
08070000,dPL,0.008923135765513,0.0123387984055796,0.0070850716696844,0.0134029558726719,0.00747097077604,123.0,0.0014521649894730006,0.004867827629539599,-0.0035073509385331,-0.0029979045958355988,0.0023807368074233,S1
08070000,dPL,0.0092049938423767,0.008399017611994,0.0062636223932107,0.0062749215534755,0.0053280110529491,2026.0,0.0038769827894276,0.003071006559044901,-0.0023791922403956,-0.0013492458733119772,0.0023807368074233,S1
08070200,IC,0.0146693968299782,0.39911757356772,0.0215531331322927,0.2757152457178229,0.0319769712135261,,-0.0173075743835479,0.3671406023541939,-0.0037701167284057,-0.07288180296329361,0.0024550978464837,S1
08070200,dPL,0.0103886159294069,0.0123704193467273,0.0109737714131673,0.0109346004632803,0.0088656185356938,42.0,0.0015229973937131002,0.0035048008110334997,-0.0005961123663283,-0.0035049764903180014,0.0024550978464837,S1
08070200,dPL,0.0082714419861746,0.0116600199840076,0.006185403236976,0.0072867857913176,0.0058637143736706,123.0,0.002407727612504,0.005796305610337,-0.0028523074430282,-0.0007061666216819917,0.0024550978464837,S1
08070200,dPL,0.0099773135438752,0.0077272382036042,0.0089563263787163,0.003291998969184,0.0080950811165422,2026.0,0.0018822324273329999,-0.00036784291293799967,-0.0038425197773568,-0.001002174937839606,0.0024550978464837,S1
08082700,IC,0.0420130124317251,0.2318109924788436,0.3080358756823815,0.3248743825876476,0.2512879611019203,,-0.2092749486701952,-0.019476968623076713,0.0077927688310003,-0.017933937115894083,0.0128021384845558,S1
08082700,dPL,0.0247404839276861,0.0148374559202038,0.038821538289388,0.0227483009037218,0.0154619604138085,42.0,0.009278523513877599,-0.0006245044936047002,-0.0126576369282673,0.00844040584010719,0.0128021384845558,S1
08082700,dPL,0.0080600263766079,0.0065082865537078,0.0279699187529714,0.0204934392656598,0.0191393261352098,123.0,-0.011079299758601899,-0.012631039581502,-0.0021426396656354,0.017597838342169325,0.0128021384845558,S1
08082700,dPL,0.0149759264303339,0.0124411846875738,0.0366633278982979,0.0234003568950452,0.0192497540250338,2026.0,-0.0042738275946999,-0.00680856933746,0.0017691124168525,0.018984060042889328,0.0128021384845558,S1
08086212,IC,0.2067502688844529,0.2431404281018566,0.1584401957989312,0.2328026461531048,0.1390949508759883,,0.06765531800846458,0.1040454772258683,-0.1216534901751043,-0.020581296740875832,0.0131862313964449,S1
08086212,dPL,0.0049457362320765,0.014390259076828,0.0128233432769775,0.0060784032470301,0.00920345031165,42.0,-0.0042577140795735,0.005186808765178,-0.0344980323347612,-0.006171500482653247,0.0131862313964449,S1
08086212,dPL,0.0071435634523706,0.0102234040266278,0.0211766259423617,0.0089734196662902,0.0078895911419092,123.0,-0.0007460276895385996,0.0023338128847186015,-0.0034060379314364,0.010060727893071775,0.0131862313964449,S1
08086212,dPL,0.0095827463115983,0.0080024928802802,0.0149910820855034,0.0059674157036675,0.0183080598010909,2026.0,-0.0087253134894926,-0.0103055669208107,-0.0093322350320168,0.00815054065417875,0.0131862313964449,S1
08086290,IC,0.0983276492906332,0.2720272337847996,0.1562779694191284,0.2954896248433865,0.1579823108789093,,-0.05965466158827609,0.1140449229058903,-0.0614714623173233,-0.06491458950990137,0.0128799846435909,S1
08086290,dPL,0.0130166869420831,0.0139891201002484,0.0065797593858506,0.006969320146661,0.0079027934518476,42.0,0.005113893490235501,0.006086326648400801,-0.0101342765542465,-0.0012824113302245532,0.0128799846435909,S1
08086290,dPL,0.0155697022295247,0.0142394499967154,0.0107319302029079,0.0109241008758544,0.0097426491276479,123.0,0.005827053101876801,0.004496800869067501,-0.0060646151592077,0.0018412629168446104,0.0128799846435909,S1
08086290,dPL,0.0137954996600852,0.0061169100992901,0.0091453109468732,0.0029372541527999,0.0046348640135285,2026.0,0.009160635646556699,0.0014820460857616,-0.0046485851673677,0.005085931882480965,0.0128799846435909,S1
08101000,IC,0.0247100286898738,0.1435535677969924,0.0670043754686802,0.0377355325781754,0.0510049488525197,,-0.026294920162645903,0.09254861894447271,-0.0330980205097874,0.001464772823756233,0.0091795525039557,S1
08101000,dPL,0.019854742696741,0.008670553320711,0.0144063149179731,0.0063570737838745,0.0167682443908223,42.0,0.0030864983059187,-0.0080976910701113,0.0029777272550771,-0.0017717409557174157,0.0091795525039557,S1
08101000,dPL,0.0141679798848965,0.0091067213330316,0.017662788259572,0.0067877769470214,0.0209132096686001,123.0,-0.0067452297837036004,-0.0118064883355685,-0.0124797680400675,-0.002578580311973444,0.0091795525039557,S1
08101000,dPL,0.0180532235050879,0.0089402693653784,0.0163296716553824,0.0089464689555921,0.0174345481846677,2026.0,0.0006186753204201999,-0.008494278819289299,-0.0204686900549193,0.006241543346352185,0.0091795525039557,S1
08103900,IC,0.0971199266251517,0.0510444561368785,0.0454991700402048,0.1497970252578548,0.134492732664853,,-0.037372806039701306,-0.08344827652797451,-0.0159338152960567,-0.0061283014993079865,0.0092842421517583,S1
08103900,dPL,0.0157717725879888,0.0200442335254888,0.0101082900474811,0.0136631727218627,0.0129971297936973,42.0,0.0027746427942914997,0.0070471037317915,-0.0024252680834092,0.0025251549311875454,0.0092842421517583,S1
08103900,dPL,0.0125155065802606,0.0161851812342056,0.0046373605728149,0.007186296251085,0.0117297798869719,123.0,0.0007857266932886995,0.0044554013472337,-0.0032013000606636,-1.2815406401633922e-05,0.0092842421517583,S1
08103900,dPL,0.0165787526186447,0.0076868039868132,0.008673350016276,0.007815488747188,0.0095884325887165,2026.0,0.0069903200299282,-0.0019016286019033005,-0.0084130333464668,0.0028172716334191605,0.0092842421517583,S1
08104900,IC,0.0674160845448268,0.2158944815634559,0.1661337092923503,0.1651750719109335,0.0698570899215209,,-0.0024410053766941026,0.146037391641935,-0.002553223021685,-0.05151452187682193,0.0093596117977168,S1
08104900,dPL,0.0307336552508139,0.0109102355662519,0.0292005538940429,0.0115040673149956,0.0112446444434116,42.0,0.0194890108074023,-0.00033440887715970036,-0.0274308610426445,-0.005019540228432762,0.0093596117977168,S1
08104900,dPL,0.019477648907779,0.0180019938778907,0.0137993693351745,0.0103427886962891,0.0143755875994318,123.0,0.005102061308347202,0.0036264062784588987,-0.0002230433343745,-0.009634714927971522,0.0093596117977168,S1
08104900,dPL,0.020363585318156,0.0128620508120971,0.0196083916558159,0.0078838742696321,0.0141805245219453,2026.0,0.006183060796210702,-0.0013184737098481999,-0.0031723297342455,-0.004996847472197752,0.0093596117977168,S1
08109700,IC,0.0683894687252463,0.2381664785159851,0.1003662927584888,0.2057318300135637,0.0421159395909814,,0.0262735291342649,0.1960505389250037,-0.0089087022123953,-0.02510995560449447,0.0051361625387599,S1
08109700,dPL,0.0231926417103759,0.0072848735783858,0.0260046217176649,0.0084076743376882,0.018525586232288,42.0,0.004667055478087899,-0.011240712653902201,-0.0143365850220857,-0.0007384465011336383,0.0051361625387599,S1
08109700,dPL,0.0182513970606607,0.012595191317789,0.0092753767967224,0.0082067938951345,0.0128282497419837,123.0,0.005423147318677001,-0.00023305842419469973,-0.003058308030984,-0.003690489820144194,0.0051361625387599,S1
08109700,dPL,0.026841244801624,0.0064746057633128,0.0156136763723273,0.0050922130283556,0.0150482673113894,2026.0,0.0117929774902346,-0.0085736615480766,-0.0030919494195956,-0.0037756752037022556,0.0051361625387599,S1
08150800,IC,0.0397054209581675,0.1069795427973019,0.1931305507577501,0.2548110617921418,0.2089664234031108,,-0.1692610024449433,-0.1019868806058089,-0.0164380416526788,-0.030907368809873215,0.0082340595135767,S1
08150800,dPL,0.0241153466564221,0.0164109543094447,0.0192564931409112,0.0130353024131373,0.0149324828193821,42.0,0.00918286383704,0.0014784714900626002,-0.0224295654666492,-0.004493882235244384,0.0082340595135767,S1
08150800,dPL,0.019584604050325,0.0210707663317019,0.0071958670249352,0.0066809654235839,0.0114069485346746,123.0,0.0081776555156504,0.0096638177970273,-0.0038117403374735,-0.001623521873185152,0.0082340595135767,S1
08150800,dPL,0.0252332734939574,0.0158335895647683,0.0123689439561632,0.0104468464851379,0.0153945323838398,2026.0,0.0098387411101176,0.000439057180928501,-0.0064512311601742,-0.002907877194243569,0.0082340595135767,S1
08158700,IC,0.2598427149130412,0.3243129459626398,0.2773464003216921,0.0733768344116152,0.2507059044183393,,0.009136810494701886,0.07360704154430053,-0.0352062102450159,-0.09578590892448735,0.0064753537654614,S1
08158700,dPL,0.0038443196249018,0.0061405851302853,0.0100343802879596,0.0064010279519217,0.0047336569663881,42.0,-0.0008893373414862998,0.0014069281638972005,-0.0113056458486943,0.0002682365681466736,0.0064753537654614,S1
08158700,dPL,0.005659076032258,0.0049840674353439,0.0092767477035522,0.0059830320292505,0.0047568356422414,123.0,0.0009022403900166001,0.00022723179310249995,-0.0057218404651231,-0.003921964035255798,0.0064753537654614,S1
08158700,dPL,0.0081145891706015,0.0101152160797321,0.010613203048706,0.0085554862844532,0.0019059693067842,2026.0,0.0062086198638173,0.0082092467729479,-0.0104736811496243,-0.004089902903725795,0.0064753537654614,S1
08158810,IC,0.0521387689538455,0.3044982568065602,0.090619600294587,0.4927221173506921,0.1252659715116957,,-0.07312720255785018,0.17923228529486449,-0.0083036150085518,-0.09705850278292216,0.0058462589398929,S1
08158810,dPL,0.0058887778794324,0.0082836861290714,0.0063614157529977,0.0086135268211364,0.0091346681416026,42.0,-0.0032458902621702,-0.0008509820125312002,-0.015004430006192,-0.004658736530279373,0.0058462589398929,S1
08158810,dPL,0.0054956677838932,0.0088558902918911,0.0098472422566907,0.0060913933648003,0.0083394513939513,123.0,-0.0028437836100581003,0.0005164388979397999,-0.00217078535253,-0.006198537718980601,0.0058462589398929,S1
08158810,dPL,0.0082880703648998,0.0107838070266186,0.0090565681457519,0.0056989034016927,0.0081584577406318,2026.0,0.00012961262426799958,0.002625349285986801,-0.012486196231972,-0.008076656299321194,0.0058462589398929,S1
08164300,IC,0.0794009935980473,0.1845063554024525,0.0677302922409518,0.0211114651182141,0.105564918323137,,-0.0261639247250897,0.0789414370793155,-0.0043159810548686,-0.02920031384517796,0.0021354784821483,S1
08164300,dPL,0.0111515638144595,0.0133224590897763,0.0150251601423536,0.0091853671603732,0.0094723324663004,42.0,0.0016792313481591003,0.0038501266234759,-0.0011339850457715,-0.006110392481254001,0.0021354784821483,S1
08164300,dPL,0.0134776269216944,0.0159839005915944,0.006515884399414,0.0090539455413818,0.0094108962819677,123.0,0.0040667306397267015,0.006573004309626701,-0.0098250510486467,-0.0024135670028767597,0.0021354784821483,S1
08164300,dPL,0.0097941233734184,0.0137904060149434,0.0128904836518424,0.0128139389885796,0.0100753809459142,2026.0,-0.00028125757249579907,0.003715025069029201,-0.0041598402770829,-0.002716763375457565,0.0021354784821483,S1
08164600,IC,0.0546608132262151,0.3515502181369136,0.030834270707796,0.3575742206979869,0.1473336658044221,,-0.09267285257820698,0.20421655233249153,-0.0106138185694287,-0.020028821597380175,0.0008978831137086,S1
08164600,dPL,0.0129113960984725,0.0187406891766497,0.0056652269865337,0.007508241213285,0.0177266211887718,42.0,-0.004815225090299302,0.001014067987877898,-0.0054561497508199,-0.008330654029565232,0.0008978831137086,S1
08164600,dPL,0.0116697180678162,0.0122210748510204,0.0069457292556762,0.0126498732073553,0.017503685725434,123.0,-0.005833967657617799,-0.005282610874413599,-0.0063084450555855,-0.01009301385934458,0.0008978831137086,S1
08164600,dPL,0.0072411344352866,0.0133574740193308,0.0063497679574148,0.0102241956270658,0.0115089384876792,2026.0,-0.004267804052392601,0.0018485355316515996,-0.0048211915405995,-0.008392802479110784,0.0008978831137086,S1
08165300,IC,0.0840678368387881,0.0622642440337384,0.1627708492732344,0.12041322836261,0.1273481138857684,,-0.04328027704698029,-0.06508386985202999,-0.037499395396319,-0.01444189619542302,0.0056160383836324,S1
08165300,dPL,0.0158862241368573,0.0180842517005875,0.0081443375554578,0.0066049363878037,0.0078558940479259,42.0,0.008030330088931401,0.0102283576526616,-0.013754760462003,0.000425090693091712,0.0056160383836324,S1
08165300,dPL,0.0130976140568681,0.012284719763942,0.0079399956597221,0.0064232093947274,0.0068774523573944,123.0,0.0062201616994736995,0.0054072674065476,-0.0057264288856722,-0.0003663331239138756,0.0056160383836324,S1
08165300,dPL,0.0221112598776363,0.0120691420448348,0.0225068415914262,0.0113723754882812,0.0086916942188243,2026.0,0.013419565658812001,0.0033774478260105,-0.006536961818772,-0.000591351908185489,0.0056160383836324,S1
08171300,IC,0.172735103831516,0.1034722717985436,0.1250653396035727,0.0075091365486024,0.0976858218035607,,0.0750492820279553,0.005786449994982901,-0.0540914240216948,-0.004254957059358855,0.0043200262623378,S1
08171300,dPL,0.0221034627717693,0.0162253468546262,0.0230632016533299,0.0138353674035323,0.0134567536795556,42.0,0.0086467090922137,0.002768593175070602,-0.0110350403868612,-0.0014736552189580365,0.0043200262623378,S1
08171300,dPL,0.0195149678682902,0.0138537514846372,0.0048207003494788,0.010614267985026,0.0150836167088581,123.0,0.004431351159432101,-0.0012298652242209007,-0.0039752711246942,-0.0074457498216562445,0.0043200262623378,S1
08171300,dPL,0.0176402697836282,0.008266128112348,0.0191534161567688,0.0145758986473083,0.0163962409260159,2026.0,0.0012440288576123018,-0.008130112813667899,-0.0037326271461628,-0.0036065496641428663,0.0043200262623378,S1
08175000,IC,0.0288121754192027,0.094736101813402,0.1170031415031542,0.2190303036711718,0.0745539500644148,,-0.045741774645212105,0.0201821517489872,-0.008299489743605,-0.07287839024592035,0.0022293177664445,S1
08175000,dPL,0.0110197755390536,0.0095842328437014,0.0156522538926866,0.0056037777348568,0.0085031849071284,42.0,0.0025165906319251988,0.0010810479365729996,-0.0114334352671499,-0.005974074323759959,0.0022293177664445,S1
08175000,dPL,0.0094102611349632,0.0124899636633853,0.0075042247772216,0.0044637044270833,0.0079783897941952,123.0,0.0014318713407680001,0.0045115738691901,-0.0057050742834847,-0.0021237686901165453,0.0022293177664445,S1
08175000,dPL,0.008067112740979,0.0058975036711548,0.0096177458763122,0.0063635621752057,0.0084795848637004,2026.0,-0.00041247212272139955,-0.002582081192545599,-0.0061360940903263,-0.003843331194150701,0.0022293177664445,S1
08176900,IC,0.1235519109050854,0.0721406907007169,0.0697017417766499,0.2769938037446232,0.1816891499264074,,-0.05813723902132199,-0.1095484592256905,-0.0183901698083471,-0.03618783279556492,0.0018005933498891,S1
08176900,dPL,0.0116502053581131,0.0128410644833489,0.0065489027235242,0.008532444636027,0.0051013026345889,42.0,0.0065489027235242,0.00773976184876,-0.0087594157693099,-0.005424176048027585,0.0018005933498891,S1
08176900,dPL,0.0063518101401121,0.0133793157130438,0.0089083726589496,0.0117679791791098,0.0089336818032472,123.0,-0.0025818716631351,0.0044456339097966,-0.0108636881126995,-0.001565606692736754,0.0018005933498891,S1
08176900,dPL,0.0170432420891252,0.0083553040670455,0.0116851925849914,0.0026587592230902,0.0088980209984876,2026.0,0.008145221090637601,-0.0005427169314420992,-0.0030353886980083,-0.0025950051658767403,0.0018005933498891,S1
08178880,IC,0.3041554519228771,0.0465764560299679,0.3576933570840311,0.0766649626488834,0.042089834918775,,0.2620656170041021,0.004486621111192898,-0.0725943670495936,-0.01604252135664841,0.0030449353276083,S1
08178880,dPL,0.0152213872822448,0.0077253219248674,0.0122839185926649,0.0073877546522352,0.0064790072888151,42.0,0.008742379993429701,0.0012463146360523003,-0.0074351966480131,-0.005029524187129986,0.0030449353276083,S1
08178880,dPL,0.0048359027742801,0.0145544971522087,0.01118004322052,0.0057521820068359,0.0094690495193066,123.0,-0.0046331467450265,0.0050854476329021,-0.0077108511510943,-0.001883514812707543,0.0030449353276083,S1
08178880,dPL,0.0160249995326185,0.0059536335343085,0.0073129336039224,0.0071269890357708,0.0080684042471713,2026.0,0.0079565952854472,-0.0021147707128628002,-0.0075006843815109,-0.002746974788030765,0.0030449353276083,S1
08189500,IC,0.115129114247229,0.2852096262698783,0.0627914911284073,0.2431626610469528,0.0321443310828755,,0.08298478316435351,0.25306529518700277,-0.0360808253434122,-0.020775368076252798,0.0016287321026845,S1
08189500,dPL,0.0278355701638385,0.0245902989946162,0.0212855021158854,0.0156185626983642,0.0083115460807744,42.0,0.019524024083064098,0.016278752913841798,-0.0094736835608163,-0.0021159693744283725,0.0016287321026845,S1
08189500,dPL,0.010278776023046,0.0162499135777136,0.009843111038208,0.009553285745474,0.0091819946670528,123.0,0.0010967813559932,0.0070679189106608,-0.0077735302443675,-0.004311355583176635,0.0016287321026845,S1
08189500,dPL,0.0212297364667587,0.0074039285087581,0.0144745936760535,0.0146073102951049,0.0105184766319832,2026.0,0.0107112598347755,-0.003114548123225101,-0.0060932400477797,-0.004150408623625368,0.0016287321026845,S1
08190000,IC,0.1544261259549053,0.1407427714297778,0.182967705079185,0.1256854326424871,0.1632404575146453,,-0.008814331559740013,-0.02249768608486749,-0.078495261009583,-0.09553304084398562,0.0037075564040486,S1
08190000,dPL,0.0330567182412491,0.0210386561290978,0.0145651164807771,0.0128262607674849,0.0169486412297933,42.0,0.016108077011455803,0.004090014899304502,-0.013549211667878,-0.0057930180082858,0.0037075564040486,S1
08190000,dPL,0.0078770698007091,0.0143984942083619,0.0142319202423095,0.0120562235514322,0.0105666016719598,123.0,-0.0026895318712507003,0.0038318925364020998,-0.0068675105388725,-0.00880265302035177,0.0037075564040486,S1
08190000,dPL,0.0213301186897002,0.0127231603731404,0.013152607556047,0.0153651362971256,0.0176992263904058,2026.0,0.0036308922992943984,-0.0049760660172654,-0.0040090469911188,-0.006895888652427629,0.0037075564040486,S1
08190500,IC,0.1149773531573264,0.0445465879441926,0.2329343198548859,0.1643853774464151,0.1727192008710604,,-0.057741847713734,-0.12817261292686782,-0.0815780903256252,-0.08272000538133539,0.0044907633248583,S1
08190500,dPL,0.0413865272641364,0.0327480561250089,0.0164612970854106,0.018162727355957,0.0172061136289601,42.0,0.0241804136351763,0.015541942496048795,-0.0158084599686429,-0.011888705545309741,0.0044907633248583,S1
08190500,dPL,0.0164438225476495,0.0212115663386988,0.0106901557821976,0.0066307067871094,0.0182118008406493,123.0,-0.0017679782929998014,0.002999765498049499,-0.0176824131200089,-8.451059433722818e-05,0.0044907633248583,S1
08190500,dPL,0.0262506479106405,0.0181175941310385,0.0129814147949218,0.0092576375374427,0.0254029013810165,2026.0,0.0008477465296239974,-0.007285307249978001,-0.010532688531235,-0.009522300413431384,0.0044907633248583,S1
08194200,IC,0.1744986769534148,0.4488796087396468,0.2146084766711361,0.0733686088738331,0.263818077387461,,-0.08931940043404618,0.18506153135218578,-0.0346455489125854,-0.05045688957369465,0.0005535601264272,S1
08194200,dPL,0.0322634232334619,0.033316593332218,0.0499415397644043,0.0329026579856872,0.0215894443458497,42.0,0.010673978887612203,0.011727148986368303,-0.0064104906279466,-0.0018463251625380206,0.0005535601264272,S1
08194200,dPL,0.049565946612192,0.0096535967246706,0.0600540584988064,0.0194226440630461,0.0196616425488731,123.0,0.0299043040633189,-0.0100080458242025,-0.0349401559753868,-0.007854817011816007,0.0005535601264272,S1
08194200,dPL,0.0483933619948551,0.01058278883391,0.0391996332577296,0.0226520237169767,0.0219004907957102,2026.0,0.026492871199144896,-0.011317701961800201,-0.0172324009609212,-0.0018847441235063656,0.0005535601264272,S1
08195000,IC,0.0490459566271418,0.0664103336802457,0.130052223331846,0.1194991377401135,0.129042399620977,,-0.0799964429938352,-0.0626320659407313,-0.009222902678376,-0.02291319906573719,0.0043576302166992,S1
08195000,dPL,0.0211036863497088,0.0152707103137645,0.0153119626798127,0.0100292629665798,0.0052414473471846,42.0,0.0158622390025242,0.0100292629665799,-0.0176053758182695,-0.000875741779452377,0.0043576302166992,S1
08195000,dPL,0.0088806261530657,0.0265549414640775,0.005242143358503,0.0076770782470703,0.0062041249570128,123.0,0.0026765011960529,0.0203508165070647,-0.0028272261070262,-0.0022018865175243985,0.0043576302166992,S1
08195000,dPL,0.0202373083686233,0.0143395655638089,0.0095905303955077,0.0075954236482319,0.0055785501259363,2026.0,0.014658758242687,0.0087610154378726,-0.0017948967659739,-0.0027958063830115787,0.0043576302166992,S1
08196000,IC,0.0974120813322263,0.1560473508922137,0.1847180841506862,0.1682069656724584,0.11453181537951,,-0.017119734047283702,0.04151553551270369,-0.0103723284920456,-0.018212776523788166,0.0023896281867178,S1
08196000,dPL,0.0117814294031853,0.0288301188695219,0.0046881834665934,0.0072603861490885,0.0085792205534118,42.0,0.0032022088497735014,0.0202508983161101,-0.0165702647531708,-0.0029880671969667594,0.0023896281867178,S1
08196000,dPL,0.0101696809603046,0.0203368277306656,0.0039169706147292,0.0156019926071167,0.0060181443373767,123.0,0.0041515366229279,0.0143186833932889,-0.0078789427087215,-0.002130749472004201,0.0023896281867178,S1
08196000,dPL,0.0141572573398654,0.0091211278188017,0.0212939722197396,0.0076541775151303,0.0084366200182578,2026.0,0.005720637321607599,0.0006845078005438994,-0.0073668471321359,-0.0033056122554375733,0.0023896281867178,S1
08198500,IC,0.048102464715064,0.0448184404557083,0.107137653150041,0.1357181277557771,0.3145962774361038,,-0.2664938127210398,-0.2697778369803955,-0.019354631622269,-0.04331923207080968,0.0030982528891208,S1
08198500,dPL,0.0156276912249473,0.0152003641540038,0.009048766103284,0.0123289744059244,0.0020769573290636,42.0,0.0135507338958837,0.0131234068249402,-0.0139463462177572,-0.000456768107302441,0.0030982528891208,S1
08198500,dPL,0.0161109775404192,0.0116043733599582,0.0104191027189555,0.0062348654395655,0.0045671846151421,123.0,0.011543792925277102,0.0070371887448161,-0.0058420463419526,-0.0030405895558580642,0.0030982528891208,S1
08198500,dPL,0.012835186246335,0.0086568873113986,0.0106813218858506,0.0136914571126302,0.0036624197548401,2026.0,0.0091727664914949,0.0049944675565585,-0.004831523481882,-0.0010325555569298261,0.0030982528891208,S1
08200000,IC,0.0892016675539992,0.0488327680723696,0.0340816972022792,0.0183833381060385,0.072026462584284,,0.01717520496971521,-0.023193694511914394,-0.0040701299183429,-0.017061245185517215,0.0026284470487446,S1
08200000,dPL,0.0113108601699204,0.0157225822982112,0.0062490136999832,0.0021727244059244,0.0095804370210313,42.0,0.001730423148889099,0.0061421452771799005,-0.0095007154491787,-0.0008398274043729392,0.0026284470487446,S1
08200000,dPL,0.0077996755066593,0.008596476594945,0.005449464586046,0.0061038855848641,0.0036300265956183,123.0,0.004169648911041,0.0049664499993267,-0.0062564209165572,-0.0043509107889619925,0.0026284470487446,S1
08200000,dPL,0.0146867102857099,0.0058245542627956,0.009556214014689,0.0064080102103097,0.0037160633022091,2026.0,0.0109706469835008,0.0021084909605865003,-0.0100886452109163,-0.007641670419522351,0.0026284470487446,S1
08202700,IC,0.0967446268482321,0.0118945144669293,0.3140349342592633,0.1586610419964208,0.2075916848847437,,-0.1108470580365116,-0.1956971704178144,-0.0905885452297332,-0.003168210786614445,0.002762016493395,S1
08202700,dPL,0.0145472999679972,0.0238594694257109,0.0079926064139918,0.0100613462513891,0.0059269590497344,42.0,0.0086203409182628,0.0179325103759765,-0.0122195639537588,-0.0024688850319692923,0.002762016493395,S1
08202700,dPL,0.0154979735202882,0.0180434714174307,0.0061916482859644,0.008812756008572,0.0068768661204128,123.0,0.0086211073998754,0.0111666052970179,-0.005353159113434,-0.0016813856693170814,0.002762016493395,S1
08202700,dPL,0.0192756020347604,0.0070881377077139,0.0151303609212239,0.0060409545898437,0.0026245290633231,2026.0,0.016651072971437298,0.0044636086443908,-0.0070383207396848,-0.003391144029917248,0.002762016493395,S1
08267500,IC,0.4351368204522124,0.1839609514066477,0.5079846604941551,0.2955369995861648,0.0867045105344586,,0.3484323099177538,0.0972564408721891,0.068532940536092,0.3073336686201177,0.471388008193727,S4
08267500,dPL,0.2873383199928632,0.1765245600977299,0.2605247921413846,0.1539586808946397,0.057594702078093,42.0,0.2297436179147702,0.1189298580196369,0.0501071524588403,0.02443005962410505,0.471388008193727,S4
08267500,dPL,0.3058100080250134,0.2872412051916173,0.2788414290318122,0.2605183848312922,0.0518252855601796,123.0,0.2539847224648338,0.23541591963143768,0.0494035872385043,0.13993110807877923,0.471388008193727,S4
08267500,dPL,0.3104974410844124,0.2514623250722936,0.3455980892839103,0.1864720662434895,0.0730986293315938,2026.0,0.2373988117528186,0.1783636957406998,0.0525580284634578,0.08424218038145354,0.471388008193727,S4
08269000,IC,0.2698927121524311,0.3327851636600112,0.4377365839365373,0.4220163715297995,0.0600124742226843,,0.2098802379297468,0.2727726894373269,0.0868372732502158,0.2495411278914651,0.401645682298287,S4
08269000,dPL,0.3063138547999458,0.1444655984128949,0.2144962503359868,0.1762533823649088,0.0538551018386664,42.0,0.2524587529612794,0.09061049657422851,0.0859282792106513,0.3025606044584356,0.401645682298287,S4
08269000,dPL,0.3309946275826122,0.1355803469291563,0.243427235346574,0.1747204065322876,0.0470289995616148,123.0,0.28396562802099745,0.0885513473675415,0.1033378821388427,0.2758549484177196,0.401645682298287,S4
08269000,dPL,0.3308934447767477,0.1874098333522248,0.2620338614170368,0.1929825387502971,0.0428128730718163,2026.0,0.2880805717049314,0.1445969602804085,0.0763639136964995,0.27444863395229013,0.401645682298287,S4
08271000,IC,0.4209770459280033,0.1785703231506781,0.3642199906454592,0.1140421949483141,0.0786516662060059,,0.3423253797219974,0.09991865694467221,0.067763471074383,0.3443671613860703,0.48400245009705,S4
08271000,dPL,0.2902568235159474,0.1858546100836177,0.3361543443467882,0.2048282089986299,0.0473354063955127,42.0,0.2429214171204347,0.138519203688105,0.0251787768345724,0.2352744619460933,0.48400245009705,S4
08271000,dPL,0.3057637994418331,0.2503954247065522,0.2891298579542261,0.2852440429361243,0.0454477335696492,123.0,0.26031606587218387,0.20494769113690298,0.0190477437996665,0.30015970364857986,0.48400245009705,S4
08271000,dPL,0.3105494082286361,0.2380947388681591,0.3545286702482324,0.1707408257893153,0.0829603647341187,2026.0,0.22758904349451736,0.1551343741340404,0.0442206146375496,0.2131223768239749,0.48400245009705,S4
08324000,IC,0.3140225516241557,0.1629779143535023,0.370397158100693,0.1478362914354819,0.0435938137854505,,0.2704287378387052,0.11938410056805182,0.0765288616951583,0.41480443951979734,0.365429081915842,S4
08324000,dPL,0.2543035465453405,0.1807801285440092,0.1983484625816345,0.1525044441223145,0.032243070066563,42.0,0.2220604764787775,0.14853705847744622,0.0834921390254638,0.6023520923912085,0.365429081915842,S4
08324000,dPL,0.3030725385096338,0.2290474355513997,0.241501448970092,0.2205927005180945,0.0436303178548417,123.0,0.25944222065479206,0.185417117696558,0.0859768645116166,0.5868223948976934,0.365429081915842,S4
08324000,dPL,0.2864575523055861,0.233538198581668,0.2209009308564035,0.216010020329402,0.0242348946060777,2026.0,0.2622226576995084,0.2093033039755903,0.0578746669377812,0.594071912245902,0.365429081915842,S4
08377900,IC,0.2617908932418085,0.1398260505900242,0.2615846614652707,0.3707038025172845,0.0622427786626806,,0.19954811457912788,0.0775832719273436,0.0480095432030426,0.588556853301484,0.466213354634129,S4
08377900,dPL,0.2479409484569529,0.1987929572619238,0.2326519552030061,0.1871803505667324,0.051588986643998,42.0,0.1963519618129549,0.1472039706179258,0.0636033855396279,0.6112674412330537,0.466213354634129,S4
08377900,dPL,0.2698810605709055,0.1681827234356402,0.2124702029758029,0.1668435335159302,0.0586810488264033,123.0,0.2112000117445022,0.1095016746092369,0.0817720911179453,0.6087298021870642,0.466213354634129,S4
08377900,dPL,0.2998091489831131,0.1913931746046016,0.268484347141706,0.1548522525363498,0.0617646949041878,2026.0,0.23804445407892533,0.1296284797004138,0.0607823313428234,0.6082444992272475,0.466213354634129,S4
08378500,IC,0.2387324128289887,0.2975840673141357,0.3609419319217612,0.2776105719457187,0.0553448256265698,,0.18338758720241888,0.24223924168756591,0.0410739323155769,0.571401585292152,0.449989328985624,S4
08378500,dPL,0.258739749494502,0.2142282630793043,0.2204172558254666,0.2212602751595633,0.0614989347654521,42.0,0.19724081472904992,0.1527293283138522,0.0559471529135667,0.5594431613312904,0.449989328985624,S4
08378500,dPL,0.2743094914038226,0.2163584197184077,0.2045267428222456,0.1543921232223511,0.0651989739015577,123.0,0.2091105175022649,0.15115944581684998,0.0624720957959354,0.5700472533063851,0.449989328985624,S4
08378500,dPL,0.2728157577409972,0.2015993496816205,0.2592934411147545,0.1855059393814632,0.0437076500792586,2026.0,0.2291081076617386,0.15789169960236188,0.0477309065722793,0.5560273605800843,0.449989328985624,S4
08380500,IC,0.2603469365195436,0.2609994478038726,0.1639595599974376,0.1432232885480862,0.1117130422042073,,0.1486338943153363,0.14928640559966527,0.025901258070661,0.27795784852677224,0.291104431145414,S3
08380500,dPL,0.2862851169827267,0.0889599539758078,0.1342923390237908,0.1137367248535156,0.0559923058300892,42.0,0.2302928111526375,0.032967648145718606,0.1757280069688058,0.3567113407408808,0.291104431145414,S3
08380500,dPL,0.2819922537637707,0.0740369155490681,0.1583469325098497,0.0636978571613629,0.0512813230097722,123.0,0.23071093075399848,0.022755592539295905,0.1468397226232926,0.3588011238916072,0.291104431145414,S3
08380500,dPL,0.2831826236965939,0.0798965242705759,0.1553752514032217,0.0903102874755859,0.0453922158032338,2026.0,0.23779040789336012,0.03450430846734211,0.1609415884076487,0.36192153846871705,0.291104431145414,S3
09035800,IC,0.4203994213703038,0.3731743754860243,0.3188059807586712,0.2925323285829745,0.0596860524769195,,0.3607133688933843,0.3134883230091048,0.2591851533804414,1.032209090827257,0.703715181667891,S5
09035800,dPL,0.3521183810676174,0.3458070393756888,0.3781896484724712,0.4045338263878456,0.1276137715838391,42.0,0.2245046094837783,0.2181932677918497,0.2385495053665572,0.9842804516671371,0.703715181667891,S5
09035800,dPL,0.3521183810676174,0.3481521714849988,0.3736986322649594,0.4430387203509991,0.1436934869038814,123.0,0.208424894163736,0.20445868458111738,0.2554544564542555,1.0017327341175086,0.703715181667891,S5
09035800,dPL,0.3521183810676174,0.3559148645696601,0.3884048627930627,0.3968698428227351,0.1401660414513275,2026.0,0.2119523396162899,0.2157488231183326,0.2516856539469255,0.9936352245736866,0.703715181667891,S5
09035900,IC,0.3316548571834558,0.4761094362990461,0.3439862782467854,0.4350205204180511,0.0578453835293309,,0.2738094736541249,0.41826405276971523,0.233945978386136,1.0113402721452853,0.689823885415144,S5
09035900,dPL,0.36362278179251,0.3438507181584072,0.4004858302193627,0.4240918893080491,0.1231112187177369,42.0,0.24051156307477312,0.22073949944067028,0.1922657812499816,0.9493317234617822,0.689823885415144,S5
09035900,dPL,0.36362278179251,0.3572613555682098,0.3690376929168044,0.3980675765446255,0.1380077818389877,123.0,0.2256149999535223,0.2192535737292221,0.2367860234217219,0.9760931579181631,0.689823885415144,S5
09035900,dPL,0.36362278179251,0.3635177241472362,0.4103138697973919,0.401859503525954,0.1484943675922923,2026.0,0.21512841420021772,0.21502335655494392,0.2328065129372364,0.9703568274501146,0.689823885415144,S5
09047700,IC,0.3576009429915702,0.3576009429915702,0.3078681529009227,0.2536019135778677,0.1032501783771171,,0.2543507646144531,0.2543507646144531,0.2249883733737521,0.9573533054885133,0.626945100722261,S5
09047700,dPL,0.3565074448351115,0.3279304559710856,0.4391070604324341,0.4602043363783095,0.1344098546870346,42.0,0.2220975901480769,0.19352060128405102,0.2121680000551771,0.9511718996949947,0.626945100722261,S5
09047700,dPL,0.3575009429992936,0.2633549851669614,0.3948234413799487,0.3949987888336183,0.1424815381665706,123.0,0.21501940483272297,0.12087344700039077,0.2231509231815578,0.9710278906450145,0.626945100722261,S5
09047700,dPL,0.350096365804341,0.27982423102526,0.4263506280748467,0.4059512274605887,0.1315562622799574,2026.0,0.2185401035243836,0.1482679687453026,0.2234178019946532,0.9648730304051822,0.626945100722261,S5
09065500,IC,0.4733354928595679,0.3529172546688707,0.378829541946215,0.378829541946215,0.1679246809611091,,0.30541081189845876,0.1849925737077616,0.2571063444950626,1.0240745322331577,0.715530725661926,S5
09065500,dPL,0.352817254676594,0.3340775541741126,0.3684195248704207,0.4239199344928448,0.1478542279811269,42.0,0.20496302669546712,0.1862233261929857,0.2116391571560845,0.9913391944574377,0.715530725661926,S5
09065500,dPL,0.352817254676594,0.3484595696368095,0.3770576966436285,0.4354955894606454,0.1388202168820532,123.0,0.21399703779454082,0.20963935275475631,0.2534868730904523,0.9998248951049151,0.715530725661926,S5
09065500,dPL,0.352817254676594,0.3450812648508937,0.3969345751561616,0.4093755232660394,0.1385270285437255,2026.0,0.21429022613286852,0.20655423630716818,0.2477184593074843,0.9969425861651928,0.715530725661926,S5
09066000,IC,0.4628547385197027,0.399840069307254,0.2289867723946186,0.2754752920620108,0.1342863778651099,,0.32856836065459283,0.26555369144214414,0.2492566474837691,1.0280322761162102,0.682272756610747,S5
09066000,dPL,0.3433350614353896,0.3318330833982009,0.4036248905154375,0.3714366091622247,0.1259980023527745,42.0,0.2173370590826151,0.2058350810454264,0.2394320334830695,0.9730855825644309,0.682272756610747,S5
09066000,dPL,0.3631731502674518,0.3310904030385277,0.3802370562635619,0.4123425696577345,0.1417987421768246,123.0,0.2213744080906272,0.18929166086170313,0.2455232946297542,0.9934788198427118,0.682272756610747,S5
09066000,dPL,0.3631731502674518,0.3945939435054195,0.4042921828347192,0.386419924242156,0.1278800190115575,2026.0,0.2352931312558943,0.266713924493862,0.2454609082159476,0.9962235587744006,0.682272756610747,S5
09066200,IC,0.3501242502238406,0.4861357419118943,0.2966769561125216,0.255844101787202,0.1047709318840188,,0.24535331833982177,0.3813648100278755,0.2365278926947072,0.9795452844138646,0.712216418137875,S5
09066200,dPL,0.3314800235566079,0.3196923214617367,0.3642641703287761,0.3935374846825233,0.1333933967840664,42.0,0.1980866267725415,0.1862989246776703,0.2175664689259503,0.9556862175017398,0.712216418137875,S5
09066200,dPL,0.3500242502315639,0.327246734343535,0.3415455489323057,0.4362198497567858,0.1586049694311611,123.0,0.19141928080040282,0.16864176491237393,0.2383771217280662,0.9629894030072815,0.712216418137875,S5
09066200,dPL,0.3369443865861911,0.3481906730527129,0.3752896696304171,0.4035186235393797,0.1220124859106533,2026.0,0.21493190067553777,0.2261781871420596,0.2374479455688017,0.9590015086722982,0.712216418137875,S5
09066300,IC,0.4016976052975414,0.4016976052975414,0.4331502397733077,0.4355369311959851,0.0925042062119663,,0.3091933990855751,0.3091933990855751,0.2229571843173528,0.9606668507359761,0.688317497264152,S5
09066300,dPL,0.3382212006628746,0.3320138587211326,0.4026153764529486,0.370672909276826,0.1365029448404212,42.0,0.2017182558224534,0.1955109138807114,0.216977595704855,0.9197350914281963,0.688317497264152,S5
09066300,dPL,0.3397068693404752,0.3341251583497905,0.3761446982597201,0.3705629872690354,0.1386702923028263,123.0,0.20103657703764893,0.19545486604696422,0.219546357647024,0.9396071620025515,0.688317497264152,S5
09066300,dPL,0.338769620133845,0.32502358031533,0.426046004888901,0.3649440833500453,0.1346021101437877,2026.0,0.20416750999005728,0.19042147017154232,0.2202988511263486,0.9429517487092027,0.688317497264152,S5
09081600,IC,0.3822111829978985,0.3822111829978985,0.2822011065754902,0.3051186583933574,0.1144906925088491,,0.26772049048904945,0.26772049048904945,0.2430039027278235,1.01119418226934,0.66474212387336,S5
09081600,dPL,0.3275413307931636,0.3027028476081531,0.3936695281923416,0.3865360628281321,0.1222446934301359,42.0,0.20529663736302772,0.1804581541780172,0.2274427153403189,0.9672882741438128,0.66474212387336,S5
09081600,dPL,0.3777020965904788,0.3701213279007025,0.3830217844561526,0.3626308696610587,0.1426108732516751,123.0,0.23509122333880372,0.22751045464902742,0.2464041734283625,0.9867179815289582,0.66474212387336,S5
09081600,dPL,0.3279091212537501,0.3693005465538624,0.3916654071612616,0.3745374908404691,0.1028662441944922,2026.0,0.2250428770592579,0.2664343023593702,0.2459146638617222,0.9820402370363318,0.66474212387336,S5
09107000,IC,0.4260697984337835,0.3739993078462741,0.3714783632816544,0.3455224806102669,0.0559354150706469,,0.3701343833631366,0.3180638927756272,0.2311654283293364,0.9612446373657183,0.672583021372504,S5
09107000,dPL,0.3599542732986363,0.2108628244824127,0.3672943338751793,0.2890451092805181,0.0767862281119693,42.0,0.28316804518666694,0.1340765963704434,0.2072522279942741,0.9566517708186856,0.672583021372504,S5
09107000,dPL,0.3472572795288391,0.2592763612363044,0.344525328276047,0.3654829263687134,0.1398496526492041,123.0,0.20740762687963502,0.11942670858710028,0.2305764056343313,0.9520301809601205,0.672583021372504,S5
09107000,dPL,0.322841114950988,0.3011889347102987,0.3613940007411516,0.4157845510376824,0.062437032419695,2026.0,0.260404082531293,0.23875190229060367,0.2259669950851743,0.9629120800638727,0.672583021372504,S5
09210500,IC,0.4135859494573492,0.3306220034701242,0.2142018964905797,0.1436790769931309,0.2022635331984709,,0.21132241625887832,0.1283584702716533,0.1783677554674477,0.7931658948851765,0.65472507476901,S5
09210500,dPL,0.3074620200931974,0.2637915489870819,0.2369650963105654,0.3286581805774144,0.0345048464030052,42.0,0.2729571736901922,0.2292867025840767,0.1394309462071601,0.6948225386687417,0.65472507476901,S5
09210500,dPL,0.2668891339493884,0.2397826465545956,0.2883990108966827,0.292393031873201,0.0485242333735318,123.0,0.2183649005758566,0.1912584131810638,0.1643519813295337,0.7369331431882238,0.65472507476901,S5
09210500,dPL,0.2880130434882706,0.2382123165511219,0.2195348120049426,0.2199882582614296,0.0359538266641332,2026.0,0.2520592168241374,0.2022584898869887,0.1596442706969832,0.7505572086717864,0.65472507476901,S5
09223000,IC,0.4055838323599201,0.4164787268448047,0.3482873447540852,0.3613342197353248,0.1028003184965112,,0.30278351386340896,0.3136784083482935,0.1542942746475122,0.8552446779555326,0.698323179997837,S5
09223000,dPL,0.2934809160925422,0.2911281515979016,0.2857396677136421,0.3167224036795752,0.0714079346016892,42.0,0.22207298149085297,0.21972021699621241,0.1553816330846742,0.8285389183559327,0.698323179997837,S5
09223000,dPL,0.2929310575132734,0.3040488180107252,0.2984570123647388,0.2984570123647388,0.0943200877775881,123.0,0.19861096973568532,0.2097287302331371,0.159848465717116,0.8359043672052134,0.698323179997837,S5
09223000,dPL,0.2933463511563812,0.2680537754541791,0.273084459396509,0.266782771407937,0.0700026699516168,2026.0,0.2233436812047644,0.19805110550256227,0.1601381534158817,0.8397929999376631,0.698323179997837,S5
09306242,IC,0.352864708422542,0.3347365814013843,0.3718799789287421,0.3755963267180143,0.1040951293966607,,0.24876957902588126,0.23064145200472358,0.0726290768311981,0.31563328724813927,0.35800746386243,S4
09306242,dPL,0.194744166250982,0.1453239249626169,0.1694332925896895,0.1523423194885253,0.0266163622887057,42.0,0.1681278039622763,0.1187075626739112,0.0727520935957179,0.39170153948947634,0.35800746386243,S4
09306242,dPL,0.2312941751015244,0.1371779654590746,0.2015553368462456,0.1505005518595377,0.0373904522843115,123.0,0.19390372281721288,0.09978751317476309,0.0788050535572855,0.38558265164178857,0.35800746386243,S4
09306242,dPL,0.2414955082946069,0.1225810064031338,0.202287262991855,0.1177127728095421,0.0362750940023069,2026.0,0.20522041429229998,0.0863059124008269,0.0657041265925106,0.39128631171160605,0.35800746386243,S4
09312600,IC,0.4038421249024944,0.2824135712666494,0.3729807474369596,0.1405910591370021,0.0328537303117057,,0.3709883945907887,0.2495598409549437,0.2557234072084023,0.4058090375403476,0.604725963590861,S5
09312600,dPL,0.3440363491066786,0.1408526588260695,0.3410360972086588,0.2014769660101996,0.0329241250346824,42.0,0.3111122240719962,0.10792853379138712,0.2172526197730131,0.629357686211237,0.604725963590861,S5
09312600,dPL,0.3034605738892437,0.2792374733794444,0.2959625697449634,0.2953637838363647,0.0392655634942599,123.0,0.2641950103949838,0.23997190988518446,0.2242812520198865,0.6676973021224286,0.604725963590861,S5
09312600,dPL,0.3070896497522949,0.2227131952281798,0.3081906212700738,0.2054000006781684,0.0249065065446444,2026.0,0.28218314320765053,0.1978066886835354,0.2195695324649627,0.6052935293992016,0.604725963590861,S5
09352900,IC,0.4912781500556731,0.3925023659737626,0.4277698172838047,0.2926423666413796,0.1373061371025921,,0.353972012953081,0.2551962288711705,0.096037692524258,0.9304892695352851,0.633893898746821,S5
09352900,dPL,0.376102671067018,0.23520813869968,0.3706767339359171,0.3337936268912421,0.0777382084746496,42.0,0.2983644625923684,0.1574699302250304,0.124728565645607,0.902229145872043,0.633893898746821,S5
09352900,dPL,0.3804066973243125,0.3045163096800026,0.3568904846906662,0.3339107373827382,0.1087573855574293,123.0,0.2716493117668832,0.19575892412257329,0.1313755937477398,0.8926296498398489,0.633893898746821,S5
09352900,dPL,0.3108641952674574,0.3126532065571212,0.3585923440181292,0.3152711375763541,0.1013240073324549,2026.0,0.2095401879350025,0.2113291992246663,0.1421949370829527,0.8800118217726173,0.633893898746821,S5
09378170,IC,0.312998304311131,0.3006108571587493,0.3949095578561746,0.1695547110725824,0.0376857718425549,,0.2753125324685761,0.2629250853161944,0.2431429908095939,0.7885609352553872,0.504005221672301,S5
09378170,dPL,0.2347584567037,0.1755108165409412,0.1965484650511491,0.2076786756515503,0.0274954663718396,42.0,0.20726299033186038,0.14801535016910158,0.144121132354403,0.7099533017320512,0.504005221672301,S5
09378170,dPL,0.2023036977541582,0.2023036977541582,0.1826048289474688,0.1752408061708722,0.0228633409356759,123.0,0.1794403568184823,0.1794403568184823,0.1468165921923268,0.7092010761917066,0.504005221672301,S5
09378170,dPL,0.2373586336602943,0.2005211643320866,0.2083129733800888,0.2091086938463409,0.0298336773394152,2026.0,0.2075249563208791,0.17068748699267142,0.1792498182666975,0.7150193685887567,0.504005221672301,S5
09386900,IC,0.3328657549774549,0.2605886580338252,0.2836095311650785,0.2529733308079471,0.0852815284441765,,0.2475842265332784,0.1753071295896487,0.3033362313442881,0.7290277453420834,0.307507544080434,S4
09386900,dPL,0.2263102947397527,0.184148685245549,0.1620105341861122,0.1811464627583821,0.0208583974971729,42.0,0.20545189724257978,0.16329028774837612,0.3721267285712878,0.7719869460941027,0.307507544080434,S4
09386900,dPL,0.2557986181068771,0.1669921699934939,0.1991300990706996,0.1800737882915296,0.0324108471619499,123.0,0.2233877709449272,0.134581322831544,0.3686166789025815,0.772007254070835,0.307507544080434,S4
09386900,dPL,0.2283732275428334,0.2087099102977215,0.1799607276916504,0.1872351903181809,0.0257040098482,2026.0,0.2026692176946334,0.1830059004495215,0.3761358203260979,0.7686600268902185,0.307507544080434,S4
09404450,IC,0.3029715064274618,0.2968197740743729,0.1942775567771281,0.332056505916976,0.1349762028248511,,0.1679953036026107,0.16184357124952178,0.1129882437491501,0.32300095085039,0.423599939585063,S4
09404450,dPL,0.1722431531260733,0.1230466557788009,0.1449662049611409,0.1351038614908854,0.0221843105192668,42.0,0.1500588426068065,0.10086234525953411,0.1240343485261686,0.4540471224057728,0.423599939585063,S4
09404450,dPL,0.2179146376984623,0.1716237767796786,0.1361836592356363,0.235330894075591,0.0266116481657512,123.0,0.1913029895327111,0.1450121286139274,0.2216178603675824,0.46081699756737976,0.423599939585063,S4
09404450,dPL,0.1802909513798277,0.1742031670041031,0.1346155038246741,0.1797890725235144,0.0210181412598267,2026.0,0.159272810120001,0.1531850257442764,0.2386551609989295,0.46390714014645446,0.423599939585063,S4
09430600,IC,0.3311177799251327,0.2558589634937888,0.2797348341711679,0.266203754404436,0.0768687350565738,,0.2542490448685589,0.178990228437215,0.0567084161706752,0.26458509499516625,0.21287165392999,S3
09430600,dPL,0.1320656822855024,0.0606870803539369,0.1313902113172743,0.0713043636745877,0.0219860508830331,42.0,0.11007963140246929,0.0387010294709038,0.1034508260319888,0.25676914808101725,0.21287165392999,S3
09430600,dPL,0.2215136576108213,0.0655366144184986,0.1767694124808678,0.100241742636028,0.0172015283254931,123.0,0.20431212928532821,0.048335086093005505,0.1149428603132848,0.2545563567817154,0.21287165392999,S3
09430600,dPL,0.2166555168487857,0.0413967607415891,0.1630742320647606,0.071590905440481,0.0220438099549285,2026.0,0.1946117068938572,0.019352950786660602,0.0971425839421328,0.2435019718028657,0.21287165392999,S3
09447800,IC,0.1886429043226737,0.1243696884031467,0.2092681686048032,0.1308861629831459,0.056407264733697,,0.1322356395889767,0.06796242366944971,0.023131837345843,0.01021448695154803,0.0394826699276366,S1
09447800,dPL,0.0197128365121961,0.019118304378396,0.0283634662628173,0.013323254055447,0.0151792420635525,42.0,0.004533594448643598,0.0039390623148435,0.057443754848981,0.06558908194461721,0.0394826699276366,S1
09447800,dPL,0.025678438638103,0.0389064503973779,0.0253701210021972,0.023893938566509,0.0139328433502252,123.0,0.011745595287877799,0.024973607047152697,0.0298425340741055,0.0729206971702856,0.0394826699276366,S1
09447800,dPL,0.0517331765663091,0.0188570572608121,0.037062644958496,0.0283954821134868,0.014670531607813,2026.0,0.0370626449584961,0.004186525652999101,0.0567137513965479,0.0736829407566576,0.0394826699276366,S1
09484600,IC,0.1167172394602182,0.0730535431668745,0.2007818067731519,0.1064584586863293,0.0570377305189767,,0.0596795089412415,0.016015812647897802,-0.0097035531269172,0.0006446544715434932,0.0101482581857307,S1
09484600,dPL,0.0501587608517472,0.0535392080419208,0.022444725036621,0.0164179111781873,0.0371212968637335,42.0,0.013037463988013698,0.0164179111781873,-0.0283723183399711,-0.03444898974193278,0.0101482581857307,S1
09484600,dPL,0.0363692536712879,0.0333292490844647,0.0276375825588519,0.0284702724880642,0.033127924962278,123.0,0.003241328709009894,0.00020132412218669404,-0.0099368024812271,0.0018066839796396783,0.0101482581857307,S1
09484600,dPL,0.0692415811450124,0.0283695874907356,0.0290199518203735,0.0157788704181539,0.0294745867282433,2026.0,0.039766994416769105,-0.0011049992375076999,-0.0071078667884287,-0.0012948943122723655,0.0101482581857307,S1
09492400,IC,0.346235593635579,0.1025975283315945,0.3387172500965019,0.0776742796812006,0.0326967673965694,,0.3135388262390096,0.06990076093502509,0.0943022808657669,0.13894062732982815,0.271766261706385,S3
09492400,dPL,0.2258974666915869,0.0997112386090992,0.1622529276486101,0.1202343639574552,0.0304615149948002,42.0,0.19543595169678668,0.069249723614299,0.1643351328473916,0.22730000716762877,0.271766261706385,S3
09492400,dPL,0.2520530703394476,0.0858204262474884,0.2161979537743788,0.1137585772408379,0.0288133571712904,123.0,0.22323971316815722,0.057007069076198,0.1410371917970343,0.2345899359905257,0.271766261706385,S3
09492400,dPL,0.2484275752462382,0.1080522769100367,0.2275116466558897,0.1252238239560808,0.0202217686079978,2026.0,0.22820580663824042,0.0878305083020389,0.0911307208326371,0.23466960924219737,0.271766261706385,S3
09494000,IC,0.3017653794706719,0.2387840955768763,0.3626333805037363,0.4168686355283443,0.0590911435266816,,0.2426742359439903,0.1796929520501947,0.2127314891964806,0.3647173228278087,0.235554110470522,S3
09494000,dPL,0.1920891074512947,0.0922282713148111,0.1563050065721784,0.0908445370824713,0.0119181799217737,42.0,0.18017092752952102,0.0803100913930374,0.2792245632355467,0.3637958897413445,0.235554110470522,S3
09494000,dPL,0.2376534654932498,0.0998517053815836,0.213273823261261,0.1197853891473067,0.0086075993419966,123.0,0.22904586615125322,0.09124410603958699,0.3100329167088262,0.3783866752052419,0.235554110470522,S3
09494000,dPL,0.1989641226550066,0.0832156435335497,0.2276003573622022,0.1283010056144313,0.014470769871876,2026.0,0.1844933527831306,0.0687448736616737,0.3130982628031206,0.3747823728638802,0.235554110470522,S3
09497980,IC,0.082767835610511,0.1013050953828677,0.0545587334772109,0.0586487584931333,0.0305120472278319,,0.0522557883826791,0.07079304815503579,0.0741665655631744,0.09085501880707902,0.0796650506390503,S2
09497980,dPL,0.0554679089542385,0.0278674981301341,0.0503897666931152,0.0288570404052734,0.0108662415908598,42.0,0.0446016673633787,0.017001256539274298,0.087171362762119,0.11132871223444263,0.0796650506390503,S2
09497980,dPL,0.0677834342798067,0.0180456175518336,0.0419562657674153,0.0230224609374999,0.0081843548770901,123.0,0.059599079402716595,0.0098612626747435,0.0781607323990601,0.124562531921529,0.0796650506390503,S2
09497980,dPL,0.0753173610412064,0.0233717447830876,0.0493214459254823,0.0211929722836143,0.0095392378145222,2026.0,0.0657781232266842,0.013832506968565401,0.0630903500136089,0.11743380682879379,0.0796650506390503,S2
09505350,IC,0.1918290385878674,0.1562689345341278,0.1153813533065537,0.2081786983434808,0.0180831972637274,,0.17374584132414,0.1381857372704004,0.1533764091399703,0.21357452860576964,0.198936492502152,S3
09505350,dPL,0.113808990290087,0.0262377916544755,0.1104132758246527,0.0387582026029887,0.0080481759809865,42.0,0.10576081430910049,0.018189615673489,0.1343243027793726,0.22274109276654686,0.198936492502152,S3
09505350,dPL,0.1418784680299225,0.036386039195659,0.1297259330749511,0.0486846660312853,0.0100413080629344,123.0,0.13183715996698808,0.0263447311327246,0.1245939358916963,0.2204458968672912,0.198936492502152,S3
09505350,dPL,0.1599492546495433,0.0306539570057197,0.1487446242365344,0.0349395328097873,0.0153335942841259,2026.0,0.1446156603654174,0.015320362721593801,0.1362920996722418,0.2228592820405766,0.198936492502152,S3
09505800,IC,0.255607754863059,0.3419208264209424,0.2395225783839471,0.272022453489782,0.0621969446773529,,0.19341081018570608,0.27972388174358953,0.1792238824529182,0.2956604530638657,0.284069099376475,S3
09505800,dPL,0.1761130553773005,0.0518643733975757,0.1660215854644776,0.0600047243965997,0.010986792166421,42.0,0.16512626321087948,0.0408775812311547,0.242793842627357,0.24456841624091608,0.284069099376475,S3
09505800,dPL,0.239021585612591,0.0707225066712458,0.2300072147657997,0.0755418009228176,0.0086268293678025,123.0,0.2303947562447885,0.0620956773034433,0.2367470902687918,0.246950676762398,0.284069099376475,S3
09505800,dPL,0.2458924145914842,0.082928941874798,0.2227003441045159,0.0798959156562542,0.008754938464946,2026.0,0.2371374761265382,0.074174003409852,0.2002059677545496,0.2453691903990649,0.284069099376475,S3
09508300,IC,0.0831734173498053,0.0285114564420592,0.1482736283259169,0.2056207919047994,0.2060148147503761,,-0.12284139740057082,-0.17750335830831693,0.0256928137628631,0.020540185809925227,0.0401188085303456,S1
09508300,dPL,0.0409078505573767,0.0192539490916288,0.0390428702036539,0.0180869632297092,0.0097529123854586,42.0,0.031154938171918105,0.009501036706170201,0.0352100905478536,0.017753080397845178,0.0401188085303456,S1
09508300,dPL,0.0286227065602826,0.014298739046418,0.0334971526573444,0.0127177605262169,0.0125153919289864,123.0,0.0161073146312962,0.0017833471174315985,0.0172165402117507,0.03204526527202278,0.0401188085303456,S1
09508300,dPL,0.0556524250486072,0.0130643731780865,0.0368292914496528,0.0072568655014038,0.008409831513475,2026.0,0.0472425935351322,0.004654541664611499,0.0182820761051284,0.03482707755859704,0.0401188085303456,S1
09510200,IC,0.0666867366232313,0.064401762394142,0.1834256297120316,0.1216854008950252,0.1343275951892857,,-0.0676408585660544,-0.0699258327951437,-0.0467059775283348,-0.00291274849357126,0.0061243701078094,S1
09510200,dPL,0.0232552210143403,0.0296283654587914,0.0215053558349609,0.023951678805881,0.0071687392609764,42.0,0.0160864817533639,0.022459626197815,-0.0327881318528776,-0.025568483229129635,0.0061243701078094,S1
09510200,dPL,0.0171186305172076,0.0142160773689895,0.016361349507382,0.0094868948585108,0.0092226386482863,123.0,0.0078959918689213,0.0049934387207032,-0.0024441078968916,-0.0035394606649834515,0.0061243701078094,S1
09510200,dPL,0.0261103148699471,0.0067409385368109,0.0184615241156683,0.0203830003738403,0.0129382364963973,2026.0,0.013172078373549799,-0.006197297959586401,-0.0193442932725066,-0.007844869974839463,0.0061243701078094,S1
09512280,IC,0.0324884497725418,0.0832453787721957,0.0591281814666576,0.0461288936953914,0.1001301946873163,,-0.06764174491477451,-0.016884815915120602,-0.0052826914036392,-0.017677909211720966,0.0046420695661842,S1
09512280,dPL,0.0296711338455645,0.0175055389999778,0.0133341550827026,0.0123173607720269,0.0098497553164537,42.0,0.019821378529110797,0.0076557836835240995,-0.0204074131569526,-0.0170118005353862,0.0046420695661842,S1
09512280,dPL,0.0137507075608286,0.0161111680615979,0.0208611323915678,0.0124024709065755,0.0095529788519655,123.0,0.0041977287088631,0.006558189209632399,-0.0051017696084068,-0.003274464686455203,0.0046420695661842,S1
09512280,dPL,0.0221310556260883,0.0159134936478844,0.0231947104136148,0.0164759159088134,0.0068333049289246,2026.0,0.0152977506971637,0.009080188718959801,-0.0088829347825589,-0.004654816420342378,0.0046420695661842,S1
09513780,IC,0.130001563404779,0.2017577399828717,0.0714224271674525,0.1233926733456042,0.0421019009933921,,0.0878996624113869,0.1596558389894796,-0.0118140315873921,-0.01838837328439291,0.0042560892003911,S1
09513780,dPL,0.0235908494087621,0.0106078264701348,0.0210816860198974,0.0179412961006164,0.01580419988129,42.0,0.0077866495274721,-0.005196373411155201,-0.0265199423352555,-0.02068350587362755,0.0042560892003911,S1
09513780,dPL,0.0238563442631897,0.0108044635129275,0.0183818817138671,0.0164873141508836,0.008793199281305,123.0,0.0150631449818847,0.0020112642316224994,-0.0037710975231687,-0.004555803221513943,0.0042560892003911,S1
09513780,dPL,0.0217867117516609,0.0161310789779722,0.0185560438368055,0.013684336344401,0.0089314597959739,2026.0,0.012855251955687,0.007199619181998299,-0.0116040744273243,-0.006271723456696132,0.0042560892003911,S1
10234500,IC,0.3711418260090657,0.25233692526777,0.3580631045006177,0.1897428285269903,0.0817267064045523,,0.2894151196045134,0.1706102188632177,0.2963431951848234,0.6903947051285517,0.632069679226265,S5
10234500,dPL,0.3355640644024175,0.2179794518437871,0.3278601063149316,0.2863910368510655,0.0241736944719079,42.0,0.31139036993050956,0.1938057573718792,0.2140307212409468,0.7081320430594944,0.632069679226265,S5
10234500,dPL,0.3148639878716979,0.258368556007844,0.3273435804578993,0.2700036136727583,0.030339069653655,123.0,0.2845249182180429,0.22802948635418896,0.1782180752822069,0.7113618205810979,0.632069679226265,S5
10234500,dPL,0.3310543330760606,0.2207997515689382,0.270782626908401,0.2509155947911112,0.0157181902251946,2026.0,0.315336142850866,0.20508156134374358,0.1585249458772959,0.7082174778433693,0.632069679226265,S5
10244950,IC,0.3629684334910692,0.2397969893050899,0.4184869985248846,0.5416122073531511,0.0969619614453146,,0.2660064720457546,0.1428350278597753,0.3152198046587449,0.5535527287307369,0.656356436998628,S5
10244950,dPL,0.3085370126046019,0.1473374235098171,0.3028237223625183,0.240591751901727,0.0351201904236143,42.0,0.2734168221809876,0.1122172330862028,0.2386027725327049,0.5685274879900781,0.656356436998628,S5
10244950,dPL,0.3750207424522474,0.1572046651139227,0.3497870551215278,0.2118429587437556,0.0479164920143831,123.0,0.32710425043786434,0.1092881730995396,0.1530427014696654,0.564979332260735,0.656356436998628,S5
10244950,dPL,0.3381349459597325,0.1467892999807342,0.330074186387815,0.1805492843452253,0.042867453128951,2026.0,0.29526749283078146,0.1039218468517832,0.1385485192399022,0.5516018993038159,0.656356436998628,S5
10259000,IC,0.3174712596113035,0.0763502063365184,0.1705353001226637,0.0319387367550137,0.0860449056530646,,0.2314263539582389,-0.009694699316546193,-0.0397465976484764,0.011787809002479555,0.0335249004621377,S1
10259000,dPL,0.0355207112905843,0.037528593090918,0.0318999290466308,0.0228982624254728,0.0115411546570179,42.0,0.023979556633566403,0.0259874384339001,0.0094266239037875,-0.005490721200599236,0.0335249004621377,S1
10259000,dPL,0.0356371419724741,0.0128440844493571,0.0204548835754394,0.0074906349182128,0.0078252906474847,123.0,0.0278118513249894,0.005018793801872401,0.0144199296995419,0.014885741009122766,0.0335249004621377,S1
10259000,dPL,0.0400622402961403,0.0260614851704879,0.0366032070583767,0.015026725255526,0.0065804936298047,2026.0,0.0334817466663356,0.0194809915406832,0.0167056262785887,0.015267805814264346,0.0335249004621377,S1
10336645,IC,0.342930302168753,0.3191345833743794,0.203161800191345,0.3769690091264503,0.1022966142067972,,0.24063368796195578,0.2168379691675822,0.2687808728196472,0.34145828658202476,0.665304872565722,S5
10336645,dPL,0.4435129265854403,0.3408312283398312,0.3233519277377387,0.2650714929526051,0.0775470025194334,42.0,0.36596592406600686,0.2632842258203978,0.2180438231241774,0.3383014747811481,0.665304872565722,S5
10336645,dPL,0.444535585264917,0.3387420349855116,0.3568281798527158,0.2917483117845323,0.0673387227352751,123.0,0.3771968625296419,0.2714033122502365,0.2141706690089492,0.3392995373898657,0.665304872565722,S5
10336645,dPL,0.4281515028945828,0.3541965392105007,0.3913430955674914,0.2347015079699065,0.0642126719905372,2026.0,0.3639388309040456,0.2899838672199635,0.2226755544658238,0.33794672426674827,0.665304872565722,S5
10336660,IC,0.3285198222659492,0.4531838203817671,0.3299524510974549,0.4497908476067166,0.0619330251797382,,0.266586797086211,0.3912507952020289,0.2797615681490898,0.413317095894396,0.668727842270536,S5
10336660,dPL,0.4482502724081343,0.3968896050887213,0.3460828189314011,0.2783050441316196,0.0727131057527417,42.0,0.3755371666553926,0.3241764993359796,0.236108814841462,0.41228327833892064,0.668727842270536,S5
10336660,dPL,0.4522261406332319,0.4005514634967959,0.3281749301486545,0.2783253987630208,0.0900693472312675,123.0,0.3621567934019644,0.31048211626552835,0.2345949218937388,0.41188766305109215,0.668727842270536,S5
10336660,dPL,0.4441721983396812,0.4018345946444818,0.3277684529622395,0.2618481106228298,0.0786099317515069,2026.0,0.36556226658817426,0.3232246628929749,0.2418235907105658,0.4091319508237614,0.668727842270536,S5
10343500,IC,0.465778326393367,0.3187052154366708,0.4567751061774152,0.4183525332142468,0.0276112246199611,,0.4381671017734059,0.2910939908167097,0.2483752308926035,0.557265882787426,0.714981248450698,S5
10343500,dPL,0.4611633056414139,0.407108349019827,0.3967766926206392,0.2646972026143755,0.0637705893574861,42.0,0.3973927162839278,0.3433377596623409,0.2920987961611665,0.5575365616872728,0.714981248450698,S5
10343500,dPL,0.4649151796114457,0.4111803843050421,0.427021363685871,0.3000224186823917,0.0432544118154037,123.0,0.421660767796042,0.36792597248963843,0.2771161918577707,0.5668155426374956,0.714981248450698,S5
10343500,dPL,0.4644615882647049,0.4057763135010485,0.4228961096869574,0.255144001954856,0.0447436934697616,2026.0,0.4197178947949433,0.3610326200312869,0.2869434896954083,0.5677589749175025,0.714981248450698,S5
11124500,IC,0.4033429241700086,0.0410948210933765,0.032254571639618,0.3446201348045993,0.3462315486721262,,0.05711137549788242,-0.3051367275787497,-0.0056235386884047,-0.0030855763385829738,0.0230381055615776,S1
11124500,dPL,0.0347544776075251,0.0335065139324816,0.0427315606011284,0.0372469425201416,0.0158092735959726,42.0,0.0189452040115525,0.017697240336509,-0.0147593184518255,-0.013711133429095579,0.0230381055615776,S1
11124500,dPL,0.0372819300800525,0.02576206702475,0.0317685070790742,0.0159980350070529,0.0110495973377461,123.0,0.026232332742306397,0.0147124696870039,-0.0022138017429955,-0.003265926703059141,0.0230381055615776,S1
11124500,dPL,0.0400400845823343,0.0197742784278301,0.029809554417928,0.025320900113959,0.0146110034033575,2026.0,0.025429081178976805,0.005163275024472601,-0.0012684255592051,-0.001951992357810739,0.0230381055615776,S1
11141280,IC,0.1559884914464525,0.0630548364426486,0.0874674291145443,0.0626988549095912,0.0325144690237617,,0.12347402242269079,0.030540367418886903,-0.0036723872735348,-0.0044728804231476404,0.0007877803924076,S1
11141280,dPL,0.0311183280976239,0.0397947450580278,0.0244952731662326,0.0382901933458116,0.014557134592426,42.0,0.0165611935051979,0.025237610465601797,-0.0065144127229012,-0.010536780690668657,0.0007877803924076,S1
11141280,dPL,0.0266537329327559,0.0334122483786055,0.0131223843647883,0.0316800389971052,0.0112760012838397,123.0,0.015377731648916199,0.022136247094765797,-0.0065591148460592,-0.008984879242178279,0.0007877803924076,S1
11141280,dPL,0.027586806191285,0.0271806697817142,0.0161182880401611,0.0343830244881765,0.0101068764399649,2026.0,0.0174799297513201,0.0170737933417493,-0.002609030624703,-0.0067894894254950655,0.0007877803924076,S1
11143000,IC,0.0092659984368657,0.204455983322704,0.0231687062766328,0.1387532767630125,0.028079196879831,,-0.0188131984429653,0.17637678644287302,-0.0016584834531926,0.0004309856184915306,0.0254379399486261,S1
11143000,dPL,0.0425298955106444,0.0304395485375453,0.0512812953246267,0.0318651994069417,0.0103848581228417,42.0,0.0321450373878027,0.020054690414703598,-0.0056579047590074,-0.0043582092078490176,0.0254379399486261,S1
11143000,dPL,0.0364865058022266,0.0268751890016871,0.0371723112307096,0.0239421129226684,0.0069243523543399,123.0,0.0295621534478867,0.0199508366473472,-0.0002592430815198,0.0012459132817931318,0.0254379399486261,S1
11143000,dPL,0.0548767279538578,0.0236735687716511,0.050931970278422,0.0175224617123603,0.0093814244732086,2026.0,0.0454953034806492,0.0142921442984425,-0.0032522020666831,0.003027072578630996,0.0254379399486261,S1
11148900,IC,0.0506708414953085,0.0939909443054934,0.1110146577777221,0.488250486303825,0.0957856920290693,,-0.0451148505337608,-0.001794747723575893,-0.0077868587282911,-0.01014325034682484,0.003526794606684,S1
11148900,dPL,0.0252873531408053,0.0317280725962859,0.0254369723169426,0.0262075636121962,0.0111240687956932,42.0,0.0141632843451121,0.0206040038005927,-0.0048050939012451,-0.003635380291928003,0.003526794606684,S1
11148900,dPL,0.020776416978969,0.0337409509187336,0.0121691385904947,0.0367873297797308,0.0123152962019942,123.0,0.008461120776974798,0.0214256547167394,-0.001968902937682,-0.0030292098169322212,0.003526794606684,S1
11148900,dPL,0.0292420851225261,0.0290972282424298,0.0185908847384982,0.0228450553757803,0.0130339591782532,2026.0,0.0162081259442729,0.0160632690641766,-0.0024883787541587,-0.0002356031504432421,0.003526794606684,S1
11151300,IC,0.0788718985364955,0.1527143668724314,0.0371095937630707,0.0334042458210048,0.1120532129556073,,-0.033181314419111804,0.040661153916824094,-0.0122440039471249,-0.02865700526461601,0.0038403901400884,S1
11151300,dPL,0.0209344449329007,0.0303584045081539,0.0142841127183702,0.0334322452545166,0.0097283500245178,42.0,0.011206094908382902,0.0206300544836361,-0.0132105328696288,-0.01315684133720274,0.0038403901400884,S1
11151300,dPL,0.0140736038115749,0.0193531368413503,0.018094778060913,0.0196658240424262,0.0096887562358402,123.0,0.0043848475757347,0.009664380605510099,-0.0066371113997591,-0.0065234324462671855,0.0038403901400884,S1
11151300,dPL,0.0181065372930527,0.0113037564169331,0.0216679467095269,0.0203688207425569,0.0112552310785715,2026.0,0.0068513062144812,4.852533836160154e-05,-0.0095415420575684,-0.004111286309699036,0.0038403901400884,S1
11176400,IC,0.0225869159120044,0.0296392021176084,0.0442541964312667,0.1034877491632254,0.0316741725989479,,-0.009087256686943497,-0.0020349704813395,-0.0141019998207942,-0.002925266945413618,0.016307003804813,S1
11176400,dPL,0.0228543746184201,0.0347468802148481,0.032334986485933,0.0241578420003255,0.0092519670635113,42.0,0.0136024075549088,0.025494913151336798,-0.0057665784601139,-0.008475115252396415,0.016307003804813,S1
11176400,dPL,0.0314712380060064,0.0202626018538455,0.0306880474090576,0.0223107848848615,0.0114620404749052,123.0,0.020009197531101204,0.0088005613789403,0.000900849936022,0.0015107390251559716,0.016307003804813,S1
11176400,dPL,0.0214272042262768,0.0090256880551931,0.0343105316162109,0.0130407121446397,0.0085169060833215,2026.0,0.012910298142955301,0.0005087819718716004,-0.0041749555630624,0.0037361683387280298,0.016307003804813,S1
11230500,IC,0.470954988125505,0.3560855007263715,0.5191013160565637,0.5191013160565637,0.0437335661585206,,0.4272214219669844,0.31235193456785093,0.1476682250292965,0.8134956800510234,0.902963679881608,S5
11230500,dPL,0.3607113124833814,0.2857234277647336,0.2948179033067492,0.1753910382588704,0.0415167594400371,42.0,0.3191945530433443,0.24420666832469648,0.1602627468665033,0.8074758203061274,0.902963679881608,S5
11230500,dPL,0.3265931912557769,0.1187898837558572,0.2582275867462159,0.1066251993179321,0.0369226741385624,123.0,0.2896705171172145,0.0818672096172948,0.1630275824080727,0.7998191487057374,0.902963679881608,S5
11230500,dPL,0.380617356489729,0.1627206830752867,0.3390649893429197,0.121871100531684,0.0429647549437806,2026.0,0.3376526015459484,0.1197559281315061,0.1668318591052014,0.7924199493374072,0.902963679881608,S5
11237500,IC,0.4437260830649582,0.3201902713985349,0.3748125902845783,0.2495768373121464,0.0549900218137677,,0.3887360612511905,0.2652002495847672,0.2811093358943866,0.6436346070562455,0.749856960685691,S5
11237500,dPL,0.4697457428798588,0.3142922982666625,0.3283449808756511,0.2794314914279514,0.0898246112114236,42.0,0.3799211316684352,0.2244676870552389,0.2852964522439078,0.6508560758939974,0.749856960685691,S5
11237500,dPL,0.476009475790015,0.3610162823270495,0.3556877991248821,0.3106459649279713,0.0869611189269212,123.0,0.3890483568630938,0.2740551634001283,0.2856885241527354,0.6499261431740322,0.749856960685691,S5
11237500,dPL,0.4503960978746811,0.3608284048001369,0.3512817880740234,0.2275645070605807,0.0781646722924552,2026.0,0.3722314255822259,0.2826637325076817,0.2862668043995335,0.6469778314473759,0.749856960685691,S5
11264500,IC,0.4502349295536125,0.4866239260466607,0.5120653276734412,0.5120653276734412,0.2630414366559975,,0.187193492897615,0.22358248939066322,0.3293991350201928,0.8519668480458538,0.90632692590849,S5
11264500,dPL,0.4829480360777887,0.3402733916441218,0.3231105009763269,0.2518888685438368,0.0645753162641656,42.0,0.4183727198136231,0.27569807537995616,0.330962366061089,0.8481240760267199,0.90632692590849,S5
11264500,dPL,0.4853206585677179,0.322875889312282,0.3588979310795064,0.3003261750563979,0.0625844904601535,123.0,0.42273616810756437,0.2602913988521285,0.3336367203017208,0.8430389000628169,0.90632692590849,S5
11264500,dPL,0.4859811972411187,0.3029107043888772,0.359247080485026,0.2466797828674317,0.0590341039824671,2026.0,0.4269470932586516,0.24387660040641007,0.3360120110693619,0.8359842042329089,0.90632692590849,S5
11266500,IC,0.4183838406453974,0.3674756779492173,0.4137996617396132,0.2430949783543188,0.0676516844445612,,0.3507321562008362,0.2998239935046561,0.3428776104932405,0.8374650927035816,0.885217452223562,S5
11266500,dPL,0.4722604892773563,0.3534274976353009,0.3163536919487847,0.2500924852159287,0.0474142779919475,42.0,0.4248462112854088,0.3060132196433534,0.3448500522852866,0.8151118731329523,0.885217452223562,S5
11266500,dPL,0.4757853887600833,0.3311410578727398,0.3607562690948336,0.3011680953204632,0.0449490198453603,123.0,0.430836368914723,0.28619203802737947,0.3510381938281892,0.8174026121447946,0.885217452223562,S5
11266500,dPL,0.4768331192059452,0.30539746019393,0.342116640718554,0.2330001831054687,0.0407939225622001,2026.0,0.4360391966437451,0.2646035376317299,0.3559809365517872,0.8134924126300398,0.885217452223562,S5
11284400,IC,0.0728909395933123,0.0549488989213737,0.1563551978381166,0.1626520076835869,0.0718587929171995,,0.0010321466761128023,-0.0169098939958258,-0.0111940693514391,-0.011449681631546027,0.0365047230850116,S1
11284400,dPL,0.0431103526385328,0.0261366054910785,0.0431480809261924,0.0329368167453341,0.0093343005545221,42.0,0.0337760520840107,0.0168023049365564,-0.002737644708933,0.0029510640552984357,0.0365047230850116,S1
11284400,dPL,0.0401800762069929,0.0180248274438299,0.0439617463520595,0.0183002948760986,0.005211013936032,123.0,0.034969062270960895,0.012813813507797901,0.0051484109487142,0.0046743346086424165,0.0365047230850116,S1
11284400,dPL,0.0714214851623073,0.0314608692454896,0.0501502990722656,0.0275396045885588,0.00609627473189,2026.0,0.0653252104304173,0.025364594513599605,0.0029989865362779,0.0057004942976743855,0.0365047230850116,S1
11381500,IC,0.100029059179885,0.1117089989288043,0.0834001472057052,0.0655387651785294,0.0544250754356526,,0.0456039837442324,0.0572839234931517,0.0109289315077313,0.008032172951555228,0.165026130486202,S3
11381500,dPL,0.064029797132219,0.0382242915474892,0.0750595895867598,0.0335147604346275,0.0099343895326802,42.0,0.0540954075995388,0.028289902014809,0.0057041304199612,0.012852556726238418,0.165026130486202,S3
11381500,dPL,0.0823118671581477,0.0670297925477555,0.0807749814000622,0.057873805363973,0.0091559871837825,123.0,0.0731558799743652,0.057873805363973,0.0090501296258318,0.014239358520913181,0.165026130486202,S3
11381500,dPL,0.0796181998803269,0.0831867043977311,0.0762328298468338,0.0709131558736165,0.0122735485241145,2026.0,0.0673446513562124,0.0709131558736166,0.0059400839366964,0.01420026615699721,0.165026130486202,S3
11451100,IC,0.1778824340998318,0.1344220291050361,0.2011053628224317,0.1167369775244356,0.0246033917571707,,0.1532790423426611,0.10981863734786539,0.0014518759047119,0.02472162267767941,0.123536359034925,S2
11451100,dPL,0.0447671942135702,0.0525731037192975,0.0512430291426809,0.0497765011257596,0.0082783213975545,42.0,0.0364888728160157,0.044294782321743,0.0016381962826268,0.0164445697708816,0.123536359034925,S2
11451100,dPL,0.0460465968686755,0.0368655973570219,0.0356558163960775,0.0426659319135878,0.0112597888810761,123.0,0.0347868079875994,0.025605808475945797,0.0071641771968468,0.02294085330569462,0.123536359034925,S2
11451100,dPL,0.0485730302553386,0.0368420609292208,0.0503555881349664,0.039993413289388,0.0076869155971439,2026.0,0.0408861146581947,0.0291551453320769,0.0068318132693406,0.022760827219117208,0.123536359034925,S2
11468500,IC,0.1635198229496072,0.0131003527165608,0.1626640569150533,0.0314327389360038,0.0273573874998414,,0.1361624354497658,-0.014257034783280602,-0.0068845458795587,-0.0024784439069840403,0.000524205133848,S1
11468500,dPL,0.0351691220472014,0.0315617132376171,0.0345978987844367,0.0278837295869986,0.0116053909505914,42.0,0.023563731096610002,0.0199563222870257,-0.010054491826034,-0.009803329287035867,0.000524205133848,S1
11468500,dPL,0.0383785279246939,0.0237797246090647,0.0237371524175007,0.0217076195610894,0.0148810366639504,123.0,0.0234974912607435,0.0088986879451143,-0.0030427030691791,-0.005476716266873294,0.000524205133848,S1
11468500,dPL,0.0417423476127633,0.0221438768666288,0.0287141899267832,0.0254082679748535,0.0083907216864225,2026.0,0.0333516259263408,0.013753155180206299,-0.003380404339308,-0.002640115252505626,0.000524205133848,S1
11473900,IC,0.1737256739518244,0.2751548274407989,0.1467044398494255,0.2613608907296024,0.0228678377826261,,0.1508578361691983,0.2522869896581728,0.0392968351181293,0.07002202085859455,0.262478357358648,S3
11473900,dPL,0.1558993550616935,0.106195470014811,0.1640707651774088,0.1038943926493327,0.0130008471911383,42.0,0.1428985078705552,0.0931946228236727,0.0467395794290365,0.07013347658621638,0.262478357358648,S3
11473900,dPL,0.244933955005254,0.1262883064975963,0.2501406324537177,0.122666761610243,0.0080693657258472,123.0,0.2368645892794068,0.11821894077174909,0.0361376821137078,0.07339860301962675,0.262478357358648,S3
11473900,dPL,0.1816866044088119,0.1329003774321083,0.1828113132052951,0.122797131538391,0.014146372969355,2026.0,0.1675402314394569,0.1187540044627533,0.0407332898581077,0.07292108843163159,0.262478357358648,S3
11475560,IC,0.1073767671422503,0.0832594659473777,0.1069304222688262,0.095144735692678,0.0351038393540046,,0.0722729277882457,0.048155626593373094,0.0095037139995641,0.02451931784802963,0.138629337971597,S2
11475560,dPL,0.0713557497395736,0.045101066018403,0.0555116807421048,0.0398769460875412,0.0158440689974688,42.0,0.0555116807421048,0.029256997020934195,0.0121551796721531,0.02283594478082318,0.138629337971597,S2
11475560,dPL,0.0600093855725067,0.0893742939430861,0.0658189629515011,0.085397466023763,0.0090929959425578,123.0,0.0509163896299489,0.0802812980005283,0.0118959873943683,0.022757484429174357,0.138629337971597,S2
11475560,dPL,0.0738646383933826,0.083225595348251,0.0829744338989257,0.0622128618174585,0.0172634745414722,2026.0,0.0566011638519104,0.0659621208067788,0.0119466112351311,0.022640169120077602,0.138629337971597,S2
11476600,IC,0.0416886245592264,0.2292511751948895,0.0258190438083492,0.2659608945146476,0.036709719319758,,0.004978905239468402,0.1925414558751315,-0.000580298246111,-0.005989612772464792,0.0120106292964887,S1
11476600,dPL,0.044477010969795,0.0307877421148961,0.0402991260801042,0.035761535167694,0.0112381927013406,42.0,0.0332388182684544,0.019549549413555502,-0.0001726314873853,0.0014702359672474907,0.0120106292964887,S1
11476600,dPL,0.0414080628735687,0.0289074723307024,0.0410450167126125,0.0379009246826171,0.0157968520408405,123.0,0.025611210832728198,0.013110620289861898,0.0012726735537966,0.0020982192817556866,0.0120106292964887,S1
11476600,dPL,0.052785843207034,0.0272138170543351,0.0582880899310112,0.0341547790326569,0.008502692536113,2026.0,0.044283150670921,0.0187111245182221,-1.4178171860002031e-05,-0.0011159536803643233,0.0120106292964887,S1
11478500,IC,0.1579522311699125,0.1457136605146436,0.0962989191625932,0.2254782255436249,0.024420162312584,,0.1335320688573285,0.1212934982020596,0.0061931792461628,0.015665742995705445,0.157314421019928,S3
11478500,dPL,0.0721216680430182,0.0469708921335944,0.070135235786438,0.0449844598770141,0.0039072108641068,42.0,0.0682144571789114,0.0430636812694876,-0.0014391557444207,0.013998002107149188,0.157314421019928,S3
11478500,dPL,0.0591989439549852,0.0547198933186937,0.0583026409149169,0.0549174999368601,0.0063651363807035,123.0,0.0528338075742817,0.0483547569379902,0.0046005541182772,0.018441552610700795,0.157314421019928,S3
11478500,dPL,0.0533295344324933,0.086943497118436,0.0556997511121961,0.0904725657569037,0.0035290686384676,2026.0,0.0498004657940257,0.08341442847996841,0.00329271261035,0.019049083326535432,0.157314421019928,S3
11480390,IC,0.2189314004415915,0.353128931230983,0.2429448651733137,0.3181543524871202,0.0470451151199785,,0.171886285321613,0.3060838161110045,0.0577655363761362,0.09179154663597677,0.299512506046178,S3
11480390,dPL,0.1317622224471604,0.0684386849385137,0.1317124366760254,0.0915671030680339,0.0114999091191426,42.0,0.1202623133280178,0.056938775819371096,0.0694895171165724,0.08528074580454537,0.299512506046178,S3
11480390,dPL,0.1323518228337253,0.1150067045607106,0.1506445909801282,0.1179368297259012,0.015359130365502,123.0,0.11699269246822329,0.0996475741952086,0.0641955863461457,0.09002375677498098,0.299512506046178,S3
11480390,dPL,0.1132014001123871,0.1269165383595165,0.1167134234779758,0.1251756456163194,0.0114628564131421,2026.0,0.101738543699245,0.1154536819463744,0.0635378651055793,0.08745985541557921,0.299512506046178,S3
11481200,IC,0.0666343901432909,0.0361968482712891,0.0482841611336762,0.0433850465106886,0.0313628338425915,,0.03527155630069939,0.004834014428697596,-0.0020889292273776,-0.006434618291578875,0.0016368255310898,S1
11481200,dPL,0.0347912277248505,0.0167334983143108,0.0334177613258361,0.0205753909216986,0.0186280240210003,42.0,0.0161632037038502,-0.0018945257066894997,-0.003757640313476,-0.0036432640357596524,0.0016368255310898,S1
11481200,dPL,0.0210729109387246,0.0325739545200699,0.0228285789489746,0.0275648051294787,0.0127473317923166,123.0,0.008325579146407998,0.019826622727753297,-0.0017605580266412,-0.004382745376223851,0.0016368255310898,S1
11481200,dPL,0.0462700091481554,0.0401913683090587,0.033150651719835,0.0423916710747613,0.0137482441539129,2026.0,0.0325217649942425,0.0264431241551458,-0.0014721894771158,-0.0020013828408760315,0.0016368255310898,S1
11482500,IC,0.0235232506843114,0.1131035374195723,0.0272530570508699,0.1679961663580728,0.0781733973501436,,-0.0546501466658322,0.0349301400694287,-0.0058241876886894,-0.0015562119166699917,0.0131812044990649,S1
11482500,dPL,0.0638307188089464,0.0473962549657334,0.0427952306023959,0.0410531163215637,0.0181214050842206,42.0,0.04570931372472581,0.029274849881512802,-0.0026315912268781,-0.0007433597557824356,0.0131812044990649,S1
11482500,dPL,0.0357639599004477,0.0325277402823922,0.0203817486763,0.0263761532934088,0.0136594609809796,123.0,0.0221044989194681,0.018868279301412598,-0.0004604234737528,-0.0007505061084299713,0.0131812044990649,S1
11482500,dPL,0.0543659166524394,0.0325821475578229,0.0480579460660616,0.0365175385224191,0.0204675317065787,2026.0,0.0338983849458607,0.012114615851244199,-0.0009186324927268,-0.000711810477953212,0.0131812044990649,S1
11522500,IC,0.2035069844514136,0.2671213267528413,0.1703881721776995,0.1774863698780902,0.0965209331058076,,0.106986051345606,0.17060039364703367,0.0053260960114348,0.03856219480474821,0.249129777057898,S3
11522500,dPL,0.1542437276615093,0.112538766966122,0.1571146784157588,0.1144142945607503,0.0242060338313671,42.0,0.1300376938301422,0.0883327331347549,0.023523119204866,0.036521381005454434,0.249129777057898,S3
11522500,dPL,0.1809900347620778,0.1095921856816461,0.1642120948859624,0.1167115767796834,0.0137624082311141,123.0,0.1672276265309637,0.09582977745053199,0.0210703110351363,0.048106942853881174,0.249129777057898,S3
11522500,dPL,0.1667638904946976,0.1246260723529831,0.1412345462375217,0.1259483098983764,0.0230116267013185,2026.0,0.14375226379337908,0.10161444565166461,0.0211157098984964,0.04539459966515613,0.249129777057898,S3
11523200,IC,0.2169092529750884,0.267134192237241,0.2556282863696532,0.2349737965054473,0.0413013666450463,,0.1756078863300421,0.2258328255921947,0.071460827463637,0.12360400544939332,0.431707151976883,S4
11523200,dPL,0.1306451373059919,0.0886203308262687,0.1280108094215393,0.1068429814444648,0.0206561012977946,42.0,0.10998903600819729,0.0679642295284741,0.093872510589157,0.12733803147979028,0.431707151976883,S4
11523200,dPL,0.2517279743397959,0.1629887226999812,0.2476559226450167,0.161972427368164,0.0138993242019492,123.0,0.23782865013784668,0.149089398498032,0.103125297031388,0.12123000870776868,0.431707151976883,S4
11523200,dPL,0.2014538600209138,0.1726788166941218,0.2182428571912977,0.1943048265245225,0.0130803218159376,2026.0,0.1883735382049762,0.1595984948781842,0.087865582894793,0.12980365938856686,0.431707151976883,S4
11528700,IC,0.2814896574441481,0.2780059343240959,0.1776473253947013,0.2080633934320416,0.0699425408920543,,0.2115471165520938,0.2080633934320416,0.0357234221443732,0.06733371517482833,0.271305322327506,S3
11528700,dPL,0.1530392851807107,0.1237920012451638,0.1536313483589573,0.1178578535715738,0.0079126591447395,42.0,0.1451266260359712,0.1158793421004243,0.0446339129092094,0.05850211596939636,0.271305322327506,S3
11528700,dPL,0.1916553593982395,0.1445024680796527,0.1821808729852949,0.1523013644748263,0.0079320403539764,123.0,0.1837233190442631,0.1365704277256763,0.0426618863481194,0.06907748808433622,0.271305322327506,S3
11528700,dPL,0.1539998373186104,0.1397517409302224,0.1414309740066528,0.1328670183817545,0.0141855098117527,2026.0,0.13981432750685768,0.1255662311184697,0.0403471015079381,0.06589116165658293,0.271305322327506,S3
11532500,IC,0.0956325746681126,0.0733254656181425,0.1036657011222442,0.1415336023658276,0.0493787272248774,,0.046253847443235206,0.023946738393265103,0.0003184831254,0.003082978888050425,0.0485353765496996,S1
11532500,dPL,0.0776959523599336,0.0845731419566969,0.0619149208068847,0.0499944289525349,0.020447235377754,42.0,0.05724871698217959,0.0641259065789429,-0.0040357002086953,-0.002684342469107537,0.0485353765496996,S1
11532500,dPL,0.0664638092836988,0.0720227278642822,0.0583022832870483,0.0557535224490695,0.0125318184612744,123.0,0.0539319908224244,0.059490909403007795,0.0001620790779404,0.0010667003470608005,0.0485353765496996,S1
11532500,dPL,0.0618462374529493,0.0546553363209153,0.0569793085257212,0.0342895984649658,0.0104717874010068,2026.0,0.0513744500519425,0.0441835489199085,-0.0003672333139097,0.0011088113732460325,0.0485353765496996,S1
12010000,IC,0.0632828188615496,0.0373786324426517,0.0726230213988213,0.028801541410226,0.0535768894431432,,0.009705929418406402,-0.016198257000491496,0.0036792869358522,0.006115884631784474,0.0236362361738051,S1
12010000,dPL,0.0651146537107438,0.0670540140891915,0.0665692214308114,0.0674819946289062,0.0295308805321586,42.0,0.0355837731785852,0.03752313355703289,0.0053169351026386,0.0038828985808387895,0.0236362361738051,S1
12010000,dPL,0.060477802247966,0.0919560292602913,0.0619722154405382,0.0722415823685495,0.0336138575540356,123.0,0.0268639446939304,0.0583421717062557,0.005494535537059,0.004458781754883456,0.0236362361738051,S1
12010000,dPL,0.0624829669006507,0.0893950894213116,0.0649648904800415,0.0555668274561563,0.024079990543943,2026.0,0.038402976356707696,0.0653150988773686,0.004492321043651,0.0020844518385354505,0.0236362361738051,S1
12013500,IC,0.0271461581491419,0.1251860811555392,0.0633123900947282,0.1605052650063791,0.0474927485324378,,-0.020346590383295896,0.07769333262310141,0.0037069924606794,0.004613252366697518,0.0174156764185481,S1
12013500,dPL,0.0726288584576311,0.0583969880751742,0.0704376101493835,0.0613893333234285,0.0180908112198124,42.0,0.0545380472378187,0.040306176855361794,0.0031098016561099,0.0033801973874721947,0.0174156764185481,S1
12013500,dPL,0.0674436880882989,0.0506428162038721,0.0252029299736022,0.0503252054515637,0.0163560984192705,123.0,0.0510875896690284,0.0342867177846016,0.0035441708287051,0.003938162057772199,0.0174156764185481,S1
12013500,dPL,0.0688402249153863,0.0548775483779085,0.0534076690673828,0.0549486436341938,0.0118689756110866,2026.0,0.0569712493042997,0.0430085727668219,0.0036303968544315,0.0031978506831785714,0.0174156764185481,S1
12020000,IC,0.0879338963346536,0.0646864275399691,0.0739283744793322,0.1204956975377195,0.0571948583555499,,0.03073903797910369,0.007491569184419199,0.0115598218571796,0.013343533661717588,0.043553396693619,S1
12020000,dPL,0.0793149843294344,0.067610030550332,0.0799831322261265,0.0631101498237023,0.0262710650455635,42.0,0.0530439192838709,0.0413389655047685,0.0097642364064484,0.005753916523176805,0.043553396693619,S1
12020000,dPL,0.0692813893948705,0.0847558449398067,0.0698345899581909,0.0558175643285114,0.0221958035799707,123.0,0.0470855858148998,0.062560041359836,0.0090299718790137,0.006894741364903978,0.043553396693619,S1
12020000,dPL,0.05867242141303,0.0819213129438215,0.0657288517270769,0.0713229179382324,0.0161527170669349,2026.0,0.0425197043460951,0.0657685958768866,0.0073083494322033,0.005442593157752973,0.043553396693619,S1
12025700,IC,0.103399563615125,0.12187879273829,0.0771117802831509,0.1138322439198789,0.0458700534935613,,0.05752951012156371,0.0760087392447287,0.0164051737642503,0.030500555881543434,0.0905767573548292,S2
12025700,dPL,0.0776987836072963,0.0865339617093887,0.0389118740955988,0.0786731117650081,0.0218885479963188,42.0,0.055810235610977504,0.0646454137130699,0.0129982887902406,0.027916249469326693,0.0905767573548292,S2
12025700,dPL,0.0314385697059581,0.0843994252673849,0.0364847977956136,0.0348341464996337,0.01534700663118,123.0,0.016091563074778097,0.0690524186362049,0.0152267430493574,0.02882997394665343,0.0905767573548292,S2
12025700,dPL,0.0858296230333376,0.074049298298198,0.0609683245420456,0.0807775709364149,0.0198794518576412,2026.0,0.0659501711756964,0.05416984644055679,0.0123894553219872,0.02820918607793288,0.0905767573548292,S2
12035000,IC,0.0585174019046829,0.0792295933572869,0.073479965324096,0.0522571013405656,0.0473098908467234,,0.011207511057959502,0.031919702510563495,0.0117790817141133,0.012604305458886134,0.0220218880896681,S1
12035000,dPL,0.0595395335692237,0.044034907123348,0.0532760291263975,0.0518637581875449,0.0235919112962275,42.0,0.0359476222729962,0.020442995827120496,0.0087326793228967,0.00568457444054038,0.0220218880896681,S1
12035000,dPL,0.0576638920870014,0.028425799603897,0.0298496442181723,0.0375499895640781,0.0138790261301908,123.0,0.0437848659568106,0.0145467734737062,0.0088626129705705,0.007005641498519899,0.0220218880896681,S1
12035000,dPL,0.0618085120968377,0.033629288824224,0.0441284775733947,0.0425567993750938,0.0228197396221654,2026.0,0.0389887724746723,0.0108095492020586,0.0081540281012777,0.006727621116637494,0.0220218880896681,S1
12040500,IC,0.1593681916755426,0.1106976529610659,0.1878045135169162,0.3712165953325531,0.0284363218413736,,0.130931869834169,0.0822613311196923,-0.0006922998195246,0.0044608408277267975,0.0670917839751389,S2
12040500,dPL,0.1060408538019347,0.055598586755293,0.0911102796855725,0.055044990319472,0.0157859817441821,42.0,0.09025487205775261,0.039812605011110905,0.0028817482368579,0.0038478585775343355,0.0670917839751389,S2
12040500,dPL,0.1012856900267774,0.0589901493231099,0.0643257051706314,0.0676808953285217,0.0211745742098232,123.0,0.0801111158169542,0.037815575113286704,0.0022534986767205,0.005035877853795112,0.0670917839751389,S2
12040500,dPL,0.1358885097365949,0.0669618956014974,0.0911004808213975,0.0668044466721384,0.0100617610830752,2026.0,0.1258267486535197,0.0569001345184222,0.0024976794562443,0.003104485050703931,0.0670917839751389,S2
12041200,IC,0.2992382941141931,0.383434571202291,0.169745395353857,0.2434312763074236,0.1013372582202122,,0.19790103589398092,0.28209731298207885,0.0133731766707912,0.020940649783942722,0.179574104744132,S3
12041200,dPL,0.1865390733155831,0.1436528300258911,0.2028357656378495,0.13895295216487,0.0143459002664129,42.0,0.1721931730491702,0.12930692975947822,0.020364419424207,0.020441122615602936,0.179574104744132,S3
12041200,dPL,0.1851588078575679,0.1377490168452488,0.1729656507571538,0.1584082709418402,0.0206592540965914,123.0,0.1644995537609765,0.11708976274865739,0.0187971681146636,0.02403315203381795,0.179574104744132,S3
12041200,dPL,0.1802879367637728,0.1803996757921482,0.1847571925113075,0.1788143979178534,0.0178898801505929,2026.0,0.1623980566131799,0.1625097956415553,0.0180531350847062,0.021277352304239883,0.179574104744132,S3
12048000,IC,0.3761780037448727,0.4949532553530685,0.2005408382356185,0.4277363135115463,0.0672169418415222,,0.3089610619033505,0.4277363135115463,0.099282186594145,0.3102956823710483,0.498197653251076,S4
12048000,dPL,0.3850658727205284,0.3752994793833238,0.3701935554372853,0.3329790769688164,0.0498698167430997,42.0,0.3351960559774287,0.3254296626402241,0.1184591959796469,0.31480075123656426,0.498197653251076,S4
12048000,dPL,0.457911956758652,0.4222126012592875,0.3730565469179835,0.3453525023663436,0.0486866759861185,123.0,0.4092252807725335,0.373525925273169,0.1179857621747043,0.3106189920290441,0.498197653251076,S4
12048000,dPL,0.3920203782463147,0.4417186290832878,0.3671357248510634,0.3149290499095514,0.0527001007255129,2026.0,0.3393202775208018,0.3890185283577749,0.1086228481575248,0.3132923709808577,0.498197653251076,S4
12054000,IC,0.3399994136717306,0.4421702188919683,0.2864550749368815,0.5274169900603889,0.0874256371782962,,0.2525737764934344,0.35474458171367207,0.0744155582961672,0.05900805050950808,0.379149578248129,S4
12054000,dPL,0.2650560869452041,0.4695683192734176,0.2767909367879232,0.3077878119074739,0.0300913700993121,42.0,0.234964716845892,0.43947694917410546,0.0877964484339687,0.043496806003993305,0.379149578248129,S4
12054000,dPL,0.3758825791740651,0.480557106943599,0.3383976837684369,0.4551971435546875,0.0263393507197279,123.0,0.34954322845433716,0.45421775622387106,0.0869029825881257,0.04130831289810166,0.379149578248129,S4
12054000,dPL,0.2192682098952647,0.4704413763209436,0.2195061577690972,0.4437676323784721,0.0363169925782805,2026.0,0.1829512173169842,0.43412438374266316,0.0780367042460876,0.043164372638744286,0.379149578248129,S4
12056500,IC,0.456269586249631,0.4078612912358401,0.381133961330602,0.4311820144843651,0.1407882813998119,,0.31548130484981907,0.2670730098360282,0.0740190021071701,-0.008391757623252283,0.338574932035289,S4
12056500,dPL,0.266055634321773,0.4528601793757161,0.2546587076626326,0.3748902956644694,0.020848442432092,42.0,0.245207191889681,0.4320117369436241,0.0800611154538349,-0.019050737206385393,0.338574932035289,S4
12056500,dPL,0.3078730925265138,0.4708923792437357,0.3022563244615283,0.4213634490966796,0.0193700456403018,123.0,0.288503046886212,0.4515223336034339,0.0833013331479054,-0.022831844575812,0.338574932035289,S4
12056500,dPL,0.2185097952226645,0.4547989780682073,0.1983824880499589,0.4188022430126484,0.0201273071727056,2026.0,0.1983824880499589,0.4346716708955017,0.0771298047768576,-0.020513290090705794,0.338574932035289,S4
12073500,IC,0.0362332627120505,0.030693244821706,0.0790425337825425,0.0878698261915871,0.1107934070388531,,-0.07456014432680261,-0.0801001622171471,0.0030893025258637,0.007346928529957997,0.0156016658711511,S1
12073500,dPL,0.0369899049025027,0.0274823546295513,0.0225622076737253,0.0316877024514334,0.0144652304839048,42.0,0.0225246744185979,0.0130171241456465,0.0020522202330249,0.005669887602365753,0.0156016658711511,S1
12073500,dPL,0.0487617876908695,0.0226407032537719,0.016032128498472,0.0442988276481628,0.0164439160339121,123.0,0.0323178716569574,0.006196787219859799,-0.0018841637487236,0.0065932374986859,0.0156016658711511,S1
12073500,dPL,0.0534177004081742,0.0312740909699648,0.0285259197498189,0.0566515840333083,0.0279664634378835,2026.0,0.0254512369702907,0.0033076275320812996,-0.0010954153362916,0.006062857637231578,0.0156016658711511,S1
12082500,IC,0.3082586539631398,0.4237602231140962,0.3147138669196963,0.3743463608940079,0.0998133254769627,,0.20844532848617708,0.3239468976371335,0.118478595295652,0.06398489756905357,0.39878651405721,S4
12082500,dPL,0.389175582306532,0.4133579075614214,0.344463898135083,0.3174391467320292,0.0365882459193124,42.0,0.35258733638721956,0.37676966164210896,0.1148308451525774,0.06499019977391063,0.39878651405721,S4
12082500,dPL,0.3539696352782659,0.4479750931540728,0.402737013498942,0.3991230328877767,0.0411616663937162,123.0,0.3128079688845497,0.4068134267603566,0.1125043203958169,0.06442429910044556,0.39878651405721,S4
12082500,dPL,0.2804052176566281,0.4413761688183922,0.3130040234989589,0.3105476273430719,0.0408707322030177,2026.0,0.23953448545361042,0.4005054366153745,0.1139395331398374,0.061583303439072035,0.39878651405721,S4
12092000,IC,0.2755476762301324,0.4319509615601211,0.303168919921043,0.3899669539256226,0.0527709578163836,,0.22277671841374877,0.3791800037437375,0.1559988166991619,0.2278396764403703,0.513670726431351,S5
12092000,dPL,0.436885277610247,0.2387743329391208,0.3670822616134371,0.2817741394042969,0.0341106624557316,42.0,0.4027746151545154,0.20466367048338918,0.152314250486337,0.24112922484645927,0.513670726431351,S5
12092000,dPL,0.4174641769937919,0.2430096334110283,0.3688926038531853,0.2838602383931478,0.0310614770542168,123.0,0.3864026999395751,0.2119481563568115,0.1493093814304645,0.2368804603616994,0.513670726431351,S5
12092000,dPL,0.4570919216053768,0.2639951740018165,0.3498988472191351,0.2618806097242567,0.0333470920568054,2026.0,0.4237448295485714,0.23064808194501107,0.1497839972834169,0.23355605339990637,0.513670726431351,S5
12114500,IC,0.2580551737739446,0.2372022436290576,0.2848589757453058,0.2471596189187626,0.0361276178334756,,0.221927555940469,0.201074625795582,0.0948186265593938,0.05386251512610063,0.40651703888364,S4
12114500,dPL,0.2988607177728855,0.4004091425623503,0.3384311390774591,0.3901361995273166,0.0335366083270099,42.0,0.2653241094458756,0.3668725342353404,0.0982203621353606,0.03515483939330155,0.40651703888364,S4
12114500,dPL,0.3029949238521667,0.4247135325159635,0.305378258228302,0.4243489159478082,0.0372413272352288,123.0,0.26575359661693787,0.38747220528073467,0.100606880522303,0.040509035499247226,0.40651703888364,S4
12114500,dPL,0.2994416501857142,0.4397438789346455,0.3351495627846036,0.3735378583272298,0.0325017091358886,2026.0,0.2669399410498256,0.4072421697987569,0.1009478792953763,0.04373097702999895,0.40651703888364,S4
12115000,IC,0.2752665789101995,0.3133551246796421,0.2598363779933594,0.2598363779933594,0.0205155942050206,,0.25475098470517893,0.2928395304746215,0.0731976618737538,0.10660901205538142,0.338944352402744,S4
12115000,dPL,0.2637554734512177,0.4267265419482779,0.2652086615562439,0.4156000773111979,0.0281927238707541,42.0,0.23556274958046358,0.3985338180775238,0.0733445798261702,-0.0500942674842495,0.338944352402744,S4
12115000,dPL,0.2432970804077991,0.4525751941354246,0.2733821847609111,0.4458492173088921,0.0306007167720689,123.0,0.2126963636357302,0.4219744773633557,0.0750214481837405,-0.04270912223852297,0.338944352402744,S4
12115000,dPL,0.2622113442301548,0.4425287785147567,0.2559043210128258,0.3962137222290039,0.0287145345266823,2026.0,0.2334968097034725,0.41381424398807437,0.0744788983245021,-0.0420998866016995,0.338944352402744,S4
12117000,IC,0.1140514278325201,0.4730284466746346,0.1124040854483992,0.3119303470678222,0.0328619632968087,,0.08118946453571141,0.44016648337782593,-0.0007349503649602,0.008941675500354962,0.12519943348901,S2
12117000,dPL,0.1312136187556283,0.0791439363284481,0.1211633682250976,0.1012885570526123,0.0174846546940454,42.0,0.1137289640615829,0.0616592816344027,0.0007945976274973,0.010498935596590209,0.12519943348901,S2
12117000,dPL,0.1358752024407513,0.0944705106600821,0.1080042123794555,0.0994539260864257,0.0177584424021737,123.0,0.1181167600385776,0.0767120682579084,0.0003527090909067,0.011652996799334181,0.12519943348901,S2
12117000,dPL,0.1419535251223164,0.0953342278126043,0.1047705113887786,0.087319877412584,0.0188444216213041,2026.0,0.12310910350101231,0.07648980619130019,0.0012901104631571,0.011595162374561152,0.12519943348901,S2
12143600,IC,0.2536301599702448,0.3364366128202516,0.373420671254351,0.3201375917727922,0.0624965553985805,,0.19113360457166428,0.2739400574216711,0.0654050405929336,0.09303788282605241,0.311622046373118,S4
12143600,dPL,0.2479208916303725,0.1728502640291165,0.245059072971344,0.1680891422125009,0.0218648923701348,42.0,0.2260559992602377,0.15098537165898168,0.0643961782066268,0.06803145069129723,0.311622046373118,S4
12143600,dPL,0.227667728273584,0.4542883599247679,0.2047663927078248,0.4257845136854383,0.0189146272362523,123.0,0.2087531010373317,0.4353737326885156,0.0635199578953056,-0.08793691075851962,0.311622046373118,S4
12143600,dPL,0.2418208068745775,0.2072192018726247,0.2340150331196032,0.2033546598007281,0.019687389630956,2026.0,0.22213341724362148,0.18753181224166868,0.0634504766701389,0.07827020680849384,0.311622046373118,S4
12144000,IC,0.223699914462078,0.2122887158588217,0.2098454519912213,0.2120259970038996,0.0412036626167276,,0.1824962518453504,0.1710850532420941,0.0256731213208759,0.04013117791802345,0.220551545924003,S3
12144000,dPL,0.222076006410503,0.1003911768823585,0.1995147918832713,0.1177624555734487,0.0167817118402709,42.0,0.20529429457023213,0.0836094650420876,0.0220786748555351,0.028335652146953882,0.220551545924003,S3
12144000,dPL,0.1819563585277294,0.1826142189612102,0.1701772212982178,0.1960788880075726,0.0178768059364385,123.0,0.1640795525912909,0.16473741302477168,0.0240787712484159,0.0327003634382923,0.220551545924003,S3
12144000,dPL,0.2256089380896766,0.155920963064889,0.2170138041178385,0.1401268885685847,0.0187868308365701,2026.0,0.2068221072531065,0.1371341322283189,0.023097045939198,0.03205361778817073,0.220551545924003,S3
12145500,IC,0.1684831927167497,0.0968248858270333,0.1324450153648685,0.1592379420697708,0.0390280105675406,,0.1294551821492091,0.0577968752594927,0.0196429241760035,0.02803104829581271,0.0448546378807159,S1
12145500,dPL,0.0729567457594493,0.0541644707015599,0.0759029388427734,0.0551676750183105,0.0156571282032619,42.0,0.0572996175561874,0.038507342498298,0.0184108090278191,0.02133611491123255,0.0448546378807159,S1
12145500,dPL,0.0748261306614752,0.0463170270493215,0.0750979355403355,0.0568592548370361,0.0174610015472534,123.0,0.0573651291142218,0.028856025502068103,0.0184367601164795,0.02385275349646876,0.0448546378807159,S1
12145500,dPL,0.0748110462584117,0.051536174172461,0.0631927574674288,0.0546663685848838,0.0139370636546566,2026.0,0.0608739826037551,0.0375991105178044,0.01661323297093,0.023766445733100383,0.0448546378807159,S1
12147500,IC,0.2171733924476373,0.3285311882582448,0.2533256113598315,0.3701777134741777,0.0437638281049484,,0.1734095643426889,0.2847673601532964,-0.0137192293538161,0.009037704410676195,0.159041201436992,S3
12147500,dPL,0.1407330436735177,0.088082590434727,0.1236867053168161,0.082247069007472,0.0141897180557695,42.0,0.1265433256177482,0.0738928723789575,0.0035259918762546,0.015232491459184816,0.159041201436992,S3
12147500,dPL,0.1309203310041451,0.1004651246724996,0.1118040084838867,0.1047796952097038,0.0163394694163265,123.0,0.1145808615878186,0.0841256552561731,0.0029900825104594,0.014100189235486837,0.159041201436992,S3
12147500,dPL,0.1543313443949032,0.0948228761009776,0.1364859938621521,0.1003886736356295,0.0079421160934441,2026.0,0.1463892283014591,0.0868807600075335,0.0037733197760048,0.014090614145934266,0.159041201436992,S3
12167000,IC,0.1706401214598419,0.1779175936151179,0.2240257502690502,0.2497296667742791,0.1299644399413537,,0.04067568151848819,0.04795315367376421,-0.0083763394536389,-0.003535699269864412,0.131187744738816,S2
12167000,dPL,0.1486868009857562,0.0654939717725773,0.1364646459880628,0.0728124746909508,0.0122221549976934,42.0,0.1364646459880628,0.05327181677488391,-0.0025214107486716,0.005119967419253579,0.131187744738816,S2
12167000,dPL,0.113532239063703,0.0949694206781258,0.0914742350578308,0.1175668239593505,0.0206288711057605,123.0,0.09290336795794249,0.0743405495723653,-0.0040096769970315,0.005775180707637162,0.131187744738816,S2
12167000,dPL,0.1008977417985196,0.1031605110418484,0.0860810279846191,0.0861480832099915,0.0175106210006444,2026.0,0.08338712079787519,0.08564989004120399,-0.001399186217979,0.0041522561573785755,0.131187744738816,S2
12175500,IC,0.3238186851934421,0.2152765063765518,0.3277951423488485,0.1858693833993009,0.105131676591581,,0.21868700860186108,0.1101448297849708,0.1936299999837027,0.5616263852324623,0.690360443229126,S5
12175500,dPL,0.3386111120909387,0.2151765070365948,0.3459464378162618,0.3326366998647388,0.0506406807618212,42.0,0.2879704313291175,0.1645358262747736,0.1942859427966324,0.57023732300488,0.690360443229126,S5
12175500,dPL,0.3273124924568417,0.3574681693792403,0.3303223848342896,0.3614745661616326,0.0484603217292837,123.0,0.27885217072755797,0.3090078476499566,0.2021378422076016,0.5682117295363153,0.690360443229126,S5
12175500,dPL,0.3143705359367611,0.3726236559730341,0.3446740276619191,0.3446740276619191,0.0395302898261958,2026.0,0.27484024611056534,0.33309336614683827,0.1967702236483047,0.5676836008690075,0.690360443229126,S5
12178100,IC,0.3574109903135878,0.4653182562313864,0.2717109043702849,0.3439076188659649,0.0386784005835405,,0.3187325897300473,0.4266398556478459,0.1306276322794387,0.3532174730054819,0.52956688772688,S5
12178100,dPL,0.4576903849132104,0.305714710691129,0.3750994874696647,0.2927464795740027,0.0513752290362088,42.0,0.4063151558770016,0.2543394816549202,0.1508816423722599,0.3469039672333044,0.52956688772688,S5
12178100,dPL,0.4291501312739892,0.368292058697528,0.3764184977626428,0.3370243624637001,0.0438301592959562,123.0,0.385319971978033,0.32446189940157183,0.1461239356076119,0.3468231296641725,0.52956688772688,S5
12178100,dPL,0.4779888844872252,0.4135087696414528,0.3752470199417855,0.3105328596636052,0.0463048946133623,2026.0,0.4316839898738629,0.3672038750280905,0.1474971218469044,0.3477671577356264,0.52956688772688,S5
12186000,IC,0.2959207383173802,0.34024660995214,0.3153303702760997,0.4139470662599548,0.0557841204580116,,0.2401366178593686,0.2844624894941284,0.1033070155510836,0.2360130180877431,0.435652191884185,S4
12186000,dPL,0.4373587761957012,0.4354761217115618,0.4041441490075418,0.3717799641584095,0.0259231899578975,42.0,0.4114355862378037,0.4095529317536643,0.1059536399485734,0.23491533007793441,0.435652191884185,S4
12186000,dPL,0.3797044501393714,0.465172159606363,0.3624748547871907,0.3595701429578993,0.0286545730092846,123.0,0.3510498771300868,0.4365175865970784,0.1010528270913976,0.23733000450666353,0.435652191884185,S4
12186000,dPL,0.3978675982743774,0.4806516908831924,0.357524521256748,0.3577105544115368,0.032757027817971,2026.0,0.3651105704564064,0.44789466306522135,0.1075721847485713,0.23884545859055284,0.435652191884185,S4
12189500,IC,0.2849856672413841,0.3537290316205402,0.288729590469646,0.288729590469646,0.0313564198927758,,0.25362924734860826,0.3223726117277644,0.1156835726342994,0.29755090852873345,0.457875714546575,S4
12189500,dPL,0.4500133421199712,0.4019790065181176,0.4082245722280017,0.367224375406901,0.0290884417918224,42.0,0.4209249003281488,0.37289056472629517,0.1220670659912382,0.28765154956720485,0.457875714546575,S4
12189500,dPL,0.4623386289852055,0.4312701720205654,0.4185225963592529,0.3727311770121256,0.0285378578547997,123.0,0.4338007711304058,0.4027323141657657,0.1209393899025507,0.2916259152573374,0.457875714546575,S4
12189500,dPL,0.486267102813259,0.4352589148489345,0.4066721143733178,0.3479020140672985,0.0352618059879148,2026.0,0.45100529682534424,0.3999971088610197,0.1182988702186733,0.29397419605084274,0.457875714546575,S4
12375900,IC,0.4414851195652401,0.4707738934947471,0.4818214815619571,0.4228927792272482,0.0680149393703504,,0.3734701801948897,0.40275895412439666,0.1402237787572861,0.7416870491614501,0.606515526539202,S5
12375900,dPL,0.3724347193625895,0.2148440254006479,0.3494819761302399,0.2868708497599551,0.0451995557883418,42.0,0.3272351635742477,0.16964446961230611,0.154782801966083,0.7330991752685553,0.606515526539202,S5
12375900,dPL,0.4166069939269352,0.2518775832924936,0.4274349636501736,0.2813368408303511,0.0749696922144885,123.0,0.34163730171244666,0.1769078910780051,0.1569622239395595,0.7345852662532931,0.606515526539202,S5
12375900,dPL,0.3739857752707926,0.2086326253686044,0.4285576290554471,0.2516821811073705,0.0816232486478877,2026.0,0.29236252662290485,0.12700937672071672,0.153387925917133,0.7333156978120917,0.606515526539202,S5
12377150,IC,0.4897052768235947,0.4897052768235947,0.4049725492344814,0.129441358836565,0.1708064522809076,,0.31889882454268714,0.31889882454268714,0.1688283312075724,0.7899153996139445,0.719886653780668,S5
12377150,dPL,0.4450659654930831,0.2336565182107964,0.4055695022855487,0.2692042929785593,0.100596411297233,42.0,0.34446955419585007,0.1330601069135634,0.1708339994027881,0.7779804612555266,0.719886653780668,S5
12377150,dPL,0.4448447932618335,0.2405243143934289,0.4217747638100072,0.2391425626618522,0.104344224204134,123.0,0.34050056905769954,0.1361800901892949,0.1730428660286773,0.781149064333446,0.719886653780668,S5
12377150,dPL,0.4457510120572387,0.1841064532383277,0.4160877277976588,0.1647670269012451,0.0872506880065918,2026.0,0.3585003240506469,0.09685576523173589,0.1561201271926882,0.7807119988607218,0.719886653780668,S5
12381400,IC,0.4223052049532221,0.4790936705088873,0.4323048243360496,0.4188918954326592,0.0394227094043733,,0.3828824955488488,0.439670961104514,0.1397030607430721,0.8736525154960859,0.594005153419735,S5
12381400,dPL,0.3580000955893657,0.3593275038902266,0.408273188273112,0.2979065365261502,0.1063388506273947,42.0,0.25166124496197095,0.25298865326283193,0.1436535033879978,0.8622348053917381,0.594005153419735,S5
12381400,dPL,0.4012902753159155,0.2961925134146833,0.3925057919695974,0.283000013563368,0.1127858345562901,123.0,0.2885044407596254,0.18340667885839318,0.1460580373860956,0.8633722945692329,0.594005153419735,S5
12381400,dPL,0.4022361991367519,0.2966990611958205,0.4083151566354853,0.2702904114356407,0.1081934953584955,2026.0,0.2940427037782564,0.18850556583732503,0.1493846186218786,0.866825909536108,0.594005153419735,S5
12383500,IC,0.3992058970095366,0.238236204759925,0.4062128703059748,0.1136514396896764,0.0543924305106175,,0.34481346649891914,0.18384377424930748,0.1474767714040691,0.8248306005782011,0.612621722100952,S5
12383500,dPL,0.3712296435342562,0.2894208764724974,0.3922106038953643,0.277573780009621,0.0833603496743606,42.0,0.28786929385989557,0.20606052679813683,0.1486714620412985,0.8214165044194088,0.612621722100952,S5
12383500,dPL,0.382249181298017,0.1775874205196428,0.3730492230776387,0.2214395999908447,0.1258135251176548,123.0,0.2564356561803622,0.051773895401987985,0.1504062209233317,0.8254033236928972,0.612621722100952,S5
12383500,dPL,0.3827054190909857,0.1801015875712091,0.4108196861549611,0.2339184284210205,0.0976601627441559,2026.0,0.2850452563468298,0.08244142482705319,0.1528249171868467,0.8277900180943472,0.612621722100952,S5
12390700,IC,0.403417881700797,0.3962424256229358,0.3328002379126009,0.3781964618863387,0.0565263766104178,,0.3468915050903792,0.339716049012518,0.0950803187280775,0.7487860999007538,0.519487009712609,S5
12390700,dPL,0.3716025845165984,0.2639640202230823,0.3572340841804232,0.2573928236961365,0.0704641034758998,42.0,0.30113848104069857,0.19349991674718248,0.0839613178273674,0.740365724794999,0.519487009712609,S5
12390700,dPL,0.3962428158135323,0.2498579696723387,0.3434090954916817,0.3116192420323689,0.0617711638122613,123.0,0.33447165200127105,0.1880868058600774,0.0911205751075442,0.7391487021961834,0.519487009712609,S5
12390700,dPL,0.3807999511653052,0.2248331120166523,0.3542340663079812,0.1914835401943752,0.053994712707146,2026.0,0.3268052384581592,0.17083839930950628,0.0887875869370005,0.7418841539031531,0.519487009712609,S5
12411000,IC,0.2532237280862532,0.292494019221049,0.2514224666082418,0.2456702517919139,0.1499173751335168,,0.10330635295273641,0.1425766440875322,0.0406306278735622,0.6616336158516092,0.464485512558355,S4
12411000,dPL,0.3729993554124295,0.2897011888226861,0.3396474189563985,0.2306509017944335,0.0334382555719819,42.0,0.33956109984044763,0.2562629332507042,0.0223748082080457,0.6435174373104314,0.464485512558355,S4
12411000,dPL,0.2764821786209707,0.2525185572979901,0.3069199241205449,0.2825638769488585,0.038374925126011,123.0,0.2381072534949597,0.21414363217197913,0.023662912380884,0.6530953771464609,0.464485512558355,S4
12411000,dPL,0.3165668698319852,0.2359389253859093,0.3248198446635797,0.1776052372796195,0.0272892828050766,2026.0,0.2892775870269086,0.20864964258083268,0.0184269120717865,0.6419660962898365,0.464485512558355,S4
12447390,IC,0.4140366501567639,0.2720044613343665,0.3767851631598714,0.251939676662233,0.1036820407065745,,0.3103546094501894,0.168322420627792,0.1755257560543489,0.861932298555025,0.777311497508566,S5
12447390,dPL,0.4026842312394156,0.2497565709716346,0.3793450696580943,0.2292157544030083,0.0930634063794247,42.0,0.3096208248599909,0.1566931645922099,0.1720453556196817,0.8711684577332902,0.777311497508566,S5
12447390,dPL,0.4027361447084642,0.1721282778958005,0.3636994487360903,0.2593201281208741,0.0873292811605193,123.0,0.3154068635479449,0.08479899673528121,0.1739215620863161,0.8728413494073822,0.777311497508566,S5
12447390,dPL,0.4027361447084642,0.1773542037465745,0.3383945648134354,0.2757458545659718,0.1165671616477224,2026.0,0.2861689830607418,0.060787042098852107,0.1801488587191992,0.8737053950730992,0.777311497508566,S5
12451000,IC,0.2922543927234523,0.2657095058361064,0.4273681719378841,0.2527395736860073,0.1052710756702095,,0.18698331705324284,0.16043843016589693,0.2023685245883082,0.7316942208939416,0.716767081202258,S5
12451000,dPL,0.2758710395961917,0.2111013775948493,0.3281889071590022,0.3281889071590022,0.0901468920269202,42.0,0.1857241475692715,0.1209544855679291,0.2059013833538583,0.7797313078485741,0.716767081202258,S5
12451000,dPL,0.3733350427455253,0.3301224489229065,0.3757697850440828,0.3749899462231302,0.0775683553670052,123.0,0.29576668737852013,0.2525540935559013,0.2140036169437499,0.7835637532850093,0.716767081202258,S5
12451000,dPL,0.3140382902076641,0.3973169152117891,0.3165651395403105,0.3807039156423084,0.0807467150249671,2026.0,0.233291575182697,0.31657020018682197,0.208860753794807,0.7821075514757774,0.716767081202258,S5
12488500,IC,0.4418529772840305,0.1960808108877438,0.3460896238285513,0.1536688135407685,0.1339728172917599,,0.3078801599922706,0.0621079935959839,0.1632077275813165,0.5927371503227671,0.641918995401996,S5
12488500,dPL,0.2450927398259451,0.2546582764190545,0.2520239902170081,0.287445272718157,0.0846782534829919,42.0,0.1604144863429532,0.16998002293606257,0.1491743404666661,0.5969646497798937,0.641918995401996,S5
12488500,dPL,0.2513619563634207,0.2808887319283084,0.3036245154707055,0.3136918374470303,0.0693755351698751,123.0,0.18198642119354558,0.21151319675843328,0.1624444786580517,0.5979254968805083,0.641918995401996,S5
12488500,dPL,0.2447166345174124,0.2888701610709198,0.2626013991079833,0.3238579205104283,0.0941767545437016,2026.0,0.15053987997371082,0.19469340652721817,0.1510926597526909,0.5985482709724301,0.641918995401996,S5
13011500,IC,0.385071480072236,0.385071480072236,0.3712749969071601,0.3712749969071601,0.0523210478971924,,0.33275043217504363,0.33275043217504363,0.1099921777314675,0.9053505420687656,0.658713268212353,S5
13011500,dPL,0.2895120343316316,0.2409156599890472,0.3286730145153247,0.3115595711602105,0.1273742646266878,42.0,0.16213776970494378,0.11354139536235941,0.112866679134039,0.8570193831513081,0.658713268212353,S5
13011500,dPL,0.3088459929574251,0.3462783498365419,0.3236644792442138,0.3417980670928955,0.1255278306860011,123.0,0.183318162271424,0.22075051915054078,0.1185441902119986,0.8681797337500659,0.658713268212353,S5
13011500,dPL,0.2930555304635286,0.3110876122366668,0.3300175961966698,0.3383016586303711,0.1086347693482633,2026.0,0.1844207611152653,0.2024528428884035,0.1228395285210665,0.8698903336103284,0.658713268212353,S5
13011900,IC,0.4079371717394514,0.4406686096709775,0.5893203216074568,0.5893203216074568,0.1176071161661034,,0.29033005557334796,0.32306149350487406,0.1194057663728785,0.9077802699905252,0.704607069419076,S5
13011900,dPL,0.284813599077758,0.2671901103657626,0.3327245319691988,0.3275889489385816,0.1205728818023023,42.0,0.1642407172754557,0.14661722856346032,0.1184690423882324,0.8551028982320259,0.704607069419076,S5
13011900,dPL,0.2932753446894743,0.3578863259953403,0.3410085031332878,0.3637252199022394,0.1283758535740875,123.0,0.1648994911153868,0.2295104724212528,0.1283168348688204,0.8663091058086304,0.704607069419076,S5
13011900,dPL,0.2850054925063221,0.3373316642445468,0.3369393904621784,0.3505879640579224,0.1115894400407405,2026.0,0.17341605246558162,0.2257422242038063,0.130401377995825,0.8696241212347833,0.704607069419076,S5
13018300,IC,0.4207003579018846,0.3986037321554536,0.4535146728351548,0.3606355764601629,0.1239024342978104,,0.2967979236040742,0.2747012978576432,0.1255549540438427,0.8714507246729413,0.65711853695655,S5
13018300,dPL,0.2809767267700948,0.251630483578079,0.285662902948948,0.2809582180447049,0.1153442345378162,42.0,0.16563249223227858,0.1362862490402628,0.1032335546555269,0.8323109547690346,0.65711853695655,S5
13018300,dPL,0.3199164412018574,0.308619626195907,0.329456815594121,0.3279839833577474,0.171898096468863,123.0,0.1480183447329944,0.136721529727044,0.1136809137205714,0.8397499949029845,0.65711853695655,S5
13018300,dPL,0.2943549892899312,0.2927480694540562,0.3088134527206422,0.3076633796930158,0.1579073579002211,2026.0,0.1364476313897101,0.1348407115538351,0.1109577876010426,0.8397877569512173,0.65711853695655,S5
13023000,IC,0.4501674362853383,0.4633103720572105,0.3593893028996469,0.3970016495633959,0.0344443471957158,,0.41572308908962247,0.42886602486149467,0.1222988761982426,0.8570389657225145,0.646858624758436,S5
13023000,dPL,0.3232591447841161,0.2717876844070087,0.3004763096881409,0.2985181424689169,0.0815294879849767,42.0,0.2417296567991394,0.19025819642203198,0.1241483597208141,0.8267801976046569,0.646858624758436,S5
13023000,dPL,0.3267998018526699,0.2793020444911179,0.3346876419588322,0.355307577471984,0.0937413301813051,123.0,0.2330584716713648,0.1855607143098128,0.1294286269713441,0.8278838230264266,0.646858624758436,S5
13023000,dPL,0.3197014768636522,0.2979234158337035,0.3035816656691688,0.3138142824172974,0.0700162973749086,2026.0,0.24968517948874358,0.2279071184587949,0.128155919107765,0.8243497292146799,0.646858624758436,S5
13161500,IC,0.4437644737373263,0.2121170311960538,0.4123480114194012,0.326530512511014,0.0789525594395258,,0.3648119142978005,0.133164471756528,0.1599061958320149,0.4383827461732321,0.518679342368851,S5
13161500,dPL,0.2922283271034545,0.1588351796460386,0.2414252018106394,0.1842792096890901,0.0124583938782053,42.0,0.2797699332252492,0.1463767857678333,0.1912906392062258,0.47039169988888524,0.518679342368851,S5
13161500,dPL,0.3208021193351649,0.202107990574342,0.3221631246177774,0.2168228751734682,0.0146412142404352,123.0,0.3061609050947297,0.1874667763339068,0.1799487800195862,0.48008598492877924,0.518679342368851,S5
13161500,dPL,0.3199466907273246,0.1698253577083885,0.2761821331162202,0.1907652205434339,0.01853477450352,2026.0,0.30141191622380464,0.1512905832048685,0.1577212568983119,0.47736793289376483,0.518679342368851,S5
13235000,IC,0.4971075773112847,0.4565860888431552,0.3811653483608231,0.3811653483608231,0.199955947616216,,0.2971516296950687,0.2566301412269392,0.1496650558114034,0.8340553794193712,0.677895075896552,S5
13235000,dPL,0.4021377602197492,0.3247724270132133,0.3021821486098426,0.3680035912354167,0.0952652030866075,42.0,0.30687255713314165,0.22950722392660577,0.1589511082948959,0.8276623141958604,0.677895075896552,S5
13235000,dPL,0.4021377602197492,0.4398278138111118,0.3476197136773003,0.3692107384995324,0.0571311568028958,123.0,0.34500660341685335,0.382696657008216,0.1610464332825891,0.8384924432701583,0.677895075896552,S5
13235000,dPL,0.4021377602197492,0.41877419947315,0.2978978412491935,0.3536370928798403,0.0802131706159043,2026.0,0.32192458960384485,0.3385610288572457,0.149068562354025,0.8361975323055385,0.677895075896552,S5
13240000,IC,0.4634797220347548,0.4297281415225996,0.4152743979436437,0.2325903467344628,0.1198366392247594,,0.3436430828099954,0.3098915022978402,0.0982558883694636,0.8826875479385992,0.726533471798391,S5
13240000,dPL,0.227269384411426,0.3330835574756529,0.3270517796253054,0.3207321312012417,0.1123227666152557,42.0,0.1149466177961703,0.22076079086039718,0.1352564674443822,0.8701620783745326,0.726533471798391,S5
13240000,dPL,0.238393184993939,0.3722528327093475,0.3149220190550151,0.3493253072102864,0.1546978403437915,123.0,0.0836953446501475,0.217554992365556,0.1458235768800497,0.8652458231210122,0.726533471798391,S5
13240000,dPL,0.3394032058997165,0.3946649320456705,0.3557047526041667,0.3394562615288629,0.130964683526063,2026.0,0.2084385223736535,0.2637002485196075,0.1506845356766241,0.8721022357774031,0.726533471798391,S5
13313000,IC,0.3180058034974636,0.3999910636948366,0.2458966987360512,0.5334428702169333,0.1065146826355063,,0.21149112086195732,0.2934763810593303,0.113151897958384,0.8846949243180843,0.744536050209931,S5
13313000,dPL,0.293411842020222,0.3301611866136452,0.3225141737196181,0.3200473742825644,0.0977591082347314,42.0,0.19565273378549064,0.2324020783789138,0.1578169677682228,0.8857456716944846,0.744536050209931,S5
13313000,dPL,0.3480812934647132,0.3960545449195262,0.3245682610405815,0.3527173332570653,0.073886298406048,123.0,0.27419499505866524,0.3221682465134782,0.1653887897901074,0.8810072323447393,0.744536050209931,S5
13313000,dPL,0.3376723082610031,0.4046312456554874,0.3235716560032285,0.3211282877184983,0.0928254160005154,2026.0,0.24484689226048767,0.311805829654972,0.1727911824165084,0.8806086476303606,0.744536050209931,S5
13331500,IC,0.3366920773582533,0.2369960370522339,0.3024252767700615,0.1873287839274519,0.0338017022432698,,0.3028903751149835,0.2031943348089641,0.1092475945199959,0.6992712246820163,0.55788094452843,S5
13331500,dPL,0.3361687979285063,0.3343497473538371,0.3480058015945058,0.3364276885986328,0.0582464197164668,42.0,0.27792237821203947,0.2761033276373703,0.1107414044346753,0.7044896383892801,0.55788094452843,S5
13331500,dPL,0.3405489537930211,0.3218941647351237,0.3245410090312361,0.3295475244522095,0.0578657345457314,123.0,0.2826832192472897,0.2640284301893923,0.1120066351956805,0.7065814129640552,0.55788094452843,S5
13331500,dPL,0.3718853647338568,0.3892414528668376,0.3738327026367188,0.3662184272941791,0.0640930790589147,2026.0,0.3077922856749421,0.3251483738079229,0.1100515488738006,0.7052120301780885,0.55788094452843,S5
14020000,IC,0.4568094962561694,0.2906832282144579,0.2451086702223865,0.1748156288353148,0.1515895629287508,,0.3052199333274186,0.1390936652857071,0.0083285535002652,0.2707309665920996,0.355358222004398,S4
14020000,dPL,0.2325060235462537,0.3182754056945697,0.2156450830656907,0.3334535699141652,0.0407604743232496,42.0,0.19174554922300407,0.2775149313713201,0.0326874894747433,0.3022849311612321,0.355358222004398,S4
14020000,dPL,0.2063377406677924,0.321996682372701,0.207659371693929,0.3042395256067577,0.0400003993270173,123.0,0.1663373413407751,0.2819962830456837,0.0234114215591656,0.2958993426553178,0.355358222004398,S4
14020000,dPL,0.198271411119475,0.2802907669627419,0.1975458860397339,0.2681661703779051,0.039064032020345,2026.0,0.15920737909913,0.2412267349423969,0.0232270220646739,0.30821771896460914,0.355358222004398,S4
14096850,IC,0.1685809910648969,0.2333623883802774,0.1783563848792671,0.3058999534103537,0.069817704135775,,0.09876328692912191,0.16354468424450241,-0.0138883293878615,0.07810969420687042,0.244750228496234,S3
14096850,dPL,0.1501944556006103,0.0883030837426614,0.1435033877690633,0.0814038515090942,0.0179576213319755,42.0,0.13223683426863478,0.0703454624106859,-0.0039501630482648,0.05586064114746159,0.244750228496234,S3
14096850,dPL,0.1556952296891445,0.1685672659887456,0.1568378210067749,0.144480726453993,0.0149775430347674,123.0,0.14071768665437712,0.1535897229539782,-0.0176121577845508,0.05176932258196143,0.244750228496234,S3
14096850,dPL,0.1519987215390483,0.2048605701960778,0.1478955720600329,0.2349336147308349,0.017605357881353,2026.0,0.1343933636576953,0.1872552123147248,-0.013584055282474,0.06087598892369117,0.244750228496234,S3
14137000,IC,0.2552884581063302,0.2587229699781348,0.2293730910373749,0.1412773669138229,0.0537768643446796,,0.20151159376165062,0.20494610563345522,0.0671715727649029,0.059974247516401236,0.324496374801996,S4
14137000,dPL,0.2572808583416718,0.413223838420543,0.2944199544818778,0.3593232578701443,0.0180238900685623,42.0,0.2392569682731095,0.3951999483519807,0.0692600072706005,0.03409028679173676,0.324496374801996,S4
14137000,dPL,0.2584471094865829,0.4436947240438557,0.2739083414015017,0.4376220301577919,0.0192335355042902,123.0,0.2392135739822927,0.4244611885395655,0.0724176756856579,0.03990614297092632,0.324496374801996,S4
14137000,dPL,0.2564260571511449,0.3709370773973376,0.2691172731333765,0.3489750309994347,0.0215561832935904,2026.0,0.2348698738575545,0.34938089410374723,0.0684603730812963,0.04550770586998176,0.324496374801996,S4
14138800,IC,0.2623453501709889,0.4061507560202427,0.2524336685193312,0.2899281233841388,0.0110121585103644,,0.2513331916606245,0.3951385975098783,0.0802075163141418,0.0016785767988269917,0.317266212149897,S4
14138800,dPL,0.2610466818178077,0.4304612246625648,0.2512982683746438,0.4154711020620245,0.0206743257630813,42.0,0.2403723560547264,0.4097868988994835,0.0736770533415357,-0.010273706558254547,0.317266212149897,S4
14138800,dPL,0.2618995144865138,0.4523117341759785,0.2528503890100279,0.4444109598795572,0.025009820086961,123.0,0.23688969439955276,0.42730191408901746,0.0806177948518584,-0.006920038102674053,0.317266212149897,S4
14138800,dPL,0.2586321133433895,0.417334650598009,0.2298483355291958,0.4087433709038629,0.0219454199702463,2026.0,0.2366866933731432,0.3953892306277627,0.0779025388878515,-0.006254977549131402,0.317266212149897,S4
14138870,IC,0.1723541637846219,0.2627524171386374,0.1741455492382695,0.2338721850719434,0.0041658085963104,,0.1681883551883115,0.258586608542327,0.0367414051509643,0.05075264918964817,0.229049355466927,S3
14138870,dPL,0.213680282112551,0.1411566291724477,0.2416552493446752,0.1382339426449367,0.0187856926499754,42.0,0.1948945894625756,0.1223709365224723,0.0359481966598894,0.0464665659154031,0.229049355466927,S3
14138870,dPL,0.2343671123239173,0.1524276416110478,0.2376227512171393,0.1458393586309332,0.014580440800689,123.0,0.2197866715232283,0.1378472008103588,0.0377589292001422,0.04786126740876684,0.229049355466927,S3
14138870,dPL,0.2165049048189141,0.1841180404630782,0.2278571732734379,0.177295340432061,0.0242226703828231,2026.0,0.192282234436091,0.1598953700802551,0.0383274591276039,0.047676642268563385,0.229049355466927,S3
14138900,IC,0.1640845047810932,0.3037962802763091,0.2271468406201974,0.3834366770926814,0.0881507555966957,,0.0759337491843975,0.2156455246796134,0.0374789480637162,0.05082183314715616,0.221358389006793,S3
14138900,dPL,0.2182378701329955,0.1427811939536539,0.2313020825386047,0.1257848739624024,0.0201936728967314,42.0,0.1980441972362641,0.1225875210569225,0.0331803691953171,0.044107660592566544,0.221358389006793,S3
14138900,dPL,0.2519796553379399,0.1753223456955151,0.2205641567707062,0.1390256200517926,0.0142359249045249,123.0,0.237743730433415,0.1610864207909902,0.0339297614901501,0.04463980313615923,0.221358389006793,S3
14138900,dPL,0.2182542733312377,0.1901596721881526,0.2119618811105427,0.1465965729010732,0.0233154992805341,2026.0,0.1949387740507036,0.1668441729076185,0.0369316276715115,0.045095944845575664,0.221358389006793,S3
14139800,IC,0.1597895626212944,0.2882835705981645,0.1515240101253464,0.1920349153873756,0.0472990877853068,,0.11249047483598759,0.2409844828128577,0.0163084651232281,0.02903059881857062,0.183197955663698,S3
14139800,dPL,0.2015101967020919,0.1273640002395147,0.2297709570990668,0.1146310567855835,0.017328565184255,42.0,0.1841816315178369,0.11003543505525969,0.017224299165665,0.029246719022960832,0.183197955663698,S3
14139800,dPL,0.2169297536013655,0.1384998665107406,0.1963775634765625,0.144481549137517,0.0145118955886879,123.0,0.2024178580126776,0.12398797092205269,0.0179176623794873,0.02700382283700742,0.183197955663698,S3
14139800,dPL,0.1937583356147937,0.1522888837151852,0.2185234872918379,0.1332181029849581,0.0183875701297264,2026.0,0.1753707654850673,0.13390131358545881,0.0194220486957421,0.02676675674666318,0.183197955663698,S3
14141500,IC,0.1148864614984231,0.2301639632773937,0.2793851954060299,0.3591640336947658,0.1536800569695713,,-0.03879359547114819,0.0764839063078224,0.0033162724987489,0.016012681916050098,0.142882264769743,S2
14141500,dPL,0.1327786905390468,0.0955087856697025,0.1470087255750384,0.0974398851394653,0.012932691894218,42.0,0.11984599864482881,0.0825760937754845,0.002798811846122,0.01595569376316086,0.142882264769743,S2
14141500,dPL,0.1529448262131474,0.0944088028284995,0.130120941570827,0.0830064879523383,0.0077757320710588,123.0,0.1451690941420886,0.0866330707574407,0.0027511154958906,0.015949824239992028,0.142882264769743,S2
14141500,dPL,0.174736590812711,0.1150183046281658,0.1803862253824869,0.0960278511047363,0.0108469439052297,2026.0,0.1638896469074813,0.1041713607229361,0.0047906051511704,0.015532554221079686,0.142882264769743,S2
14154500,IC,0.18539438397474,0.1757502514483566,0.2692246939511527,0.1285477712592526,0.0412517660671222,,0.14414261790761781,0.1344984853812344,0.0026000176660363,0.01972635815925694,0.135550710091939,S2
14154500,dPL,0.1228444220555649,0.0625329062542747,0.1126929521560669,0.0729860443817941,0.0104517879847886,42.0,0.11239263407077629,0.052081118269486096,0.0016010764415539,0.02162688791580636,0.135550710091939,S2
14154500,dPL,0.0659710324027678,0.0788069113550619,0.0537476936976115,0.0870944346700396,0.0177043372552499,123.0,0.0482666951475179,0.061102574099812,0.0026683975902749,0.021918709455391983,0.135550710091939,S2
14154500,dPL,0.1083625659168183,0.0819261548709243,0.0670159359772999,0.0851182142893474,0.0216696174754025,2026.0,0.0866929484414158,0.06025653739552181,0.0023559888271815,0.022339192130093943,0.135550710091939,S2
14158790,IC,0.2221838737275728,0.4687936250197859,0.2289024351353393,0.2032999849666186,0.1111243212919478,,0.11105955243562501,0.3576693037278381,0.0805746316434273,0.05968605324143339,0.365056630377127,S4
14158790,dPL,0.2421218333423369,0.4343531254339249,0.2747853265868293,0.3268425623575846,0.0253402370514193,42.0,0.2167815962909176,0.4090128883825056,0.090135275816917,0.04447892205870785,0.365056630377127,S4
14158790,dPL,0.2748236557115822,0.4382527558973026,0.2898520763431276,0.3879927961449875,0.0258820814040305,123.0,0.24894157430755168,0.41237067449327214,0.0932578984704837,0.046441554378605865,0.365056630377127,S4
14158790,dPL,0.2143213592770171,0.4090342016845031,0.2301557989496934,0.3624952466864335,0.0226201313117188,2026.0,0.1917012279652983,0.3864140703727843,0.092277694541795,0.05093493754457268,0.365056630377127,S4
14166500,IC,0.0210915882458465,0.0098561570542848,0.0624823414836915,0.0594608523967528,0.0592034290942499,,-0.0381118408484034,-0.0493472720399651,0.0017900743699432,0.0015490349022688754,0.0106763012784076,S1
14166500,dPL,0.045169459772487,0.0242469618425926,0.0540402017790695,0.0262896372721745,0.0211754130603392,42.0,0.0239940467121478,0.0030715487822534013,4.021665262410323e-05,-0.003009180143553114,0.0106763012784076,S1
14166500,dPL,0.0368926435782981,0.0231323974987546,0.0516194105148315,0.0529667689250065,0.0176623062330007,123.0,0.0192303373452974,0.005470091265753898,-0.0006730790148259,-0.003519253338047923,0.0106763012784076,S1
14166500,dPL,0.0458760589883463,0.0238139268947048,0.0469845533370971,0.0355930420068594,0.016344613346941,2026.0,0.029531445641405297,0.007469313547763798,0.0007786396392336,-0.0013224629101831198,0.0106763012784076,S1
14182500,IC,0.0672394480566394,0.1544339852791739,0.1211664662625945,0.1211664662625945,0.0389735027844629,,0.028265945272176497,0.115460482494711,0.0011076022554041,0.012424531215809997,0.146759311242181,S2
14182500,dPL,0.1374065636150703,0.0868158046341564,0.130142228943961,0.0964718415186955,0.0107057045039202,42.0,0.12670085911115012,0.0761101001302362,0.0029601405465704,0.01099880645857243,0.146759311242181,S2
14182500,dPL,0.159632582180112,0.087150731905493,0.1474343453134809,0.0919048252858613,0.0113451144433533,123.0,0.14828746773675872,0.0758056174621397,0.0030162642221711,0.01156377406981779,0.146759311242181,S2
14182500,dPL,0.1551510366636892,0.1000504060414539,0.1517887200628008,0.1111859679222107,0.0127879198847895,2026.0,0.1423631167788997,0.0872624861566644,0.0030510146889369,0.011510652088783213,0.146759311242181,S2
14185000,IC,0.2227709571628055,0.2162856667473298,0.2977038685019593,0.1851501832261007,0.0269135282578669,,0.19585742890493862,0.18937213848946288,0.0022123530283414,0.01315688121486569,0.178107252284554,S3
14185000,dPL,0.1875316538581964,0.0798713047262698,0.1850037063871111,0.0697661701001619,0.0112612240919699,42.0,0.1762704297662265,0.0686100806342999,0.0058780969729652,0.020712735937146065,0.178107252284554,S3
14185000,dPL,0.1905458371690709,0.1393052582592572,0.1913064053184107,0.1320263412263658,0.0138823551577685,123.0,0.1766634820113024,0.12542290310148868,0.0057683603333694,0.02058218779936727,0.178107252284554,S3
14185000,dPL,0.1779445669953456,0.1443262174902834,0.1846274733543396,0.1483497436229999,0.0105716482788628,2026.0,0.1673729187164828,0.1337545692114206,0.0073422510258984,0.02007628376714443,0.178107252284554,S3
14185900,IC,0.2793384355199332,0.2670657017841517,0.3604192718000125,0.1570585766674497,0.1094859814998238,,0.1698524540201094,0.15757972028432787,0.0100676415265946,0.01772868703935271,0.187297518505713,S3
14185900,dPL,0.2007689859919337,0.0867671595799813,0.2155252865382603,0.082058310508728,0.010488350777558,42.0,0.19028063521437572,0.0762788088024233,0.0099474916156115,0.02144451986615148,0.187297518505713,S3
14185900,dPL,0.2029094123237056,0.1269202487298684,0.1952298816881681,0.0920221209526062,0.0116292630353507,123.0,0.1912801492883549,0.1152909856945177,0.0103810485439643,0.023357167507250365,0.187297518505713,S3
14185900,dPL,0.1960693994248079,0.1417602625754768,0.2059515702097039,0.115580643926348,0.0125245788849255,2026.0,0.1835448205398824,0.1292356836905513,0.0110299389451635,0.021119177726559357,0.187297518505713,S3
14187000,IC,0.1062491714969715,0.2934380084343475,0.1322409903781868,0.2876156475303592,0.0285929864028395,,0.077656185094132,0.26484502203150795,0.0017405365977015,0.017303434308118426,0.0895194173938424,S2
14187000,dPL,0.0704845006616203,0.0439430006288816,0.073164871760777,0.0408635468318545,0.0125561530800056,42.0,0.057928347581614706,0.031386847548876,0.0033381410508673,0.015796626832152882,0.0895194173938424,S2
14187000,dPL,0.0574349383800893,0.0578830340537759,0.040944686957768,0.0450575351715087,0.0224532065250815,123.0,0.0349817318550078,0.035429827528694405,0.0032644816662692,0.016007053407539273,0.0895194173938424,S2
14187000,dPL,0.0544339587154179,0.0483591058883401,0.0447578941072736,0.0778030753135681,0.0155664858677329,2026.0,0.038867472847685006,0.032792620020607205,0.0031067083033505,0.01532457013932964,0.0895194173938424,S2
14216500,IC,0.1934621122532387,0.2655150017531841,0.2076831616650838,0.256235801195904,0.0462211878950924,,0.14724092435814629,0.2192938138580917,0.0587996642732258,0.09589635169288191,0.295816183757834,S3
14216500,dPL,0.1878552789960655,0.1403069833601394,0.1965119509861387,0.1172360738118489,0.0252361363826029,42.0,0.1626191426134626,0.11507084697753649,0.0625337077663856,0.08119135034817415,0.295816183757834,S3
14216500,dPL,0.1914254623477689,0.1589139971298016,0.1982589364051818,0.1328849792480469,0.0153359751843955,123.0,0.1760894871633734,0.1435780219454061,0.0640447123963025,0.07938356097600208,0.295816183757834,S3
14216500,dPL,0.1848085405220729,0.1456914723430157,0.2134937888697574,0.1135389539930555,0.0213855911806201,2026.0,0.1634229493414528,0.12430588116239559,0.0572686863760982,0.0855434851736333,0.295816183757834,S3
14222500,IC,0.0660957247055322,0.1819459298222224,0.0694507546998424,0.2684455002491491,0.0278889963455123,,0.0382067283600199,0.15405693347671012,-0.0038023255039958,0.008059656345243638,0.0900274241194852,S2
14222500,dPL,0.0765125906279974,0.0623676427331423,0.1054362560573377,0.0650972127914428,0.0207629365770568,42.0,0.055749654050940595,0.0416047061560855,0.0021612992498768,0.010290269561201382,0.0900274241194852,S2
14222500,dPL,0.1013256672072957,0.0655167421547832,0.1083868662516276,0.06730318069458,0.017305705616345,123.0,0.08401996159095071,0.0482110365384382,0.0009484526543274,0.009222347909985551,0.0900274241194852,S2
14222500,dPL,0.0586079674613201,0.0843594641689239,0.0600380556924002,0.0748079935709635,0.01776313821835,2026.0,0.0408448292429701,0.0665963259505739,0.0017734611804564,0.009986445544116762,0.0900274241194852,S2
14236200,IC,0.0554208773004372,0.3047115274077228,0.1369612308491878,0.2103904523780924,0.0818257236690077,,-0.026404846368570496,0.22288580373871508,0.0053504800978849,0.01741201132293857,0.11471395531314,S2
14236200,dPL,0.0963577398350158,0.1129995577111424,0.0933555194309779,0.10916016603771,0.0105703558317181,42.0,0.0857873840032977,0.1024292018794243,0.0047287654962167,0.017370759153094384,0.11471395531314,S2
14236200,dPL,0.0740435584155606,0.0812967081110922,0.0620123942693074,0.0878825626875225,0.0080305028385341,123.0,0.0660130555770265,0.0732662052725581,0.0048877386626593,0.017962664946095552,0.11471395531314,S2
14236200,dPL,0.0645522390169686,0.1036516743936211,0.0519291417939322,0.1026649851548044,0.0090276419004782,2026.0,0.0555245971164904,0.0946240324931429,0.0046348341108983,0.018321462977240355,0.11471395531314,S2
14301000,IC,0.0868070935108344,0.1254664864912855,0.0966100928893843,0.2130982903724683,0.0301059832193205,,0.05670111029151391,0.095360503271965,0.0077285327479494,0.005617412573075242,0.0324798903206775,S1
14301000,dPL,0.0778435836287716,0.0899377317763286,0.0998708180018834,0.0573931069209657,0.0313125483270249,42.0,0.046531035301746695,0.0586251834493037,0.005825419620232,5.613796438330709e-05,0.0324798903206775,S1
14301000,dPL,0.0807440143086087,0.0774507890197018,0.0943427615695529,0.0859230114863469,0.0232332120391109,123.0,0.0575108022694978,0.054217576980590904,0.0066584038267194,0.001389792908546461,0.0324798903206775,S1
14301000,dPL,0.0911725087427181,0.0763861509962088,0.0641738516943795,0.0917348128098708,0.0322521082635483,2026.0,0.05892040047916979,0.04413404273266049,0.0052529565002727,0.00034398751359066004,0.0324798903206775,S1
14303200,IC,0.0789564969003981,0.1815101698722659,0.3313881821836265,0.2664308377368321,0.0944573399078012,,-0.015500843007403092,0.0870528299644647,0.0022835284662447,0.004857370778370451,0.088754104072909,S2
14303200,dPL,0.1203519723300188,0.0841468394725424,0.134759077004024,0.0809906853569878,0.0166863691595053,42.0,0.1036656031705135,0.06746047031303709,0.0015124474684807,0.0013785422996908103,0.088754104072909,S2
14303200,dPL,0.1095436218995629,0.088543073395611,0.1009228229522705,0.0789943006303575,0.0191438924418332,123.0,0.0903997294577297,0.0693991809537778,0.0019480548543272,0.0016022003220867997,0.088754104072909,S2
14303200,dPL,0.113526857198329,0.1194688443681788,0.1284849643707275,0.1113488857562725,0.020571062359268,2026.0,0.092955794839061,0.0988977820089108,0.0015797415751379,0.0017546070190768148,0.088754104072909,S2
14305500,IC,0.0364871012841072,0.0111949095488271,0.0897643731082682,0.0550453070480161,0.0208298751897264,,0.015657226094380798,-0.0096349656408993,0.0043392683292722,0.005515902118902738,0.0257414277847911,S1
14305500,dPL,0.0658593539377846,0.0346468651274692,0.0697405423436846,0.0452452281425739,0.0151375049580932,42.0,0.0507218489796914,0.019509360169376003,0.0021100008220995,-0.0033305587517440394,0.0257414277847911,S1
14305500,dPL,0.0655447956658228,0.0226909118024579,0.0578975677490234,0.0392247814881174,0.0149199173436776,123.0,0.050624878322145205,0.0077709944587803,0.0037303575131081,0.0005636206229477914,0.0257414277847911,S1
14305500,dPL,0.0604104250366572,0.0277089794040523,0.0591982262475149,0.0399223395756312,0.0182182458166953,2026.0,0.042192179219961906,0.009490733587357001,0.0029892424064815,0.0007439974648361103,0.0257414277847911,S1
14306340,IC,0.067432560845501,0.1284685631431548,0.3025166409686171,0.2003232574947301,0.1275904074363545,,-0.06015784659085349,0.0008781557068003043,-0.0011016242433681,0.00381527157643502,0.0693804146431187,S2
14306340,dPL,0.0717722330062253,0.064125912267175,0.0947928002902439,0.0734505011485173,0.007524101341962,42.0,0.0642481316642633,0.056601810925213,0.0009378257359079,0.004322091721312593,0.0693804146431187,S2
14306340,dPL,0.0970054050648545,0.0733675986084093,0.0762559175491333,0.0688940286636352,0.0098321639985316,123.0,0.0871732410663229,0.0635354346098777,0.0006720432204677,0.0044523030484397985,0.0693804146431187,S2
14306340,dPL,0.094323308255899,0.0830380884744821,0.1021387075123034,0.081301579108605,0.0130183118442602,2026.0,0.08130499641163881,0.07001977663022191,0.0006120729548944,0.004559925546817389,0.0693804146431187,S2
14306500,IC,0.111092269932858,0.0251671845820471,0.1326953131344675,0.095275136932651,0.0809772587366694,,0.030115011196188604,-0.0558100741546223,-0.0004335947936461,0.001858340937406333,0.0202982706122534,S1
14306500,dPL,0.0699424614304327,0.0672617641479009,0.0983555402074541,0.0582305381172581,0.01608950116889,42.0,0.0538529602615427,0.0511722629790109,-0.00043836515061,-0.0013175356482456602,0.0202982706122534,S1
14306500,dPL,0.0634766997875569,0.0614107339809083,0.0852059892245701,0.0612812889946832,0.0179824916045314,123.0,0.045494208183025506,0.0434282423763769,0.0013156362873685,0.0008072262098871574,0.0202982706122534,S1
14306500,dPL,0.068868969582866,0.0700820644381852,0.0804426414625985,0.0579356963817889,0.016297858756602,2026.0,0.05257111082626399,0.053784205681583194,0.0008372679136355,0.0007338336912400267,0.0202982706122534,S1
14308990,IC,0.1786729226546741,0.2733545184327557,0.1599279703304945,0.2478132551198772,0.0339216605018184,,0.14475126215285572,0.23943285793093733,0.0003525707866451,0.018710066981516338,0.135825515539971,S2
14308990,dPL,0.0706633237034568,0.0720144494066923,0.0708813667297363,0.0820939724261944,0.010500377006863,42.0,0.060162946696593805,0.0615140723998293,0.0063556501694431,0.015900903670017397,0.135825515539971,S2
14308990,dPL,0.0862263746093202,0.112899933252782,0.0869861046473185,0.1084051498999962,0.0076528293104348,123.0,0.0785735452988854,0.1052471039423472,0.0025868903825619,0.015729371511253976,0.135825515539971,S2
14308990,dPL,0.0787138449182599,0.106938243548551,0.0882622442747417,0.1088436383467454,0.0098719453042702,2026.0,0.0688418996139897,0.0970662982442808,0.0036723361504655,0.014870530748283595,0.135825515539971,S2
14309500,IC,0.2248004623683995,0.0651506794257749,0.1743559257585812,0.1154742885066792,0.0627032278988625,,0.162097234469537,0.002447451526912406,0.0045634452552736,0.008302471197878969,0.0612553691709827,S2
14309500,dPL,0.0714758554820658,0.0649969220022783,0.081134055341993,0.0662692189216613,0.0064896947060609,42.0,0.0649861607760049,0.0585072272962174,0.0047109082322708,0.006141360677561214,0.0612553691709827,S2
14309500,dPL,0.0757315784343916,0.0695443215712268,0.0704419612884521,0.0702965206570095,0.0071789931596096,123.0,0.068552585274782,0.062365328411617196,0.003854239155184,0.007469122283843221,0.0612553691709827,S2
14309500,dPL,0.0888238867360524,0.066201748111895,0.0926771916841205,0.0561707549624973,0.0097488031769779,2026.0,0.0790750835590745,0.0564529449349171,0.0037483803907504,0.007695321577331216,0.0612553691709827,S2
14316700,IC,0.2502394487705719,0.1080129888760435,0.233592863232238,0.1089219299765718,0.0635843487705632,,0.18665510000000873,0.04442864010548031,0.0048109367692918,0.025534816361598045,0.176336580742005,S3
14316700,dPL,0.1005082021507843,0.0863330236348468,0.1180316294942583,0.0722812665136237,0.0160816680538822,42.0,0.08442653409690211,0.0702513555809646,0.0071197752868605,0.029455588014173695,0.176336580742005,S3
14316700,dPL,0.1765445832952375,0.1137847846370702,0.1642814636230468,0.108998351626926,0.0200457472815209,123.0,0.1564988360137166,0.09373903735554931,0.0067253112460929,0.02743630845044487,0.176336580742005,S3
14316700,dPL,0.1354396990673377,0.12887736516827,0.1131283295781988,0.1352964890630622,0.0180286598749386,2026.0,0.11741103919239909,0.1108487052933314,0.0088422106534467,0.02984681780167142,0.176336580742005,S3
14325000,IC,0.0410084925327465,0.092285306763725,0.1326988745719902,0.23978386910687,0.0783224349994935,,-0.037313942466747,0.0139628717642315,0.0015248244786175,0.0032657247772596154,0.0302033920558714,S1
14325000,dPL,0.0826560562196757,0.0443904156014813,0.095868238380977,0.0485960779518916,0.0151134194786878,42.0,0.0675426367409879,0.029276996122793497,-0.001442308936894,-0.001939022513006372,0.0302033920558714,S1
14325000,dPL,0.0845902078502903,0.0379704229962837,0.0794761180877685,0.0384783744812011,0.0110266644149094,123.0,0.0735635434353809,0.026943758581374298,0.0014595757410004,0.0014134869002332406,0.0302033920558714,S1
14325000,dPL,0.094336248467007,0.0371573129492103,0.0977721810340881,0.0342488655677208,0.0094541944577055,2026.0,0.0848820540093015,0.0277031184915048,0.0013631801003419,-0.00016143338473162405,0.0302033920558714,S1
14362250,IC,0.1295154957116668,0.2014147938120253,0.12071881878685,0.1612684486441019,0.0202199921463307,,0.10929550356533609,0.1811948016656946,0.0053320222582833,0.01889273429510341,0.141500009350329,S2
14362250,dPL,0.0860262450175129,0.0673179018276157,0.0836151838302612,0.058369149102105,0.0103813249212473,42.0,0.0756449200962656,0.0569365769063684,0.0093111012053952,0.012477177876304202,0.141500009350329,S2
14362250,dPL,0.1083667886478481,0.0702156025935703,0.1121930072182103,0.0851077850048358,0.0119064980949916,123.0,0.0964602905528565,0.05830910449857871,0.0079279035731499,0.01280951454533985,0.141500009350329,S2
14362250,dPL,0.1036169886182942,0.0639892940693342,0.1053453119177567,0.0635550755720872,0.0123720767811847,2026.0,0.0912449118371095,0.0516172172881495,0.0085654473943952,0.012801124502575423,0.141500009350329,S2
14400000,IC,0.1052838482129627,0.0896172474903821,0.0979702101358871,0.0780737265805411,0.0433408463216361,,0.0619430018913266,0.04627640116874599,-0.0034994606269602,0.0011151493860600548,0.0243303906906382,S1
14400000,dPL,0.0736513153657005,0.0515756032280322,0.0524945576985677,0.0366763821963606,0.0218610781499644,42.0,0.051790237215736105,0.0297145250780678,-0.0080430362412897,-0.005148505710928397,0.0243303906906382,S1
14400000,dPL,0.0631044404640921,0.0338660964011017,0.0379166338178846,0.030537696985098,0.0150210137278958,123.0,0.0480834267361963,0.0188450826732059,-0.0032892470626361,-0.0015226101334625541,0.0243303906906382,S1
14400000,dPL,0.0676956012712084,0.0276438098807109,0.0758701137134006,0.0357199377483792,0.021528261955626,2026.0,0.046167339315582395,0.0061155479250849,-0.0038282864007893,-0.0011508565174397356,0.0243303906906382,S1
