basin_id,frac_snow,snow_stratum,base_best_minus_median_kge,base_kge_iqr,cn_best_minus_median_kge,cn_kge_iqr,within_pooled_all10,within_pooled_top5,within_pooled_top3,between_all_all10,between_all_top5,between_all_top3,excess_all10,excess_top5,excess_top3
01022500,0.24525900924827099,S3,0.0057865633181368725,0.0094218655725408773,0.0027865824233660463,0.0099931140535157725,0.4087949950406371,0.24272898495853218,0.22077466917101635,0.48953374047110532,0.47245163790166778,0.47245163790166778,0.080738745430468217,0.2297226529431356,0.25167696873065143
01031500,0.29183647300195797,S3,0.014180854275070209,0.014631258149875204,0.0034853672336822017,0.0076845769409111808,0.4667951265377201,0.41164659481400712,0.41736813429753472,0.50925208211176964,0.44097616812135348,0.47670581236738391,0.042456955574049549,0.029329573307346368,0.059337678069849187
01047000,0.28011812694073601,S3,0.0052917029222370182,0.014040020054042479,0.0095254989919469901,0.009707717909196778,0.45025403816058918,0.34026277086793949,0.35820762216123525,0.43590727454198264,0.33189353337868421,0.33189353337868421,-0.014346763618606539,-0.0083692374892552768,-0.026314088782551037
01052500,0.35269825404932598,S4,0.0089431446257940417,0.0053016352384396281,0.0011412684902158965,0.0073333793182237539,0.48913751970735342,0.42790474374448118,0.36393581660275542,0.55344129847856438,0.54536002335380229,0.54536002335380229,0.064303778771210962,0.11745527960932112,0.18142420675104687
01054200,0.29964153966287899,S3,0.0061481577749925576,0.0041604009784041995,0.022752110682768167,0.026412861929782538,0.47548009159619353,0.48910330192781143,0.41135649990501172,0.48443435473148294,0.4494181520119987,0.43258455711712684,0.0089542631352894086,-0.039685149915812734,0.021228057212115126
01055000,0.30604885169486701,S4,0.0058960002476171613,0.012606160819542134,0.028282967083427479,0.018339439813688463,0.42643866099656369,0.34844202474081454,0.42740052624403541,0.49732118833226047,0.48030855725437405,0.48030855725437405,0.070882527335696777,0.13186653251355951,0.052908031010338641
01057000,0.25115767276909801,S3,0.008223895956667393,0.045346313268156302,0.0039566882828410144,0.015042358129059075,0.43780359970800664,0.352757604595761,0.39404031114127747,0.44826181294870504,0.33518770459479569,0.32649828078036502,0.0104582132406984,-0.017569900000965311,-0.067542030360912442
01073000,0.17503243505173999,S3,0.015086692110643507,0.01324682671598898,0.012661198241117888,0.010700152384072847,0.44263540522536304,0.32441470405715711,0.29833318727947744,0.44242531443126376,0.38097197224970919,0.34501418538535811,-0.00021009079409928244,0.056557268192552079,0.046680998105880667
01078000,0.23971852199071,S3,0.011265120000680251,0.012686177151939537,0.0046249262802194879,0.0035752249642875267,0.45154504911344406,0.37743410903775615,0.28197365551272668,0.49085294135625684,0.45964585885774262,0.39892040430712516,0.039307892242812781,0.082211749819986468,0.11694674879439848
01123000,0.136053399026134,S2,0.0055844379425336044,0.0066938030886700695,0.0060949639626241003,0.0031433493056737261,0.43491676544984992,0.33695085851155571,0.27227495800258605,0.44621165535245672,0.39030215452792999,0.31955118377573122,0.011294889902606797,0.053351296016374283,0.047276225773145164
01134500,0.28058208922815098,S3,0.018279132406489262,0.012046728775419902,0.0042779726935311402,0.013856627652069964,0.52200956989658753,0.40069340749203552,0.40829719226259653,0.54303338042840177,0.47695122419069219,0.41749138891040494,0.021023810531814235,0.076257816698656666,0.0091941966478084058
01137500,0.301814975818189,S4,0.0070425552634347799,0.019201877107932863,0.004242764506450003,0.012652165088984813,0.46141330378940359,0.26684206763550627,0.27104673948392044,0.53830925310718269,0.51938759380770039,0.51131151426454158,0.0768959493177791,0.25254552617219411,0.24026477478062114
01139000,0.246562671549799,S3,0.012697082631579981,0.019777736710844041,0.0032069314277252126,0.0047054604233921493,0.43996458634999813,0.35887232882057746,0.30119602312176452,0.48155598742433547,0.46440115699649231,0.45650417040088714,0.041591401074337342,0.10552882817591486,0.15530814727912262
01139800,0.26232897318020998,S3,0.0056367277749661548,0.0071289949966869548,0.011517217717480266,0.016103951336667421,0.45320026659867113,0.41830513798364466,0.46134177139994836,0.49373916338566814,0.50939264502623771,0.50939264502623771,0.040538896786997014,0.091087507042593052,0.048050873626289348
01142500,0.25230789054282099,S3,0.027380616976202532,0.010843033116092637,0.0063375763979284239,0.0028189934930751281,0.4445305659874853,0.38710774933246772,0.38121889619579874,0.48351402525064979,0.46836373741315346,0.43077278177316169,0.038983459263164488,0.081255988080685737,0.049553885577362955
01144000,0.248466348504845,S3,0.0067214418575313184,0.012206375216890497,0.0070051644140807223,0.01739950085399411,0.4457806914836292,0.31258389504892614,0.34535553394890345,0.45540139901612819,0.46412087636343535,0.48209248933079479,0.0096207075324989955,0.15153698131450921,0.13673695538189135
01162500,0.22676918468004301,S3,0.0055743133204839701,0.01036764620635211,0.0091494022214263504,0.014263963976716809,0.45440694788998826,0.3044796643411638,0.12457054438257549,0.46091023023243072,0.35196729224573919,0.38405151449870867,0.0065032823424424624,0.047487627904575391,0.25948097011613319
01169000,0.23897260589607899,S3,0.012013063027586646,0.015272470019099593,0.011028996566826654,0.010478666741455034,0.50941699270776997,0.44397813477523507,0.29472304853787645,0.55116971554091054,0.49222495066922772,0.43753725178151393,0.041752722833140576,0.048246815893992656,0.14281420324363747
01170100,0.23465373540593401,S3,0.0077248469804168662,0.0072592333910969087,0.003158490059025465,0.0070673868437105547,0.46857854039319652,0.41065924697880257,0.36964295313274037,0.49927497639886759,0.47798140396251476,0.47798140396251476,0.030696436005671068,0.067322156983712189,0.10833845082977439
01181000,0.21756304104059199,S3,0.010356179315222147,0.0081360475929510567,0.0045180646280448267,0.011084010836459601,0.46107133178614901,0.36083116112936969,0.29239067149755732,0.48001038860303769,0.41848384454302479,0.4746338220195252,0.018939056816888677,0.057652683413655093,0.18224315052196788
01187300,0.20126933569514599,S3,0.0055679122712458673,0.0083656197429290424,0.0011568729373215847,0.0042426800646689911,0.43141730387417765,0.31722597180543011,0.18462099256233122,0.50852433273632347,0.44905788800565383,0.4078101648232858,0.077107028862145821,0.13183191620022372,0.22318917226095458
01195100,0.10604289209171699,S2,0.0082076720952046767,0.014506797002296734,0.0013441357372536711,0.017862698423264822,0.47895564042848804,0.31177874995728316,0.2882698013912629,0.46641626140421877,0.41026067515286313,0.39388271997832813,-0.01253937902426927,0.098481925195579967,0.10561291858706523
01333000,0.22224496801649801,S3,0.0052357673400655891,0.011965782502009858,0.0098833847727652913,0.012413667923506622,0.47535171519349517,0.34339645471479707,0.2910044622575394,0.51259112740856561,0.36265345713661251,0.33769793783755581,0.037239412215070433,0.019257002421815439,0.046693475580016408
01350000,0.231159657658639,S3,0.003519507378057174,0.0097060470484658934,0.0033306947432272249,0.003803139960508406,0.50870567142552892,0.47158140032497642,0.47231356041743883,0.51997261304366515,0.43766646647270363,0.40966371598626578,0.011266941618136239,-0.033914933852272788,-0.062649844431173052
01350080,0.221156578322867,S3,0.0038060861524926715,0.014877520402186262,0.016008366824752707,0.018347223118834743,0.50667132716941476,0.37838952307830842,0.33904328715045412,0.50186680774708459,0.51047113692142376,0.50092996060678907,-0.0048045194223301779,0.13208161384311534,0.16188667345633495
01350140,0.21985902668281099,S3,0.0013513003390436262,0.0035162766904967002,0.0024256536387269323,0.016076748248585737,0.47982463924635554,0.47490353962264797,0.41256242361041967,0.47959271716243418,0.42065872667427623,0.48194090119111249,-0.00023192208392136537,-0.054244812948371746,0.069378477580692821
01365000,0.20227021109368101,S3,0.0085027559450772117,0.0043529356272894448,0.010707481655826356,0.013195186507684253,0.4778016396769395,0.36781508090843629,0.33324035787721329,0.49579623632689696,0.40231134565789378,0.39775989692069347,0.017994596649957451,0.034496264749457495,0.064519539043480179
01411300,0.048094855035164599,S1,0.011823642646642596,0.03093800612972375,0.019019632991966851,0.030394953370193045,0.47056639947454976,0.41207394308613832,0.29524976111114209,0.46047873908796727,0.37984596211007188,0.34152720288977917,-0.010087660386582487,-0.032227980976066439,0.046277441778637074
01413500,0.216908033968228,S3,0.0074426146257033921,0.0074322517728317994,0.011508672916379026,0.021378142524422827,0.46461006341318511,0.32001442951116732,0.35485643559382785,0.45853314216802094,0.43200380518864839,0.40185899746470505,-0.0060769212451641796,0.11198937567748107,0.047002561870877202
01414500,0.216628505016047,S3,0.010016098282459307,0.0083780767456018701,0.0050231889661659368,0.0044677271303853461,0.41931037679742211,0.36144510184302736,0.35555537994497954,0.42089584093621746,0.35331124418920173,0.32076142409101688,0.001585464138795345,-0.0081338576538256269,-0.034793955853962666
01415000,0.213452184948768,S3,0.01036499327448781,0.022318849493452309,0.0096914155165649385,0.017988773859726526,0.52308911765054633,0.37747801413648785,0.36824907388554984,0.52382042781021787,0.47103190080879992,0.48678215038471873,0.00073131015967153878,0.09355388667231207,0.11853307649916889
01423000,0.217830297712483,S3,0.0077369179260867726,0.0086583537755224871,0.015966909784129402,0.013325397317875409,0.46955836406571527,0.42918286992638471,0.35552209180499134,0.50998427017033576,0.45920456025089801,0.43742407999836697,0.04042590610462049,0.030021690324513295,0.08190198819337563
01434025,0.23781373120697999,S3,0.010318498909700602,0.010503808522124403,0.0064815519707991376,0.0044243805657111501,0.51360156659433431,0.46585496369764101,0.37855071708251165,0.53286887061351096,0.49714844051716828,0.47214328482690038,0.019267304019176645,0.031293476819527266,0.093592567744388733
01435000,0.223616269388589,S3,0.0091136983591548759,0.0063971473507354881,0.0056760941290848743,0.010283454436023853,0.46641084164007945,0.4202808980560846,0.4195590100294504,0.45470379351770673,0.3835361898383593,0.37255543511163192,-0.011707048122372721,-0.036744708217725297,-0.04700357491781848
01439500,0.163765228832016,S3,0.00067132512664136446,0.010397721313257557,0.0046676134970933258,0.011537805700002846,0.39084031594220192,0.30558099032388375,0.3469926432449163,0.43614838755859897,0.34570321982637314,0.34570321982637314,0.04530807161639705,0.040122229502489393,-0.0012894234185431563
01440000,0.147767408338048,S2,0.0029557022800075217,0.01039165918154461,0.0030197723019118605,0.0053242316342603235,0.40121579852801292,0.27162049248993408,0.21213923284858063,0.39304006978738304,0.34114369170684239,0.25501193209893586,-0.008175728740629884,0.069523199216908305,0.042872699250355223
01440400,0.17222337109288199,S3,0.0097333783716957445,0.01131365428927833,0.0050905379137659024,0.021821881119845954,0.49651190745409129,0.30208587758059402,0.29534210190503618,0.47453669914980756,0.41683580052250657,0.38733838407185561,-0.021975208304283733,0.11474992294191255,0.091996282166819432
01451800,0.12836266599142701,S2,0.010908183811595529,0.026493818109286194,0.0061977802988193442,0.020697817935041773,0.54360420421264366,0.47877735385276954,0.4418922632541743,0.53708667417245048,0.49296527177274718,0.53321754461054416,-0.0065175300401931757,0.014187917919977644,0.091325281356369858
01466500,0.062661769761676103,S2,0.016605570120933111,0.032782161837193735,0.013577017283370241,0.030941570003831131,0.46567337218964461,0.34253709896984663,0.33276771106833813,0.4481930122973623,0.37830947549284749,0.37370296826712412,-0.017480359892282304,0.035772376523000859,0.04093525719878599
01484100,0.042571686471381001,S1,0.028418975127832757,0.043567845931846483,0.040748805130458976,0.056033695056884492,0.48487221751914233,0.41143961775357457,0.22100369861804631,0.48418058385296225,0.39946322054892069,0.42779590508703164,-0.00069163366618008038,-0.011976397204653877,0.20679220646898533
01487000,0.042468989425902597,S1,0.013676409200240158,0.014849193481135003,0.0055885941798694549,0.010065516461731705,0.42659421815808463,0.38086814252820583,0.37961744207402148,0.43671749415258432,0.35358840292799082,0.3450874901024511,0.010123275994499692,-0.027279739600215014,-0.034529951971570383
01491000,0.050025721123379399,S2,0.020903497811617044,0.017655860847008986,0.0307918768462907,0.043534534829296145,0.44885855257868196,0.38859899201403647,0.3468633983479199,0.47276198819270521,0.34316084013666426,0.29551774435767791,0.02390343561402325,-0.045438151877372213,-0.051345653990241991
01510000,0.23705740062296199,S3,0.0065572075900981464,0.0057190524820041055,0.010526286263061069,0.018411600156380992,0.53477656735582069,0.44887230814688639,0.38674679075832735,0.54389610637576014,0.52015226333008568,0.52047891453772677,0.0091195390199394488,0.071279955183199295,0.13373212377939941
01516500,0.199238597784613,S3,0.011601569096873487,0.010249514544035554,0.0096144707580485544,0.01760585362122935,0.50922596004219078,0.4956197485311199,0.50286174622900837,0.51417933685831485,0.48397259204370385,0.48545910311409557,0.0049533768161240666,-0.011647156487416044,-0.017402643114912797
01518862,0.20111134491157401,S3,0.010298134292361261,0.012161656883619032,0.0085915507253984114,0.011376744947093176,0.47583019580726937,0.22519225145133512,0.088678794802076868,0.46799621915692108,0.27829733389609951,0.23768116521347712,-0.0078339766503482955,0.05310508244476439,0.14900237041140024
01532000,0.17674126662110801,S3,0.020695244215594433,0.025596117599753776,0.023571190363807837,0.026632614892588391,0.51494426758082279,0.48423444015413902,0.45864697079284222,0.53405739533769903,0.47492631877375985,0.42672982605036791,0.019113127756876236,-0.0093081213803791751,-0.031917144742474313
01539000,0.156285913306627,S3,0.010623105021330459,0.022324984838418604,0.013509752702388744,0.018795780894744318,0.52048845237198416,0.4697234451988036,0.21894100052370757,0.53280243607765498,0.49739420730608291,0.35182587820947292,0.012313983705670828,0.027670762107279312,0.13288487768576535
01542810,0.189716485804691,S3,0.010137060292727096,0.013487175646805238,0.023321624469950453,0.031626102586736038,0.48930392267369371,0.38245605150979406,0.3031212561560428,0.51457595941450918,0.3931521593422368,0.35187052910174643,0.025272036740815462,0.010696107832442736,0.048749272945703637
01543000,0.18805657708399501,S3,0.010630043837929315,0.017828817720694667,0.012504805566252886,0.018978972014209505,0.49491147571813104,0.34322390632231198,0.28005402440704763,0.5013386950309332,0.46817414847725364,0.46027390482627928,0.0064272193128021571,0.12495024215494166,0.18021988041923165
01543500,0.18165361094167101,S3,0.0042548216555765572,0.0055334648749991722,0.0045783774952118383,0.010509021721006651,0.43397099588631427,0.34031240548923669,0.30828709083007588,0.44293453724205223,0.33438857360877466,0.33438857360877466,0.0089635413557379584,-0.0059238318804620271,0.026101482778698781
01544500,0.20336289315931999,S3,0.016051690426810206,0.021280562415064708,0.031590131416803557,0.034238134632987305,0.50599563761424271,0.4307923977665295,0.3211907446381258,0.51820880321829077,0.46347240885335739,0.41148131013772815,0.01221316560404806,0.032680011086827887,0.090290565499602349
01545600,0.192645540908709,S3,0.027767665363848337,0.032462372327738076,0.0049509745737101873,0.015033689873753642,0.49111883390396216,0.42252915899773891,0.32395771907690002,0.49498103420290362,0.41918348659229976,0.32519975457271566,0.003862200298941465,-0.0033456724054391485,0.001242035495815641
01547700,0.15617299826603501,S3,0.013357147413665893,0.0037523637435772361,0.01989525118182689,0.023158599642652655,0.48480380137304258,0.471438277966579,0.37569212767934967,0.51273129273191986,0.43567964921870911,0.39039172198506183,0.027927491358877288,-0.035758628747869892,0.01469959430571216
01548500,0.20208863048231901,S3,0.011001317243696018,0.02876272118949752,0.0059391344352143216,0.0089526638944543713,0.45138856380940373,0.37001866561767677,0.36161459426665921,0.45927360327966116,0.3793732260000629,0.4418674509256823,0.0078850394702574267,0.0093545603823861345,0.080252856659023097
01549500,0.186519052942025,S3,0.018790295580335847,0.0082942006725474915,0.021206612271917669,0.0084547246535068288,0.47774230464109013,0.45958664007211614,0.42202421016539848,0.47358580314575527,0.44357251091004551,0.37682094479143652,-0.0041565014953348633,-0.016014129162070623,-0.045203265373961965
01550000,0.17982551285457399,S3,0.01683121671317489,0.010085084359329199,0.0066196231356820956,0.014451459826223867,0.48301965227433524,0.45787404950018906,0.40861448157549102,0.55691530155449309,0.47372758977933199,0.42223365993142825,0.073895649280157849,0.01585354027914293,0.013619178355937234
01552000,0.17305912288721001,S3,0.011793124397495358,0.04640605909869322,0.0085185681643407118,0.02637320611070304,0.46951372187249768,0.31952873102250584,0.3125821491294532,0.47457474504217567,0.34548693941486258,0.30159006038524661,0.0050610231696779917,0.025958208392356741,-0.010992088744206596
01552500,0.18516970797955501,S3,0.012230125853839757,0.0038821667356894185,0.012714926677296456,0.0097190958023047891,0.48116334579597164,0.45777050973429079,0.46100336221754734,0.49234131495948641,0.50003190114028429,0.42721236591725043,0.011177969163514767,0.042261391405993498,-0.033790996300296916
01557500,0.15867182381750999,S3,0.010203133657072483,0.010360558108295947,0.013636985307071137,0.016757034602948528,0.51878711900286512,0.4596237990258516,0.4798725287038787,0.53139368062115844,0.48881131060651489,0.48748548192434249,0.012606561618293322,0.029187511580663295,0.0076129532204637917
01567500,0.12603606593838301,S2,0.0074149072662472726,0.011771968405768884,0.020931062921029642,0.018097262044193152,0.53115267984414571,0.49281492759142032,0.49836624488475567,0.5215905127538325,0.46786718202611238,0.45583825488081259,-0.0095621670903132117,-0.024947745565307933,-0.042527990003943084
01568000,0.12851085803135801,S2,0.008582643483819874,0.0086543843180095781,0.0062404718634908596,0.012352464504148619,0.53276672069825337,0.46936498018149159,0.46452323565664033,0.50666450628372894,0.44300459124573227,0.41356560635042977,-0.026102214414524427,-0.026360388935759316,-0.050957629306210561
01580000,0.081688092395438602,S2,0.004612022901379853,0.0062020607975271647,0.0075139259843293171,0.0036735393467228761,0.42703051364801992,0.35299108752268743,0.37645144065600084,0.44801054735476176,0.34912759183956943,0.31086006150893764,0.020980033706741841,-0.0038634956831180012,-0.0655913791470632
01583500,0.080728649763762497,S2,0.0080150069566667925,0.025721205806761183,0.013839788757066707,0.019802605162887899,0.46271022476832235,0.2703535957160309,0.27202369968441154,0.46501550834283911,0.35001803742502868,0.38010930475759463,0.0023052835745167588,0.07966444170899778,0.1080856050731831
01586610,0.088413478566146994,S2,0.007244523364443034,0.0081099147172744024,0.01424544195398858,0.048082030311529578,0.4363268617779123,0.304169501511447,0.29920751407538232,0.43645896861540845,0.29040620627322566,0.28174360617778588,0.00013210683749614871,-0.01376329523822134,-0.017463907897596442
01591400,0.083876422731703204,S2,0.012470885677313026,0.029576458396331606,0.028956055946046,0.052716637891123908,0.42006315012114975,0.24273960670416408,0.18781330456242068,0.42613000121284916,0.25188005596559326,0.19183768143286553,0.0060668510916994101,0.0091404492614291788,0.0040243768704448513
01594950,0.18921429733490799,S3,0.0013511627552179606,0.013771079888645121,0.008421433131010847,0.0076293142077127341,0.41107095086548828,0.28741279406532888,0.3262048638957557,0.39095824268973411,0.33831465864176385,0.33831465864176385,-0.020112708175754168,0.050901864576434974,0.012109794746008151
01596500,0.188402157557544,S3,0.013131262664444865,0.01776943973340761,0.0039373138699496657,0.0047992267810427203,0.49492088550389413,0.40974600562324331,0.38416184083291499,0.52825070411889452,0.4403835768749591,0.31298801351517286,0.033329818615000395,0.030637571251715789,-0.071173827317742133
01605500,0.137136101417764,S2,0.041060993266624712,0.041060364585981612,0.067262305695709013,0.032973011904448901,0.52216857031259822,0.42584020735072825,0.39729563223292397,0.51220666136984772,0.42555662702685465,0.44417491780900847,-0.0099619089427505081,-0.0002835803238736001,0.046879285576084506
01606500,0.14875051892129501,S2,0.014085893539340422,0.022065918928479533,0.04130426216628702,0.058597375416756248,0.48091192346258022,0.38693031289692725,0.35777842560919343,0.46290505454989228,0.38695918724807149,0.32830375790137678,-0.018006868912687934,2.8874351144236865e-05,-0.029474667707816649
01632000,0.110024870103334,S2,0.034618716728585408,0.014540396773306319,0.026590284909864148,0.039779004151724973,0.4926650097746037,0.39852057328811358,0.35720555050317637,0.47767148119696434,0.44784870612552058,0.36496885368591353,-0.014993528577639359,0.049328132837407002,0.0077633031827371579
01632900,0.098076329237385504,S2,0.014272462829097221,0.020626316687765711,0.0075419121040469772,0.023715901649034588,0.48391372463440296,0.36570293251809372,0.38124232413133696,0.48920639174453406,0.36327312218503344,0.36327312218503344,0.0052926671101310996,-0.0024298103330602783,-0.017969201946303526
01634500,0.114828393813144,S2,0.0065391711684985587,0.029186026965576928,0.023342180923712541,0.030419159115083416,0.5373653083206078,0.46672161535726353,0.45783689872369482,0.52528570181956624,0.46667106388247831,0.44000838937961428,-0.012079606501041562,-5.0551474785220929e-05,-0.017828509344080534
01638480,0.084558382348827899,S2,0.021790950768587947,0.019862648665833205,0.016031153987684732,0.018809700474780588,0.50832613630399881,0.41023317653248115,0.46141430231857705,0.48757106797973421,0.44569394513232719,0.34982153130863503,-0.020755068324264603,0.035460768599846038,-0.11159277100994203
01639500,0.096126350142111294,S2,0.010945229737701068,0.019249163553443083,0.007048792474543375,0.019390743906987029,0.47821890776264619,0.37232625394308538,0.36404010499376593,0.47625904497919469,0.33846816364105942,0.32122798127467356,-0.0019598627834515048,-0.033858090302025967,-0.042812123719092376
01644000,0.084351798741143999,S2,0.016993191269150776,0.036155217662035555,0.010406721233505722,0.020798889180723923,0.47312672415117019,0.35716558948262328,0.32834729898557635,0.49911411608370571,0.425218695531761,0.36256283612180462,0.02598739193253552,0.068053106049137724,0.034215537136228269
01664000,0.082796425784603694,S2,0.005507475988231425,0.0082890752466813211,0.0084913022070922661,0.0071261107498981069,0.4175718931731367,0.3868686210944402,0.36588368752599609,0.43700489398972814,0.38084594342040656,0.35874449131228192,0.019433000816591439,-0.0060226776740336385,-0.0071391962137141718
01666500,0.082255397803329494,S2,0.017968728412738111,0.046218232160573525,0.0084566007582579372,0.0081557200601450885,0.50975216900719977,0.4587377882951405,0.4886905857988223,0.50746752841004417,0.50922174146516008,0.43919006192826443,-0.0022846405971556072,0.05048395317001958,-0.049500523870557867
01667500,0.078811793477170905,S2,0.018765505754865353,0.022385663146692214,0.017634879443113816,0.020585184269332757,0.52432196933452135,0.41764329334985234,0.32180315595940068,0.50050392149992673,0.43748821162886753,0.43588352466727021,-0.023818047834594624,0.019844918279015189,0.11408036870786953
01669000,0.041205983243048597,S1,0.0033349176806576342,0.012342602301421701,0.017514694867233338,0.029249307739929953,0.39604330450627356,0.24143901092146056,0.10851258506279671,0.413080816826913,0.22327008867974618,0.10447840515237941,0.017037512320639436,-0.018168922241714375,-0.004034179910417296
01669520,0.0368199149910729,S1,0.0036728441785760513,0.015178542039140708,0.032601485557030241,0.038300801875827628,0.42828523308360023,0.32994137409232838,0.27235838066959173,0.44740418794706627,0.42122037590045852,0.3608405022483186,0.019118954863466042,0.091279001808130145,0.088482121578726869
02011400,0.129154721501962,S2,0.013912567734443382,0.016160981677135977,0.008592099238264761,0.046667518052421642,0.48427799841973868,0.35386422167276299,0.28358008957857261,0.47609278017982409,0.37577242769384361,0.29602237844716589,-0.0081852182399145823,0.021908206021080623,0.012442288868593276
02013000,0.097914337240757404,S2,0.026366431634475163,0.020112366431477291,0.017669439406096776,0.021064951187290126,0.53984589139864847,0.44921278858244706,0.44843515119608468,0.52869099926254504,0.44879636068673634,0.39272468845270075,-0.011154892136103434,-0.0004164278957107248,-0.055710462743383926
02014000,0.097868084176085807,S2,0.012545193545439481,0.01860534403638292,0.025604084759355938,0.03561859372978915,0.51233605029276219,0.44192756167128372,0.45515430012956615,0.53483069857516186,0.43656545685945658,0.42352516494135256,0.022494648282399665,-0.0053621048118271397,-0.031629135188213586
02015700,0.12856724871879599,S2,0.01990998796569643,0.012867836231933438,0.017542370402619634,0.028945282286509166,0.51155015295100048,0.4382344774218091,0.41965520240100185,0.50210158867446331,0.42002795990477421,0.39318404680706215,-0.0094485642765371747,-0.018206517517034893,-0.026471155593939699
02016000,0.10207736342912301,S2,0.0058496510609742369,0.017893962111467876,0.027067199628920346,0.039774506825001943,0.51214161308990924,0.3816018667821689,0.34078708197740537,0.52580917100523494,0.39587344549074133,0.36533857917627005,0.013667557915325701,0.01427157870857243,0.02455149719886468
02017500,0.090184526556801398,S2,0.0054017419479069906,0.0065756237993837008,0.007473990182885526,0.026423939250085571,0.46304693611726799,0.39310052679383262,0.45908747776718439,0.45923187234967922,0.38830433331207348,0.4159435464827767,-0.0038150637675887777,-0.0047961934817591367,-0.043143931284407688
02018000,0.084968614429657099,S2,0.0066684317868928034,0.022005470836342189,0.020399233181729759,0.029840290396368374,0.53742437657837228,0.49754532539628715,0.4850868755458132,0.54833124428816915,0.47327669539350731,0.36842775243201492,0.010906867709796875,-0.024268630002779845,-0.11665912311379828
02027000,0.090473222381479299,S2,0.017302938108062826,0.024804841703906733,0.0078821288624758568,0.0073207264495034341,0.4321124282670043,0.35364124995474672,0.30752192274052292,0.45490093872353532,0.37251789252373552,0.31181262892350964,0.022788510456531019,0.0188766425689888,0.0042907061829867144
02027500,0.10078601830768701,S2,0.026155001427965896,0.046917045130664081,0.01298999596361039,0.01782500550531374,0.43459065764861327,0.34958431686104635,0.28294153581499221,0.42189713735586098,0.31192856107397282,0.30781134733428694,-0.012693520292752281,-0.03765575578707353,0.024869811519294738
02028500,0.080256957904830104,S2,0.0039299952319414855,0.01005977655927226,0.021896997594313183,0.027549965445720526,0.5159375161177272,0.42436282268824788,0.38373526016775605,0.50944165955310849,0.44657782436719395,0.41772585284517894,-0.0064958565646187072,0.022215001678946078,0.033990592677422882
02038850,0.065522597851002701,S2,0.043808178174497336,0.068381800353888078,0.028497474206957141,0.056068863230724464,0.52711139580857214,0.47169179524201288,0.44470153272971302,0.51221517395894045,0.44990702150099654,0.37198998025285424,-0.014896221849631686,-0.021784773741016339,-0.072711552476858787
02046000,0.045372826808436698,S1,0.021875372501588441,0.035693119285475472,0.0095106647831841862,0.050792181881999632,0.53526050010249748,0.44345099463546234,0.40371485577942812,0.54272305684848954,0.43254936088965867,0.44285519994189376,0.007462556745992055,-0.010901633745803663,0.039140344162465646
02051500,0.052551496570471097,S2,0.02018145746113098,0.014735012701551309,0.044568009258728614,0.068410553522510575,0.50252606819438117,0.45501467964808995,0.46164091546289954,0.52577667564961761,0.4590427713481281,0.53205208591357489,0.023250607455236438,0.00402809170003815,0.070411170450675353
02053200,0.024831683184578401,S1,0.0043808911889555713,0.025587097839335327,0.011260381343221826,0.024685689154928303,0.47498524101337547,0.42131525137002501,0.46595771118847451,0.46766260180718777,0.38156601862560713,0.38156601862560713,-0.0073226392061876977,-0.039749232744417884,-0.084391692562867382
02053800,0.093817255030013605,S2,0.0059763295454176024,0.013731101659790412,0.0073123441526807831,0.021939092640285152,0.45604113181347872,0.35403191334142703,0.32295067246776155,0.4793656790427272,0.34087834767490416,0.32881696023747409,0.023324547229248482,-0.013153565666522871,0.0058662877697125415
02055100,0.062211991887398198,S2,0.023058301441937767,0.014583800338348718,0.032994887850975707,0.02728892472398925,0.50007566025496863,0.43177871232336407,0.43337368828012413,0.49329020083671138,0.40912073345408373,0.39030120985135019,-0.0067854594182572558,-0.022657978869280337,-0.04307247842877393
02056900,0.064605937280813694,S2,0.044476248129304619,0.056415196148975499,0.015158727878374134,0.016536053548040774,0.52400027275819205,0.37365042996051923,0.22803654604266965,0.510444158593093,0.35644098703996335,0.14189609298738823,-0.013556114165099054,-0.017209442920555873,-0.086140453055281424
02059500,0.052938916295318099,S2,0.081656612991554023,0.085020287582861287,0.030857456327200494,0.04721941686309894,0.50651259273373028,0.44017437411847726,0.40007785123810213,0.50153848232648901,0.41241959102073111,0.30966564040848699,-0.0049741104072412723,-0.02775478309774615,-0.090412210829615147
02064000,0.060601169259616297,S2,0.053741481103118383,0.050259464470029824,0.044520201768972978,0.029416036880526186,0.50886025838179871,0.47329455314049301,0.4552448067412313,0.49591838174917807,0.43486765628940033,0.43895077756685497,-0.012941876632620641,-0.038426896851092684,-0.016294029174376334
02065500,0.061713997073264901,S2,0.010163494428491515,0.048487106717302164,0.038780552726979667,0.030103321473816003,0.49815522407498841,0.41364988379673917,0.47821104240170731,0.47837094395316365,0.43102323726391495,0.42712318248096642,-0.01978428012182476,0.017373353467175778,-0.051087859920740886
02069700,0.053395158761216803,S2,0.021820746060870366,0.018733831530958089,0.018727044768969359,0.029645923125468543,0.52626222143103207,0.46019953605416147,0.41513316216078489,0.52911129781145716,0.48158772357657331,0.39511914462583009,0.0028490763804250863,0.021388187522411839,-0.020014017534954798
02070000,0.0508621647943431,S2,0.0098773409393099199,0.034587072425390053,0.010122909119270052,0.03148699594190052,0.47726295564286614,0.42383603172640849,0.40722194686696472,0.49001874353217972,0.42964950851457967,0.3552102908638024,0.012755787889313586,0.0058134767881711791,-0.052011656003162321
02074500,0.052469020841380901,S2,0.013983353541627941,0.025173336950988223,0.0081866786897669686,0.028015506514334154,0.42904089824844638,0.40730985608698056,0.41164201384456028,0.42959506317367951,0.40935190973573865,0.33777379129421753,0.00055416492523313599,0.0020420536487580909,-0.073868222550342755
02077200,0.0489889008542847,S1,0.0081878515446990319,0.0061411092843897119,0.020221675978830955,0.0079887080834367685,0.45766767602600822,0.45996395178781985,0.44954920332448889,0.4700908010740702,0.46156932885416152,0.51210167981426336,0.012423125048061978,0.0016053770663416733,0.062552476489774467
02081500,0.043624771397296799,S1,0.043798233103839235,0.061474298481551948,0.022351472351514357,0.0232401146859611,0.56107221636592663,0.53382507189262851,0.53789600645915403,0.57359659882681036,0.560004245469929,0.56290718923480521,0.012524382460883721,0.026179173577300485,0.025011182775651175
02082950,0.0329927432325966,S1,0.034624023760828182,0.028587828769791712,0.031884584347297018,0.04014079790431746,0.52649645792812882,0.42369702585786023,0.42972333631854287,0.52679019065285249,0.38643726166261072,0.32519958424094692,0.00029373272472366097,-0.037259764195249512,-0.10452375207759595
02092500,0.0120832517590196,S1,0.015987147691913783,0.024585482414653526,0.0093401487923072679,0.013456319189718569,0.43283835413719801,0.37372564625280391,0.37172891789025525,0.43300958069405793,0.38937035891067923,0.33741346494000779,0.00017122655685991583,0.015644712657875315,-0.03431545295024746
02096846,0.039252545203284903,S1,0.025360887964430145,0.039427469688751215,0.029144424147758308,0.017059104376354828,0.48777988735710298,0.41612158452037196,0.3515072939453886,0.514802530057626,0.4524399751043835,0.44938543665639208,0.027022642700523014,0.03631839058401154,0.09787814271100348
02102908,0.0235111757954398,S1,0.0054000366273772027,0.0077041827109416428,0.0067255172949103326,0.0033116203539069744,0.49079797283028065,0.50124095446578054,0.41699937484345784,0.48149645855396717,0.4900966416729467,0.42069657825483531,-0.0093015142763134828,-0.011144312792833844,0.0036972034113774699
02108000,0.0092819261110396005,S1,0.013714117708851337,0.021692024672670396,0.013797457259837609,0.049009413956464409,0.41016412270257269,0.37258136519111573,0.32958571873316578,0.42123628103729216,0.36494976693617243,0.30726188016987138,0.011072158334719473,-0.0076315982549433059,-0.022323838563294396
02111180,0.0460568781002514,S1,0.011550218575817062,0.024444424790474262,0.010005838713417092,0.019130576027881152,0.43520390209870652,0.38357997676861932,0.33917751086999776,0.44898519628441291,0.42337964747348555,0.33107111132146844,0.013781294185706394,0.03979967070486623,-0.0081063995485293194
02111500,0.052369251671881403,S2,0.025535116980655026,0.014809948517834237,0.0085291051207676549,0.015858917402786998,0.51760734526677132,0.47541988034213745,0.45814606523265705,0.51175609589757043,0.47244132132546546,0.50048786037047666,-0.0058512493692008949,-0.0029785590166719889,0.042341795137819604
02112120,0.052404975160738797,S2,0.0075360284637314701,0.013226546742454048,0.010322472757191448,0.013602422288221394,0.46368413200609104,0.41973197654786998,0.42381753995087057,0.46640784278000236,0.39370636903170192,0.32054972798425058,0.0027237107739113142,-0.026025607516168059,-0.10326781196661999
02112360,0.053113627447001398,S2,0.010434207990790978,0.013087700515091116,0.027507536295001356,0.040505766060343174,0.49937771712392764,0.37718699279118484,0.38933897099219089,0.4874323372001092,0.38620870084923387,0.38620870084923387,-0.011945379923818444,0.0090217080580490272,-0.0031302701429570257
02118500,0.041370835021144102,S1,0.00324448572974112,0.013841572463705543,0.0042928306310147102,0.019468524993661473,0.440492191015247,0.368916665873747,0.30019098926227178,0.43702656461428091,0.3213374008790868,0.31238296921239278,-0.0034656264009660931,-0.047579264994660198,0.012191979950121001
02125000,0.024791233169001101,S1,0.032963803175322548,0.03213183848104717,0.018603292643809555,0.03601474271654892,0.50141083564179634,0.45449494683554398,0.41885840600564928,0.5084118427726867,0.45706897190662737,0.45706897190662737,0.0070010071308903576,0.0025740250710833967,0.0382105659009781
02128000,0.025670443380134599,S1,0.016296145899850512,0.011688448105291016,0.019868203989087285,0.010883433369148765,0.52839837962031644,0.54215361776796156,0.46716176197231907,0.5214453266441661,0.48664425563099034,0.46800513212044026,-0.0069530529761503423,-0.055509362136971219,0.00084337014812119193
02137727,0.040531531076179503,S1,0.0080635350094093727,0.0032227102727023782,0.0053158502704832022,0.004788138844426526,0.42401391203202488,0.30967846498699642,0.24742420103445928,0.39298578773983606,0.32139405687371386,0.25449732704864331,-0.031028124292188819,0.011715591886717447,0.007073126014184028
02140991,0.042038466834978201,S1,0.017738330658089496,0.017855841351876789,0.013383941517622011,0.012168795298119428,0.4818327125534777,0.39076355175830402,0.38483015598238973,0.46394264988671519,0.43471054561557437,0.40534852822149253,-0.017890062666762518,0.043946993857270356,0.0205183722391028
02143000,0.031326215681695198,S1,0.0055010582883278092,0.011382916183869773,0.026068756603132459,0.032555074646195448,0.39230866264411984,0.27752516085797241,0.27194459332881382,0.43241397263090797,0.35340521456232243,0.23127380808500642,0.040105309986788129,0.075880053704350026,-0.040670785243807406
02143040,0.034561069845200097,S1,0.0095662792080004611,0.0096629338481237781,0.010309557733853225,0.018846342895451951,0.45769709215784021,0.32664944964643139,0.28599235248963267,0.43715707576755336,0.38777094230506698,0.26881995793848973,-0.020540016390286853,0.06112149265863559,-0.017172394551142944
02149000,0.029590457635321001,S1,0.016676871060328557,0.021808906947973994,0.00558695705352108,0.0041977073315954128,0.41480535820461922,0.34480619118066413,0.29517010247467645,0.40824510886541598,0.29157853735082523,0.27931214435280965,-0.006560249339203239,-0.053227653829838906,-0.0158579581218668
02152100,0.030080746914399902,S1,0.0067978550786366165,0.010672817159311454,0.0076711024846458642,0.0081262768174316102,0.37544964126606206,0.23469760511184296,0.20594089014148684,0.3827364122985209,0.30553826924117095,0.20501388264203757,0.0072867710324588386,0.07084066412932799,-0.00092700749944926719
02177000,0.026739557459190599,S1,0.0033405763845048009,0.018095710601336856,0.00091258417387762858,0.0028866855146371106,0.42427149705508971,0.34054985859433273,0.31073807587550384,0.44389356385012962,0.32002228068072425,0.29513289833363265,0.019622066795039916,-0.020527577913608486,-0.015605177541871185
02178400,0.033836252850455002,S1,0.0031175906017751887,0.0049888207412259744,0.0046489880538831407,0.0042922257974769007,0.41881735278108068,0.37428517464227662,0.36855124690961971,0.3948411443590949,0.38546038946401717,0.31488422637837082,-0.023976208421985779,0.011175214821740553,-0.053667020531248888
02193340,0.012744882834630499,S1,0.061609039935407006,0.025612032109845972,0.031208776140526751,0.038569697746145715,0.48246028842600353,0.40073418724898507,0.41912899761356526,0.48452652986648692,0.45531342154997967,0.43845782333467098,0.0020662414404833962,0.054579234300994595,0.019328825721105725
02196000,0.014697822503636999,S1,0.015523684541906002,0.024330470876011256,0.027697491911680583,0.027458024043670148,0.5127599970460851,0.44196322672574012,0.42747897142869401,0.51019797045219706,0.5280709356296831,0.47175251889340775,-0.0025620265938880449,0.086107708903942981,0.044273547464713736
02198100,0.0030935926215691998,S1,0.015067116013485427,0.027205473560342641,0.016419461970625271,0.025969801850655005,0.47595599076864148,0.33970432115769356,0.30171390336471426,0.46226621803773371,0.33376476768672209,0.30950651977462579,-0.013689772730907768,-0.0059395534709714704,0.0077926164099115236
02202600,0.00045680489760400002,S1,0.017420532782974174,0.058671094365784437,0.033816226404413507,0.073134574970204813,0.51030185276998163,0.41066384968971631,0.46386333225294052,0.53885773265714443,0.4359999671279895,0.34357901076729225,0.028555879887162794,0.025336117438273187,-0.12028432148564827
02212600,0.0090237999831922003,S1,0.015090078210234004,0.01900740537907919,0.017005637275375407,0.03189427140979928,0.4490817081138232,0.34955897382960321,0.40235569808060423,0.4346885406144223,0.3465085106855848,0.33735794598848368,-0.014393167499400894,-0.0030504631440184116,-0.064997752092120553
02215100,0.0010333057458655,S1,0.011141870376318419,0.0092339758913105863,0.013150497100225089,0.0064148838188424762,0.46844785455410509,0.42014879706009334,0.39568353466104644,0.45989139467351037,0.41152897491683743,0.36042893492162686,-0.0085564598805947245,-0.0086198221432559063,-0.035254599739419579
02216180,0.000534865436369,S1,0.0085747349314312382,0.0081233544390070245,0.011627775501871884,0.0069854266091227135,0.46651523362896474,0.43496667562765634,0.44454438472522162,0.49075321260605254,0.42678588204290779,0.31630343871607408,0.024237978977087793,-0.0081807935847485469,-0.12824094600914754
02221525,0.0095385192188569001,S1,0.045900943974018116,0.014118646209719588,0.013208153039079407,0.033200806251210802,0.54070192102578729,0.47911236083745512,0.47143516493847182,0.52921540968249514,0.52426649408468529,0.51857561730662627,-0.01148651134329215,0.045154133247230166,0.047140452368154451
02231000,0.00023591806539820001,S1,0.026089398982370837,0.0441917079087214,0.0071379195238404636,0.047687189835376786,0.5002873841926454,0.4051084325364333,0.38378044200413863,0.48694573746466863,0.41758213096328606,0.32667947164782091,-0.013341646727976775,0.012473698426852753,-0.057100970356317726
02245500,0.00043662854245879999,S1,0.0089280765890007441,0.032486576117996102,0.018646506074220248,0.035336075019229196,0.49295850559627169,0.35412535957308605,0.32914532433750204,0.48472013282637183,0.34443972210063245,0.278919395692936,-0.0082383727698998599,-0.009685637472453601,-0.050225928644566042
02246000,0.00033269222309739998,S1,0.02729391012958271,0.027238389691420006,0.037179440725115809,0.050479597180762892,0.52083752132932093,0.4764188218567994,0.33234261337090892,0.51676374799351033,0.47338856148873465,0.39464880634755767,-0.0040737733358106043,-0.0030302603680647522,0.062306192976648744
02296500,0,S1,0.01296942186980854,0.025115467458851848,0.0068823915001769986,0.021035883062125227,0.45357455211030884,0.36848251777422991,0.36165171818816932,0.4541651541343818,0.35444464898911077,0.29626661599905507,0.00059060202407296147,-0.014037868785119145,-0.065385102189114253
02297155,0,S1,0.016645309937485697,0.013553408766767472,0.016356469774585713,0.019977355901166338,0.52152935328988836,0.42950080012505487,0.38745180735891904,0.52908849398596769,0.52544348733661883,0.55692100456247584,0.007559140696079325,0.09594268721156396,0.1694691972035568
02297310,0,S1,0.0075149436947362647,0.027083505769753602,0.0060670224340575452,0.0062490878258938398,0.45216457496848056,0.33034005123516696,0.32379331219902358,0.47107762535060727,0.36663183850658498,0.33718734740376288,0.018913050382126706,0.036291787271418019,0.013394035204739307
02298123,0,S1,0.0019921156771182114,0.014132176573709798,0.0029021330501878273,0.0083732623548397056,0.45359202678558341,0.42706097444410751,0.43688630573719089,0.42753150823278518,0.38271633726127624,0.43632557744190315,-0.026060518552798229,-0.04434463718283127,-0.00056072829528774903
02298608,0,S1,0.019067011972831116,0.038057807535214039,0.0039229198750277972,0.024335752792845611,0.45886799363071373,0.33606397839402052,0.39160592841467634,0.45730959531022386,0.41162760521948366,0.41502048396586599,-0.0015583983204898733,0.075563626825463137,0.023414555551189653
02299950,0,S1,0.0088623097962222674,0.016499731461199652,0.0085505689058699152,0.020615224365632567,0.47691812010315388,0.29001979972930503,0.32722295523660022,0.45051461692375105,0.27326121858396635,0.2731402621038887,-0.026403503179402821,-0.01675858114533868,-0.054082693132711523
02300700,0,S1,0.019670906488555739,0.030228917574835035,0.0069988912791436597,0.0077431903478359931,0.45623925043651281,0.42310459089003993,0.27446051210706091,0.47331217789662178,0.40810982274097263,0.29445359145658012,0.017072927460108966,-0.014994768149067306,0.019993079349519216
02342933,0.0027962712555371998,S1,0.054816719726467955,0.02753972762933965,0.039179786173138442,0.034733066398765833,0.56116516589188969,0.484862542676535,0.50278215820505356,0.54677214487862646,0.46452165654691707,0.46040923747394502,-0.01439302101326323,-0.02034088612961793,-0.042372920731108543
02349900,0.0010817469729247999,S1,0.01160647731067066,0.010903730138984269,0.037361408706891641,0.054170903107688351,0.47866882319509013,0.36101905824208536,0.33583198230179351,0.47037187392826402,0.35137129332353023,0.30784890051538755,-0.0082969492668261147,-0.009647764918555124,-0.027983081786405961
02350900,0.001767717746493,S1,0.013933382688468221,0.013922243012642221,0.017697145379956702,0.048237022001864194,0.44062758858101836,0.34609113964492999,0.2658402562081007,0.42167299952305892,0.3584559454216007,0.33643371429780344,-0.018954589057959437,0.012364805776670706,0.070593458089702743
02361000,0.0015124422847458,S1,0.020911144432069984,0.060138897115217471,0.031710898673309451,0.027391357940212191,0.51516470513444601,0.38640407065242244,0.35746390845498388,0.50658785464393308,0.39995146930204611,0.39212479136408807,-0.0085768504905129328,0.013547398649623676,0.034660882909104185
02363000,0.0026556564479945999,S1,0.037295720775995633,0.041783226050240097,0.019692449768430764,0.03406767226120766,0.48640736748522462,0.41342857188277515,0.40302474588770754,0.50015748999960086,0.43742938675173454,0.42107179745898649,0.01375012251437624,0.024000814868959386,0.018047051571278949
02369800,0.0008723526438152,S1,0.014326224492320128,0.021926172208796668,0.010197765125732228,0.0081422120484788696,0.51656845868230739,0.4174991588722895,0.46008993438720769,0.48951431405937662,0.36580418347096083,0.30887348151375738,-0.027054144622930765,-0.051694975401328669,-0.15121645287345031
02371500,0.0040171402581935002,S1,0.0082247814775218142,0.014037485798058968,0.0078615060383315782,0.020494401191304301,0.45844419439812867,0.42845835031293322,0.40036481487467301,0.44899995979419638,0.36683627820709119,0.33797147299405578,-0.0094442346039322889,-0.06162207210584203,-0.062393341880617237
02372250,0.0034759991435445998,S1,0.029986286560970687,0.018891709804785495,0.029664319731745104,0.013500470325752856,0.45655614495865171,0.36704477165366856,0.37389552235429213,0.50062778829503995,0.42883032108763636,0.38588576028316851,0.044071643336388244,0.061785549433967801,0.011990237928876379
02374500,0.0030425564536236999,S1,0.01972812955683001,0.02589089201765149,0.021926249824210764,0.029267742760966664,0.4319201006682698,0.40260486706092191,0.241768452140597,0.42522188024736551,0.38773704630031852,0.18861694696990056,-0.0066982204209042884,-0.01486782076060339,-0.053151505170696445
02381600,0.016637786516778299,S1,0.017942926665182712,0.019827955895198035,0.021076653082778729,0.01591851139680811,0.39520658907995404,0.30094151714191675,0.34439575053493088,0.44942104473221317,0.37293178980334163,0.30133770170471252,0.05421445565225913,0.071990272661424881,-0.043058048830218354
02384540,0.0316827871052048,S1,0.0043021563958542952,0.021375397953194542,0.0076586353456543632,0.02604265621507551,0.52176252259086708,0.46735941687033,0.48091339070641737,0.52977248358951834,0.43870683579138459,0.43713104961140409,0.0080099609986512554,-0.028652581078945416,-0.043782341095013277
02395120,0.012489410422660399,S1,0.012514600849904634,0.023601052055097882,0.00524306908648009,0.010386543741099707,0.51586472726550425,0.44051589024740972,0.44787340547677024,0.49435341376150743,0.48823147056362148,0.48871704626744439,-0.021511313503996821,0.047715580316211759,0.040843640790674152
02415000,0.0124691410953683,S1,0.0014932491368578882,0.0034343315591378598,0.030863035436858088,0.038184938018417269,0.43986341163142667,0.27796811315164227,0.22070851465120145,0.4583296573265031,0.31626759537200311,0.19634228496007661,0.018466245695076433,0.038299482220360836,-0.024366229691124841
02427250,0.0031810787432098001,S1,0.012853515456962228,0.027335122276793355,0.012442980185981556,0.010433601951517435,0.53151730309149736,0.46830191007916416,0.41692652651722428,0.52063490028355597,0.47880715163204579,0.45907989852473702,-0.010882402807941394,0.010505241552881628,0.042153372007512735
02430085,0.0126767241295668,S1,0.008113801831263534,0.017196576225649518,0.015265836757838991,0.022810669694092733,0.5060354418891555,0.41681496740995272,0.43612592682056084,0.5028832377260698,0.42056114982847681,0.408099206093057,-0.0031522041630857034,0.0037461824185240911,-0.02802672072750384
02450250,0.0142864105715527,S1,0.039673146795135228,0.019545799552229903,0.012376108851852363,0.034016704973876655,0.51900619570130768,0.45260208912685029,0.43855279454046259,0.48955492468242545,0.46604980354522929,0.44588828598742397,-0.02945127101888223,0.013447714418378998,0.0073354914469613841
02464000,0.011217518412828,S1,0.013223818204041282,0.017394226294289772,0.023643917042696416,0.015009281355000792,0.48929048383035323,0.4414377748657109,0.51946984922422978,0.48178360468655451,0.47056526902874168,0.4544113446966444,-0.007506879143798717,0.029127494163030787,-0.065058504527585381
02464360,0.0095365763059720998,S1,0.0016688548167532735,0.0084878459068465917,0.0030638205665118878,0.0078572497220890103,0.475523876390467,0.34407679697496157,0.39419024338891651,0.47046164807870094,0.34848149828217578,0.19883903689870902,-0.0050622283117660594,0.0044047013072142094,-0.19535120649020749
02465493,0.0073106547528565997,S1,0.017110468694607972,0.034970791444744131,0.0020535197493701807,0.018475154294851914,0.41203292114964007,0.28952237735407815,0.31810856413569533,0.40741143783606204,0.35486429998075608,0.29589984550468762,-0.0046214833135780342,0.065341922626677928,-0.022208718631007707
02469800,0.0031716493980549999,S1,0.004983568854773468,0.015096928240451502,0.0081530419465435378,0.02148884112372329,0.5152640039403702,0.42524030794152107,0.46969833648654258,0.52094115935003105,0.39466054406899126,0.47678356389930993,0.0056771554096608501,-0.030579763872529808,0.0070852274127673476
02472000,0.0060147222598052998,S1,0.0084183512497135737,0.028683833484369536,0.0077326198650842226,0.017038367058421766,0.4928851163192548,0.42262869925767427,0.36665537604344611,0.47656362021102167,0.40163564463871432,0.38135238331297483,-0.016321496108233136,-0.02099305461895995,0.014697007269528717
02472500,0.0024543898713559999,S1,0.015104591958498448,0.010104999801581083,0.0093472601547089917,0.019065029255649124,0.51828201885916225,0.3990869250090307,0.33945176524830101,0.5138673579886428,0.37321776752357155,0.36612769448017629,-0.004414660870519449,-0.025869157485459149,0.026675929231875284
02479155,0.0018026132328254,S1,0.011831702345732387,0.018541406108123382,0.0047164517315608778,0.02427517563700321,0.45983998345199306,0.36571067652962724,0.35454982508306737,0.44973898723096439,0.34189255322548917,0.323776514249347,-0.010100996221028669,-0.023818123304138072,-0.030773310833720369
02479300,0.00074128654859820003,S1,0.01597702970800996,0.024601360246706672,0.0067067080493832254,0.0093449778574961062,0.46538229338732995,0.40402744303495541,0.28975258266723314,0.46548932745002136,0.36922755304359234,0.23780055616206633,0.00010703406269141347,-0.034799889991363075,-0.05195202650516681
02479560,0.00088818417707390001,S1,0.0049873165703833156,0.0096658320598699277,0.0049005695140890149,0.0084466080619700623,0.50570401067210347,0.41716634739930508,0.36514471249171532,0.48298184041043368,0.41321973814523294,0.34699662386216323,-0.022722170261669783,-0.003946609254072142,-0.018148088629552084
02481000,0.00036539777361620002,S1,0.018435566524218294,0.023178127229647849,0.01511467318970372,0.012109376937668892,0.55194487346436172,0.46116903825550737,0.29124088468314036,0.5497183086909383,0.5185935015756703,0.51468812855927226,-0.0022265647734234228,0.057424463320162933,0.22344724387613191
02481510,0.00076225450768519995,S1,0.0073641905809023189,0.006189781497139224,0.0023770474129065633,0.0071187061994979484,0.53017259729520405,0.44019957923235231,0.384608849923535,0.50205899627238471,0.44405989906295301,0.398429807316803,-0.028113601022819346,0.0038603198306007003,0.013820957393267996
03010655,0.20726175933809901,S3,0.008003067788560192,0.013703263671210442,0.0067001746623713831,0.022933119971011218,0.47813187514122601,0.40584911751271036,0.3877101248146636,0.50816790554016911,0.42028095460416082,0.39308706398099624,0.030036030398943092,0.014431837091450461,0.0053769391663326394
03011800,0.210192690903197,S3,0.0071349718268736151,0.0083808784154180138,0.0054007451871080914,0.0061952357095881316,0.4782298587078132,0.37630093247745244,0.43949243643090263,0.51684052255865498,0.49028380916206526,0.44245818920982305,0.038610663850841775,0.11398287668461282,0.0029657527789204163
03015500,0.192038519147369,S3,0.0039309245965541972,0.0075466460416420134,0.010653406831376167,0.010451742640316231,0.4874260393250664,0.41283810670008375,0.42925224083186142,0.48869906932261836,0.44863179148173277,0.4510521164649206,0.0012730299975519666,0.035793684781649016,0.021799875633059185
03021350,0.208263538884948,S3,0.0029429731688791483,0.0035318163742693587,0.007504940003716376,0.0097007747053998727,0.45656151437796122,0.42096861461511681,0.46580529726814668,0.48143470167171654,0.44017762417640749,0.42826254510743333,0.024873187293755317,0.01920900956129068,-0.037542752160713344
03026500,0.20981494015044599,S3,0.020300701957267964,0.014606020448186596,0.0097198119834115415,0.013296293382535573,0.53213561910058349,0.46629203506471872,0.4610058315516864,0.52717677955434683,0.49041730983914583,0.50152643071396275,-0.0049588395462366597,0.024125274774427108,0.04052059916227635
03028000,0.203474312123818,S3,0.011954954872498202,0.0061441395166176305,0.0049039685641888431,0.0073500184789911938,0.47121730083172542,0.4181324890053939,0.34977192578693034,0.47882190994395135,0.46850575217420359,0.43490793255224602,0.0076046091122259352,0.05037326316880969,0.085136006765315686
03049000,0.139333377128464,S2,0.004889944868395335,0.010886800954430176,0.0088084711150900885,0.02042396662755519,0.45092038050932481,0.36878471832358978,0.32454109280209364,0.49320467858986494,0.43461414709973401,0.34720030496373105,0.042284298080540128,0.065829428776144228,0.02265921216163741
03049800,0.11634190936220901,S2,0.012780675147354537,0.0088502800783161195,0.0028471103304823497,0.0066677634800709207,0.52143125640950161,0.47706607163683312,0.32743502430538818,0.54959425521227256,0.52222424179131899,0.52927784266082745,0.028162998802770955,0.045158170154485866,0.20184281835543927
03050000,0.15896445715893401,S3,0.015029815781217759,0.014785365599874201,0.01545651507125545,0.013888855634391128,0.48626936588258263,0.41333636353042169,0.45434053819774711,0.51050244269144496,0.4193685927172251,0.43117473544951052,0.024233076808862331,0.0060322291868034061,-0.023165802748236597
03069500,0.19464463043211599,S3,0.0047547617999303959,0.024236373557390833,0.015525434582305375,0.027077008135314773,0.46226319814395744,0.40687920734011979,0.37826834366337719,0.46829667021347776,0.38905805708090985,0.37848572116899304,0.0060334720695203181,-0.017821150259209939,0.00021737750561584557
03070500,0.14472559244248501,S2,0.01278234052581495,0.0088144870311552825,0.011701052751915686,0.0094887558169610697,0.52217851668582105,0.52318352715148342,0.47817212953176214,0.55009743395737742,0.46109651576951016,0.46109651576951016,0.027918917271556376,-0.062087011381973256,-0.017075613762251973
03076600,0.18939550051741899,S3,0.0089299008991339246,0.0067587369502035699,0.0069084291212448967,0.0064690245434242399,0.49849976120698092,0.45725444751522804,0.50776514704756459,0.48619954456704761,0.44191693943250471,0.42421843878270804,-0.012300216639933303,-0.015337508082723328,-0.083546708264856551
03078000,0.194625437344426,S3,0.0060121195979419007,0.0095738013494637286,0.0022744295214753851,0.0039007359251351792,0.48450758604993521,0.35450010138860949,0.23536347115651574,0.49516286200327553,0.40842559607969747,0.37667601218989011,0.010655275953340315,0.053925494691087983,0.14131254103337437
03140000,0.089458478461506605,S2,0.010404765363529966,0.016163372693320577,0.0063811629800210046,0.0044215032594276948,0.49179699097320473,0.43666784146013571,0.36301356319211586,0.47103371488772849,0.40926016219438077,0.40160008440465811,-0.020763276085476234,-0.027407679265754936,0.038586521212542246
03144000,0.093602404857988694,S2,0.017684653209037449,0.026704347656677063,0.020854807880143267,0.02875452918588417,0.53458137340198841,0.42727976319673772,0.38056540729532917,0.50417921987499303,0.39693015570719831,0.36208931953171281,-0.030402153526995379,-0.03034960748953941,-0.018476087763616367
03170000,0.094558583623872094,S2,0.010370597069391807,0.00868855066066343,0.015585587701175352,0.020773921715820598,0.52231727223018376,0.48671056381563366,0.37899431946033801,0.50683366430649357,0.45059501390930123,0.35354851461950176,-0.01548360792369019,-0.036115549906332423,-0.02544580484083625
03173000,0.094200099357257303,S2,0.032071209422261049,0.025841239740418631,0.02574538827351347,0.039121782741043831,0.53662227248671346,0.43185955430087408,0.42760432059404574,0.53452859114740403,0.48722553710344096,0.43507200141576025,-0.0020936813393094278,0.055365982802566882,0.0074676808217145063
03180500,0.19530302328476401,S3,0.00143394352357884,0.001595615457146482,0.019651533473782901,0.017069492870589342,0.48471376831606117,0.39058525108816416,0.36515098076012342,0.48166763248803846,0.3673910927810155,0.33841388078663082,-0.0030461358280227113,-0.02319415830714866,-0.026737099973492606
03182500,0.17025308114365501,S3,0.013888528844010151,0.0073014936287091325,0.01257562696397041,0.014977845513426513,0.48655857824857474,0.40275192998731363,0.3734653429049769,0.51814392446694668,0.49621072927943172,0.40059867753013406,0.031585346218371946,0.093458799292118089,0.027133334625157157
03186500,0.1907316712122,S3,0.01085006389625387,0.011905314610973328,0.016882694869701398,0.0099075395607624017,0.51090167521488228,0.50944191613942724,0.51378612457451589,0.50700930350197049,0.50997866403123016,0.49897372129320305,-0.0038923717129117907,0.00053674789180291338,-0.014812403281312836
03237280,0.084730638123859794,S2,0.03114764874595477,0.029475596519312974,0.0087745901547987559,0.017242127782733707,0.48652202590656268,0.47487645615886498,0.49816816987478663,0.51131362325366181,0.44696695935436398,0.44696695935436398,0.024791597347099126,-0.027909496804500999,-0.051201210520422646
03237500,0.078710401691654802,S2,0.026554790271417716,0.044058227571038944,0.017602016706371737,0.023278138727308995,0.50581715801545735,0.44712947867102215,0.42339528093681933,0.52422890965527424,0.47079132741059804,0.50057656925754113,0.018411751639816898,0.023661848739575886,0.077181288320721797
03238500,0.074738531297333405,S2,0.011921249358190389,0.058786496218403927,0.019080602227373733,0.032921318234851449,0.50161486329653171,0.43216330951642273,0.33590384195489209,0.48104249969697532,0.40895249560061209,0.36492854377980821,-0.020572363599556387,-0.023210813915810646,0.029024701824916121
03241500,0.077946751954855398,S2,0.027591167516272108,0.026863971063570635,0.018779391894321873,0.025094987318043938,0.49047941233881942,0.40597719992204473,0.28103955177703643,0.49408197094161643,0.38427270033523808,0.22771042341922165,0.0036025586027970125,-0.021704499586806647,-0.053329128357814781
03280700,0.058446084784334301,S2,0.015604339720772353,0.03378236936437351,0.027741783633511652,0.034621791282737679,0.4771672844930403,0.41677706218163624,0.39253542374562267,0.51547340934359032,0.44717326126832008,0.39047695745511701,0.038306124850550016,0.030396199086683839,-0.0020584662905056561
03281500,0.044067880842997002,S1,0.010041307731497473,0.021135725860437993,0.016468665501312207,0.028578512393917732,0.5034205277551157,0.4140753725690266,0.39646152565827797,0.53042695141184182,0.45186251246817583,0.34875570721584837,0.02700642365672612,0.037787139899149225,-0.047705818442429604
03285000,0.0446468108120254,S1,0.0060213313793544554,0.013054773562490296,0.013391844199801106,0.018753532267822171,0.54454268325768673,0.45838040299786725,0.47349170638540533,0.53607410438572156,0.49940988825619376,0.47755025514761046,-0.0084685788719651711,0.041029485258326504,0.0040585487622051275
03291780,0.067368653261533101,S2,0.033807639117637178,0.039909628527769248,0.021337418555221532,0.02438018031498479,0.51277257944865817,0.47360080405260929,0.40592532501058398,0.51648534786702682,0.47635959753108037,0.41513494036770632,0.0037127684183686505,0.0027587934784710777,0.009209615357122336
03338780,0.072550319375576905,S2,0.021323297052971313,0.024556893742913477,0.048480361939924776,0.058570941432915413,0.47657289947337178,0.39424689024322501,0.36122530568978595,0.4713948848555885,0.41497039546474523,0.30955165648975735,-0.0051780146177832775,0.020723505221520222,-0.051673649200028593
03340800,0.073228668042685893,S2,0.073193715161629869,0.038514958282863998,0.032804757579764532,0.040711575221648144,0.53150933376936915,0.51579752061197093,0.49526929390750041,0.54849690074611401,0.48616811134472709,0.46895061781897396,0.016987566976744861,-0.029629409267243834,-0.026318676088526449
03346000,0.062106965296944497,S2,0.058869860804009799,0.083371769022933861,0.073792814328030865,0.084411205972216297,0.56917744302148598,0.54640207874399405,0.47009556413031067,0.55341752684383527,0.52010323769940792,0.45381644198984572,-0.015759916177650712,-0.02629884104458613,-0.016279122140464952
03364500,0.080417057581499404,S2,0.020934012119499856,0.044000740931311455,0.013829941877328888,0.032037303568893227,0.6156822485714154,0.53557312776780219,0.48345730345229532,0.58087098318423469,0.51556158091706628,0.37584894471137553,-0.034811265387180712,-0.020011546850735917,-0.10760835874091979
03366500,0.059067129172147001,S2,0.010785886103252706,0.027576378971943205,0.03821331841737774,0.058863943325436319,0.51792325748161772,0.44972635708243969,0.4432796052636459,0.52478811220199817,0.44584866424701558,0.44745190764395304,0.0068648547203804533,-0.0038776928354241069,0.0041723023803071357
03368000,0.067085866366636396,S2,0.012730352218402796,0.042648541811143859,0.037865643105012614,0.011436654021809378,0.49726409962702539,0.44316748113318716,0.39747424693640765,0.48772209384386578,0.45326601851993292,0.42578268337278868,-0.0095420057831596128,0.010098537386745765,0.028308436436381035
03384450,0.049672530624243601,S1,0.027615751933660615,0.023828484448340959,0.029080139463252719,0.011858517685642278,0.48364514148959853,0.52743831794346274,0.54017562622003079,0.49463074124034523,0.50385753788465759,0.43167793209736238,0.0109855997507467,-0.023580780058805151,-0.10849769412266841
03439000,0.037466091820604903,S1,0.0046598811387676964,0.015471803584040433,0.012363342903172536,0.015624426624956778,0.46576754953489824,0.3887884341369614,0.34430096108228714,0.47904012141368901,0.37496306227412918,0.34940135230899866,0.013272571878790773,-0.013825371862832225,0.0051003912267115203
03455500,0.077431416620489704,S2,0.020013738683863913,0.031535202994979805,0.0067072936863340482,0.012270713531700617,0.48592244353556524,0.38071504101463571,0.33780521724883195,0.48640318535274985,0.40931883132956298,0.41288029813443577,0.00048074181718460451,0.028603790314927269,0.075075080885603829
03456500,0.063873676649555802,S2,0.0042726227090364999,0.0024549386662725547,0.0047478431037573099,0.0048258336842716965,0.42740088436182627,0.34312425301950739,0.33193694895722214,0.43158052839020689,0.35363232608579498,0.31461915473046487,0.0041796440283806136,0.010508073066287593,-0.017317794226757277
03460000,0.077253343718732007,S2,0.0091611044819720489,0.0040997671654665613,0.0078129703074666379,0.0054147089528747694,0.42403758833529026,0.34891674567305153,0.368188765467238,0.41052928148709755,0.33121368914258892,0.30896875934626422,-0.013508306848192708,-0.017703056530462613,-0.059220006120973778
03463300,0.0849163900758962,S2,0.0063107843620269222,0.0035756307563985512,0.013210488841426615,0.022463068764644434,0.43741897277164199,0.37906457835210372,0.37215643619691396,0.45473850198209875,0.38748993687103256,0.34993080509424979,0.017319529210456763,0.0084253585189288382,-0.022225631102664178
03471500,0.083871169608870796,S2,0.010169490649543755,0.028664971415801377,0.0066214815887173373,0.012297625739659312,0.43369727788549467,0.28079432518916292,0.27779801534315829,0.44208628984152915,0.35807733067125019,0.35721626502758641,0.0083890119560344756,0.077283005482087275,0.079418249684428122
03473000,0.083266733051582498,S2,0.0043595314342753655,0.015113226764818743,0.0024268248768852807,0.0059356785949781221,0.39907166023579294,0.29071261401180654,0.24102372265728877,0.38860640746527858,0.28500885646354951,0.28402658828393623,-0.010465252770514355,-0.0057037575482570269,0.043002865626647457
03479000,0.090417123752087894,S2,0.023293241352732919,0.019204783040642326,0.010470940752423274,0.01898248673874714,0.49119505643850569,0.4331258376445003,0.3419832753012777,0.51066023334208199,0.39156785142847883,0.30354553711495558,0.019465176903576298,-0.04155798621602147,-0.038437738186322123
03488000,0.081549051514082205,S2,0.016195254032546513,0.013122545335646385,0.018069014398710559,0.024335388603270114,0.50716056222136363,0.43764666226473781,0.4855982392954491,0.5140741100672257,0.4169105433745956,0.42581299089297353,0.0069135478458620669,-0.020736118890142208,-0.059785248402475566
03498500,0.034370778926631498,S1,0.011098286951464309,0.012430901904711966,0.0086042248517221864,0.012810831717724125,0.42199563193595913,0.28236391110372744,0.25241707521963563,0.43745759400000145,0.29144214721258682,0.19600333477197454,0.015461962064042323,0.0090782361088593833,-0.056413740447661093
03500000,0.029248917912040599,S1,0.0029926687648201833,0.010531435468572159,0.0029938664106625712,0.0056730425798352524,0.37489178390814965,0.27752614724379909,0.31298249214531237,0.36134579271949097,0.26771701494466377,0.26848111342639042,-0.013545991188658679,-0.0098091322991353258,-0.044501378718921958
03500240,0.029394718558517,S1,0.004647267398725452,0.0062945882886887849,0.0063219431053096464,0.011739282412815855,0.469223256849232,0.44620494698226443,0.44904184100971667,0.4722982090612784,0.43763803844140925,0.43032442257550479,0.0030749522120464001,-0.0085669085408551782,-0.018717418434211874
03504000,0.058991229141726297,S2,0.003010349292918324,0.0032099465854579234,0.0022663728141096851,0.0062510338868261295,0.4403900127572129,0.33829093226173912,0.32809930188064601,0.43245818080270315,0.29695452481737578,0.28443521691089152,-0.0079318319545097493,-0.041336407444363343,-0.043664084969754491
03574500,0.0200681785915394,S1,0.021154989578078709,0.025896878740582108,0.012330912729124677,0.026870254062594801,0.51156161479012474,0.44625657773840871,0.44962167556787619,0.49617898913226754,0.43475516117176355,0.3607414151672555,-0.015382625657857196,-0.011501416566645162,-0.088880260400620692
03592718,0.014910912031414401,S1,0.020530186344280277,0.024808446555618535,0.024277017198045314,0.020385912132964812,0.47872290678516882,0.39911722022337925,0.3119914360456294,0.46442819331277702,0.3500591986007176,0.31136667677790036,-0.014294713472391807,-0.049058021622661652,-0.00062475926772903589
03604000,0.025599076093284399,S1,0.031669850312535885,0.015249555206973242,0.011442732924265564,0.0286789887359028,0.57439970386611616,0.53502917027260999,0.51768034439776422,0.550183896886973,0.52477329973721121,0.46089090135983629,-0.024215806979143162,-0.010255870535398781,-0.056789443037927934
04015330,0.19607939008931799,S3,0.016100576746851614,0.010792467906603598,0.017649647944629643,0.027288427247799896,0.56759080113773219,0.48912738249336368,0.47663541447174368,0.57866987608408604,0.59945133473687884,0.61943401040000523,0.011079074946353851,0.11032395224351516,0.14279859592826155
04024430,0.16086675873940001,S3,0.029913253084459468,0.018708986597224753,0.011073299908015533,0.014543533690920429,0.50637703630758202,0.40640902454647054,0.40018501614022423,0.4992658051413521,0.40956231119778674,0.38754704626147174,-0.0071112311662299144,0.0031532866513162006,-0.012637969878752486
04027000,0.23500008473092299,S3,0.0094445613247754467,0.0085238459597252181,0.0079495898260922848,0.0090941873209610113,0.43436442495357913,0.31115104416479145,0.27461048183273512,0.49433024621281418,0.44279020450046486,0.4150969047563326,0.059965821259235053,0.13163916033567341,0.14048642292359748
04040500,0.30960760043406699,S4,0.0069265160196789188,0.0089833404579345855,0.0072053676213978957,0.013873876910718508,0.5185636971806491,0.48820925880242261,0.44294877279171019,0.53021203263054528,0.50724080932531201,0.53204056837566494,0.011648335449896186,0.019031550522889407,0.089091795583954747
04043050,0.299401075000363,S3,0.0067755233589998354,0.016576361946794849,0.0028594818192576588,0.037924814447291566,0.49365300415110874,0.42133731727584434,0.48229123248084249,0.62474464868224611,0.61795213084280654,0.53082070420657734,0.13109164453113736,0.1966148135669622,0.048529471725734852
04045500,0.30007981527701799,S4,0.019155558800033556,0.015586116475243994,0.0051758330404223507,0.01734892980546987,0.50257213043349136,0.3529596382791016,0.34972954257059441,0.57831056222513566,0.49445997350037313,0.46040064619327303,0.075738431791644301,0.14150033522127153,0.11067110362267862
04057510,0.25313469288636897,S3,0.0068251764541177318,0.010094472803313992,0.022454109627222052,0.031989711496531625,0.44972360230850822,0.35037502105715729,0.34760025514934867,0.52187592841813246,0.54042140306086339,0.47332670511738573,0.072152326109624243,0.1900463820037061,0.12572644996803706
04057800,0.33424673648474801,S4,0.0072669026221882649,0.0067631767190724501,0.012279977869528502,0.016142053699378711,0.45183969980907562,0.39249166022169235,0.39870343061327151,0.47678414763352173,0.4766292859359606,0.45131380610653943,0.024944447824446103,0.084137625714268249,0.052610375493267914
04059500,0.235319790957285,S3,0.020020675473089389,0.0079591685358366693,0.0079498931793570149,0.016168694735925415,0.44187857154203991,0.35248520018559726,0.3011312462676507,0.52487149998880667,0.4929182913927424,0.54023557363930652,0.082992928446766756,0.14043309120714514,0.23910432737165582
04063700,0.21196610998486901,S3,0.00043512556436331451,0.029173930800384218,0.022964249000663406,0.019783053096148695,0.42280756345808229,0.35925041637228861,0.32834514944963711,0.51996290587380289,0.42672556488253871,0.40303982508590458,0.097155342415720602,0.067475148510250105,0.074694675636267471
04074950,0.20327298331476901,S3,0.011709052403172326,0.015565270713457924,0.063055767339515345,0.060996128877927935,0.45658376281594293,0.38964361993227492,0.32136913454767613,0.49825671150058037,0.4228333015618978,0.3755796038648484,0.041672948684637445,0.03318968162962288,0.054210469317172272
04105700,0.15457894366362401,S3,0.0085842267349038881,0.016061820775702618,0.025683657404117377,0.07793609575953786,0.37346191676069651,0.3216164944082448,0.32900684941789132,0.42636460915751007,0.39497608628506742,0.35057007047781802,0.052902692396813555,0.073359591876822616,0.021563221059926696
04115265,0.17692366303835999,S3,0.0029070339469503548,0.0083352996635664978,0.010708811874413859,0.018508898424028919,0.43946351032155451,0.35751002014282335,0.30756191116093784,0.45872411211391828,0.36443973224233661,0.36371545054244447,0.019260601792363774,0.0069297120995132633,0.056153539381506634
04122200,0.175430988197981,S3,0.0086586612903649662,0.025375029680496652,0.01811245502446579,0.01550055122707128,0.38242653903940671,0.36262063127367727,0.26967368504062622,0.42316534942073031,0.43660387826848257,0.37365937368459634,0.040738810381323598,0.073983246994805296,0.10398568864397012
04122500,0.18431791306315101,S3,0.012144657547928595,0.0126435421315928,0.050970226635074001,0.045187923537415964,0.45831267867456837,0.38686041115365899,0.39043042389048893,0.4527001685191594,0.4186340847105488,0.42232530897581044,-0.0056125101554089785,0.031773673556889814,0.031894885085321512
04127918,0.29025406037326201,S3,0.0079004253226209742,0.014516968777020689,0.0036457521564582374,0.0077816514581556806,0.4619682251488274,0.39093895497943459,0.41214110065485254,0.53125205718100155,0.48423189419721163,0.45218127996981794,0.069283832032174142,0.093292939217777038,0.040040179314965396
04127997,0.26806161510467302,S3,0.0076540219600986781,0.036570664740824821,0.030744832515541609,0.04907010560348346,0.46767801185875335,0.33547484759596613,0.17647745519849459,0.48022814789796087,0.43706367292964549,0.42926798405714817,0.012550136039207516,0.10158882533367936,0.25279052885865361
04161580,0.15767314702308599,S3,0.019718905913831852,0.0035854026372975634,0.019522972835064101,0.016312709281229187,0.45681883472050933,0.47401530149793597,0.45415302978151639,0.52225495792950127,0.5253597453901937,0.50029497722138783,0.065436123208991948,0.05134444389225773,0.046141947439871434
04185000,0.12520344899268601,S2,0.015435292190099537,0.036919125401261521,0.0097719071638578958,0.01088338278280665,0.46059235634096607,0.42755225895875226,0.39036311538392521,0.46575394899815392,0.45055569660228151,0.4274280843104441,0.0051615926571878523,0.023003437643529245,0.037064968926518893
04196800,0.099311648741759004,S2,0.038199638994648066,0.052640415418372388,0.031101886954877256,0.08436231124314908,0.44475395447494825,0.31760871147297798,0.29469292085009002,0.44840481212162853,0.34656068749509383,0.31342526479177568,0.0036508576466802722,0.028951976022115855,0.018732343941685659
04197100,0.11186376081024101,S2,0.007341648780500809,0.0086688571417944393,0.0047912857606668968,0.0077708634082352956,0.43296390976731453,0.34041753145135323,0.41746119084923938,0.43289566366729065,0.37106451876734431,0.38762937384446972,-6.8246100023872103e-05,0.030646987315991081,-0.029831817004769667
04197170,0.10758495614117,S2,0.013290758228645116,0.04235356229695364,0.0071885893686062241,0.03952865899170499,0.4149151826036438,0.38117676982951176,0.30941956276487614,0.43014284485142762,0.39396838917509369,0.33052321997646666,0.015227662247783824,0.012791619345581928,0.021103657211590521
04213000,0.16222733846553899,S3,0.017995248984903567,0.020937693515868383,0.01218172486720781,0.025360653086583862,0.48680381561928454,0.4290609344687204,0.41324518746469285,0.49121573284239656,0.4292132508997889,0.4502287416931513,0.0044119172231120163,0.0001523164310684999,0.036983554228458448
04213075,0.16065507084862399,S3,0.0054345873398500277,0.0041464217119726587,0.0094884874256708773,0.014428238104332358,0.491389795515148,0.39612376238596897,0.33324980886842326,0.49788047776490274,0.41297088529742576,0.37282388692138652,0.0064906822497547423,0.016847122911456791,0.039574078052963257
04216418,0.22539387678926401,S3,0.002027565755306493,0.0054078799442623948,0.0035181957235855821,0.0037876648873405028,0.46811815563902492,0.33367881701653274,0.34783451409659782,0.44794098426659434,0.39262556655708147,0.34898802845625898,-0.02017717137243058,0.058946749540548737,0.0011535143596611563
04221000,0.20721475316622401,S3,0.01139431879923003,0.027051963390264833,0.014259889262411174,0.030306253404914885,0.55183607309047789,0.46591521439406214,0.45498370010125544,0.58330796635091853,0.50392903035129888,0.47210671110759406,0.031471893260440642,0.038013815957236741,0.017123011006338618
04224775,0.20465019058735701,S3,0.0096565841642359818,0.0062990435305467773,0.015754164271195581,0.029008424689102252,0.50775817796146605,0.48014780021260223,0.37101681317391877,0.50840738087509596,0.446739521473834,0.4135703916227782,0.00064920291362990934,-0.033408278738768227,0.04255357844885943
04233000,0.16953232937769699,S3,0.004540345949115121,0.0092814082530171538,0.011083849896512565,0.0078357389119598775,0.48975739306743182,0.44186091893952545,0.35813735230602378,0.52225185336048474,0.48031384789048887,0.53134886778654322,0.032494460293052918,0.038452928950963416,0.17321151548051944
04256000,0.27970358450698901,S3,0.0070825165885330943,0.019334814288411106,0.0079740589178003418,0.017285472925231637,0.52657787290836144,0.47932586883913847,0.31179537869830959,0.53959513202532217,0.47614159267403838,0.49708536161541594,0.013017259116960722,-0.0031842761651000862,0.18528998291710636
04296000,0.27331782642230701,S3,0.01600930415786217,0.0015033098439065085,0.0024242905422214855,0.0030551977040337297,0.41808540489969054,0.38075320261208234,0.40843879350493606,0.53761695978550739,0.53178616191387851,0.52422197677056381,0.11953155488581685,0.15103295930179617,0.11578318326562775
05057200,0.141789208175196,S2,0.035936555621747801,0.049330253951123226,0.012012068472312398,0.016835208609412566,0.48513727802100226,0.43288068587605388,0.44003299246554906,0.51737622976626718,0.57309543654680895,0.58957292667627004,0.032238951745264921,0.14021475067075506,0.14953993421072098
05120500,0.19176626992326001,S3,0.15695926910298885,0.01282911142937454,0.091848515008955411,0.037987125958810597,0.45201166164562706,0.41598319771498454,0.42719954561907858,0.41917759090047157,0.40138550965372671,0.43091719569607217,-0.032834070745155486,-0.01459768806125783,0.003717650076993595
05291000,0.14887450091553101,S2,0.11457293775000355,0.06514047667051881,0.038961285948456381,0.050212073066783991,0.43147048890060469,0.37132885663904941,0.3975831245190462,0.44945065631580505,0.36406967813323321,0.3427885665145069,0.017980167415200365,-0.0072591785058161995,-0.054794558004539307
05362000,0.174430982504896,S3,0.017786652344075504,0.011403014296135439,0.012447298992342315,0.01886606338986152,0.48340313623716152,0.42400010332895921,0.32948272750877605,0.48336220358159615,0.39951862890060863,0.43400487298209034,-4.0932655565373288e-05,-0.02448147442835058,0.10452214547331429
05393500,0.19616986570514999,S3,0.0080103372760602642,0.01779157484286964,0.011161394011827475,0.01644558478370739,0.52589418701090596,0.43641581070660718,0.37688410712699483,0.51140942072003415,0.4070309998980382,0.39761733741248823,-0.014484766290871809,-0.029384810808568973,0.020733230285493398
05399500,0.15695825592339699,S3,0.047822177714844205,0.038240339192166073,0.023687065527225437,0.013973597871086096,0.49213894208273135,0.51083465290192276,0.46225585022171389,0.49117161705068368,0.51484949048385387,0.54052343627909305,-0.00096732503204766118,0.0040148375819311077,0.078267586057379157
05408000,0.140156645371,S2,0.0093802815722657806,0.018535115157185977,0.032594819067443437,0.0615453390576296,0.45862358953911864,0.29080856130671628,0.3255280839496737,0.46942017161714389,0.39602984881429315,0.40052828269598822,0.010796582078025252,0.10522128750757687,0.075000198746314528
05413500,0.124159245932601,S2,0.022866404631787463,0.024685800430672034,0.063312589885335169,0.043157168174876692,0.46435072637987057,0.39602544876471002,0.33266259220855082,0.47216760601097524,0.39630572537047698,0.2983350166509674,0.0078168796311046673,0.00028027660576696034,-0.034327575557583423
05414000,0.12354229376961599,S2,0.068532651030600911,0.054567072228938529,0.01924457927616241,0.017148772359351083,0.43954716609745559,0.35197624779016906,0.22894445679436443,0.45617346245441459,0.36935400442554167,0.30448626426031056,0.016626296356959003,0.01737775663537261,0.075541807465946131
05444000,0.113352332875094,S2,0.011165473274493798,0.014045743455141757,0.036199841985771419,0.06685666499405063,0.46616136711216793,0.36296435632344554,0.22007172411489639,0.51860764985720897,0.36555821593626847,0.27552756480261403,0.05244628274504104,0.0025938596128229352,0.055455840687717639
05454000,0.102381239516297,S2,0.039687273190420091,0.040184117114457907,0.053567923862830158,0.040677949909015854,0.55209043499653765,0.46648367961590664,0.47465629749623411,0.53012120336012047,0.46187790822231101,0.53748031926816509,-0.021969231636417175,-0.0046057713935956368,0.062824021771930971
05458000,0.122540965691067,S2,0.017825564277999306,0.023323397075736607,0.020379161877245422,0.037148746834382185,0.44969354609412571,0.37609867642097539,0.32710059164197619,0.43708030083504745,0.37120425025663273,0.3482181432903495,-0.012613245259078254,-0.0048944261643426579,0.021117551648373312
05466500,0.107102802145215,S2,0.014635125108435787,0.018919436219424934,0.0067016054565053329,0.012323289146887073,0.49790876730723177,0.46332962559807289,0.42940575723369756,0.49718577108277989,0.42160029783870334,0.43326779542991656,-0.00072299622445187728,-0.04172932775936955,0.0038620381962189976
05487980,0.096451916764193804,S2,0.040859252963708403,0.09029881555816377,0.081545087972010322,0.068962572916714815,0.50923325822880727,0.43388545341423268,0.41906086833794332,0.50466395360884353,0.45956402354274084,0.31880948080973381,-0.0045693046199637433,0.02567857012850816,-0.1002513875282095
05488200,0.10182137585369,S2,0.051660179427578501,0.039163120704172272,0.062360740196186204,0.096866876529026369,0.5003878615130114,0.46417361430250798,0.38920276240028279,0.47511931322177525,0.43310036773166327,0.39566154493331029,-0.025268548291236148,-0.031073246570844704,0.0064587825330275073
05489000,0.097742468170802801,S2,0.086179745184174261,0.072702046552310495,0.011095153237971611,0.048188683126194398,0.46156139367881022,0.33346475146835636,0.35997132811357757,0.47585453515351522,0.48934631954458152,0.49014868856054333,0.014293141474705007,0.15588156807622516,0.13017736044696576
05495000,0.096562358958928798,S2,0.023410720396270124,0.028218253418338612,0.034837602036449922,0.073906715694690872,0.51401753330589073,0.4797244533055765,0.48962304569385773,0.50245650790681484,0.41145032701436662,0.41145032701436662,-0.011561025399075886,-0.06827412629120988,-0.078172718679491104
05495500,0.075832497098455603,S2,0.028599223260586171,0.056071336419123208,0.01216448689424221,0.042675519583516008,0.55286345078895383,0.52603334098732124,0.5010930120707674,0.55262134294758081,0.46036763419348609,0.46036763419348609,-0.00024210784137301822,-0.065665706793835155,-0.04072537787728131
05501000,0.080596593308346703,S2,0.014052364544606677,0.022689615346813019,0.052581510779110885,0.056195592640223335,0.52203250610893914,0.54754383886660096,0.59094007404439464,0.52635063816547745,0.49564720588142319,0.51619939789376723,0.0043181320565383041,-0.051896632985177771,-0.074740676150627405
05503800,0.083284385798275407,S2,0.020816526559077952,0.043739133150130782,0.066575145785943146,0.013958864314239428,0.45920613352314965,0.4612789948050352,0.34231899440112379,0.47490393595498881,0.42019856459501803,0.34243958360228466,0.015697802431839158,-0.041080430210017171,0.00012058920116087002
05507600,0.074263389299809704,S2,0.01135917359407479,0.022833459301001779,0.012070865339844694,0.013534413606923645,0.46497290974440764,0.44443780623110318,0.48050095957046474,0.47964168772222948,0.41129054594492359,0.38022282531248841,0.014668777977821845,-0.033147260286179592,-0.10027813425797633
05508805,0.075793058486454998,S2,0.02657190025075562,0.029958014215833995,0.024698633757869626,0.020162447662023131,0.44097895956919175,0.45175563761123061,0.35921355130728605,0.44808004640587773,0.47787847800927508,0.51776080879131947,0.007101086836685977,0.026122840398044467,0.15854725748403342
05525500,0.0775662992910571,S2,0.013482354581588529,0.016711774154375303,0.030531672147245947,0.020912054290365689,0.50461827922965952,0.45720300644410755,0.43110013717502405,0.52365593467491733,0.50644707738475003,0.43266170539716708,0.019037655445257817,0.049244070940642481,0.0015615682221430394
05556500,0.10698781455937301,S2,0.013083230844613714,0.0205775783818265,0.014326412417230205,0.018478050541975044,0.41937068079639361,0.3613264580866094,0.30795946616400932,0.45517410389629964,0.37458908348900333,0.3605850386838817,0.035803423099906029,0.013262625402393924,0.052625572519872377
05584500,0.086476558666704201,S2,0.030459557773232171,0.042794003431008587,0.044380374696846303,0.043210144668395456,0.52906786650642812,0.40827176694865253,0.34496811687270668,0.50821552210923826,0.40074134321981592,0.38555432714666787,-0.020852344397189859,-0.0075304237288366105,0.040586210273961199
05591550,0.069251605496358504,S2,0.012654300539652552,0.02110953522385306,0.0086992656030426829,0.031298896092549433,0.53540100208182007,0.45201294276912118,0.39059610236282305,0.50914947860759996,0.47028623652012064,0.42056717735390065,-0.026251523474220106,0.018273293750999453,0.029971074991077595
05592050,0.074088928749531296,S2,0.0090660871359838913,0.050171758526826982,0.047079432306824431,0.060321834087841752,0.51425182957077986,0.49180185397601933,0.46547592074443456,0.53383312885249912,0.44921449655536816,0.41660966409174549,0.019581299281719255,-0.042587357420651173,-0.048866256652689066
05592575,0.063880192405021505,S2,0.03185750846516644,0.0081261734248038175,0.02194352457048443,0.026658564893087933,0.47584507622647421,0.46875176478596059,0.49348939896755661,0.4921960582692762,0.46995378500437079,0.46995378500437079,0.016350982042801998,0.0012020202184102047,-0.02353561396318582
05593575,0.0547473552431735,S2,0.034360687573129489,0.014404526040671328,0.024840046518255887,0.013078369237621623,0.45826008394025253,0.45358058288593317,0.5237040493440237,0.47090516103915736,0.46571742670873295,0.48938277299467192,0.012645077098904833,0.012136843822799781,-0.034321276349351781
05593900,0.073433925873910497,S2,0.042796558220679071,0.015622533454378584,0.059473466205352543,0.033970832999351996,0.47847494624152997,0.47598038675800913,0.45517960973427662,0.48083663204464161,0.45328596931652004,0.4915771566505216,0.002361685803111635,-0.02269441744148909,0.036397546916244972
05595730,0.056671646693579998,S2,0.032091039992997228,0.050717156933338114,0.048399968625100764,0.023381336913549378,0.50333336226608305,0.35829727106230713,0.31037813179650237,0.48424221242921389,0.44911804040740622,0.44911804040740622,-0.019091149836869159,0.090820769345099084,0.13873990861090385
06221400,0.71482675240544402,S5,0.044003273018348388,0.0575887491927565,0.022710069037422009,0.0462191162119725,0.45201837646673287,0.32049776214203551,0.29128308512726797,0.49274585152273975,0.44856335529196267,0.39199166757485532,0.040727475056006879,0.12806559314992716,0.10070858244758735
06224000,0.69390135093610406,S5,0.020558807461414252,0.015782659589555215,0.030046227345817744,0.046732346684784543,0.39211316384621719,0.36883668693639604,0.44941193157221515,0.49063755089373606,0.4891844065295019,0.45972338375180327,0.098524387047518869,0.12034771959310586,0.010311452179588121
06278300,0.73286223533475703,S5,0.037173502633805033,0.023435979489974224,0.020700343738540017,0.0048667788698860681,0.57306851025613104,0.6105730559532816,0.45228186444893209,0.62909267795061619,0.66592100132476029,0.64520446542892351,0.05602416769448515,0.055347945371478691,0.19292260097999142
06280300,0.66677348891514598,S5,0.078354157112918044,0.060653565455618202,0.0052360237417894417,0.0051422193728565269,0.52430560769874168,0.44952923247528154,0.40649120452753895,0.58696751905936217,0.56657358727577234,0.56657358727577234,0.062661911360620492,0.1170443548004908,0.16008238274823339
06289000,0.58364280643004396,S5,0.031860168396833255,0.0083304362186348846,0.021972458363250458,0.038604552829630601,0.41034991647026969,0.39775688145212568,0.33747101050166006,0.50215391647435248,0.50743537216497359,0.53346334121027594,0.091804000004082786,0.10967849071284791,0.19599233070861588
06291500,0.40477281669443099,S4,0.019963817391753902,0.018784431010447022,0.012136097384317313,0.008187506758374874,0.46683229232935708,0.39185400801740167,0.33066925789528301,0.50446272362028366,0.48513196743931314,0.48083128772455319,0.03763043129092658,0.093277959421911472,0.15016202982927018
06311000,0.57382796016243998,S5,0.0038835197509551334,0.0051586666730766839,0.014930681607627783,0.01310724226111748,0.39709889925952552,0.36493070334610467,0.37615546111682929,0.52370268394467479,0.524902929765245,0.43229199754525455,0.12660378468514927,0.15997222641914033,0.056136536428425254
06332515,0.17391461539417499,S3,0.026907584339414148,0.042949118035444989,0.018447550928931689,0.030842627642404752,0.53071824887605101,0.47872241124268122,0.44994130233049362,0.5344825737327521,0.53545640024474783,0.54376176273077492,0.0037643248567010845,0.056733989002066609,0.093820460400281303
06339100,0.16034927400429499,S3,0.034781433113852234,0.02416809200092776,0.014802151110548389,0.018129575594173553,0.54106112153789432,0.4888102996598504,0.48289128017116145,0.55828335448612432,0.55419709206458012,0.53580912841260542,0.017222232948229999,0.065386792404729721,0.052917848241443965
06344600,0.16262403328986699,S3,0.025037144795140243,0.014818004034635346,0.046672687053907869,0.0419123975966047,0.516260106077986,0.50679016986946646,0.50926476925605701,0.57149225156950001,0.55569259306548635,0.56158467641176735,0.055232145491514006,0.048902423196019895,0.052319907155710332
06350000,0.16491332783033799,S3,0.091062094174607477,0.10074752450892893,0.034400796742136197,0.036547592576359922,0.54851492551567071,0.44524842996979985,0.43462350966121432,0.53575860396781827,0.54759882620645317,0.53490959308664998,-0.012756321547852445,0.10235039623665332,0.10028608342543566
06352000,0.168403955596369,S3,0.075417252541184809,0.014192525488437635,0.052398255704717678,0.045711696388445966,0.50395513313651819,0.48171472331685838,0.4477964984780648,0.54052059997229551,0.51487047170114275,0.51459646455467256,0.036565466835777327,0.033155748384284367,0.066799966076607764
06404000,0.191294358675479,S3,0.028677636967981535,0.050756151354446333,0.027325374496822485,0.046710367094189853,0.46105745679867882,0.39999472915894541,0.45796442062480869,0.4591683719381775,0.38244823221607438,0.37665597325076061,-0.0018890848605013222,-0.017546496942871026,-0.081308447374048076
06406000,0.16783287835102101,S3,0.013615040635130859,0.03598081186863844,0.02047553590250939,0.02104779459463002,0.42340766159774468,0.31502759878285502,0.26542780608522254,0.41623916617946399,0.31601954386539144,0.31601954386539144,-0.0071684954182806848,0.00099194508253641622,0.050591737780168899
06409000,0.34333717661180801,S4,0.043149380512037316,0.1506136614620377,0.037641193592115152,0.060066409057522585,0.56470547482804667,0.50017580584233023,0.48508015978762442,0.5332109023451348,0.46344438182066289,0.49320583373414262,-0.031494572482911876,-0.036731424021667347,0.0081256739465181971
06431500,0.36993144167526998,S4,0.044287542028320082,0.068259807460020694,0.02398218550485598,0.008660631225625659,0.50063859422040657,0.41240574083975318,0.43139962921346953,0.50534584515868519,0.53511675204514819,0.53511675204514819,0.0047072509382786176,0.12271101120539502,0.10371712283167867
06440200,0.14080585013704799,S2,0.055826060394313259,0.071483839901597013,0.03146327685907846,0.039045930651242067,0.39046354216595913,0.30088513596081462,0.2532028247785772,0.38501076250263611,0.33685222963332795,0.22730025228784245,-0.0054527796633230263,0.035967093672513328,-0.025902572490734743
06447500,0.15564917641478301,S3,0.042485566449132484,0.026513985266808593,0.016604142803939681,0.01447910290505372,0.46270589744319313,0.41261493525936671,0.34562855366134071,0.48097099943559729,0.44427136520795535,0.37015796143630914,0.018265101992404165,0.031656429948588638,0.024529407774968426
06470800,0.14718946482150999,S2,0.083691730369318595,0.031072182000105586,0.080978113038632671,0.039105568209405472,0.48074414121563258,0.39859005520692331,0.41505485781521279,0.50317657796278525,0.44060040464677469,0.43114282901186107,0.022432436747152673,0.04201034943985138,0.016087971196648287
06477500,0.13238112465899399,S2,0.23033871049505428,0.25597512503314956,0.22058588230675757,0.21873395479295676,0.49279217711018281,0.51979636446058219,0.38471267630087369,0.49484034428533474,0.44635140212161334,0.38824002419532677,0.0020481671751519381,-0.073444962338968856,0.0035273478944530812
06479215,0.16475142232179599,S3,0.039644482148866955,0.10751577156881503,0.054937625604098428,0.03410831533492853,0.4861918264928371,0.41378373099359578,0.37401155033273781,0.5870143253650153,0.60599295120885255,0.60731915175104634,0.1008224988721782,0.19220922021525677,0.23330760141830853
06601000,0.105879368005318,S2,0.011033895487417067,0.021148084824227809,0.0074268644656105831,0.014707767289517171,0.53464114342703284,0.42205276104058131,0.34675996137300691,0.52427095003537927,0.57676576880126207,0.57676576880126207,-0.01037019339165357,0.15471300776068075,0.23000580742825516
06614800,0.76047673809198701,S5,0.0021238363121545145,0.0036896779386074718,0.0023107632045780147,0.008589114946017995,0.5502299763993248,0.50676081503022141,0.55966041853983173,0.62033240725685479,0.63091309521104499,0.64280011372182078,0.070102430857529985,0.12415228018082358,0.083139695181989048
06622700,0.717691988588396,S5,0.048701506109182779,0.022255778809950805,0.0072424000783891662,0.0086443820971255914,0.44038532820231946,0.41929724916954808,0.35271535574135848,0.60609411886763542,0.55950033187570902,0.52127475453067051,0.16570879066531596,0.14020308270616094,0.16855939878931203
06623800,0.75393560905957202,S5,0.079759465058484857,0.096009913909212985,0.0059183416484521745,0.0038619109363567938,0.49813967955919247,0.39747627714098155,0.36307858939936483,0.55002454123344968,0.47995943278991604,0.49668794451814818,0.05188486167425721,0.082483155648934492,0.13360935511878336
06632400,0.74451186962064497,S5,0.044521915097506914,0.058262297250679357,0.01520064105838137,0.014741496080267424,0.46445942320198752,0.38618707027593069,0.31910124601893586,0.49756910873876226,0.46754961022593328,0.44509358163305357,0.033109685536774736,0.081362539950002588,0.12599233561411771
06746095,0.72874428949206904,S5,0,0,0.028856577723708532,0.018328339353673284,0.28097994593859155,0.25112083961077669,0.22775460757532612,0.56410011268408677,0.50604363690011378,0.52059276503590712,0.28312016674549523,0.25492279728933709,0.29283815746058101
06803510,0.094047593498377699,S2,0.027624181621830557,0.019737853513921877,0.035739712094463028,0.034757361603829806,0.38912692195114668,0.35551983998723402,0.41020221183162314,0.4284737986456289,0.38340780229319238,0.37319807209802314,0.039346876694482225,0.027887962305958358,-0.037004139733600006
06803530,0.099195857766623693,S2,0.070474731192632256,0.062427576930288664,0.055385216702173223,0.03925953359697254,0.50476664902098112,0.4560490557741248,0.46301667297826821,0.5070413997213099,0.49670931905499871,0.43953284699407502,0.002274750700328787,0.04066026328087391,-0.023483825984193185
06814000,0.090284208845601094,S2,0.034162356314566322,0.029557148763096008,0.067259606011860318,0.065278313213240846,0.50497927070126436,0.51157394579592352,0.42255123897165103,0.53386224704967788,0.53319796225828808,0.53319796225828808,0.028882976348413525,0.021624016462364559,0.11064672328663705
06847900,0.102382584534704,S2,0.051953388799751365,0.014577115835533755,0.070174613997083801,0.041275769348022073,0.42332887451985612,0.41697778326725149,0.44683777413423476,0.44125056715349348,0.50212580353480962,0.50145865957459945,0.017921692633637354,0.085148020267558133,0.054620885440364697
06853800,0.10413574193330501,S2,0.036764000878504954,0.04193920920327443,0.014812714331141064,0.023426971874772162,0.46897092082378083,0.45102299269603163,0.38916805525071219,0.49379481372523737,0.42551448809419162,0.32667551611705725,0.024823892901456535,-0.02550850460184001,-0.062492539133654934
06876700,0.079611385421626199,S2,0.031280292924392272,0.023477615222586956,0.025437393436792854,0.038223022925819472,0.44655284120733729,0.40950486686683885,0.44754410514223952,0.47284469187707312,0.42812537373182596,0.43516354408923563,0.026291850669735828,0.018620506864987119,-0.012380561053003891
06878000,0.072786712138281195,S2,0.036720310691367164,0.025894710269486088,0.059328508586456885,0.055597005208547934,0.49498703777744091,0.44620399856672349,0.43995659270962068,0.49134890453581193,0.47165115133988428,0.47929064161255081,-0.0036381332416289824,0.025447152773160786,0.03933404890293013
06879650,0.067249733519004803,S2,0.014838479145036665,0.029042977590548968,0.0097046529123812064,0.0077276331311597612,0.48829759871937417,0.41939741216217685,0.3590850778803748,0.49566732780553158,0.40187880513571039,0.32467498942778472,0.0073697290861574061,-0.01751860702646646,-0.034410088452590082
06885500,0.084298726218757197,S2,0.030323219116235034,0.054009767117602747,0.028785696130971372,0.014888251980628264,0.5160987884077306,0.45636696550281042,0.39876708382533332,0.51356275517411576,0.46111689217686236,0.45191013275849168,-0.0025360332336148428,0.0047499266740519408,0.053143048933158354
06888500,0.070371965584880597,S2,0.041998535571786122,0.056617371266123317,0.03197425771641571,0.076087861305240256,0.52728952513445726,0.48244334985157578,0.46604693222822469,0.55051998279862024,0.486338161115073,0.486338161115073,0.023230457664162985,0.0038948112634972221,0.020291228886848311
06889200,0.071615249614107798,S2,0.042705317500675744,0.074833034085181271,0.045352595325692024,0.040774535622476349,0.52332404519821218,0.52969872234685011,0.54925700405269873,0.49489844239021563,0.49513255851597171,0.51650781974325422,-0.028425602807996553,-0.034566163830878405,-0.032749184309444512
06889500,0.069599735811631994,S2,0.034343220055957024,0.075924031146649917,0.029236752534024135,0.062232274668648113,0.54192541267259142,0.517502385280875,0.52513348917879865,0.5370084799213255,0.51132979761885511,0.51132979761885511,-0.0049169327512659233,-0.0061725876620198905,-0.013803691559943543
06892000,0.071517824945699096,S2,0.014118347230831829,0.010176441418052962,0.027539886418607828,0.072707807731732133,0.49496013013581341,0.45109027196281237,0.42789563907500466,0.51228320653283865,0.43394768885673202,0.44820519389624247,0.017323076397025239,-0.017142583106080356,0.020309554821237807
06903400,0.097926267850113602,S2,0.083145992312956163,0.037743739960423794,0.056301974521209219,0.078545104039031366,0.4838122120473155,0.47479229874073964,0.40207835188216479,0.47207913567094828,0.44425419793170562,0.36205309952815717,-0.011733076376367224,-0.030538100809034019,-0.040025252354007612
06906800,0.0604504736826071,S2,0.053298759210112068,0.051684867002243173,0.036653890711207504,0.0093703795729811468,0.42590224844576691,0.42735197427979976,0.42252403888963985,0.4304696525620042,0.47622887309635592,0.47622887309635592,0.0045674041162372947,0.048876898816556158,0.053704834206716068
06910800,0.061306635809200302,S2,0.040319812660547849,0.044180237063048078,0.022577608699151375,0.062946948908066069,0.4259733169348926,0.43462746939126262,0.44686904079546719,0.4185353836141274,0.38857038029019919,0.37009083789994807,-0.0074379333207651999,-0.046057089101063431,-0.076778202895519121
06911900,0.061853160375396198,S2,0.062633846325794718,0.10030926472450219,0.099584326617691565,0.050056753937960274,0.47074905758980845,0.40620649518195406,0.31835395522490528,0.42653030676404713,0.41879191878990885,0.34469296387570642,-0.044218750825761322,0.012585423607954782,0.026339008650801132
06917000,0.051070204703279998,S2,0.02701460510355258,0.042677171113899681,0.049837679947931313,0.025916040292445652,0.48584343720338907,0.43657455677443063,0.39652732466259166,0.49242276116624645,0.46254979229687543,0.4786687348379341,0.0065793239628573752,0.025975235522444795,0.082141410175342433
06918460,0.049858846867926403,S1,0.0097797834493155156,0.034542903830974803,0.010768344816748932,0.010699969035917412,0.49264561628095604,0.35029731686300081,0.26550374347466482,0.48245187401769651,0.36597365797232734,0.4523550791508118,-0.010193742263259531,0.01567634110932653,0.18685133567614698
06919500,0.049446608376687601,S1,0.013309784349019527,0.027035524209044204,0.011215355500732493,0.035733760241541401,0.55601469749039811,0.52664653679244411,0.48088491710187053,0.55519742433588837,0.48698450463021575,0.46777987357474637,-0.00081727315450974558,-0.039662032162228356,-0.013105043527124161
06921070,0.060123837283451602,S2,0.020193172436868356,0.017206326036601549,0.039482557428420773,0.028736081001188518,0.60486580243937538,0.55227245348494269,0.45318780158101146,0.58709301709306172,0.57389627759860407,0.57389627759860407,-0.017772785346313658,0.021623824113661372,0.1207084760175926
06921200,0.057255427061220401,S2,0.026058500378071559,0.021685379705012942,0.029444637555180897,0.025524979043648033,0.52386642710497111,0.50051366752887727,0.52513280351936276,0.49875740295836568,0.4935150287392176,0.4935150287392176,-0.02510902414660543,-0.0069986387896596725,-0.031617774780145158
07057500,0.056439436709580702,S2,0.01697617965595799,0.010218201464795573,0.016526333850851893,0.023856856200628163,0.45363575043607163,0.35933850504373277,0.33603571504557356,0.45621835385699017,0.38822964088181316,0.32745733722722314,0.0025826034209185389,0.028891135838080395,-0.0085783778183504134
07060710,0.050998483129256901,S2,0.054358721324243908,0.042304884811124044,0.039511142715301206,0.020729658461975942,0.50528489487572248,0.52443884589539436,0.50482290620180115,0.48027889412693781,0.48201095879660788,0.51538203887129552,-0.025006000748784674,-0.042427887098786476,0.010559132669494375
07066000,0.056231313719669503,S2,0.027316068298263163,0.035242553442695335,0.026270959308378861,0.022040614118149171,0.49885568181299045,0.40480832701326996,0.33523410787891361,0.5153966713314726,0.44710628939284958,0.37154754255022859,0.016540989518482152,0.042297962379579612,0.036313434671314981
07083000,0.71059994783690705,S5,0.012870685534771775,0.020627338189535771,0.0027708276055533609,0.0023092601712106919,0.45083043352881913,0.35128938806703014,0.33251377249497382,0.52475828227715504,0.53378029237427949,0.49748994727292789,0.073927848748335911,0.18249090430724935,0.16497617477795407
07142300,0.086791678000222694,S2,0.033496165346559248,0.01061052062744916,0.041607222528421861,0.062292370661360008,0.42679998106946448,0.36156447699780403,0.4340064229101161,0.43732299449050271,0.40762127777944213,0.50705907232207736,0.01052301342103823,0.046056800781638096,0.073052649411961268
07145700,0.061761151970406797,S2,0.04934257562518396,0.051370272991311472,0.043091185209830241,0.039461265965883063,0.42130599329799712,0.4511105628487353,0.48336994197155725,0.41501568525187671,0.40264499257068836,0.47165226323929377,-0.0062903080461204075,-0.048465570278046932,-0.011717678732263481
07167500,0.0520689190916616,S2,0.045607645883725567,0.02568847349770742,0.039514997170168487,0.027024172307491656,0.47994137974150375,0.44701944882318778,0.56289514071396352,0.45545602126770479,0.3684109468039134,0.47868528132640287,-0.024485358473798957,-0.078608502019274384,-0.084209859387560648
07180500,0.055784620682848597,S2,0.033008700381759626,0.029310486739596575,0.04160435846089805,0.034057643580571062,0.51621597538165731,0.52609665840036701,0.5422638677020658,0.50424886481075215,0.50371890028698107,0.50371890028698107,-0.01196711057090516,-0.022377758113385937,-0.03854496741508473
07184000,0.045357617584439701,S1,0.025452619844023583,0.046132716213282965,0.037346568096488508,0.041290834154580236,0.46722240688014866,0.35744584437688642,0.36300377181802068,0.46991406187480655,0.37919225773850668,0.41613239667761198,0.0026916549946578994,0.021746413361620254,0.0531286248595913
07195800,0.0482364215180522,S1,0.0096684805836515508,0.0081555738465699523,0.021598745819311871,0.028795060604920319,0.49384345767226967,0.47481013932280841,0.45710109565865403,0.5067080382292164,0.45793387863014223,0.41657583790936348,0.012864580556946725,-0.016876260692666178,-0.040525257749290555
07196900,0.046098631504051898,S1,0.030274678523105281,0.021663646966940564,0.019486609302015734,0.038473258049171788,0.50984218805690662,0.34574596041940797,0.36433898052396396,0.46224499534047381,0.42097876894141684,0.4181788438840619,-0.047597192716432812,0.075232808522008865,0.053839863360097939
07197000,0.040801094475572598,S1,0.049178287677859589,0.032042866328523933,0.02150490980630182,0.041025954978416324,0.53846162030536304,0.48612325872218881,0.32423493715266799,0.57075686635850686,0.51710994431057489,0.41380018238838828,0.032295246053143822,0.030986685588386076,0.089565245235720292
07208500,0.33313498367948202,S4,0.059233612093838595,0.060621707430752014,0.067123037024599208,0.036867741170951485,0.52094244385499433,0.49813137387168038,0.4942771162534994,0.52741681628432779,0.48574279376604912,0.48032333240050784,0.0064743724293334637,-0.012388580105631264,-0.013953783852991564
07261000,0.0378060990134872,S1,0.0072671643471609038,0.021986080311833467,0.0071102675297589624,0.018530448383202058,0.53420820011476022,0.28036977661927331,0.2756114043776991,0.49403805551725599,0.30156365849003131,0.27671323059345254,-0.040170144597504231,0.021193881870757991,0.0011018262157534431
07263295,0.031045510728190399,S1,0.012644135848790761,0.01623319699753234,0.011169756348424764,0.026742348674532623,0.5098003826998676,0.41717856753399624,0.4385899879972851,0.52891366924963124,0.52732307328210093,0.53869896963112729,0.019113286549763631,0.11014450574810469,0.10010898163384219
07291000,0.003569389743915,S1,0.031387406942745,0.027607486756777933,0.014671683228268173,0.02778115603623621,0.47064515045932342,0.41801192521955838,0.34083170486464875,0.46688550396243611,0.42765511414583757,0.35309583224645935,-0.0037596464968873144,0.0096431889262791892,0.012264127381810597
07299670,0.029132353452169999,S1,0.0074918665011017849,0.009841847574575846,0.0087545771434666131,0.0086420906154300869,0.53357857150300392,0.51748643897411073,0.53707611736567717,0.54799803134233882,0.52413259500086229,0.52413259500086229,0.014419459839334903,0.0066461560267515596,-0.012943522364814886
07301410,0.075416759135817094,S2,0.044972507537317519,0.043217629636964516,0.060901981643734837,0.050540186423593036,0.47907283360655811,0.46131110708051304,0.48591245170414565,0.49209694497281986,0.46104783995043808,0.46663903131960111,0.013024111366261748,-0.00026326713007496227,-0.019273420384544548
07315200,0.0162560388991893,S1,0.042811427772980748,0.027178290745327849,0.046473693103360358,0.051843707895035673,0.43917521888051653,0.38051895470571634,0.35986980843337774,0.43273695701381554,0.39552025915445282,0.43135538990192485,-0.0064382618667009894,0.015001304448736485,0.07148558146854711
07315700,0.020816122880173701,S1,0.052848023312015768,0.08122519397097383,0.050689552863235399,0.070697654594193748,0.5382409981265075,0.55112038997611623,0.45988330555706736,0.56502064508179406,0.55159239195558429,0.55778556182447259,0.026779646955286562,0.00047200197946806188,0.09790225626740523
07335700,0.043016296074112899,S1,0.0093118009044815819,0.0063773998925263919,0.0074879996990693254,0.0048859565914264325,0.47426031723305384,0.49406682881237124,0.50478725878700348,0.47731766090385175,0.45926789097166409,0.48516537593202003,0.0030573436707979074,-0.034798937840707145,-0.019621882854983452
07340300,0.038567805450922303,S1,0.0045819668613179543,0.015844727012355952,0.0028820911586415754,0.0071397399166323039,0.45928429932405851,0.37322421631253616,0.38941147438664214,0.4657395325836029,0.35505086409745296,0.40606958473064769,0.0064552332595443906,-0.018173352215083205,0.01665811034400555
07346045,0.016889793856234799,S1,0.013257261879420112,0.01620971651033476,0.009610002784368965,0.015361606157445085,0.4637553355904222,0.41817981071811211,0.41642016614335553,0.45737417849203099,0.39627583882466699,0.41875509740318989,-0.0063811570983912103,-0.021903971893445118,0.0023349312598343608
07359610,0.030179024861366099,S1,0.018573825680625267,0.019694980479459279,0.01879009315493807,0.016338886673586184,0.51309389419775109,0.50984638982747499,0.46556677706271909,0.50461027623390708,0.48222574147807129,0.44142648693869374,-0.0084836179638440035,-0.027620648349403698,-0.024140290124025354
07362100,0.018323465791703498,S1,0.0084657808265958812,0.017231721809245482,0.017181058883995015,0.029704026582159648,0.4728824711866596,0.46800752439827675,0.37198487286404081,0.51130342124922812,0.45323540493625086,0.45304113888952857,0.038420950062568515,-0.01477211946202589,0.081056266025487766
07362587,0.036638066886185101,S1,0.0078289222173990591,0.0098344072534956029,0.0063505239624122023,0.015467582635844468,0.45816117391760391,0.38513288569640913,0.39057088806052798,0.45080794416963277,0.40766578609895859,0.37221983105457346,-0.0073532297479711461,0.022532900402549461,-0.018351057005954519
07375000,0.00050816552542139995,S1,0.0051740736106817842,0.0082363610254103659,0.0035111486181461649,0.0093503382605188978,0.5093730671480432,0.48100314165220603,0.3650313887210837,0.52338446238567538,0.53963054945347622,0.3949424363675067,0.014011395237632174,0.058627407801270182,0.029911047646422995
08013000,0.0032863361803717002,S1,0.010275748345107694,0.013831373024814853,0.0083131586499900489,0.021206510982827442,0.4116578262056344,0.27232255222792756,0.26635532420807845,0.4098465370442651,0.26891983529936925,0.26826704866882489,-0.0018112891613693005,-0.0034027169285583136,0.0019117244607464445
08014500,0.0022457658116512998,S1,0.012833187319112982,0.013011153985101886,0.012700755048990264,0.014930707033716684,0.46773659493634701,0.44023613924705374,0.4265617664054791,0.48251216110121919,0.4001435179355492,0.39055935873860403,0.014775566164872189,-0.040092621311504539,-0.036002407666875069
08023080,0.0072046599774758004,S1,0.013896326165535711,0.0099983810264607786,0.030985210824174603,0.057728898647772642,0.53215348585851996,0.54219466834364938,0.52916379230115518,0.5207458784047807,0.54434708974353163,0.50390983412509349,-0.011407607453739255,0.0021524213998822539,-0.025253958176061686
08050800,0.019672896878614302,S1,0.0089818848998081124,0.0092018056366655054,0.025768994346053509,0.0088866525205907321,0.39606301686279266,0.3488615571448358,0.39606301686279266,0.39513877203982117,0.36412455004973804,0.39397494229843988,-0.00092424482297148725,0.015262992904902239,-0.002088074564352782
08066200,0.0023206818433828,S1,0.0093284758435063786,0.0099019908253012989,0.0077814171271707311,0.0034404769889384568,0.47391605328530556,0.46756991469781656,0.48612112419364861,0.45672482765746858,0.44353813853779106,0.47994005437837323,-0.017191225627836981,-0.024031776160025498,-0.0061810698152753862
08066300,0.0017530511421341001,S1,0.027493916538150143,0.024495204603906862,0.027603216865354274,0.016820467854772647,0.47131849003800214,0.36875192900976572,0.33968044945641324,0.47936985143524735,0.3650268401732768,0.31510435737241754,0.0080513613972452158,-0.0037250888364889212,-0.024576092083995693
08070000,0.0023807368074233001,S1,0.033350688088094937,0.040086692802794643,0.024040393088638257,0.032628974390047527,0.48785848886000194,0.40610007796541081,0.33720162668408149,0.46933724511291691,0.39443293738544077,0.32861525037345091,-0.018521243747085026,-0.011667140579970037,-0.0085863763106305835
08070200,0.0024550978464836998,S1,0.018270634946807807,0.039611431840904987,0.025151442254643386,0.031869714457614773,0.46491666134051668,0.33453781760528467,0.27613659984277539,0.45575289668729724,0.34352283957547253,0.24837595149503838,-0.0091637646532194417,0.0089850219701878564,-0.027760648347737005
08082700,0.012802138484555799,S1,0.12548526373984192,0.23677076374001604,0.099857465375896792,0.25271647912971118,0.43996034225805447,0.34656580389258818,0.36251635398635423,0.42393558718869495,0.34243322354516736,0.31793213194929282,-0.01602475506935952,-0.0041325803474208112,-0.044584222037061416
08086212,0.013186231396444901,S1,0.039274579572941226,0.00878334372929368,0.03614356650991446,0.036942338866467028,0.41146121422670312,0.38038514995319694,0.37475211413865395,0.42515405002965712,0.42048740958498976,0.35344100917219851,0.013692835802953995,0.040102259631792814,-0.021311104966455441
08086290,0.0128799846435909,S1,0.033891226156557486,0.120871976224592,0.033921298917315323,0.03607020804854566,0.47119737319013022,0.36741634438454246,0.42541314905984584,0.47558105137319368,0.37997197150493661,0.44422244726010746,0.0043836781830634552,0.012555627120394153,0.018809298200261615
08101000,0.0091795525039557006,S1,0.015206903181646081,0.020161836509389741,0.059545954758427055,0.051795163515908516,0.48651520771104206,0.4900158110121286,0.46577087213803303,0.48865211733378533,0.46389207038961766,0.49751275128362432,0.002136909622743266,-0.026123740622510938,0.03174187914559129
08103900,0.0092842421517583002,S1,0.033127132536964865,0.042601935658328705,0.025740911229559904,0.052217620393909536,0.5168317008250608,0.43811229178933331,0.36953792310152733,0.51216287061939303,0.50579361310079418,0.40078865841817674,-0.0046688302056677733,0.067681321311460874,0.031250735316649403
08104900,0.0093596117977167992,S1,0.039154369525294164,0.058578177033035694,0.022717568535199351,0.039305667302769076,0.5139027516077207,0.47073893094499619,0.40593368453363154,0.50481779774853452,0.44782648727408314,0.52501946102838914,-0.0090849538591861734,-0.022912443670913052,0.1190857764947576
08109700,0.0051361625387599001,S1,0.082561074056525241,0.012823132806116466,0.019079265864152095,0.019996661831247153,0.46434229322463,0.40213796066920882,0.38727976018769772,0.44944769468404511,0.43869034439104843,0.37949817794564733,-0.014894598540584891,0.03655238372183961,-0.0077815822420503888
08150800,0.0082340595135767004,S1,0.019054644201836779,0.014320685985858783,0.021849852073576592,0.015951799797887412,0.42347199605089747,0.45560967254610968,0.54100046986930295,0.41973278460564689,0.38946013972307403,0.34448565336653608,-0.0037392114452505787,-0.066149532823035651,-0.19651481650276686
08158700,0.0064753537654613997,S1,0.06128771325598692,0.035719920601372634,0.042963722511423663,0.021614157033998938,0.5542918340826144,0.49009828560832691,0.47521433358120607,0.52895279767941683,0.53188176693728173,0.53188176693728173,-0.025339036403197568,0.041783481328954819,0.056667433356075658
08158810,0.0058462589398928996,S1,0.090246556370219944,0.040612182150116083,0.058343351801330545,0.043725435584330952,0.52776091883098086,0.48856962270876403,0.45850410169569222,0.52866864094469124,0.47306800462617821,0.3554221488315365,0.00090772211371037415,-0.015501618082585822,-0.10308195286415572
08164300,0.0021354784821483001,S1,0.04427986746095347,0.028397338218286716,0.048587178645703943,0.032290728940286062,0.43604794453306195,0.44450496460588174,0.44464552060734075,0.43037136918346119,0.42551074169513231,0.45866753142968603,-0.0056765753496007543,-0.018994222910749425,0.014022010822345277
08164600,0.00089788311370859997,S1,0.013580850734421612,0.045513201588665675,0.007873189036445849,0.025002443072804525,0.38768117594421719,0.33406143681982903,0.32101634117204114,0.39476043347023437,0.37473755383630064,0.36340727010855933,0.0070792575260171797,0.040676117016471613,0.042390928936518191
08165300,0.0056160383836324004,S1,0.041092778554402964,0.02721575133041243,0.055101842787533106,0.025618026526428417,0.42059414580413468,0.42992597641058533,0.49589740613399136,0.41148536479520825,0.36468063140927603,0.48188025887900099,-0.0091087810089264254,-0.065245345001309296,-0.01401714725499037
08171300,0.0043200262623378002,S1,0.019605902139353315,0.025625104521915243,0.012530508879041613,0.012208103504769974,0.41870950859028477,0.32832764005381954,0.3109145836432371,0.43422399184311811,0.39960313825677091,0.39372600498599153,0.015514483252833333,0.071275498202951371,0.082811421342754432
08175000,0.0022293177664445001,S1,0.093460067861595553,0.17527129612366388,0.07742860642745153,0.15148315432040527,0.48992474124939439,0.40172007747476052,0.31317807664961428,0.49496502727663344,0.44952334986548231,0.36869817858702381,0.0050402860272390493,0.047803272390721796,0.055520101937409527
08176900,0.0018005933498891,S1,0.016761888265437785,0.018096112186953617,0.010412322754368653,0.014366176304165368,0.38583664175432753,0.34568314392371396,0.28090496206634258,0.38180391577382455,0.40799851203880422,0.36643221964227651,-0.0040327259805029714,0.062315368115090253,0.085527257575933935
08178880,0.0030449353276083002,S1,0.055915345432813068,0.038500857017560453,0.017864075616497055,0.016759416198569022,0.50836642259158416,0.45051209871772857,0.47483068651126392,0.52330097233037864,0.45155836396948396,0.44223904381725815,0.014934549738794489,0.001046265251755385,-0.032591642694005774
08189500,0.0016287321026844999,S1,0.022413575795693585,0.05257163954240418,0.022001180874633541,0.0021547532162571326,0.46983205691825525,0.44411278027429379,0.40514823624335378,0.50068323899488565,0.46017295032144706,0.44022912320107949,0.030851182076630401,0.016060170047153266,0.03508088695772571
08190000,0.0037075564040486,S1,0.032556183086897783,0.04855158816470595,0.031061555043961353,0.038525720573804878,0.54156324434753689,0.40369063141647632,0.32306484820238213,0.52779647759949966,0.49275050315398927,0.42190576704782362,-0.013766766748037229,0.089059871737512952,0.098840918845441494
08190500,0.0044907633248583,S1,0.060736046013403489,0.00059792232591815431,0.059929572325117808,0.0043399029298509251,0.22119002868061766,0.12018815686691904,0.27584659908854375,0.13507039438555504,0.11207143631814009,0.23873231411225937,-0.086119634295062614,-0.0081167205487789468,-0.037114284976284384
08194200,0.00055356012642720001,S1,0.0086599853761868961,0.021343062029916898,0.0085364103539364855,0.022024948940766648,0.39637416052160757,0.33848132274825288,0.35647023178933257,0.36875057407122058,0.32699014371552432,0.36956015263578168,-0.027623586450386983,-0.01149117903272856,0.01308992084644911
08195000,0.0043576302166991997,S1,0.021127646776228692,0.017889378893963803,0.02279566926688037,0.019300582873012728,0.45112529351933817,0.48033325751108197,0.44114855781187162,0.45637394741084625,0.46850819637475533,0.36305934392684325,0.0052486538915080816,-0.011825061136326642,-0.078089213885028375
08196000,0.0023896281867178001,S1,0.036878007869129759,0.04590935228053683,0.048885396402676418,0.024940572411216611,0.5112580487155427,0.4662580680793712,0.44100728420388213,0.53344299424668562,0.49818658546572875,0.45936506874165073,0.022184945531142919,0.031928517386357547,0.018357784537768596
08198500,0.0030982528891208001,S1,0.067134537349269108,0.082164289887862618,0.067257762120827014,0.11218453536318185,0.48447468823495121,0.29987458351079477,0.22746475048579959,0.47800165090721625,0.34596701884471387,0.26356900209864298,-0.0064730373277349651,0.046092435333919102,0.036104251612843391
08200000,0.0026284470487445998,S1,0.026162591080723718,0.017040286330012422,0.035681519876376466,0.10172820629601931,0.53530579245607313,0.4364099403415399,0.42063235003205662,0.53212785258354478,0.43136309982480192,0.38870836594489871,-0.0031779398725283459,-0.0050468405167379826,-0.031923984087157908
08202700,0.0027620164933950002,S1,0.18833617553677506,0.087452847224663982,0.18749786496451554,0.029227822964456002,0.40745539151529175,0.37692713674386835,0.37755733524470375,0.41619379153099023,0.40812873334026656,0.36082547866687897,0.0087384000156984776,0.031201596596398207,-0.016731856577824777
08267500,0.471388008193727,S4,0.021254051087428283,0.018565739897310446,0.013254138452156394,0.013922242732689272,0.4037666334866401,0.34225889514889468,0.34042942238822405,0.58844771873783608,0.64764915720018901,0.64764915720018901,0.18468108525119598,0.30539026205129433,0.30721973481196496
08269000,0.40164568229828701,S4,0.0057244065584395876,0.020691119640986438,0.02624340326917407,0.013206332730887782,0.48487368042915624,0.43893481521874944,0.31560426813879472,0.51198123573081267,0.5070545772310171,0.64470283643218229,0.027107555301656427,0.068119762012267659,0.32909856829338757
08271000,0.48400245009705001,S4,0.0043688033077539101,0.0040279470208935408,0.015514835837288743,0.036729525855347722,0.47120972259682381,0.42910762677946968,0.45072105689645153,0.57012152576344755,0.56571334180302479,0.54085589790405353,0.098911803166623735,0.13660571502355512,0.090134841007601996
08324000,0.365429081915842,S4,0.096005190863306833,0.054520232653814893,0.0071039660684607542,0.03036136935403877,0.41974830873613078,0.37695899782652464,0.42911983503267059,0.46240422213627919,0.49166821689551427,0.49974184263813437,0.042655913400148404,0.11470921906898962,0.070622007605463777
08377900,0.466213354634129,S4,0.038317832886273495,0.0072967336009248929,0.011175228947623128,0.014004758393657668,0.46024289760268189,0.45240765840061142,0.41188371917582517,0.55117810770718378,0.55798884437190888,0.55798884437190888,0.090935210104501896,0.10558118597129745,0.14610512519608371
08378500,0.44998932898562399,S4,0.03498372575770009,0.06870906064388993,0.023597259707685336,0.010109630148877446,0.51001990212195825,0.36523115204855106,0.36336373794170923,0.58992071073696728,0.60906458609756053,0.60099537588697538,0.079900808615009034,0.24383343404900948,0.23763163794526615
08380500,0.29110443114541401,S3,0.035045443751873129,0.028066197437987328,0.017265361341463725,0.036837826786613848,0.44336090264951089,0.34894197080244582,0.093732205452086423,0.48775192200488748,0.47173641613083955,0.52220261910443855,0.044391019355376593,0.12279444532839373,0.42847041365235211
09035800,0.70371518166789104,S5,0.11147935641436318,0.12582206827103212,0.019237841900940356,0.014595502265510429,0.48318127926423526,0.41864637059110221,0.3847208622693542,0.58541118071629195,0.55513673854280776,0.58536745641120236,0.10222990145205668,0.13649036795170555,0.20064659414184816
09035900,0.68982388541514394,S5,0.077102997250638627,0.087151832040335026,0.010841158957147545,0.011215374870577555,0.51220793372436402,0.44211020026464964,0.42353475733443607,0.59514143904574246,0.57860403978712505,0.54941461127755864,0.082933505321378442,0.1364938395224754,0.12587985394312257
09047700,0.62694510072226095,S5,0.068107545806358416,0.069701228536136445,0.0071648454258708139,0.016412894163173375,0.48818015018898292,0.46056340273355278,0.52192177248293792,0.53208214671868115,0.54123687137941157,0.59078913805757971,0.043901996529698228,0.080673468645858781,0.068867365574641792
09065500,0.71553072566192599,S5,0.076186194588551692,0.0016537766752278693,0.0067260292685198397,0.0075694128137668848,0.54920481696820578,0.54827699424319531,0.61900309592411074,0.6595958175245118,0.61859774956058267,0.61859774956058267,0.11039100055630602,0.070320755317387351,-0.00040534636352806963
09066000,0.68227275661074704,S5,0.078425911104712975,0.10368393019589042,0.0035600742546434416,0.0051293111727168661,0.47876889085316188,0.38831507246708663,0.35044034428238546,0.54900889424545962,0.51246834949684528,0.47376853991625495,0.070240003392297745,0.12415327702975865,0.12332819563386949
09066200,0.71221641813787495,S5,0.026890539716651229,0.0051489326583815109,0.0019221886032079194,0.004105140458572798,0.51663125372888152,0.49028210356276442,0.46107194206058522,0.63759120437477568,0.59046569172041918,0.53243514783389523,0.12095995064589415,0.10018358815765477,0.071363205773310012
09066300,0.68831749726415203,S5,0.082268716293956212,0.17067992394086023,0.0071869827246411333,0.0018774260607310467,0.54615151201596301,0.50054645422313948,0.49234069329925256,0.58314305562145297,0.55992374214248974,0.51249937832122927,0.036991543605489952,0.059377287919350263,0.020158685021976708
09081600,0.66474212387335996,S5,0.031558574632132408,0.022110174403621674,0.0037352098563708802,0.0074436395438396419,0.44167086938502881,0.42593394860171241,0.47042058139922238,0.60284708742673898,0.57848377502013826,0.57099109793667369,0.16117621804171017,0.15254982641842585,0.1005705165374513
09107000,0.67258302137250403,S5,0.026770060804211515,0.040485227913543198,0.0025237646933694569,0.002560989310850581,0.42601269562907818,0.38685093077758614,0.37310104388258553,0.60520263102616223,0.55826959273975085,0.51190751040779148,0.17918993539708405,0.17141866196216471,0.13880646652520595
09210500,0.65472507476900998,S5,0.01289369791896855,0.033530446217100995,0.023195820314365845,0.012114863783841745,0.44422054882964479,0.32316334519142337,0.29034125021249035,0.56339615935551435,0.54445003753560905,0.48745826863567959,0.11917561052586956,0.22128669234418569,0.19711701842318924
09223000,0.698323179997837,S5,0.019603555180613019,0.037022591348537554,0.0090248927850168359,0.010135263078314916,0.42515704894258483,0.3293198646545642,0.33654696728078004,0.51465183142153659,0.50037524805367573,0.48295557043738785,0.089494782478951762,0.17105538339911153,0.14640860315660781
09306242,0.35800746386242999,S4,0.084652464265299876,0.27131296267853189,0.060762015524874813,0.060937270945776834,0.48151077641730272,0.43623308898240204,0.34216075395583617,0.49042464741586878,0.43520616922708544,0.45527581894366886,0.0089138709985660536,-0.0010269197553166021,0.11311506498783269
09312600,0.60472596359086095,S5,0.039358675153785494,0.049157934387338453,0.0078765917483394343,0.0057313852706495361,0.42769017214434113,0.37293327605184712,0.23259542033833508,0.49085778438328065,0.47851503583171889,0.39973920589517897,0.063167612238939519,0.10558175977987178,0.16714378555684389
09352900,0.63389389874682101,S5,0.027450143273632155,0.022803374932960696,0.0041818256018854028,0.0022622208211399153,0.5118440634673378,0.50372809470230984,0.51752704259858018,0.58164886877111011,0.5803632132656884,0.6026551030821804,0.06980480530377231,0.076635118563378568,0.085128060483600221
09378170,0.504005221672301,S5,0.036814348860339241,0.076900886131168411,0.0040439818809695494,0.0084920281047274893,0.48065347151641979,0.40466484122717306,0.33678717510996276,0.53787310956194179,0.47996162213362115,0.4340666423817196,0.057219638045521992,0.075296780906448091,0.097279467271756848
09386900,0.30750754408043401,S4,0.10409742019434504,0.012179781438355908,0.026199164434140387,0.017467554451625511,0.47095312095528441,0.4700703202911255,0.43459984951671127,0.51540835122742201,0.51167444595157985,0.51167444595157985,0.044455230272137602,0.04160412566045435,0.077074596434868581
09404450,0.42359993958506298,S4,0.063271161744994142,0.075294427649907569,0.058088408151661719,0.037589185986015572,0.48138132592500449,0.43142998668460991,0.39579435208303904,0.53068485835790535,0.5338162177157123,0.53182432507078581,0.049303532432900865,0.10238623103110239,0.13602997298774677
09430600,0.21287165392999,S3,0.04541172965508955,0.024469717381064071,0.04632356092336809,0.042195478126603181,0.53679127786207648,0.4216553200317642,0.40986876460888255,0.53499440492641859,0.44054575715597699,0.34602109336894904,-0.0017968729356578894,0.018890437124212789,-0.063847671239933512
09447800,0.039482669927636597,S1,0.035081295610040697,0.035842013981835064,0.048878360252632147,0.075585928484596554,0.43432345663330552,0.36422178327447058,0.3713023011523684,0.42702054332874939,0.33872430243120732,0.37921392171173923,-0.0073029133045561245,-0.025497480843263254,0.0079116205593708355
09484600,0.0101482581857307,S1,0.024551500378967028,0.0094663121459788169,0.021686638324231233,0.0071960305037528371,0.50412140594554089,0.49215126196309822,0.42233697616762533,0.48207624396260429,0.46925937894806846,0.39395619201953036,-0.022045161982936601,-0.022891883015029757,-0.028380784148094973
09492400,0.27176626170638502,S3,0.015892399169447513,0.079503349802674705,0.024728649218209608,0.060213118695191636,0.43551883547130171,0.31668261384010343,0.31270748562821993,0.44379433726338341,0.34404098699231628,0.28921884573585482,0.0082755017920816965,0.027358373152212845,-0.023488639892365104
09494000,0.23555411047052199,S3,0.0063964171898022171,0.019774721271606621,0.020418897274589898,0.04731217436958346,0.39760514484132709,0.31859767447421183,0.23688748253144909,0.46374544574878562,0.4336753966524915,0.36238800514462205,0.066140300907458538,0.11507772217827966,0.12550052261317296
09497980,0.0796650506390503,S2,0.0049870591096777828,0.018874854875966185,0.0077993418603845566,0.015170263299681186,0.44713362143137614,0.36700250673658791,0.37581386034597741,0.43519207506692414,0.41601890815527071,0.37729029774793482,-0.011941546364451994,0.049016401418682798,0.0014764374019574089
09505350,0.19893649250215201,S3,0.013346854270920083,0.02752124764607411,0.057763259592295668,0.042660145822437268,0.48194603634859268,0.41002608565687076,0.41750010450198993,0.47359129759595242,0.4538745655666338,0.42131470596044457,-0.0083547387526402561,0.043848479909763038,0.0038146014584546362
09505800,0.28406909937647501,S3,0.071903431861531919,0.044958297427301952,0.044621478861928132,0.045413875403755632,0.50582731653044699,0.48388984260080092,0.38871540687135486,0.52378377406337351,0.52734624305737399,0.51138593991715309,0.017956457532926517,0.043456400456573063,0.12267053304579822
09508300,0.0401188085303456,S1,0.0015510848905808672,0.02129046303230242,0.01834049791694714,0.010217046272766761,0.41856374118404394,0.40226850810103565,0.45081264857366649,0.42251091269304808,0.39506662364525008,0.2708384507551006,0.0039471715090041437,-0.0072018844557855677,-0.17997419781856588
09510200,0.0061243701078093999,S1,0.031117308238580943,0.020308008105330511,0.016359955182028152,0.019481236049741502,0.44466600355329522,0.42740480764586186,0.35591400898617331,0.45945128698582038,0.45308760938850495,0.44987556590634797,0.014785283432525165,0.025682801742643091,0.09396155692017466
09512280,0.0046420695661841998,S1,0.049860775027809501,0.0099142929975813976,0.046977796365821112,0.011806442990333621,0.46056302777272573,0.49429987654026919,0.50097925676547794,0.42184299061983166,0.45460035623530504,0.46399584607724054,-0.038720037152894071,-0.039699520304964153,-0.036983410688237406
09513780,0.0042560892003910998,S1,0.016384614561434141,0.048514133964011386,0.0049216654186292619,0.0047403769411437091,0.33015958257384098,0.22671197889124528,0.1971122761291807,0.35110404694416708,0.31463109149332724,0.27691961169421497,0.020944464370326099,0.087919112602081961,0.079807335565034276
10234500,0.632069679226265,S5,0.011988513700489256,0.042518675189943955,0.0032862004517125731,0.010608199154552467,0.47724353921727247,0.28406714650450515,0.22463054257993992,0.50684901057916343,0.5097142485144095,0.46628519141909164,0.029605471361890956,0.22564710200990434,0.24165464883915172
10244950,0.656356436998628,S5,0.015430888742824667,0.030023820895978992,0.022892925081388404,0.01991380037054058,0.43943759960380779,0.41865382277990448,0.40489932928599587,0.44281193058066737,0.39937782985607623,0.42623281670387775,0.0033743309768595742,-0.019275992923828256,0.02133348741788188
10259000,0.033524900462137699,S1,0.0208917206411664,0.10456681548117663,0.014424733725170391,0.035041760392864663,0.48708351653539017,0.34116233478557501,0.40255231390471757,0.50028227006149284,0.42369013419631368,0.39870532722104191,0.013198753526102669,0.082527799410738678,-0.0038469866836756683
10336645,0.66530487256572202,S5,0.019112236339107525,0.02869029086052477,0.0018922064305315622,0.0074131851311796115,0.44514312586126403,0.37408311200342692,0.36901659302777379,0.54618588212935981,0.49801449671740045,0.48225338284256664,0.10104275626809578,0.12393138471397352,0.11323678981479285
10336660,0.66872784227053605,S5,0.0014154785013950066,0.0050093656480984516,0.0057042963834077476,0.017370806320723076,0.42714631420822613,0.34879347448252385,0.22038019080657614,0.57658802294486855,0.45322619461968433,0.45313504445963171,0.14944170873664242,0.10443272013716048,0.23275485365305557
10343500,0.71498124845069799,S5,0.015592241836119181,0.015351476403548947,0.0044788761531776577,0.0066588025454644706,0.46671025674105471,0.34693172664327732,0.26142411174095148,0.49223690873402692,0.47017927765627648,0.40804429690797528,0.025526651992972216,0.12324755101299917,0.1466201851670238
11124500,0.0230381055615776,S1,0.031305387841311316,0.023754259232627639,0.030518436960025874,0.026697592805777992,0.44677668412497895,0.43549221889918222,0.29500454477753146,0.4506759058425408,0.43266679510390654,0.31382825756752653,0.0038992217175618515,-0.0028254237952756722,0.018823712789995062
11141280,0.00078778039240759998,S1,0.008166333197191622,0.017476118072268787,0.017491482050423057,0.0053330209804017814,0.43091056904318492,0.39574257287907477,0.37697685766992073,0.44893462668890333,0.39275588914510262,0.37904941451130431,0.018024057645718405,-0.0029866837339721508,0.0020725568413835771
11143000,0.025437939948626101,S1,0.0041260175696867796,0.0049257957128995278,0.010138591967736477,0.0065312839718478788,0.46628381357358983,0.41984865974806507,0.42739371111407354,0.47427657947722723,0.4424080574278022,0.38959909054383135,0.0079927659036373999,0.022559397679737136,-0.037794620570242188
11148900,0.0035267946066840001,S1,0.011423153804154706,0.0099847954422044305,0.0091873537505354763,0.0088614833114898373,0.49629938184312378,0.4448818341218328,0.48169233755733776,0.48549186339152839,0.41327007632757728,0.35748765142950184,-0.010807518451595388,-0.031611757794255513,-0.12420468612783592
11151300,0.0038403901400884,S1,0.018519123220043898,0.056856913548705812,0.047104883555269206,0.05755047973893701,0.4861940528798433,0.35064502606628278,0.29406188314192166,0.49873962289281476,0.38456069999418002,0.24941567463607489,0.012545570012971463,0.033915673927897239,-0.044646208505846774
11176400,0.016307003804813001,S1,0.0085286312808608988,0.011109624380498229,0.0095073988250133912,0.01267110753245948,0.43753524948129663,0.3957612640414338,0.38495273716707878,0.45841303096933678,0.44893557296828068,0.41498294847188261,0.020877781488040148,0.05317430892684688,0.030030211304803822
11230500,0.90296367988160797,S5,0.032552071999394916,0.04448227792480744,0.041402759862774752,0.035884840259876816,0.40459615976549607,0.30828816107790002,0.34733092256909837,0.53295218283025769,0.50450327705413922,0.50450214102887148,0.12835602306476163,0.1962151159762392,0.15717121845977311
11237500,0.74985696068569097,S5,0.0075257372374844533,0.014696164110171384,0.0019846628585892256,0.0036664577054830172,0.4093076118682436,0.32791172325214496,0.22447503898621007,0.52602366097563191,0.42251400149649043,0.36330207954629234,0.11671604910738831,0.094602278244345472,0.13882704056008227
11264500,0.90632692590848996,S5,0.0041361044109339828,0.0098966835862291103,0.0086870362836241055,0.013591224859525242,0.4367389456764299,0.39911057317111054,0.35872628493380526,0.64207448734343109,0.63986495979101443,0.63641272719966147,0.20533554166700119,0.24075438661990389,0.2776864422658562
11266500,0.88521745222356196,S5,0.0029387114635871514,0.0055277223385436502,0.0052448289725154362,0.0099230743176481617,0.42761160673710519,0.29379489038184325,0.30715569333821569,0.6336866947021198,0.66161648516589622,0.63675494114057341,0.20607508796501461,0.36782159478405296,0.32959924780235772
11284400,0.036504723085011598,S1,0.030163359571557358,0.032894645433664937,0.020439987617628774,0.015314744955263193,0.4983718014777615,0.50507716861391416,0.5809339616463558,0.52692602392945365,0.53185135324480248,0.51090718492072151,0.028554222451692146,0.02677418463088832,-0.070026776725634288
11381500,0.16502613048620199,S3,0.0076400822949377334,0.025468850718611269,0.016398926789355617,0.036902434080522517,0.51199175613852654,0.42845855031301838,0.40830246296329675,0.50277520702565259,0.41171359735852175,0.41936984143514272,-0.0092165491128739507,-0.016744952954496628,0.011067378471845968
11451100,0.12353635903492501,S2,0.0074914365199250099,0.0072987645052090544,0.010443165825784861,0.0076752974973952615,0.48176262283681814,0.4893121728889912,0.41250227011402762,0.47602762181476566,0.45488600491770276,0.44367960863963868,-0.0057350010220524883,-0.034426167971288446,0.031177338525611054
11468500,0.00052420513384799998,S1,0.0054009272317584456,0.024554223065735958,0.0090163905659241816,0.031533240809727525,0.50171590164528701,0.32639076590897731,0.2939558140118087,0.51113735013892714,0.40876108866766359,0.40876108866766359,0.0094214484936401277,0.082370322758686276,0.11480527465585488
11473900,0.262478357358648,S3,0.0058637187457218909,0.0064671615783936653,0.0018053985172125087,0.0084529341778483147,0.4760128108273039,0.38198433151238992,0.40936335894532616,0.47285379751781798,0.4166769618774312,0.4166769618774312,-0.0031590133094859252,0.034692630365041277,0.0073136029321050344
11475560,0.13862933797159699,S2,0.0039947237323132434,0.0054724393372348468,0.0027387559921874249,0.006970348103410795,0.36458529962869812,0.27442556694663017,0.23632310572156384,0.36805536192263599,0.32803539042823288,0.22829966847023228,0.00347006229393787,0.053609823481602703,-0.008023437251331561
11476600,0.0120106292964887,S1,0.012885288435072084,0.006056313660002699,0.0010570426044910208,0.0074027298187377966,0.35835355311964556,0.33725631860064453,0.24874197530728989,0.39486595429570748,0.35467059205243923,0.26474640936883165,0.036512401176061915,0.017414273451794693,0.016004434061541756
11478500,0.15731442101992801,S3,0.0071908393520196956,0.0099533167163822212,0.0035464443910937504,0.0096565559014649693,0.47211937713552576,0.35821279340132622,0.34216679671606648,0.48527135864966353,0.43857673740576375,0.4197572846192581,0.013151981514137767,0.080363944004437526,0.077590487903191618
11480390,0.29951250604617802,S3,0.015019611721016068,0.010527099291544495,0.0048787892153930867,0.0083969858945528442,0.48170852801328101,0.39814295973896879,0.40216742112337545,0.48986699054014948,0.44769481753019369,0.44769481753019369,0.0081584625268684707,0.049551857791224896,0.045527396406818244
11481200,0.0016368255310897999,S1,0.0065731687496864977,0.011929907562389652,0.0027388683869522534,0.0096751652466515736,0.45103258124928103,0.25265275041559582,0.17775155155641084,0.45619905572479669,0.25726722318206646,0.15196852448806028,0.0051664744755156589,0.0046144727664706453,-0.025783027068350561
11482500,0.013181204499064901,S1,0.0055625390496039095,0.015901836186969276,0.0032577230699045723,0.0081211372735162657,0.49365507100293238,0.34395503077648348,0.28542387332035346,0.49777255696696288,0.30748814801258978,0.27412215018992236,0.0041174859640304984,-0.036466882763893704,-0.011301723130431096
11522500,0.24912977705789799,S3,0.0019373216979434726,0.0041684252611328132,0.0055212578933012679,0.0035439563821130227,0.44319552674545903,0.42201389379050308,0.39508624808261872,0.45876728715058251,0.39742789151305941,0.39742789151305941,0.01557176040512348,-0.024586002277443675,0.0023416434304406875
11523200,0.43170715197688297,S4,0.01741852002477684,0.010409993480504198,0.012686920073558872,0.026958960821923506,0.39254794025010692,0.33541030065323851,0.30906147848085846,0.41339698039462291,0.34646331592452645,0.31935785795156935,0.020849040144515996,0.011053015271287936,0.010296379470710881
11528700,0.27130532232750598,S3,0.02147615232039346,0.025579653970340677,0.01314870591758599,0.017728825571079132,0.45903391783728142,0.40260776534588633,0.3235904322974773,0.50270052572135682,0.43598390333159359,0.43598390333159359,0.043666607884075392,0.033376137985707266,0.11239347103411629
11532500,0.048535376549699603,S1,0.0047193750670515566,0.016596074002402816,0.013547315900805823,0.024286015924297466,0.41322290185479893,0.28244711291065139,0.18046379507848637,0.41004429328358349,0.27482958281669351,0.11572571074790113,-0.0031786085712154355,-0.0076175300939578805,-0.064738084330585241
12010000,0.0236362361738051,S1,0.0033012729652133199,0.018606222274845319,0.0064499611088087994,0.0075515766841370846,0.45335707245602758,0.37058140775161086,0.3185957284966916,0.45151261963285239,0.3694250769317895,0.31402916194651903,-0.0018444528231751911,-0.0011563308198213607,-0.0045665665501725683
12013500,0.0174156764185481,S1,0.010342721004408029,0.02906509562426618,0.018295596953961657,0.018541868910836534,0.5274632539511841,0.41345644936503867,0.37480016379904257,0.52747549780248471,0.40748270546214083,0.33183491836326878,1.2243851300608455e-05,-0.0059737439028978434,-0.042965245435773791
12020000,0.043553396693618997,S1,0.0057526102476118668,0.011823767038043997,0.0065806151774192578,0.021011078944124795,0.47765346622467636,0.35208752680089594,0.35279768437852116,0.50239585052384861,0.38620258839408372,0.39129588487045075,0.024742384299172249,0.034115061593187779,0.038498200491929591
12025700,0.090576757354829202,S2,0.0056995776137521714,0.0035409333088428641,0.0090781679422728967,0.01581205622332793,0.4849835117525142,0.36911390702270364,0.28670425040149111,0.4688942440188022,0.41300905426190271,0.30764475599494223,-0.016089267733711998,0.043895147239199073,0.02094050559345112
12035000,0.022021888089668099,S1,0.010516446863041318,0.007476080575071542,0.0030560549417004701,0.0042605245893195809,0.45643978714362038,0.37289103944507263,0.32445289384461423,0.45250633389494671,0.37670288263068641,0.38072375085869115,-0.0039334532486736684,0.0038118431856137835,0.056270857014076914
12040500,0.067091783975138902,S2,0.0092101121550953735,0.0041795856262331066,0.010142745471034775,0.011675090442636704,0.50202982082928227,0.3444045428314928,0.40214294571173104,0.48292856592618577,0.34255992700466859,0.31816037065573816,-0.019101254903096498,-0.0018446158268242141,-0.083982575055992881
12041200,0.17957410474413199,S3,0.0020390227093971536,0.0019405545629311849,0.0037701252385688999,0.0046900363411369606,0.37532679239608213,0.28493809776466367,0.27030712274540158,0.4688016579185168,0.43025292459528153,0.44841527954684562,0.093474865522434669,0.14531482683061786,0.17810815680144404
12048000,0.49819765325107601,S4,0.092828573111698398,0.059107310454867446,0.070178237231466822,0.014174891214343122,0.54209404345605927,0.51756550761582631,0.47349276795849948,0.5488755588445674,0.57050108776615771,0.64514794488121885,0.0067815153885081303,0.052935580150331396,0.17165517692271937
12054000,0.379149578248129,S4,0.0017587865290215055,0.0042308616065785953,0.0033207627482999547,0.0070686594865529973,0.40384218489346335,0.32424343010493872,0.40680148857972454,0.44584320203667827,0.35085638810226993,0.35523617858882195,0.042001017143214914,0.02661295799733121,-0.051565309990902586
12056500,0.33857493203528899,S4,0.0030925755828898893,0.0028855251364292567,0.002672309008112328,0.019664696208085974,0.39757351610890757,0.28432124823668192,0.26565393407752058,0.47792190869049572,0.39634753960785962,0.36961984990182334,0.080348392581588157,0.1120262913711777,0.10396591582430276
12073500,0.0156016658711511,S1,0.033001588149481398,0.0453163004624072,0.014202011536889825,0.020062599661941793,0.51776174171220934,0.48308152055152931,0.49675132382177223,0.49132779027375456,0.44666667504291963,0.48804810547305949,-0.026433951438454784,-0.036414845508609683,-0.0087032183487127379
12082500,0.39878651405721,S4,0.010559310666666044,0.023502941415502465,0.0045197424657829055,0.018399200382841263,0.4178101018927281,0.30288051227865309,0.2976565397978253,0.443540167072906,0.40665913761397249,0.39959297050698428,0.025730065180177897,0.1037786253353194,0.10193643070915898
12092000,0.51367072643135103,S5,0.029911531766079857,0.048558808594160396,0.0083661013906316528,0.0098189147258581633,0.52910398405036085,0.42050070744646112,0.33582501139825005,0.52560325893435667,0.50001752800654531,0.36112527578344239,-0.0035007251160041886,0.079516820560084189,0.025300264385192339
12114500,0.40651703888363999,S4,0.00047103050805585855,0.0023823938032979664,0.0062038576631299192,0.0047215641332749581,0.41580851327311164,0.3522164144704566,0.42212339025983681,0.45378448162492668,0.42115762730322631,0.42115762730322631,0.037975968351815048,0.068941212832769716,-0.00096576295661049416
12115000,0.33894435240274401,S4,0.0051786878585344809,0.012141445427027331,0.022838315956083544,0.030256149789080977,0.43298560905810179,0.36122515502719277,0.27836439175410266,0.47565034883633672,0.40060271379179274,0.33250091768691387,0.042664739778234928,0.039377558764599974,0.054136525932811208
12117000,0.12519943348901,S2,0.0059626730654460669,0.0053149231967896116,0.0032022533019075983,0.0047524705783900112,0.39816199791888768,0.33431220127995576,0.31086128241319927,0.43442613476966208,0.41624240400046997,0.36586526899393085,0.036264136850774398,0.081930202720514211,0.055003986580731579
12143600,0.31162204637311802,S4,0.0046853308503090885,0.023913028261945968,0.0054009919962807462,0.0085111500538114226,0.41889845599422548,0.28526774824697476,0.31867156661337293,0.4181165985484997,0.35852006096133859,0.37074218655229862,-0.00078185744572578653,0.073252312714363832,0.0520706199389257
12144000,0.220551545924003,S3,0.0089132100348098264,0.010669102284820875,0.01096492466822574,0.014868615715718403,0.44433704592184708,0.34052130306522715,0.24842669637920312,0.45542313599613471,0.39789755079873834,0.39789755079873834,0.011086090074287624,0.057376247733511188,0.14947085441953523
12145500,0.044854637880715899,S1,0.002192966036489441,0.0072368578204961009,0.0032667573846932862,0.019868947650748647,0.42917468281549975,0.32043646355276423,0.3156450865447088,0.42411060746692159,0.31985210481795051,0.27593456003432421,-0.0050640753485781675,-0.00058435873481371692,-0.039710526510384592
12147500,0.15904120143699199,S3,0.0089966348133962981,0.0049947184060536998,0.007152544996800736,0.0078177525152597349,0.40099202580828719,0.39726917089796965,0.41507459000886882,0.40735270256058681,0.3962688724960286,0.3788114621989182,0.006360676752299621,-0.0010002984019410466,-0.036263127809950613
12167000,0.131187744738816,S2,0.016052608145377345,0.012524557086436627,0.0084340837610684671,0.016201899161634947,0.4399840015408919,0.3672012098820247,0.36296916359407638,0.4283706782086768,0.38697846996940816,0.27099645782970783,-0.011613323332215097,0.019777260087383453,-0.091972705764368556
12175500,0.69036044322912604,S5,0.012294917230475211,0.042803593483175778,0.0078057224421850258,0.0089397180577525104,0.50086170262803797,0.41519257713947322,0.3282094119034133,0.56049472430965974,0.53771508645175514,0.53282338535003726,0.059633021681621767,0.12252250931228192,0.20461397344662396
12178100,0.52956688772687999,S5,0.0068368842044808087,0.0091198165765265515,0.0099567607074347864,0.0095396752962584319,0.40991428784777723,0.20787464207729922,0.19130183468392309,0.4845167437359017,0.41245743340149876,0.44163682883663313,0.074602455888124475,0.20458279132419954,0.25033499415271004
12186000,0.43565219188418502,S4,0.010328016050837663,0.013410205206436987,0.0087037162179337546,0.0026278231264824647,0.46710486920330185,0.40616568302969369,0.32551139669145046,0.57802272217622452,0.52088285006645196,0.53003929821672335,0.11091785297292267,0.11471716703675827,0.20452790152527289
12189500,0.457875714546575,S4,0.01058774742819546,0.013501570934269846,0.013684626815597234,0.012339438910023093,0.45283379519613087,0.29937744164679403,0.3171138167346364,0.49614288802937884,0.42643438710430709,0.34246891069737556,0.043309092833247964,0.12705694545751306,0.025355093962739161
12375900,0.60651552653920204,S5,0.003264029553197656,0.0059632557421706311,0.0053972731753985093,0.0066686948298194659,0.47528699186127366,0.31128200858205146,0.26929821790252728,0.55372556845256238,0.48763974315039688,0.47694684877943461,0.078438576591288722,0.17635773456834541,0.20764863087690733
12377150,0.71988665378066796,S5,0.0070023791807890534,0.010053333584169821,0.022581578710566319,0.014411931556423729,0.43685626544076644,0.33875748712600612,0.31548957265955746,0.62676969726662668,0.63459579725529558,0.63459579725529558,0.18991343182586023,0.29583831012928946,0.31910622459573812
12381400,0.59400515341973503,S5,0.08861491715423897,0.1190119057325392,0.03079047611537189,0.014344754207962773,0.55936169841823025,0.47963996809490139,0.46336078336685882,0.56221440184959071,0.52629733120123989,0.5473403497783873,0.0028527034313604593,0.046657363106338501,0.083979566411528483
12383500,0.612621722100952,S5,0.090247902586111817,0.051629067552818375,0.0042952890247800468,0.010794129305342737,0.50011041469839967,0.39463652466256294,0.43097949786344525,0.55538839503163506,0.56273127260953282,0.55434263135446993,0.055277980333235388,0.16809474794696988,0.12336313349102468
12390700,0.51948700971260897,S5,0.02281891192055191,0.025342571411916537,0.015084275314767526,0.0058282176269074393,0.40521311492430062,0.3567410884940217,0.39274623974884398,0.53452954992066037,0.52139025368700342,0.5126299055734117,0.12931643499635975,0.16464916519298173,0.11988366582456772
12411000,0.46448551255835502,S4,0.011987271254091714,0.036391753378396174,0.0099798676898179561,0.013452612715247891,0.41778306797976272,0.32040778202116482,0.33301730234304905,0.48133020134697579,0.40680326066354511,0.40651110866381457,0.063547133367213071,0.086395478642380286,0.07349380632076552
12447390,0.77731149750856599,S5,0.0071963532640941796,0.012862522246240904,0.0090703686045444654,0.01316085377089482,0.53270358994188249,0.4738055674608313,0.4442980313221111,0.69257111877702315,0.69742218713741932,0.72161037648132864,0.15986752883514066,0.22361661967658802,0.27731234515921754
12451000,0.71676708120225796,S5,0.0029858470494630307,0.010437302844507751,0.006361404725749531,0.0057945800507316347,0.38802162831346526,0.29050765910849363,0.20113985267661014,0.60617966639708443,0.59532503687624772,0.59526387044476647,0.21815803808361917,0.30481737776775408,0.39412401776815631
12488500,0.64191899540199604,S5,0.0078633274332730041,0.0057737596088268672,0.010930243755988167,0.0042976457436666449,0.39468228591249055,0.31840529124478573,0.37311812451119497,0.57173405016584566,0.57443350983640673,0.57979976710042003,0.17705176425335512,0.256028218591621,0.20668164258922506
13011500,0.65871326821235299,S5,0.024252880417046208,0.013650588641099415,0.011855846230190648,0.011947282714787955,0.43083586344064717,0.41848998892180872,0.46133949168373894,0.56464541893614117,0.64422617432414964,0.66942257875442057,0.133809555495494,0.22573618540234092,0.20808308707068163
13011900,0.70460706941907603,S5,0.061528919161706552,0.078760655612463815,0.012253066812722646,0.016444022502136724,0.51454211920424964,0.50602296213223585,0.53490529733796155,0.55673562119683484,0.5934294398458374,0.57893934546184922,0.042193501992585203,0.087406477713601549,0.04403404812388767
13018300,0.65711853695654998,S5,0.021852790135571898,0.059766063570030586,0.0092938228677623691,0.010986314047467527,0.47072381822598353,0.40492214097683188,0.42822005955329534,0.54383778660132776,0.59615764212836464,0.59615764212836464,0.073113968375344229,0.19123550115153276,0.1679375825750693
13023000,0.64685862475843603,S5,0.011076123347103894,0.013346561276671193,0.010957757914012989,0.0049203073340249315,0.4546078429523317,0.33244933513809033,0.23642976191489251,0.57062193617148949,0.5014144342551129,0.48128938845714031,0.11601409321915779,0.16896509911702257,0.2448596265422478
13161500,0.51867934236885105,S5,0.026735865229857381,0.029037865301265731,0.0057783191632547748,0.022092991446254651,0.41924850938704339,0.35104383025287922,0.31496063317830525,0.49707543437707546,0.45152162611736779,0.4318219451258723,0.077826924990032076,0.10047779586448857,0.11686131194756705
13235000,0.67789507589655196,S5,0.003242602937333916,0.00069498223188768637,0.016656225300160976,0.012371746269882022,0.43315454076782473,0.40339771690646192,0.39758861446340954,0.60077266809602592,0.52116344899638878,0.47278769681761712,0.16761812732820119,0.11776573208992686,0.07519908235420758
13240000,0.72653347179839101,S5,0.027855236263818473,0.0052284468746922885,0.0024951160670664274,0.0024025784762544689,0.47828062329580184,0.45572409480705545,0.4790635095537325,0.57547922839234,0.56617718182021548,0.56617718182021548,0.09719860509653816,0.11045308701316003,0.087113672266482978
13313000,0.74453605020993097,S5,0.2094917997665241,0.19803037682966623,0.020952115491398193,0.036506711066901065,0.53751895492563051,0.42059231518430135,0.32993515589016492,0.59007069125213163,0.58393730996483317,0.58393730996483317,0.052551736326501119,0.16334499478053183,0.25400215407466825
13331500,0.55788094452842996,S5,0.006930638084760854,0.0423900458369664,0.0081437733431503068,0.0044489295276354257,0.42915526613590016,0.3953890144793647,0.41073565604028889,0.50563521413632095,0.45399780009544283,0.4317630829124896,0.076479948000420794,0.05860878561607813,0.021027426872200716
14020000,0.35535822200439798,S4,0.01024336971410833,0.019538561072211524,0.014005676426626756,0.011925999781083663,0.46195787177821757,0.34765168818703496,0.33380608167333703,0.54824274786669314,0.47441427440345946,0.41604590631998334,0.086284876088475571,0.1267625862164245,0.082239824646646309
14096850,0.24475022849623401,S3,0.091528456882307818,0.088777857521634918,0.01967926403593323,0.075087173489610137,0.54614236959438767,0.50977930353632384,0.47881590239417865,0.54348941376947124,0.51067254554976571,0.57735913032130404,-0.0026529558249164253,0.00089324201344187504,0.098543227927125387
14137000,0.324496374801996,S4,0.0031224641404470344,0.012140110561583484,0.0056224669953945927,0.013326323007222807,0.40132685350086139,0.25548128273285253,0.22799653425972027,0.55178315622509078,0.49435478109547315,0.49566202351918165,0.15045630272422938,0.23887349836262062,0.26766548925946138
14138800,0.31726621214989698,S4,0.0070122277658928311,0.0091906389002875954,0.0018306130614450522,0.0029429519818489069,0.46896921296501259,0.41164100328380804,0.37022794875562876,0.48988582610455611,0.46520905948040503,0.45307149105402411,0.020916613139543516,0.053568056196596991,0.082843542298395356
14138870,0.22904935546692701,S3,0.0056428365943314018,0.0063573936460004088,0.0080186080358402023,0.0046597813048550041,0.39655810946262771,0.29927339953598636,0.29380761872897837,0.46160614184860405,0.44187031066731652,0.38578868479871237,0.06504803238597634,0.14259691113133016,0.091981066069733997
14138900,0.221358389006793,S3,0.0034615565790048208,0.0042577212331472714,0.0030936874612523813,0.0029038776592591464,0.44909278487129134,0.32493242395603722,0.28171689080594298,0.53466060622253897,0.50128416319833879,0.47118069426519998,0.08556782135124763,0.17635173924230158,0.18946380345925701
14139800,0.18319795566369801,S3,0.0073676935960251821,0.010619232371594678,0.0089876367896155607,0.0084019932705227118,0.44904800740743422,0.42286644336807633,0.4622602070216591,0.46772814532143819,0.49257056395017107,0.47655371487344311,0.018680137914003969,0.069704120582094742,0.014293507851784015
14141500,0.142882264769743,S2,0.0042484321288042137,0.0070236674523505016,0.0033667142207731704,0.0033082277398543969,0.42038342665358697,0.46366967557248157,0.35040193846404083,0.50592567099304531,0.46396484099810825,0.50539563055997994,0.08554224433945834,0.00029516542562668668,0.15499369209593911
14154500,0.135550710091939,S2,0.0098283165541194206,0.01422793446571502,0.0067002084124516692,0.010404026523076704,0.42887376229114044,0.38151518601743173,0.36657637659215159,0.46398107794313864,0.39696630720263265,0.36574549372897563,0.035107315651998205,0.015451121185200922,-0.00083088286317595239
14158790,0.36505663037712699,S4,0.0026426932065285458,0.011770368964230782,0.0057197885734026066,0.0084621155831329231,0.39536328698212481,0.29817416135433761,0.24502316581010564,0.45548423873415539,0.40376672179139028,0.37664927526066944,0.060120951752030583,0.10559256043705267,0.1316261094505638
14166500,0.0106763012784076,S1,0.0086559785598055994,0.01071964946048809,0.011219738434755544,0.01122131710025287,0.48189698695250327,0.37765356509617309,0.3440958568019194,0.45550151800942829,0.38087240964609342,0.26791002540279907,-0.026395468943074984,0.00321884454992033,-0.07618583139912033
14182500,0.146759311242181,S2,0.0061593813764257987,0.018598599494373591,0.0063758815201829799,0.0050400979405137436,0.46969554840798106,0.35589033787090207,0.28631166722356166,0.47807156884523688,0.35190712100651511,0.22402096918543685,0.0083760204372558267,-0.0039832168643869625,-0.062290698038124814
14185000,0.17810725228455401,S3,0.014980561211239696,0.01401465327551743,0.0030399499913783545,0.0067672382537199427,0.40501848410070629,0.34439294948943555,0.30924423568726989,0.43887600109875435,0.39871388169368643,0.30359620772051277,0.033857516998048065,0.054320932204250882,-0.0056480279667571187
14185900,0.187297518505713,S3,0.0087161317310258113,0.0075848327969519902,0.0087892432348620764,0.012755212194721977,0.51071348217116574,0.45402305155655492,0.31758392171808347,0.50838271738231999,0.41067340332255758,0.32319911874289009,-0.0023307647888457517,-0.04334964823399734,0.0056151970248066174
14187000,0.089519417393842393,S2,0.0026835218207196254,0.0042642726717526669,0.0034756872242949211,0.0033638977703674966,0.42487190730034385,0.3263094412399099,0.24865652415315131,0.43506792539605665,0.36424289269899252,0.27309668027694545,0.0101960180957128,0.037933451459082612,0.024440156123794132
14216500,0.29581618375783397,S3,0.0094041171626816356,0.01724861693341595,0.0049756986269080539,0.0057167859328545179,0.36664741465252937,0.31237149658642593,0.29387812965241128,0.3603060542786426,0.30536463121957697,0.3093643065969674,-0.006341360373886773,-0.0070068653668489689,0.015486176944556118
14222500,0.090027424119485194,S2,0.001217705421714399,0.0026669255436239103,0.0033384921820721614,0.0026644993388478255,0.34390967095744229,0.2852973683728342,0.28931346047562828,0.43649689805260994,0.3937550381183082,0.38154378712986237,0.092587227095167646,0.10845766974547399,0.092230326654234085
14236200,0.11471395531314001,S2,0.0078787232094764681,0.015749349264684742,0.020370852685018037,0.01845390578950179,0.42860478766623827,0.23604435685925981,0.18987318031239742,0.4487637794669056,0.21152343956399344,0.20046298858289083,0.020158991800667325,-0.02452091729526637,0.010589808270493412
14301000,0.032479890320677503,S1,0.0097237903709889162,0.010374551301373214,0.0039504721987573266,0.0075553501573970561,0.42564503555613004,0.30674740298827097,0.31131517909064288,0.46139284451137519,0.3274083729719558,0.24634132258634045,0.035747808955245153,0.020660969983684829,-0.06497385650430243
14303200,0.088754104072908999,S2,0.0066091964014326487,0.0096485004557022025,0.0050059887653894908,0.0045460694507025723,0.46439300808160311,0.36277686513117902,0.40330322249371769,0.44357666786255456,0.35558384124640774,0.32863431711080765,-0.020816340219048546,-0.0071930238847712769,-0.074668905382910045
14305500,0.025741427784791101,S1,0.0079394916390563841,0.01559448608669356,0.014987981739555067,0.012493496737213783,0.41534708847518259,0.3033723526438763,0.26919563706048483,0.41830795269283433,0.29372849797627665,0.27144164834324741,0.0029608642176517375,-0.0096438546675996495,0.0022460112827625833
14306340,0.069380414643118699,S2,0.0018107951287265056,0.0055350722100205862,0.0023318982457761761,0.0054097283027750853,0.44168965897902535,0.33961001420040432,0.27928632008824833,0.47231148658974437,0.36817260001613622,0.31854182888460647,0.030621827610719021,0.0285625858157319,0.039255508796358141
14306500,0.020298270612253401,S1,0.0038568652101409473,0.010485793116135955,0.010148693884954985,0.012128393949584426,0.44660739185003201,0.35746380422284385,0.34147719562263401,0.44616826903028306,0.29901984673295334,0.40044704153795913,-0.0004391228197489494,-0.058443957489890508,0.058969845915325114
14308990,0.13582551553997099,S2,0.027926584135426036,0.023776503957474771,0.042329078940509191,0.033596552839124438,0.49818599116976225,0.47996743792136043,0.47829211141635192,0.50126479417313397,0.49209954688233415,0.47989253164761775,0.0030788030033717106,0.01213210896097372,0.0016004202312658311
14309500,0.061255369170982697,S2,0.0038916894727527573,0.0082355850335011915,0.014181874131146688,0.013733726167494575,0.4741279198015641,0.39058669894569842,0.31890047832811169,0.46334069768664066,0.37877711886697302,0.32963730529502289,-0.010787222114923445,-0.011809580078725401,0.010736826966911195
14316700,0.17633658074200501,S3,0.0044705684949724045,0.0063480106779605361,0.0090217136736434611,0.015058994878582976,0.45339696882481362,0.3340354604433049,0.30156854566464802,0.47010283682858595,0.38142449357416952,0.32324607506971575,0.016705868003772328,0.047389033130864622,0.02167752940506773
14325000,0.0302033920558714,S1,0.0044100634675762196,0.0064265329207432442,0.0061662058666107633,0.016883260490583862,0.47443850586297354,0.42971526776135494,0.29563092913424066,0.45593484668471174,0.41283778796214693,0.38314353153909475,-0.0185036591782618,-0.016877479799208006,0.08751260240485409
14362250,0.141500009350329,S2,0.037287247926138023,0.028910592157754711,0.039902048906521714,0.05901555489480903,0.54179685923412757,0.53885948525453453,0.44222500683498955,0.53442632030049486,0.53634816930413654,0.47304952730705185,-0.0073705389336327087,-0.0025113159503979965,0.0308245204720623
14400000,0.0243303906906382,S1,0.00044945143023933376,0.0038572848609578214,0.0062885692944182336,0.0065229591234535755,0.31516705483219454,0.16464908911073312,0.17974771875213061,0.36765049582063786,0.092074030066575385,0.092074030066575385,0.05248344098844332,-0.07257505904415773,-0.087673688685555223
